ISO-10303-21;
HEADER;
/* Generated by software containing ST-Developer
 * from STEP Tools, Inc. (www.steptools.com) 
 */

FILE_DESCRIPTION(
/* description */ (''),
/* implementation_level */ '2;1');

FILE_NAME(
/* name */ 'Landing gear.step',
/* time_stamp */ '2026-03-31T17:31:07+02:00',
/* author */ (''),
/* organization */ (''),
/* preprocessor_version */ 'ST-DEVELOPER v20.1',
/* originating_system */ 'Autodesk Translation Framework v14.24.0.0',
/* authorisation */ '');

FILE_SCHEMA (('AUTOMOTIVE_DESIGN { 1 0 10303 214 3 1 1 }'));
ENDSEC;

DATA;
#10=MECHANICAL_DESIGN_GEOMETRIC_PRESENTATION_REPRESENTATION('',(#13),#19138);
#11=SHAPE_REPRESENTATION_RELATIONSHIP('SRR','None',#19145,#12);
#12=ADVANCED_BREP_SHAPE_REPRESENTATION('',(#14),#19137);
#13=STYLED_ITEM('',(#19154),#14);
#14=MANIFOLD_SOLID_BREP('Body14',#11948);
#15=SPHERICAL_SURFACE('',#12010,2.);
#16=SPHERICAL_SURFACE('',#12018,2.);
#17=SPHERICAL_SURFACE('',#12073,2.);
#18=B_SPLINE_CURVE_WITH_KNOTS('',3,(#15893,#15894,#15895,#15896,#15897,
#15898,#15899,#15900,#15901,#15902,#15903,#15904,#15905,#15906,#15907,#15908,
#15909,#15910,#15911,#15912,#15913,#15914,#15915,#15916,#15917,#15918,#15919,
#15920,#15921,#15922,#15923,#15924,#15925,#15926,#15927,#15928,#15929,#15930,
#15931,#15932,#15933,#15934,#15935),.UNSPECIFIED.,.F.,.F.,(4,3,3,3,3,3,
3,3,3,3,3,3,3,3,4),(0.,0.11185509777409,0.223706492846582,0.335554458959892,
0.447399269768041,0.559241198843523,0.671080519684408,0.783545994080348,
0.895401219434474,1.00724929484815,1.11909131500541,1.23201956496704,1.3438677684667,
1.45733604165932,1.57080431485193),.UNSPECIFIED.);
#19=FACE_BOUND('',#4472,.T.);
#20=FACE_BOUND('',#4481,.T.);
#21=FACE_BOUND('',#4485,.T.);
#22=FACE_BOUND('',#4521,.T.);
#23=FACE_BOUND('',#4542,.T.);
#24=FACE_BOUND('',#4543,.T.);
#25=FACE_BOUND('',#4544,.T.);
#26=FACE_BOUND('',#4545,.T.);
#27=FACE_BOUND('',#4546,.T.);
#28=FACE_BOUND('',#4547,.T.);
#29=FACE_BOUND('',#4548,.T.);
#30=FACE_BOUND('',#4549,.T.);
#31=FACE_BOUND('',#4550,.T.);
#32=FACE_BOUND('',#4551,.T.);
#33=FACE_BOUND('',#4552,.T.);
#34=FACE_BOUND('',#4553,.T.);
#35=FACE_BOUND('',#4554,.T.);
#36=FACE_BOUND('',#4555,.T.);
#37=FACE_BOUND('',#4556,.T.);
#38=FACE_BOUND('',#4557,.T.);
#39=FACE_BOUND('',#4558,.T.);
#40=FACE_BOUND('',#4559,.T.);
#41=FACE_BOUND('',#4560,.T.);
#42=FACE_BOUND('',#4561,.T.);
#43=FACE_BOUND('',#4562,.T.);
#44=FACE_BOUND('',#4563,.T.);
#45=FACE_BOUND('',#4564,.T.);
#46=FACE_BOUND('',#4565,.T.);
#47=FACE_BOUND('',#4566,.T.);
#48=FACE_BOUND('',#4567,.T.);
#49=FACE_BOUND('',#4568,.T.);
#50=FACE_BOUND('',#4569,.T.);
#51=FACE_BOUND('',#4570,.T.);
#52=FACE_BOUND('',#4571,.T.);
#53=FACE_BOUND('',#4572,.T.);
#54=FACE_BOUND('',#4573,.T.);
#55=FACE_BOUND('',#4574,.T.);
#56=FACE_BOUND('',#4575,.T.);
#57=FACE_BOUND('',#4576,.T.);
#58=FACE_BOUND('',#4577,.T.);
#59=FACE_BOUND('',#4578,.T.);
#60=FACE_BOUND('',#4579,.T.);
#61=FACE_BOUND('',#4580,.T.);
#62=FACE_BOUND('',#4581,.T.);
#63=FACE_BOUND('',#4582,.T.);
#64=FACE_BOUND('',#4583,.T.);
#65=FACE_BOUND('',#4584,.T.);
#66=FACE_BOUND('',#4585,.T.);
#67=FACE_BOUND('',#4586,.T.);
#68=FACE_BOUND('',#4587,.T.);
#69=FACE_BOUND('',#4588,.T.);
#70=FACE_BOUND('',#4589,.T.);
#71=FACE_BOUND('',#4590,.T.);
#72=FACE_BOUND('',#4591,.T.);
#73=FACE_BOUND('',#4592,.T.);
#74=FACE_BOUND('',#4593,.T.);
#75=FACE_BOUND('',#4594,.T.);
#76=FACE_BOUND('',#4595,.T.);
#77=FACE_BOUND('',#4596,.T.);
#78=FACE_BOUND('',#4597,.T.);
#79=FACE_BOUND('',#4598,.T.);
#80=FACE_BOUND('',#4599,.T.);
#81=FACE_BOUND('',#4600,.T.);
#82=FACE_BOUND('',#4601,.T.);
#83=FACE_BOUND('',#4602,.T.);
#84=FACE_BOUND('',#4603,.T.);
#85=FACE_BOUND('',#4604,.T.);
#86=FACE_BOUND('',#4605,.T.);
#87=FACE_BOUND('',#4606,.T.);
#88=FACE_BOUND('',#4607,.T.);
#89=FACE_BOUND('',#4608,.T.);
#90=FACE_BOUND('',#4609,.T.);
#91=FACE_BOUND('',#4610,.T.);
#92=FACE_BOUND('',#4611,.T.);
#93=FACE_BOUND('',#4612,.T.);
#94=FACE_BOUND('',#4613,.T.);
#95=FACE_BOUND('',#4614,.T.);
#96=FACE_BOUND('',#4615,.T.);
#97=FACE_BOUND('',#4616,.T.);
#98=FACE_BOUND('',#4617,.T.);
#99=FACE_BOUND('',#4618,.T.);
#100=FACE_BOUND('',#4619,.T.);
#101=FACE_BOUND('',#4628,.T.);
#102=FACE_BOUND('',#4629,.T.);
#103=FACE_BOUND('',#4630,.T.);
#104=FACE_BOUND('',#4631,.T.);
#105=FACE_BOUND('',#4632,.T.);
#106=FACE_BOUND('',#4633,.T.);
#107=FACE_BOUND('',#4634,.T.);
#108=FACE_BOUND('',#4635,.T.);
#109=FACE_BOUND('',#4636,.T.);
#110=FACE_BOUND('',#4637,.T.);
#111=FACE_BOUND('',#4638,.T.);
#112=FACE_BOUND('',#4639,.T.);
#113=FACE_BOUND('',#4640,.T.);
#114=FACE_BOUND('',#4641,.T.);
#115=FACE_BOUND('',#4642,.T.);
#116=FACE_BOUND('',#4643,.T.);
#117=FACE_BOUND('',#4644,.T.);
#118=FACE_BOUND('',#4645,.T.);
#119=FACE_BOUND('',#4646,.T.);
#120=FACE_BOUND('',#4647,.T.);
#121=FACE_BOUND('',#4648,.T.);
#122=FACE_BOUND('',#4649,.T.);
#123=FACE_BOUND('',#4650,.T.);
#124=FACE_BOUND('',#4651,.T.);
#125=FACE_BOUND('',#4652,.T.);
#126=FACE_BOUND('',#4653,.T.);
#127=FACE_BOUND('',#4654,.T.);
#128=FACE_BOUND('',#4655,.T.);
#129=FACE_BOUND('',#4656,.T.);
#130=FACE_BOUND('',#4657,.T.);
#131=FACE_BOUND('',#4658,.T.);
#132=FACE_BOUND('',#4659,.T.);
#133=FACE_BOUND('',#4660,.T.);
#134=FACE_BOUND('',#4661,.T.);
#135=FACE_BOUND('',#4662,.T.);
#136=FACE_BOUND('',#4663,.T.);
#137=FACE_BOUND('',#4664,.T.);
#138=FACE_BOUND('',#4665,.T.);
#139=FACE_BOUND('',#4666,.T.);
#140=FACE_BOUND('',#4667,.T.);
#141=FACE_BOUND('',#4668,.T.);
#142=FACE_BOUND('',#4669,.T.);
#143=FACE_BOUND('',#4670,.T.);
#144=FACE_BOUND('',#4671,.T.);
#145=FACE_BOUND('',#4672,.T.);
#146=FACE_BOUND('',#4673,.T.);
#147=FACE_BOUND('',#4674,.T.);
#148=FACE_BOUND('',#4675,.T.);
#149=FACE_BOUND('',#4676,.T.);
#150=FACE_BOUND('',#4677,.T.);
#151=FACE_BOUND('',#4678,.T.);
#152=FACE_BOUND('',#4679,.T.);
#153=FACE_BOUND('',#4680,.T.);
#154=FACE_BOUND('',#4681,.T.);
#155=FACE_BOUND('',#4682,.T.);
#156=FACE_BOUND('',#4683,.T.);
#157=FACE_BOUND('',#4684,.T.);
#158=FACE_BOUND('',#4685,.T.);
#159=FACE_BOUND('',#4686,.T.);
#160=FACE_BOUND('',#4687,.T.);
#161=FACE_BOUND('',#4688,.T.);
#162=FACE_BOUND('',#4689,.T.);
#163=FACE_BOUND('',#4690,.T.);
#164=FACE_BOUND('',#4691,.T.);
#165=FACE_BOUND('',#4692,.T.);
#166=FACE_BOUND('',#4693,.T.);
#167=FACE_BOUND('',#4694,.T.);
#168=FACE_BOUND('',#4695,.T.);
#169=FACE_BOUND('',#4696,.T.);
#170=FACE_BOUND('',#4697,.T.);
#171=FACE_BOUND('',#4698,.T.);
#172=FACE_BOUND('',#4699,.T.);
#173=FACE_BOUND('',#4700,.T.);
#174=FACE_BOUND('',#4701,.T.);
#175=FACE_BOUND('',#4702,.T.);
#176=FACE_BOUND('',#4703,.T.);
#177=FACE_BOUND('',#4704,.T.);
#178=FACE_BOUND('',#4705,.T.);
#179=PLANE('',#11969);
#180=PLANE('',#11980);
#181=PLANE('',#11998);
#182=PLANE('',#12000);
#183=PLANE('',#12001);
#184=PLANE('',#12005);
#185=PLANE('',#12020);
#186=PLANE('',#12023);
#187=PLANE('',#12024);
#188=PLANE('',#12028);
#189=PLANE('',#12032);
#190=PLANE('',#12033);
#191=PLANE('',#12039);
#192=PLANE('',#12042);
#193=PLANE('',#12048);
#194=PLANE('',#12049);
#195=PLANE('',#12055);
#196=PLANE('',#12063);
#197=PLANE('',#12079);
#198=PLANE('',#12086);
#199=PLANE('',#12090);
#200=PLANE('',#12095);
#201=PLANE('',#12104);
#202=PLANE('',#12117);
#203=PLANE('',#12118);
#204=PLANE('',#12122);
#205=PLANE('',#12133);
#206=PLANE('',#12137);
#207=PLANE('',#12139);
#208=PLANE('',#12142);
#209=PLANE('',#12147);
#210=PLANE('',#12148);
#211=PLANE('',#12149);
#212=PLANE('',#12150);
#213=PLANE('',#12151);
#214=PLANE('',#12152);
#215=PLANE('',#12153);
#216=PLANE('',#12154);
#217=PLANE('',#12155);
#218=PLANE('',#12156);
#219=PLANE('',#12157);
#220=PLANE('',#12158);
#221=PLANE('',#12159);
#222=PLANE('',#12160);
#223=PLANE('',#12161);
#224=PLANE('',#12162);
#225=PLANE('',#12163);
#226=PLANE('',#12164);
#227=PLANE('',#12165);
#228=PLANE('',#12166);
#229=PLANE('',#12167);
#230=PLANE('',#12168);
#231=PLANE('',#12169);
#232=PLANE('',#12170);
#233=PLANE('',#12171);
#234=PLANE('',#12172);
#235=PLANE('',#12173);
#236=PLANE('',#12174);
#237=PLANE('',#12175);
#238=PLANE('',#12176);
#239=PLANE('',#12177);
#240=PLANE('',#12178);
#241=PLANE('',#12179);
#242=PLANE('',#12180);
#243=PLANE('',#12181);
#244=PLANE('',#12182);
#245=PLANE('',#12183);
#246=PLANE('',#12184);
#247=PLANE('',#12185);
#248=PLANE('',#12186);
#249=PLANE('',#12187);
#250=PLANE('',#12188);
#251=PLANE('',#12189);
#252=PLANE('',#12190);
#253=PLANE('',#12191);
#254=PLANE('',#12192);
#255=PLANE('',#12193);
#256=PLANE('',#12194);
#257=PLANE('',#12195);
#258=PLANE('',#12196);
#259=PLANE('',#12197);
#260=PLANE('',#12198);
#261=PLANE('',#12199);
#262=PLANE('',#12200);
#263=PLANE('',#12201);
#264=PLANE('',#12202);
#265=PLANE('',#12203);
#266=PLANE('',#12204);
#267=PLANE('',#12205);
#268=PLANE('',#12206);
#269=PLANE('',#12207);
#270=PLANE('',#12208);
#271=PLANE('',#12209);
#272=PLANE('',#12210);
#273=PLANE('',#12211);
#274=PLANE('',#12212);
#275=PLANE('',#12213);
#276=PLANE('',#12214);
#277=PLANE('',#12215);
#278=PLANE('',#12216);
#279=PLANE('',#12217);
#280=PLANE('',#12218);
#281=PLANE('',#12219);
#282=PLANE('',#12220);
#283=PLANE('',#12221);
#284=PLANE('',#12222);
#285=PLANE('',#12223);
#286=PLANE('',#12224);
#287=PLANE('',#12225);
#288=PLANE('',#12226);
#289=PLANE('',#12227);
#290=PLANE('',#12228);
#291=PLANE('',#12229);
#292=PLANE('',#12230);
#293=PLANE('',#12231);
#294=PLANE('',#12232);
#295=PLANE('',#12233);
#296=PLANE('',#12234);
#297=PLANE('',#12235);
#298=PLANE('',#12236);
#299=PLANE('',#12237);
#300=PLANE('',#12238);
#301=PLANE('',#12239);
#302=PLANE('',#12240);
#303=PLANE('',#12241);
#304=PLANE('',#12242);
#305=PLANE('',#12243);
#306=PLANE('',#12244);
#307=PLANE('',#12245);
#308=PLANE('',#12246);
#309=PLANE('',#12247);
#310=PLANE('',#12248);
#311=PLANE('',#12249);
#312=PLANE('',#12250);
#313=PLANE('',#12251);
#314=PLANE('',#12252);
#315=PLANE('',#12253);
#316=PLANE('',#12254);
#317=PLANE('',#12255);
#318=PLANE('',#12256);
#319=PLANE('',#12257);
#320=PLANE('',#12258);
#321=PLANE('',#12259);
#322=PLANE('',#12260);
#323=PLANE('',#12261);
#324=PLANE('',#12262);
#325=PLANE('',#12263);
#326=PLANE('',#12264);
#327=PLANE('',#12265);
#328=PLANE('',#12266);
#329=PLANE('',#12267);
#330=PLANE('',#12268);
#331=PLANE('',#12269);
#332=PLANE('',#12270);
#333=PLANE('',#12271);
#334=PLANE('',#12272);
#335=PLANE('',#12273);
#336=PLANE('',#12274);
#337=PLANE('',#12275);
#338=PLANE('',#12276);
#339=PLANE('',#12277);
#340=PLANE('',#12278);
#341=PLANE('',#12279);
#342=PLANE('',#12280);
#343=PLANE('',#12281);
#344=PLANE('',#12282);
#345=PLANE('',#12283);
#346=PLANE('',#12284);
#347=PLANE('',#12285);
#348=PLANE('',#12286);
#349=PLANE('',#12287);
#350=PLANE('',#12288);
#351=PLANE('',#12289);
#352=PLANE('',#12290);
#353=PLANE('',#12291);
#354=PLANE('',#12292);
#355=PLANE('',#12293);
#356=PLANE('',#12294);
#357=PLANE('',#12295);
#358=PLANE('',#12296);
#359=PLANE('',#12297);
#360=PLANE('',#12298);
#361=PLANE('',#12299);
#362=PLANE('',#12300);
#363=PLANE('',#12301);
#364=PLANE('',#12302);
#365=PLANE('',#12303);
#366=PLANE('',#12304);
#367=PLANE('',#12305);
#368=PLANE('',#12306);
#369=PLANE('',#12307);
#370=PLANE('',#12308);
#371=PLANE('',#12309);
#372=PLANE('',#12310);
#373=PLANE('',#12311);
#374=PLANE('',#12312);
#375=PLANE('',#12313);
#376=PLANE('',#12314);
#377=PLANE('',#12315);
#378=PLANE('',#12316);
#379=PLANE('',#12317);
#380=PLANE('',#12318);
#381=PLANE('',#12319);
#382=PLANE('',#12320);
#383=PLANE('',#12321);
#384=PLANE('',#12322);
#385=PLANE('',#12323);
#386=PLANE('',#12324);
#387=PLANE('',#12325);
#388=PLANE('',#12326);
#389=PLANE('',#12327);
#390=PLANE('',#12328);
#391=PLANE('',#12329);
#392=PLANE('',#12330);
#393=PLANE('',#12331);
#394=PLANE('',#12332);
#395=PLANE('',#12333);
#396=PLANE('',#12334);
#397=PLANE('',#12335);
#398=PLANE('',#12336);
#399=PLANE('',#12337);
#400=PLANE('',#12338);
#401=PLANE('',#12339);
#402=PLANE('',#12340);
#403=PLANE('',#12341);
#404=PLANE('',#12342);
#405=PLANE('',#12343);
#406=PLANE('',#12344);
#407=PLANE('',#12345);
#408=PLANE('',#12346);
#409=PLANE('',#12347);
#410=PLANE('',#12348);
#411=PLANE('',#12349);
#412=PLANE('',#12350);
#413=PLANE('',#12351);
#414=PLANE('',#12352);
#415=PLANE('',#12353);
#416=PLANE('',#12354);
#417=PLANE('',#12355);
#418=PLANE('',#12356);
#419=PLANE('',#12357);
#420=PLANE('',#12358);
#421=PLANE('',#12359);
#422=PLANE('',#12360);
#423=PLANE('',#12361);
#424=PLANE('',#12362);
#425=PLANE('',#12363);
#426=PLANE('',#12364);
#427=PLANE('',#12365);
#428=PLANE('',#12366);
#429=PLANE('',#12367);
#430=PLANE('',#12368);
#431=PLANE('',#12369);
#432=PLANE('',#12370);
#433=PLANE('',#12371);
#434=PLANE('',#12372);
#435=PLANE('',#12373);
#436=PLANE('',#12374);
#437=PLANE('',#12375);
#438=PLANE('',#12376);
#439=PLANE('',#12377);
#440=PLANE('',#12378);
#441=PLANE('',#12379);
#442=PLANE('',#12380);
#443=PLANE('',#12381);
#444=PLANE('',#12382);
#445=PLANE('',#12383);
#446=PLANE('',#12384);
#447=PLANE('',#12385);
#448=PLANE('',#12386);
#449=PLANE('',#12387);
#450=PLANE('',#12388);
#451=PLANE('',#12389);
#452=PLANE('',#12390);
#453=PLANE('',#12391);
#454=PLANE('',#12392);
#455=PLANE('',#12393);
#456=PLANE('',#12394);
#457=PLANE('',#12395);
#458=PLANE('',#12396);
#459=PLANE('',#12397);
#460=PLANE('',#12398);
#461=PLANE('',#12399);
#462=PLANE('',#12400);
#463=PLANE('',#12401);
#464=PLANE('',#12402);
#465=PLANE('',#12403);
#466=PLANE('',#12404);
#467=PLANE('',#12405);
#468=PLANE('',#12406);
#469=PLANE('',#12407);
#470=PLANE('',#12408);
#471=PLANE('',#12409);
#472=PLANE('',#12410);
#473=PLANE('',#12411);
#474=PLANE('',#12412);
#475=PLANE('',#12413);
#476=PLANE('',#12414);
#477=PLANE('',#12415);
#478=PLANE('',#12416);
#479=PLANE('',#12417);
#480=PLANE('',#12418);
#481=PLANE('',#12419);
#482=PLANE('',#12420);
#483=PLANE('',#12421);
#484=PLANE('',#12422);
#485=PLANE('',#12423);
#486=PLANE('',#12424);
#487=PLANE('',#12425);
#488=PLANE('',#12426);
#489=PLANE('',#12427);
#490=PLANE('',#12428);
#491=PLANE('',#12429);
#492=PLANE('',#12430);
#493=PLANE('',#12431);
#494=PLANE('',#12432);
#495=PLANE('',#12433);
#496=PLANE('',#12434);
#497=PLANE('',#12435);
#498=PLANE('',#12436);
#499=PLANE('',#12437);
#500=PLANE('',#12438);
#501=PLANE('',#12439);
#502=PLANE('',#12440);
#503=PLANE('',#12441);
#504=PLANE('',#12442);
#505=PLANE('',#12443);
#506=PLANE('',#12444);
#507=PLANE('',#12445);
#508=PLANE('',#12446);
#509=PLANE('',#12447);
#510=PLANE('',#12448);
#511=PLANE('',#12449);
#512=PLANE('',#12450);
#513=PLANE('',#12451);
#514=PLANE('',#12452);
#515=PLANE('',#12453);
#516=PLANE('',#12454);
#517=PLANE('',#12455);
#518=PLANE('',#12456);
#519=PLANE('',#12457);
#520=PLANE('',#12458);
#521=PLANE('',#12459);
#522=PLANE('',#12460);
#523=PLANE('',#12461);
#524=PLANE('',#12462);
#525=PLANE('',#12463);
#526=PLANE('',#12464);
#527=PLANE('',#12465);
#528=PLANE('',#12466);
#529=PLANE('',#12467);
#530=PLANE('',#12468);
#531=PLANE('',#12469);
#532=PLANE('',#12470);
#533=PLANE('',#12471);
#534=PLANE('',#12472);
#535=PLANE('',#12473);
#536=PLANE('',#12474);
#537=PLANE('',#12475);
#538=PLANE('',#12476);
#539=PLANE('',#12477);
#540=PLANE('',#12478);
#541=PLANE('',#12479);
#542=PLANE('',#12480);
#543=PLANE('',#12481);
#544=PLANE('',#12482);
#545=PLANE('',#12483);
#546=PLANE('',#12484);
#547=PLANE('',#12485);
#548=PLANE('',#12486);
#549=PLANE('',#12487);
#550=PLANE('',#12488);
#551=PLANE('',#12489);
#552=PLANE('',#12490);
#553=PLANE('',#12491);
#554=PLANE('',#12492);
#555=PLANE('',#12493);
#556=PLANE('',#12494);
#557=PLANE('',#12495);
#558=PLANE('',#12496);
#559=PLANE('',#12497);
#560=PLANE('',#12498);
#561=PLANE('',#12499);
#562=PLANE('',#12500);
#563=PLANE('',#12501);
#564=PLANE('',#12502);
#565=PLANE('',#12503);
#566=PLANE('',#12504);
#567=PLANE('',#12505);
#568=PLANE('',#12506);
#569=PLANE('',#12507);
#570=PLANE('',#12508);
#571=PLANE('',#12509);
#572=PLANE('',#12510);
#573=PLANE('',#12511);
#574=PLANE('',#12512);
#575=PLANE('',#12513);
#576=PLANE('',#12514);
#577=PLANE('',#12515);
#578=PLANE('',#12516);
#579=PLANE('',#12517);
#580=PLANE('',#12518);
#581=PLANE('',#12519);
#582=PLANE('',#12520);
#583=PLANE('',#12521);
#584=PLANE('',#12522);
#585=PLANE('',#12523);
#586=PLANE('',#12524);
#587=PLANE('',#12525);
#588=PLANE('',#12526);
#589=PLANE('',#12527);
#590=PLANE('',#12528);
#591=PLANE('',#12529);
#592=PLANE('',#12530);
#593=PLANE('',#12531);
#594=PLANE('',#12532);
#595=PLANE('',#12533);
#596=PLANE('',#12534);
#597=PLANE('',#12535);
#598=PLANE('',#12536);
#599=PLANE('',#12537);
#600=PLANE('',#12538);
#601=PLANE('',#12539);
#602=PLANE('',#12540);
#603=PLANE('',#12541);
#604=PLANE('',#12542);
#605=PLANE('',#12543);
#606=PLANE('',#12544);
#607=PLANE('',#12545);
#608=PLANE('',#12546);
#609=PLANE('',#12547);
#610=PLANE('',#12548);
#611=PLANE('',#12549);
#612=PLANE('',#12550);
#613=PLANE('',#12551);
#614=PLANE('',#12552);
#615=PLANE('',#12553);
#616=PLANE('',#12554);
#617=PLANE('',#12555);
#618=PLANE('',#12556);
#619=PLANE('',#12557);
#620=PLANE('',#12558);
#621=PLANE('',#12559);
#622=PLANE('',#12560);
#623=PLANE('',#12561);
#624=PLANE('',#12562);
#625=PLANE('',#12563);
#626=PLANE('',#12564);
#627=PLANE('',#12565);
#628=PLANE('',#12566);
#629=PLANE('',#12567);
#630=PLANE('',#12568);
#631=PLANE('',#12569);
#632=PLANE('',#12570);
#633=PLANE('',#12571);
#634=PLANE('',#12572);
#635=PLANE('',#12573);
#636=PLANE('',#12574);
#637=PLANE('',#12575);
#638=PLANE('',#12576);
#639=PLANE('',#12577);
#640=PLANE('',#12578);
#641=PLANE('',#12579);
#642=PLANE('',#12580);
#643=PLANE('',#12581);
#644=PLANE('',#12582);
#645=PLANE('',#12583);
#646=PLANE('',#12584);
#647=PLANE('',#12585);
#648=PLANE('',#12586);
#649=PLANE('',#12587);
#650=PLANE('',#12588);
#651=PLANE('',#12589);
#652=PLANE('',#12590);
#653=PLANE('',#12591);
#654=PLANE('',#12592);
#655=PLANE('',#12593);
#656=PLANE('',#12594);
#657=PLANE('',#12595);
#658=PLANE('',#12596);
#659=PLANE('',#12597);
#660=PLANE('',#12598);
#661=PLANE('',#12599);
#662=PLANE('',#12600);
#663=PLANE('',#12601);
#664=PLANE('',#12602);
#665=PLANE('',#12603);
#666=PLANE('',#12604);
#667=PLANE('',#12605);
#668=PLANE('',#12606);
#669=PLANE('',#12607);
#670=PLANE('',#12608);
#671=PLANE('',#12609);
#672=PLANE('',#12610);
#673=PLANE('',#12611);
#674=PLANE('',#12612);
#675=PLANE('',#12613);
#676=PLANE('',#12614);
#677=PLANE('',#12615);
#678=PLANE('',#12616);
#679=PLANE('',#12617);
#680=PLANE('',#12618);
#681=PLANE('',#12619);
#682=LINE('',#15547,#2252);
#683=LINE('',#15550,#2253);
#684=LINE('',#15591,#2254);
#685=LINE('',#15593,#2255);
#686=LINE('',#15594,#2256);
#687=LINE('',#15597,#2257);
#688=LINE('',#15601,#2258);
#689=LINE('',#15604,#2259);
#690=LINE('',#15640,#2260);
#691=LINE('',#15643,#2261);
#692=LINE('',#15683,#2262);
#693=LINE('',#15686,#2263);
#694=LINE('',#15689,#2264);
#695=LINE('',#15733,#2265);
#696=LINE('',#15771,#2266);
#697=LINE('',#15774,#2267);
#698=LINE('',#15777,#2268);
#699=LINE('',#15813,#2269);
#700=LINE('',#15815,#2270);
#701=LINE('',#15848,#2271);
#702=LINE('',#15849,#2272);
#703=LINE('',#15852,#2273);
#704=LINE('',#15853,#2274);
#705=LINE('',#15858,#2275);
#706=LINE('',#15860,#2276);
#707=LINE('',#15862,#2277);
#708=LINE('',#15863,#2278);
#709=LINE('',#15869,#2279);
#710=LINE('',#15872,#2280);
#711=LINE('',#15875,#2281);
#712=LINE('',#15877,#2282);
#713=LINE('',#15879,#2283);
#714=LINE('',#15883,#2284);
#715=LINE('',#15887,#2285);
#716=LINE('',#15889,#2286);
#717=LINE('',#15890,#2287);
#718=LINE('',#15937,#2288);
#719=LINE('',#15945,#2289);
#720=LINE('',#15948,#2290);
#721=LINE('',#15954,#2291);
#722=LINE('',#15956,#2292);
#723=LINE('',#15961,#2293);
#724=LINE('',#15963,#2294);
#725=LINE('',#15965,#2295);
#726=LINE('',#15967,#2296);
#727=LINE('',#15969,#2297);
#728=LINE('',#15971,#2298);
#729=LINE('',#15972,#2299);
#730=LINE('',#15975,#2300);
#731=LINE('',#15977,#2301);
#732=LINE('',#15979,#2302);
#733=LINE('',#15980,#2303);
#734=LINE('',#15983,#2304);
#735=LINE('',#15986,#2305);
#736=LINE('',#15988,#2306);
#737=LINE('',#15990,#2307);
#738=LINE('',#15992,#2308);
#739=LINE('',#15993,#2309);
#740=LINE('',#15996,#2310);
#741=LINE('',#15998,#2311);
#742=LINE('',#16000,#2312);
#743=LINE('',#16002,#2313);
#744=LINE('',#16004,#2314);
#745=LINE('',#16006,#2315);
#746=LINE('',#16007,#2316);
#747=LINE('',#16010,#2317);
#748=LINE('',#16012,#2318);
#749=LINE('',#16014,#2319);
#750=LINE('',#16015,#2320);
#751=LINE('',#16021,#2321);
#752=LINE('',#16024,#2322);
#753=LINE('',#16026,#2323);
#754=LINE('',#16028,#2324);
#755=LINE('',#16030,#2325);
#756=LINE('',#16031,#2326);
#757=LINE('',#16037,#2327);
#758=LINE('',#16040,#2328);
#759=LINE('',#16043,#2329);
#760=LINE('',#16045,#2330);
#761=LINE('',#16047,#2331);
#762=LINE('',#16049,#2332);
#763=LINE('',#16050,#2333);
#764=LINE('',#16053,#2334);
#765=LINE('',#16057,#2335);
#766=LINE('',#16061,#2336);
#767=LINE('',#16067,#2337);
#768=LINE('',#16068,#2338);
#769=LINE('',#16071,#2339);
#770=LINE('',#16073,#2340);
#771=LINE('',#16074,#2341);
#772=LINE('',#16076,#2342);
#773=LINE('',#16078,#2343);
#774=LINE('',#16080,#2344);
#775=LINE('',#16082,#2345);
#776=LINE('',#16084,#2346);
#777=LINE('',#16086,#2347);
#778=LINE('',#16087,#2348);
#779=LINE('',#16091,#2349);
#780=LINE('',#16094,#2350);
#781=LINE('',#16096,#2351);
#782=LINE('',#16098,#2352);
#783=LINE('',#16102,#2353);
#784=LINE('',#16106,#2354);
#785=LINE('',#16107,#2355);
#786=LINE('',#16113,#2356);
#787=LINE('',#16116,#2357);
#788=LINE('',#16118,#2358);
#789=LINE('',#16119,#2359);
#790=LINE('',#16124,#2360);
#791=LINE('',#16130,#2361);
#792=LINE('',#16133,#2362);
#793=LINE('',#16137,#2363);
#794=LINE('',#16141,#2364);
#795=LINE('',#16143,#2365);
#796=LINE('',#16145,#2366);
#797=LINE('',#16146,#2367);
#798=LINE('',#16150,#2368);
#799=LINE('',#16157,#2369);
#800=LINE('',#16179,#2370);
#801=LINE('',#16186,#2371);
#802=LINE('',#16188,#2372);
#803=LINE('',#16189,#2373);
#804=LINE('',#16195,#2374);
#805=LINE('',#16198,#2375);
#806=LINE('',#16202,#2376);
#807=LINE('',#16206,#2377);
#808=LINE('',#16209,#2378);
#809=LINE('',#16212,#2379);
#810=LINE('',#16216,#2380);
#811=LINE('',#16220,#2381);
#812=LINE('',#16222,#2382);
#813=LINE('',#16224,#2383);
#814=LINE('',#16225,#2384);
#815=LINE('',#16231,#2385);
#816=LINE('',#16235,#2386);
#817=LINE('',#16239,#2387);
#818=LINE('',#16241,#2388);
#819=LINE('',#16243,#2389);
#820=LINE('',#16244,#2390);
#821=LINE('',#16248,#2391);
#822=LINE('',#16254,#2392);
#823=LINE('',#16260,#2393);
#824=LINE('',#16265,#2394);
#825=LINE('',#16267,#2395);
#826=LINE('',#16269,#2396);
#827=LINE('',#16271,#2397);
#828=LINE('',#16272,#2398);
#829=LINE('',#16275,#2399);
#830=LINE('',#16278,#2400);
#831=LINE('',#16279,#2401);
#832=LINE('',#16281,#2402);
#833=LINE('',#16283,#2403);
#834=LINE('',#16295,#2404);
#835=LINE('',#16299,#2405);
#836=LINE('',#16300,#2406);
#837=LINE('',#16302,#2407);
#838=LINE('',#16304,#2408);
#839=LINE('',#16306,#2409);
#840=LINE('',#16307,#2410);
#841=LINE('',#16308,#2411);
#842=LINE('',#16311,#2412);
#843=LINE('',#16313,#2413);
#844=LINE('',#16315,#2414);
#845=LINE('',#16317,#2415);
#846=LINE('',#16319,#2416);
#847=LINE('',#16320,#2417);
#848=LINE('',#16323,#2418);
#849=LINE('',#16325,#2419);
#850=LINE('',#16327,#2420);
#851=LINE('',#16329,#2421);
#852=LINE('',#16331,#2422);
#853=LINE('',#16332,#2423);
#854=LINE('',#16335,#2424);
#855=LINE('',#16337,#2425);
#856=LINE('',#16339,#2426);
#857=LINE('',#16341,#2427);
#858=LINE('',#16343,#2428);
#859=LINE('',#16344,#2429);
#860=LINE('',#16347,#2430);
#861=LINE('',#16349,#2431);
#862=LINE('',#16351,#2432);
#863=LINE('',#16353,#2433);
#864=LINE('',#16355,#2434);
#865=LINE('',#16356,#2435);
#866=LINE('',#16359,#2436);
#867=LINE('',#16361,#2437);
#868=LINE('',#16363,#2438);
#869=LINE('',#16365,#2439);
#870=LINE('',#16367,#2440);
#871=LINE('',#16368,#2441);
#872=LINE('',#16371,#2442);
#873=LINE('',#16373,#2443);
#874=LINE('',#16375,#2444);
#875=LINE('',#16377,#2445);
#876=LINE('',#16379,#2446);
#877=LINE('',#16380,#2447);
#878=LINE('',#16383,#2448);
#879=LINE('',#16385,#2449);
#880=LINE('',#16387,#2450);
#881=LINE('',#16389,#2451);
#882=LINE('',#16391,#2452);
#883=LINE('',#16392,#2453);
#884=LINE('',#16395,#2454);
#885=LINE('',#16397,#2455);
#886=LINE('',#16399,#2456);
#887=LINE('',#16401,#2457);
#888=LINE('',#16403,#2458);
#889=LINE('',#16404,#2459);
#890=LINE('',#16407,#2460);
#891=LINE('',#16409,#2461);
#892=LINE('',#16411,#2462);
#893=LINE('',#16413,#2463);
#894=LINE('',#16415,#2464);
#895=LINE('',#16416,#2465);
#896=LINE('',#16419,#2466);
#897=LINE('',#16421,#2467);
#898=LINE('',#16423,#2468);
#899=LINE('',#16425,#2469);
#900=LINE('',#16427,#2470);
#901=LINE('',#16428,#2471);
#902=LINE('',#16431,#2472);
#903=LINE('',#16433,#2473);
#904=LINE('',#16435,#2474);
#905=LINE('',#16437,#2475);
#906=LINE('',#16439,#2476);
#907=LINE('',#16440,#2477);
#908=LINE('',#16443,#2478);
#909=LINE('',#16445,#2479);
#910=LINE('',#16447,#2480);
#911=LINE('',#16449,#2481);
#912=LINE('',#16451,#2482);
#913=LINE('',#16452,#2483);
#914=LINE('',#16455,#2484);
#915=LINE('',#16457,#2485);
#916=LINE('',#16459,#2486);
#917=LINE('',#16461,#2487);
#918=LINE('',#16463,#2488);
#919=LINE('',#16464,#2489);
#920=LINE('',#16467,#2490);
#921=LINE('',#16469,#2491);
#922=LINE('',#16471,#2492);
#923=LINE('',#16473,#2493);
#924=LINE('',#16475,#2494);
#925=LINE('',#16476,#2495);
#926=LINE('',#16479,#2496);
#927=LINE('',#16481,#2497);
#928=LINE('',#16483,#2498);
#929=LINE('',#16485,#2499);
#930=LINE('',#16487,#2500);
#931=LINE('',#16488,#2501);
#932=LINE('',#16491,#2502);
#933=LINE('',#16493,#2503);
#934=LINE('',#16495,#2504);
#935=LINE('',#16497,#2505);
#936=LINE('',#16499,#2506);
#937=LINE('',#16500,#2507);
#938=LINE('',#16503,#2508);
#939=LINE('',#16505,#2509);
#940=LINE('',#16507,#2510);
#941=LINE('',#16509,#2511);
#942=LINE('',#16511,#2512);
#943=LINE('',#16512,#2513);
#944=LINE('',#16515,#2514);
#945=LINE('',#16517,#2515);
#946=LINE('',#16519,#2516);
#947=LINE('',#16521,#2517);
#948=LINE('',#16523,#2518);
#949=LINE('',#16524,#2519);
#950=LINE('',#16527,#2520);
#951=LINE('',#16529,#2521);
#952=LINE('',#16531,#2522);
#953=LINE('',#16533,#2523);
#954=LINE('',#16535,#2524);
#955=LINE('',#16536,#2525);
#956=LINE('',#16539,#2526);
#957=LINE('',#16541,#2527);
#958=LINE('',#16543,#2528);
#959=LINE('',#16545,#2529);
#960=LINE('',#16547,#2530);
#961=LINE('',#16548,#2531);
#962=LINE('',#16551,#2532);
#963=LINE('',#16553,#2533);
#964=LINE('',#16555,#2534);
#965=LINE('',#16557,#2535);
#966=LINE('',#16559,#2536);
#967=LINE('',#16560,#2537);
#968=LINE('',#16563,#2538);
#969=LINE('',#16565,#2539);
#970=LINE('',#16567,#2540);
#971=LINE('',#16569,#2541);
#972=LINE('',#16571,#2542);
#973=LINE('',#16572,#2543);
#974=LINE('',#16575,#2544);
#975=LINE('',#16577,#2545);
#976=LINE('',#16579,#2546);
#977=LINE('',#16581,#2547);
#978=LINE('',#16583,#2548);
#979=LINE('',#16584,#2549);
#980=LINE('',#16587,#2550);
#981=LINE('',#16589,#2551);
#982=LINE('',#16591,#2552);
#983=LINE('',#16593,#2553);
#984=LINE('',#16595,#2554);
#985=LINE('',#16596,#2555);
#986=LINE('',#16599,#2556);
#987=LINE('',#16601,#2557);
#988=LINE('',#16603,#2558);
#989=LINE('',#16605,#2559);
#990=LINE('',#16607,#2560);
#991=LINE('',#16608,#2561);
#992=LINE('',#16611,#2562);
#993=LINE('',#16613,#2563);
#994=LINE('',#16615,#2564);
#995=LINE('',#16617,#2565);
#996=LINE('',#16619,#2566);
#997=LINE('',#16620,#2567);
#998=LINE('',#16623,#2568);
#999=LINE('',#16625,#2569);
#1000=LINE('',#16627,#2570);
#1001=LINE('',#16629,#2571);
#1002=LINE('',#16631,#2572);
#1003=LINE('',#16632,#2573);
#1004=LINE('',#16635,#2574);
#1005=LINE('',#16637,#2575);
#1006=LINE('',#16639,#2576);
#1007=LINE('',#16641,#2577);
#1008=LINE('',#16643,#2578);
#1009=LINE('',#16644,#2579);
#1010=LINE('',#16647,#2580);
#1011=LINE('',#16649,#2581);
#1012=LINE('',#16651,#2582);
#1013=LINE('',#16653,#2583);
#1014=LINE('',#16655,#2584);
#1015=LINE('',#16656,#2585);
#1016=LINE('',#16659,#2586);
#1017=LINE('',#16661,#2587);
#1018=LINE('',#16663,#2588);
#1019=LINE('',#16665,#2589);
#1020=LINE('',#16667,#2590);
#1021=LINE('',#16668,#2591);
#1022=LINE('',#16671,#2592);
#1023=LINE('',#16673,#2593);
#1024=LINE('',#16675,#2594);
#1025=LINE('',#16677,#2595);
#1026=LINE('',#16679,#2596);
#1027=LINE('',#16680,#2597);
#1028=LINE('',#16683,#2598);
#1029=LINE('',#16685,#2599);
#1030=LINE('',#16687,#2600);
#1031=LINE('',#16689,#2601);
#1032=LINE('',#16691,#2602);
#1033=LINE('',#16692,#2603);
#1034=LINE('',#16695,#2604);
#1035=LINE('',#16697,#2605);
#1036=LINE('',#16699,#2606);
#1037=LINE('',#16701,#2607);
#1038=LINE('',#16703,#2608);
#1039=LINE('',#16704,#2609);
#1040=LINE('',#16707,#2610);
#1041=LINE('',#16709,#2611);
#1042=LINE('',#16711,#2612);
#1043=LINE('',#16713,#2613);
#1044=LINE('',#16715,#2614);
#1045=LINE('',#16716,#2615);
#1046=LINE('',#16719,#2616);
#1047=LINE('',#16721,#2617);
#1048=LINE('',#16723,#2618);
#1049=LINE('',#16725,#2619);
#1050=LINE('',#16727,#2620);
#1051=LINE('',#16728,#2621);
#1052=LINE('',#16731,#2622);
#1053=LINE('',#16733,#2623);
#1054=LINE('',#16735,#2624);
#1055=LINE('',#16737,#2625);
#1056=LINE('',#16739,#2626);
#1057=LINE('',#16740,#2627);
#1058=LINE('',#16743,#2628);
#1059=LINE('',#16745,#2629);
#1060=LINE('',#16747,#2630);
#1061=LINE('',#16749,#2631);
#1062=LINE('',#16751,#2632);
#1063=LINE('',#16752,#2633);
#1064=LINE('',#16755,#2634);
#1065=LINE('',#16757,#2635);
#1066=LINE('',#16759,#2636);
#1067=LINE('',#16761,#2637);
#1068=LINE('',#16763,#2638);
#1069=LINE('',#16764,#2639);
#1070=LINE('',#16767,#2640);
#1071=LINE('',#16769,#2641);
#1072=LINE('',#16771,#2642);
#1073=LINE('',#16773,#2643);
#1074=LINE('',#16775,#2644);
#1075=LINE('',#16776,#2645);
#1076=LINE('',#16779,#2646);
#1077=LINE('',#16781,#2647);
#1078=LINE('',#16783,#2648);
#1079=LINE('',#16785,#2649);
#1080=LINE('',#16787,#2650);
#1081=LINE('',#16788,#2651);
#1082=LINE('',#16791,#2652);
#1083=LINE('',#16793,#2653);
#1084=LINE('',#16795,#2654);
#1085=LINE('',#16797,#2655);
#1086=LINE('',#16799,#2656);
#1087=LINE('',#16800,#2657);
#1088=LINE('',#16803,#2658);
#1089=LINE('',#16805,#2659);
#1090=LINE('',#16807,#2660);
#1091=LINE('',#16809,#2661);
#1092=LINE('',#16811,#2662);
#1093=LINE('',#16812,#2663);
#1094=LINE('',#16815,#2664);
#1095=LINE('',#16817,#2665);
#1096=LINE('',#16819,#2666);
#1097=LINE('',#16821,#2667);
#1098=LINE('',#16823,#2668);
#1099=LINE('',#16824,#2669);
#1100=LINE('',#16827,#2670);
#1101=LINE('',#16829,#2671);
#1102=LINE('',#16831,#2672);
#1103=LINE('',#16833,#2673);
#1104=LINE('',#16835,#2674);
#1105=LINE('',#16836,#2675);
#1106=LINE('',#16839,#2676);
#1107=LINE('',#16841,#2677);
#1108=LINE('',#16843,#2678);
#1109=LINE('',#16845,#2679);
#1110=LINE('',#16847,#2680);
#1111=LINE('',#16848,#2681);
#1112=LINE('',#16851,#2682);
#1113=LINE('',#16853,#2683);
#1114=LINE('',#16855,#2684);
#1115=LINE('',#16857,#2685);
#1116=LINE('',#16859,#2686);
#1117=LINE('',#16860,#2687);
#1118=LINE('',#16863,#2688);
#1119=LINE('',#16865,#2689);
#1120=LINE('',#16867,#2690);
#1121=LINE('',#16869,#2691);
#1122=LINE('',#16871,#2692);
#1123=LINE('',#16872,#2693);
#1124=LINE('',#16875,#2694);
#1125=LINE('',#16877,#2695);
#1126=LINE('',#16879,#2696);
#1127=LINE('',#16881,#2697);
#1128=LINE('',#16883,#2698);
#1129=LINE('',#16884,#2699);
#1130=LINE('',#16887,#2700);
#1131=LINE('',#16889,#2701);
#1132=LINE('',#16891,#2702);
#1133=LINE('',#16893,#2703);
#1134=LINE('',#16895,#2704);
#1135=LINE('',#16896,#2705);
#1136=LINE('',#16899,#2706);
#1137=LINE('',#16901,#2707);
#1138=LINE('',#16903,#2708);
#1139=LINE('',#16905,#2709);
#1140=LINE('',#16907,#2710);
#1141=LINE('',#16908,#2711);
#1142=LINE('',#16911,#2712);
#1143=LINE('',#16913,#2713);
#1144=LINE('',#16915,#2714);
#1145=LINE('',#16917,#2715);
#1146=LINE('',#16919,#2716);
#1147=LINE('',#16920,#2717);
#1148=LINE('',#16923,#2718);
#1149=LINE('',#16925,#2719);
#1150=LINE('',#16927,#2720);
#1151=LINE('',#16929,#2721);
#1152=LINE('',#16931,#2722);
#1153=LINE('',#16932,#2723);
#1154=LINE('',#16935,#2724);
#1155=LINE('',#16937,#2725);
#1156=LINE('',#16939,#2726);
#1157=LINE('',#16941,#2727);
#1158=LINE('',#16943,#2728);
#1159=LINE('',#16944,#2729);
#1160=LINE('',#16947,#2730);
#1161=LINE('',#16949,#2731);
#1162=LINE('',#16951,#2732);
#1163=LINE('',#16953,#2733);
#1164=LINE('',#16955,#2734);
#1165=LINE('',#16956,#2735);
#1166=LINE('',#16959,#2736);
#1167=LINE('',#16961,#2737);
#1168=LINE('',#16963,#2738);
#1169=LINE('',#16965,#2739);
#1170=LINE('',#16967,#2740);
#1171=LINE('',#16968,#2741);
#1172=LINE('',#16971,#2742);
#1173=LINE('',#16973,#2743);
#1174=LINE('',#16975,#2744);
#1175=LINE('',#16977,#2745);
#1176=LINE('',#16979,#2746);
#1177=LINE('',#16980,#2747);
#1178=LINE('',#16983,#2748);
#1179=LINE('',#16985,#2749);
#1180=LINE('',#16987,#2750);
#1181=LINE('',#16989,#2751);
#1182=LINE('',#16991,#2752);
#1183=LINE('',#16992,#2753);
#1184=LINE('',#16995,#2754);
#1185=LINE('',#16997,#2755);
#1186=LINE('',#16999,#2756);
#1187=LINE('',#17001,#2757);
#1188=LINE('',#17003,#2758);
#1189=LINE('',#17004,#2759);
#1190=LINE('',#17007,#2760);
#1191=LINE('',#17009,#2761);
#1192=LINE('',#17011,#2762);
#1193=LINE('',#17013,#2763);
#1194=LINE('',#17015,#2764);
#1195=LINE('',#17016,#2765);
#1196=LINE('',#17019,#2766);
#1197=LINE('',#17021,#2767);
#1198=LINE('',#17023,#2768);
#1199=LINE('',#17025,#2769);
#1200=LINE('',#17027,#2770);
#1201=LINE('',#17028,#2771);
#1202=LINE('',#17031,#2772);
#1203=LINE('',#17033,#2773);
#1204=LINE('',#17035,#2774);
#1205=LINE('',#17037,#2775);
#1206=LINE('',#17039,#2776);
#1207=LINE('',#17040,#2777);
#1208=LINE('',#17043,#2778);
#1209=LINE('',#17045,#2779);
#1210=LINE('',#17047,#2780);
#1211=LINE('',#17049,#2781);
#1212=LINE('',#17051,#2782);
#1213=LINE('',#17052,#2783);
#1214=LINE('',#17055,#2784);
#1215=LINE('',#17057,#2785);
#1216=LINE('',#17059,#2786);
#1217=LINE('',#17061,#2787);
#1218=LINE('',#17063,#2788);
#1219=LINE('',#17064,#2789);
#1220=LINE('',#17067,#2790);
#1221=LINE('',#17069,#2791);
#1222=LINE('',#17071,#2792);
#1223=LINE('',#17073,#2793);
#1224=LINE('',#17075,#2794);
#1225=LINE('',#17076,#2795);
#1226=LINE('',#17079,#2796);
#1227=LINE('',#17081,#2797);
#1228=LINE('',#17083,#2798);
#1229=LINE('',#17085,#2799);
#1230=LINE('',#17087,#2800);
#1231=LINE('',#17088,#2801);
#1232=LINE('',#17091,#2802);
#1233=LINE('',#17093,#2803);
#1234=LINE('',#17095,#2804);
#1235=LINE('',#17097,#2805);
#1236=LINE('',#17099,#2806);
#1237=LINE('',#17100,#2807);
#1238=LINE('',#17103,#2808);
#1239=LINE('',#17105,#2809);
#1240=LINE('',#17107,#2810);
#1241=LINE('',#17109,#2811);
#1242=LINE('',#17111,#2812);
#1243=LINE('',#17112,#2813);
#1244=LINE('',#17115,#2814);
#1245=LINE('',#17117,#2815);
#1246=LINE('',#17119,#2816);
#1247=LINE('',#17121,#2817);
#1248=LINE('',#17123,#2818);
#1249=LINE('',#17124,#2819);
#1250=LINE('',#17127,#2820);
#1251=LINE('',#17129,#2821);
#1252=LINE('',#17131,#2822);
#1253=LINE('',#17133,#2823);
#1254=LINE('',#17135,#2824);
#1255=LINE('',#17136,#2825);
#1256=LINE('',#17139,#2826);
#1257=LINE('',#17141,#2827);
#1258=LINE('',#17143,#2828);
#1259=LINE('',#17145,#2829);
#1260=LINE('',#17147,#2830);
#1261=LINE('',#17148,#2831);
#1262=LINE('',#17151,#2832);
#1263=LINE('',#17153,#2833);
#1264=LINE('',#17155,#2834);
#1265=LINE('',#17157,#2835);
#1266=LINE('',#17159,#2836);
#1267=LINE('',#17160,#2837);
#1268=LINE('',#17163,#2838);
#1269=LINE('',#17165,#2839);
#1270=LINE('',#17167,#2840);
#1271=LINE('',#17169,#2841);
#1272=LINE('',#17171,#2842);
#1273=LINE('',#17172,#2843);
#1274=LINE('',#17175,#2844);
#1275=LINE('',#17177,#2845);
#1276=LINE('',#17179,#2846);
#1277=LINE('',#17181,#2847);
#1278=LINE('',#17183,#2848);
#1279=LINE('',#17184,#2849);
#1280=LINE('',#17187,#2850);
#1281=LINE('',#17189,#2851);
#1282=LINE('',#17191,#2852);
#1283=LINE('',#17193,#2853);
#1284=LINE('',#17195,#2854);
#1285=LINE('',#17196,#2855);
#1286=LINE('',#17199,#2856);
#1287=LINE('',#17201,#2857);
#1288=LINE('',#17203,#2858);
#1289=LINE('',#17205,#2859);
#1290=LINE('',#17207,#2860);
#1291=LINE('',#17208,#2861);
#1292=LINE('',#17211,#2862);
#1293=LINE('',#17213,#2863);
#1294=LINE('',#17215,#2864);
#1295=LINE('',#17217,#2865);
#1296=LINE('',#17219,#2866);
#1297=LINE('',#17220,#2867);
#1298=LINE('',#17223,#2868);
#1299=LINE('',#17225,#2869);
#1300=LINE('',#17227,#2870);
#1301=LINE('',#17229,#2871);
#1302=LINE('',#17231,#2872);
#1303=LINE('',#17232,#2873);
#1304=LINE('',#17235,#2874);
#1305=LINE('',#17237,#2875);
#1306=LINE('',#17239,#2876);
#1307=LINE('',#17241,#2877);
#1308=LINE('',#17243,#2878);
#1309=LINE('',#17244,#2879);
#1310=LINE('',#17247,#2880);
#1311=LINE('',#17249,#2881);
#1312=LINE('',#17251,#2882);
#1313=LINE('',#17253,#2883);
#1314=LINE('',#17255,#2884);
#1315=LINE('',#17257,#2885);
#1316=LINE('',#17261,#2886);
#1317=LINE('',#17263,#2887);
#1318=LINE('',#17265,#2888);
#1319=LINE('',#17267,#2889);
#1320=LINE('',#17269,#2890);
#1321=LINE('',#17270,#2891);
#1322=LINE('',#17273,#2892);
#1323=LINE('',#17275,#2893);
#1324=LINE('',#17277,#2894);
#1325=LINE('',#17279,#2895);
#1326=LINE('',#17281,#2896);
#1327=LINE('',#17282,#2897);
#1328=LINE('',#17285,#2898);
#1329=LINE('',#17287,#2899);
#1330=LINE('',#17289,#2900);
#1331=LINE('',#17291,#2901);
#1332=LINE('',#17293,#2902);
#1333=LINE('',#17294,#2903);
#1334=LINE('',#17297,#2904);
#1335=LINE('',#17299,#2905);
#1336=LINE('',#17301,#2906);
#1337=LINE('',#17303,#2907);
#1338=LINE('',#17305,#2908);
#1339=LINE('',#17306,#2909);
#1340=LINE('',#17309,#2910);
#1341=LINE('',#17311,#2911);
#1342=LINE('',#17313,#2912);
#1343=LINE('',#17315,#2913);
#1344=LINE('',#17317,#2914);
#1345=LINE('',#17318,#2915);
#1346=LINE('',#17321,#2916);
#1347=LINE('',#17323,#2917);
#1348=LINE('',#17325,#2918);
#1349=LINE('',#17327,#2919);
#1350=LINE('',#17329,#2920);
#1351=LINE('',#17330,#2921);
#1352=LINE('',#17333,#2922);
#1353=LINE('',#17335,#2923);
#1354=LINE('',#17337,#2924);
#1355=LINE('',#17339,#2925);
#1356=LINE('',#17341,#2926);
#1357=LINE('',#17342,#2927);
#1358=LINE('',#17345,#2928);
#1359=LINE('',#17347,#2929);
#1360=LINE('',#17349,#2930);
#1361=LINE('',#17351,#2931);
#1362=LINE('',#17353,#2932);
#1363=LINE('',#17354,#2933);
#1364=LINE('',#17357,#2934);
#1365=LINE('',#17359,#2935);
#1366=LINE('',#17361,#2936);
#1367=LINE('',#17363,#2937);
#1368=LINE('',#17365,#2938);
#1369=LINE('',#17366,#2939);
#1370=LINE('',#17369,#2940);
#1371=LINE('',#17371,#2941);
#1372=LINE('',#17373,#2942);
#1373=LINE('',#17375,#2943);
#1374=LINE('',#17377,#2944);
#1375=LINE('',#17378,#2945);
#1376=LINE('',#17381,#2946);
#1377=LINE('',#17383,#2947);
#1378=LINE('',#17385,#2948);
#1379=LINE('',#17387,#2949);
#1380=LINE('',#17389,#2950);
#1381=LINE('',#17390,#2951);
#1382=LINE('',#17393,#2952);
#1383=LINE('',#17395,#2953);
#1384=LINE('',#17397,#2954);
#1385=LINE('',#17399,#2955);
#1386=LINE('',#17401,#2956);
#1387=LINE('',#17402,#2957);
#1388=LINE('',#17405,#2958);
#1389=LINE('',#17407,#2959);
#1390=LINE('',#17409,#2960);
#1391=LINE('',#17411,#2961);
#1392=LINE('',#17413,#2962);
#1393=LINE('',#17414,#2963);
#1394=LINE('',#17417,#2964);
#1395=LINE('',#17419,#2965);
#1396=LINE('',#17421,#2966);
#1397=LINE('',#17423,#2967);
#1398=LINE('',#17425,#2968);
#1399=LINE('',#17426,#2969);
#1400=LINE('',#17429,#2970);
#1401=LINE('',#17431,#2971);
#1402=LINE('',#17433,#2972);
#1403=LINE('',#17435,#2973);
#1404=LINE('',#17437,#2974);
#1405=LINE('',#17438,#2975);
#1406=LINE('',#17441,#2976);
#1407=LINE('',#17443,#2977);
#1408=LINE('',#17445,#2978);
#1409=LINE('',#17447,#2979);
#1410=LINE('',#17449,#2980);
#1411=LINE('',#17450,#2981);
#1412=LINE('',#17453,#2982);
#1413=LINE('',#17455,#2983);
#1414=LINE('',#17457,#2984);
#1415=LINE('',#17459,#2985);
#1416=LINE('',#17461,#2986);
#1417=LINE('',#17462,#2987);
#1418=LINE('',#17465,#2988);
#1419=LINE('',#17467,#2989);
#1420=LINE('',#17469,#2990);
#1421=LINE('',#17471,#2991);
#1422=LINE('',#17473,#2992);
#1423=LINE('',#17474,#2993);
#1424=LINE('',#17477,#2994);
#1425=LINE('',#17479,#2995);
#1426=LINE('',#17481,#2996);
#1427=LINE('',#17483,#2997);
#1428=LINE('',#17485,#2998);
#1429=LINE('',#17486,#2999);
#1430=LINE('',#17489,#3000);
#1431=LINE('',#17491,#3001);
#1432=LINE('',#17493,#3002);
#1433=LINE('',#17495,#3003);
#1434=LINE('',#17497,#3004);
#1435=LINE('',#17498,#3005);
#1436=LINE('',#17501,#3006);
#1437=LINE('',#17503,#3007);
#1438=LINE('',#17505,#3008);
#1439=LINE('',#17507,#3009);
#1440=LINE('',#17509,#3010);
#1441=LINE('',#17510,#3011);
#1442=LINE('',#17513,#3012);
#1443=LINE('',#17515,#3013);
#1444=LINE('',#17517,#3014);
#1445=LINE('',#17519,#3015);
#1446=LINE('',#17521,#3016);
#1447=LINE('',#17522,#3017);
#1448=LINE('',#17525,#3018);
#1449=LINE('',#17527,#3019);
#1450=LINE('',#17529,#3020);
#1451=LINE('',#17531,#3021);
#1452=LINE('',#17533,#3022);
#1453=LINE('',#17534,#3023);
#1454=LINE('',#17537,#3024);
#1455=LINE('',#17539,#3025);
#1456=LINE('',#17541,#3026);
#1457=LINE('',#17543,#3027);
#1458=LINE('',#17545,#3028);
#1459=LINE('',#17546,#3029);
#1460=LINE('',#17549,#3030);
#1461=LINE('',#17551,#3031);
#1462=LINE('',#17553,#3032);
#1463=LINE('',#17555,#3033);
#1464=LINE('',#17557,#3034);
#1465=LINE('',#17558,#3035);
#1466=LINE('',#17561,#3036);
#1467=LINE('',#17563,#3037);
#1468=LINE('',#17565,#3038);
#1469=LINE('',#17567,#3039);
#1470=LINE('',#17569,#3040);
#1471=LINE('',#17570,#3041);
#1472=LINE('',#17573,#3042);
#1473=LINE('',#17575,#3043);
#1474=LINE('',#17577,#3044);
#1475=LINE('',#17579,#3045);
#1476=LINE('',#17581,#3046);
#1477=LINE('',#17582,#3047);
#1478=LINE('',#17585,#3048);
#1479=LINE('',#17587,#3049);
#1480=LINE('',#17589,#3050);
#1481=LINE('',#17591,#3051);
#1482=LINE('',#17593,#3052);
#1483=LINE('',#17594,#3053);
#1484=LINE('',#17597,#3054);
#1485=LINE('',#17599,#3055);
#1486=LINE('',#17601,#3056);
#1487=LINE('',#17603,#3057);
#1488=LINE('',#17605,#3058);
#1489=LINE('',#17606,#3059);
#1490=LINE('',#17609,#3060);
#1491=LINE('',#17611,#3061);
#1492=LINE('',#17613,#3062);
#1493=LINE('',#17615,#3063);
#1494=LINE('',#17617,#3064);
#1495=LINE('',#17618,#3065);
#1496=LINE('',#17621,#3066);
#1497=LINE('',#17623,#3067);
#1498=LINE('',#17625,#3068);
#1499=LINE('',#17627,#3069);
#1500=LINE('',#17629,#3070);
#1501=LINE('',#17630,#3071);
#1502=LINE('',#17633,#3072);
#1503=LINE('',#17635,#3073);
#1504=LINE('',#17637,#3074);
#1505=LINE('',#17639,#3075);
#1506=LINE('',#17641,#3076);
#1507=LINE('',#17642,#3077);
#1508=LINE('',#17645,#3078);
#1509=LINE('',#17647,#3079);
#1510=LINE('',#17649,#3080);
#1511=LINE('',#17651,#3081);
#1512=LINE('',#17653,#3082);
#1513=LINE('',#17654,#3083);
#1514=LINE('',#17657,#3084);
#1515=LINE('',#17659,#3085);
#1516=LINE('',#17661,#3086);
#1517=LINE('',#17663,#3087);
#1518=LINE('',#17665,#3088);
#1519=LINE('',#17666,#3089);
#1520=LINE('',#17669,#3090);
#1521=LINE('',#17671,#3091);
#1522=LINE('',#17673,#3092);
#1523=LINE('',#17675,#3093);
#1524=LINE('',#17677,#3094);
#1525=LINE('',#17678,#3095);
#1526=LINE('',#17681,#3096);
#1527=LINE('',#17683,#3097);
#1528=LINE('',#17685,#3098);
#1529=LINE('',#17687,#3099);
#1530=LINE('',#17689,#3100);
#1531=LINE('',#17690,#3101);
#1532=LINE('',#17693,#3102);
#1533=LINE('',#17695,#3103);
#1534=LINE('',#17697,#3104);
#1535=LINE('',#17699,#3105);
#1536=LINE('',#17701,#3106);
#1537=LINE('',#17702,#3107);
#1538=LINE('',#17705,#3108);
#1539=LINE('',#17707,#3109);
#1540=LINE('',#17709,#3110);
#1541=LINE('',#17711,#3111);
#1542=LINE('',#17713,#3112);
#1543=LINE('',#17714,#3113);
#1544=LINE('',#17717,#3114);
#1545=LINE('',#17719,#3115);
#1546=LINE('',#17721,#3116);
#1547=LINE('',#17723,#3117);
#1548=LINE('',#17725,#3118);
#1549=LINE('',#17726,#3119);
#1550=LINE('',#17729,#3120);
#1551=LINE('',#17731,#3121);
#1552=LINE('',#17733,#3122);
#1553=LINE('',#17735,#3123);
#1554=LINE('',#17737,#3124);
#1555=LINE('',#17738,#3125);
#1556=LINE('',#17741,#3126);
#1557=LINE('',#17743,#3127);
#1558=LINE('',#17745,#3128);
#1559=LINE('',#17747,#3129);
#1560=LINE('',#17749,#3130);
#1561=LINE('',#17750,#3131);
#1562=LINE('',#17753,#3132);
#1563=LINE('',#17755,#3133);
#1564=LINE('',#17757,#3134);
#1565=LINE('',#17759,#3135);
#1566=LINE('',#17761,#3136);
#1567=LINE('',#17762,#3137);
#1568=LINE('',#17765,#3138);
#1569=LINE('',#17767,#3139);
#1570=LINE('',#17769,#3140);
#1571=LINE('',#17771,#3141);
#1572=LINE('',#17773,#3142);
#1573=LINE('',#17774,#3143);
#1574=LINE('',#17777,#3144);
#1575=LINE('',#17779,#3145);
#1576=LINE('',#17781,#3146);
#1577=LINE('',#17783,#3147);
#1578=LINE('',#17785,#3148);
#1579=LINE('',#17786,#3149);
#1580=LINE('',#17789,#3150);
#1581=LINE('',#17791,#3151);
#1582=LINE('',#17793,#3152);
#1583=LINE('',#17795,#3153);
#1584=LINE('',#17797,#3154);
#1585=LINE('',#17798,#3155);
#1586=LINE('',#17801,#3156);
#1587=LINE('',#17803,#3157);
#1588=LINE('',#17805,#3158);
#1589=LINE('',#17807,#3159);
#1590=LINE('',#17809,#3160);
#1591=LINE('',#17810,#3161);
#1592=LINE('',#17813,#3162);
#1593=LINE('',#17815,#3163);
#1594=LINE('',#17817,#3164);
#1595=LINE('',#17819,#3165);
#1596=LINE('',#17821,#3166);
#1597=LINE('',#17822,#3167);
#1598=LINE('',#17825,#3168);
#1599=LINE('',#17827,#3169);
#1600=LINE('',#17829,#3170);
#1601=LINE('',#17831,#3171);
#1602=LINE('',#17833,#3172);
#1603=LINE('',#17834,#3173);
#1604=LINE('',#17837,#3174);
#1605=LINE('',#17839,#3175);
#1606=LINE('',#17841,#3176);
#1607=LINE('',#17843,#3177);
#1608=LINE('',#17845,#3178);
#1609=LINE('',#17846,#3179);
#1610=LINE('',#17849,#3180);
#1611=LINE('',#17851,#3181);
#1612=LINE('',#17853,#3182);
#1613=LINE('',#17855,#3183);
#1614=LINE('',#17857,#3184);
#1615=LINE('',#17858,#3185);
#1616=LINE('',#17861,#3186);
#1617=LINE('',#17863,#3187);
#1618=LINE('',#17865,#3188);
#1619=LINE('',#17867,#3189);
#1620=LINE('',#17869,#3190);
#1621=LINE('',#17870,#3191);
#1622=LINE('',#17873,#3192);
#1623=LINE('',#17875,#3193);
#1624=LINE('',#17877,#3194);
#1625=LINE('',#17879,#3195);
#1626=LINE('',#17881,#3196);
#1627=LINE('',#17882,#3197);
#1628=LINE('',#17885,#3198);
#1629=LINE('',#17887,#3199);
#1630=LINE('',#17889,#3200);
#1631=LINE('',#17891,#3201);
#1632=LINE('',#17893,#3202);
#1633=LINE('',#17894,#3203);
#1634=LINE('',#17897,#3204);
#1635=LINE('',#17899,#3205);
#1636=LINE('',#17901,#3206);
#1637=LINE('',#17903,#3207);
#1638=LINE('',#17905,#3208);
#1639=LINE('',#17906,#3209);
#1640=LINE('',#17909,#3210);
#1641=LINE('',#17911,#3211);
#1642=LINE('',#17913,#3212);
#1643=LINE('',#17915,#3213);
#1644=LINE('',#17917,#3214);
#1645=LINE('',#17918,#3215);
#1646=LINE('',#17921,#3216);
#1647=LINE('',#17923,#3217);
#1648=LINE('',#17925,#3218);
#1649=LINE('',#17927,#3219);
#1650=LINE('',#17929,#3220);
#1651=LINE('',#17930,#3221);
#1652=LINE('',#17933,#3222);
#1653=LINE('',#17935,#3223);
#1654=LINE('',#17937,#3224);
#1655=LINE('',#17939,#3225);
#1656=LINE('',#17941,#3226);
#1657=LINE('',#17942,#3227);
#1658=LINE('',#17945,#3228);
#1659=LINE('',#17947,#3229);
#1660=LINE('',#17949,#3230);
#1661=LINE('',#17951,#3231);
#1662=LINE('',#17953,#3232);
#1663=LINE('',#17954,#3233);
#1664=LINE('',#17957,#3234);
#1665=LINE('',#17959,#3235);
#1666=LINE('',#17961,#3236);
#1667=LINE('',#17963,#3237);
#1668=LINE('',#17965,#3238);
#1669=LINE('',#17966,#3239);
#1670=LINE('',#17969,#3240);
#1671=LINE('',#17971,#3241);
#1672=LINE('',#17973,#3242);
#1673=LINE('',#17975,#3243);
#1674=LINE('',#17977,#3244);
#1675=LINE('',#17978,#3245);
#1676=LINE('',#17981,#3246);
#1677=LINE('',#17983,#3247);
#1678=LINE('',#17985,#3248);
#1679=LINE('',#17987,#3249);
#1680=LINE('',#17989,#3250);
#1681=LINE('',#17990,#3251);
#1682=LINE('',#17993,#3252);
#1683=LINE('',#17995,#3253);
#1684=LINE('',#17997,#3254);
#1685=LINE('',#17999,#3255);
#1686=LINE('',#18001,#3256);
#1687=LINE('',#18002,#3257);
#1688=LINE('',#18005,#3258);
#1689=LINE('',#18007,#3259);
#1690=LINE('',#18009,#3260);
#1691=LINE('',#18011,#3261);
#1692=LINE('',#18013,#3262);
#1693=LINE('',#18014,#3263);
#1694=LINE('',#18017,#3264);
#1695=LINE('',#18019,#3265);
#1696=LINE('',#18021,#3266);
#1697=LINE('',#18023,#3267);
#1698=LINE('',#18025,#3268);
#1699=LINE('',#18026,#3269);
#1700=LINE('',#18029,#3270);
#1701=LINE('',#18031,#3271);
#1702=LINE('',#18033,#3272);
#1703=LINE('',#18035,#3273);
#1704=LINE('',#18037,#3274);
#1705=LINE('',#18038,#3275);
#1706=LINE('',#18041,#3276);
#1707=LINE('',#18043,#3277);
#1708=LINE('',#18045,#3278);
#1709=LINE('',#18047,#3279);
#1710=LINE('',#18049,#3280);
#1711=LINE('',#18050,#3281);
#1712=LINE('',#18053,#3282);
#1713=LINE('',#18055,#3283);
#1714=LINE('',#18057,#3284);
#1715=LINE('',#18059,#3285);
#1716=LINE('',#18061,#3286);
#1717=LINE('',#18062,#3287);
#1718=LINE('',#18065,#3288);
#1719=LINE('',#18067,#3289);
#1720=LINE('',#18069,#3290);
#1721=LINE('',#18071,#3291);
#1722=LINE('',#18073,#3292);
#1723=LINE('',#18074,#3293);
#1724=LINE('',#18077,#3294);
#1725=LINE('',#18079,#3295);
#1726=LINE('',#18081,#3296);
#1727=LINE('',#18083,#3297);
#1728=LINE('',#18085,#3298);
#1729=LINE('',#18086,#3299);
#1730=LINE('',#18089,#3300);
#1731=LINE('',#18091,#3301);
#1732=LINE('',#18093,#3302);
#1733=LINE('',#18095,#3303);
#1734=LINE('',#18097,#3304);
#1735=LINE('',#18098,#3305);
#1736=LINE('',#18101,#3306);
#1737=LINE('',#18103,#3307);
#1738=LINE('',#18105,#3308);
#1739=LINE('',#18107,#3309);
#1740=LINE('',#18109,#3310);
#1741=LINE('',#18110,#3311);
#1742=LINE('',#18113,#3312);
#1743=LINE('',#18115,#3313);
#1744=LINE('',#18117,#3314);
#1745=LINE('',#18119,#3315);
#1746=LINE('',#18121,#3316);
#1747=LINE('',#18122,#3317);
#1748=LINE('',#18125,#3318);
#1749=LINE('',#18127,#3319);
#1750=LINE('',#18129,#3320);
#1751=LINE('',#18131,#3321);
#1752=LINE('',#18133,#3322);
#1753=LINE('',#18134,#3323);
#1754=LINE('',#18137,#3324);
#1755=LINE('',#18139,#3325);
#1756=LINE('',#18141,#3326);
#1757=LINE('',#18143,#3327);
#1758=LINE('',#18145,#3328);
#1759=LINE('',#18146,#3329);
#1760=LINE('',#18149,#3330);
#1761=LINE('',#18151,#3331);
#1762=LINE('',#18153,#3332);
#1763=LINE('',#18155,#3333);
#1764=LINE('',#18157,#3334);
#1765=LINE('',#18158,#3335);
#1766=LINE('',#18161,#3336);
#1767=LINE('',#18163,#3337);
#1768=LINE('',#18165,#3338);
#1769=LINE('',#18167,#3339);
#1770=LINE('',#18169,#3340);
#1771=LINE('',#18170,#3341);
#1772=LINE('',#18173,#3342);
#1773=LINE('',#18175,#3343);
#1774=LINE('',#18177,#3344);
#1775=LINE('',#18179,#3345);
#1776=LINE('',#18181,#3346);
#1777=LINE('',#18182,#3347);
#1778=LINE('',#18185,#3348);
#1779=LINE('',#18187,#3349);
#1780=LINE('',#18189,#3350);
#1781=LINE('',#18191,#3351);
#1782=LINE('',#18193,#3352);
#1783=LINE('',#18194,#3353);
#1784=LINE('',#18200,#3354);
#1785=LINE('',#18201,#3355);
#1786=LINE('',#18203,#3356);
#1787=LINE('',#18205,#3357);
#1788=LINE('',#18207,#3358);
#1789=LINE('',#18209,#3359);
#1790=LINE('',#18212,#3360);
#1791=LINE('',#18213,#3361);
#1792=LINE('',#18215,#3362);
#1793=LINE('',#18217,#3363);
#1794=LINE('',#18219,#3364);
#1795=LINE('',#18221,#3365);
#1796=LINE('',#18224,#3366);
#1797=LINE('',#18225,#3367);
#1798=LINE('',#18227,#3368);
#1799=LINE('',#18229,#3369);
#1800=LINE('',#18231,#3370);
#1801=LINE('',#18233,#3371);
#1802=LINE('',#18236,#3372);
#1803=LINE('',#18237,#3373);
#1804=LINE('',#18239,#3374);
#1805=LINE('',#18241,#3375);
#1806=LINE('',#18243,#3376);
#1807=LINE('',#18245,#3377);
#1808=LINE('',#18248,#3378);
#1809=LINE('',#18249,#3379);
#1810=LINE('',#18251,#3380);
#1811=LINE('',#18253,#3381);
#1812=LINE('',#18255,#3382);
#1813=LINE('',#18257,#3383);
#1814=LINE('',#18260,#3384);
#1815=LINE('',#18261,#3385);
#1816=LINE('',#18263,#3386);
#1817=LINE('',#18265,#3387);
#1818=LINE('',#18267,#3388);
#1819=LINE('',#18269,#3389);
#1820=LINE('',#18272,#3390);
#1821=LINE('',#18273,#3391);
#1822=LINE('',#18275,#3392);
#1823=LINE('',#18277,#3393);
#1824=LINE('',#18279,#3394);
#1825=LINE('',#18281,#3395);
#1826=LINE('',#18284,#3396);
#1827=LINE('',#18285,#3397);
#1828=LINE('',#18287,#3398);
#1829=LINE('',#18289,#3399);
#1830=LINE('',#18291,#3400);
#1831=LINE('',#18293,#3401);
#1832=LINE('',#18296,#3402);
#1833=LINE('',#18297,#3403);
#1834=LINE('',#18299,#3404);
#1835=LINE('',#18301,#3405);
#1836=LINE('',#18303,#3406);
#1837=LINE('',#18305,#3407);
#1838=LINE('',#18308,#3408);
#1839=LINE('',#18309,#3409);
#1840=LINE('',#18311,#3410);
#1841=LINE('',#18313,#3411);
#1842=LINE('',#18315,#3412);
#1843=LINE('',#18317,#3413);
#1844=LINE('',#18320,#3414);
#1845=LINE('',#18321,#3415);
#1846=LINE('',#18323,#3416);
#1847=LINE('',#18325,#3417);
#1848=LINE('',#18327,#3418);
#1849=LINE('',#18329,#3419);
#1850=LINE('',#18332,#3420);
#1851=LINE('',#18333,#3421);
#1852=LINE('',#18335,#3422);
#1853=LINE('',#18337,#3423);
#1854=LINE('',#18339,#3424);
#1855=LINE('',#18341,#3425);
#1856=LINE('',#18344,#3426);
#1857=LINE('',#18345,#3427);
#1858=LINE('',#18347,#3428);
#1859=LINE('',#18349,#3429);
#1860=LINE('',#18351,#3430);
#1861=LINE('',#18353,#3431);
#1862=LINE('',#18356,#3432);
#1863=LINE('',#18357,#3433);
#1864=LINE('',#18359,#3434);
#1865=LINE('',#18361,#3435);
#1866=LINE('',#18363,#3436);
#1867=LINE('',#18365,#3437);
#1868=LINE('',#18368,#3438);
#1869=LINE('',#18369,#3439);
#1870=LINE('',#18371,#3440);
#1871=LINE('',#18373,#3441);
#1872=LINE('',#18375,#3442);
#1873=LINE('',#18377,#3443);
#1874=LINE('',#18380,#3444);
#1875=LINE('',#18381,#3445);
#1876=LINE('',#18383,#3446);
#1877=LINE('',#18385,#3447);
#1878=LINE('',#18387,#3448);
#1879=LINE('',#18389,#3449);
#1880=LINE('',#18392,#3450);
#1881=LINE('',#18393,#3451);
#1882=LINE('',#18395,#3452);
#1883=LINE('',#18397,#3453);
#1884=LINE('',#18399,#3454);
#1885=LINE('',#18401,#3455);
#1886=LINE('',#18404,#3456);
#1887=LINE('',#18405,#3457);
#1888=LINE('',#18407,#3458);
#1889=LINE('',#18409,#3459);
#1890=LINE('',#18411,#3460);
#1891=LINE('',#18413,#3461);
#1892=LINE('',#18416,#3462);
#1893=LINE('',#18417,#3463);
#1894=LINE('',#18419,#3464);
#1895=LINE('',#18421,#3465);
#1896=LINE('',#18423,#3466);
#1897=LINE('',#18425,#3467);
#1898=LINE('',#18428,#3468);
#1899=LINE('',#18429,#3469);
#1900=LINE('',#18431,#3470);
#1901=LINE('',#18433,#3471);
#1902=LINE('',#18435,#3472);
#1903=LINE('',#18437,#3473);
#1904=LINE('',#18440,#3474);
#1905=LINE('',#18441,#3475);
#1906=LINE('',#18443,#3476);
#1907=LINE('',#18445,#3477);
#1908=LINE('',#18447,#3478);
#1909=LINE('',#18449,#3479);
#1910=LINE('',#18452,#3480);
#1911=LINE('',#18453,#3481);
#1912=LINE('',#18455,#3482);
#1913=LINE('',#18457,#3483);
#1914=LINE('',#18459,#3484);
#1915=LINE('',#18461,#3485);
#1916=LINE('',#18464,#3486);
#1917=LINE('',#18465,#3487);
#1918=LINE('',#18467,#3488);
#1919=LINE('',#18469,#3489);
#1920=LINE('',#18471,#3490);
#1921=LINE('',#18473,#3491);
#1922=LINE('',#18476,#3492);
#1923=LINE('',#18477,#3493);
#1924=LINE('',#18479,#3494);
#1925=LINE('',#18481,#3495);
#1926=LINE('',#18483,#3496);
#1927=LINE('',#18485,#3497);
#1928=LINE('',#18488,#3498);
#1929=LINE('',#18489,#3499);
#1930=LINE('',#18491,#3500);
#1931=LINE('',#18493,#3501);
#1932=LINE('',#18495,#3502);
#1933=LINE('',#18497,#3503);
#1934=LINE('',#18500,#3504);
#1935=LINE('',#18501,#3505);
#1936=LINE('',#18503,#3506);
#1937=LINE('',#18505,#3507);
#1938=LINE('',#18507,#3508);
#1939=LINE('',#18509,#3509);
#1940=LINE('',#18512,#3510);
#1941=LINE('',#18513,#3511);
#1942=LINE('',#18515,#3512);
#1943=LINE('',#18517,#3513);
#1944=LINE('',#18519,#3514);
#1945=LINE('',#18521,#3515);
#1946=LINE('',#18524,#3516);
#1947=LINE('',#18525,#3517);
#1948=LINE('',#18527,#3518);
#1949=LINE('',#18529,#3519);
#1950=LINE('',#18531,#3520);
#1951=LINE('',#18533,#3521);
#1952=LINE('',#18536,#3522);
#1953=LINE('',#18537,#3523);
#1954=LINE('',#18539,#3524);
#1955=LINE('',#18541,#3525);
#1956=LINE('',#18543,#3526);
#1957=LINE('',#18545,#3527);
#1958=LINE('',#18548,#3528);
#1959=LINE('',#18549,#3529);
#1960=LINE('',#18551,#3530);
#1961=LINE('',#18553,#3531);
#1962=LINE('',#18555,#3532);
#1963=LINE('',#18557,#3533);
#1964=LINE('',#18560,#3534);
#1965=LINE('',#18561,#3535);
#1966=LINE('',#18563,#3536);
#1967=LINE('',#18565,#3537);
#1968=LINE('',#18567,#3538);
#1969=LINE('',#18569,#3539);
#1970=LINE('',#18572,#3540);
#1971=LINE('',#18573,#3541);
#1972=LINE('',#18575,#3542);
#1973=LINE('',#18577,#3543);
#1974=LINE('',#18579,#3544);
#1975=LINE('',#18581,#3545);
#1976=LINE('',#18584,#3546);
#1977=LINE('',#18585,#3547);
#1978=LINE('',#18587,#3548);
#1979=LINE('',#18589,#3549);
#1980=LINE('',#18591,#3550);
#1981=LINE('',#18593,#3551);
#1982=LINE('',#18596,#3552);
#1983=LINE('',#18597,#3553);
#1984=LINE('',#18599,#3554);
#1985=LINE('',#18601,#3555);
#1986=LINE('',#18603,#3556);
#1987=LINE('',#18605,#3557);
#1988=LINE('',#18608,#3558);
#1989=LINE('',#18609,#3559);
#1990=LINE('',#18611,#3560);
#1991=LINE('',#18613,#3561);
#1992=LINE('',#18615,#3562);
#1993=LINE('',#18617,#3563);
#1994=LINE('',#18620,#3564);
#1995=LINE('',#18621,#3565);
#1996=LINE('',#18623,#3566);
#1997=LINE('',#18625,#3567);
#1998=LINE('',#18627,#3568);
#1999=LINE('',#18629,#3569);
#2000=LINE('',#18632,#3570);
#2001=LINE('',#18633,#3571);
#2002=LINE('',#18635,#3572);
#2003=LINE('',#18637,#3573);
#2004=LINE('',#18639,#3574);
#2005=LINE('',#18641,#3575);
#2006=LINE('',#18644,#3576);
#2007=LINE('',#18645,#3577);
#2008=LINE('',#18647,#3578);
#2009=LINE('',#18649,#3579);
#2010=LINE('',#18651,#3580);
#2011=LINE('',#18653,#3581);
#2012=LINE('',#18656,#3582);
#2013=LINE('',#18657,#3583);
#2014=LINE('',#18659,#3584);
#2015=LINE('',#18661,#3585);
#2016=LINE('',#18663,#3586);
#2017=LINE('',#18665,#3587);
#2018=LINE('',#18668,#3588);
#2019=LINE('',#18669,#3589);
#2020=LINE('',#18671,#3590);
#2021=LINE('',#18673,#3591);
#2022=LINE('',#18675,#3592);
#2023=LINE('',#18677,#3593);
#2024=LINE('',#18680,#3594);
#2025=LINE('',#18681,#3595);
#2026=LINE('',#18683,#3596);
#2027=LINE('',#18685,#3597);
#2028=LINE('',#18687,#3598);
#2029=LINE('',#18689,#3599);
#2030=LINE('',#18692,#3600);
#2031=LINE('',#18693,#3601);
#2032=LINE('',#18695,#3602);
#2033=LINE('',#18697,#3603);
#2034=LINE('',#18699,#3604);
#2035=LINE('',#18701,#3605);
#2036=LINE('',#18704,#3606);
#2037=LINE('',#18705,#3607);
#2038=LINE('',#18707,#3608);
#2039=LINE('',#18709,#3609);
#2040=LINE('',#18711,#3610);
#2041=LINE('',#18713,#3611);
#2042=LINE('',#18716,#3612);
#2043=LINE('',#18717,#3613);
#2044=LINE('',#18719,#3614);
#2045=LINE('',#18721,#3615);
#2046=LINE('',#18723,#3616);
#2047=LINE('',#18725,#3617);
#2048=LINE('',#18728,#3618);
#2049=LINE('',#18729,#3619);
#2050=LINE('',#18731,#3620);
#2051=LINE('',#18733,#3621);
#2052=LINE('',#18735,#3622);
#2053=LINE('',#18737,#3623);
#2054=LINE('',#18740,#3624);
#2055=LINE('',#18741,#3625);
#2056=LINE('',#18743,#3626);
#2057=LINE('',#18745,#3627);
#2058=LINE('',#18747,#3628);
#2059=LINE('',#18749,#3629);
#2060=LINE('',#18752,#3630);
#2061=LINE('',#18753,#3631);
#2062=LINE('',#18755,#3632);
#2063=LINE('',#18757,#3633);
#2064=LINE('',#18759,#3634);
#2065=LINE('',#18761,#3635);
#2066=LINE('',#18764,#3636);
#2067=LINE('',#18765,#3637);
#2068=LINE('',#18767,#3638);
#2069=LINE('',#18769,#3639);
#2070=LINE('',#18771,#3640);
#2071=LINE('',#18773,#3641);
#2072=LINE('',#18776,#3642);
#2073=LINE('',#18777,#3643);
#2074=LINE('',#18779,#3644);
#2075=LINE('',#18781,#3645);
#2076=LINE('',#18783,#3646);
#2077=LINE('',#18785,#3647);
#2078=LINE('',#18788,#3648);
#2079=LINE('',#18789,#3649);
#2080=LINE('',#18791,#3650);
#2081=LINE('',#18793,#3651);
#2082=LINE('',#18795,#3652);
#2083=LINE('',#18797,#3653);
#2084=LINE('',#18800,#3654);
#2085=LINE('',#18801,#3655);
#2086=LINE('',#18803,#3656);
#2087=LINE('',#18805,#3657);
#2088=LINE('',#18807,#3658);
#2089=LINE('',#18809,#3659);
#2090=LINE('',#18812,#3660);
#2091=LINE('',#18813,#3661);
#2092=LINE('',#18815,#3662);
#2093=LINE('',#18817,#3663);
#2094=LINE('',#18819,#3664);
#2095=LINE('',#18821,#3665);
#2096=LINE('',#18824,#3666);
#2097=LINE('',#18825,#3667);
#2098=LINE('',#18827,#3668);
#2099=LINE('',#18829,#3669);
#2100=LINE('',#18831,#3670);
#2101=LINE('',#18833,#3671);
#2102=LINE('',#18836,#3672);
#2103=LINE('',#18837,#3673);
#2104=LINE('',#18839,#3674);
#2105=LINE('',#18841,#3675);
#2106=LINE('',#18843,#3676);
#2107=LINE('',#18845,#3677);
#2108=LINE('',#18848,#3678);
#2109=LINE('',#18849,#3679);
#2110=LINE('',#18851,#3680);
#2111=LINE('',#18853,#3681);
#2112=LINE('',#18855,#3682);
#2113=LINE('',#18857,#3683);
#2114=LINE('',#18860,#3684);
#2115=LINE('',#18861,#3685);
#2116=LINE('',#18863,#3686);
#2117=LINE('',#18865,#3687);
#2118=LINE('',#18867,#3688);
#2119=LINE('',#18869,#3689);
#2120=LINE('',#18872,#3690);
#2121=LINE('',#18873,#3691);
#2122=LINE('',#18875,#3692);
#2123=LINE('',#18877,#3693);
#2124=LINE('',#18879,#3694);
#2125=LINE('',#18881,#3695);
#2126=LINE('',#18884,#3696);
#2127=LINE('',#18885,#3697);
#2128=LINE('',#18887,#3698);
#2129=LINE('',#18889,#3699);
#2130=LINE('',#18891,#3700);
#2131=LINE('',#18893,#3701);
#2132=LINE('',#18896,#3702);
#2133=LINE('',#18897,#3703);
#2134=LINE('',#18899,#3704);
#2135=LINE('',#18901,#3705);
#2136=LINE('',#18903,#3706);
#2137=LINE('',#18905,#3707);
#2138=LINE('',#18908,#3708);
#2139=LINE('',#18909,#3709);
#2140=LINE('',#18911,#3710);
#2141=LINE('',#18913,#3711);
#2142=LINE('',#18915,#3712);
#2143=LINE('',#18917,#3713);
#2144=LINE('',#18920,#3714);
#2145=LINE('',#18921,#3715);
#2146=LINE('',#18923,#3716);
#2147=LINE('',#18925,#3717);
#2148=LINE('',#18927,#3718);
#2149=LINE('',#18929,#3719);
#2150=LINE('',#18932,#3720);
#2151=LINE('',#18933,#3721);
#2152=LINE('',#18935,#3722);
#2153=LINE('',#18937,#3723);
#2154=LINE('',#18939,#3724);
#2155=LINE('',#18941,#3725);
#2156=LINE('',#18944,#3726);
#2157=LINE('',#18945,#3727);
#2158=LINE('',#18947,#3728);
#2159=LINE('',#18949,#3729);
#2160=LINE('',#18951,#3730);
#2161=LINE('',#18953,#3731);
#2162=LINE('',#18956,#3732);
#2163=LINE('',#18957,#3733);
#2164=LINE('',#18959,#3734);
#2165=LINE('',#18961,#3735);
#2166=LINE('',#18963,#3736);
#2167=LINE('',#18965,#3737);
#2168=LINE('',#18968,#3738);
#2169=LINE('',#18969,#3739);
#2170=LINE('',#18971,#3740);
#2171=LINE('',#18973,#3741);
#2172=LINE('',#18975,#3742);
#2173=LINE('',#18977,#3743);
#2174=LINE('',#18980,#3744);
#2175=LINE('',#18981,#3745);
#2176=LINE('',#18983,#3746);
#2177=LINE('',#18985,#3747);
#2178=LINE('',#18987,#3748);
#2179=LINE('',#18989,#3749);
#2180=LINE('',#18992,#3750);
#2181=LINE('',#18993,#3751);
#2182=LINE('',#18995,#3752);
#2183=LINE('',#18997,#3753);
#2184=LINE('',#18999,#3754);
#2185=LINE('',#19001,#3755);
#2186=LINE('',#19004,#3756);
#2187=LINE('',#19005,#3757);
#2188=LINE('',#19007,#3758);
#2189=LINE('',#19009,#3759);
#2190=LINE('',#19011,#3760);
#2191=LINE('',#19013,#3761);
#2192=LINE('',#19016,#3762);
#2193=LINE('',#19017,#3763);
#2194=LINE('',#19019,#3764);
#2195=LINE('',#19021,#3765);
#2196=LINE('',#19023,#3766);
#2197=LINE('',#19025,#3767);
#2198=LINE('',#19028,#3768);
#2199=LINE('',#19029,#3769);
#2200=LINE('',#19031,#3770);
#2201=LINE('',#19033,#3771);
#2202=LINE('',#19035,#3772);
#2203=LINE('',#19037,#3773);
#2204=LINE('',#19040,#3774);
#2205=LINE('',#19041,#3775);
#2206=LINE('',#19043,#3776);
#2207=LINE('',#19045,#3777);
#2208=LINE('',#19047,#3778);
#2209=LINE('',#19049,#3779);
#2210=LINE('',#19052,#3780);
#2211=LINE('',#19053,#3781);
#2212=LINE('',#19055,#3782);
#2213=LINE('',#19057,#3783);
#2214=LINE('',#19059,#3784);
#2215=LINE('',#19061,#3785);
#2216=LINE('',#19064,#3786);
#2217=LINE('',#19065,#3787);
#2218=LINE('',#19067,#3788);
#2219=LINE('',#19069,#3789);
#2220=LINE('',#19071,#3790);
#2221=LINE('',#19073,#3791);
#2222=LINE('',#19076,#3792);
#2223=LINE('',#19077,#3793);
#2224=LINE('',#19079,#3794);
#2225=LINE('',#19081,#3795);
#2226=LINE('',#19083,#3796);
#2227=LINE('',#19085,#3797);
#2228=LINE('',#19088,#3798);
#2229=LINE('',#19089,#3799);
#2230=LINE('',#19091,#3800);
#2231=LINE('',#19093,#3801);
#2232=LINE('',#19095,#3802);
#2233=LINE('',#19097,#3803);
#2234=LINE('',#19100,#3804);
#2235=LINE('',#19101,#3805);
#2236=LINE('',#19103,#3806);
#2237=LINE('',#19105,#3807);
#2238=LINE('',#19107,#3808);
#2239=LINE('',#19109,#3809);
#2240=LINE('',#19112,#3810);
#2241=LINE('',#19113,#3811);
#2242=LINE('',#19115,#3812);
#2243=LINE('',#19117,#3813);
#2244=LINE('',#19119,#3814);
#2245=LINE('',#19121,#3815);
#2246=LINE('',#19124,#3816);
#2247=LINE('',#19125,#3817);
#2248=LINE('',#19127,#3818);
#2249=LINE('',#19129,#3819);
#2250=LINE('',#19131,#3820);
#2251=LINE('',#19133,#3821);
#2252=VECTOR('',#12630,10.);
#2253=VECTOR('',#12633,10.);
#2254=VECTOR('',#12640,10.);
#2255=VECTOR('',#12641,10.);
#2256=VECTOR('',#12642,10.);
#2257=VECTOR('',#12645,10.);
#2258=VECTOR('',#12650,10.);
#2259=VECTOR('',#12653,10.);
#2260=VECTOR('',#12660,10.);
#2261=VECTOR('',#12663,10.);
#2262=VECTOR('',#12670,10.);
#2263=VECTOR('',#12673,10.);
#2264=VECTOR('',#12676,10.);
#2265=VECTOR('',#12687,10.);
#2266=VECTOR('',#12692,10.);
#2267=VECTOR('',#12695,10.);
#2268=VECTOR('',#12698,10.);
#2269=VECTOR('',#12705,10.);
#2270=VECTOR('',#12708,10.);
#2271=VECTOR('',#12713,10.);
#2272=VECTOR('',#12714,10.);
#2273=VECTOR('',#12719,10.);
#2274=VECTOR('',#12720,10.);
#2275=VECTOR('',#12725,10.);
#2276=VECTOR('',#12726,10.);
#2277=VECTOR('',#12727,10.);
#2278=VECTOR('',#12728,10.);
#2279=VECTOR('',#12733,10.);
#2280=VECTOR('',#12736,10.);
#2281=VECTOR('',#12739,10.);
#2282=VECTOR('',#12740,10.);
#2283=VECTOR('',#12741,10.);
#2284=VECTOR('',#12744,10.);
#2285=VECTOR('',#12747,10.);
#2286=VECTOR('',#12748,10.);
#2287=VECTOR('',#12749,10.);
#2288=VECTOR('',#12752,10.);
#2289=VECTOR('',#12763,10.);
#2290=VECTOR('',#12766,10.);
#2291=VECTOR('',#12771,10.);
#2292=VECTOR('',#12774,10.);
#2293=VECTOR('',#12781,10.);
#2294=VECTOR('',#12782,10.);
#2295=VECTOR('',#12783,10.);
#2296=VECTOR('',#12784,10.);
#2297=VECTOR('',#12785,10.);
#2298=VECTOR('',#12786,10.);
#2299=VECTOR('',#12787,10.);
#2300=VECTOR('',#12788,10.);
#2301=VECTOR('',#12789,10.);
#2302=VECTOR('',#12790,10.);
#2303=VECTOR('',#12791,10.);
#2304=VECTOR('',#12794,10.);
#2305=VECTOR('',#12799,10.);
#2306=VECTOR('',#12800,10.);
#2307=VECTOR('',#12801,10.);
#2308=VECTOR('',#12802,10.);
#2309=VECTOR('',#12803,10.);
#2310=VECTOR('',#12806,10.);
#2311=VECTOR('',#12807,10.);
#2312=VECTOR('',#12808,10.);
#2313=VECTOR('',#12809,10.);
#2314=VECTOR('',#12810,10.);
#2315=VECTOR('',#12811,10.);
#2316=VECTOR('',#12812,10.);
#2317=VECTOR('',#12813,10.);
#2318=VECTOR('',#12814,10.);
#2319=VECTOR('',#12815,10.);
#2320=VECTOR('',#12816,10.);
#2321=VECTOR('',#12823,10.);
#2322=VECTOR('',#12826,10.);
#2323=VECTOR('',#12827,10.);
#2324=VECTOR('',#12828,10.);
#2325=VECTOR('',#12829,10.);
#2326=VECTOR('',#12830,10.);
#2327=VECTOR('',#12835,10.);
#2328=VECTOR('',#12838,10.);
#2329=VECTOR('',#12841,10.);
#2330=VECTOR('',#12842,10.);
#2331=VECTOR('',#12843,10.);
#2332=VECTOR('',#12844,10.);
#2333=VECTOR('',#12845,10.);
#2334=VECTOR('',#12848,10.);
#2335=VECTOR('',#12851,10.);
#2336=VECTOR('',#12854,10.);
#2337=VECTOR('',#12861,10.);
#2338=VECTOR('',#12862,10.);
#2339=VECTOR('',#12865,10.);
#2340=VECTOR('',#12866,10.);
#2341=VECTOR('',#12867,10.);
#2342=VECTOR('',#12868,10.);
#2343=VECTOR('',#12869,10.);
#2344=VECTOR('',#12870,10.);
#2345=VECTOR('',#12871,10.);
#2346=VECTOR('',#12872,10.);
#2347=VECTOR('',#12873,10.);
#2348=VECTOR('',#12874,10.);
#2349=VECTOR('',#12879,10.);
#2350=VECTOR('',#12882,10.);
#2351=VECTOR('',#12883,10.);
#2352=VECTOR('',#12884,10.);
#2353=VECTOR('',#12887,10.);
#2354=VECTOR('',#12890,10.);
#2355=VECTOR('',#12891,10.);
#2356=VECTOR('',#12898,10.);
#2357=VECTOR('',#12901,10.);
#2358=VECTOR('',#12902,10.);
#2359=VECTOR('',#12903,10.);
#2360=VECTOR('',#12908,10.);
#2361=VECTOR('',#12917,10.);
#2362=VECTOR('',#12920,10.);
#2363=VECTOR('',#12923,10.);
#2364=VECTOR('',#12926,10.);
#2365=VECTOR('',#12927,10.);
#2366=VECTOR('',#12928,10.);
#2367=VECTOR('',#12929,10.);
#2368=VECTOR('',#12936,10.);
#2369=VECTOR('',#12945,10.);
#2370=VECTOR('',#12980,10.);
#2371=VECTOR('',#12989,10.);
#2372=VECTOR('',#12992,10.);
#2373=VECTOR('',#12993,10.);
#2374=VECTOR('',#13000,10.);
#2375=VECTOR('',#13003,10.);
#2376=VECTOR('',#13006,10.);
#2377=VECTOR('',#13011,10.);
#2378=VECTOR('',#13014,10.);
#2379=VECTOR('',#13017,10.);
#2380=VECTOR('',#13020,10.);
#2381=VECTOR('',#13023,10.);
#2382=VECTOR('',#13024,10.);
#2383=VECTOR('',#13025,10.);
#2384=VECTOR('',#13026,10.);
#2385=VECTOR('',#13033,10.);
#2386=VECTOR('',#13040,10.);
#2387=VECTOR('',#13043,10.);
#2388=VECTOR('',#13044,10.);
#2389=VECTOR('',#13045,10.);
#2390=VECTOR('',#13046,10.);
#2391=VECTOR('',#13051,10.);
#2392=VECTOR('',#13058,10.);
#2393=VECTOR('',#13067,10.);
#2394=VECTOR('',#13074,10.);
#2395=VECTOR('',#13077,10.);
#2396=VECTOR('',#13078,10.);
#2397=VECTOR('',#13079,10.);
#2398=VECTOR('',#13080,10.);
#2399=VECTOR('',#13083,10.);
#2400=VECTOR('',#13088,10.);
#2401=VECTOR('',#13089,10.);
#2402=VECTOR('',#13092,10.);
#2403=VECTOR('',#13095,10.);
#2404=VECTOR('',#13118,10.);
#2405=VECTOR('',#13125,10.);
#2406=VECTOR('',#13126,10.);
#2407=VECTOR('',#13129,10.);
#2408=VECTOR('',#13132,10.);
#2409=VECTOR('',#13135,10.);
#2410=VECTOR('',#13136,10.);
#2411=VECTOR('',#13137,10.);
#2412=VECTOR('',#13138,10.);
#2413=VECTOR('',#13139,10.);
#2414=VECTOR('',#13140,10.);
#2415=VECTOR('',#13141,10.);
#2416=VECTOR('',#13142,10.);
#2417=VECTOR('',#13143,10.);
#2418=VECTOR('',#13144,10.);
#2419=VECTOR('',#13145,10.);
#2420=VECTOR('',#13146,10.);
#2421=VECTOR('',#13147,10.);
#2422=VECTOR('',#13148,10.);
#2423=VECTOR('',#13149,10.);
#2424=VECTOR('',#13150,10.);
#2425=VECTOR('',#13151,10.);
#2426=VECTOR('',#13152,10.);
#2427=VECTOR('',#13153,10.);
#2428=VECTOR('',#13154,10.);
#2429=VECTOR('',#13155,10.);
#2430=VECTOR('',#13156,10.);
#2431=VECTOR('',#13157,10.);
#2432=VECTOR('',#13158,10.);
#2433=VECTOR('',#13159,10.);
#2434=VECTOR('',#13160,10.);
#2435=VECTOR('',#13161,10.);
#2436=VECTOR('',#13162,10.);
#2437=VECTOR('',#13163,10.);
#2438=VECTOR('',#13164,10.);
#2439=VECTOR('',#13165,10.);
#2440=VECTOR('',#13166,10.);
#2441=VECTOR('',#13167,10.);
#2442=VECTOR('',#13168,10.);
#2443=VECTOR('',#13169,10.);
#2444=VECTOR('',#13170,10.);
#2445=VECTOR('',#13171,10.);
#2446=VECTOR('',#13172,10.);
#2447=VECTOR('',#13173,10.);
#2448=VECTOR('',#13174,10.);
#2449=VECTOR('',#13175,10.);
#2450=VECTOR('',#13176,10.);
#2451=VECTOR('',#13177,10.);
#2452=VECTOR('',#13178,10.);
#2453=VECTOR('',#13179,10.);
#2454=VECTOR('',#13180,10.);
#2455=VECTOR('',#13181,10.);
#2456=VECTOR('',#13182,10.);
#2457=VECTOR('',#13183,10.);
#2458=VECTOR('',#13184,10.);
#2459=VECTOR('',#13185,10.);
#2460=VECTOR('',#13186,10.);
#2461=VECTOR('',#13187,10.);
#2462=VECTOR('',#13188,10.);
#2463=VECTOR('',#13189,10.);
#2464=VECTOR('',#13190,10.);
#2465=VECTOR('',#13191,10.);
#2466=VECTOR('',#13192,10.);
#2467=VECTOR('',#13193,10.);
#2468=VECTOR('',#13194,10.);
#2469=VECTOR('',#13195,10.);
#2470=VECTOR('',#13196,10.);
#2471=VECTOR('',#13197,10.);
#2472=VECTOR('',#13198,10.);
#2473=VECTOR('',#13199,10.);
#2474=VECTOR('',#13200,10.);
#2475=VECTOR('',#13201,10.);
#2476=VECTOR('',#13202,10.);
#2477=VECTOR('',#13203,10.);
#2478=VECTOR('',#13204,10.);
#2479=VECTOR('',#13205,10.);
#2480=VECTOR('',#13206,10.);
#2481=VECTOR('',#13207,10.);
#2482=VECTOR('',#13208,10.);
#2483=VECTOR('',#13209,10.);
#2484=VECTOR('',#13210,10.);
#2485=VECTOR('',#13211,10.);
#2486=VECTOR('',#13212,10.);
#2487=VECTOR('',#13213,10.);
#2488=VECTOR('',#13214,10.);
#2489=VECTOR('',#13215,10.);
#2490=VECTOR('',#13216,10.);
#2491=VECTOR('',#13217,10.);
#2492=VECTOR('',#13218,10.);
#2493=VECTOR('',#13219,10.);
#2494=VECTOR('',#13220,10.);
#2495=VECTOR('',#13221,10.);
#2496=VECTOR('',#13222,10.);
#2497=VECTOR('',#13223,10.);
#2498=VECTOR('',#13224,10.);
#2499=VECTOR('',#13225,10.);
#2500=VECTOR('',#13226,10.);
#2501=VECTOR('',#13227,10.);
#2502=VECTOR('',#13228,10.);
#2503=VECTOR('',#13229,10.);
#2504=VECTOR('',#13230,10.);
#2505=VECTOR('',#13231,10.);
#2506=VECTOR('',#13232,10.);
#2507=VECTOR('',#13233,10.);
#2508=VECTOR('',#13234,10.);
#2509=VECTOR('',#13235,10.);
#2510=VECTOR('',#13236,10.);
#2511=VECTOR('',#13237,10.);
#2512=VECTOR('',#13238,10.);
#2513=VECTOR('',#13239,10.);
#2514=VECTOR('',#13240,10.);
#2515=VECTOR('',#13241,10.);
#2516=VECTOR('',#13242,10.);
#2517=VECTOR('',#13243,10.);
#2518=VECTOR('',#13244,10.);
#2519=VECTOR('',#13245,10.);
#2520=VECTOR('',#13246,10.);
#2521=VECTOR('',#13247,10.);
#2522=VECTOR('',#13248,10.);
#2523=VECTOR('',#13249,10.);
#2524=VECTOR('',#13250,10.);
#2525=VECTOR('',#13251,10.);
#2526=VECTOR('',#13252,10.);
#2527=VECTOR('',#13253,10.);
#2528=VECTOR('',#13254,10.);
#2529=VECTOR('',#13255,10.);
#2530=VECTOR('',#13256,10.);
#2531=VECTOR('',#13257,10.);
#2532=VECTOR('',#13258,10.);
#2533=VECTOR('',#13259,10.);
#2534=VECTOR('',#13260,10.);
#2535=VECTOR('',#13261,10.);
#2536=VECTOR('',#13262,10.);
#2537=VECTOR('',#13263,10.);
#2538=VECTOR('',#13264,10.);
#2539=VECTOR('',#13265,10.);
#2540=VECTOR('',#13266,10.);
#2541=VECTOR('',#13267,10.);
#2542=VECTOR('',#13268,10.);
#2543=VECTOR('',#13269,10.);
#2544=VECTOR('',#13270,10.);
#2545=VECTOR('',#13271,10.);
#2546=VECTOR('',#13272,10.);
#2547=VECTOR('',#13273,10.);
#2548=VECTOR('',#13274,10.);
#2549=VECTOR('',#13275,10.);
#2550=VECTOR('',#13276,10.);
#2551=VECTOR('',#13277,10.);
#2552=VECTOR('',#13278,10.);
#2553=VECTOR('',#13279,10.);
#2554=VECTOR('',#13280,10.);
#2555=VECTOR('',#13281,10.);
#2556=VECTOR('',#13282,10.);
#2557=VECTOR('',#13283,10.);
#2558=VECTOR('',#13284,10.);
#2559=VECTOR('',#13285,10.);
#2560=VECTOR('',#13286,10.);
#2561=VECTOR('',#13287,10.);
#2562=VECTOR('',#13288,10.);
#2563=VECTOR('',#13289,10.);
#2564=VECTOR('',#13290,10.);
#2565=VECTOR('',#13291,10.);
#2566=VECTOR('',#13292,10.);
#2567=VECTOR('',#13293,10.);
#2568=VECTOR('',#13294,10.);
#2569=VECTOR('',#13295,10.);
#2570=VECTOR('',#13296,10.);
#2571=VECTOR('',#13297,10.);
#2572=VECTOR('',#13298,10.);
#2573=VECTOR('',#13299,10.);
#2574=VECTOR('',#13300,10.);
#2575=VECTOR('',#13301,10.);
#2576=VECTOR('',#13302,10.);
#2577=VECTOR('',#13303,10.);
#2578=VECTOR('',#13304,10.);
#2579=VECTOR('',#13305,10.);
#2580=VECTOR('',#13306,10.);
#2581=VECTOR('',#13307,10.);
#2582=VECTOR('',#13308,10.);
#2583=VECTOR('',#13309,10.);
#2584=VECTOR('',#13310,10.);
#2585=VECTOR('',#13311,10.);
#2586=VECTOR('',#13312,10.);
#2587=VECTOR('',#13313,10.);
#2588=VECTOR('',#13314,10.);
#2589=VECTOR('',#13315,10.);
#2590=VECTOR('',#13316,10.);
#2591=VECTOR('',#13317,10.);
#2592=VECTOR('',#13318,10.);
#2593=VECTOR('',#13319,10.);
#2594=VECTOR('',#13320,10.);
#2595=VECTOR('',#13321,10.);
#2596=VECTOR('',#13322,10.);
#2597=VECTOR('',#13323,10.);
#2598=VECTOR('',#13324,10.);
#2599=VECTOR('',#13325,10.);
#2600=VECTOR('',#13326,10.);
#2601=VECTOR('',#13327,10.);
#2602=VECTOR('',#13328,10.);
#2603=VECTOR('',#13329,10.);
#2604=VECTOR('',#13330,10.);
#2605=VECTOR('',#13331,10.);
#2606=VECTOR('',#13332,10.);
#2607=VECTOR('',#13333,10.);
#2608=VECTOR('',#13334,10.);
#2609=VECTOR('',#13335,10.);
#2610=VECTOR('',#13336,10.);
#2611=VECTOR('',#13337,10.);
#2612=VECTOR('',#13338,10.);
#2613=VECTOR('',#13339,10.);
#2614=VECTOR('',#13340,10.);
#2615=VECTOR('',#13341,10.);
#2616=VECTOR('',#13342,10.);
#2617=VECTOR('',#13343,10.);
#2618=VECTOR('',#13344,10.);
#2619=VECTOR('',#13345,10.);
#2620=VECTOR('',#13346,10.);
#2621=VECTOR('',#13347,10.);
#2622=VECTOR('',#13348,10.);
#2623=VECTOR('',#13349,10.);
#2624=VECTOR('',#13350,10.);
#2625=VECTOR('',#13351,10.);
#2626=VECTOR('',#13352,10.);
#2627=VECTOR('',#13353,10.);
#2628=VECTOR('',#13354,10.);
#2629=VECTOR('',#13355,10.);
#2630=VECTOR('',#13356,10.);
#2631=VECTOR('',#13357,10.);
#2632=VECTOR('',#13358,10.);
#2633=VECTOR('',#13359,10.);
#2634=VECTOR('',#13360,10.);
#2635=VECTOR('',#13361,10.);
#2636=VECTOR('',#13362,10.);
#2637=VECTOR('',#13363,10.);
#2638=VECTOR('',#13364,10.);
#2639=VECTOR('',#13365,10.);
#2640=VECTOR('',#13366,10.);
#2641=VECTOR('',#13367,10.);
#2642=VECTOR('',#13368,10.);
#2643=VECTOR('',#13369,10.);
#2644=VECTOR('',#13370,10.);
#2645=VECTOR('',#13371,10.);
#2646=VECTOR('',#13372,10.);
#2647=VECTOR('',#13373,10.);
#2648=VECTOR('',#13374,10.);
#2649=VECTOR('',#13375,10.);
#2650=VECTOR('',#13376,10.);
#2651=VECTOR('',#13377,10.);
#2652=VECTOR('',#13378,10.);
#2653=VECTOR('',#13379,10.);
#2654=VECTOR('',#13380,10.);
#2655=VECTOR('',#13381,10.);
#2656=VECTOR('',#13382,10.);
#2657=VECTOR('',#13383,10.);
#2658=VECTOR('',#13384,10.);
#2659=VECTOR('',#13385,10.);
#2660=VECTOR('',#13386,10.);
#2661=VECTOR('',#13387,10.);
#2662=VECTOR('',#13388,10.);
#2663=VECTOR('',#13389,10.);
#2664=VECTOR('',#13390,10.);
#2665=VECTOR('',#13391,10.);
#2666=VECTOR('',#13392,10.);
#2667=VECTOR('',#13393,10.);
#2668=VECTOR('',#13394,10.);
#2669=VECTOR('',#13395,10.);
#2670=VECTOR('',#13396,10.);
#2671=VECTOR('',#13397,10.);
#2672=VECTOR('',#13398,10.);
#2673=VECTOR('',#13399,10.);
#2674=VECTOR('',#13400,10.);
#2675=VECTOR('',#13401,10.);
#2676=VECTOR('',#13402,10.);
#2677=VECTOR('',#13403,10.);
#2678=VECTOR('',#13404,10.);
#2679=VECTOR('',#13405,10.);
#2680=VECTOR('',#13406,10.);
#2681=VECTOR('',#13407,10.);
#2682=VECTOR('',#13408,10.);
#2683=VECTOR('',#13409,10.);
#2684=VECTOR('',#13410,10.);
#2685=VECTOR('',#13411,10.);
#2686=VECTOR('',#13412,10.);
#2687=VECTOR('',#13413,10.);
#2688=VECTOR('',#13414,10.);
#2689=VECTOR('',#13415,10.);
#2690=VECTOR('',#13416,10.);
#2691=VECTOR('',#13417,10.);
#2692=VECTOR('',#13418,10.);
#2693=VECTOR('',#13419,10.);
#2694=VECTOR('',#13420,10.);
#2695=VECTOR('',#13421,10.);
#2696=VECTOR('',#13422,10.);
#2697=VECTOR('',#13423,10.);
#2698=VECTOR('',#13424,10.);
#2699=VECTOR('',#13425,10.);
#2700=VECTOR('',#13426,10.);
#2701=VECTOR('',#13427,10.);
#2702=VECTOR('',#13428,10.);
#2703=VECTOR('',#13429,10.);
#2704=VECTOR('',#13430,10.);
#2705=VECTOR('',#13431,10.);
#2706=VECTOR('',#13432,10.);
#2707=VECTOR('',#13433,10.);
#2708=VECTOR('',#13434,10.);
#2709=VECTOR('',#13435,10.);
#2710=VECTOR('',#13436,10.);
#2711=VECTOR('',#13437,10.);
#2712=VECTOR('',#13438,10.);
#2713=VECTOR('',#13439,10.);
#2714=VECTOR('',#13440,10.);
#2715=VECTOR('',#13441,10.);
#2716=VECTOR('',#13442,10.);
#2717=VECTOR('',#13443,10.);
#2718=VECTOR('',#13444,10.);
#2719=VECTOR('',#13445,10.);
#2720=VECTOR('',#13446,10.);
#2721=VECTOR('',#13447,10.);
#2722=VECTOR('',#13448,10.);
#2723=VECTOR('',#13449,10.);
#2724=VECTOR('',#13450,10.);
#2725=VECTOR('',#13451,10.);
#2726=VECTOR('',#13452,10.);
#2727=VECTOR('',#13453,10.);
#2728=VECTOR('',#13454,10.);
#2729=VECTOR('',#13455,10.);
#2730=VECTOR('',#13456,10.);
#2731=VECTOR('',#13457,10.);
#2732=VECTOR('',#13458,10.);
#2733=VECTOR('',#13459,10.);
#2734=VECTOR('',#13460,10.);
#2735=VECTOR('',#13461,10.);
#2736=VECTOR('',#13462,10.);
#2737=VECTOR('',#13463,10.);
#2738=VECTOR('',#13464,10.);
#2739=VECTOR('',#13465,10.);
#2740=VECTOR('',#13466,10.);
#2741=VECTOR('',#13467,10.);
#2742=VECTOR('',#13468,10.);
#2743=VECTOR('',#13469,10.);
#2744=VECTOR('',#13470,10.);
#2745=VECTOR('',#13471,10.);
#2746=VECTOR('',#13472,10.);
#2747=VECTOR('',#13473,10.);
#2748=VECTOR('',#13474,10.);
#2749=VECTOR('',#13475,10.);
#2750=VECTOR('',#13476,10.);
#2751=VECTOR('',#13477,10.);
#2752=VECTOR('',#13478,10.);
#2753=VECTOR('',#13479,10.);
#2754=VECTOR('',#13480,10.);
#2755=VECTOR('',#13481,10.);
#2756=VECTOR('',#13482,10.);
#2757=VECTOR('',#13483,10.);
#2758=VECTOR('',#13484,10.);
#2759=VECTOR('',#13485,10.);
#2760=VECTOR('',#13486,10.);
#2761=VECTOR('',#13487,10.);
#2762=VECTOR('',#13488,10.);
#2763=VECTOR('',#13489,10.);
#2764=VECTOR('',#13490,10.);
#2765=VECTOR('',#13491,10.);
#2766=VECTOR('',#13492,10.);
#2767=VECTOR('',#13493,10.);
#2768=VECTOR('',#13494,10.);
#2769=VECTOR('',#13495,10.);
#2770=VECTOR('',#13496,10.);
#2771=VECTOR('',#13497,10.);
#2772=VECTOR('',#13498,10.);
#2773=VECTOR('',#13499,10.);
#2774=VECTOR('',#13500,10.);
#2775=VECTOR('',#13501,10.);
#2776=VECTOR('',#13502,10.);
#2777=VECTOR('',#13503,10.);
#2778=VECTOR('',#13504,10.);
#2779=VECTOR('',#13505,10.);
#2780=VECTOR('',#13506,10.);
#2781=VECTOR('',#13507,10.);
#2782=VECTOR('',#13508,10.);
#2783=VECTOR('',#13509,10.);
#2784=VECTOR('',#13510,10.);
#2785=VECTOR('',#13511,10.);
#2786=VECTOR('',#13512,10.);
#2787=VECTOR('',#13513,10.);
#2788=VECTOR('',#13514,10.);
#2789=VECTOR('',#13515,10.);
#2790=VECTOR('',#13516,10.);
#2791=VECTOR('',#13517,10.);
#2792=VECTOR('',#13518,10.);
#2793=VECTOR('',#13519,10.);
#2794=VECTOR('',#13520,10.);
#2795=VECTOR('',#13521,10.);
#2796=VECTOR('',#13522,10.);
#2797=VECTOR('',#13523,10.);
#2798=VECTOR('',#13524,10.);
#2799=VECTOR('',#13525,10.);
#2800=VECTOR('',#13526,10.);
#2801=VECTOR('',#13527,10.);
#2802=VECTOR('',#13528,10.);
#2803=VECTOR('',#13529,10.);
#2804=VECTOR('',#13530,10.);
#2805=VECTOR('',#13531,10.);
#2806=VECTOR('',#13532,10.);
#2807=VECTOR('',#13533,10.);
#2808=VECTOR('',#13534,10.);
#2809=VECTOR('',#13535,10.);
#2810=VECTOR('',#13536,10.);
#2811=VECTOR('',#13537,10.);
#2812=VECTOR('',#13538,10.);
#2813=VECTOR('',#13539,10.);
#2814=VECTOR('',#13540,10.);
#2815=VECTOR('',#13541,10.);
#2816=VECTOR('',#13542,10.);
#2817=VECTOR('',#13543,10.);
#2818=VECTOR('',#13544,10.);
#2819=VECTOR('',#13545,10.);
#2820=VECTOR('',#13546,10.);
#2821=VECTOR('',#13547,10.);
#2822=VECTOR('',#13548,10.);
#2823=VECTOR('',#13549,10.);
#2824=VECTOR('',#13550,10.);
#2825=VECTOR('',#13551,10.);
#2826=VECTOR('',#13552,10.);
#2827=VECTOR('',#13553,10.);
#2828=VECTOR('',#13554,10.);
#2829=VECTOR('',#13555,10.);
#2830=VECTOR('',#13556,10.);
#2831=VECTOR('',#13557,10.);
#2832=VECTOR('',#13558,10.);
#2833=VECTOR('',#13559,10.);
#2834=VECTOR('',#13560,10.);
#2835=VECTOR('',#13561,10.);
#2836=VECTOR('',#13562,10.);
#2837=VECTOR('',#13563,10.);
#2838=VECTOR('',#13564,10.);
#2839=VECTOR('',#13565,10.);
#2840=VECTOR('',#13566,10.);
#2841=VECTOR('',#13567,10.);
#2842=VECTOR('',#13568,10.);
#2843=VECTOR('',#13569,10.);
#2844=VECTOR('',#13570,10.);
#2845=VECTOR('',#13571,10.);
#2846=VECTOR('',#13572,10.);
#2847=VECTOR('',#13573,10.);
#2848=VECTOR('',#13574,10.);
#2849=VECTOR('',#13575,10.);
#2850=VECTOR('',#13576,10.);
#2851=VECTOR('',#13577,10.);
#2852=VECTOR('',#13578,10.);
#2853=VECTOR('',#13579,10.);
#2854=VECTOR('',#13580,10.);
#2855=VECTOR('',#13581,10.);
#2856=VECTOR('',#13582,10.);
#2857=VECTOR('',#13583,10.);
#2858=VECTOR('',#13584,10.);
#2859=VECTOR('',#13585,10.);
#2860=VECTOR('',#13586,10.);
#2861=VECTOR('',#13587,10.);
#2862=VECTOR('',#13588,10.);
#2863=VECTOR('',#13589,10.);
#2864=VECTOR('',#13590,10.);
#2865=VECTOR('',#13591,10.);
#2866=VECTOR('',#13592,10.);
#2867=VECTOR('',#13593,10.);
#2868=VECTOR('',#13594,10.);
#2869=VECTOR('',#13595,10.);
#2870=VECTOR('',#13596,10.);
#2871=VECTOR('',#13597,10.);
#2872=VECTOR('',#13598,10.);
#2873=VECTOR('',#13599,10.);
#2874=VECTOR('',#13600,10.);
#2875=VECTOR('',#13601,10.);
#2876=VECTOR('',#13602,10.);
#2877=VECTOR('',#13603,10.);
#2878=VECTOR('',#13604,10.);
#2879=VECTOR('',#13605,10.);
#2880=VECTOR('',#13610,10.);
#2881=VECTOR('',#13613,10.);
#2882=VECTOR('',#13616,10.);
#2883=VECTOR('',#13619,10.);
#2884=VECTOR('',#13622,10.);
#2885=VECTOR('',#13625,10.);
#2886=VECTOR('',#13628,10.);
#2887=VECTOR('',#13629,10.);
#2888=VECTOR('',#13630,10.);
#2889=VECTOR('',#13631,10.);
#2890=VECTOR('',#13632,10.);
#2891=VECTOR('',#13633,10.);
#2892=VECTOR('',#13634,10.);
#2893=VECTOR('',#13635,10.);
#2894=VECTOR('',#13636,10.);
#2895=VECTOR('',#13637,10.);
#2896=VECTOR('',#13638,10.);
#2897=VECTOR('',#13639,10.);
#2898=VECTOR('',#13640,10.);
#2899=VECTOR('',#13641,10.);
#2900=VECTOR('',#13642,10.);
#2901=VECTOR('',#13643,10.);
#2902=VECTOR('',#13644,10.);
#2903=VECTOR('',#13645,10.);
#2904=VECTOR('',#13646,10.);
#2905=VECTOR('',#13647,10.);
#2906=VECTOR('',#13648,10.);
#2907=VECTOR('',#13649,10.);
#2908=VECTOR('',#13650,10.);
#2909=VECTOR('',#13651,10.);
#2910=VECTOR('',#13652,10.);
#2911=VECTOR('',#13653,10.);
#2912=VECTOR('',#13654,10.);
#2913=VECTOR('',#13655,10.);
#2914=VECTOR('',#13656,10.);
#2915=VECTOR('',#13657,10.);
#2916=VECTOR('',#13658,10.);
#2917=VECTOR('',#13659,10.);
#2918=VECTOR('',#13660,10.);
#2919=VECTOR('',#13661,10.);
#2920=VECTOR('',#13662,10.);
#2921=VECTOR('',#13663,10.);
#2922=VECTOR('',#13664,10.);
#2923=VECTOR('',#13665,10.);
#2924=VECTOR('',#13666,10.);
#2925=VECTOR('',#13667,10.);
#2926=VECTOR('',#13668,10.);
#2927=VECTOR('',#13669,10.);
#2928=VECTOR('',#13670,10.);
#2929=VECTOR('',#13671,10.);
#2930=VECTOR('',#13672,10.);
#2931=VECTOR('',#13673,10.);
#2932=VECTOR('',#13674,10.);
#2933=VECTOR('',#13675,10.);
#2934=VECTOR('',#13676,10.);
#2935=VECTOR('',#13677,10.);
#2936=VECTOR('',#13678,10.);
#2937=VECTOR('',#13679,10.);
#2938=VECTOR('',#13680,10.);
#2939=VECTOR('',#13681,10.);
#2940=VECTOR('',#13682,10.);
#2941=VECTOR('',#13683,10.);
#2942=VECTOR('',#13684,10.);
#2943=VECTOR('',#13685,10.);
#2944=VECTOR('',#13686,10.);
#2945=VECTOR('',#13687,10.);
#2946=VECTOR('',#13688,10.);
#2947=VECTOR('',#13689,10.);
#2948=VECTOR('',#13690,10.);
#2949=VECTOR('',#13691,10.);
#2950=VECTOR('',#13692,10.);
#2951=VECTOR('',#13693,10.);
#2952=VECTOR('',#13694,10.);
#2953=VECTOR('',#13695,10.);
#2954=VECTOR('',#13696,10.);
#2955=VECTOR('',#13697,10.);
#2956=VECTOR('',#13698,10.);
#2957=VECTOR('',#13699,10.);
#2958=VECTOR('',#13700,10.);
#2959=VECTOR('',#13701,10.);
#2960=VECTOR('',#13702,10.);
#2961=VECTOR('',#13703,10.);
#2962=VECTOR('',#13704,10.);
#2963=VECTOR('',#13705,10.);
#2964=VECTOR('',#13706,10.);
#2965=VECTOR('',#13707,10.);
#2966=VECTOR('',#13708,10.);
#2967=VECTOR('',#13709,10.);
#2968=VECTOR('',#13710,10.);
#2969=VECTOR('',#13711,10.);
#2970=VECTOR('',#13712,10.);
#2971=VECTOR('',#13713,10.);
#2972=VECTOR('',#13714,10.);
#2973=VECTOR('',#13715,10.);
#2974=VECTOR('',#13716,10.);
#2975=VECTOR('',#13717,10.);
#2976=VECTOR('',#13718,10.);
#2977=VECTOR('',#13719,10.);
#2978=VECTOR('',#13720,10.);
#2979=VECTOR('',#13721,10.);
#2980=VECTOR('',#13722,10.);
#2981=VECTOR('',#13723,10.);
#2982=VECTOR('',#13724,10.);
#2983=VECTOR('',#13725,10.);
#2984=VECTOR('',#13726,10.);
#2985=VECTOR('',#13727,10.);
#2986=VECTOR('',#13728,10.);
#2987=VECTOR('',#13729,10.);
#2988=VECTOR('',#13730,10.);
#2989=VECTOR('',#13731,10.);
#2990=VECTOR('',#13732,10.);
#2991=VECTOR('',#13733,10.);
#2992=VECTOR('',#13734,10.);
#2993=VECTOR('',#13735,10.);
#2994=VECTOR('',#13736,10.);
#2995=VECTOR('',#13737,10.);
#2996=VECTOR('',#13738,10.);
#2997=VECTOR('',#13739,10.);
#2998=VECTOR('',#13740,10.);
#2999=VECTOR('',#13741,10.);
#3000=VECTOR('',#13742,10.);
#3001=VECTOR('',#13743,10.);
#3002=VECTOR('',#13744,10.);
#3003=VECTOR('',#13745,10.);
#3004=VECTOR('',#13746,10.);
#3005=VECTOR('',#13747,10.);
#3006=VECTOR('',#13748,10.);
#3007=VECTOR('',#13749,10.);
#3008=VECTOR('',#13750,10.);
#3009=VECTOR('',#13751,10.);
#3010=VECTOR('',#13752,10.);
#3011=VECTOR('',#13753,10.);
#3012=VECTOR('',#13754,10.);
#3013=VECTOR('',#13755,10.);
#3014=VECTOR('',#13756,10.);
#3015=VECTOR('',#13757,10.);
#3016=VECTOR('',#13758,10.);
#3017=VECTOR('',#13759,10.);
#3018=VECTOR('',#13760,10.);
#3019=VECTOR('',#13761,10.);
#3020=VECTOR('',#13762,10.);
#3021=VECTOR('',#13763,10.);
#3022=VECTOR('',#13764,10.);
#3023=VECTOR('',#13765,10.);
#3024=VECTOR('',#13766,10.);
#3025=VECTOR('',#13767,10.);
#3026=VECTOR('',#13768,10.);
#3027=VECTOR('',#13769,10.);
#3028=VECTOR('',#13770,10.);
#3029=VECTOR('',#13771,10.);
#3030=VECTOR('',#13772,10.);
#3031=VECTOR('',#13773,10.);
#3032=VECTOR('',#13774,10.);
#3033=VECTOR('',#13775,10.);
#3034=VECTOR('',#13776,10.);
#3035=VECTOR('',#13777,10.);
#3036=VECTOR('',#13778,10.);
#3037=VECTOR('',#13779,10.);
#3038=VECTOR('',#13780,10.);
#3039=VECTOR('',#13781,10.);
#3040=VECTOR('',#13782,10.);
#3041=VECTOR('',#13783,10.);
#3042=VECTOR('',#13784,10.);
#3043=VECTOR('',#13785,10.);
#3044=VECTOR('',#13786,10.);
#3045=VECTOR('',#13787,10.);
#3046=VECTOR('',#13788,10.);
#3047=VECTOR('',#13789,10.);
#3048=VECTOR('',#13790,10.);
#3049=VECTOR('',#13791,10.);
#3050=VECTOR('',#13792,10.);
#3051=VECTOR('',#13793,10.);
#3052=VECTOR('',#13794,10.);
#3053=VECTOR('',#13795,10.);
#3054=VECTOR('',#13796,10.);
#3055=VECTOR('',#13797,10.);
#3056=VECTOR('',#13798,10.);
#3057=VECTOR('',#13799,10.);
#3058=VECTOR('',#13800,10.);
#3059=VECTOR('',#13801,10.);
#3060=VECTOR('',#13802,10.);
#3061=VECTOR('',#13803,10.);
#3062=VECTOR('',#13804,10.);
#3063=VECTOR('',#13805,10.);
#3064=VECTOR('',#13806,10.);
#3065=VECTOR('',#13807,10.);
#3066=VECTOR('',#13808,10.);
#3067=VECTOR('',#13809,10.);
#3068=VECTOR('',#13810,10.);
#3069=VECTOR('',#13811,10.);
#3070=VECTOR('',#13812,10.);
#3071=VECTOR('',#13813,10.);
#3072=VECTOR('',#13814,10.);
#3073=VECTOR('',#13815,10.);
#3074=VECTOR('',#13816,10.);
#3075=VECTOR('',#13817,10.);
#3076=VECTOR('',#13818,10.);
#3077=VECTOR('',#13819,10.);
#3078=VECTOR('',#13820,10.);
#3079=VECTOR('',#13821,10.);
#3080=VECTOR('',#13822,10.);
#3081=VECTOR('',#13823,10.);
#3082=VECTOR('',#13824,10.);
#3083=VECTOR('',#13825,10.);
#3084=VECTOR('',#13826,10.);
#3085=VECTOR('',#13827,10.);
#3086=VECTOR('',#13828,10.);
#3087=VECTOR('',#13829,10.);
#3088=VECTOR('',#13830,10.);
#3089=VECTOR('',#13831,10.);
#3090=VECTOR('',#13832,10.);
#3091=VECTOR('',#13833,10.);
#3092=VECTOR('',#13834,10.);
#3093=VECTOR('',#13835,10.);
#3094=VECTOR('',#13836,10.);
#3095=VECTOR('',#13837,10.);
#3096=VECTOR('',#13838,10.);
#3097=VECTOR('',#13839,10.);
#3098=VECTOR('',#13840,10.);
#3099=VECTOR('',#13841,10.);
#3100=VECTOR('',#13842,10.);
#3101=VECTOR('',#13843,10.);
#3102=VECTOR('',#13844,10.);
#3103=VECTOR('',#13845,10.);
#3104=VECTOR('',#13846,10.);
#3105=VECTOR('',#13847,10.);
#3106=VECTOR('',#13848,10.);
#3107=VECTOR('',#13849,10.);
#3108=VECTOR('',#13850,10.);
#3109=VECTOR('',#13851,10.);
#3110=VECTOR('',#13852,10.);
#3111=VECTOR('',#13853,10.);
#3112=VECTOR('',#13854,10.);
#3113=VECTOR('',#13855,10.);
#3114=VECTOR('',#13856,10.);
#3115=VECTOR('',#13857,10.);
#3116=VECTOR('',#13858,10.);
#3117=VECTOR('',#13859,10.);
#3118=VECTOR('',#13860,10.);
#3119=VECTOR('',#13861,10.);
#3120=VECTOR('',#13862,10.);
#3121=VECTOR('',#13863,10.);
#3122=VECTOR('',#13864,10.);
#3123=VECTOR('',#13865,10.);
#3124=VECTOR('',#13866,10.);
#3125=VECTOR('',#13867,10.);
#3126=VECTOR('',#13868,10.);
#3127=VECTOR('',#13869,10.);
#3128=VECTOR('',#13870,10.);
#3129=VECTOR('',#13871,10.);
#3130=VECTOR('',#13872,10.);
#3131=VECTOR('',#13873,10.);
#3132=VECTOR('',#13874,10.);
#3133=VECTOR('',#13875,10.);
#3134=VECTOR('',#13876,10.);
#3135=VECTOR('',#13877,10.);
#3136=VECTOR('',#13878,10.);
#3137=VECTOR('',#13879,10.);
#3138=VECTOR('',#13880,10.);
#3139=VECTOR('',#13881,10.);
#3140=VECTOR('',#13882,10.);
#3141=VECTOR('',#13883,10.);
#3142=VECTOR('',#13884,10.);
#3143=VECTOR('',#13885,10.);
#3144=VECTOR('',#13886,10.);
#3145=VECTOR('',#13887,10.);
#3146=VECTOR('',#13888,10.);
#3147=VECTOR('',#13889,10.);
#3148=VECTOR('',#13890,10.);
#3149=VECTOR('',#13891,10.);
#3150=VECTOR('',#13892,10.);
#3151=VECTOR('',#13893,10.);
#3152=VECTOR('',#13894,10.);
#3153=VECTOR('',#13895,10.);
#3154=VECTOR('',#13896,10.);
#3155=VECTOR('',#13897,10.);
#3156=VECTOR('',#13898,10.);
#3157=VECTOR('',#13899,10.);
#3158=VECTOR('',#13900,10.);
#3159=VECTOR('',#13901,10.);
#3160=VECTOR('',#13902,10.);
#3161=VECTOR('',#13903,10.);
#3162=VECTOR('',#13904,10.);
#3163=VECTOR('',#13905,10.);
#3164=VECTOR('',#13906,10.);
#3165=VECTOR('',#13907,10.);
#3166=VECTOR('',#13908,10.);
#3167=VECTOR('',#13909,10.);
#3168=VECTOR('',#13910,10.);
#3169=VECTOR('',#13911,10.);
#3170=VECTOR('',#13912,10.);
#3171=VECTOR('',#13913,10.);
#3172=VECTOR('',#13914,10.);
#3173=VECTOR('',#13915,10.);
#3174=VECTOR('',#13916,10.);
#3175=VECTOR('',#13917,10.);
#3176=VECTOR('',#13918,10.);
#3177=VECTOR('',#13919,10.);
#3178=VECTOR('',#13920,10.);
#3179=VECTOR('',#13921,10.);
#3180=VECTOR('',#13922,10.);
#3181=VECTOR('',#13923,10.);
#3182=VECTOR('',#13924,10.);
#3183=VECTOR('',#13925,10.);
#3184=VECTOR('',#13926,10.);
#3185=VECTOR('',#13927,10.);
#3186=VECTOR('',#13928,10.);
#3187=VECTOR('',#13929,10.);
#3188=VECTOR('',#13930,10.);
#3189=VECTOR('',#13931,10.);
#3190=VECTOR('',#13932,10.);
#3191=VECTOR('',#13933,10.);
#3192=VECTOR('',#13934,10.);
#3193=VECTOR('',#13935,10.);
#3194=VECTOR('',#13936,10.);
#3195=VECTOR('',#13937,10.);
#3196=VECTOR('',#13938,10.);
#3197=VECTOR('',#13939,10.);
#3198=VECTOR('',#13940,10.);
#3199=VECTOR('',#13941,10.);
#3200=VECTOR('',#13942,10.);
#3201=VECTOR('',#13943,10.);
#3202=VECTOR('',#13944,10.);
#3203=VECTOR('',#13945,10.);
#3204=VECTOR('',#13946,10.);
#3205=VECTOR('',#13947,10.);
#3206=VECTOR('',#13948,10.);
#3207=VECTOR('',#13949,10.);
#3208=VECTOR('',#13950,10.);
#3209=VECTOR('',#13951,10.);
#3210=VECTOR('',#13952,10.);
#3211=VECTOR('',#13953,10.);
#3212=VECTOR('',#13954,10.);
#3213=VECTOR('',#13955,10.);
#3214=VECTOR('',#13956,10.);
#3215=VECTOR('',#13957,10.);
#3216=VECTOR('',#13958,10.);
#3217=VECTOR('',#13959,10.);
#3218=VECTOR('',#13960,10.);
#3219=VECTOR('',#13961,10.);
#3220=VECTOR('',#13962,10.);
#3221=VECTOR('',#13963,10.);
#3222=VECTOR('',#13964,10.);
#3223=VECTOR('',#13965,10.);
#3224=VECTOR('',#13966,10.);
#3225=VECTOR('',#13967,10.);
#3226=VECTOR('',#13968,10.);
#3227=VECTOR('',#13969,10.);
#3228=VECTOR('',#13970,10.);
#3229=VECTOR('',#13971,10.);
#3230=VECTOR('',#13972,10.);
#3231=VECTOR('',#13973,10.);
#3232=VECTOR('',#13974,10.);
#3233=VECTOR('',#13975,10.);
#3234=VECTOR('',#13976,10.);
#3235=VECTOR('',#13977,10.);
#3236=VECTOR('',#13978,10.);
#3237=VECTOR('',#13979,10.);
#3238=VECTOR('',#13980,10.);
#3239=VECTOR('',#13981,10.);
#3240=VECTOR('',#13982,10.);
#3241=VECTOR('',#13983,10.);
#3242=VECTOR('',#13984,10.);
#3243=VECTOR('',#13985,10.);
#3244=VECTOR('',#13986,10.);
#3245=VECTOR('',#13987,10.);
#3246=VECTOR('',#13988,10.);
#3247=VECTOR('',#13989,10.);
#3248=VECTOR('',#13990,10.);
#3249=VECTOR('',#13991,10.);
#3250=VECTOR('',#13992,10.);
#3251=VECTOR('',#13993,10.);
#3252=VECTOR('',#13994,10.);
#3253=VECTOR('',#13995,10.);
#3254=VECTOR('',#13996,10.);
#3255=VECTOR('',#13997,10.);
#3256=VECTOR('',#13998,10.);
#3257=VECTOR('',#13999,10.);
#3258=VECTOR('',#14000,10.);
#3259=VECTOR('',#14001,10.);
#3260=VECTOR('',#14002,10.);
#3261=VECTOR('',#14003,10.);
#3262=VECTOR('',#14004,10.);
#3263=VECTOR('',#14005,10.);
#3264=VECTOR('',#14006,10.);
#3265=VECTOR('',#14007,10.);
#3266=VECTOR('',#14008,10.);
#3267=VECTOR('',#14009,10.);
#3268=VECTOR('',#14010,10.);
#3269=VECTOR('',#14011,10.);
#3270=VECTOR('',#14012,10.);
#3271=VECTOR('',#14013,10.);
#3272=VECTOR('',#14014,10.);
#3273=VECTOR('',#14015,10.);
#3274=VECTOR('',#14016,10.);
#3275=VECTOR('',#14017,10.);
#3276=VECTOR('',#14018,10.);
#3277=VECTOR('',#14019,10.);
#3278=VECTOR('',#14020,10.);
#3279=VECTOR('',#14021,10.);
#3280=VECTOR('',#14022,10.);
#3281=VECTOR('',#14023,10.);
#3282=VECTOR('',#14024,10.);
#3283=VECTOR('',#14025,10.);
#3284=VECTOR('',#14026,10.);
#3285=VECTOR('',#14027,10.);
#3286=VECTOR('',#14028,10.);
#3287=VECTOR('',#14029,10.);
#3288=VECTOR('',#14030,10.);
#3289=VECTOR('',#14031,10.);
#3290=VECTOR('',#14032,10.);
#3291=VECTOR('',#14033,10.);
#3292=VECTOR('',#14034,10.);
#3293=VECTOR('',#14035,10.);
#3294=VECTOR('',#14036,10.);
#3295=VECTOR('',#14037,10.);
#3296=VECTOR('',#14038,10.);
#3297=VECTOR('',#14039,10.);
#3298=VECTOR('',#14040,10.);
#3299=VECTOR('',#14041,10.);
#3300=VECTOR('',#14042,10.);
#3301=VECTOR('',#14043,10.);
#3302=VECTOR('',#14044,10.);
#3303=VECTOR('',#14045,10.);
#3304=VECTOR('',#14046,10.);
#3305=VECTOR('',#14047,10.);
#3306=VECTOR('',#14048,10.);
#3307=VECTOR('',#14049,10.);
#3308=VECTOR('',#14050,10.);
#3309=VECTOR('',#14051,10.);
#3310=VECTOR('',#14052,10.);
#3311=VECTOR('',#14053,10.);
#3312=VECTOR('',#14054,10.);
#3313=VECTOR('',#14055,10.);
#3314=VECTOR('',#14056,10.);
#3315=VECTOR('',#14057,10.);
#3316=VECTOR('',#14058,10.);
#3317=VECTOR('',#14059,10.);
#3318=VECTOR('',#14060,10.);
#3319=VECTOR('',#14061,10.);
#3320=VECTOR('',#14062,10.);
#3321=VECTOR('',#14063,10.);
#3322=VECTOR('',#14064,10.);
#3323=VECTOR('',#14065,10.);
#3324=VECTOR('',#14066,10.);
#3325=VECTOR('',#14067,10.);
#3326=VECTOR('',#14068,10.);
#3327=VECTOR('',#14069,10.);
#3328=VECTOR('',#14070,10.);
#3329=VECTOR('',#14071,10.);
#3330=VECTOR('',#14072,10.);
#3331=VECTOR('',#14073,10.);
#3332=VECTOR('',#14074,10.);
#3333=VECTOR('',#14075,10.);
#3334=VECTOR('',#14076,10.);
#3335=VECTOR('',#14077,10.);
#3336=VECTOR('',#14078,10.);
#3337=VECTOR('',#14079,10.);
#3338=VECTOR('',#14080,10.);
#3339=VECTOR('',#14081,10.);
#3340=VECTOR('',#14082,10.);
#3341=VECTOR('',#14083,10.);
#3342=VECTOR('',#14084,10.);
#3343=VECTOR('',#14085,10.);
#3344=VECTOR('',#14086,10.);
#3345=VECTOR('',#14087,10.);
#3346=VECTOR('',#14088,10.);
#3347=VECTOR('',#14089,10.);
#3348=VECTOR('',#14090,10.);
#3349=VECTOR('',#14091,10.);
#3350=VECTOR('',#14092,10.);
#3351=VECTOR('',#14093,10.);
#3352=VECTOR('',#14094,10.);
#3353=VECTOR('',#14095,10.);
#3354=VECTOR('',#14106,10.);
#3355=VECTOR('',#14107,10.);
#3356=VECTOR('',#14110,10.);
#3357=VECTOR('',#14113,10.);
#3358=VECTOR('',#14116,10.);
#3359=VECTOR('',#14119,10.);
#3360=VECTOR('',#14124,10.);
#3361=VECTOR('',#14125,10.);
#3362=VECTOR('',#14128,10.);
#3363=VECTOR('',#14131,10.);
#3364=VECTOR('',#14134,10.);
#3365=VECTOR('',#14137,10.);
#3366=VECTOR('',#14142,10.);
#3367=VECTOR('',#14143,10.);
#3368=VECTOR('',#14146,10.);
#3369=VECTOR('',#14149,10.);
#3370=VECTOR('',#14152,10.);
#3371=VECTOR('',#14155,10.);
#3372=VECTOR('',#14160,10.);
#3373=VECTOR('',#14161,10.);
#3374=VECTOR('',#14164,10.);
#3375=VECTOR('',#14167,10.);
#3376=VECTOR('',#14170,10.);
#3377=VECTOR('',#14173,10.);
#3378=VECTOR('',#14178,10.);
#3379=VECTOR('',#14179,10.);
#3380=VECTOR('',#14182,10.);
#3381=VECTOR('',#14185,10.);
#3382=VECTOR('',#14188,10.);
#3383=VECTOR('',#14191,10.);
#3384=VECTOR('',#14196,10.);
#3385=VECTOR('',#14197,10.);
#3386=VECTOR('',#14200,10.);
#3387=VECTOR('',#14203,10.);
#3388=VECTOR('',#14206,10.);
#3389=VECTOR('',#14209,10.);
#3390=VECTOR('',#14214,10.);
#3391=VECTOR('',#14215,10.);
#3392=VECTOR('',#14218,10.);
#3393=VECTOR('',#14221,10.);
#3394=VECTOR('',#14224,10.);
#3395=VECTOR('',#14227,10.);
#3396=VECTOR('',#14232,10.);
#3397=VECTOR('',#14233,10.);
#3398=VECTOR('',#14236,10.);
#3399=VECTOR('',#14239,10.);
#3400=VECTOR('',#14242,10.);
#3401=VECTOR('',#14245,10.);
#3402=VECTOR('',#14250,10.);
#3403=VECTOR('',#14251,10.);
#3404=VECTOR('',#14254,10.);
#3405=VECTOR('',#14257,10.);
#3406=VECTOR('',#14260,10.);
#3407=VECTOR('',#14263,10.);
#3408=VECTOR('',#14268,10.);
#3409=VECTOR('',#14269,10.);
#3410=VECTOR('',#14272,10.);
#3411=VECTOR('',#14275,10.);
#3412=VECTOR('',#14278,10.);
#3413=VECTOR('',#14281,10.);
#3414=VECTOR('',#14286,10.);
#3415=VECTOR('',#14287,10.);
#3416=VECTOR('',#14290,10.);
#3417=VECTOR('',#14293,10.);
#3418=VECTOR('',#14296,10.);
#3419=VECTOR('',#14299,10.);
#3420=VECTOR('',#14304,10.);
#3421=VECTOR('',#14305,10.);
#3422=VECTOR('',#14308,10.);
#3423=VECTOR('',#14311,10.);
#3424=VECTOR('',#14314,10.);
#3425=VECTOR('',#14317,10.);
#3426=VECTOR('',#14322,10.);
#3427=VECTOR('',#14323,10.);
#3428=VECTOR('',#14326,10.);
#3429=VECTOR('',#14329,10.);
#3430=VECTOR('',#14332,10.);
#3431=VECTOR('',#14335,10.);
#3432=VECTOR('',#14340,10.);
#3433=VECTOR('',#14341,10.);
#3434=VECTOR('',#14344,10.);
#3435=VECTOR('',#14347,10.);
#3436=VECTOR('',#14350,10.);
#3437=VECTOR('',#14353,10.);
#3438=VECTOR('',#14358,10.);
#3439=VECTOR('',#14359,10.);
#3440=VECTOR('',#14362,10.);
#3441=VECTOR('',#14365,10.);
#3442=VECTOR('',#14368,10.);
#3443=VECTOR('',#14371,10.);
#3444=VECTOR('',#14376,10.);
#3445=VECTOR('',#14377,10.);
#3446=VECTOR('',#14380,10.);
#3447=VECTOR('',#14383,10.);
#3448=VECTOR('',#14386,10.);
#3449=VECTOR('',#14389,10.);
#3450=VECTOR('',#14394,10.);
#3451=VECTOR('',#14395,10.);
#3452=VECTOR('',#14398,10.);
#3453=VECTOR('',#14401,10.);
#3454=VECTOR('',#14404,10.);
#3455=VECTOR('',#14407,10.);
#3456=VECTOR('',#14412,10.);
#3457=VECTOR('',#14413,10.);
#3458=VECTOR('',#14416,10.);
#3459=VECTOR('',#14419,10.);
#3460=VECTOR('',#14422,10.);
#3461=VECTOR('',#14425,10.);
#3462=VECTOR('',#14430,10.);
#3463=VECTOR('',#14431,10.);
#3464=VECTOR('',#14434,10.);
#3465=VECTOR('',#14437,10.);
#3466=VECTOR('',#14440,10.);
#3467=VECTOR('',#14443,10.);
#3468=VECTOR('',#14448,10.);
#3469=VECTOR('',#14449,10.);
#3470=VECTOR('',#14452,10.);
#3471=VECTOR('',#14455,10.);
#3472=VECTOR('',#14458,10.);
#3473=VECTOR('',#14461,10.);
#3474=VECTOR('',#14466,10.);
#3475=VECTOR('',#14467,10.);
#3476=VECTOR('',#14470,10.);
#3477=VECTOR('',#14473,10.);
#3478=VECTOR('',#14476,10.);
#3479=VECTOR('',#14479,10.);
#3480=VECTOR('',#14484,10.);
#3481=VECTOR('',#14485,10.);
#3482=VECTOR('',#14488,10.);
#3483=VECTOR('',#14491,10.);
#3484=VECTOR('',#14494,10.);
#3485=VECTOR('',#14497,10.);
#3486=VECTOR('',#14502,10.);
#3487=VECTOR('',#14503,10.);
#3488=VECTOR('',#14506,10.);
#3489=VECTOR('',#14509,10.);
#3490=VECTOR('',#14512,10.);
#3491=VECTOR('',#14515,10.);
#3492=VECTOR('',#14520,10.);
#3493=VECTOR('',#14521,10.);
#3494=VECTOR('',#14524,10.);
#3495=VECTOR('',#14527,10.);
#3496=VECTOR('',#14530,10.);
#3497=VECTOR('',#14533,10.);
#3498=VECTOR('',#14538,10.);
#3499=VECTOR('',#14539,10.);
#3500=VECTOR('',#14542,10.);
#3501=VECTOR('',#14545,10.);
#3502=VECTOR('',#14548,10.);
#3503=VECTOR('',#14551,10.);
#3504=VECTOR('',#14556,10.);
#3505=VECTOR('',#14557,10.);
#3506=VECTOR('',#14560,10.);
#3507=VECTOR('',#14563,10.);
#3508=VECTOR('',#14566,10.);
#3509=VECTOR('',#14569,10.);
#3510=VECTOR('',#14574,10.);
#3511=VECTOR('',#14575,10.);
#3512=VECTOR('',#14578,10.);
#3513=VECTOR('',#14581,10.);
#3514=VECTOR('',#14584,10.);
#3515=VECTOR('',#14587,10.);
#3516=VECTOR('',#14592,10.);
#3517=VECTOR('',#14593,10.);
#3518=VECTOR('',#14596,10.);
#3519=VECTOR('',#14599,10.);
#3520=VECTOR('',#14602,10.);
#3521=VECTOR('',#14605,10.);
#3522=VECTOR('',#14610,10.);
#3523=VECTOR('',#14611,10.);
#3524=VECTOR('',#14614,10.);
#3525=VECTOR('',#14617,10.);
#3526=VECTOR('',#14620,10.);
#3527=VECTOR('',#14623,10.);
#3528=VECTOR('',#14628,10.);
#3529=VECTOR('',#14629,10.);
#3530=VECTOR('',#14632,10.);
#3531=VECTOR('',#14635,10.);
#3532=VECTOR('',#14638,10.);
#3533=VECTOR('',#14641,10.);
#3534=VECTOR('',#14646,10.);
#3535=VECTOR('',#14647,10.);
#3536=VECTOR('',#14650,10.);
#3537=VECTOR('',#14653,10.);
#3538=VECTOR('',#14656,10.);
#3539=VECTOR('',#14659,10.);
#3540=VECTOR('',#14664,10.);
#3541=VECTOR('',#14665,10.);
#3542=VECTOR('',#14668,10.);
#3543=VECTOR('',#14671,10.);
#3544=VECTOR('',#14674,10.);
#3545=VECTOR('',#14677,10.);
#3546=VECTOR('',#14682,10.);
#3547=VECTOR('',#14683,10.);
#3548=VECTOR('',#14686,10.);
#3549=VECTOR('',#14689,10.);
#3550=VECTOR('',#14692,10.);
#3551=VECTOR('',#14695,10.);
#3552=VECTOR('',#14700,10.);
#3553=VECTOR('',#14701,10.);
#3554=VECTOR('',#14704,10.);
#3555=VECTOR('',#14707,10.);
#3556=VECTOR('',#14710,10.);
#3557=VECTOR('',#14713,10.);
#3558=VECTOR('',#14718,10.);
#3559=VECTOR('',#14719,10.);
#3560=VECTOR('',#14722,10.);
#3561=VECTOR('',#14725,10.);
#3562=VECTOR('',#14728,10.);
#3563=VECTOR('',#14731,10.);
#3564=VECTOR('',#14736,10.);
#3565=VECTOR('',#14737,10.);
#3566=VECTOR('',#14740,10.);
#3567=VECTOR('',#14743,10.);
#3568=VECTOR('',#14746,10.);
#3569=VECTOR('',#14749,10.);
#3570=VECTOR('',#14754,10.);
#3571=VECTOR('',#14755,10.);
#3572=VECTOR('',#14758,10.);
#3573=VECTOR('',#14761,10.);
#3574=VECTOR('',#14764,10.);
#3575=VECTOR('',#14767,10.);
#3576=VECTOR('',#14772,10.);
#3577=VECTOR('',#14773,10.);
#3578=VECTOR('',#14776,10.);
#3579=VECTOR('',#14779,10.);
#3580=VECTOR('',#14782,10.);
#3581=VECTOR('',#14785,10.);
#3582=VECTOR('',#14790,10.);
#3583=VECTOR('',#14791,10.);
#3584=VECTOR('',#14794,10.);
#3585=VECTOR('',#14797,10.);
#3586=VECTOR('',#14800,10.);
#3587=VECTOR('',#14803,10.);
#3588=VECTOR('',#14808,10.);
#3589=VECTOR('',#14809,10.);
#3590=VECTOR('',#14812,10.);
#3591=VECTOR('',#14815,10.);
#3592=VECTOR('',#14818,10.);
#3593=VECTOR('',#14821,10.);
#3594=VECTOR('',#14826,10.);
#3595=VECTOR('',#14827,10.);
#3596=VECTOR('',#14830,10.);
#3597=VECTOR('',#14833,10.);
#3598=VECTOR('',#14836,10.);
#3599=VECTOR('',#14839,10.);
#3600=VECTOR('',#14844,10.);
#3601=VECTOR('',#14845,10.);
#3602=VECTOR('',#14848,10.);
#3603=VECTOR('',#14851,10.);
#3604=VECTOR('',#14854,10.);
#3605=VECTOR('',#14857,10.);
#3606=VECTOR('',#14862,10.);
#3607=VECTOR('',#14863,10.);
#3608=VECTOR('',#14866,10.);
#3609=VECTOR('',#14869,10.);
#3610=VECTOR('',#14872,10.);
#3611=VECTOR('',#14875,10.);
#3612=VECTOR('',#14880,10.);
#3613=VECTOR('',#14881,10.);
#3614=VECTOR('',#14884,10.);
#3615=VECTOR('',#14887,10.);
#3616=VECTOR('',#14890,10.);
#3617=VECTOR('',#14893,10.);
#3618=VECTOR('',#14898,10.);
#3619=VECTOR('',#14899,10.);
#3620=VECTOR('',#14902,10.);
#3621=VECTOR('',#14905,10.);
#3622=VECTOR('',#14908,10.);
#3623=VECTOR('',#14911,10.);
#3624=VECTOR('',#14916,10.);
#3625=VECTOR('',#14917,10.);
#3626=VECTOR('',#14920,10.);
#3627=VECTOR('',#14923,10.);
#3628=VECTOR('',#14926,10.);
#3629=VECTOR('',#14929,10.);
#3630=VECTOR('',#14934,10.);
#3631=VECTOR('',#14935,10.);
#3632=VECTOR('',#14938,10.);
#3633=VECTOR('',#14941,10.);
#3634=VECTOR('',#14944,10.);
#3635=VECTOR('',#14947,10.);
#3636=VECTOR('',#14952,10.);
#3637=VECTOR('',#14953,10.);
#3638=VECTOR('',#14956,10.);
#3639=VECTOR('',#14959,10.);
#3640=VECTOR('',#14962,10.);
#3641=VECTOR('',#14965,10.);
#3642=VECTOR('',#14970,10.);
#3643=VECTOR('',#14971,10.);
#3644=VECTOR('',#14974,10.);
#3645=VECTOR('',#14977,10.);
#3646=VECTOR('',#14980,10.);
#3647=VECTOR('',#14983,10.);
#3648=VECTOR('',#14988,10.);
#3649=VECTOR('',#14989,10.);
#3650=VECTOR('',#14992,10.);
#3651=VECTOR('',#14995,10.);
#3652=VECTOR('',#14998,10.);
#3653=VECTOR('',#15001,10.);
#3654=VECTOR('',#15006,10.);
#3655=VECTOR('',#15007,10.);
#3656=VECTOR('',#15010,10.);
#3657=VECTOR('',#15013,10.);
#3658=VECTOR('',#15016,10.);
#3659=VECTOR('',#15019,10.);
#3660=VECTOR('',#15024,10.);
#3661=VECTOR('',#15025,10.);
#3662=VECTOR('',#15028,10.);
#3663=VECTOR('',#15031,10.);
#3664=VECTOR('',#15034,10.);
#3665=VECTOR('',#15037,10.);
#3666=VECTOR('',#15042,10.);
#3667=VECTOR('',#15043,10.);
#3668=VECTOR('',#15046,10.);
#3669=VECTOR('',#15049,10.);
#3670=VECTOR('',#15052,10.);
#3671=VECTOR('',#15055,10.);
#3672=VECTOR('',#15060,10.);
#3673=VECTOR('',#15061,10.);
#3674=VECTOR('',#15064,10.);
#3675=VECTOR('',#15067,10.);
#3676=VECTOR('',#15070,10.);
#3677=VECTOR('',#15073,10.);
#3678=VECTOR('',#15078,10.);
#3679=VECTOR('',#15079,10.);
#3680=VECTOR('',#15082,10.);
#3681=VECTOR('',#15085,10.);
#3682=VECTOR('',#15088,10.);
#3683=VECTOR('',#15091,10.);
#3684=VECTOR('',#15096,10.);
#3685=VECTOR('',#15097,10.);
#3686=VECTOR('',#15100,10.);
#3687=VECTOR('',#15103,10.);
#3688=VECTOR('',#15106,10.);
#3689=VECTOR('',#15109,10.);
#3690=VECTOR('',#15114,10.);
#3691=VECTOR('',#15115,10.);
#3692=VECTOR('',#15118,10.);
#3693=VECTOR('',#15121,10.);
#3694=VECTOR('',#15124,10.);
#3695=VECTOR('',#15127,10.);
#3696=VECTOR('',#15132,10.);
#3697=VECTOR('',#15133,10.);
#3698=VECTOR('',#15136,10.);
#3699=VECTOR('',#15139,10.);
#3700=VECTOR('',#15142,10.);
#3701=VECTOR('',#15145,10.);
#3702=VECTOR('',#15150,10.);
#3703=VECTOR('',#15151,10.);
#3704=VECTOR('',#15154,10.);
#3705=VECTOR('',#15157,10.);
#3706=VECTOR('',#15160,10.);
#3707=VECTOR('',#15163,10.);
#3708=VECTOR('',#15168,10.);
#3709=VECTOR('',#15169,10.);
#3710=VECTOR('',#15172,10.);
#3711=VECTOR('',#15175,10.);
#3712=VECTOR('',#15178,10.);
#3713=VECTOR('',#15181,10.);
#3714=VECTOR('',#15186,10.);
#3715=VECTOR('',#15187,10.);
#3716=VECTOR('',#15190,10.);
#3717=VECTOR('',#15193,10.);
#3718=VECTOR('',#15196,10.);
#3719=VECTOR('',#15199,10.);
#3720=VECTOR('',#15204,10.);
#3721=VECTOR('',#15205,10.);
#3722=VECTOR('',#15208,10.);
#3723=VECTOR('',#15211,10.);
#3724=VECTOR('',#15214,10.);
#3725=VECTOR('',#15217,10.);
#3726=VECTOR('',#15222,10.);
#3727=VECTOR('',#15223,10.);
#3728=VECTOR('',#15226,10.);
#3729=VECTOR('',#15229,10.);
#3730=VECTOR('',#15232,10.);
#3731=VECTOR('',#15235,10.);
#3732=VECTOR('',#15240,10.);
#3733=VECTOR('',#15241,10.);
#3734=VECTOR('',#15244,10.);
#3735=VECTOR('',#15247,10.);
#3736=VECTOR('',#15250,10.);
#3737=VECTOR('',#15253,10.);
#3738=VECTOR('',#15258,10.);
#3739=VECTOR('',#15259,10.);
#3740=VECTOR('',#15262,10.);
#3741=VECTOR('',#15265,10.);
#3742=VECTOR('',#15268,10.);
#3743=VECTOR('',#15271,10.);
#3744=VECTOR('',#15276,10.);
#3745=VECTOR('',#15277,10.);
#3746=VECTOR('',#15280,10.);
#3747=VECTOR('',#15283,10.);
#3748=VECTOR('',#15286,10.);
#3749=VECTOR('',#15289,10.);
#3750=VECTOR('',#15294,10.);
#3751=VECTOR('',#15295,10.);
#3752=VECTOR('',#15298,10.);
#3753=VECTOR('',#15301,10.);
#3754=VECTOR('',#15304,10.);
#3755=VECTOR('',#15307,10.);
#3756=VECTOR('',#15312,10.);
#3757=VECTOR('',#15313,10.);
#3758=VECTOR('',#15316,10.);
#3759=VECTOR('',#15319,10.);
#3760=VECTOR('',#15322,10.);
#3761=VECTOR('',#15325,10.);
#3762=VECTOR('',#15330,10.);
#3763=VECTOR('',#15331,10.);
#3764=VECTOR('',#15334,10.);
#3765=VECTOR('',#15337,10.);
#3766=VECTOR('',#15340,10.);
#3767=VECTOR('',#15343,10.);
#3768=VECTOR('',#15348,10.);
#3769=VECTOR('',#15349,10.);
#3770=VECTOR('',#15352,10.);
#3771=VECTOR('',#15355,10.);
#3772=VECTOR('',#15358,10.);
#3773=VECTOR('',#15361,10.);
#3774=VECTOR('',#15366,10.);
#3775=VECTOR('',#15367,10.);
#3776=VECTOR('',#15370,10.);
#3777=VECTOR('',#15373,10.);
#3778=VECTOR('',#15376,10.);
#3779=VECTOR('',#15379,10.);
#3780=VECTOR('',#15384,10.);
#3781=VECTOR('',#15385,10.);
#3782=VECTOR('',#15388,10.);
#3783=VECTOR('',#15391,10.);
#3784=VECTOR('',#15394,10.);
#3785=VECTOR('',#15397,10.);
#3786=VECTOR('',#15402,10.);
#3787=VECTOR('',#15403,10.);
#3788=VECTOR('',#15406,10.);
#3789=VECTOR('',#15409,10.);
#3790=VECTOR('',#15412,10.);
#3791=VECTOR('',#15415,10.);
#3792=VECTOR('',#15420,10.);
#3793=VECTOR('',#15421,10.);
#3794=VECTOR('',#15424,10.);
#3795=VECTOR('',#15427,10.);
#3796=VECTOR('',#15430,10.);
#3797=VECTOR('',#15433,10.);
#3798=VECTOR('',#15438,10.);
#3799=VECTOR('',#15439,10.);
#3800=VECTOR('',#15442,10.);
#3801=VECTOR('',#15445,10.);
#3802=VECTOR('',#15448,10.);
#3803=VECTOR('',#15451,10.);
#3804=VECTOR('',#15456,10.);
#3805=VECTOR('',#15457,10.);
#3806=VECTOR('',#15460,10.);
#3807=VECTOR('',#15463,10.);
#3808=VECTOR('',#15466,10.);
#3809=VECTOR('',#15469,10.);
#3810=VECTOR('',#15474,10.);
#3811=VECTOR('',#15475,10.);
#3812=VECTOR('',#15478,10.);
#3813=VECTOR('',#15481,10.);
#3814=VECTOR('',#15484,10.);
#3815=VECTOR('',#15487,10.);
#3816=VECTOR('',#15492,10.);
#3817=VECTOR('',#15493,10.);
#3818=VECTOR('',#15496,10.);
#3819=VECTOR('',#15499,10.);
#3820=VECTOR('',#15502,10.);
#3821=VECTOR('',#15505,10.);
#3822=CYLINDRICAL_SURFACE('',#11965,2.);
#3823=CYLINDRICAL_SURFACE('',#11970,2.);
#3824=CYLINDRICAL_SURFACE('',#11972,2.);
#3825=CYLINDRICAL_SURFACE('',#11976,2.);
#3826=CYLINDRICAL_SURFACE('',#11981,2.);
#3827=CYLINDRICAL_SURFACE('',#11986,2.);
#3828=CYLINDRICAL_SURFACE('',#11989,2.);
#3829=CYLINDRICAL_SURFACE('',#11990,2.);
#3830=CYLINDRICAL_SURFACE('',#11994,2.);
#3831=CYLINDRICAL_SURFACE('',#11997,2.);
#3832=CYLINDRICAL_SURFACE('',#11999,2.);
#3833=CYLINDRICAL_SURFACE('',#12002,2.);
#3834=CYLINDRICAL_SURFACE('',#12008,2.);
#3835=CYLINDRICAL_SURFACE('',#12013,2.);
#3836=CYLINDRICAL_SURFACE('',#12015,2.);
#3837=CYLINDRICAL_SURFACE('',#12021,2.);
#3838=CYLINDRICAL_SURFACE('',#12025,2.);
#3839=CYLINDRICAL_SURFACE('',#12029,2.);
#3840=CYLINDRICAL_SURFACE('',#12037,2.);
#3841=CYLINDRICAL_SURFACE('',#12040,2.);
#3842=CYLINDRICAL_SURFACE('',#12045,2.);
#3843=CYLINDRICAL_SURFACE('',#12053,2.);
#3844=CYLINDRICAL_SURFACE('',#12058,2.);
#3845=CYLINDRICAL_SURFACE('',#12060,2.);
#3846=CYLINDRICAL_SURFACE('',#12062,2.);
#3847=CYLINDRICAL_SURFACE('',#12066,2.);
#3848=CYLINDRICAL_SURFACE('',#12069,2.);
#3849=CYLINDRICAL_SURFACE('',#12071,2.);
#3850=CYLINDRICAL_SURFACE('',#12076,2.);
#3851=CYLINDRICAL_SURFACE('',#12080,2.);
#3852=CYLINDRICAL_SURFACE('',#12083,2.);
#3853=CYLINDRICAL_SURFACE('',#12087,2.);
#3854=CYLINDRICAL_SURFACE('',#12093,2.);
#3855=CYLINDRICAL_SURFACE('',#12098,2.);
#3856=CYLINDRICAL_SURFACE('',#12101,2.);
#3857=CYLINDRICAL_SURFACE('',#12103,2.);
#3858=CYLINDRICAL_SURFACE('',#12105,2.);
#3859=CYLINDRICAL_SURFACE('',#12107,2.);
#3860=CYLINDRICAL_SURFACE('',#12110,2.);
#3861=CYLINDRICAL_SURFACE('',#12113,2.);
#3862=CYLINDRICAL_SURFACE('',#12115,2.);
#3863=CYLINDRICAL_SURFACE('',#12121,2.);
#3864=CYLINDRICAL_SURFACE('',#12123,2.);
#3865=CYLINDRICAL_SURFACE('',#12124,2.);
#3866=CYLINDRICAL_SURFACE('',#12126,2.);
#3867=CYLINDRICAL_SURFACE('',#12128,2.);
#3868=CYLINDRICAL_SURFACE('',#12130,2.);
#3869=CYLINDRICAL_SURFACE('',#12134,2.);
#3870=CYLINDRICAL_SURFACE('',#12136,2.);
#3871=CYLINDRICAL_SURFACE('',#12138,2.);
#3872=CYLINDRICAL_SURFACE('',#12140,2.);
#3873=CYLINDRICAL_SURFACE('',#12141,2.);
#3874=CYLINDRICAL_SURFACE('',#12143,2.);
#3875=CYLINDRICAL_SURFACE('',#12144,2.);
#3876=CYLINDRICAL_SURFACE('',#12145,2.);
#3877=CYLINDRICAL_SURFACE('',#12146,2.);
#3878=FACE_OUTER_BOUND('',#4448,.T.);
#3879=FACE_OUTER_BOUND('',#4449,.T.);
#3880=FACE_OUTER_BOUND('',#4450,.T.);
#3881=FACE_OUTER_BOUND('',#4451,.T.);
#3882=FACE_OUTER_BOUND('',#4452,.T.);
#3883=FACE_OUTER_BOUND('',#4453,.T.);
#3884=FACE_OUTER_BOUND('',#4454,.T.);
#3885=FACE_OUTER_BOUND('',#4455,.T.);
#3886=FACE_OUTER_BOUND('',#4456,.T.);
#3887=FACE_OUTER_BOUND('',#4457,.T.);
#3888=FACE_OUTER_BOUND('',#4458,.T.);
#3889=FACE_OUTER_BOUND('',#4459,.T.);
#3890=FACE_OUTER_BOUND('',#4460,.T.);
#3891=FACE_OUTER_BOUND('',#4461,.T.);
#3892=FACE_OUTER_BOUND('',#4462,.T.);
#3893=FACE_OUTER_BOUND('',#4463,.T.);
#3894=FACE_OUTER_BOUND('',#4464,.T.);
#3895=FACE_OUTER_BOUND('',#4465,.T.);
#3896=FACE_OUTER_BOUND('',#4466,.T.);
#3897=FACE_OUTER_BOUND('',#4467,.T.);
#3898=FACE_OUTER_BOUND('',#4468,.T.);
#3899=FACE_OUTER_BOUND('',#4469,.T.);
#3900=FACE_OUTER_BOUND('',#4470,.T.);
#3901=FACE_OUTER_BOUND('',#4471,.T.);
#3902=FACE_OUTER_BOUND('',#4473,.T.);
#3903=FACE_OUTER_BOUND('',#4474,.T.);
#3904=FACE_OUTER_BOUND('',#4475,.T.);
#3905=FACE_OUTER_BOUND('',#4476,.T.);
#3906=FACE_OUTER_BOUND('',#4477,.T.);
#3907=FACE_OUTER_BOUND('',#4478,.T.);
#3908=FACE_OUTER_BOUND('',#4479,.T.);
#3909=FACE_OUTER_BOUND('',#4480,.T.);
#3910=FACE_OUTER_BOUND('',#4482,.T.);
#3911=FACE_OUTER_BOUND('',#4483,.T.);
#3912=FACE_OUTER_BOUND('',#4484,.T.);
#3913=FACE_OUTER_BOUND('',#4486,.T.);
#3914=FACE_OUTER_BOUND('',#4487,.T.);
#3915=FACE_OUTER_BOUND('',#4488,.T.);
#3916=FACE_OUTER_BOUND('',#4489,.T.);
#3917=FACE_OUTER_BOUND('',#4490,.T.);
#3918=FACE_OUTER_BOUND('',#4491,.T.);
#3919=FACE_OUTER_BOUND('',#4492,.T.);
#3920=FACE_OUTER_BOUND('',#4493,.T.);
#3921=FACE_OUTER_BOUND('',#4494,.T.);
#3922=FACE_OUTER_BOUND('',#4495,.T.);
#3923=FACE_OUTER_BOUND('',#4496,.T.);
#3924=FACE_OUTER_BOUND('',#4497,.T.);
#3925=FACE_OUTER_BOUND('',#4498,.T.);
#3926=FACE_OUTER_BOUND('',#4499,.T.);
#3927=FACE_OUTER_BOUND('',#4500,.T.);
#3928=FACE_OUTER_BOUND('',#4501,.T.);
#3929=FACE_OUTER_BOUND('',#4502,.T.);
#3930=FACE_OUTER_BOUND('',#4503,.T.);
#3931=FACE_OUTER_BOUND('',#4504,.T.);
#3932=FACE_OUTER_BOUND('',#4505,.T.);
#3933=FACE_OUTER_BOUND('',#4506,.T.);
#3934=FACE_OUTER_BOUND('',#4507,.T.);
#3935=FACE_OUTER_BOUND('',#4508,.T.);
#3936=FACE_OUTER_BOUND('',#4509,.T.);
#3937=FACE_OUTER_BOUND('',#4510,.T.);
#3938=FACE_OUTER_BOUND('',#4511,.T.);
#3939=FACE_OUTER_BOUND('',#4512,.T.);
#3940=FACE_OUTER_BOUND('',#4513,.T.);
#3941=FACE_OUTER_BOUND('',#4514,.T.);
#3942=FACE_OUTER_BOUND('',#4515,.T.);
#3943=FACE_OUTER_BOUND('',#4516,.T.);
#3944=FACE_OUTER_BOUND('',#4517,.T.);
#3945=FACE_OUTER_BOUND('',#4518,.T.);
#3946=FACE_OUTER_BOUND('',#4519,.T.);
#3947=FACE_OUTER_BOUND('',#4520,.T.);
#3948=FACE_OUTER_BOUND('',#4522,.T.);
#3949=FACE_OUTER_BOUND('',#4523,.T.);
#3950=FACE_OUTER_BOUND('',#4524,.T.);
#3951=FACE_OUTER_BOUND('',#4525,.T.);
#3952=FACE_OUTER_BOUND('',#4526,.T.);
#3953=FACE_OUTER_BOUND('',#4527,.T.);
#3954=FACE_OUTER_BOUND('',#4528,.T.);
#3955=FACE_OUTER_BOUND('',#4529,.T.);
#3956=FACE_OUTER_BOUND('',#4530,.T.);
#3957=FACE_OUTER_BOUND('',#4531,.T.);
#3958=FACE_OUTER_BOUND('',#4532,.T.);
#3959=FACE_OUTER_BOUND('',#4533,.T.);
#3960=FACE_OUTER_BOUND('',#4534,.T.);
#3961=FACE_OUTER_BOUND('',#4535,.T.);
#3962=FACE_OUTER_BOUND('',#4536,.T.);
#3963=FACE_OUTER_BOUND('',#4537,.T.);
#3964=FACE_OUTER_BOUND('',#4538,.T.);
#3965=FACE_OUTER_BOUND('',#4539,.T.);
#3966=FACE_OUTER_BOUND('',#4540,.T.);
#3967=FACE_OUTER_BOUND('',#4541,.T.);
#3968=FACE_OUTER_BOUND('',#4620,.T.);
#3969=FACE_OUTER_BOUND('',#4621,.T.);
#3970=FACE_OUTER_BOUND('',#4622,.T.);
#3971=FACE_OUTER_BOUND('',#4623,.T.);
#3972=FACE_OUTER_BOUND('',#4624,.T.);
#3973=FACE_OUTER_BOUND('',#4625,.T.);
#3974=FACE_OUTER_BOUND('',#4626,.T.);
#3975=FACE_OUTER_BOUND('',#4627,.T.);
#3976=FACE_OUTER_BOUND('',#4706,.T.);
#3977=FACE_OUTER_BOUND('',#4707,.T.);
#3978=FACE_OUTER_BOUND('',#4708,.T.);
#3979=FACE_OUTER_BOUND('',#4709,.T.);
#3980=FACE_OUTER_BOUND('',#4710,.T.);
#3981=FACE_OUTER_BOUND('',#4711,.T.);
#3982=FACE_OUTER_BOUND('',#4712,.T.);
#3983=FACE_OUTER_BOUND('',#4713,.T.);
#3984=FACE_OUTER_BOUND('',#4714,.T.);
#3985=FACE_OUTER_BOUND('',#4715,.T.);
#3986=FACE_OUTER_BOUND('',#4716,.T.);
#3987=FACE_OUTER_BOUND('',#4717,.T.);
#3988=FACE_OUTER_BOUND('',#4718,.T.);
#3989=FACE_OUTER_BOUND('',#4719,.T.);
#3990=FACE_OUTER_BOUND('',#4720,.T.);
#3991=FACE_OUTER_BOUND('',#4721,.T.);
#3992=FACE_OUTER_BOUND('',#4722,.T.);
#3993=FACE_OUTER_BOUND('',#4723,.T.);
#3994=FACE_OUTER_BOUND('',#4724,.T.);
#3995=FACE_OUTER_BOUND('',#4725,.T.);
#3996=FACE_OUTER_BOUND('',#4726,.T.);
#3997=FACE_OUTER_BOUND('',#4727,.T.);
#3998=FACE_OUTER_BOUND('',#4728,.T.);
#3999=FACE_OUTER_BOUND('',#4729,.T.);
#4000=FACE_OUTER_BOUND('',#4730,.T.);
#4001=FACE_OUTER_BOUND('',#4731,.T.);
#4002=FACE_OUTER_BOUND('',#4732,.T.);
#4003=FACE_OUTER_BOUND('',#4733,.T.);
#4004=FACE_OUTER_BOUND('',#4734,.T.);
#4005=FACE_OUTER_BOUND('',#4735,.T.);
#4006=FACE_OUTER_BOUND('',#4736,.T.);
#4007=FACE_OUTER_BOUND('',#4737,.T.);
#4008=FACE_OUTER_BOUND('',#4738,.T.);
#4009=FACE_OUTER_BOUND('',#4739,.T.);
#4010=FACE_OUTER_BOUND('',#4740,.T.);
#4011=FACE_OUTER_BOUND('',#4741,.T.);
#4012=FACE_OUTER_BOUND('',#4742,.T.);
#4013=FACE_OUTER_BOUND('',#4743,.T.);
#4014=FACE_OUTER_BOUND('',#4744,.T.);
#4015=FACE_OUTER_BOUND('',#4745,.T.);
#4016=FACE_OUTER_BOUND('',#4746,.T.);
#4017=FACE_OUTER_BOUND('',#4747,.T.);
#4018=FACE_OUTER_BOUND('',#4748,.T.);
#4019=FACE_OUTER_BOUND('',#4749,.T.);
#4020=FACE_OUTER_BOUND('',#4750,.T.);
#4021=FACE_OUTER_BOUND('',#4751,.T.);
#4022=FACE_OUTER_BOUND('',#4752,.T.);
#4023=FACE_OUTER_BOUND('',#4753,.T.);
#4024=FACE_OUTER_BOUND('',#4754,.T.);
#4025=FACE_OUTER_BOUND('',#4755,.T.);
#4026=FACE_OUTER_BOUND('',#4756,.T.);
#4027=FACE_OUTER_BOUND('',#4757,.T.);
#4028=FACE_OUTER_BOUND('',#4758,.T.);
#4029=FACE_OUTER_BOUND('',#4759,.T.);
#4030=FACE_OUTER_BOUND('',#4760,.T.);
#4031=FACE_OUTER_BOUND('',#4761,.T.);
#4032=FACE_OUTER_BOUND('',#4762,.T.);
#4033=FACE_OUTER_BOUND('',#4763,.T.);
#4034=FACE_OUTER_BOUND('',#4764,.T.);
#4035=FACE_OUTER_BOUND('',#4765,.T.);
#4036=FACE_OUTER_BOUND('',#4766,.T.);
#4037=FACE_OUTER_BOUND('',#4767,.T.);
#4038=FACE_OUTER_BOUND('',#4768,.T.);
#4039=FACE_OUTER_BOUND('',#4769,.T.);
#4040=FACE_OUTER_BOUND('',#4770,.T.);
#4041=FACE_OUTER_BOUND('',#4771,.T.);
#4042=FACE_OUTER_BOUND('',#4772,.T.);
#4043=FACE_OUTER_BOUND('',#4773,.T.);
#4044=FACE_OUTER_BOUND('',#4774,.T.);
#4045=FACE_OUTER_BOUND('',#4775,.T.);
#4046=FACE_OUTER_BOUND('',#4776,.T.);
#4047=FACE_OUTER_BOUND('',#4777,.T.);
#4048=FACE_OUTER_BOUND('',#4778,.T.);
#4049=FACE_OUTER_BOUND('',#4779,.T.);
#4050=FACE_OUTER_BOUND('',#4780,.T.);
#4051=FACE_OUTER_BOUND('',#4781,.T.);
#4052=FACE_OUTER_BOUND('',#4782,.T.);
#4053=FACE_OUTER_BOUND('',#4783,.T.);
#4054=FACE_OUTER_BOUND('',#4784,.T.);
#4055=FACE_OUTER_BOUND('',#4785,.T.);
#4056=FACE_OUTER_BOUND('',#4786,.T.);
#4057=FACE_OUTER_BOUND('',#4787,.T.);
#4058=FACE_OUTER_BOUND('',#4788,.T.);
#4059=FACE_OUTER_BOUND('',#4789,.T.);
#4060=FACE_OUTER_BOUND('',#4790,.T.);
#4061=FACE_OUTER_BOUND('',#4791,.T.);
#4062=FACE_OUTER_BOUND('',#4792,.T.);
#4063=FACE_OUTER_BOUND('',#4793,.T.);
#4064=FACE_OUTER_BOUND('',#4794,.T.);
#4065=FACE_OUTER_BOUND('',#4795,.T.);
#4066=FACE_OUTER_BOUND('',#4796,.T.);
#4067=FACE_OUTER_BOUND('',#4797,.T.);
#4068=FACE_OUTER_BOUND('',#4798,.T.);
#4069=FACE_OUTER_BOUND('',#4799,.T.);
#4070=FACE_OUTER_BOUND('',#4800,.T.);
#4071=FACE_OUTER_BOUND('',#4801,.T.);
#4072=FACE_OUTER_BOUND('',#4802,.T.);
#4073=FACE_OUTER_BOUND('',#4803,.T.);
#4074=FACE_OUTER_BOUND('',#4804,.T.);
#4075=FACE_OUTER_BOUND('',#4805,.T.);
#4076=FACE_OUTER_BOUND('',#4806,.T.);
#4077=FACE_OUTER_BOUND('',#4807,.T.);
#4078=FACE_OUTER_BOUND('',#4808,.T.);
#4079=FACE_OUTER_BOUND('',#4809,.T.);
#4080=FACE_OUTER_BOUND('',#4810,.T.);
#4081=FACE_OUTER_BOUND('',#4811,.T.);
#4082=FACE_OUTER_BOUND('',#4812,.T.);
#4083=FACE_OUTER_BOUND('',#4813,.T.);
#4084=FACE_OUTER_BOUND('',#4814,.T.);
#4085=FACE_OUTER_BOUND('',#4815,.T.);
#4086=FACE_OUTER_BOUND('',#4816,.T.);
#4087=FACE_OUTER_BOUND('',#4817,.T.);
#4088=FACE_OUTER_BOUND('',#4818,.T.);
#4089=FACE_OUTER_BOUND('',#4819,.T.);
#4090=FACE_OUTER_BOUND('',#4820,.T.);
#4091=FACE_OUTER_BOUND('',#4821,.T.);
#4092=FACE_OUTER_BOUND('',#4822,.T.);
#4093=FACE_OUTER_BOUND('',#4823,.T.);
#4094=FACE_OUTER_BOUND('',#4824,.T.);
#4095=FACE_OUTER_BOUND('',#4825,.T.);
#4096=FACE_OUTER_BOUND('',#4826,.T.);
#4097=FACE_OUTER_BOUND('',#4827,.T.);
#4098=FACE_OUTER_BOUND('',#4828,.T.);
#4099=FACE_OUTER_BOUND('',#4829,.T.);
#4100=FACE_OUTER_BOUND('',#4830,.T.);
#4101=FACE_OUTER_BOUND('',#4831,.T.);
#4102=FACE_OUTER_BOUND('',#4832,.T.);
#4103=FACE_OUTER_BOUND('',#4833,.T.);
#4104=FACE_OUTER_BOUND('',#4834,.T.);
#4105=FACE_OUTER_BOUND('',#4835,.T.);
#4106=FACE_OUTER_BOUND('',#4836,.T.);
#4107=FACE_OUTER_BOUND('',#4837,.T.);
#4108=FACE_OUTER_BOUND('',#4838,.T.);
#4109=FACE_OUTER_BOUND('',#4839,.T.);
#4110=FACE_OUTER_BOUND('',#4840,.T.);
#4111=FACE_OUTER_BOUND('',#4841,.T.);
#4112=FACE_OUTER_BOUND('',#4842,.T.);
#4113=FACE_OUTER_BOUND('',#4843,.T.);
#4114=FACE_OUTER_BOUND('',#4844,.T.);
#4115=FACE_OUTER_BOUND('',#4845,.T.);
#4116=FACE_OUTER_BOUND('',#4846,.T.);
#4117=FACE_OUTER_BOUND('',#4847,.T.);
#4118=FACE_OUTER_BOUND('',#4848,.T.);
#4119=FACE_OUTER_BOUND('',#4849,.T.);
#4120=FACE_OUTER_BOUND('',#4850,.T.);
#4121=FACE_OUTER_BOUND('',#4851,.T.);
#4122=FACE_OUTER_BOUND('',#4852,.T.);
#4123=FACE_OUTER_BOUND('',#4853,.T.);
#4124=FACE_OUTER_BOUND('',#4854,.T.);
#4125=FACE_OUTER_BOUND('',#4855,.T.);
#4126=FACE_OUTER_BOUND('',#4856,.T.);
#4127=FACE_OUTER_BOUND('',#4857,.T.);
#4128=FACE_OUTER_BOUND('',#4858,.T.);
#4129=FACE_OUTER_BOUND('',#4859,.T.);
#4130=FACE_OUTER_BOUND('',#4860,.T.);
#4131=FACE_OUTER_BOUND('',#4861,.T.);
#4132=FACE_OUTER_BOUND('',#4862,.T.);
#4133=FACE_OUTER_BOUND('',#4863,.T.);
#4134=FACE_OUTER_BOUND('',#4864,.T.);
#4135=FACE_OUTER_BOUND('',#4865,.T.);
#4136=FACE_OUTER_BOUND('',#4866,.T.);
#4137=FACE_OUTER_BOUND('',#4867,.T.);
#4138=FACE_OUTER_BOUND('',#4868,.T.);
#4139=FACE_OUTER_BOUND('',#4869,.T.);
#4140=FACE_OUTER_BOUND('',#4870,.T.);
#4141=FACE_OUTER_BOUND('',#4871,.T.);
#4142=FACE_OUTER_BOUND('',#4872,.T.);
#4143=FACE_OUTER_BOUND('',#4873,.T.);
#4144=FACE_OUTER_BOUND('',#4874,.T.);
#4145=FACE_OUTER_BOUND('',#4875,.T.);
#4146=FACE_OUTER_BOUND('',#4876,.T.);
#4147=FACE_OUTER_BOUND('',#4877,.T.);
#4148=FACE_OUTER_BOUND('',#4878,.T.);
#4149=FACE_OUTER_BOUND('',#4879,.T.);
#4150=FACE_OUTER_BOUND('',#4880,.T.);
#4151=FACE_OUTER_BOUND('',#4881,.T.);
#4152=FACE_OUTER_BOUND('',#4882,.T.);
#4153=FACE_OUTER_BOUND('',#4883,.T.);
#4154=FACE_OUTER_BOUND('',#4884,.T.);
#4155=FACE_OUTER_BOUND('',#4885,.T.);
#4156=FACE_OUTER_BOUND('',#4886,.T.);
#4157=FACE_OUTER_BOUND('',#4887,.T.);
#4158=FACE_OUTER_BOUND('',#4888,.T.);
#4159=FACE_OUTER_BOUND('',#4889,.T.);
#4160=FACE_OUTER_BOUND('',#4890,.T.);
#4161=FACE_OUTER_BOUND('',#4891,.T.);
#4162=FACE_OUTER_BOUND('',#4892,.T.);
#4163=FACE_OUTER_BOUND('',#4893,.T.);
#4164=FACE_OUTER_BOUND('',#4894,.T.);
#4165=FACE_OUTER_BOUND('',#4895,.T.);
#4166=FACE_OUTER_BOUND('',#4896,.T.);
#4167=FACE_OUTER_BOUND('',#4897,.T.);
#4168=FACE_OUTER_BOUND('',#4898,.T.);
#4169=FACE_OUTER_BOUND('',#4899,.T.);
#4170=FACE_OUTER_BOUND('',#4900,.T.);
#4171=FACE_OUTER_BOUND('',#4901,.T.);
#4172=FACE_OUTER_BOUND('',#4902,.T.);
#4173=FACE_OUTER_BOUND('',#4903,.T.);
#4174=FACE_OUTER_BOUND('',#4904,.T.);
#4175=FACE_OUTER_BOUND('',#4905,.T.);
#4176=FACE_OUTER_BOUND('',#4906,.T.);
#4177=FACE_OUTER_BOUND('',#4907,.T.);
#4178=FACE_OUTER_BOUND('',#4908,.T.);
#4179=FACE_OUTER_BOUND('',#4909,.T.);
#4180=FACE_OUTER_BOUND('',#4910,.T.);
#4181=FACE_OUTER_BOUND('',#4911,.T.);
#4182=FACE_OUTER_BOUND('',#4912,.T.);
#4183=FACE_OUTER_BOUND('',#4913,.T.);
#4184=FACE_OUTER_BOUND('',#4914,.T.);
#4185=FACE_OUTER_BOUND('',#4915,.T.);
#4186=FACE_OUTER_BOUND('',#4916,.T.);
#4187=FACE_OUTER_BOUND('',#4917,.T.);
#4188=FACE_OUTER_BOUND('',#4918,.T.);
#4189=FACE_OUTER_BOUND('',#4919,.T.);
#4190=FACE_OUTER_BOUND('',#4920,.T.);
#4191=FACE_OUTER_BOUND('',#4921,.T.);
#4192=FACE_OUTER_BOUND('',#4922,.T.);
#4193=FACE_OUTER_BOUND('',#4923,.T.);
#4194=FACE_OUTER_BOUND('',#4924,.T.);
#4195=FACE_OUTER_BOUND('',#4925,.T.);
#4196=FACE_OUTER_BOUND('',#4926,.T.);
#4197=FACE_OUTER_BOUND('',#4927,.T.);
#4198=FACE_OUTER_BOUND('',#4928,.T.);
#4199=FACE_OUTER_BOUND('',#4929,.T.);
#4200=FACE_OUTER_BOUND('',#4930,.T.);
#4201=FACE_OUTER_BOUND('',#4931,.T.);
#4202=FACE_OUTER_BOUND('',#4932,.T.);
#4203=FACE_OUTER_BOUND('',#4933,.T.);
#4204=FACE_OUTER_BOUND('',#4934,.T.);
#4205=FACE_OUTER_BOUND('',#4935,.T.);
#4206=FACE_OUTER_BOUND('',#4936,.T.);
#4207=FACE_OUTER_BOUND('',#4937,.T.);
#4208=FACE_OUTER_BOUND('',#4938,.T.);
#4209=FACE_OUTER_BOUND('',#4939,.T.);
#4210=FACE_OUTER_BOUND('',#4940,.T.);
#4211=FACE_OUTER_BOUND('',#4941,.T.);
#4212=FACE_OUTER_BOUND('',#4942,.T.);
#4213=FACE_OUTER_BOUND('',#4943,.T.);
#4214=FACE_OUTER_BOUND('',#4944,.T.);
#4215=FACE_OUTER_BOUND('',#4945,.T.);
#4216=FACE_OUTER_BOUND('',#4946,.T.);
#4217=FACE_OUTER_BOUND('',#4947,.T.);
#4218=FACE_OUTER_BOUND('',#4948,.T.);
#4219=FACE_OUTER_BOUND('',#4949,.T.);
#4220=FACE_OUTER_BOUND('',#4950,.T.);
#4221=FACE_OUTER_BOUND('',#4951,.T.);
#4222=FACE_OUTER_BOUND('',#4952,.T.);
#4223=FACE_OUTER_BOUND('',#4953,.T.);
#4224=FACE_OUTER_BOUND('',#4954,.T.);
#4225=FACE_OUTER_BOUND('',#4955,.T.);
#4226=FACE_OUTER_BOUND('',#4956,.T.);
#4227=FACE_OUTER_BOUND('',#4957,.T.);
#4228=FACE_OUTER_BOUND('',#4958,.T.);
#4229=FACE_OUTER_BOUND('',#4959,.T.);
#4230=FACE_OUTER_BOUND('',#4960,.T.);
#4231=FACE_OUTER_BOUND('',#4961,.T.);
#4232=FACE_OUTER_BOUND('',#4962,.T.);
#4233=FACE_OUTER_BOUND('',#4963,.T.);
#4234=FACE_OUTER_BOUND('',#4964,.T.);
#4235=FACE_OUTER_BOUND('',#4965,.T.);
#4236=FACE_OUTER_BOUND('',#4966,.T.);
#4237=FACE_OUTER_BOUND('',#4967,.T.);
#4238=FACE_OUTER_BOUND('',#4968,.T.);
#4239=FACE_OUTER_BOUND('',#4969,.T.);
#4240=FACE_OUTER_BOUND('',#4970,.T.);
#4241=FACE_OUTER_BOUND('',#4971,.T.);
#4242=FACE_OUTER_BOUND('',#4972,.T.);
#4243=FACE_OUTER_BOUND('',#4973,.T.);
#4244=FACE_OUTER_BOUND('',#4974,.T.);
#4245=FACE_OUTER_BOUND('',#4975,.T.);
#4246=FACE_OUTER_BOUND('',#4976,.T.);
#4247=FACE_OUTER_BOUND('',#4977,.T.);
#4248=FACE_OUTER_BOUND('',#4978,.T.);
#4249=FACE_OUTER_BOUND('',#4979,.T.);
#4250=FACE_OUTER_BOUND('',#4980,.T.);
#4251=FACE_OUTER_BOUND('',#4981,.T.);
#4252=FACE_OUTER_BOUND('',#4982,.T.);
#4253=FACE_OUTER_BOUND('',#4983,.T.);
#4254=FACE_OUTER_BOUND('',#4984,.T.);
#4255=FACE_OUTER_BOUND('',#4985,.T.);
#4256=FACE_OUTER_BOUND('',#4986,.T.);
#4257=FACE_OUTER_BOUND('',#4987,.T.);
#4258=FACE_OUTER_BOUND('',#4988,.T.);
#4259=FACE_OUTER_BOUND('',#4989,.T.);
#4260=FACE_OUTER_BOUND('',#4990,.T.);
#4261=FACE_OUTER_BOUND('',#4991,.T.);
#4262=FACE_OUTER_BOUND('',#4992,.T.);
#4263=FACE_OUTER_BOUND('',#4993,.T.);
#4264=FACE_OUTER_BOUND('',#4994,.T.);
#4265=FACE_OUTER_BOUND('',#4995,.T.);
#4266=FACE_OUTER_BOUND('',#4996,.T.);
#4267=FACE_OUTER_BOUND('',#4997,.T.);
#4268=FACE_OUTER_BOUND('',#4998,.T.);
#4269=FACE_OUTER_BOUND('',#4999,.T.);
#4270=FACE_OUTER_BOUND('',#5000,.T.);
#4271=FACE_OUTER_BOUND('',#5001,.T.);
#4272=FACE_OUTER_BOUND('',#5002,.T.);
#4273=FACE_OUTER_BOUND('',#5003,.T.);
#4274=FACE_OUTER_BOUND('',#5004,.T.);
#4275=FACE_OUTER_BOUND('',#5005,.T.);
#4276=FACE_OUTER_BOUND('',#5006,.T.);
#4277=FACE_OUTER_BOUND('',#5007,.T.);
#4278=FACE_OUTER_BOUND('',#5008,.T.);
#4279=FACE_OUTER_BOUND('',#5009,.T.);
#4280=FACE_OUTER_BOUND('',#5010,.T.);
#4281=FACE_OUTER_BOUND('',#5011,.T.);
#4282=FACE_OUTER_BOUND('',#5012,.T.);
#4283=FACE_OUTER_BOUND('',#5013,.T.);
#4284=FACE_OUTER_BOUND('',#5014,.T.);
#4285=FACE_OUTER_BOUND('',#5015,.T.);
#4286=FACE_OUTER_BOUND('',#5016,.T.);
#4287=FACE_OUTER_BOUND('',#5017,.T.);
#4288=FACE_OUTER_BOUND('',#5018,.T.);
#4289=FACE_OUTER_BOUND('',#5019,.T.);
#4290=FACE_OUTER_BOUND('',#5020,.T.);
#4291=FACE_OUTER_BOUND('',#5021,.T.);
#4292=FACE_OUTER_BOUND('',#5022,.T.);
#4293=FACE_OUTER_BOUND('',#5023,.T.);
#4294=FACE_OUTER_BOUND('',#5024,.T.);
#4295=FACE_OUTER_BOUND('',#5025,.T.);
#4296=FACE_OUTER_BOUND('',#5026,.T.);
#4297=FACE_OUTER_BOUND('',#5027,.T.);
#4298=FACE_OUTER_BOUND('',#5028,.T.);
#4299=FACE_OUTER_BOUND('',#5029,.T.);
#4300=FACE_OUTER_BOUND('',#5030,.T.);
#4301=FACE_OUTER_BOUND('',#5031,.T.);
#4302=FACE_OUTER_BOUND('',#5032,.T.);
#4303=FACE_OUTER_BOUND('',#5033,.T.);
#4304=FACE_OUTER_BOUND('',#5034,.T.);
#4305=FACE_OUTER_BOUND('',#5035,.T.);
#4306=FACE_OUTER_BOUND('',#5036,.T.);
#4307=FACE_OUTER_BOUND('',#5037,.T.);
#4308=FACE_OUTER_BOUND('',#5038,.T.);
#4309=FACE_OUTER_BOUND('',#5039,.T.);
#4310=FACE_OUTER_BOUND('',#5040,.T.);
#4311=FACE_OUTER_BOUND('',#5041,.T.);
#4312=FACE_OUTER_BOUND('',#5042,.T.);
#4313=FACE_OUTER_BOUND('',#5043,.T.);
#4314=FACE_OUTER_BOUND('',#5044,.T.);
#4315=FACE_OUTER_BOUND('',#5045,.T.);
#4316=FACE_OUTER_BOUND('',#5046,.T.);
#4317=FACE_OUTER_BOUND('',#5047,.T.);
#4318=FACE_OUTER_BOUND('',#5048,.T.);
#4319=FACE_OUTER_BOUND('',#5049,.T.);
#4320=FACE_OUTER_BOUND('',#5050,.T.);
#4321=FACE_OUTER_BOUND('',#5051,.T.);
#4322=FACE_OUTER_BOUND('',#5052,.T.);
#4323=FACE_OUTER_BOUND('',#5053,.T.);
#4324=FACE_OUTER_BOUND('',#5054,.T.);
#4325=FACE_OUTER_BOUND('',#5055,.T.);
#4326=FACE_OUTER_BOUND('',#5056,.T.);
#4327=FACE_OUTER_BOUND('',#5057,.T.);
#4328=FACE_OUTER_BOUND('',#5058,.T.);
#4329=FACE_OUTER_BOUND('',#5059,.T.);
#4330=FACE_OUTER_BOUND('',#5060,.T.);
#4331=FACE_OUTER_BOUND('',#5061,.T.);
#4332=FACE_OUTER_BOUND('',#5062,.T.);
#4333=FACE_OUTER_BOUND('',#5063,.T.);
#4334=FACE_OUTER_BOUND('',#5064,.T.);
#4335=FACE_OUTER_BOUND('',#5065,.T.);
#4336=FACE_OUTER_BOUND('',#5066,.T.);
#4337=FACE_OUTER_BOUND('',#5067,.T.);
#4338=FACE_OUTER_BOUND('',#5068,.T.);
#4339=FACE_OUTER_BOUND('',#5069,.T.);
#4340=FACE_OUTER_BOUND('',#5070,.T.);
#4341=FACE_OUTER_BOUND('',#5071,.T.);
#4342=FACE_OUTER_BOUND('',#5072,.T.);
#4343=FACE_OUTER_BOUND('',#5073,.T.);
#4344=FACE_OUTER_BOUND('',#5074,.T.);
#4345=FACE_OUTER_BOUND('',#5075,.T.);
#4346=FACE_OUTER_BOUND('',#5076,.T.);
#4347=FACE_OUTER_BOUND('',#5077,.T.);
#4348=FACE_OUTER_BOUND('',#5078,.T.);
#4349=FACE_OUTER_BOUND('',#5079,.T.);
#4350=FACE_OUTER_BOUND('',#5080,.T.);
#4351=FACE_OUTER_BOUND('',#5081,.T.);
#4352=FACE_OUTER_BOUND('',#5082,.T.);
#4353=FACE_OUTER_BOUND('',#5083,.T.);
#4354=FACE_OUTER_BOUND('',#5084,.T.);
#4355=FACE_OUTER_BOUND('',#5085,.T.);
#4356=FACE_OUTER_BOUND('',#5086,.T.);
#4357=FACE_OUTER_BOUND('',#5087,.T.);
#4358=FACE_OUTER_BOUND('',#5088,.T.);
#4359=FACE_OUTER_BOUND('',#5089,.T.);
#4360=FACE_OUTER_BOUND('',#5090,.T.);
#4361=FACE_OUTER_BOUND('',#5091,.T.);
#4362=FACE_OUTER_BOUND('',#5092,.T.);
#4363=FACE_OUTER_BOUND('',#5093,.T.);
#4364=FACE_OUTER_BOUND('',#5094,.T.);
#4365=FACE_OUTER_BOUND('',#5095,.T.);
#4366=FACE_OUTER_BOUND('',#5096,.T.);
#4367=FACE_OUTER_BOUND('',#5097,.T.);
#4368=FACE_OUTER_BOUND('',#5098,.T.);
#4369=FACE_OUTER_BOUND('',#5099,.T.);
#4370=FACE_OUTER_BOUND('',#5100,.T.);
#4371=FACE_OUTER_BOUND('',#5101,.T.);
#4372=FACE_OUTER_BOUND('',#5102,.T.);
#4373=FACE_OUTER_BOUND('',#5103,.T.);
#4374=FACE_OUTER_BOUND('',#5104,.T.);
#4375=FACE_OUTER_BOUND('',#5105,.T.);
#4376=FACE_OUTER_BOUND('',#5106,.T.);
#4377=FACE_OUTER_BOUND('',#5107,.T.);
#4378=FACE_OUTER_BOUND('',#5108,.T.);
#4379=FACE_OUTER_BOUND('',#5109,.T.);
#4380=FACE_OUTER_BOUND('',#5110,.T.);
#4381=FACE_OUTER_BOUND('',#5111,.T.);
#4382=FACE_OUTER_BOUND('',#5112,.T.);
#4383=FACE_OUTER_BOUND('',#5113,.T.);
#4384=FACE_OUTER_BOUND('',#5114,.T.);
#4385=FACE_OUTER_BOUND('',#5115,.T.);
#4386=FACE_OUTER_BOUND('',#5116,.T.);
#4387=FACE_OUTER_BOUND('',#5117,.T.);
#4388=FACE_OUTER_BOUND('',#5118,.T.);
#4389=FACE_OUTER_BOUND('',#5119,.T.);
#4390=FACE_OUTER_BOUND('',#5120,.T.);
#4391=FACE_OUTER_BOUND('',#5121,.T.);
#4392=FACE_OUTER_BOUND('',#5122,.T.);
#4393=FACE_OUTER_BOUND('',#5123,.T.);
#4394=FACE_OUTER_BOUND('',#5124,.T.);
#4395=FACE_OUTER_BOUND('',#5125,.T.);
#4396=FACE_OUTER_BOUND('',#5126,.T.);
#4397=FACE_OUTER_BOUND('',#5127,.T.);
#4398=FACE_OUTER_BOUND('',#5128,.T.);
#4399=FACE_OUTER_BOUND('',#5129,.T.);
#4400=FACE_OUTER_BOUND('',#5130,.T.);
#4401=FACE_OUTER_BOUND('',#5131,.T.);
#4402=FACE_OUTER_BOUND('',#5132,.T.);
#4403=FACE_OUTER_BOUND('',#5133,.T.);
#4404=FACE_OUTER_BOUND('',#5134,.T.);
#4405=FACE_OUTER_BOUND('',#5135,.T.);
#4406=FACE_OUTER_BOUND('',#5136,.T.);
#4407=FACE_OUTER_BOUND('',#5137,.T.);
#4408=FACE_OUTER_BOUND('',#5138,.T.);
#4409=FACE_OUTER_BOUND('',#5139,.T.);
#4410=FACE_OUTER_BOUND('',#5140,.T.);
#4411=FACE_OUTER_BOUND('',#5141,.T.);
#4412=FACE_OUTER_BOUND('',#5142,.T.);
#4413=FACE_OUTER_BOUND('',#5143,.T.);
#4414=FACE_OUTER_BOUND('',#5144,.T.);
#4415=FACE_OUTER_BOUND('',#5145,.T.);
#4416=FACE_OUTER_BOUND('',#5146,.T.);
#4417=FACE_OUTER_BOUND('',#5147,.T.);
#4418=FACE_OUTER_BOUND('',#5148,.T.);
#4419=FACE_OUTER_BOUND('',#5149,.T.);
#4420=FACE_OUTER_BOUND('',#5150,.T.);
#4421=FACE_OUTER_BOUND('',#5151,.T.);
#4422=FACE_OUTER_BOUND('',#5152,.T.);
#4423=FACE_OUTER_BOUND('',#5153,.T.);
#4424=FACE_OUTER_BOUND('',#5154,.T.);
#4425=FACE_OUTER_BOUND('',#5155,.T.);
#4426=FACE_OUTER_BOUND('',#5156,.T.);
#4427=FACE_OUTER_BOUND('',#5157,.T.);
#4428=FACE_OUTER_BOUND('',#5158,.T.);
#4429=FACE_OUTER_BOUND('',#5159,.T.);
#4430=FACE_OUTER_BOUND('',#5160,.T.);
#4431=FACE_OUTER_BOUND('',#5161,.T.);
#4432=FACE_OUTER_BOUND('',#5162,.T.);
#4433=FACE_OUTER_BOUND('',#5163,.T.);
#4434=FACE_OUTER_BOUND('',#5164,.T.);
#4435=FACE_OUTER_BOUND('',#5165,.T.);
#4436=FACE_OUTER_BOUND('',#5166,.T.);
#4437=FACE_OUTER_BOUND('',#5167,.T.);
#4438=FACE_OUTER_BOUND('',#5168,.T.);
#4439=FACE_OUTER_BOUND('',#5169,.T.);
#4440=FACE_OUTER_BOUND('',#5170,.T.);
#4441=FACE_OUTER_BOUND('',#5171,.T.);
#4442=FACE_OUTER_BOUND('',#5172,.T.);
#4443=FACE_OUTER_BOUND('',#5173,.T.);
#4444=FACE_OUTER_BOUND('',#5174,.T.);
#4445=FACE_OUTER_BOUND('',#5175,.T.);
#4446=FACE_OUTER_BOUND('',#5176,.T.);
#4447=FACE_OUTER_BOUND('',#5177,.T.);
#4448=EDGE_LOOP('',(#8036,#8037,#8038));
#4449=EDGE_LOOP('',(#8039,#8040,#8041,#8042));
#4450=EDGE_LOOP('',(#8043,#8044,#8045));
#4451=EDGE_LOOP('',(#8046,#8047,#8048,#8049));
#4452=EDGE_LOOP('',(#8050,#8051,#8052,#8053));
#4453=EDGE_LOOP('',(#8054,#8055,#8056,#8057));
#4454=EDGE_LOOP('',(#8058,#8059,#8060));
#4455=EDGE_LOOP('',(#8061,#8062,#8063,#8064));
#4456=EDGE_LOOP('',(#8065,#8066,#8067));
#4457=EDGE_LOOP('',(#8068,#8069,#8070,#8071));
#4458=EDGE_LOOP('',(#8072,#8073,#8074,#8075));
#4459=EDGE_LOOP('',(#8076,#8077,#8078));
#4460=EDGE_LOOP('',(#8079,#8080,#8081,#8082));
#4461=EDGE_LOOP('',(#8083,#8084,#8085));
#4462=EDGE_LOOP('',(#8086,#8087,#8088,#8089));
#4463=EDGE_LOOP('',(#8090,#8091,#8092,#8093));
#4464=EDGE_LOOP('',(#8094,#8095,#8096));
#4465=EDGE_LOOP('',(#8097,#8098,#8099,#8100));
#4466=EDGE_LOOP('',(#8101,#8102,#8103));
#4467=EDGE_LOOP('',(#8104,#8105,#8106,#8107));
#4468=EDGE_LOOP('',(#8108,#8109,#8110,#8111));
#4469=EDGE_LOOP('',(#8112,#8113,#8114,#8115));
#4470=EDGE_LOOP('',(#8116,#8117,#8118,#8119));
#4471=EDGE_LOOP('',(#8120,#8121,#8122,#8123));
#4472=EDGE_LOOP('',(#8124,#8125,#8126,#8127));
#4473=EDGE_LOOP('',(#8128,#8129,#8130,#8131));
#4474=EDGE_LOOP('',(#8132,#8133,#8134,#8135,#8136,#8137,#8138,#8139,#8140,
#8141));
#4475=EDGE_LOOP('',(#8142,#8143,#8144,#8145));
#4476=EDGE_LOOP('',(#8146,#8147,#8148));
#4477=EDGE_LOOP('',(#8149,#8150,#8151,#8152));
#4478=EDGE_LOOP('',(#8153,#8154,#8155,#8156));
#4479=EDGE_LOOP('',(#8157,#8158,#8159));
#4480=EDGE_LOOP('',(#8160,#8161,#8162,#8163,#8164,#8165,#8166,#8167,#8168));
#4481=EDGE_LOOP('',(#8169,#8170,#8171,#8172));
#4482=EDGE_LOOP('',(#8173,#8174,#8175,#8176));
#4483=EDGE_LOOP('',(#8177,#8178,#8179,#8180,#8181,#8182,#8183,#8184));
#4484=EDGE_LOOP('',(#8185,#8186,#8187,#8188,#8189,#8190,#8191,#8192,#8193));
#4485=EDGE_LOOP('',(#8194,#8195,#8196,#8197));
#4486=EDGE_LOOP('',(#8198,#8199,#8200,#8201));
#4487=EDGE_LOOP('',(#8202,#8203,#8204,#8205,#8206,#8207));
#4488=EDGE_LOOP('',(#8208,#8209,#8210,#8211));
#4489=EDGE_LOOP('',(#8212,#8213,#8214,#8215,#8216,#8217));
#4490=EDGE_LOOP('',(#8218,#8219,#8220,#8221,#8222,#8223,#8224,#8225));
#4491=EDGE_LOOP('',(#8226,#8227,#8228,#8229));
#4492=EDGE_LOOP('',(#8230,#8231,#8232,#8233,#8234,#8235,#8236,#8237,#8238,
#8239,#8240,#8241));
#4493=EDGE_LOOP('',(#8242,#8243,#8244,#8245));
#4494=EDGE_LOOP('',(#8246,#8247,#8248,#8249,#8250,#8251,#8252,#8253,#8254,
#8255));
#4495=EDGE_LOOP('',(#8256,#8257,#8258,#8259));
#4496=EDGE_LOOP('',(#8260,#8261,#8262,#8263));
#4497=EDGE_LOOP('',(#8264,#8265,#8266,#8267,#8268,#8269,#8270,#8271));
#4498=EDGE_LOOP('',(#8272,#8273,#8274,#8275));
#4499=EDGE_LOOP('',(#8276,#8277,#8278,#8279,#8280,#8281,#8282,#8283,#8284,
#8285));
#4500=EDGE_LOOP('',(#8286,#8287,#8288,#8289));
#4501=EDGE_LOOP('',(#8290,#8291,#8292,#8293));
#4502=EDGE_LOOP('',(#8294,#8295,#8296,#8297));
#4503=EDGE_LOOP('',(#8298,#8299,#8300,#8301,#8302,#8303));
#4504=EDGE_LOOP('',(#8304,#8305,#8306));
#4505=EDGE_LOOP('',(#8307,#8308,#8309,#8310));
#4506=EDGE_LOOP('',(#8311,#8312,#8313,#8314));
#4507=EDGE_LOOP('',(#8315,#8316,#8317,#8318));
#4508=EDGE_LOOP('',(#8319,#8320,#8321,#8322,#8323));
#4509=EDGE_LOOP('',(#8324,#8325,#8326,#8327,#8328,#8329,#8330));
#4510=EDGE_LOOP('',(#8331,#8332,#8333,#8334));
#4511=EDGE_LOOP('',(#8335,#8336,#8337,#8338));
#4512=EDGE_LOOP('',(#8339,#8340,#8341,#8342));
#4513=EDGE_LOOP('',(#8343,#8344,#8345,#8346));
#4514=EDGE_LOOP('',(#8347,#8348,#8349,#8350,#8351,#8352,#8353));
#4515=EDGE_LOOP('',(#8354,#8355,#8356,#8357));
#4516=EDGE_LOOP('',(#8358,#8359,#8360,#8361,#8362,#8363,#8364,#8365,#8366,
#8367));
#4517=EDGE_LOOP('',(#8368,#8369,#8370,#8371));
#4518=EDGE_LOOP('',(#8372,#8373,#8374,#8375));
#4519=EDGE_LOOP('',(#8376,#8377,#8378,#8379));
#4520=EDGE_LOOP('',(#8380,#8381,#8382,#8383));
#4521=EDGE_LOOP('',(#8384,#8385,#8386,#8387));
#4522=EDGE_LOOP('',(#8388,#8389,#8390,#8391));
#4523=EDGE_LOOP('',(#8392,#8393,#8394,#8395));
#4524=EDGE_LOOP('',(#8396,#8397,#8398,#8399));
#4525=EDGE_LOOP('',(#8400,#8401,#8402,#8403));
#4526=EDGE_LOOP('',(#8404,#8405,#8406,#8407));
#4527=EDGE_LOOP('',(#8408,#8409,#8410,#8411,#8412,#8413,#8414,#8415));
#4528=EDGE_LOOP('',(#8416,#8417,#8418,#8419,#8420,#8421,#8422,#8423,#8424,
#8425));
#4529=EDGE_LOOP('',(#8426,#8427,#8428,#8429));
#4530=EDGE_LOOP('',(#8430,#8431,#8432,#8433));
#4531=EDGE_LOOP('',(#8434,#8435,#8436,#8437));
#4532=EDGE_LOOP('',(#8438,#8439,#8440,#8441));
#4533=EDGE_LOOP('',(#8442,#8443,#8444,#8445));
#4534=EDGE_LOOP('',(#8446,#8447,#8448,#8449));
#4535=EDGE_LOOP('',(#8450,#8451,#8452,#8453));
#4536=EDGE_LOOP('',(#8454,#8455,#8456,#8457,#8458,#8459,#8460,#8461));
#4537=EDGE_LOOP('',(#8462,#8463,#8464,#8465));
#4538=EDGE_LOOP('',(#8466,#8467,#8468,#8469));
#4539=EDGE_LOOP('',(#8470,#8471,#8472,#8473));
#4540=EDGE_LOOP('',(#8474,#8475,#8476,#8477));
#4541=EDGE_LOOP('',(#8478,#8479,#8480,#8481,#8482,#8483,#8484,#8485,#8486,
#8487,#8488,#8489,#8490,#8491,#8492,#8493));
#4542=EDGE_LOOP('',(#8494,#8495,#8496,#8497,#8498,#8499));
#4543=EDGE_LOOP('',(#8500,#8501,#8502,#8503,#8504,#8505));
#4544=EDGE_LOOP('',(#8506,#8507,#8508,#8509,#8510,#8511));
#4545=EDGE_LOOP('',(#8512,#8513,#8514,#8515,#8516,#8517));
#4546=EDGE_LOOP('',(#8518,#8519,#8520,#8521,#8522,#8523));
#4547=EDGE_LOOP('',(#8524,#8525,#8526,#8527,#8528,#8529));
#4548=EDGE_LOOP('',(#8530,#8531,#8532,#8533,#8534,#8535));
#4549=EDGE_LOOP('',(#8536,#8537,#8538,#8539,#8540,#8541));
#4550=EDGE_LOOP('',(#8542,#8543,#8544,#8545,#8546,#8547));
#4551=EDGE_LOOP('',(#8548,#8549,#8550,#8551,#8552,#8553));
#4552=EDGE_LOOP('',(#8554,#8555,#8556,#8557,#8558,#8559));
#4553=EDGE_LOOP('',(#8560,#8561,#8562,#8563,#8564,#8565));
#4554=EDGE_LOOP('',(#8566,#8567,#8568,#8569,#8570,#8571));
#4555=EDGE_LOOP('',(#8572,#8573,#8574,#8575,#8576,#8577));
#4556=EDGE_LOOP('',(#8578,#8579,#8580,#8581,#8582,#8583));
#4557=EDGE_LOOP('',(#8584,#8585,#8586,#8587,#8588,#8589));
#4558=EDGE_LOOP('',(#8590,#8591,#8592,#8593,#8594,#8595));
#4559=EDGE_LOOP('',(#8596,#8597,#8598,#8599,#8600,#8601));
#4560=EDGE_LOOP('',(#8602,#8603,#8604,#8605,#8606,#8607));
#4561=EDGE_LOOP('',(#8608,#8609,#8610,#8611,#8612,#8613));
#4562=EDGE_LOOP('',(#8614,#8615,#8616,#8617,#8618,#8619));
#4563=EDGE_LOOP('',(#8620,#8621,#8622,#8623,#8624,#8625));
#4564=EDGE_LOOP('',(#8626,#8627,#8628,#8629,#8630,#8631));
#4565=EDGE_LOOP('',(#8632,#8633,#8634,#8635,#8636,#8637));
#4566=EDGE_LOOP('',(#8638,#8639,#8640,#8641,#8642,#8643));
#4567=EDGE_LOOP('',(#8644,#8645,#8646,#8647,#8648,#8649));
#4568=EDGE_LOOP('',(#8650,#8651,#8652,#8653,#8654,#8655));
#4569=EDGE_LOOP('',(#8656,#8657,#8658,#8659,#8660,#8661));
#4570=EDGE_LOOP('',(#8662,#8663,#8664,#8665,#8666,#8667));
#4571=EDGE_LOOP('',(#8668,#8669,#8670,#8671,#8672,#8673));
#4572=EDGE_LOOP('',(#8674,#8675,#8676,#8677,#8678,#8679));
#4573=EDGE_LOOP('',(#8680,#8681,#8682,#8683,#8684,#8685));
#4574=EDGE_LOOP('',(#8686,#8687,#8688,#8689,#8690,#8691));
#4575=EDGE_LOOP('',(#8692,#8693,#8694,#8695,#8696,#8697));
#4576=EDGE_LOOP('',(#8698,#8699,#8700,#8701,#8702,#8703));
#4577=EDGE_LOOP('',(#8704,#8705,#8706,#8707,#8708,#8709));
#4578=EDGE_LOOP('',(#8710,#8711,#8712,#8713,#8714,#8715));
#4579=EDGE_LOOP('',(#8716,#8717,#8718,#8719,#8720,#8721));
#4580=EDGE_LOOP('',(#8722,#8723,#8724,#8725,#8726,#8727));
#4581=EDGE_LOOP('',(#8728,#8729,#8730,#8731,#8732,#8733));
#4582=EDGE_LOOP('',(#8734,#8735,#8736,#8737,#8738,#8739));
#4583=EDGE_LOOP('',(#8740,#8741,#8742,#8743,#8744,#8745));
#4584=EDGE_LOOP('',(#8746,#8747,#8748,#8749,#8750,#8751));
#4585=EDGE_LOOP('',(#8752,#8753,#8754,#8755,#8756,#8757));
#4586=EDGE_LOOP('',(#8758,#8759,#8760,#8761,#8762,#8763));
#4587=EDGE_LOOP('',(#8764,#8765,#8766,#8767,#8768,#8769));
#4588=EDGE_LOOP('',(#8770,#8771,#8772,#8773,#8774,#8775));
#4589=EDGE_LOOP('',(#8776,#8777,#8778,#8779,#8780,#8781));
#4590=EDGE_LOOP('',(#8782,#8783,#8784,#8785,#8786,#8787));
#4591=EDGE_LOOP('',(#8788,#8789,#8790,#8791,#8792,#8793));
#4592=EDGE_LOOP('',(#8794,#8795,#8796,#8797,#8798,#8799));
#4593=EDGE_LOOP('',(#8800,#8801,#8802,#8803,#8804,#8805));
#4594=EDGE_LOOP('',(#8806,#8807,#8808,#8809,#8810,#8811));
#4595=EDGE_LOOP('',(#8812,#8813,#8814,#8815,#8816,#8817));
#4596=EDGE_LOOP('',(#8818,#8819,#8820,#8821,#8822,#8823));
#4597=EDGE_LOOP('',(#8824,#8825,#8826,#8827,#8828,#8829));
#4598=EDGE_LOOP('',(#8830,#8831,#8832,#8833,#8834,#8835));
#4599=EDGE_LOOP('',(#8836,#8837,#8838,#8839,#8840,#8841));
#4600=EDGE_LOOP('',(#8842,#8843,#8844,#8845,#8846,#8847));
#4601=EDGE_LOOP('',(#8848,#8849,#8850,#8851,#8852,#8853));
#4602=EDGE_LOOP('',(#8854,#8855,#8856,#8857,#8858,#8859));
#4603=EDGE_LOOP('',(#8860,#8861,#8862,#8863,#8864,#8865));
#4604=EDGE_LOOP('',(#8866,#8867,#8868,#8869,#8870,#8871));
#4605=EDGE_LOOP('',(#8872,#8873,#8874,#8875,#8876,#8877));
#4606=EDGE_LOOP('',(#8878,#8879,#8880,#8881,#8882,#8883));
#4607=EDGE_LOOP('',(#8884,#8885,#8886,#8887,#8888,#8889));
#4608=EDGE_LOOP('',(#8890,#8891,#8892,#8893,#8894,#8895));
#4609=EDGE_LOOP('',(#8896,#8897,#8898,#8899,#8900,#8901));
#4610=EDGE_LOOP('',(#8902,#8903,#8904,#8905,#8906,#8907));
#4611=EDGE_LOOP('',(#8908,#8909,#8910,#8911,#8912,#8913));
#4612=EDGE_LOOP('',(#8914,#8915,#8916,#8917,#8918,#8919));
#4613=EDGE_LOOP('',(#8920,#8921,#8922,#8923,#8924,#8925));
#4614=EDGE_LOOP('',(#8926,#8927,#8928,#8929,#8930,#8931));
#4615=EDGE_LOOP('',(#8932,#8933,#8934,#8935,#8936,#8937));
#4616=EDGE_LOOP('',(#8938,#8939,#8940,#8941,#8942,#8943));
#4617=EDGE_LOOP('',(#8944,#8945,#8946,#8947,#8948,#8949));
#4618=EDGE_LOOP('',(#8950,#8951,#8952,#8953,#8954,#8955));
#4619=EDGE_LOOP('',(#8956,#8957,#8958,#8959,#8960,#8961));
#4620=EDGE_LOOP('',(#8962,#8963,#8964,#8965));
#4621=EDGE_LOOP('',(#8966,#8967,#8968,#8969));
#4622=EDGE_LOOP('',(#8970,#8971,#8972,#8973));
#4623=EDGE_LOOP('',(#8974,#8975,#8976,#8977));
#4624=EDGE_LOOP('',(#8978,#8979,#8980,#8981));
#4625=EDGE_LOOP('',(#8982,#8983,#8984,#8985));
#4626=EDGE_LOOP('',(#8986,#8987,#8988,#8989));
#4627=EDGE_LOOP('',(#8990,#8991,#8992,#8993,#8994,#8995,#8996,#8997,#8998,
#8999,#9000,#9001,#9002,#9003,#9004,#9005));
#4628=EDGE_LOOP('',(#9006,#9007,#9008,#9009,#9010,#9011));
#4629=EDGE_LOOP('',(#9012,#9013,#9014,#9015,#9016,#9017));
#4630=EDGE_LOOP('',(#9018,#9019,#9020,#9021,#9022,#9023));
#4631=EDGE_LOOP('',(#9024,#9025,#9026,#9027,#9028,#9029));
#4632=EDGE_LOOP('',(#9030,#9031,#9032,#9033,#9034,#9035));
#4633=EDGE_LOOP('',(#9036,#9037,#9038,#9039,#9040,#9041));
#4634=EDGE_LOOP('',(#9042,#9043,#9044,#9045,#9046,#9047));
#4635=EDGE_LOOP('',(#9048,#9049,#9050,#9051,#9052,#9053));
#4636=EDGE_LOOP('',(#9054,#9055,#9056,#9057,#9058,#9059));
#4637=EDGE_LOOP('',(#9060,#9061,#9062,#9063,#9064,#9065));
#4638=EDGE_LOOP('',(#9066,#9067,#9068,#9069,#9070,#9071));
#4639=EDGE_LOOP('',(#9072,#9073,#9074,#9075,#9076,#9077));
#4640=EDGE_LOOP('',(#9078,#9079,#9080,#9081,#9082,#9083));
#4641=EDGE_LOOP('',(#9084,#9085,#9086,#9087,#9088,#9089));
#4642=EDGE_LOOP('',(#9090,#9091,#9092,#9093,#9094,#9095));
#4643=EDGE_LOOP('',(#9096,#9097,#9098,#9099,#9100,#9101));
#4644=EDGE_LOOP('',(#9102,#9103,#9104,#9105,#9106,#9107));
#4645=EDGE_LOOP('',(#9108,#9109,#9110,#9111,#9112,#9113));
#4646=EDGE_LOOP('',(#9114,#9115,#9116,#9117,#9118,#9119));
#4647=EDGE_LOOP('',(#9120,#9121,#9122,#9123,#9124,#9125));
#4648=EDGE_LOOP('',(#9126,#9127,#9128,#9129,#9130,#9131));
#4649=EDGE_LOOP('',(#9132,#9133,#9134,#9135,#9136,#9137));
#4650=EDGE_LOOP('',(#9138,#9139,#9140,#9141,#9142,#9143));
#4651=EDGE_LOOP('',(#9144,#9145,#9146,#9147,#9148,#9149));
#4652=EDGE_LOOP('',(#9150,#9151,#9152,#9153,#9154,#9155));
#4653=EDGE_LOOP('',(#9156,#9157,#9158,#9159,#9160,#9161));
#4654=EDGE_LOOP('',(#9162,#9163,#9164,#9165,#9166,#9167));
#4655=EDGE_LOOP('',(#9168,#9169,#9170,#9171,#9172,#9173));
#4656=EDGE_LOOP('',(#9174,#9175,#9176,#9177,#9178,#9179));
#4657=EDGE_LOOP('',(#9180,#9181,#9182,#9183,#9184,#9185));
#4658=EDGE_LOOP('',(#9186,#9187,#9188,#9189,#9190,#9191));
#4659=EDGE_LOOP('',(#9192,#9193,#9194,#9195,#9196,#9197));
#4660=EDGE_LOOP('',(#9198,#9199,#9200,#9201,#9202,#9203));
#4661=EDGE_LOOP('',(#9204,#9205,#9206,#9207,#9208,#9209));
#4662=EDGE_LOOP('',(#9210,#9211,#9212,#9213,#9214,#9215));
#4663=EDGE_LOOP('',(#9216,#9217,#9218,#9219,#9220,#9221));
#4664=EDGE_LOOP('',(#9222,#9223,#9224,#9225,#9226,#9227));
#4665=EDGE_LOOP('',(#9228,#9229,#9230,#9231,#9232,#9233));
#4666=EDGE_LOOP('',(#9234,#9235,#9236,#9237,#9238,#9239));
#4667=EDGE_LOOP('',(#9240,#9241,#9242,#9243,#9244,#9245));
#4668=EDGE_LOOP('',(#9246,#9247,#9248,#9249,#9250,#9251));
#4669=EDGE_LOOP('',(#9252,#9253,#9254,#9255,#9256,#9257));
#4670=EDGE_LOOP('',(#9258,#9259,#9260,#9261,#9262,#9263));
#4671=EDGE_LOOP('',(#9264,#9265,#9266,#9267,#9268,#9269));
#4672=EDGE_LOOP('',(#9270,#9271,#9272,#9273,#9274,#9275));
#4673=EDGE_LOOP('',(#9276,#9277,#9278,#9279,#9280,#9281));
#4674=EDGE_LOOP('',(#9282,#9283,#9284,#9285,#9286,#9287));
#4675=EDGE_LOOP('',(#9288,#9289,#9290,#9291,#9292,#9293));
#4676=EDGE_LOOP('',(#9294,#9295,#9296,#9297,#9298,#9299));
#4677=EDGE_LOOP('',(#9300,#9301,#9302,#9303,#9304,#9305));
#4678=EDGE_LOOP('',(#9306,#9307,#9308,#9309,#9310,#9311));
#4679=EDGE_LOOP('',(#9312,#9313,#9314,#9315,#9316,#9317));
#4680=EDGE_LOOP('',(#9318,#9319,#9320,#9321,#9322,#9323));
#4681=EDGE_LOOP('',(#9324,#9325,#9326,#9327,#9328,#9329));
#4682=EDGE_LOOP('',(#9330,#9331,#9332,#9333,#9334,#9335));
#4683=EDGE_LOOP('',(#9336,#9337,#9338,#9339,#9340,#9341));
#4684=EDGE_LOOP('',(#9342,#9343,#9344,#9345,#9346,#9347));
#4685=EDGE_LOOP('',(#9348,#9349,#9350,#9351,#9352,#9353));
#4686=EDGE_LOOP('',(#9354,#9355,#9356,#9357,#9358,#9359));
#4687=EDGE_LOOP('',(#9360,#9361,#9362,#9363,#9364,#9365));
#4688=EDGE_LOOP('',(#9366,#9367,#9368,#9369,#9370,#9371));
#4689=EDGE_LOOP('',(#9372,#9373,#9374,#9375,#9376,#9377));
#4690=EDGE_LOOP('',(#9378,#9379,#9380,#9381,#9382,#9383));
#4691=EDGE_LOOP('',(#9384,#9385,#9386,#9387,#9388,#9389));
#4692=EDGE_LOOP('',(#9390,#9391,#9392,#9393,#9394,#9395));
#4693=EDGE_LOOP('',(#9396,#9397,#9398,#9399,#9400,#9401));
#4694=EDGE_LOOP('',(#9402,#9403,#9404,#9405,#9406,#9407));
#4695=EDGE_LOOP('',(#9408,#9409,#9410,#9411,#9412,#9413));
#4696=EDGE_LOOP('',(#9414,#9415,#9416,#9417,#9418,#9419));
#4697=EDGE_LOOP('',(#9420,#9421,#9422,#9423,#9424,#9425));
#4698=EDGE_LOOP('',(#9426,#9427,#9428,#9429,#9430,#9431));
#4699=EDGE_LOOP('',(#9432,#9433,#9434,#9435,#9436,#9437));
#4700=EDGE_LOOP('',(#9438,#9439,#9440,#9441,#9442,#9443));
#4701=EDGE_LOOP('',(#9444,#9445,#9446,#9447,#9448,#9449));
#4702=EDGE_LOOP('',(#9450,#9451,#9452,#9453,#9454,#9455));
#4703=EDGE_LOOP('',(#9456,#9457,#9458,#9459,#9460,#9461));
#4704=EDGE_LOOP('',(#9462,#9463,#9464,#9465,#9466,#9467));
#4705=EDGE_LOOP('',(#9468,#9469,#9470,#9471,#9472,#9473));
#4706=EDGE_LOOP('',(#9474,#9475,#9476,#9477));
#4707=EDGE_LOOP('',(#9478,#9479,#9480,#9481,#9482,#9483,#9484,#9485));
#4708=EDGE_LOOP('',(#9486,#9487,#9488,#9489,#9490,#9491,#9492,#9493));
#4709=EDGE_LOOP('',(#9494,#9495,#9496,#9497));
#4710=EDGE_LOOP('',(#9498,#9499,#9500,#9501));
#4711=EDGE_LOOP('',(#9502,#9503,#9504,#9505));
#4712=EDGE_LOOP('',(#9506,#9507,#9508,#9509));
#4713=EDGE_LOOP('',(#9510,#9511,#9512,#9513));
#4714=EDGE_LOOP('',(#9514,#9515,#9516,#9517));
#4715=EDGE_LOOP('',(#9518,#9519,#9520,#9521));
#4716=EDGE_LOOP('',(#9522,#9523,#9524,#9525));
#4717=EDGE_LOOP('',(#9526,#9527,#9528,#9529));
#4718=EDGE_LOOP('',(#9530,#9531,#9532,#9533));
#4719=EDGE_LOOP('',(#9534,#9535,#9536,#9537));
#4720=EDGE_LOOP('',(#9538,#9539,#9540,#9541));
#4721=EDGE_LOOP('',(#9542,#9543,#9544,#9545));
#4722=EDGE_LOOP('',(#9546,#9547,#9548,#9549));
#4723=EDGE_LOOP('',(#9550,#9551,#9552,#9553));
#4724=EDGE_LOOP('',(#9554,#9555,#9556,#9557));
#4725=EDGE_LOOP('',(#9558,#9559,#9560,#9561));
#4726=EDGE_LOOP('',(#9562,#9563,#9564,#9565));
#4727=EDGE_LOOP('',(#9566,#9567,#9568,#9569));
#4728=EDGE_LOOP('',(#9570,#9571,#9572,#9573));
#4729=EDGE_LOOP('',(#9574,#9575,#9576,#9577));
#4730=EDGE_LOOP('',(#9578,#9579,#9580,#9581));
#4731=EDGE_LOOP('',(#9582,#9583,#9584,#9585));
#4732=EDGE_LOOP('',(#9586,#9587,#9588,#9589));
#4733=EDGE_LOOP('',(#9590,#9591,#9592,#9593));
#4734=EDGE_LOOP('',(#9594,#9595,#9596,#9597));
#4735=EDGE_LOOP('',(#9598,#9599,#9600,#9601));
#4736=EDGE_LOOP('',(#9602,#9603,#9604,#9605));
#4737=EDGE_LOOP('',(#9606,#9607,#9608,#9609));
#4738=EDGE_LOOP('',(#9610,#9611,#9612,#9613));
#4739=EDGE_LOOP('',(#9614,#9615,#9616,#9617));
#4740=EDGE_LOOP('',(#9618,#9619,#9620,#9621));
#4741=EDGE_LOOP('',(#9622,#9623,#9624,#9625));
#4742=EDGE_LOOP('',(#9626,#9627,#9628,#9629));
#4743=EDGE_LOOP('',(#9630,#9631,#9632,#9633));
#4744=EDGE_LOOP('',(#9634,#9635,#9636,#9637));
#4745=EDGE_LOOP('',(#9638,#9639,#9640,#9641));
#4746=EDGE_LOOP('',(#9642,#9643,#9644,#9645));
#4747=EDGE_LOOP('',(#9646,#9647,#9648,#9649));
#4748=EDGE_LOOP('',(#9650,#9651,#9652,#9653));
#4749=EDGE_LOOP('',(#9654,#9655,#9656,#9657));
#4750=EDGE_LOOP('',(#9658,#9659,#9660,#9661));
#4751=EDGE_LOOP('',(#9662,#9663,#9664,#9665));
#4752=EDGE_LOOP('',(#9666,#9667,#9668,#9669));
#4753=EDGE_LOOP('',(#9670,#9671,#9672,#9673));
#4754=EDGE_LOOP('',(#9674,#9675,#9676,#9677));
#4755=EDGE_LOOP('',(#9678,#9679,#9680,#9681));
#4756=EDGE_LOOP('',(#9682,#9683,#9684,#9685));
#4757=EDGE_LOOP('',(#9686,#9687,#9688,#9689));
#4758=EDGE_LOOP('',(#9690,#9691,#9692,#9693));
#4759=EDGE_LOOP('',(#9694,#9695,#9696,#9697));
#4760=EDGE_LOOP('',(#9698,#9699,#9700,#9701));
#4761=EDGE_LOOP('',(#9702,#9703,#9704,#9705));
#4762=EDGE_LOOP('',(#9706,#9707,#9708,#9709));
#4763=EDGE_LOOP('',(#9710,#9711,#9712,#9713));
#4764=EDGE_LOOP('',(#9714,#9715,#9716,#9717));
#4765=EDGE_LOOP('',(#9718,#9719,#9720,#9721));
#4766=EDGE_LOOP('',(#9722,#9723,#9724,#9725));
#4767=EDGE_LOOP('',(#9726,#9727,#9728,#9729));
#4768=EDGE_LOOP('',(#9730,#9731,#9732,#9733));
#4769=EDGE_LOOP('',(#9734,#9735,#9736,#9737));
#4770=EDGE_LOOP('',(#9738,#9739,#9740,#9741));
#4771=EDGE_LOOP('',(#9742,#9743,#9744,#9745));
#4772=EDGE_LOOP('',(#9746,#9747,#9748,#9749));
#4773=EDGE_LOOP('',(#9750,#9751,#9752,#9753));
#4774=EDGE_LOOP('',(#9754,#9755,#9756,#9757));
#4775=EDGE_LOOP('',(#9758,#9759,#9760,#9761));
#4776=EDGE_LOOP('',(#9762,#9763,#9764,#9765));
#4777=EDGE_LOOP('',(#9766,#9767,#9768,#9769));
#4778=EDGE_LOOP('',(#9770,#9771,#9772,#9773));
#4779=EDGE_LOOP('',(#9774,#9775,#9776,#9777));
#4780=EDGE_LOOP('',(#9778,#9779,#9780,#9781));
#4781=EDGE_LOOP('',(#9782,#9783,#9784,#9785));
#4782=EDGE_LOOP('',(#9786,#9787,#9788,#9789));
#4783=EDGE_LOOP('',(#9790,#9791,#9792,#9793));
#4784=EDGE_LOOP('',(#9794,#9795,#9796,#9797));
#4785=EDGE_LOOP('',(#9798,#9799,#9800,#9801));
#4786=EDGE_LOOP('',(#9802,#9803,#9804,#9805));
#4787=EDGE_LOOP('',(#9806,#9807,#9808,#9809));
#4788=EDGE_LOOP('',(#9810,#9811,#9812,#9813));
#4789=EDGE_LOOP('',(#9814,#9815,#9816,#9817));
#4790=EDGE_LOOP('',(#9818,#9819,#9820,#9821));
#4791=EDGE_LOOP('',(#9822,#9823,#9824,#9825));
#4792=EDGE_LOOP('',(#9826,#9827,#9828,#9829));
#4793=EDGE_LOOP('',(#9830,#9831,#9832,#9833));
#4794=EDGE_LOOP('',(#9834,#9835,#9836,#9837));
#4795=EDGE_LOOP('',(#9838,#9839,#9840,#9841));
#4796=EDGE_LOOP('',(#9842,#9843,#9844,#9845));
#4797=EDGE_LOOP('',(#9846,#9847,#9848,#9849));
#4798=EDGE_LOOP('',(#9850,#9851,#9852,#9853));
#4799=EDGE_LOOP('',(#9854,#9855,#9856,#9857));
#4800=EDGE_LOOP('',(#9858,#9859,#9860,#9861));
#4801=EDGE_LOOP('',(#9862,#9863,#9864,#9865));
#4802=EDGE_LOOP('',(#9866,#9867,#9868,#9869));
#4803=EDGE_LOOP('',(#9870,#9871,#9872,#9873));
#4804=EDGE_LOOP('',(#9874,#9875,#9876,#9877));
#4805=EDGE_LOOP('',(#9878,#9879,#9880,#9881));
#4806=EDGE_LOOP('',(#9882,#9883,#9884,#9885));
#4807=EDGE_LOOP('',(#9886,#9887,#9888,#9889));
#4808=EDGE_LOOP('',(#9890,#9891,#9892,#9893));
#4809=EDGE_LOOP('',(#9894,#9895,#9896,#9897));
#4810=EDGE_LOOP('',(#9898,#9899,#9900,#9901));
#4811=EDGE_LOOP('',(#9902,#9903,#9904,#9905));
#4812=EDGE_LOOP('',(#9906,#9907,#9908,#9909));
#4813=EDGE_LOOP('',(#9910,#9911,#9912,#9913));
#4814=EDGE_LOOP('',(#9914,#9915,#9916,#9917));
#4815=EDGE_LOOP('',(#9918,#9919,#9920,#9921));
#4816=EDGE_LOOP('',(#9922,#9923,#9924,#9925));
#4817=EDGE_LOOP('',(#9926,#9927,#9928,#9929));
#4818=EDGE_LOOP('',(#9930,#9931,#9932,#9933));
#4819=EDGE_LOOP('',(#9934,#9935,#9936,#9937));
#4820=EDGE_LOOP('',(#9938,#9939,#9940,#9941));
#4821=EDGE_LOOP('',(#9942,#9943,#9944,#9945));
#4822=EDGE_LOOP('',(#9946,#9947,#9948,#9949));
#4823=EDGE_LOOP('',(#9950,#9951,#9952,#9953));
#4824=EDGE_LOOP('',(#9954,#9955,#9956,#9957));
#4825=EDGE_LOOP('',(#9958,#9959,#9960,#9961));
#4826=EDGE_LOOP('',(#9962,#9963,#9964,#9965));
#4827=EDGE_LOOP('',(#9966,#9967,#9968,#9969));
#4828=EDGE_LOOP('',(#9970,#9971,#9972,#9973));
#4829=EDGE_LOOP('',(#9974,#9975,#9976,#9977));
#4830=EDGE_LOOP('',(#9978,#9979,#9980,#9981));
#4831=EDGE_LOOP('',(#9982,#9983,#9984,#9985));
#4832=EDGE_LOOP('',(#9986,#9987,#9988,#9989));
#4833=EDGE_LOOP('',(#9990,#9991,#9992,#9993));
#4834=EDGE_LOOP('',(#9994,#9995,#9996,#9997));
#4835=EDGE_LOOP('',(#9998,#9999,#10000,#10001));
#4836=EDGE_LOOP('',(#10002,#10003,#10004,#10005));
#4837=EDGE_LOOP('',(#10006,#10007,#10008,#10009));
#4838=EDGE_LOOP('',(#10010,#10011,#10012,#10013));
#4839=EDGE_LOOP('',(#10014,#10015,#10016,#10017));
#4840=EDGE_LOOP('',(#10018,#10019,#10020,#10021));
#4841=EDGE_LOOP('',(#10022,#10023,#10024,#10025));
#4842=EDGE_LOOP('',(#10026,#10027,#10028,#10029));
#4843=EDGE_LOOP('',(#10030,#10031,#10032,#10033));
#4844=EDGE_LOOP('',(#10034,#10035,#10036,#10037));
#4845=EDGE_LOOP('',(#10038,#10039,#10040,#10041));
#4846=EDGE_LOOP('',(#10042,#10043,#10044,#10045));
#4847=EDGE_LOOP('',(#10046,#10047,#10048,#10049));
#4848=EDGE_LOOP('',(#10050,#10051,#10052,#10053));
#4849=EDGE_LOOP('',(#10054,#10055,#10056,#10057));
#4850=EDGE_LOOP('',(#10058,#10059,#10060,#10061));
#4851=EDGE_LOOP('',(#10062,#10063,#10064,#10065));
#4852=EDGE_LOOP('',(#10066,#10067,#10068,#10069));
#4853=EDGE_LOOP('',(#10070,#10071,#10072,#10073));
#4854=EDGE_LOOP('',(#10074,#10075,#10076,#10077));
#4855=EDGE_LOOP('',(#10078,#10079,#10080,#10081));
#4856=EDGE_LOOP('',(#10082,#10083,#10084,#10085));
#4857=EDGE_LOOP('',(#10086,#10087,#10088,#10089));
#4858=EDGE_LOOP('',(#10090,#10091,#10092,#10093));
#4859=EDGE_LOOP('',(#10094,#10095,#10096,#10097));
#4860=EDGE_LOOP('',(#10098,#10099,#10100,#10101));
#4861=EDGE_LOOP('',(#10102,#10103,#10104,#10105));
#4862=EDGE_LOOP('',(#10106,#10107,#10108,#10109));
#4863=EDGE_LOOP('',(#10110,#10111,#10112,#10113));
#4864=EDGE_LOOP('',(#10114,#10115,#10116,#10117));
#4865=EDGE_LOOP('',(#10118,#10119,#10120,#10121));
#4866=EDGE_LOOP('',(#10122,#10123,#10124,#10125));
#4867=EDGE_LOOP('',(#10126,#10127,#10128,#10129));
#4868=EDGE_LOOP('',(#10130,#10131,#10132,#10133));
#4869=EDGE_LOOP('',(#10134,#10135,#10136,#10137));
#4870=EDGE_LOOP('',(#10138,#10139,#10140,#10141));
#4871=EDGE_LOOP('',(#10142,#10143,#10144,#10145));
#4872=EDGE_LOOP('',(#10146,#10147,#10148,#10149));
#4873=EDGE_LOOP('',(#10150,#10151,#10152,#10153));
#4874=EDGE_LOOP('',(#10154,#10155,#10156,#10157));
#4875=EDGE_LOOP('',(#10158,#10159,#10160,#10161));
#4876=EDGE_LOOP('',(#10162,#10163,#10164,#10165));
#4877=EDGE_LOOP('',(#10166,#10167,#10168,#10169));
#4878=EDGE_LOOP('',(#10170,#10171,#10172,#10173));
#4879=EDGE_LOOP('',(#10174,#10175,#10176,#10177));
#4880=EDGE_LOOP('',(#10178,#10179,#10180,#10181));
#4881=EDGE_LOOP('',(#10182,#10183,#10184,#10185));
#4882=EDGE_LOOP('',(#10186,#10187,#10188,#10189));
#4883=EDGE_LOOP('',(#10190,#10191,#10192,#10193));
#4884=EDGE_LOOP('',(#10194,#10195,#10196,#10197));
#4885=EDGE_LOOP('',(#10198,#10199,#10200,#10201));
#4886=EDGE_LOOP('',(#10202,#10203,#10204,#10205));
#4887=EDGE_LOOP('',(#10206,#10207,#10208,#10209));
#4888=EDGE_LOOP('',(#10210,#10211,#10212,#10213));
#4889=EDGE_LOOP('',(#10214,#10215,#10216,#10217));
#4890=EDGE_LOOP('',(#10218,#10219,#10220,#10221));
#4891=EDGE_LOOP('',(#10222,#10223,#10224,#10225));
#4892=EDGE_LOOP('',(#10226,#10227,#10228,#10229));
#4893=EDGE_LOOP('',(#10230,#10231,#10232,#10233));
#4894=EDGE_LOOP('',(#10234,#10235,#10236,#10237));
#4895=EDGE_LOOP('',(#10238,#10239,#10240,#10241));
#4896=EDGE_LOOP('',(#10242,#10243,#10244,#10245));
#4897=EDGE_LOOP('',(#10246,#10247,#10248,#10249));
#4898=EDGE_LOOP('',(#10250,#10251,#10252,#10253));
#4899=EDGE_LOOP('',(#10254,#10255,#10256,#10257));
#4900=EDGE_LOOP('',(#10258,#10259,#10260,#10261));
#4901=EDGE_LOOP('',(#10262,#10263,#10264,#10265));
#4902=EDGE_LOOP('',(#10266,#10267,#10268,#10269));
#4903=EDGE_LOOP('',(#10270,#10271,#10272,#10273));
#4904=EDGE_LOOP('',(#10274,#10275,#10276,#10277));
#4905=EDGE_LOOP('',(#10278,#10279,#10280,#10281));
#4906=EDGE_LOOP('',(#10282,#10283,#10284,#10285));
#4907=EDGE_LOOP('',(#10286,#10287,#10288,#10289));
#4908=EDGE_LOOP('',(#10290,#10291,#10292,#10293));
#4909=EDGE_LOOP('',(#10294,#10295,#10296,#10297));
#4910=EDGE_LOOP('',(#10298,#10299,#10300,#10301));
#4911=EDGE_LOOP('',(#10302,#10303,#10304,#10305));
#4912=EDGE_LOOP('',(#10306,#10307,#10308,#10309));
#4913=EDGE_LOOP('',(#10310,#10311,#10312,#10313));
#4914=EDGE_LOOP('',(#10314,#10315,#10316,#10317));
#4915=EDGE_LOOP('',(#10318,#10319,#10320,#10321));
#4916=EDGE_LOOP('',(#10322,#10323,#10324,#10325));
#4917=EDGE_LOOP('',(#10326,#10327,#10328,#10329));
#4918=EDGE_LOOP('',(#10330,#10331,#10332,#10333));
#4919=EDGE_LOOP('',(#10334,#10335,#10336,#10337));
#4920=EDGE_LOOP('',(#10338,#10339,#10340,#10341));
#4921=EDGE_LOOP('',(#10342,#10343,#10344,#10345));
#4922=EDGE_LOOP('',(#10346,#10347,#10348,#10349));
#4923=EDGE_LOOP('',(#10350,#10351,#10352,#10353));
#4924=EDGE_LOOP('',(#10354,#10355,#10356,#10357));
#4925=EDGE_LOOP('',(#10358,#10359,#10360,#10361));
#4926=EDGE_LOOP('',(#10362,#10363,#10364,#10365));
#4927=EDGE_LOOP('',(#10366,#10367,#10368,#10369));
#4928=EDGE_LOOP('',(#10370,#10371,#10372,#10373));
#4929=EDGE_LOOP('',(#10374,#10375,#10376,#10377));
#4930=EDGE_LOOP('',(#10378,#10379,#10380,#10381));
#4931=EDGE_LOOP('',(#10382,#10383,#10384,#10385));
#4932=EDGE_LOOP('',(#10386,#10387,#10388,#10389));
#4933=EDGE_LOOP('',(#10390,#10391,#10392,#10393));
#4934=EDGE_LOOP('',(#10394,#10395,#10396,#10397));
#4935=EDGE_LOOP('',(#10398,#10399,#10400,#10401));
#4936=EDGE_LOOP('',(#10402,#10403,#10404,#10405));
#4937=EDGE_LOOP('',(#10406,#10407,#10408,#10409));
#4938=EDGE_LOOP('',(#10410,#10411,#10412,#10413));
#4939=EDGE_LOOP('',(#10414,#10415,#10416,#10417));
#4940=EDGE_LOOP('',(#10418,#10419,#10420,#10421));
#4941=EDGE_LOOP('',(#10422,#10423,#10424,#10425));
#4942=EDGE_LOOP('',(#10426,#10427,#10428,#10429));
#4943=EDGE_LOOP('',(#10430,#10431,#10432,#10433));
#4944=EDGE_LOOP('',(#10434,#10435,#10436,#10437));
#4945=EDGE_LOOP('',(#10438,#10439,#10440,#10441));
#4946=EDGE_LOOP('',(#10442,#10443,#10444,#10445));
#4947=EDGE_LOOP('',(#10446,#10447,#10448,#10449));
#4948=EDGE_LOOP('',(#10450,#10451,#10452,#10453));
#4949=EDGE_LOOP('',(#10454,#10455,#10456,#10457));
#4950=EDGE_LOOP('',(#10458,#10459,#10460,#10461));
#4951=EDGE_LOOP('',(#10462,#10463,#10464,#10465));
#4952=EDGE_LOOP('',(#10466,#10467,#10468,#10469));
#4953=EDGE_LOOP('',(#10470,#10471,#10472,#10473));
#4954=EDGE_LOOP('',(#10474,#10475,#10476,#10477));
#4955=EDGE_LOOP('',(#10478,#10479,#10480,#10481));
#4956=EDGE_LOOP('',(#10482,#10483,#10484,#10485));
#4957=EDGE_LOOP('',(#10486,#10487,#10488,#10489));
#4958=EDGE_LOOP('',(#10490,#10491,#10492,#10493));
#4959=EDGE_LOOP('',(#10494,#10495,#10496,#10497));
#4960=EDGE_LOOP('',(#10498,#10499,#10500,#10501));
#4961=EDGE_LOOP('',(#10502,#10503,#10504,#10505));
#4962=EDGE_LOOP('',(#10506,#10507,#10508,#10509));
#4963=EDGE_LOOP('',(#10510,#10511,#10512,#10513));
#4964=EDGE_LOOP('',(#10514,#10515,#10516,#10517));
#4965=EDGE_LOOP('',(#10518,#10519,#10520,#10521));
#4966=EDGE_LOOP('',(#10522,#10523,#10524,#10525));
#4967=EDGE_LOOP('',(#10526,#10527,#10528,#10529));
#4968=EDGE_LOOP('',(#10530,#10531,#10532,#10533));
#4969=EDGE_LOOP('',(#10534,#10535,#10536,#10537));
#4970=EDGE_LOOP('',(#10538,#10539,#10540,#10541));
#4971=EDGE_LOOP('',(#10542,#10543,#10544,#10545));
#4972=EDGE_LOOP('',(#10546,#10547,#10548,#10549));
#4973=EDGE_LOOP('',(#10550,#10551,#10552,#10553));
#4974=EDGE_LOOP('',(#10554,#10555,#10556,#10557));
#4975=EDGE_LOOP('',(#10558,#10559,#10560,#10561));
#4976=EDGE_LOOP('',(#10562,#10563,#10564,#10565));
#4977=EDGE_LOOP('',(#10566,#10567,#10568,#10569));
#4978=EDGE_LOOP('',(#10570,#10571,#10572,#10573));
#4979=EDGE_LOOP('',(#10574,#10575,#10576,#10577));
#4980=EDGE_LOOP('',(#10578,#10579,#10580,#10581));
#4981=EDGE_LOOP('',(#10582,#10583,#10584,#10585));
#4982=EDGE_LOOP('',(#10586,#10587,#10588,#10589));
#4983=EDGE_LOOP('',(#10590,#10591,#10592,#10593));
#4984=EDGE_LOOP('',(#10594,#10595,#10596,#10597));
#4985=EDGE_LOOP('',(#10598,#10599,#10600,#10601));
#4986=EDGE_LOOP('',(#10602,#10603,#10604,#10605));
#4987=EDGE_LOOP('',(#10606,#10607,#10608,#10609));
#4988=EDGE_LOOP('',(#10610,#10611,#10612,#10613));
#4989=EDGE_LOOP('',(#10614,#10615,#10616,#10617));
#4990=EDGE_LOOP('',(#10618,#10619,#10620,#10621));
#4991=EDGE_LOOP('',(#10622,#10623,#10624,#10625));
#4992=EDGE_LOOP('',(#10626,#10627,#10628,#10629));
#4993=EDGE_LOOP('',(#10630,#10631,#10632,#10633));
#4994=EDGE_LOOP('',(#10634,#10635,#10636,#10637));
#4995=EDGE_LOOP('',(#10638,#10639,#10640,#10641));
#4996=EDGE_LOOP('',(#10642,#10643,#10644,#10645));
#4997=EDGE_LOOP('',(#10646,#10647,#10648,#10649));
#4998=EDGE_LOOP('',(#10650,#10651,#10652,#10653));
#4999=EDGE_LOOP('',(#10654,#10655,#10656,#10657));
#5000=EDGE_LOOP('',(#10658,#10659,#10660,#10661));
#5001=EDGE_LOOP('',(#10662,#10663,#10664,#10665));
#5002=EDGE_LOOP('',(#10666,#10667,#10668,#10669));
#5003=EDGE_LOOP('',(#10670,#10671,#10672,#10673));
#5004=EDGE_LOOP('',(#10674,#10675,#10676,#10677));
#5005=EDGE_LOOP('',(#10678,#10679,#10680,#10681));
#5006=EDGE_LOOP('',(#10682,#10683,#10684,#10685));
#5007=EDGE_LOOP('',(#10686,#10687,#10688,#10689));
#5008=EDGE_LOOP('',(#10690,#10691,#10692,#10693));
#5009=EDGE_LOOP('',(#10694,#10695,#10696,#10697));
#5010=EDGE_LOOP('',(#10698,#10699,#10700,#10701));
#5011=EDGE_LOOP('',(#10702,#10703,#10704,#10705));
#5012=EDGE_LOOP('',(#10706,#10707,#10708,#10709));
#5013=EDGE_LOOP('',(#10710,#10711,#10712,#10713));
#5014=EDGE_LOOP('',(#10714,#10715,#10716,#10717));
#5015=EDGE_LOOP('',(#10718,#10719,#10720,#10721));
#5016=EDGE_LOOP('',(#10722,#10723,#10724,#10725));
#5017=EDGE_LOOP('',(#10726,#10727,#10728,#10729));
#5018=EDGE_LOOP('',(#10730,#10731,#10732,#10733));
#5019=EDGE_LOOP('',(#10734,#10735,#10736,#10737));
#5020=EDGE_LOOP('',(#10738,#10739,#10740,#10741));
#5021=EDGE_LOOP('',(#10742,#10743,#10744,#10745));
#5022=EDGE_LOOP('',(#10746,#10747,#10748,#10749));
#5023=EDGE_LOOP('',(#10750,#10751,#10752,#10753));
#5024=EDGE_LOOP('',(#10754,#10755,#10756,#10757));
#5025=EDGE_LOOP('',(#10758,#10759,#10760,#10761));
#5026=EDGE_LOOP('',(#10762,#10763,#10764,#10765));
#5027=EDGE_LOOP('',(#10766,#10767,#10768,#10769));
#5028=EDGE_LOOP('',(#10770,#10771,#10772,#10773));
#5029=EDGE_LOOP('',(#10774,#10775,#10776,#10777));
#5030=EDGE_LOOP('',(#10778,#10779,#10780,#10781));
#5031=EDGE_LOOP('',(#10782,#10783,#10784,#10785));
#5032=EDGE_LOOP('',(#10786,#10787,#10788,#10789));
#5033=EDGE_LOOP('',(#10790,#10791,#10792,#10793));
#5034=EDGE_LOOP('',(#10794,#10795,#10796,#10797));
#5035=EDGE_LOOP('',(#10798,#10799,#10800,#10801));
#5036=EDGE_LOOP('',(#10802,#10803,#10804,#10805));
#5037=EDGE_LOOP('',(#10806,#10807,#10808,#10809));
#5038=EDGE_LOOP('',(#10810,#10811,#10812,#10813));
#5039=EDGE_LOOP('',(#10814,#10815,#10816,#10817));
#5040=EDGE_LOOP('',(#10818,#10819,#10820,#10821));
#5041=EDGE_LOOP('',(#10822,#10823,#10824,#10825));
#5042=EDGE_LOOP('',(#10826,#10827,#10828,#10829));
#5043=EDGE_LOOP('',(#10830,#10831,#10832,#10833));
#5044=EDGE_LOOP('',(#10834,#10835,#10836,#10837));
#5045=EDGE_LOOP('',(#10838,#10839,#10840,#10841));
#5046=EDGE_LOOP('',(#10842,#10843,#10844,#10845));
#5047=EDGE_LOOP('',(#10846,#10847,#10848,#10849));
#5048=EDGE_LOOP('',(#10850,#10851,#10852,#10853));
#5049=EDGE_LOOP('',(#10854,#10855,#10856,#10857));
#5050=EDGE_LOOP('',(#10858,#10859,#10860,#10861));
#5051=EDGE_LOOP('',(#10862,#10863,#10864,#10865));
#5052=EDGE_LOOP('',(#10866,#10867,#10868,#10869));
#5053=EDGE_LOOP('',(#10870,#10871,#10872,#10873));
#5054=EDGE_LOOP('',(#10874,#10875,#10876,#10877));
#5055=EDGE_LOOP('',(#10878,#10879,#10880,#10881));
#5056=EDGE_LOOP('',(#10882,#10883,#10884,#10885));
#5057=EDGE_LOOP('',(#10886,#10887,#10888,#10889));
#5058=EDGE_LOOP('',(#10890,#10891,#10892,#10893));
#5059=EDGE_LOOP('',(#10894,#10895,#10896,#10897));
#5060=EDGE_LOOP('',(#10898,#10899,#10900,#10901));
#5061=EDGE_LOOP('',(#10902,#10903,#10904,#10905));
#5062=EDGE_LOOP('',(#10906,#10907,#10908,#10909));
#5063=EDGE_LOOP('',(#10910,#10911,#10912,#10913));
#5064=EDGE_LOOP('',(#10914,#10915,#10916,#10917));
#5065=EDGE_LOOP('',(#10918,#10919,#10920,#10921));
#5066=EDGE_LOOP('',(#10922,#10923,#10924,#10925));
#5067=EDGE_LOOP('',(#10926,#10927,#10928,#10929));
#5068=EDGE_LOOP('',(#10930,#10931,#10932,#10933));
#5069=EDGE_LOOP('',(#10934,#10935,#10936,#10937));
#5070=EDGE_LOOP('',(#10938,#10939,#10940,#10941));
#5071=EDGE_LOOP('',(#10942,#10943,#10944,#10945));
#5072=EDGE_LOOP('',(#10946,#10947,#10948,#10949));
#5073=EDGE_LOOP('',(#10950,#10951,#10952,#10953));
#5074=EDGE_LOOP('',(#10954,#10955,#10956,#10957));
#5075=EDGE_LOOP('',(#10958,#10959,#10960,#10961));
#5076=EDGE_LOOP('',(#10962,#10963,#10964,#10965));
#5077=EDGE_LOOP('',(#10966,#10967,#10968,#10969));
#5078=EDGE_LOOP('',(#10970,#10971,#10972,#10973));
#5079=EDGE_LOOP('',(#10974,#10975,#10976,#10977));
#5080=EDGE_LOOP('',(#10978,#10979,#10980,#10981));
#5081=EDGE_LOOP('',(#10982,#10983,#10984,#10985));
#5082=EDGE_LOOP('',(#10986,#10987,#10988,#10989));
#5083=EDGE_LOOP('',(#10990,#10991,#10992,#10993));
#5084=EDGE_LOOP('',(#10994,#10995,#10996,#10997));
#5085=EDGE_LOOP('',(#10998,#10999,#11000,#11001));
#5086=EDGE_LOOP('',(#11002,#11003,#11004,#11005));
#5087=EDGE_LOOP('',(#11006,#11007,#11008,#11009));
#5088=EDGE_LOOP('',(#11010,#11011,#11012,#11013));
#5089=EDGE_LOOP('',(#11014,#11015,#11016,#11017));
#5090=EDGE_LOOP('',(#11018,#11019,#11020,#11021));
#5091=EDGE_LOOP('',(#11022,#11023,#11024,#11025));
#5092=EDGE_LOOP('',(#11026,#11027,#11028,#11029));
#5093=EDGE_LOOP('',(#11030,#11031,#11032,#11033));
#5094=EDGE_LOOP('',(#11034,#11035,#11036,#11037));
#5095=EDGE_LOOP('',(#11038,#11039,#11040,#11041));
#5096=EDGE_LOOP('',(#11042,#11043,#11044,#11045));
#5097=EDGE_LOOP('',(#11046,#11047,#11048,#11049));
#5098=EDGE_LOOP('',(#11050,#11051,#11052,#11053));
#5099=EDGE_LOOP('',(#11054,#11055,#11056,#11057));
#5100=EDGE_LOOP('',(#11058,#11059,#11060,#11061));
#5101=EDGE_LOOP('',(#11062,#11063,#11064,#11065));
#5102=EDGE_LOOP('',(#11066,#11067,#11068,#11069));
#5103=EDGE_LOOP('',(#11070,#11071,#11072,#11073));
#5104=EDGE_LOOP('',(#11074,#11075,#11076,#11077));
#5105=EDGE_LOOP('',(#11078,#11079,#11080,#11081));
#5106=EDGE_LOOP('',(#11082,#11083,#11084,#11085));
#5107=EDGE_LOOP('',(#11086,#11087,#11088,#11089));
#5108=EDGE_LOOP('',(#11090,#11091,#11092,#11093));
#5109=EDGE_LOOP('',(#11094,#11095,#11096,#11097));
#5110=EDGE_LOOP('',(#11098,#11099,#11100,#11101));
#5111=EDGE_LOOP('',(#11102,#11103,#11104,#11105));
#5112=EDGE_LOOP('',(#11106,#11107,#11108,#11109));
#5113=EDGE_LOOP('',(#11110,#11111,#11112,#11113));
#5114=EDGE_LOOP('',(#11114,#11115,#11116,#11117));
#5115=EDGE_LOOP('',(#11118,#11119,#11120,#11121));
#5116=EDGE_LOOP('',(#11122,#11123,#11124,#11125));
#5117=EDGE_LOOP('',(#11126,#11127,#11128,#11129));
#5118=EDGE_LOOP('',(#11130,#11131,#11132,#11133));
#5119=EDGE_LOOP('',(#11134,#11135,#11136,#11137));
#5120=EDGE_LOOP('',(#11138,#11139,#11140,#11141));
#5121=EDGE_LOOP('',(#11142,#11143,#11144,#11145));
#5122=EDGE_LOOP('',(#11146,#11147,#11148,#11149));
#5123=EDGE_LOOP('',(#11150,#11151,#11152,#11153));
#5124=EDGE_LOOP('',(#11154,#11155,#11156,#11157));
#5125=EDGE_LOOP('',(#11158,#11159,#11160,#11161));
#5126=EDGE_LOOP('',(#11162,#11163,#11164,#11165));
#5127=EDGE_LOOP('',(#11166,#11167,#11168,#11169));
#5128=EDGE_LOOP('',(#11170,#11171,#11172,#11173));
#5129=EDGE_LOOP('',(#11174,#11175,#11176,#11177));
#5130=EDGE_LOOP('',(#11178,#11179,#11180,#11181));
#5131=EDGE_LOOP('',(#11182,#11183,#11184,#11185));
#5132=EDGE_LOOP('',(#11186,#11187,#11188,#11189));
#5133=EDGE_LOOP('',(#11190,#11191,#11192,#11193));
#5134=EDGE_LOOP('',(#11194,#11195,#11196,#11197));
#5135=EDGE_LOOP('',(#11198,#11199,#11200,#11201));
#5136=EDGE_LOOP('',(#11202,#11203,#11204,#11205));
#5137=EDGE_LOOP('',(#11206,#11207,#11208,#11209));
#5138=EDGE_LOOP('',(#11210,#11211,#11212,#11213));
#5139=EDGE_LOOP('',(#11214,#11215,#11216,#11217));
#5140=EDGE_LOOP('',(#11218,#11219,#11220,#11221));
#5141=EDGE_LOOP('',(#11222,#11223,#11224,#11225));
#5142=EDGE_LOOP('',(#11226,#11227,#11228,#11229));
#5143=EDGE_LOOP('',(#11230,#11231,#11232,#11233));
#5144=EDGE_LOOP('',(#11234,#11235,#11236,#11237));
#5145=EDGE_LOOP('',(#11238,#11239,#11240,#11241));
#5146=EDGE_LOOP('',(#11242,#11243,#11244,#11245));
#5147=EDGE_LOOP('',(#11246,#11247,#11248,#11249));
#5148=EDGE_LOOP('',(#11250,#11251,#11252,#11253));
#5149=EDGE_LOOP('',(#11254,#11255,#11256,#11257));
#5150=EDGE_LOOP('',(#11258,#11259,#11260,#11261));
#5151=EDGE_LOOP('',(#11262,#11263,#11264,#11265));
#5152=EDGE_LOOP('',(#11266,#11267,#11268,#11269));
#5153=EDGE_LOOP('',(#11270,#11271,#11272,#11273));
#5154=EDGE_LOOP('',(#11274,#11275,#11276,#11277));
#5155=EDGE_LOOP('',(#11278,#11279,#11280,#11281));
#5156=EDGE_LOOP('',(#11282,#11283,#11284,#11285));
#5157=EDGE_LOOP('',(#11286,#11287,#11288,#11289));
#5158=EDGE_LOOP('',(#11290,#11291,#11292,#11293));
#5159=EDGE_LOOP('',(#11294,#11295,#11296,#11297));
#5160=EDGE_LOOP('',(#11298,#11299,#11300,#11301));
#5161=EDGE_LOOP('',(#11302,#11303,#11304,#11305));
#5162=EDGE_LOOP('',(#11306,#11307,#11308,#11309));
#5163=EDGE_LOOP('',(#11310,#11311,#11312,#11313));
#5164=EDGE_LOOP('',(#11314,#11315,#11316,#11317));
#5165=EDGE_LOOP('',(#11318,#11319,#11320,#11321));
#5166=EDGE_LOOP('',(#11322,#11323,#11324,#11325));
#5167=EDGE_LOOP('',(#11326,#11327,#11328,#11329));
#5168=EDGE_LOOP('',(#11330,#11331,#11332,#11333));
#5169=EDGE_LOOP('',(#11334,#11335,#11336,#11337));
#5170=EDGE_LOOP('',(#11338,#11339,#11340,#11341));
#5171=EDGE_LOOP('',(#11342,#11343,#11344,#11345));
#5172=EDGE_LOOP('',(#11346,#11347,#11348,#11349));
#5173=EDGE_LOOP('',(#11350,#11351,#11352,#11353));
#5174=EDGE_LOOP('',(#11354,#11355,#11356,#11357));
#5175=EDGE_LOOP('',(#11358,#11359,#11360,#11361));
#5176=EDGE_LOOP('',(#11362,#11363,#11364,#11365));
#5177=EDGE_LOOP('',(#11366,#11367,#11368,#11369));
#5178=ELLIPSE('',#11963,4.47213595499957,2.00000000000001);
#5179=ELLIPSE('',#11964,4.47213595499957,1.99999999999999);
#5180=ELLIPSE('',#11967,4.47213595499958,1.99999999999999);
#5181=ELLIPSE('',#11968,4.47213595499958,2.00000000000001);
#5182=ELLIPSE('',#11971,4.47213595499958,1.99999999999999);
#5183=ELLIPSE('',#11973,4.47213595499958,1.99999999999999);
#5184=ELLIPSE('',#11975,4.4721359549996,1.99999999999999);
#5185=ELLIPSE('',#11978,4.47213595499958,1.99999999999999);
#5186=ELLIPSE('',#11979,4.47213595499958,1.99999999999999);
#5187=ELLIPSE('',#11982,4.47213595499958,1.99999999999999);
#5188=ELLIPSE('',#11984,4.47213595499959,1.99999999999999);
#5189=ELLIPSE('',#11985,4.47213595499958,1.99999999999999);
#5190=ELLIPSE('',#11988,4.47213595499959,1.99999999999999);
#5191=ELLIPSE('',#11991,4.47213595499958,1.99999999999999);
#5192=ELLIPSE('',#11993,4.4721359549996,1.99999999999999);
#5193=ELLIPSE('',#11996,4.4721359549996,1.99999999999999);
#5194=ELLIPSE('',#12003,2.08003139693729,2.);
#5195=ELLIPSE('',#12004,2.82842712474618,2.);
#5196=ELLIPSE('',#12022,2.08003139693729,2.);
#5197=ELLIPSE('',#12026,2.08003139693729,2.);
#5198=ELLIPSE('',#12027,2.50517114887045,2.);
#5199=ELLIPSE('',#12031,2.08003139693729,2.);
#5200=ELLIPSE('',#12038,2.08020281096676,2.);
#5201=ELLIPSE('',#12041,2.82842712474619,2.);
#5202=ELLIPSE('',#12046,2.08003139693729,2.);
#5203=ELLIPSE('',#12054,2.08003139693729,2.);
#5204=ELLIPSE('',#12059,2.08020281096675,2.);
#5205=ELLIPSE('',#12061,2.82842712474619,2.);
#5206=ELLIPSE('',#12067,199.619945657722,2.);
#5207=ELLIPSE('',#12070,2.08020281096675,2.);
#5208=ELLIPSE('',#12077,2.08628620983355,2.);
#5209=ELLIPSE('',#12078,2.08020281096675,2.);
#5210=ELLIPSE('',#12081,2.08003139693729,2.);
#5211=ELLIPSE('',#12082,2.50517114887044,2.);
#5212=ELLIPSE('',#12084,2.08003139693729,2.);
#5213=ELLIPSE('',#12085,2.08003139693729,2.);
#5214=ELLIPSE('',#12088,2.08003139693729,2.);
#5215=ELLIPSE('',#12089,2.50517114887044,2.);
#5216=ELLIPSE('',#12091,2.08003139693729,2.);
#5217=ELLIPSE('',#12092,2.08003139693729,2.);
#5218=ELLIPSE('',#12094,2.08003139693729,2.);
#5219=ELLIPSE('',#12099,2.8284271247462,2.);
#5220=ELLIPSE('',#12100,2.08003139693729,2.);
#5221=ELLIPSE('',#12102,2.82842712474619,2.);
#5222=ELLIPSE('',#12106,2.08003139693729,2.);
#5223=ELLIPSE('',#12108,2.08003139693729,2.);
#5224=ELLIPSE('',#12109,2.82842712474619,2.);
#5225=ELLIPSE('',#12111,2.50517114887046,2.);
#5226=ELLIPSE('',#12112,2.50517114887046,2.);
#5227=ELLIPSE('',#12114,3.32118050756757,2.);
#5228=ELLIPSE('',#12116,3.32118050756755,2.);
#5229=ELLIPSE('',#12119,2.08003139693729,2.);
#5230=ELLIPSE('',#12120,2.08003139693729,2.);
#5231=ELLIPSE('',#12125,2.50517114887046,2.);
#5232=ELLIPSE('',#12127,2.08003139693729,2.);
#5233=ELLIPSE('',#12129,2.08003139693729,2.);
#5234=ELLIPSE('',#12131,2.08003139693729,2.);
#5235=ELLIPSE('',#12132,2.50517114887045,2.);
#5236=ELLIPSE('',#12135,3.32118050756756,2.);
#5237=CIRCLE('',#11962,1.99999999999998);
#5238=CIRCLE('',#11966,2.);
#5239=CIRCLE('',#11974,2.00000000000003);
#5240=CIRCLE('',#11977,2.);
#5241=CIRCLE('',#11983,2.00000000000001);
#5242=CIRCLE('',#11987,2.);
#5243=CIRCLE('',#11992,2.00000000000003);
#5244=CIRCLE('',#11995,2.);
#5245=CIRCLE('',#12006,2.);
#5246=CIRCLE('',#12007,2.);
#5247=CIRCLE('',#12009,1.99999999999999);
#5248=CIRCLE('',#12011,2.);
#5249=CIRCLE('',#12012,2.);
#5250=CIRCLE('',#12014,2.00000000000001);
#5251=CIRCLE('',#12016,2.);
#5252=CIRCLE('',#12017,2.00000000000001);
#5253=CIRCLE('',#12019,2.);
#5254=CIRCLE('',#12030,2.00000008309587);
#5255=CIRCLE('',#12034,2.);
#5256=CIRCLE('',#12035,2.);
#5257=CIRCLE('',#12036,2.00000008309587);
#5258=CIRCLE('',#12043,2.);
#5259=CIRCLE('',#12044,2.);
#5260=CIRCLE('',#12047,2.00000008309587);
#5261=CIRCLE('',#12050,2.00000008309587);
#5262=CIRCLE('',#12051,2.);
#5263=CIRCLE('',#12052,2.);
#5264=CIRCLE('',#12056,2.);
#5265=CIRCLE('',#12057,2.);
#5266=CIRCLE('',#12064,2.00000008309587);
#5267=CIRCLE('',#12065,2.00000008309587);
#5268=CIRCLE('',#12068,1.99999999999999);
#5269=CIRCLE('',#12072,1.99999999999999);
#5270=CIRCLE('',#12074,1.97076490328872);
#5271=CIRCLE('',#12075,2.);
#5272=CIRCLE('',#12096,2.);
#5273=CIRCLE('',#12097,2.);
#5274=VERTEX_POINT('',#15539);
#5275=VERTEX_POINT('',#15540);
#5276=VERTEX_POINT('',#15542);
#5277=VERTEX_POINT('',#15546);
#5278=VERTEX_POINT('',#15548);
#5279=VERTEX_POINT('',#15586);
#5280=VERTEX_POINT('',#15590);
#5281=VERTEX_POINT('',#15592);
#5282=VERTEX_POINT('',#15596);
#5283=VERTEX_POINT('',#15600);
#5284=VERTEX_POINT('',#15602);
#5285=VERTEX_POINT('',#15635);
#5286=VERTEX_POINT('',#15639);
#5287=VERTEX_POINT('',#15641);
#5288=VERTEX_POINT('',#15679);
#5289=VERTEX_POINT('',#15685);
#5290=VERTEX_POINT('',#15687);
#5291=VERTEX_POINT('',#15725);
#5292=VERTEX_POINT('',#15727);
#5293=VERTEX_POINT('',#15731);
#5294=VERTEX_POINT('',#15773);
#5295=VERTEX_POINT('',#15775);
#5296=VERTEX_POINT('',#15808);
#5297=VERTEX_POINT('',#15812);
#5298=VERTEX_POINT('',#15856);
#5299=VERTEX_POINT('',#15857);
#5300=VERTEX_POINT('',#15859);
#5301=VERTEX_POINT('',#15861);
#5302=VERTEX_POINT('',#15865);
#5303=VERTEX_POINT('',#15866);
#5304=VERTEX_POINT('',#15868);
#5305=VERTEX_POINT('',#15870);
#5306=VERTEX_POINT('',#15874);
#5307=VERTEX_POINT('',#15876);
#5308=VERTEX_POINT('',#15878);
#5309=VERTEX_POINT('',#15880);
#5310=VERTEX_POINT('',#15882);
#5311=VERTEX_POINT('',#15884);
#5312=VERTEX_POINT('',#15886);
#5313=VERTEX_POINT('',#15888);
#5314=VERTEX_POINT('',#15892);
#5315=VERTEX_POINT('',#15936);
#5316=VERTEX_POINT('',#15940);
#5317=VERTEX_POINT('',#15944);
#5318=VERTEX_POINT('',#15946);
#5319=VERTEX_POINT('',#15950);
#5320=VERTEX_POINT('',#15951);
#5321=VERTEX_POINT('',#15953);
#5322=VERTEX_POINT('',#15960);
#5323=VERTEX_POINT('',#15962);
#5324=VERTEX_POINT('',#15964);
#5325=VERTEX_POINT('',#15966);
#5326=VERTEX_POINT('',#15968);
#5327=VERTEX_POINT('',#15970);
#5328=VERTEX_POINT('',#15973);
#5329=VERTEX_POINT('',#15974);
#5330=VERTEX_POINT('',#15976);
#5331=VERTEX_POINT('',#15978);
#5332=VERTEX_POINT('',#15982);
#5333=VERTEX_POINT('',#15987);
#5334=VERTEX_POINT('',#15989);
#5335=VERTEX_POINT('',#15991);
#5336=VERTEX_POINT('',#15995);
#5337=VERTEX_POINT('',#15997);
#5338=VERTEX_POINT('',#15999);
#5339=VERTEX_POINT('',#16001);
#5340=VERTEX_POINT('',#16003);
#5341=VERTEX_POINT('',#16005);
#5342=VERTEX_POINT('',#16008);
#5343=VERTEX_POINT('',#16009);
#5344=VERTEX_POINT('',#16011);
#5345=VERTEX_POINT('',#16013);
#5346=VERTEX_POINT('',#16017);
#5347=VERTEX_POINT('',#16019);
#5348=VERTEX_POINT('',#16023);
#5349=VERTEX_POINT('',#16025);
#5350=VERTEX_POINT('',#16027);
#5351=VERTEX_POINT('',#16029);
#5352=VERTEX_POINT('',#16033);
#5353=VERTEX_POINT('',#16034);
#5354=VERTEX_POINT('',#16036);
#5355=VERTEX_POINT('',#16038);
#5356=VERTEX_POINT('',#16042);
#5357=VERTEX_POINT('',#16044);
#5358=VERTEX_POINT('',#16046);
#5359=VERTEX_POINT('',#16048);
#5360=VERTEX_POINT('',#16052);
#5361=VERTEX_POINT('',#16054);
#5362=VERTEX_POINT('',#16056);
#5363=VERTEX_POINT('',#16058);
#5364=VERTEX_POINT('',#16060);
#5365=VERTEX_POINT('',#16064);
#5366=VERTEX_POINT('',#16065);
#5367=VERTEX_POINT('',#16070);
#5368=VERTEX_POINT('',#16072);
#5369=VERTEX_POINT('',#16075);
#5370=VERTEX_POINT('',#16077);
#5371=VERTEX_POINT('',#16079);
#5372=VERTEX_POINT('',#16081);
#5373=VERTEX_POINT('',#16083);
#5374=VERTEX_POINT('',#16085);
#5375=VERTEX_POINT('',#16089);
#5376=VERTEX_POINT('',#16093);
#5377=VERTEX_POINT('',#16095);
#5378=VERTEX_POINT('',#16097);
#5379=VERTEX_POINT('',#16099);
#5380=VERTEX_POINT('',#16101);
#5381=VERTEX_POINT('',#16103);
#5382=VERTEX_POINT('',#16105);
#5383=VERTEX_POINT('',#16109);
#5384=VERTEX_POINT('',#16111);
#5385=VERTEX_POINT('',#16115);
#5386=VERTEX_POINT('',#16117);
#5387=VERTEX_POINT('',#16121);
#5388=VERTEX_POINT('',#16123);
#5389=VERTEX_POINT('',#16128);
#5390=VERTEX_POINT('',#16132);
#5391=VERTEX_POINT('',#16134);
#5392=VERTEX_POINT('',#16136);
#5393=VERTEX_POINT('',#16138);
#5394=VERTEX_POINT('',#16140);
#5395=VERTEX_POINT('',#16142);
#5396=VERTEX_POINT('',#16144);
#5397=VERTEX_POINT('',#16154);
#5398=VERTEX_POINT('',#16156);
#5399=VERTEX_POINT('',#16160);
#5400=VERTEX_POINT('',#16168);
#5401=VERTEX_POINT('',#16176);
#5402=VERTEX_POINT('',#16178);
#5403=VERTEX_POINT('',#16182);
#5404=VERTEX_POINT('',#16184);
#5405=VERTEX_POINT('',#16191);
#5406=VERTEX_POINT('',#16193);
#5407=VERTEX_POINT('',#16197);
#5408=VERTEX_POINT('',#16199);
#5409=VERTEX_POINT('',#16201);
#5410=VERTEX_POINT('',#16205);
#5411=VERTEX_POINT('',#16207);
#5412=VERTEX_POINT('',#16211);
#5413=VERTEX_POINT('',#16213);
#5414=VERTEX_POINT('',#16215);
#5415=VERTEX_POINT('',#16217);
#5416=VERTEX_POINT('',#16219);
#5417=VERTEX_POINT('',#16221);
#5418=VERTEX_POINT('',#16223);
#5419=VERTEX_POINT('',#16227);
#5420=VERTEX_POINT('',#16229);
#5421=VERTEX_POINT('',#16237);
#5422=VERTEX_POINT('',#16238);
#5423=VERTEX_POINT('',#16240);
#5424=VERTEX_POINT('',#16242);
#5425=VERTEX_POINT('',#16246);
#5426=VERTEX_POINT('',#16250);
#5427=VERTEX_POINT('',#16252);
#5428=VERTEX_POINT('',#16259);
#5429=VERTEX_POINT('',#16263);
#5430=VERTEX_POINT('',#16268);
#5431=VERTEX_POINT('',#16270);
#5432=VERTEX_POINT('',#16274);
#5433=VERTEX_POINT('',#16309);
#5434=VERTEX_POINT('',#16310);
#5435=VERTEX_POINT('',#16312);
#5436=VERTEX_POINT('',#16314);
#5437=VERTEX_POINT('',#16316);
#5438=VERTEX_POINT('',#16318);
#5439=VERTEX_POINT('',#16321);
#5440=VERTEX_POINT('',#16322);
#5441=VERTEX_POINT('',#16324);
#5442=VERTEX_POINT('',#16326);
#5443=VERTEX_POINT('',#16328);
#5444=VERTEX_POINT('',#16330);
#5445=VERTEX_POINT('',#16333);
#5446=VERTEX_POINT('',#16334);
#5447=VERTEX_POINT('',#16336);
#5448=VERTEX_POINT('',#16338);
#5449=VERTEX_POINT('',#16340);
#5450=VERTEX_POINT('',#16342);
#5451=VERTEX_POINT('',#16345);
#5452=VERTEX_POINT('',#16346);
#5453=VERTEX_POINT('',#16348);
#5454=VERTEX_POINT('',#16350);
#5455=VERTEX_POINT('',#16352);
#5456=VERTEX_POINT('',#16354);
#5457=VERTEX_POINT('',#16357);
#5458=VERTEX_POINT('',#16358);
#5459=VERTEX_POINT('',#16360);
#5460=VERTEX_POINT('',#16362);
#5461=VERTEX_POINT('',#16364);
#5462=VERTEX_POINT('',#16366);
#5463=VERTEX_POINT('',#16369);
#5464=VERTEX_POINT('',#16370);
#5465=VERTEX_POINT('',#16372);
#5466=VERTEX_POINT('',#16374);
#5467=VERTEX_POINT('',#16376);
#5468=VERTEX_POINT('',#16378);
#5469=VERTEX_POINT('',#16381);
#5470=VERTEX_POINT('',#16382);
#5471=VERTEX_POINT('',#16384);
#5472=VERTEX_POINT('',#16386);
#5473=VERTEX_POINT('',#16388);
#5474=VERTEX_POINT('',#16390);
#5475=VERTEX_POINT('',#16393);
#5476=VERTEX_POINT('',#16394);
#5477=VERTEX_POINT('',#16396);
#5478=VERTEX_POINT('',#16398);
#5479=VERTEX_POINT('',#16400);
#5480=VERTEX_POINT('',#16402);
#5481=VERTEX_POINT('',#16405);
#5482=VERTEX_POINT('',#16406);
#5483=VERTEX_POINT('',#16408);
#5484=VERTEX_POINT('',#16410);
#5485=VERTEX_POINT('',#16412);
#5486=VERTEX_POINT('',#16414);
#5487=VERTEX_POINT('',#16417);
#5488=VERTEX_POINT('',#16418);
#5489=VERTEX_POINT('',#16420);
#5490=VERTEX_POINT('',#16422);
#5491=VERTEX_POINT('',#16424);
#5492=VERTEX_POINT('',#16426);
#5493=VERTEX_POINT('',#16429);
#5494=VERTEX_POINT('',#16430);
#5495=VERTEX_POINT('',#16432);
#5496=VERTEX_POINT('',#16434);
#5497=VERTEX_POINT('',#16436);
#5498=VERTEX_POINT('',#16438);
#5499=VERTEX_POINT('',#16441);
#5500=VERTEX_POINT('',#16442);
#5501=VERTEX_POINT('',#16444);
#5502=VERTEX_POINT('',#16446);
#5503=VERTEX_POINT('',#16448);
#5504=VERTEX_POINT('',#16450);
#5505=VERTEX_POINT('',#16453);
#5506=VERTEX_POINT('',#16454);
#5507=VERTEX_POINT('',#16456);
#5508=VERTEX_POINT('',#16458);
#5509=VERTEX_POINT('',#16460);
#5510=VERTEX_POINT('',#16462);
#5511=VERTEX_POINT('',#16465);
#5512=VERTEX_POINT('',#16466);
#5513=VERTEX_POINT('',#16468);
#5514=VERTEX_POINT('',#16470);
#5515=VERTEX_POINT('',#16472);
#5516=VERTEX_POINT('',#16474);
#5517=VERTEX_POINT('',#16477);
#5518=VERTEX_POINT('',#16478);
#5519=VERTEX_POINT('',#16480);
#5520=VERTEX_POINT('',#16482);
#5521=VERTEX_POINT('',#16484);
#5522=VERTEX_POINT('',#16486);
#5523=VERTEX_POINT('',#16489);
#5524=VERTEX_POINT('',#16490);
#5525=VERTEX_POINT('',#16492);
#5526=VERTEX_POINT('',#16494);
#5527=VERTEX_POINT('',#16496);
#5528=VERTEX_POINT('',#16498);
#5529=VERTEX_POINT('',#16501);
#5530=VERTEX_POINT('',#16502);
#5531=VERTEX_POINT('',#16504);
#5532=VERTEX_POINT('',#16506);
#5533=VERTEX_POINT('',#16508);
#5534=VERTEX_POINT('',#16510);
#5535=VERTEX_POINT('',#16513);
#5536=VERTEX_POINT('',#16514);
#5537=VERTEX_POINT('',#16516);
#5538=VERTEX_POINT('',#16518);
#5539=VERTEX_POINT('',#16520);
#5540=VERTEX_POINT('',#16522);
#5541=VERTEX_POINT('',#16525);
#5542=VERTEX_POINT('',#16526);
#5543=VERTEX_POINT('',#16528);
#5544=VERTEX_POINT('',#16530);
#5545=VERTEX_POINT('',#16532);
#5546=VERTEX_POINT('',#16534);
#5547=VERTEX_POINT('',#16537);
#5548=VERTEX_POINT('',#16538);
#5549=VERTEX_POINT('',#16540);
#5550=VERTEX_POINT('',#16542);
#5551=VERTEX_POINT('',#16544);
#5552=VERTEX_POINT('',#16546);
#5553=VERTEX_POINT('',#16549);
#5554=VERTEX_POINT('',#16550);
#5555=VERTEX_POINT('',#16552);
#5556=VERTEX_POINT('',#16554);
#5557=VERTEX_POINT('',#16556);
#5558=VERTEX_POINT('',#16558);
#5559=VERTEX_POINT('',#16561);
#5560=VERTEX_POINT('',#16562);
#5561=VERTEX_POINT('',#16564);
#5562=VERTEX_POINT('',#16566);
#5563=VERTEX_POINT('',#16568);
#5564=VERTEX_POINT('',#16570);
#5565=VERTEX_POINT('',#16573);
#5566=VERTEX_POINT('',#16574);
#5567=VERTEX_POINT('',#16576);
#5568=VERTEX_POINT('',#16578);
#5569=VERTEX_POINT('',#16580);
#5570=VERTEX_POINT('',#16582);
#5571=VERTEX_POINT('',#16585);
#5572=VERTEX_POINT('',#16586);
#5573=VERTEX_POINT('',#16588);
#5574=VERTEX_POINT('',#16590);
#5575=VERTEX_POINT('',#16592);
#5576=VERTEX_POINT('',#16594);
#5577=VERTEX_POINT('',#16597);
#5578=VERTEX_POINT('',#16598);
#5579=VERTEX_POINT('',#16600);
#5580=VERTEX_POINT('',#16602);
#5581=VERTEX_POINT('',#16604);
#5582=VERTEX_POINT('',#16606);
#5583=VERTEX_POINT('',#16609);
#5584=VERTEX_POINT('',#16610);
#5585=VERTEX_POINT('',#16612);
#5586=VERTEX_POINT('',#16614);
#5587=VERTEX_POINT('',#16616);
#5588=VERTEX_POINT('',#16618);
#5589=VERTEX_POINT('',#16621);
#5590=VERTEX_POINT('',#16622);
#5591=VERTEX_POINT('',#16624);
#5592=VERTEX_POINT('',#16626);
#5593=VERTEX_POINT('',#16628);
#5594=VERTEX_POINT('',#16630);
#5595=VERTEX_POINT('',#16633);
#5596=VERTEX_POINT('',#16634);
#5597=VERTEX_POINT('',#16636);
#5598=VERTEX_POINT('',#16638);
#5599=VERTEX_POINT('',#16640);
#5600=VERTEX_POINT('',#16642);
#5601=VERTEX_POINT('',#16645);
#5602=VERTEX_POINT('',#16646);
#5603=VERTEX_POINT('',#16648);
#5604=VERTEX_POINT('',#16650);
#5605=VERTEX_POINT('',#16652);
#5606=VERTEX_POINT('',#16654);
#5607=VERTEX_POINT('',#16657);
#5608=VERTEX_POINT('',#16658);
#5609=VERTEX_POINT('',#16660);
#5610=VERTEX_POINT('',#16662);
#5611=VERTEX_POINT('',#16664);
#5612=VERTEX_POINT('',#16666);
#5613=VERTEX_POINT('',#16669);
#5614=VERTEX_POINT('',#16670);
#5615=VERTEX_POINT('',#16672);
#5616=VERTEX_POINT('',#16674);
#5617=VERTEX_POINT('',#16676);
#5618=VERTEX_POINT('',#16678);
#5619=VERTEX_POINT('',#16681);
#5620=VERTEX_POINT('',#16682);
#5621=VERTEX_POINT('',#16684);
#5622=VERTEX_POINT('',#16686);
#5623=VERTEX_POINT('',#16688);
#5624=VERTEX_POINT('',#16690);
#5625=VERTEX_POINT('',#16693);
#5626=VERTEX_POINT('',#16694);
#5627=VERTEX_POINT('',#16696);
#5628=VERTEX_POINT('',#16698);
#5629=VERTEX_POINT('',#16700);
#5630=VERTEX_POINT('',#16702);
#5631=VERTEX_POINT('',#16705);
#5632=VERTEX_POINT('',#16706);
#5633=VERTEX_POINT('',#16708);
#5634=VERTEX_POINT('',#16710);
#5635=VERTEX_POINT('',#16712);
#5636=VERTEX_POINT('',#16714);
#5637=VERTEX_POINT('',#16717);
#5638=VERTEX_POINT('',#16718);
#5639=VERTEX_POINT('',#16720);
#5640=VERTEX_POINT('',#16722);
#5641=VERTEX_POINT('',#16724);
#5642=VERTEX_POINT('',#16726);
#5643=VERTEX_POINT('',#16729);
#5644=VERTEX_POINT('',#16730);
#5645=VERTEX_POINT('',#16732);
#5646=VERTEX_POINT('',#16734);
#5647=VERTEX_POINT('',#16736);
#5648=VERTEX_POINT('',#16738);
#5649=VERTEX_POINT('',#16741);
#5650=VERTEX_POINT('',#16742);
#5651=VERTEX_POINT('',#16744);
#5652=VERTEX_POINT('',#16746);
#5653=VERTEX_POINT('',#16748);
#5654=VERTEX_POINT('',#16750);
#5655=VERTEX_POINT('',#16753);
#5656=VERTEX_POINT('',#16754);
#5657=VERTEX_POINT('',#16756);
#5658=VERTEX_POINT('',#16758);
#5659=VERTEX_POINT('',#16760);
#5660=VERTEX_POINT('',#16762);
#5661=VERTEX_POINT('',#16765);
#5662=VERTEX_POINT('',#16766);
#5663=VERTEX_POINT('',#16768);
#5664=VERTEX_POINT('',#16770);
#5665=VERTEX_POINT('',#16772);
#5666=VERTEX_POINT('',#16774);
#5667=VERTEX_POINT('',#16777);
#5668=VERTEX_POINT('',#16778);
#5669=VERTEX_POINT('',#16780);
#5670=VERTEX_POINT('',#16782);
#5671=VERTEX_POINT('',#16784);
#5672=VERTEX_POINT('',#16786);
#5673=VERTEX_POINT('',#16789);
#5674=VERTEX_POINT('',#16790);
#5675=VERTEX_POINT('',#16792);
#5676=VERTEX_POINT('',#16794);
#5677=VERTEX_POINT('',#16796);
#5678=VERTEX_POINT('',#16798);
#5679=VERTEX_POINT('',#16801);
#5680=VERTEX_POINT('',#16802);
#5681=VERTEX_POINT('',#16804);
#5682=VERTEX_POINT('',#16806);
#5683=VERTEX_POINT('',#16808);
#5684=VERTEX_POINT('',#16810);
#5685=VERTEX_POINT('',#16813);
#5686=VERTEX_POINT('',#16814);
#5687=VERTEX_POINT('',#16816);
#5688=VERTEX_POINT('',#16818);
#5689=VERTEX_POINT('',#16820);
#5690=VERTEX_POINT('',#16822);
#5691=VERTEX_POINT('',#16825);
#5692=VERTEX_POINT('',#16826);
#5693=VERTEX_POINT('',#16828);
#5694=VERTEX_POINT('',#16830);
#5695=VERTEX_POINT('',#16832);
#5696=VERTEX_POINT('',#16834);
#5697=VERTEX_POINT('',#16837);
#5698=VERTEX_POINT('',#16838);
#5699=VERTEX_POINT('',#16840);
#5700=VERTEX_POINT('',#16842);
#5701=VERTEX_POINT('',#16844);
#5702=VERTEX_POINT('',#16846);
#5703=VERTEX_POINT('',#16849);
#5704=VERTEX_POINT('',#16850);
#5705=VERTEX_POINT('',#16852);
#5706=VERTEX_POINT('',#16854);
#5707=VERTEX_POINT('',#16856);
#5708=VERTEX_POINT('',#16858);
#5709=VERTEX_POINT('',#16861);
#5710=VERTEX_POINT('',#16862);
#5711=VERTEX_POINT('',#16864);
#5712=VERTEX_POINT('',#16866);
#5713=VERTEX_POINT('',#16868);
#5714=VERTEX_POINT('',#16870);
#5715=VERTEX_POINT('',#16873);
#5716=VERTEX_POINT('',#16874);
#5717=VERTEX_POINT('',#16876);
#5718=VERTEX_POINT('',#16878);
#5719=VERTEX_POINT('',#16880);
#5720=VERTEX_POINT('',#16882);
#5721=VERTEX_POINT('',#16885);
#5722=VERTEX_POINT('',#16886);
#5723=VERTEX_POINT('',#16888);
#5724=VERTEX_POINT('',#16890);
#5725=VERTEX_POINT('',#16892);
#5726=VERTEX_POINT('',#16894);
#5727=VERTEX_POINT('',#16897);
#5728=VERTEX_POINT('',#16898);
#5729=VERTEX_POINT('',#16900);
#5730=VERTEX_POINT('',#16902);
#5731=VERTEX_POINT('',#16904);
#5732=VERTEX_POINT('',#16906);
#5733=VERTEX_POINT('',#16909);
#5734=VERTEX_POINT('',#16910);
#5735=VERTEX_POINT('',#16912);
#5736=VERTEX_POINT('',#16914);
#5737=VERTEX_POINT('',#16916);
#5738=VERTEX_POINT('',#16918);
#5739=VERTEX_POINT('',#16921);
#5740=VERTEX_POINT('',#16922);
#5741=VERTEX_POINT('',#16924);
#5742=VERTEX_POINT('',#16926);
#5743=VERTEX_POINT('',#16928);
#5744=VERTEX_POINT('',#16930);
#5745=VERTEX_POINT('',#16933);
#5746=VERTEX_POINT('',#16934);
#5747=VERTEX_POINT('',#16936);
#5748=VERTEX_POINT('',#16938);
#5749=VERTEX_POINT('',#16940);
#5750=VERTEX_POINT('',#16942);
#5751=VERTEX_POINT('',#16945);
#5752=VERTEX_POINT('',#16946);
#5753=VERTEX_POINT('',#16948);
#5754=VERTEX_POINT('',#16950);
#5755=VERTEX_POINT('',#16952);
#5756=VERTEX_POINT('',#16954);
#5757=VERTEX_POINT('',#16957);
#5758=VERTEX_POINT('',#16958);
#5759=VERTEX_POINT('',#16960);
#5760=VERTEX_POINT('',#16962);
#5761=VERTEX_POINT('',#16964);
#5762=VERTEX_POINT('',#16966);
#5763=VERTEX_POINT('',#16969);
#5764=VERTEX_POINT('',#16970);
#5765=VERTEX_POINT('',#16972);
#5766=VERTEX_POINT('',#16974);
#5767=VERTEX_POINT('',#16976);
#5768=VERTEX_POINT('',#16978);
#5769=VERTEX_POINT('',#16981);
#5770=VERTEX_POINT('',#16982);
#5771=VERTEX_POINT('',#16984);
#5772=VERTEX_POINT('',#16986);
#5773=VERTEX_POINT('',#16988);
#5774=VERTEX_POINT('',#16990);
#5775=VERTEX_POINT('',#16993);
#5776=VERTEX_POINT('',#16994);
#5777=VERTEX_POINT('',#16996);
#5778=VERTEX_POINT('',#16998);
#5779=VERTEX_POINT('',#17000);
#5780=VERTEX_POINT('',#17002);
#5781=VERTEX_POINT('',#17005);
#5782=VERTEX_POINT('',#17006);
#5783=VERTEX_POINT('',#17008);
#5784=VERTEX_POINT('',#17010);
#5785=VERTEX_POINT('',#17012);
#5786=VERTEX_POINT('',#17014);
#5787=VERTEX_POINT('',#17017);
#5788=VERTEX_POINT('',#17018);
#5789=VERTEX_POINT('',#17020);
#5790=VERTEX_POINT('',#17022);
#5791=VERTEX_POINT('',#17024);
#5792=VERTEX_POINT('',#17026);
#5793=VERTEX_POINT('',#17029);
#5794=VERTEX_POINT('',#17030);
#5795=VERTEX_POINT('',#17032);
#5796=VERTEX_POINT('',#17034);
#5797=VERTEX_POINT('',#17036);
#5798=VERTEX_POINT('',#17038);
#5799=VERTEX_POINT('',#17041);
#5800=VERTEX_POINT('',#17042);
#5801=VERTEX_POINT('',#17044);
#5802=VERTEX_POINT('',#17046);
#5803=VERTEX_POINT('',#17048);
#5804=VERTEX_POINT('',#17050);
#5805=VERTEX_POINT('',#17053);
#5806=VERTEX_POINT('',#17054);
#5807=VERTEX_POINT('',#17056);
#5808=VERTEX_POINT('',#17058);
#5809=VERTEX_POINT('',#17060);
#5810=VERTEX_POINT('',#17062);
#5811=VERTEX_POINT('',#17065);
#5812=VERTEX_POINT('',#17066);
#5813=VERTEX_POINT('',#17068);
#5814=VERTEX_POINT('',#17070);
#5815=VERTEX_POINT('',#17072);
#5816=VERTEX_POINT('',#17074);
#5817=VERTEX_POINT('',#17077);
#5818=VERTEX_POINT('',#17078);
#5819=VERTEX_POINT('',#17080);
#5820=VERTEX_POINT('',#17082);
#5821=VERTEX_POINT('',#17084);
#5822=VERTEX_POINT('',#17086);
#5823=VERTEX_POINT('',#17089);
#5824=VERTEX_POINT('',#17090);
#5825=VERTEX_POINT('',#17092);
#5826=VERTEX_POINT('',#17094);
#5827=VERTEX_POINT('',#17096);
#5828=VERTEX_POINT('',#17098);
#5829=VERTEX_POINT('',#17101);
#5830=VERTEX_POINT('',#17102);
#5831=VERTEX_POINT('',#17104);
#5832=VERTEX_POINT('',#17106);
#5833=VERTEX_POINT('',#17108);
#5834=VERTEX_POINT('',#17110);
#5835=VERTEX_POINT('',#17113);
#5836=VERTEX_POINT('',#17114);
#5837=VERTEX_POINT('',#17116);
#5838=VERTEX_POINT('',#17118);
#5839=VERTEX_POINT('',#17120);
#5840=VERTEX_POINT('',#17122);
#5841=VERTEX_POINT('',#17125);
#5842=VERTEX_POINT('',#17126);
#5843=VERTEX_POINT('',#17128);
#5844=VERTEX_POINT('',#17130);
#5845=VERTEX_POINT('',#17132);
#5846=VERTEX_POINT('',#17134);
#5847=VERTEX_POINT('',#17137);
#5848=VERTEX_POINT('',#17138);
#5849=VERTEX_POINT('',#17140);
#5850=VERTEX_POINT('',#17142);
#5851=VERTEX_POINT('',#17144);
#5852=VERTEX_POINT('',#17146);
#5853=VERTEX_POINT('',#17149);
#5854=VERTEX_POINT('',#17150);
#5855=VERTEX_POINT('',#17152);
#5856=VERTEX_POINT('',#17154);
#5857=VERTEX_POINT('',#17156);
#5858=VERTEX_POINT('',#17158);
#5859=VERTEX_POINT('',#17161);
#5860=VERTEX_POINT('',#17162);
#5861=VERTEX_POINT('',#17164);
#5862=VERTEX_POINT('',#17166);
#5863=VERTEX_POINT('',#17168);
#5864=VERTEX_POINT('',#17170);
#5865=VERTEX_POINT('',#17173);
#5866=VERTEX_POINT('',#17174);
#5867=VERTEX_POINT('',#17176);
#5868=VERTEX_POINT('',#17178);
#5869=VERTEX_POINT('',#17180);
#5870=VERTEX_POINT('',#17182);
#5871=VERTEX_POINT('',#17185);
#5872=VERTEX_POINT('',#17186);
#5873=VERTEX_POINT('',#17188);
#5874=VERTEX_POINT('',#17190);
#5875=VERTEX_POINT('',#17192);
#5876=VERTEX_POINT('',#17194);
#5877=VERTEX_POINT('',#17197);
#5878=VERTEX_POINT('',#17198);
#5879=VERTEX_POINT('',#17200);
#5880=VERTEX_POINT('',#17202);
#5881=VERTEX_POINT('',#17204);
#5882=VERTEX_POINT('',#17206);
#5883=VERTEX_POINT('',#17209);
#5884=VERTEX_POINT('',#17210);
#5885=VERTEX_POINT('',#17212);
#5886=VERTEX_POINT('',#17214);
#5887=VERTEX_POINT('',#17216);
#5888=VERTEX_POINT('',#17218);
#5889=VERTEX_POINT('',#17221);
#5890=VERTEX_POINT('',#17222);
#5891=VERTEX_POINT('',#17224);
#5892=VERTEX_POINT('',#17226);
#5893=VERTEX_POINT('',#17228);
#5894=VERTEX_POINT('',#17230);
#5895=VERTEX_POINT('',#17233);
#5896=VERTEX_POINT('',#17234);
#5897=VERTEX_POINT('',#17236);
#5898=VERTEX_POINT('',#17238);
#5899=VERTEX_POINT('',#17240);
#5900=VERTEX_POINT('',#17242);
#5901=VERTEX_POINT('',#17259);
#5902=VERTEX_POINT('',#17260);
#5903=VERTEX_POINT('',#17262);
#5904=VERTEX_POINT('',#17264);
#5905=VERTEX_POINT('',#17266);
#5906=VERTEX_POINT('',#17268);
#5907=VERTEX_POINT('',#17271);
#5908=VERTEX_POINT('',#17272);
#5909=VERTEX_POINT('',#17274);
#5910=VERTEX_POINT('',#17276);
#5911=VERTEX_POINT('',#17278);
#5912=VERTEX_POINT('',#17280);
#5913=VERTEX_POINT('',#17283);
#5914=VERTEX_POINT('',#17284);
#5915=VERTEX_POINT('',#17286);
#5916=VERTEX_POINT('',#17288);
#5917=VERTEX_POINT('',#17290);
#5918=VERTEX_POINT('',#17292);
#5919=VERTEX_POINT('',#17295);
#5920=VERTEX_POINT('',#17296);
#5921=VERTEX_POINT('',#17298);
#5922=VERTEX_POINT('',#17300);
#5923=VERTEX_POINT('',#17302);
#5924=VERTEX_POINT('',#17304);
#5925=VERTEX_POINT('',#17307);
#5926=VERTEX_POINT('',#17308);
#5927=VERTEX_POINT('',#17310);
#5928=VERTEX_POINT('',#17312);
#5929=VERTEX_POINT('',#17314);
#5930=VERTEX_POINT('',#17316);
#5931=VERTEX_POINT('',#17319);
#5932=VERTEX_POINT('',#17320);
#5933=VERTEX_POINT('',#17322);
#5934=VERTEX_POINT('',#17324);
#5935=VERTEX_POINT('',#17326);
#5936=VERTEX_POINT('',#17328);
#5937=VERTEX_POINT('',#17331);
#5938=VERTEX_POINT('',#17332);
#5939=VERTEX_POINT('',#17334);
#5940=VERTEX_POINT('',#17336);
#5941=VERTEX_POINT('',#17338);
#5942=VERTEX_POINT('',#17340);
#5943=VERTEX_POINT('',#17343);
#5944=VERTEX_POINT('',#17344);
#5945=VERTEX_POINT('',#17346);
#5946=VERTEX_POINT('',#17348);
#5947=VERTEX_POINT('',#17350);
#5948=VERTEX_POINT('',#17352);
#5949=VERTEX_POINT('',#17355);
#5950=VERTEX_POINT('',#17356);
#5951=VERTEX_POINT('',#17358);
#5952=VERTEX_POINT('',#17360);
#5953=VERTEX_POINT('',#17362);
#5954=VERTEX_POINT('',#17364);
#5955=VERTEX_POINT('',#17367);
#5956=VERTEX_POINT('',#17368);
#5957=VERTEX_POINT('',#17370);
#5958=VERTEX_POINT('',#17372);
#5959=VERTEX_POINT('',#17374);
#5960=VERTEX_POINT('',#17376);
#5961=VERTEX_POINT('',#17379);
#5962=VERTEX_POINT('',#17380);
#5963=VERTEX_POINT('',#17382);
#5964=VERTEX_POINT('',#17384);
#5965=VERTEX_POINT('',#17386);
#5966=VERTEX_POINT('',#17388);
#5967=VERTEX_POINT('',#17391);
#5968=VERTEX_POINT('',#17392);
#5969=VERTEX_POINT('',#17394);
#5970=VERTEX_POINT('',#17396);
#5971=VERTEX_POINT('',#17398);
#5972=VERTEX_POINT('',#17400);
#5973=VERTEX_POINT('',#17403);
#5974=VERTEX_POINT('',#17404);
#5975=VERTEX_POINT('',#17406);
#5976=VERTEX_POINT('',#17408);
#5977=VERTEX_POINT('',#17410);
#5978=VERTEX_POINT('',#17412);
#5979=VERTEX_POINT('',#17415);
#5980=VERTEX_POINT('',#17416);
#5981=VERTEX_POINT('',#17418);
#5982=VERTEX_POINT('',#17420);
#5983=VERTEX_POINT('',#17422);
#5984=VERTEX_POINT('',#17424);
#5985=VERTEX_POINT('',#17427);
#5986=VERTEX_POINT('',#17428);
#5987=VERTEX_POINT('',#17430);
#5988=VERTEX_POINT('',#17432);
#5989=VERTEX_POINT('',#17434);
#5990=VERTEX_POINT('',#17436);
#5991=VERTEX_POINT('',#17439);
#5992=VERTEX_POINT('',#17440);
#5993=VERTEX_POINT('',#17442);
#5994=VERTEX_POINT('',#17444);
#5995=VERTEX_POINT('',#17446);
#5996=VERTEX_POINT('',#17448);
#5997=VERTEX_POINT('',#17451);
#5998=VERTEX_POINT('',#17452);
#5999=VERTEX_POINT('',#17454);
#6000=VERTEX_POINT('',#17456);
#6001=VERTEX_POINT('',#17458);
#6002=VERTEX_POINT('',#17460);
#6003=VERTEX_POINT('',#17463);
#6004=VERTEX_POINT('',#17464);
#6005=VERTEX_POINT('',#17466);
#6006=VERTEX_POINT('',#17468);
#6007=VERTEX_POINT('',#17470);
#6008=VERTEX_POINT('',#17472);
#6009=VERTEX_POINT('',#17475);
#6010=VERTEX_POINT('',#17476);
#6011=VERTEX_POINT('',#17478);
#6012=VERTEX_POINT('',#17480);
#6013=VERTEX_POINT('',#17482);
#6014=VERTEX_POINT('',#17484);
#6015=VERTEX_POINT('',#17487);
#6016=VERTEX_POINT('',#17488);
#6017=VERTEX_POINT('',#17490);
#6018=VERTEX_POINT('',#17492);
#6019=VERTEX_POINT('',#17494);
#6020=VERTEX_POINT('',#17496);
#6021=VERTEX_POINT('',#17499);
#6022=VERTEX_POINT('',#17500);
#6023=VERTEX_POINT('',#17502);
#6024=VERTEX_POINT('',#17504);
#6025=VERTEX_POINT('',#17506);
#6026=VERTEX_POINT('',#17508);
#6027=VERTEX_POINT('',#17511);
#6028=VERTEX_POINT('',#17512);
#6029=VERTEX_POINT('',#17514);
#6030=VERTEX_POINT('',#17516);
#6031=VERTEX_POINT('',#17518);
#6032=VERTEX_POINT('',#17520);
#6033=VERTEX_POINT('',#17523);
#6034=VERTEX_POINT('',#17524);
#6035=VERTEX_POINT('',#17526);
#6036=VERTEX_POINT('',#17528);
#6037=VERTEX_POINT('',#17530);
#6038=VERTEX_POINT('',#17532);
#6039=VERTEX_POINT('',#17535);
#6040=VERTEX_POINT('',#17536);
#6041=VERTEX_POINT('',#17538);
#6042=VERTEX_POINT('',#17540);
#6043=VERTEX_POINT('',#17542);
#6044=VERTEX_POINT('',#17544);
#6045=VERTEX_POINT('',#17547);
#6046=VERTEX_POINT('',#17548);
#6047=VERTEX_POINT('',#17550);
#6048=VERTEX_POINT('',#17552);
#6049=VERTEX_POINT('',#17554);
#6050=VERTEX_POINT('',#17556);
#6051=VERTEX_POINT('',#17559);
#6052=VERTEX_POINT('',#17560);
#6053=VERTEX_POINT('',#17562);
#6054=VERTEX_POINT('',#17564);
#6055=VERTEX_POINT('',#17566);
#6056=VERTEX_POINT('',#17568);
#6057=VERTEX_POINT('',#17571);
#6058=VERTEX_POINT('',#17572);
#6059=VERTEX_POINT('',#17574);
#6060=VERTEX_POINT('',#17576);
#6061=VERTEX_POINT('',#17578);
#6062=VERTEX_POINT('',#17580);
#6063=VERTEX_POINT('',#17583);
#6064=VERTEX_POINT('',#17584);
#6065=VERTEX_POINT('',#17586);
#6066=VERTEX_POINT('',#17588);
#6067=VERTEX_POINT('',#17590);
#6068=VERTEX_POINT('',#17592);
#6069=VERTEX_POINT('',#17595);
#6070=VERTEX_POINT('',#17596);
#6071=VERTEX_POINT('',#17598);
#6072=VERTEX_POINT('',#17600);
#6073=VERTEX_POINT('',#17602);
#6074=VERTEX_POINT('',#17604);
#6075=VERTEX_POINT('',#17607);
#6076=VERTEX_POINT('',#17608);
#6077=VERTEX_POINT('',#17610);
#6078=VERTEX_POINT('',#17612);
#6079=VERTEX_POINT('',#17614);
#6080=VERTEX_POINT('',#17616);
#6081=VERTEX_POINT('',#17619);
#6082=VERTEX_POINT('',#17620);
#6083=VERTEX_POINT('',#17622);
#6084=VERTEX_POINT('',#17624);
#6085=VERTEX_POINT('',#17626);
#6086=VERTEX_POINT('',#17628);
#6087=VERTEX_POINT('',#17631);
#6088=VERTEX_POINT('',#17632);
#6089=VERTEX_POINT('',#17634);
#6090=VERTEX_POINT('',#17636);
#6091=VERTEX_POINT('',#17638);
#6092=VERTEX_POINT('',#17640);
#6093=VERTEX_POINT('',#17643);
#6094=VERTEX_POINT('',#17644);
#6095=VERTEX_POINT('',#17646);
#6096=VERTEX_POINT('',#17648);
#6097=VERTEX_POINT('',#17650);
#6098=VERTEX_POINT('',#17652);
#6099=VERTEX_POINT('',#17655);
#6100=VERTEX_POINT('',#17656);
#6101=VERTEX_POINT('',#17658);
#6102=VERTEX_POINT('',#17660);
#6103=VERTEX_POINT('',#17662);
#6104=VERTEX_POINT('',#17664);
#6105=VERTEX_POINT('',#17667);
#6106=VERTEX_POINT('',#17668);
#6107=VERTEX_POINT('',#17670);
#6108=VERTEX_POINT('',#17672);
#6109=VERTEX_POINT('',#17674);
#6110=VERTEX_POINT('',#17676);
#6111=VERTEX_POINT('',#17679);
#6112=VERTEX_POINT('',#17680);
#6113=VERTEX_POINT('',#17682);
#6114=VERTEX_POINT('',#17684);
#6115=VERTEX_POINT('',#17686);
#6116=VERTEX_POINT('',#17688);
#6117=VERTEX_POINT('',#17691);
#6118=VERTEX_POINT('',#17692);
#6119=VERTEX_POINT('',#17694);
#6120=VERTEX_POINT('',#17696);
#6121=VERTEX_POINT('',#17698);
#6122=VERTEX_POINT('',#17700);
#6123=VERTEX_POINT('',#17703);
#6124=VERTEX_POINT('',#17704);
#6125=VERTEX_POINT('',#17706);
#6126=VERTEX_POINT('',#17708);
#6127=VERTEX_POINT('',#17710);
#6128=VERTEX_POINT('',#17712);
#6129=VERTEX_POINT('',#17715);
#6130=VERTEX_POINT('',#17716);
#6131=VERTEX_POINT('',#17718);
#6132=VERTEX_POINT('',#17720);
#6133=VERTEX_POINT('',#17722);
#6134=VERTEX_POINT('',#17724);
#6135=VERTEX_POINT('',#17727);
#6136=VERTEX_POINT('',#17728);
#6137=VERTEX_POINT('',#17730);
#6138=VERTEX_POINT('',#17732);
#6139=VERTEX_POINT('',#17734);
#6140=VERTEX_POINT('',#17736);
#6141=VERTEX_POINT('',#17739);
#6142=VERTEX_POINT('',#17740);
#6143=VERTEX_POINT('',#17742);
#6144=VERTEX_POINT('',#17744);
#6145=VERTEX_POINT('',#17746);
#6146=VERTEX_POINT('',#17748);
#6147=VERTEX_POINT('',#17751);
#6148=VERTEX_POINT('',#17752);
#6149=VERTEX_POINT('',#17754);
#6150=VERTEX_POINT('',#17756);
#6151=VERTEX_POINT('',#17758);
#6152=VERTEX_POINT('',#17760);
#6153=VERTEX_POINT('',#17763);
#6154=VERTEX_POINT('',#17764);
#6155=VERTEX_POINT('',#17766);
#6156=VERTEX_POINT('',#17768);
#6157=VERTEX_POINT('',#17770);
#6158=VERTEX_POINT('',#17772);
#6159=VERTEX_POINT('',#17775);
#6160=VERTEX_POINT('',#17776);
#6161=VERTEX_POINT('',#17778);
#6162=VERTEX_POINT('',#17780);
#6163=VERTEX_POINT('',#17782);
#6164=VERTEX_POINT('',#17784);
#6165=VERTEX_POINT('',#17787);
#6166=VERTEX_POINT('',#17788);
#6167=VERTEX_POINT('',#17790);
#6168=VERTEX_POINT('',#17792);
#6169=VERTEX_POINT('',#17794);
#6170=VERTEX_POINT('',#17796);
#6171=VERTEX_POINT('',#17799);
#6172=VERTEX_POINT('',#17800);
#6173=VERTEX_POINT('',#17802);
#6174=VERTEX_POINT('',#17804);
#6175=VERTEX_POINT('',#17806);
#6176=VERTEX_POINT('',#17808);
#6177=VERTEX_POINT('',#17811);
#6178=VERTEX_POINT('',#17812);
#6179=VERTEX_POINT('',#17814);
#6180=VERTEX_POINT('',#17816);
#6181=VERTEX_POINT('',#17818);
#6182=VERTEX_POINT('',#17820);
#6183=VERTEX_POINT('',#17823);
#6184=VERTEX_POINT('',#17824);
#6185=VERTEX_POINT('',#17826);
#6186=VERTEX_POINT('',#17828);
#6187=VERTEX_POINT('',#17830);
#6188=VERTEX_POINT('',#17832);
#6189=VERTEX_POINT('',#17835);
#6190=VERTEX_POINT('',#17836);
#6191=VERTEX_POINT('',#17838);
#6192=VERTEX_POINT('',#17840);
#6193=VERTEX_POINT('',#17842);
#6194=VERTEX_POINT('',#17844);
#6195=VERTEX_POINT('',#17847);
#6196=VERTEX_POINT('',#17848);
#6197=VERTEX_POINT('',#17850);
#6198=VERTEX_POINT('',#17852);
#6199=VERTEX_POINT('',#17854);
#6200=VERTEX_POINT('',#17856);
#6201=VERTEX_POINT('',#17859);
#6202=VERTEX_POINT('',#17860);
#6203=VERTEX_POINT('',#17862);
#6204=VERTEX_POINT('',#17864);
#6205=VERTEX_POINT('',#17866);
#6206=VERTEX_POINT('',#17868);
#6207=VERTEX_POINT('',#17871);
#6208=VERTEX_POINT('',#17872);
#6209=VERTEX_POINT('',#17874);
#6210=VERTEX_POINT('',#17876);
#6211=VERTEX_POINT('',#17878);
#6212=VERTEX_POINT('',#17880);
#6213=VERTEX_POINT('',#17883);
#6214=VERTEX_POINT('',#17884);
#6215=VERTEX_POINT('',#17886);
#6216=VERTEX_POINT('',#17888);
#6217=VERTEX_POINT('',#17890);
#6218=VERTEX_POINT('',#17892);
#6219=VERTEX_POINT('',#17895);
#6220=VERTEX_POINT('',#17896);
#6221=VERTEX_POINT('',#17898);
#6222=VERTEX_POINT('',#17900);
#6223=VERTEX_POINT('',#17902);
#6224=VERTEX_POINT('',#17904);
#6225=VERTEX_POINT('',#17907);
#6226=VERTEX_POINT('',#17908);
#6227=VERTEX_POINT('',#17910);
#6228=VERTEX_POINT('',#17912);
#6229=VERTEX_POINT('',#17914);
#6230=VERTEX_POINT('',#17916);
#6231=VERTEX_POINT('',#17919);
#6232=VERTEX_POINT('',#17920);
#6233=VERTEX_POINT('',#17922);
#6234=VERTEX_POINT('',#17924);
#6235=VERTEX_POINT('',#17926);
#6236=VERTEX_POINT('',#17928);
#6237=VERTEX_POINT('',#17931);
#6238=VERTEX_POINT('',#17932);
#6239=VERTEX_POINT('',#17934);
#6240=VERTEX_POINT('',#17936);
#6241=VERTEX_POINT('',#17938);
#6242=VERTEX_POINT('',#17940);
#6243=VERTEX_POINT('',#17943);
#6244=VERTEX_POINT('',#17944);
#6245=VERTEX_POINT('',#17946);
#6246=VERTEX_POINT('',#17948);
#6247=VERTEX_POINT('',#17950);
#6248=VERTEX_POINT('',#17952);
#6249=VERTEX_POINT('',#17955);
#6250=VERTEX_POINT('',#17956);
#6251=VERTEX_POINT('',#17958);
#6252=VERTEX_POINT('',#17960);
#6253=VERTEX_POINT('',#17962);
#6254=VERTEX_POINT('',#17964);
#6255=VERTEX_POINT('',#17967);
#6256=VERTEX_POINT('',#17968);
#6257=VERTEX_POINT('',#17970);
#6258=VERTEX_POINT('',#17972);
#6259=VERTEX_POINT('',#17974);
#6260=VERTEX_POINT('',#17976);
#6261=VERTEX_POINT('',#17979);
#6262=VERTEX_POINT('',#17980);
#6263=VERTEX_POINT('',#17982);
#6264=VERTEX_POINT('',#17984);
#6265=VERTEX_POINT('',#17986);
#6266=VERTEX_POINT('',#17988);
#6267=VERTEX_POINT('',#17991);
#6268=VERTEX_POINT('',#17992);
#6269=VERTEX_POINT('',#17994);
#6270=VERTEX_POINT('',#17996);
#6271=VERTEX_POINT('',#17998);
#6272=VERTEX_POINT('',#18000);
#6273=VERTEX_POINT('',#18003);
#6274=VERTEX_POINT('',#18004);
#6275=VERTEX_POINT('',#18006);
#6276=VERTEX_POINT('',#18008);
#6277=VERTEX_POINT('',#18010);
#6278=VERTEX_POINT('',#18012);
#6279=VERTEX_POINT('',#18015);
#6280=VERTEX_POINT('',#18016);
#6281=VERTEX_POINT('',#18018);
#6282=VERTEX_POINT('',#18020);
#6283=VERTEX_POINT('',#18022);
#6284=VERTEX_POINT('',#18024);
#6285=VERTEX_POINT('',#18027);
#6286=VERTEX_POINT('',#18028);
#6287=VERTEX_POINT('',#18030);
#6288=VERTEX_POINT('',#18032);
#6289=VERTEX_POINT('',#18034);
#6290=VERTEX_POINT('',#18036);
#6291=VERTEX_POINT('',#18039);
#6292=VERTEX_POINT('',#18040);
#6293=VERTEX_POINT('',#18042);
#6294=VERTEX_POINT('',#18044);
#6295=VERTEX_POINT('',#18046);
#6296=VERTEX_POINT('',#18048);
#6297=VERTEX_POINT('',#18051);
#6298=VERTEX_POINT('',#18052);
#6299=VERTEX_POINT('',#18054);
#6300=VERTEX_POINT('',#18056);
#6301=VERTEX_POINT('',#18058);
#6302=VERTEX_POINT('',#18060);
#6303=VERTEX_POINT('',#18063);
#6304=VERTEX_POINT('',#18064);
#6305=VERTEX_POINT('',#18066);
#6306=VERTEX_POINT('',#18068);
#6307=VERTEX_POINT('',#18070);
#6308=VERTEX_POINT('',#18072);
#6309=VERTEX_POINT('',#18075);
#6310=VERTEX_POINT('',#18076);
#6311=VERTEX_POINT('',#18078);
#6312=VERTEX_POINT('',#18080);
#6313=VERTEX_POINT('',#18082);
#6314=VERTEX_POINT('',#18084);
#6315=VERTEX_POINT('',#18087);
#6316=VERTEX_POINT('',#18088);
#6317=VERTEX_POINT('',#18090);
#6318=VERTEX_POINT('',#18092);
#6319=VERTEX_POINT('',#18094);
#6320=VERTEX_POINT('',#18096);
#6321=VERTEX_POINT('',#18099);
#6322=VERTEX_POINT('',#18100);
#6323=VERTEX_POINT('',#18102);
#6324=VERTEX_POINT('',#18104);
#6325=VERTEX_POINT('',#18106);
#6326=VERTEX_POINT('',#18108);
#6327=VERTEX_POINT('',#18111);
#6328=VERTEX_POINT('',#18112);
#6329=VERTEX_POINT('',#18114);
#6330=VERTEX_POINT('',#18116);
#6331=VERTEX_POINT('',#18118);
#6332=VERTEX_POINT('',#18120);
#6333=VERTEX_POINT('',#18123);
#6334=VERTEX_POINT('',#18124);
#6335=VERTEX_POINT('',#18126);
#6336=VERTEX_POINT('',#18128);
#6337=VERTEX_POINT('',#18130);
#6338=VERTEX_POINT('',#18132);
#6339=VERTEX_POINT('',#18135);
#6340=VERTEX_POINT('',#18136);
#6341=VERTEX_POINT('',#18138);
#6342=VERTEX_POINT('',#18140);
#6343=VERTEX_POINT('',#18142);
#6344=VERTEX_POINT('',#18144);
#6345=VERTEX_POINT('',#18147);
#6346=VERTEX_POINT('',#18148);
#6347=VERTEX_POINT('',#18150);
#6348=VERTEX_POINT('',#18152);
#6349=VERTEX_POINT('',#18154);
#6350=VERTEX_POINT('',#18156);
#6351=VERTEX_POINT('',#18159);
#6352=VERTEX_POINT('',#18160);
#6353=VERTEX_POINT('',#18162);
#6354=VERTEX_POINT('',#18164);
#6355=VERTEX_POINT('',#18166);
#6356=VERTEX_POINT('',#18168);
#6357=VERTEX_POINT('',#18171);
#6358=VERTEX_POINT('',#18172);
#6359=VERTEX_POINT('',#18174);
#6360=VERTEX_POINT('',#18176);
#6361=VERTEX_POINT('',#18178);
#6362=VERTEX_POINT('',#18180);
#6363=VERTEX_POINT('',#18183);
#6364=VERTEX_POINT('',#18184);
#6365=VERTEX_POINT('',#18186);
#6366=VERTEX_POINT('',#18188);
#6367=VERTEX_POINT('',#18190);
#6368=VERTEX_POINT('',#18192);
#6369=EDGE_CURVE('',#5274,#5275,#5237,.T.);
#6370=EDGE_CURVE('',#5275,#5276,#5178,.T.);
#6371=EDGE_CURVE('',#5276,#5274,#5179,.T.);
#6372=EDGE_CURVE('',#5274,#5277,#682,.T.);
#6373=EDGE_CURVE('',#5277,#5278,#5238,.T.);
#6374=EDGE_CURVE('',#5278,#5275,#683,.T.);
#6375=EDGE_CURVE('',#5277,#5279,#5180,.T.);
#6376=EDGE_CURVE('',#5279,#5278,#5181,.T.);
#6377=EDGE_CURVE('',#5280,#5274,#684,.T.);
#6378=EDGE_CURVE('',#5281,#5280,#685,.T.);
#6379=EDGE_CURVE('',#5277,#5281,#686,.T.);
#6380=EDGE_CURVE('',#5276,#5282,#687,.T.);
#6381=EDGE_CURVE('',#5280,#5282,#5182,.T.);
#6382=EDGE_CURVE('',#5275,#5283,#688,.T.);
#6383=EDGE_CURVE('',#5284,#5283,#5183,.T.);
#6384=EDGE_CURVE('',#5284,#5276,#689,.T.);
#6385=EDGE_CURVE('',#5283,#5285,#5239,.T.);
#6386=EDGE_CURVE('',#5285,#5284,#5184,.T.);
#6387=EDGE_CURVE('',#5283,#5286,#690,.T.);
#6388=EDGE_CURVE('',#5286,#5287,#5240,.T.);
#6389=EDGE_CURVE('',#5287,#5285,#691,.T.);
#6390=EDGE_CURVE('',#5286,#5288,#5185,.T.);
#6391=EDGE_CURVE('',#5288,#5287,#5186,.T.);
#6392=EDGE_CURVE('',#5286,#5278,#692,.T.);
#6393=EDGE_CURVE('',#5285,#5289,#693,.T.);
#6394=EDGE_CURVE('',#5290,#5289,#5187,.T.);
#6395=EDGE_CURVE('',#5290,#5284,#694,.T.);
#6396=EDGE_CURVE('',#5281,#5291,#5241,.T.);
#6397=EDGE_CURVE('',#5291,#5292,#5188,.T.);
#6398=EDGE_CURVE('',#5292,#5281,#5189,.T.);
#6399=EDGE_CURVE('',#5280,#5293,#5242,.T.);
#6400=EDGE_CURVE('',#5293,#5291,#695,.T.);
#6401=EDGE_CURVE('',#5282,#5293,#5190,.T.);
#6402=EDGE_CURVE('',#5292,#5279,#696,.T.);
#6403=EDGE_CURVE('',#5291,#5294,#697,.T.);
#6404=EDGE_CURVE('',#5295,#5294,#5191,.T.);
#6405=EDGE_CURVE('',#5295,#5292,#698,.T.);
#6406=EDGE_CURVE('',#5289,#5296,#5243,.T.);
#6407=EDGE_CURVE('',#5296,#5290,#5192,.T.);
#6408=EDGE_CURVE('',#5289,#5297,#699,.T.);
#6409=EDGE_CURVE('',#5297,#5294,#5244,.T.);
#6410=EDGE_CURVE('',#5294,#5296,#700,.T.);
#6411=EDGE_CURVE('',#5297,#5295,#5193,.T.);
#6412=EDGE_CURVE('',#5288,#5295,#701,.T.);
#6413=EDGE_CURVE('',#5297,#5287,#702,.T.);
#6414=EDGE_CURVE('',#5282,#5290,#703,.T.);
#6415=EDGE_CURVE('',#5296,#5293,#704,.T.);
#6416=EDGE_CURVE('',#5298,#5299,#705,.T.);
#6417=EDGE_CURVE('',#5300,#5298,#706,.T.);
#6418=EDGE_CURVE('',#5301,#5300,#707,.T.);
#6419=EDGE_CURVE('',#5299,#5301,#708,.T.);
#6420=EDGE_CURVE('',#5302,#5303,#5194,.T.);
#6421=EDGE_CURVE('',#5303,#5304,#709,.T.);
#6422=EDGE_CURVE('',#5304,#5305,#5195,.F.);
#6423=EDGE_CURVE('',#5305,#5302,#710,.T.);
#6424=EDGE_CURVE('',#5305,#5306,#711,.T.);
#6425=EDGE_CURVE('',#5307,#5306,#712,.T.);
#6426=EDGE_CURVE('',#5308,#5307,#713,.T.);
#6427=EDGE_CURVE('',#5309,#5308,#5245,.F.);
#6428=EDGE_CURVE('',#5309,#5310,#714,.T.);
#6429=EDGE_CURVE('',#5311,#5310,#5246,.F.);
#6430=EDGE_CURVE('',#5312,#5311,#715,.T.);
#6431=EDGE_CURVE('',#5313,#5312,#716,.T.);
#6432=EDGE_CURVE('',#5302,#5313,#717,.T.);
#6433=EDGE_CURVE('',#5299,#5314,#18,.T.);
#6434=EDGE_CURVE('',#5314,#5315,#718,.T.);
#6435=EDGE_CURVE('',#5315,#5298,#5247,.T.);
#6436=EDGE_CURVE('',#5315,#5316,#5248,.T.);
#6437=EDGE_CURVE('',#5316,#5298,#5249,.T.);
#6438=EDGE_CURVE('',#5299,#5317,#719,.T.);
#6439=EDGE_CURVE('',#5317,#5318,#5250,.T.);
#6440=EDGE_CURVE('',#5318,#5314,#720,.T.);
#6441=EDGE_CURVE('',#5319,#5320,#5251,.T.);
#6442=EDGE_CURVE('',#5320,#5321,#721,.T.);
#6443=EDGE_CURVE('',#5321,#5317,#5252,.T.);
#6444=EDGE_CURVE('',#5317,#5319,#722,.T.);
#6445=EDGE_CURVE('',#5321,#5318,#5253,.T.);
#6446=EDGE_CURVE('',#5322,#5318,#723,.T.);
#6447=EDGE_CURVE('',#5323,#5322,#724,.T.);
#6448=EDGE_CURVE('',#5324,#5323,#725,.T.);
#6449=EDGE_CURVE('',#5325,#5324,#726,.T.);
#6450=EDGE_CURVE('',#5326,#5325,#727,.T.);
#6451=EDGE_CURVE('',#5326,#5327,#728,.T.);
#6452=EDGE_CURVE('',#5315,#5327,#729,.T.);
#6453=EDGE_CURVE('',#5328,#5329,#730,.T.);
#6454=EDGE_CURVE('',#5330,#5328,#731,.T.);
#6455=EDGE_CURVE('',#5331,#5330,#732,.T.);
#6456=EDGE_CURVE('',#5329,#5331,#733,.T.);
#6457=EDGE_CURVE('',#5321,#5332,#734,.T.);
#6458=EDGE_CURVE('',#5332,#5322,#5196,.T.);
#6459=EDGE_CURVE('',#5332,#5303,#735,.T.);
#6460=EDGE_CURVE('',#5333,#5320,#736,.T.);
#6461=EDGE_CURVE('',#5334,#5333,#737,.T.);
#6462=EDGE_CURVE('',#5335,#5334,#738,.T.);
#6463=EDGE_CURVE('',#5304,#5335,#739,.T.);
#6464=EDGE_CURVE('',#5319,#5336,#740,.T.);
#6465=EDGE_CURVE('',#5337,#5336,#741,.T.);
#6466=EDGE_CURVE('',#5337,#5338,#742,.T.);
#6467=EDGE_CURVE('',#5339,#5338,#743,.T.);
#6468=EDGE_CURVE('',#5340,#5339,#744,.T.);
#6469=EDGE_CURVE('',#5341,#5340,#745,.T.);
#6470=EDGE_CURVE('',#5341,#5333,#746,.T.);
#6471=EDGE_CURVE('',#5342,#5343,#747,.T.);
#6472=EDGE_CURVE('',#5344,#5343,#748,.T.);
#6473=EDGE_CURVE('',#5345,#5344,#749,.T.);
#6474=EDGE_CURVE('',#5342,#5345,#750,.T.);
#6475=EDGE_CURVE('',#5346,#5326,#5197,.T.);
#6476=EDGE_CURVE('',#5325,#5347,#5198,.F.);
#6477=EDGE_CURVE('',#5347,#5346,#751,.T.);
#6478=EDGE_CURVE('',#5347,#5348,#752,.T.);
#6479=EDGE_CURVE('',#5349,#5348,#753,.T.);
#6480=EDGE_CURVE('',#5349,#5350,#754,.T.);
#6481=EDGE_CURVE('',#5351,#5350,#755,.T.);
#6482=EDGE_CURVE('',#5346,#5351,#756,.T.);
#6483=EDGE_CURVE('',#5352,#5353,#5254,.T.);
#6484=EDGE_CURVE('',#5353,#5354,#757,.T.);
#6485=EDGE_CURVE('',#5354,#5355,#5199,.T.);
#6486=EDGE_CURVE('',#5355,#5352,#758,.T.);
#6487=EDGE_CURVE('',#5353,#5356,#759,.T.);
#6488=EDGE_CURVE('',#5357,#5356,#760,.T.);
#6489=EDGE_CURVE('',#5357,#5358,#761,.T.);
#6490=EDGE_CURVE('',#5359,#5358,#762,.T.);
#6491=EDGE_CURVE('',#5354,#5359,#763,.T.);
#6492=EDGE_CURVE('',#5352,#5360,#764,.T.);
#6493=EDGE_CURVE('',#5361,#5360,#5255,.T.);
#6494=EDGE_CURVE('',#5362,#5361,#765,.T.);
#6495=EDGE_CURVE('',#5363,#5362,#5256,.F.);
#6496=EDGE_CURVE('',#5363,#5364,#766,.T.);
#6497=EDGE_CURVE('',#5356,#5364,#5257,.F.);
#6498=EDGE_CURVE('',#5365,#5366,#5200,.T.);
#6499=EDGE_CURVE('',#5366,#5361,#767,.T.);
#6500=EDGE_CURVE('',#5360,#5365,#768,.T.);
#6501=EDGE_CURVE('',#5366,#5367,#769,.T.);
#6502=EDGE_CURVE('',#5368,#5367,#770,.T.);
#6503=EDGE_CURVE('',#5316,#5368,#771,.T.);
#6504=EDGE_CURVE('',#5369,#5316,#772,.T.);
#6505=EDGE_CURVE('',#5369,#5370,#773,.T.);
#6506=EDGE_CURVE('',#5371,#5370,#774,.T.);
#6507=EDGE_CURVE('',#5371,#5372,#775,.T.);
#6508=EDGE_CURVE('',#5373,#5372,#776,.T.);
#6509=EDGE_CURVE('',#5374,#5373,#777,.T.);
#6510=EDGE_CURVE('',#5362,#5374,#778,.T.);
#6511=EDGE_CURVE('',#5374,#5375,#5201,.F.);
#6512=EDGE_CURVE('',#5375,#5363,#779,.T.);
#6513=EDGE_CURVE('',#5375,#5376,#780,.T.);
#6514=EDGE_CURVE('',#5377,#5376,#781,.T.);
#6515=EDGE_CURVE('',#5378,#5377,#782,.T.);
#6516=EDGE_CURVE('',#5379,#5378,#5258,.F.);
#6517=EDGE_CURVE('',#5379,#5380,#783,.T.);
#6518=EDGE_CURVE('',#5381,#5380,#5259,.F.);
#6519=EDGE_CURVE('',#5382,#5381,#784,.T.);
#6520=EDGE_CURVE('',#5364,#5382,#785,.T.);
#6521=EDGE_CURVE('',#5383,#5351,#5202,.T.);
#6522=EDGE_CURVE('',#5350,#5384,#5260,.T.);
#6523=EDGE_CURVE('',#5384,#5383,#786,.T.);
#6524=EDGE_CURVE('',#5385,#5384,#787,.T.);
#6525=EDGE_CURVE('',#5386,#5385,#788,.T.);
#6526=EDGE_CURVE('',#5383,#5386,#789,.T.);
#6527=EDGE_CURVE('',#5387,#5349,#5261,.F.);
#6528=EDGE_CURVE('',#5388,#5387,#790,.T.);
#6529=EDGE_CURVE('',#5372,#5388,#5262,.F.);
#6530=EDGE_CURVE('',#5385,#5371,#5263,.T.);
#6531=EDGE_CURVE('',#5348,#5389,#5203,.F.);
#6532=EDGE_CURVE('',#5389,#5387,#791,.T.);
#6533=EDGE_CURVE('',#5390,#5389,#792,.T.);
#6534=EDGE_CURVE('',#5391,#5390,#5264,.F.);
#6535=EDGE_CURVE('',#5391,#5392,#793,.T.);
#6536=EDGE_CURVE('',#5393,#5392,#5265,.F.);
#6537=EDGE_CURVE('',#5394,#5393,#794,.T.);
#6538=EDGE_CURVE('',#5395,#5394,#795,.T.);
#6539=EDGE_CURVE('',#5396,#5395,#796,.T.);
#6540=EDGE_CURVE('',#5388,#5396,#797,.T.);
#6541=EDGE_CURVE('',#5370,#5386,#5204,.T.);
#6542=EDGE_CURVE('',#5396,#5375,#798,.T.);
#6543=EDGE_CURVE('',#5373,#5396,#5205,.T.);
#6544=EDGE_CURVE('',#5397,#5395,#5266,.F.);
#6545=EDGE_CURVE('',#5398,#5397,#799,.T.);
#6546=EDGE_CURVE('',#5376,#5398,#5267,.F.);
#6547=EDGE_CURVE('',#5399,#5301,#5206,.F.);
#6548=EDGE_CURVE('',#5300,#5399,#5268,.T.);
#6549=EDGE_CURVE('',#5327,#5369,#5207,.T.);
#6550=EDGE_CURVE('',#5368,#5300,#5269,.T.);
#6551=EDGE_CURVE('',#5400,#5399,#5270,.F.);
#6552=EDGE_CURVE('',#5368,#5400,#5271,.T.);
#6553=EDGE_CURVE('',#5400,#5336,#5208,.T.);
#6554=EDGE_CURVE('',#5367,#5337,#5209,.T.);
#6555=EDGE_CURVE('',#5323,#5401,#5210,.T.);
#6556=EDGE_CURVE('',#5401,#5402,#800,.T.);
#6557=EDGE_CURVE('',#5402,#5324,#5211,.F.);
#6558=EDGE_CURVE('',#5403,#5313,#5212,.T.);
#6559=EDGE_CURVE('',#5312,#5404,#5213,.F.);
#6560=EDGE_CURVE('',#5404,#5403,#801,.T.);
#6561=EDGE_CURVE('',#5401,#5403,#802,.T.);
#6562=EDGE_CURVE('',#5402,#5404,#803,.T.);
#6563=EDGE_CURVE('',#5405,#5341,#5214,.T.);
#6564=EDGE_CURVE('',#5340,#5406,#5215,.F.);
#6565=EDGE_CURVE('',#5406,#5405,#804,.T.);
#6566=EDGE_CURVE('',#5407,#5405,#805,.T.);
#6567=EDGE_CURVE('',#5408,#5407,#5216,.T.);
#6568=EDGE_CURVE('',#5408,#5409,#806,.T.);
#6569=EDGE_CURVE('',#5334,#5409,#5217,.T.);
#6570=EDGE_CURVE('',#5407,#5410,#807,.T.);
#6571=EDGE_CURVE('',#5410,#5411,#5218,.F.);
#6572=EDGE_CURVE('',#5411,#5408,#808,.T.);
#6573=EDGE_CURVE('',#5412,#5411,#809,.T.);
#6574=EDGE_CURVE('',#5413,#5412,#5272,.F.);
#6575=EDGE_CURVE('',#5413,#5414,#810,.T.);
#6576=EDGE_CURVE('',#5415,#5414,#5273,.F.);
#6577=EDGE_CURVE('',#5416,#5415,#811,.T.);
#6578=EDGE_CURVE('',#5417,#5416,#812,.T.);
#6579=EDGE_CURVE('',#5418,#5417,#813,.T.);
#6580=EDGE_CURVE('',#5409,#5418,#814,.T.);
#6581=EDGE_CURVE('',#5419,#5417,#5219,.F.);
#6582=EDGE_CURVE('',#5416,#5420,#5220,.F.);
#6583=EDGE_CURVE('',#5420,#5419,#815,.T.);
#6584=EDGE_CURVE('',#5418,#5335,#5221,.F.);
#6585=EDGE_CURVE('',#5279,#5288,#816,.T.);
#6586=EDGE_CURVE('',#5421,#5422,#817,.T.);
#6587=EDGE_CURVE('',#5421,#5423,#818,.T.);
#6588=EDGE_CURVE('',#5424,#5423,#819,.T.);
#6589=EDGE_CURVE('',#5422,#5424,#820,.T.);
#6590=EDGE_CURVE('',#5394,#5425,#5222,.F.);
#6591=EDGE_CURVE('',#5425,#5397,#821,.T.);
#6592=EDGE_CURVE('',#5426,#5307,#5223,.F.);
#6593=EDGE_CURVE('',#5306,#5427,#5224,.F.);
#6594=EDGE_CURVE('',#5427,#5426,#822,.T.);
#6595=EDGE_CURVE('',#5422,#5331,#5225,.T.);
#6596=EDGE_CURVE('',#5330,#5421,#5226,.T.);
#6597=EDGE_CURVE('',#5422,#5428,#823,.T.);
#6598=EDGE_CURVE('',#5428,#5329,#5227,.F.);
#6599=EDGE_CURVE('',#5328,#5429,#5228,.F.);
#6600=EDGE_CURVE('',#5429,#5421,#824,.T.);
#6601=EDGE_CURVE('',#5428,#5425,#825,.T.);
#6602=EDGE_CURVE('',#5430,#5424,#826,.T.);
#6603=EDGE_CURVE('',#5431,#5430,#827,.T.);
#6604=EDGE_CURVE('',#5398,#5431,#828,.T.);
#6605=EDGE_CURVE('',#5420,#5432,#829,.T.);
#6606=EDGE_CURVE('',#5343,#5432,#5229,.F.);
#6607=EDGE_CURVE('',#5423,#5342,#5230,.F.);
#6608=EDGE_CURVE('',#5429,#5426,#830,.T.);
#6609=EDGE_CURVE('',#5419,#5427,#831,.T.);
#6610=EDGE_CURVE('',#5306,#5417,#832,.T.);
#6611=EDGE_CURVE('',#5418,#5305,#833,.T.);
#6612=EDGE_CURVE('',#5345,#5424,#5231,.F.);
#6613=EDGE_CURVE('',#5431,#5377,#5232,.F.);
#6614=EDGE_CURVE('',#5382,#5357,#5233,.F.);
#6615=EDGE_CURVE('',#5338,#5359,#5234,.T.);
#6616=EDGE_CURVE('',#5358,#5339,#5235,.F.);
#6617=EDGE_CURVE('',#5365,#5355,#834,.T.);
#6618=EDGE_CURVE('',#5344,#5430,#5236,.F.);
#6619=EDGE_CURVE('',#5380,#5391,#835,.T.);
#6620=EDGE_CURVE('',#5390,#5381,#836,.T.);
#6621=EDGE_CURVE('',#5392,#5379,#837,.T.);
#6622=EDGE_CURVE('',#5402,#5347,#838,.T.);
#6623=EDGE_CURVE('',#5412,#5311,#839,.T.);
#6624=EDGE_CURVE('',#5410,#5406,#840,.T.);
#6625=EDGE_CURVE('',#5358,#5406,#841,.T.);
#6626=EDGE_CURVE('',#5433,#5434,#842,.T.);
#6627=EDGE_CURVE('',#5434,#5435,#843,.T.);
#6628=EDGE_CURVE('',#5435,#5436,#844,.T.);
#6629=EDGE_CURVE('',#5436,#5437,#845,.T.);
#6630=EDGE_CURVE('',#5437,#5438,#846,.T.);
#6631=EDGE_CURVE('',#5438,#5433,#847,.T.);
#6632=EDGE_CURVE('',#5439,#5440,#848,.T.);
#6633=EDGE_CURVE('',#5440,#5441,#849,.T.);
#6634=EDGE_CURVE('',#5441,#5442,#850,.T.);
#6635=EDGE_CURVE('',#5442,#5443,#851,.T.);
#6636=EDGE_CURVE('',#5443,#5444,#852,.T.);
#6637=EDGE_CURVE('',#5444,#5439,#853,.T.);
#6638=EDGE_CURVE('',#5445,#5446,#854,.T.);
#6639=EDGE_CURVE('',#5446,#5447,#855,.T.);
#6640=EDGE_CURVE('',#5447,#5448,#856,.T.);
#6641=EDGE_CURVE('',#5448,#5449,#857,.T.);
#6642=EDGE_CURVE('',#5449,#5450,#858,.T.);
#6643=EDGE_CURVE('',#5450,#5445,#859,.T.);
#6644=EDGE_CURVE('',#5451,#5452,#860,.T.);
#6645=EDGE_CURVE('',#5452,#5453,#861,.T.);
#6646=EDGE_CURVE('',#5453,#5454,#862,.T.);
#6647=EDGE_CURVE('',#5454,#5455,#863,.T.);
#6648=EDGE_CURVE('',#5455,#5456,#864,.T.);
#6649=EDGE_CURVE('',#5456,#5451,#865,.T.);
#6650=EDGE_CURVE('',#5457,#5458,#866,.T.);
#6651=EDGE_CURVE('',#5458,#5459,#867,.T.);
#6652=EDGE_CURVE('',#5459,#5460,#868,.T.);
#6653=EDGE_CURVE('',#5460,#5461,#869,.T.);
#6654=EDGE_CURVE('',#5461,#5462,#870,.T.);
#6655=EDGE_CURVE('',#5462,#5457,#871,.T.);
#6656=EDGE_CURVE('',#5463,#5464,#872,.T.);
#6657=EDGE_CURVE('',#5464,#5465,#873,.T.);
#6658=EDGE_CURVE('',#5465,#5466,#874,.T.);
#6659=EDGE_CURVE('',#5466,#5467,#875,.T.);
#6660=EDGE_CURVE('',#5467,#5468,#876,.T.);
#6661=EDGE_CURVE('',#5468,#5463,#877,.T.);
#6662=EDGE_CURVE('',#5469,#5470,#878,.T.);
#6663=EDGE_CURVE('',#5470,#5471,#879,.T.);
#6664=EDGE_CURVE('',#5471,#5472,#880,.T.);
#6665=EDGE_CURVE('',#5472,#5473,#881,.T.);
#6666=EDGE_CURVE('',#5473,#5474,#882,.T.);
#6667=EDGE_CURVE('',#5474,#5469,#883,.T.);
#6668=EDGE_CURVE('',#5475,#5476,#884,.T.);
#6669=EDGE_CURVE('',#5476,#5477,#885,.T.);
#6670=EDGE_CURVE('',#5477,#5478,#886,.T.);
#6671=EDGE_CURVE('',#5478,#5479,#887,.T.);
#6672=EDGE_CURVE('',#5479,#5480,#888,.T.);
#6673=EDGE_CURVE('',#5480,#5475,#889,.T.);
#6674=EDGE_CURVE('',#5481,#5482,#890,.T.);
#6675=EDGE_CURVE('',#5482,#5483,#891,.T.);
#6676=EDGE_CURVE('',#5483,#5484,#892,.T.);
#6677=EDGE_CURVE('',#5484,#5485,#893,.T.);
#6678=EDGE_CURVE('',#5485,#5486,#894,.T.);
#6679=EDGE_CURVE('',#5486,#5481,#895,.T.);
#6680=EDGE_CURVE('',#5487,#5488,#896,.T.);
#6681=EDGE_CURVE('',#5488,#5489,#897,.T.);
#6682=EDGE_CURVE('',#5489,#5490,#898,.T.);
#6683=EDGE_CURVE('',#5490,#5491,#899,.T.);
#6684=EDGE_CURVE('',#5491,#5492,#900,.T.);
#6685=EDGE_CURVE('',#5492,#5487,#901,.T.);
#6686=EDGE_CURVE('',#5493,#5494,#902,.T.);
#6687=EDGE_CURVE('',#5494,#5495,#903,.T.);
#6688=EDGE_CURVE('',#5495,#5496,#904,.T.);
#6689=EDGE_CURVE('',#5496,#5497,#905,.T.);
#6690=EDGE_CURVE('',#5497,#5498,#906,.T.);
#6691=EDGE_CURVE('',#5498,#5493,#907,.T.);
#6692=EDGE_CURVE('',#5499,#5500,#908,.T.);
#6693=EDGE_CURVE('',#5500,#5501,#909,.T.);
#6694=EDGE_CURVE('',#5501,#5502,#910,.T.);
#6695=EDGE_CURVE('',#5502,#5503,#911,.T.);
#6696=EDGE_CURVE('',#5503,#5504,#912,.T.);
#6697=EDGE_CURVE('',#5504,#5499,#913,.T.);
#6698=EDGE_CURVE('',#5505,#5506,#914,.T.);
#6699=EDGE_CURVE('',#5506,#5507,#915,.T.);
#6700=EDGE_CURVE('',#5507,#5508,#916,.T.);
#6701=EDGE_CURVE('',#5508,#5509,#917,.T.);
#6702=EDGE_CURVE('',#5509,#5510,#918,.T.);
#6703=EDGE_CURVE('',#5510,#5505,#919,.T.);
#6704=EDGE_CURVE('',#5511,#5512,#920,.T.);
#6705=EDGE_CURVE('',#5512,#5513,#921,.T.);
#6706=EDGE_CURVE('',#5513,#5514,#922,.T.);
#6707=EDGE_CURVE('',#5514,#5515,#923,.T.);
#6708=EDGE_CURVE('',#5515,#5516,#924,.T.);
#6709=EDGE_CURVE('',#5516,#5511,#925,.T.);
#6710=EDGE_CURVE('',#5517,#5518,#926,.T.);
#6711=EDGE_CURVE('',#5518,#5519,#927,.T.);
#6712=EDGE_CURVE('',#5519,#5520,#928,.T.);
#6713=EDGE_CURVE('',#5520,#5521,#929,.T.);
#6714=EDGE_CURVE('',#5521,#5522,#930,.T.);
#6715=EDGE_CURVE('',#5522,#5517,#931,.T.);
#6716=EDGE_CURVE('',#5523,#5524,#932,.T.);
#6717=EDGE_CURVE('',#5524,#5525,#933,.T.);
#6718=EDGE_CURVE('',#5525,#5526,#934,.T.);
#6719=EDGE_CURVE('',#5526,#5527,#935,.T.);
#6720=EDGE_CURVE('',#5527,#5528,#936,.T.);
#6721=EDGE_CURVE('',#5528,#5523,#937,.T.);
#6722=EDGE_CURVE('',#5529,#5530,#938,.T.);
#6723=EDGE_CURVE('',#5530,#5531,#939,.T.);
#6724=EDGE_CURVE('',#5531,#5532,#940,.T.);
#6725=EDGE_CURVE('',#5532,#5533,#941,.T.);
#6726=EDGE_CURVE('',#5533,#5534,#942,.T.);
#6727=EDGE_CURVE('',#5534,#5529,#943,.T.);
#6728=EDGE_CURVE('',#5535,#5536,#944,.T.);
#6729=EDGE_CURVE('',#5536,#5537,#945,.T.);
#6730=EDGE_CURVE('',#5537,#5538,#946,.T.);
#6731=EDGE_CURVE('',#5538,#5539,#947,.T.);
#6732=EDGE_CURVE('',#5539,#5540,#948,.T.);
#6733=EDGE_CURVE('',#5540,#5535,#949,.T.);
#6734=EDGE_CURVE('',#5541,#5542,#950,.T.);
#6735=EDGE_CURVE('',#5542,#5543,#951,.T.);
#6736=EDGE_CURVE('',#5543,#5544,#952,.T.);
#6737=EDGE_CURVE('',#5544,#5545,#953,.T.);
#6738=EDGE_CURVE('',#5545,#5546,#954,.T.);
#6739=EDGE_CURVE('',#5546,#5541,#955,.T.);
#6740=EDGE_CURVE('',#5547,#5548,#956,.T.);
#6741=EDGE_CURVE('',#5548,#5549,#957,.T.);
#6742=EDGE_CURVE('',#5549,#5550,#958,.T.);
#6743=EDGE_CURVE('',#5550,#5551,#959,.T.);
#6744=EDGE_CURVE('',#5551,#5552,#960,.T.);
#6745=EDGE_CURVE('',#5552,#5547,#961,.T.);
#6746=EDGE_CURVE('',#5553,#5554,#962,.T.);
#6747=EDGE_CURVE('',#5554,#5555,#963,.T.);
#6748=EDGE_CURVE('',#5555,#5556,#964,.T.);
#6749=EDGE_CURVE('',#5556,#5557,#965,.T.);
#6750=EDGE_CURVE('',#5557,#5558,#966,.T.);
#6751=EDGE_CURVE('',#5558,#5553,#967,.T.);
#6752=EDGE_CURVE('',#5559,#5560,#968,.T.);
#6753=EDGE_CURVE('',#5560,#5561,#969,.T.);
#6754=EDGE_CURVE('',#5561,#5562,#970,.T.);
#6755=EDGE_CURVE('',#5562,#5563,#971,.T.);
#6756=EDGE_CURVE('',#5563,#5564,#972,.T.);
#6757=EDGE_CURVE('',#5564,#5559,#973,.T.);
#6758=EDGE_CURVE('',#5565,#5566,#974,.T.);
#6759=EDGE_CURVE('',#5566,#5567,#975,.T.);
#6760=EDGE_CURVE('',#5567,#5568,#976,.T.);
#6761=EDGE_CURVE('',#5568,#5569,#977,.T.);
#6762=EDGE_CURVE('',#5569,#5570,#978,.T.);
#6763=EDGE_CURVE('',#5570,#5565,#979,.T.);
#6764=EDGE_CURVE('',#5571,#5572,#980,.T.);
#6765=EDGE_CURVE('',#5572,#5573,#981,.T.);
#6766=EDGE_CURVE('',#5573,#5574,#982,.T.);
#6767=EDGE_CURVE('',#5574,#5575,#983,.T.);
#6768=EDGE_CURVE('',#5575,#5576,#984,.T.);
#6769=EDGE_CURVE('',#5576,#5571,#985,.T.);
#6770=EDGE_CURVE('',#5577,#5578,#986,.T.);
#6771=EDGE_CURVE('',#5578,#5579,#987,.T.);
#6772=EDGE_CURVE('',#5579,#5580,#988,.T.);
#6773=EDGE_CURVE('',#5580,#5581,#989,.T.);
#6774=EDGE_CURVE('',#5581,#5582,#990,.T.);
#6775=EDGE_CURVE('',#5582,#5577,#991,.T.);
#6776=EDGE_CURVE('',#5583,#5584,#992,.T.);
#6777=EDGE_CURVE('',#5584,#5585,#993,.T.);
#6778=EDGE_CURVE('',#5585,#5586,#994,.T.);
#6779=EDGE_CURVE('',#5586,#5587,#995,.T.);
#6780=EDGE_CURVE('',#5587,#5588,#996,.T.);
#6781=EDGE_CURVE('',#5588,#5583,#997,.T.);
#6782=EDGE_CURVE('',#5589,#5590,#998,.T.);
#6783=EDGE_CURVE('',#5590,#5591,#999,.T.);
#6784=EDGE_CURVE('',#5591,#5592,#1000,.T.);
#6785=EDGE_CURVE('',#5592,#5593,#1001,.T.);
#6786=EDGE_CURVE('',#5593,#5594,#1002,.T.);
#6787=EDGE_CURVE('',#5594,#5589,#1003,.T.);
#6788=EDGE_CURVE('',#5595,#5596,#1004,.T.);
#6789=EDGE_CURVE('',#5596,#5597,#1005,.T.);
#6790=EDGE_CURVE('',#5597,#5598,#1006,.T.);
#6791=EDGE_CURVE('',#5598,#5599,#1007,.T.);
#6792=EDGE_CURVE('',#5599,#5600,#1008,.T.);
#6793=EDGE_CURVE('',#5600,#5595,#1009,.T.);
#6794=EDGE_CURVE('',#5601,#5602,#1010,.T.);
#6795=EDGE_CURVE('',#5602,#5603,#1011,.T.);
#6796=EDGE_CURVE('',#5603,#5604,#1012,.T.);
#6797=EDGE_CURVE('',#5604,#5605,#1013,.T.);
#6798=EDGE_CURVE('',#5605,#5606,#1014,.T.);
#6799=EDGE_CURVE('',#5606,#5601,#1015,.T.);
#6800=EDGE_CURVE('',#5607,#5608,#1016,.T.);
#6801=EDGE_CURVE('',#5608,#5609,#1017,.T.);
#6802=EDGE_CURVE('',#5609,#5610,#1018,.T.);
#6803=EDGE_CURVE('',#5610,#5611,#1019,.T.);
#6804=EDGE_CURVE('',#5611,#5612,#1020,.T.);
#6805=EDGE_CURVE('',#5612,#5607,#1021,.T.);
#6806=EDGE_CURVE('',#5613,#5614,#1022,.T.);
#6807=EDGE_CURVE('',#5614,#5615,#1023,.T.);
#6808=EDGE_CURVE('',#5615,#5616,#1024,.T.);
#6809=EDGE_CURVE('',#5616,#5617,#1025,.T.);
#6810=EDGE_CURVE('',#5617,#5618,#1026,.T.);
#6811=EDGE_CURVE('',#5618,#5613,#1027,.T.);
#6812=EDGE_CURVE('',#5619,#5620,#1028,.T.);
#6813=EDGE_CURVE('',#5620,#5621,#1029,.T.);
#6814=EDGE_CURVE('',#5621,#5622,#1030,.T.);
#6815=EDGE_CURVE('',#5622,#5623,#1031,.T.);
#6816=EDGE_CURVE('',#5623,#5624,#1032,.T.);
#6817=EDGE_CURVE('',#5624,#5619,#1033,.T.);
#6818=EDGE_CURVE('',#5625,#5626,#1034,.T.);
#6819=EDGE_CURVE('',#5626,#5627,#1035,.T.);
#6820=EDGE_CURVE('',#5627,#5628,#1036,.T.);
#6821=EDGE_CURVE('',#5628,#5629,#1037,.T.);
#6822=EDGE_CURVE('',#5629,#5630,#1038,.T.);
#6823=EDGE_CURVE('',#5630,#5625,#1039,.T.);
#6824=EDGE_CURVE('',#5631,#5632,#1040,.T.);
#6825=EDGE_CURVE('',#5632,#5633,#1041,.T.);
#6826=EDGE_CURVE('',#5633,#5634,#1042,.T.);
#6827=EDGE_CURVE('',#5634,#5635,#1043,.T.);
#6828=EDGE_CURVE('',#5635,#5636,#1044,.T.);
#6829=EDGE_CURVE('',#5636,#5631,#1045,.T.);
#6830=EDGE_CURVE('',#5637,#5638,#1046,.T.);
#6831=EDGE_CURVE('',#5638,#5639,#1047,.T.);
#6832=EDGE_CURVE('',#5639,#5640,#1048,.T.);
#6833=EDGE_CURVE('',#5640,#5641,#1049,.T.);
#6834=EDGE_CURVE('',#5641,#5642,#1050,.T.);
#6835=EDGE_CURVE('',#5642,#5637,#1051,.T.);
#6836=EDGE_CURVE('',#5643,#5644,#1052,.T.);
#6837=EDGE_CURVE('',#5644,#5645,#1053,.T.);
#6838=EDGE_CURVE('',#5645,#5646,#1054,.T.);
#6839=EDGE_CURVE('',#5646,#5647,#1055,.T.);
#6840=EDGE_CURVE('',#5647,#5648,#1056,.T.);
#6841=EDGE_CURVE('',#5648,#5643,#1057,.T.);
#6842=EDGE_CURVE('',#5649,#5650,#1058,.T.);
#6843=EDGE_CURVE('',#5650,#5651,#1059,.T.);
#6844=EDGE_CURVE('',#5651,#5652,#1060,.T.);
#6845=EDGE_CURVE('',#5652,#5653,#1061,.T.);
#6846=EDGE_CURVE('',#5653,#5654,#1062,.T.);
#6847=EDGE_CURVE('',#5654,#5649,#1063,.T.);
#6848=EDGE_CURVE('',#5655,#5656,#1064,.T.);
#6849=EDGE_CURVE('',#5656,#5657,#1065,.T.);
#6850=EDGE_CURVE('',#5657,#5658,#1066,.T.);
#6851=EDGE_CURVE('',#5658,#5659,#1067,.T.);
#6852=EDGE_CURVE('',#5659,#5660,#1068,.T.);
#6853=EDGE_CURVE('',#5660,#5655,#1069,.T.);
#6854=EDGE_CURVE('',#5661,#5662,#1070,.T.);
#6855=EDGE_CURVE('',#5662,#5663,#1071,.T.);
#6856=EDGE_CURVE('',#5663,#5664,#1072,.T.);
#6857=EDGE_CURVE('',#5664,#5665,#1073,.T.);
#6858=EDGE_CURVE('',#5665,#5666,#1074,.T.);
#6859=EDGE_CURVE('',#5666,#5661,#1075,.T.);
#6860=EDGE_CURVE('',#5667,#5668,#1076,.T.);
#6861=EDGE_CURVE('',#5668,#5669,#1077,.T.);
#6862=EDGE_CURVE('',#5669,#5670,#1078,.T.);
#6863=EDGE_CURVE('',#5670,#5671,#1079,.T.);
#6864=EDGE_CURVE('',#5671,#5672,#1080,.T.);
#6865=EDGE_CURVE('',#5672,#5667,#1081,.T.);
#6866=EDGE_CURVE('',#5673,#5674,#1082,.T.);
#6867=EDGE_CURVE('',#5674,#5675,#1083,.T.);
#6868=EDGE_CURVE('',#5675,#5676,#1084,.T.);
#6869=EDGE_CURVE('',#5676,#5677,#1085,.T.);
#6870=EDGE_CURVE('',#5677,#5678,#1086,.T.);
#6871=EDGE_CURVE('',#5678,#5673,#1087,.T.);
#6872=EDGE_CURVE('',#5679,#5680,#1088,.T.);
#6873=EDGE_CURVE('',#5680,#5681,#1089,.T.);
#6874=EDGE_CURVE('',#5681,#5682,#1090,.T.);
#6875=EDGE_CURVE('',#5682,#5683,#1091,.T.);
#6876=EDGE_CURVE('',#5683,#5684,#1092,.T.);
#6877=EDGE_CURVE('',#5684,#5679,#1093,.T.);
#6878=EDGE_CURVE('',#5685,#5686,#1094,.T.);
#6879=EDGE_CURVE('',#5686,#5687,#1095,.T.);
#6880=EDGE_CURVE('',#5687,#5688,#1096,.T.);
#6881=EDGE_CURVE('',#5688,#5689,#1097,.T.);
#6882=EDGE_CURVE('',#5689,#5690,#1098,.T.);
#6883=EDGE_CURVE('',#5690,#5685,#1099,.T.);
#6884=EDGE_CURVE('',#5691,#5692,#1100,.T.);
#6885=EDGE_CURVE('',#5692,#5693,#1101,.T.);
#6886=EDGE_CURVE('',#5693,#5694,#1102,.T.);
#6887=EDGE_CURVE('',#5694,#5695,#1103,.T.);
#6888=EDGE_CURVE('',#5695,#5696,#1104,.T.);
#6889=EDGE_CURVE('',#5696,#5691,#1105,.T.);
#6890=EDGE_CURVE('',#5697,#5698,#1106,.T.);
#6891=EDGE_CURVE('',#5698,#5699,#1107,.T.);
#6892=EDGE_CURVE('',#5699,#5700,#1108,.T.);
#6893=EDGE_CURVE('',#5700,#5701,#1109,.T.);
#6894=EDGE_CURVE('',#5701,#5702,#1110,.T.);
#6895=EDGE_CURVE('',#5702,#5697,#1111,.T.);
#6896=EDGE_CURVE('',#5703,#5704,#1112,.T.);
#6897=EDGE_CURVE('',#5704,#5705,#1113,.T.);
#6898=EDGE_CURVE('',#5705,#5706,#1114,.T.);
#6899=EDGE_CURVE('',#5706,#5707,#1115,.T.);
#6900=EDGE_CURVE('',#5707,#5708,#1116,.T.);
#6901=EDGE_CURVE('',#5708,#5703,#1117,.T.);
#6902=EDGE_CURVE('',#5709,#5710,#1118,.T.);
#6903=EDGE_CURVE('',#5710,#5711,#1119,.T.);
#6904=EDGE_CURVE('',#5711,#5712,#1120,.T.);
#6905=EDGE_CURVE('',#5712,#5713,#1121,.T.);
#6906=EDGE_CURVE('',#5713,#5714,#1122,.T.);
#6907=EDGE_CURVE('',#5714,#5709,#1123,.T.);
#6908=EDGE_CURVE('',#5715,#5716,#1124,.T.);
#6909=EDGE_CURVE('',#5716,#5717,#1125,.T.);
#6910=EDGE_CURVE('',#5717,#5718,#1126,.T.);
#6911=EDGE_CURVE('',#5718,#5719,#1127,.T.);
#6912=EDGE_CURVE('',#5719,#5720,#1128,.T.);
#6913=EDGE_CURVE('',#5720,#5715,#1129,.T.);
#6914=EDGE_CURVE('',#5721,#5722,#1130,.T.);
#6915=EDGE_CURVE('',#5722,#5723,#1131,.T.);
#6916=EDGE_CURVE('',#5723,#5724,#1132,.T.);
#6917=EDGE_CURVE('',#5724,#5725,#1133,.T.);
#6918=EDGE_CURVE('',#5725,#5726,#1134,.T.);
#6919=EDGE_CURVE('',#5726,#5721,#1135,.T.);
#6920=EDGE_CURVE('',#5727,#5728,#1136,.T.);
#6921=EDGE_CURVE('',#5728,#5729,#1137,.T.);
#6922=EDGE_CURVE('',#5729,#5730,#1138,.T.);
#6923=EDGE_CURVE('',#5730,#5731,#1139,.T.);
#6924=EDGE_CURVE('',#5731,#5732,#1140,.T.);
#6925=EDGE_CURVE('',#5732,#5727,#1141,.T.);
#6926=EDGE_CURVE('',#5733,#5734,#1142,.T.);
#6927=EDGE_CURVE('',#5734,#5735,#1143,.T.);
#6928=EDGE_CURVE('',#5735,#5736,#1144,.T.);
#6929=EDGE_CURVE('',#5736,#5737,#1145,.T.);
#6930=EDGE_CURVE('',#5737,#5738,#1146,.T.);
#6931=EDGE_CURVE('',#5738,#5733,#1147,.T.);
#6932=EDGE_CURVE('',#5739,#5740,#1148,.T.);
#6933=EDGE_CURVE('',#5740,#5741,#1149,.T.);
#6934=EDGE_CURVE('',#5741,#5742,#1150,.T.);
#6935=EDGE_CURVE('',#5742,#5743,#1151,.T.);
#6936=EDGE_CURVE('',#5743,#5744,#1152,.T.);
#6937=EDGE_CURVE('',#5744,#5739,#1153,.T.);
#6938=EDGE_CURVE('',#5745,#5746,#1154,.T.);
#6939=EDGE_CURVE('',#5746,#5747,#1155,.T.);
#6940=EDGE_CURVE('',#5747,#5748,#1156,.T.);
#6941=EDGE_CURVE('',#5748,#5749,#1157,.T.);
#6942=EDGE_CURVE('',#5749,#5750,#1158,.T.);
#6943=EDGE_CURVE('',#5750,#5745,#1159,.T.);
#6944=EDGE_CURVE('',#5751,#5752,#1160,.T.);
#6945=EDGE_CURVE('',#5752,#5753,#1161,.T.);
#6946=EDGE_CURVE('',#5753,#5754,#1162,.T.);
#6947=EDGE_CURVE('',#5754,#5755,#1163,.T.);
#6948=EDGE_CURVE('',#5755,#5756,#1164,.T.);
#6949=EDGE_CURVE('',#5756,#5751,#1165,.T.);
#6950=EDGE_CURVE('',#5757,#5758,#1166,.T.);
#6951=EDGE_CURVE('',#5758,#5759,#1167,.T.);
#6952=EDGE_CURVE('',#5759,#5760,#1168,.T.);
#6953=EDGE_CURVE('',#5760,#5761,#1169,.T.);
#6954=EDGE_CURVE('',#5761,#5762,#1170,.T.);
#6955=EDGE_CURVE('',#5762,#5757,#1171,.T.);
#6956=EDGE_CURVE('',#5763,#5764,#1172,.T.);
#6957=EDGE_CURVE('',#5764,#5765,#1173,.T.);
#6958=EDGE_CURVE('',#5765,#5766,#1174,.T.);
#6959=EDGE_CURVE('',#5766,#5767,#1175,.T.);
#6960=EDGE_CURVE('',#5767,#5768,#1176,.T.);
#6961=EDGE_CURVE('',#5768,#5763,#1177,.T.);
#6962=EDGE_CURVE('',#5769,#5770,#1178,.T.);
#6963=EDGE_CURVE('',#5770,#5771,#1179,.T.);
#6964=EDGE_CURVE('',#5771,#5772,#1180,.T.);
#6965=EDGE_CURVE('',#5772,#5773,#1181,.T.);
#6966=EDGE_CURVE('',#5773,#5774,#1182,.T.);
#6967=EDGE_CURVE('',#5774,#5769,#1183,.T.);
#6968=EDGE_CURVE('',#5775,#5776,#1184,.T.);
#6969=EDGE_CURVE('',#5776,#5777,#1185,.T.);
#6970=EDGE_CURVE('',#5777,#5778,#1186,.T.);
#6971=EDGE_CURVE('',#5778,#5779,#1187,.T.);
#6972=EDGE_CURVE('',#5779,#5780,#1188,.T.);
#6973=EDGE_CURVE('',#5780,#5775,#1189,.T.);
#6974=EDGE_CURVE('',#5781,#5782,#1190,.T.);
#6975=EDGE_CURVE('',#5782,#5783,#1191,.T.);
#6976=EDGE_CURVE('',#5783,#5784,#1192,.T.);
#6977=EDGE_CURVE('',#5784,#5785,#1193,.T.);
#6978=EDGE_CURVE('',#5785,#5786,#1194,.T.);
#6979=EDGE_CURVE('',#5786,#5781,#1195,.T.);
#6980=EDGE_CURVE('',#5787,#5788,#1196,.T.);
#6981=EDGE_CURVE('',#5788,#5789,#1197,.T.);
#6982=EDGE_CURVE('',#5789,#5790,#1198,.T.);
#6983=EDGE_CURVE('',#5790,#5791,#1199,.T.);
#6984=EDGE_CURVE('',#5791,#5792,#1200,.T.);
#6985=EDGE_CURVE('',#5792,#5787,#1201,.T.);
#6986=EDGE_CURVE('',#5793,#5794,#1202,.T.);
#6987=EDGE_CURVE('',#5794,#5795,#1203,.T.);
#6988=EDGE_CURVE('',#5795,#5796,#1204,.T.);
#6989=EDGE_CURVE('',#5796,#5797,#1205,.T.);
#6990=EDGE_CURVE('',#5797,#5798,#1206,.T.);
#6991=EDGE_CURVE('',#5798,#5793,#1207,.T.);
#6992=EDGE_CURVE('',#5799,#5800,#1208,.T.);
#6993=EDGE_CURVE('',#5800,#5801,#1209,.T.);
#6994=EDGE_CURVE('',#5801,#5802,#1210,.T.);
#6995=EDGE_CURVE('',#5802,#5803,#1211,.T.);
#6996=EDGE_CURVE('',#5803,#5804,#1212,.T.);
#6997=EDGE_CURVE('',#5804,#5799,#1213,.T.);
#6998=EDGE_CURVE('',#5805,#5806,#1214,.T.);
#6999=EDGE_CURVE('',#5806,#5807,#1215,.T.);
#7000=EDGE_CURVE('',#5807,#5808,#1216,.T.);
#7001=EDGE_CURVE('',#5808,#5809,#1217,.T.);
#7002=EDGE_CURVE('',#5809,#5810,#1218,.T.);
#7003=EDGE_CURVE('',#5810,#5805,#1219,.T.);
#7004=EDGE_CURVE('',#5811,#5812,#1220,.T.);
#7005=EDGE_CURVE('',#5812,#5813,#1221,.T.);
#7006=EDGE_CURVE('',#5813,#5814,#1222,.T.);
#7007=EDGE_CURVE('',#5814,#5815,#1223,.T.);
#7008=EDGE_CURVE('',#5815,#5816,#1224,.T.);
#7009=EDGE_CURVE('',#5816,#5811,#1225,.T.);
#7010=EDGE_CURVE('',#5817,#5818,#1226,.T.);
#7011=EDGE_CURVE('',#5818,#5819,#1227,.T.);
#7012=EDGE_CURVE('',#5819,#5820,#1228,.T.);
#7013=EDGE_CURVE('',#5820,#5821,#1229,.T.);
#7014=EDGE_CURVE('',#5821,#5822,#1230,.T.);
#7015=EDGE_CURVE('',#5822,#5817,#1231,.T.);
#7016=EDGE_CURVE('',#5823,#5824,#1232,.T.);
#7017=EDGE_CURVE('',#5824,#5825,#1233,.T.);
#7018=EDGE_CURVE('',#5825,#5826,#1234,.T.);
#7019=EDGE_CURVE('',#5826,#5827,#1235,.T.);
#7020=EDGE_CURVE('',#5827,#5828,#1236,.T.);
#7021=EDGE_CURVE('',#5828,#5823,#1237,.T.);
#7022=EDGE_CURVE('',#5829,#5830,#1238,.T.);
#7023=EDGE_CURVE('',#5830,#5831,#1239,.T.);
#7024=EDGE_CURVE('',#5831,#5832,#1240,.T.);
#7025=EDGE_CURVE('',#5832,#5833,#1241,.T.);
#7026=EDGE_CURVE('',#5833,#5834,#1242,.T.);
#7027=EDGE_CURVE('',#5834,#5829,#1243,.T.);
#7028=EDGE_CURVE('',#5835,#5836,#1244,.T.);
#7029=EDGE_CURVE('',#5836,#5837,#1245,.T.);
#7030=EDGE_CURVE('',#5837,#5838,#1246,.T.);
#7031=EDGE_CURVE('',#5838,#5839,#1247,.T.);
#7032=EDGE_CURVE('',#5839,#5840,#1248,.T.);
#7033=EDGE_CURVE('',#5840,#5835,#1249,.T.);
#7034=EDGE_CURVE('',#5841,#5842,#1250,.T.);
#7035=EDGE_CURVE('',#5842,#5843,#1251,.T.);
#7036=EDGE_CURVE('',#5843,#5844,#1252,.T.);
#7037=EDGE_CURVE('',#5844,#5845,#1253,.T.);
#7038=EDGE_CURVE('',#5845,#5846,#1254,.T.);
#7039=EDGE_CURVE('',#5846,#5841,#1255,.T.);
#7040=EDGE_CURVE('',#5847,#5848,#1256,.T.);
#7041=EDGE_CURVE('',#5848,#5849,#1257,.T.);
#7042=EDGE_CURVE('',#5849,#5850,#1258,.T.);
#7043=EDGE_CURVE('',#5850,#5851,#1259,.T.);
#7044=EDGE_CURVE('',#5851,#5852,#1260,.T.);
#7045=EDGE_CURVE('',#5852,#5847,#1261,.T.);
#7046=EDGE_CURVE('',#5853,#5854,#1262,.T.);
#7047=EDGE_CURVE('',#5854,#5855,#1263,.T.);
#7048=EDGE_CURVE('',#5855,#5856,#1264,.T.);
#7049=EDGE_CURVE('',#5856,#5857,#1265,.T.);
#7050=EDGE_CURVE('',#5857,#5858,#1266,.T.);
#7051=EDGE_CURVE('',#5858,#5853,#1267,.T.);
#7052=EDGE_CURVE('',#5859,#5860,#1268,.T.);
#7053=EDGE_CURVE('',#5860,#5861,#1269,.T.);
#7054=EDGE_CURVE('',#5861,#5862,#1270,.T.);
#7055=EDGE_CURVE('',#5862,#5863,#1271,.T.);
#7056=EDGE_CURVE('',#5863,#5864,#1272,.T.);
#7057=EDGE_CURVE('',#5864,#5859,#1273,.T.);
#7058=EDGE_CURVE('',#5865,#5866,#1274,.T.);
#7059=EDGE_CURVE('',#5866,#5867,#1275,.T.);
#7060=EDGE_CURVE('',#5867,#5868,#1276,.T.);
#7061=EDGE_CURVE('',#5868,#5869,#1277,.T.);
#7062=EDGE_CURVE('',#5869,#5870,#1278,.T.);
#7063=EDGE_CURVE('',#5870,#5865,#1279,.T.);
#7064=EDGE_CURVE('',#5871,#5872,#1280,.T.);
#7065=EDGE_CURVE('',#5872,#5873,#1281,.T.);
#7066=EDGE_CURVE('',#5873,#5874,#1282,.T.);
#7067=EDGE_CURVE('',#5874,#5875,#1283,.T.);
#7068=EDGE_CURVE('',#5875,#5876,#1284,.T.);
#7069=EDGE_CURVE('',#5876,#5871,#1285,.T.);
#7070=EDGE_CURVE('',#5877,#5878,#1286,.T.);
#7071=EDGE_CURVE('',#5878,#5879,#1287,.T.);
#7072=EDGE_CURVE('',#5879,#5880,#1288,.T.);
#7073=EDGE_CURVE('',#5880,#5881,#1289,.T.);
#7074=EDGE_CURVE('',#5881,#5882,#1290,.T.);
#7075=EDGE_CURVE('',#5882,#5877,#1291,.T.);
#7076=EDGE_CURVE('',#5883,#5884,#1292,.T.);
#7077=EDGE_CURVE('',#5884,#5885,#1293,.T.);
#7078=EDGE_CURVE('',#5885,#5886,#1294,.T.);
#7079=EDGE_CURVE('',#5886,#5887,#1295,.T.);
#7080=EDGE_CURVE('',#5887,#5888,#1296,.T.);
#7081=EDGE_CURVE('',#5888,#5883,#1297,.T.);
#7082=EDGE_CURVE('',#5889,#5890,#1298,.T.);
#7083=EDGE_CURVE('',#5890,#5891,#1299,.T.);
#7084=EDGE_CURVE('',#5891,#5892,#1300,.T.);
#7085=EDGE_CURVE('',#5892,#5893,#1301,.T.);
#7086=EDGE_CURVE('',#5893,#5894,#1302,.T.);
#7087=EDGE_CURVE('',#5894,#5889,#1303,.T.);
#7088=EDGE_CURVE('',#5895,#5896,#1304,.T.);
#7089=EDGE_CURVE('',#5896,#5897,#1305,.T.);
#7090=EDGE_CURVE('',#5897,#5898,#1306,.T.);
#7091=EDGE_CURVE('',#5898,#5899,#1307,.T.);
#7092=EDGE_CURVE('',#5899,#5900,#1308,.T.);
#7093=EDGE_CURVE('',#5900,#5895,#1309,.T.);
#7094=EDGE_CURVE('',#5310,#5413,#1310,.T.);
#7095=EDGE_CURVE('',#5414,#5309,#1311,.T.);
#7096=EDGE_CURVE('',#5308,#5415,#1312,.T.);
#7097=EDGE_CURVE('',#5428,#5429,#1313,.T.);
#7098=EDGE_CURVE('',#5378,#5393,#1314,.T.);
#7099=EDGE_CURVE('',#5432,#5430,#1315,.T.);
#7100=EDGE_CURVE('',#5901,#5902,#1316,.T.);
#7101=EDGE_CURVE('',#5902,#5903,#1317,.T.);
#7102=EDGE_CURVE('',#5903,#5904,#1318,.T.);
#7103=EDGE_CURVE('',#5904,#5905,#1319,.T.);
#7104=EDGE_CURVE('',#5905,#5906,#1320,.T.);
#7105=EDGE_CURVE('',#5906,#5901,#1321,.T.);
#7106=EDGE_CURVE('',#5907,#5908,#1322,.T.);
#7107=EDGE_CURVE('',#5908,#5909,#1323,.T.);
#7108=EDGE_CURVE('',#5909,#5910,#1324,.T.);
#7109=EDGE_CURVE('',#5910,#5911,#1325,.T.);
#7110=EDGE_CURVE('',#5911,#5912,#1326,.T.);
#7111=EDGE_CURVE('',#5912,#5907,#1327,.T.);
#7112=EDGE_CURVE('',#5913,#5914,#1328,.T.);
#7113=EDGE_CURVE('',#5914,#5915,#1329,.T.);
#7114=EDGE_CURVE('',#5915,#5916,#1330,.T.);
#7115=EDGE_CURVE('',#5916,#5917,#1331,.T.);
#7116=EDGE_CURVE('',#5917,#5918,#1332,.T.);
#7117=EDGE_CURVE('',#5918,#5913,#1333,.T.);
#7118=EDGE_CURVE('',#5919,#5920,#1334,.T.);
#7119=EDGE_CURVE('',#5920,#5921,#1335,.T.);
#7120=EDGE_CURVE('',#5921,#5922,#1336,.T.);
#7121=EDGE_CURVE('',#5922,#5923,#1337,.T.);
#7122=EDGE_CURVE('',#5923,#5924,#1338,.T.);
#7123=EDGE_CURVE('',#5924,#5919,#1339,.T.);
#7124=EDGE_CURVE('',#5925,#5926,#1340,.T.);
#7125=EDGE_CURVE('',#5926,#5927,#1341,.T.);
#7126=EDGE_CURVE('',#5927,#5928,#1342,.T.);
#7127=EDGE_CURVE('',#5928,#5929,#1343,.T.);
#7128=EDGE_CURVE('',#5929,#5930,#1344,.T.);
#7129=EDGE_CURVE('',#5930,#5925,#1345,.T.);
#7130=EDGE_CURVE('',#5931,#5932,#1346,.T.);
#7131=EDGE_CURVE('',#5932,#5933,#1347,.T.);
#7132=EDGE_CURVE('',#5933,#5934,#1348,.T.);
#7133=EDGE_CURVE('',#5934,#5935,#1349,.T.);
#7134=EDGE_CURVE('',#5935,#5936,#1350,.T.);
#7135=EDGE_CURVE('',#5936,#5931,#1351,.T.);
#7136=EDGE_CURVE('',#5937,#5938,#1352,.T.);
#7137=EDGE_CURVE('',#5938,#5939,#1353,.T.);
#7138=EDGE_CURVE('',#5939,#5940,#1354,.T.);
#7139=EDGE_CURVE('',#5940,#5941,#1355,.T.);
#7140=EDGE_CURVE('',#5941,#5942,#1356,.T.);
#7141=EDGE_CURVE('',#5942,#5937,#1357,.T.);
#7142=EDGE_CURVE('',#5943,#5944,#1358,.T.);
#7143=EDGE_CURVE('',#5944,#5945,#1359,.T.);
#7144=EDGE_CURVE('',#5945,#5946,#1360,.T.);
#7145=EDGE_CURVE('',#5946,#5947,#1361,.T.);
#7146=EDGE_CURVE('',#5947,#5948,#1362,.T.);
#7147=EDGE_CURVE('',#5948,#5943,#1363,.T.);
#7148=EDGE_CURVE('',#5949,#5950,#1364,.T.);
#7149=EDGE_CURVE('',#5950,#5951,#1365,.T.);
#7150=EDGE_CURVE('',#5951,#5952,#1366,.T.);
#7151=EDGE_CURVE('',#5952,#5953,#1367,.T.);
#7152=EDGE_CURVE('',#5953,#5954,#1368,.T.);
#7153=EDGE_CURVE('',#5954,#5949,#1369,.T.);
#7154=EDGE_CURVE('',#5955,#5956,#1370,.T.);
#7155=EDGE_CURVE('',#5956,#5957,#1371,.T.);
#7156=EDGE_CURVE('',#5957,#5958,#1372,.T.);
#7157=EDGE_CURVE('',#5958,#5959,#1373,.T.);
#7158=EDGE_CURVE('',#5959,#5960,#1374,.T.);
#7159=EDGE_CURVE('',#5960,#5955,#1375,.T.);
#7160=EDGE_CURVE('',#5961,#5962,#1376,.T.);
#7161=EDGE_CURVE('',#5962,#5963,#1377,.T.);
#7162=EDGE_CURVE('',#5963,#5964,#1378,.T.);
#7163=EDGE_CURVE('',#5964,#5965,#1379,.T.);
#7164=EDGE_CURVE('',#5965,#5966,#1380,.T.);
#7165=EDGE_CURVE('',#5966,#5961,#1381,.T.);
#7166=EDGE_CURVE('',#5967,#5968,#1382,.T.);
#7167=EDGE_CURVE('',#5968,#5969,#1383,.T.);
#7168=EDGE_CURVE('',#5969,#5970,#1384,.T.);
#7169=EDGE_CURVE('',#5970,#5971,#1385,.T.);
#7170=EDGE_CURVE('',#5971,#5972,#1386,.T.);
#7171=EDGE_CURVE('',#5972,#5967,#1387,.T.);
#7172=EDGE_CURVE('',#5973,#5974,#1388,.T.);
#7173=EDGE_CURVE('',#5974,#5975,#1389,.T.);
#7174=EDGE_CURVE('',#5975,#5976,#1390,.T.);
#7175=EDGE_CURVE('',#5976,#5977,#1391,.T.);
#7176=EDGE_CURVE('',#5977,#5978,#1392,.T.);
#7177=EDGE_CURVE('',#5978,#5973,#1393,.T.);
#7178=EDGE_CURVE('',#5979,#5980,#1394,.T.);
#7179=EDGE_CURVE('',#5980,#5981,#1395,.T.);
#7180=EDGE_CURVE('',#5981,#5982,#1396,.T.);
#7181=EDGE_CURVE('',#5982,#5983,#1397,.T.);
#7182=EDGE_CURVE('',#5983,#5984,#1398,.T.);
#7183=EDGE_CURVE('',#5984,#5979,#1399,.T.);
#7184=EDGE_CURVE('',#5985,#5986,#1400,.T.);
#7185=EDGE_CURVE('',#5986,#5987,#1401,.T.);
#7186=EDGE_CURVE('',#5987,#5988,#1402,.T.);
#7187=EDGE_CURVE('',#5988,#5989,#1403,.T.);
#7188=EDGE_CURVE('',#5989,#5990,#1404,.T.);
#7189=EDGE_CURVE('',#5990,#5985,#1405,.T.);
#7190=EDGE_CURVE('',#5991,#5992,#1406,.T.);
#7191=EDGE_CURVE('',#5992,#5993,#1407,.T.);
#7192=EDGE_CURVE('',#5993,#5994,#1408,.T.);
#7193=EDGE_CURVE('',#5994,#5995,#1409,.T.);
#7194=EDGE_CURVE('',#5995,#5996,#1410,.T.);
#7195=EDGE_CURVE('',#5996,#5991,#1411,.T.);
#7196=EDGE_CURVE('',#5997,#5998,#1412,.T.);
#7197=EDGE_CURVE('',#5998,#5999,#1413,.T.);
#7198=EDGE_CURVE('',#5999,#6000,#1414,.T.);
#7199=EDGE_CURVE('',#6000,#6001,#1415,.T.);
#7200=EDGE_CURVE('',#6001,#6002,#1416,.T.);
#7201=EDGE_CURVE('',#6002,#5997,#1417,.T.);
#7202=EDGE_CURVE('',#6003,#6004,#1418,.T.);
#7203=EDGE_CURVE('',#6004,#6005,#1419,.T.);
#7204=EDGE_CURVE('',#6005,#6006,#1420,.T.);
#7205=EDGE_CURVE('',#6006,#6007,#1421,.T.);
#7206=EDGE_CURVE('',#6007,#6008,#1422,.T.);
#7207=EDGE_CURVE('',#6008,#6003,#1423,.T.);
#7208=EDGE_CURVE('',#6009,#6010,#1424,.T.);
#7209=EDGE_CURVE('',#6010,#6011,#1425,.T.);
#7210=EDGE_CURVE('',#6011,#6012,#1426,.T.);
#7211=EDGE_CURVE('',#6012,#6013,#1427,.T.);
#7212=EDGE_CURVE('',#6013,#6014,#1428,.T.);
#7213=EDGE_CURVE('',#6014,#6009,#1429,.T.);
#7214=EDGE_CURVE('',#6015,#6016,#1430,.T.);
#7215=EDGE_CURVE('',#6016,#6017,#1431,.T.);
#7216=EDGE_CURVE('',#6017,#6018,#1432,.T.);
#7217=EDGE_CURVE('',#6018,#6019,#1433,.T.);
#7218=EDGE_CURVE('',#6019,#6020,#1434,.T.);
#7219=EDGE_CURVE('',#6020,#6015,#1435,.T.);
#7220=EDGE_CURVE('',#6021,#6022,#1436,.T.);
#7221=EDGE_CURVE('',#6022,#6023,#1437,.T.);
#7222=EDGE_CURVE('',#6023,#6024,#1438,.T.);
#7223=EDGE_CURVE('',#6024,#6025,#1439,.T.);
#7224=EDGE_CURVE('',#6025,#6026,#1440,.T.);
#7225=EDGE_CURVE('',#6026,#6021,#1441,.T.);
#7226=EDGE_CURVE('',#6027,#6028,#1442,.T.);
#7227=EDGE_CURVE('',#6028,#6029,#1443,.T.);
#7228=EDGE_CURVE('',#6029,#6030,#1444,.T.);
#7229=EDGE_CURVE('',#6030,#6031,#1445,.T.);
#7230=EDGE_CURVE('',#6031,#6032,#1446,.T.);
#7231=EDGE_CURVE('',#6032,#6027,#1447,.T.);
#7232=EDGE_CURVE('',#6033,#6034,#1448,.T.);
#7233=EDGE_CURVE('',#6034,#6035,#1449,.T.);
#7234=EDGE_CURVE('',#6035,#6036,#1450,.T.);
#7235=EDGE_CURVE('',#6036,#6037,#1451,.T.);
#7236=EDGE_CURVE('',#6037,#6038,#1452,.T.);
#7237=EDGE_CURVE('',#6038,#6033,#1453,.T.);
#7238=EDGE_CURVE('',#6039,#6040,#1454,.T.);
#7239=EDGE_CURVE('',#6040,#6041,#1455,.T.);
#7240=EDGE_CURVE('',#6041,#6042,#1456,.T.);
#7241=EDGE_CURVE('',#6042,#6043,#1457,.T.);
#7242=EDGE_CURVE('',#6043,#6044,#1458,.T.);
#7243=EDGE_CURVE('',#6044,#6039,#1459,.T.);
#7244=EDGE_CURVE('',#6045,#6046,#1460,.T.);
#7245=EDGE_CURVE('',#6046,#6047,#1461,.T.);
#7246=EDGE_CURVE('',#6047,#6048,#1462,.T.);
#7247=EDGE_CURVE('',#6048,#6049,#1463,.T.);
#7248=EDGE_CURVE('',#6049,#6050,#1464,.T.);
#7249=EDGE_CURVE('',#6050,#6045,#1465,.T.);
#7250=EDGE_CURVE('',#6051,#6052,#1466,.T.);
#7251=EDGE_CURVE('',#6052,#6053,#1467,.T.);
#7252=EDGE_CURVE('',#6053,#6054,#1468,.T.);
#7253=EDGE_CURVE('',#6054,#6055,#1469,.T.);
#7254=EDGE_CURVE('',#6055,#6056,#1470,.T.);
#7255=EDGE_CURVE('',#6056,#6051,#1471,.T.);
#7256=EDGE_CURVE('',#6057,#6058,#1472,.T.);
#7257=EDGE_CURVE('',#6058,#6059,#1473,.T.);
#7258=EDGE_CURVE('',#6059,#6060,#1474,.T.);
#7259=EDGE_CURVE('',#6060,#6061,#1475,.T.);
#7260=EDGE_CURVE('',#6061,#6062,#1476,.T.);
#7261=EDGE_CURVE('',#6062,#6057,#1477,.T.);
#7262=EDGE_CURVE('',#6063,#6064,#1478,.T.);
#7263=EDGE_CURVE('',#6064,#6065,#1479,.T.);
#7264=EDGE_CURVE('',#6065,#6066,#1480,.T.);
#7265=EDGE_CURVE('',#6066,#6067,#1481,.T.);
#7266=EDGE_CURVE('',#6067,#6068,#1482,.T.);
#7267=EDGE_CURVE('',#6068,#6063,#1483,.T.);
#7268=EDGE_CURVE('',#6069,#6070,#1484,.T.);
#7269=EDGE_CURVE('',#6070,#6071,#1485,.T.);
#7270=EDGE_CURVE('',#6071,#6072,#1486,.T.);
#7271=EDGE_CURVE('',#6072,#6073,#1487,.T.);
#7272=EDGE_CURVE('',#6073,#6074,#1488,.T.);
#7273=EDGE_CURVE('',#6074,#6069,#1489,.T.);
#7274=EDGE_CURVE('',#6075,#6076,#1490,.T.);
#7275=EDGE_CURVE('',#6076,#6077,#1491,.T.);
#7276=EDGE_CURVE('',#6077,#6078,#1492,.T.);
#7277=EDGE_CURVE('',#6078,#6079,#1493,.T.);
#7278=EDGE_CURVE('',#6079,#6080,#1494,.T.);
#7279=EDGE_CURVE('',#6080,#6075,#1495,.T.);
#7280=EDGE_CURVE('',#6081,#6082,#1496,.T.);
#7281=EDGE_CURVE('',#6082,#6083,#1497,.T.);
#7282=EDGE_CURVE('',#6083,#6084,#1498,.T.);
#7283=EDGE_CURVE('',#6084,#6085,#1499,.T.);
#7284=EDGE_CURVE('',#6085,#6086,#1500,.T.);
#7285=EDGE_CURVE('',#6086,#6081,#1501,.T.);
#7286=EDGE_CURVE('',#6087,#6088,#1502,.T.);
#7287=EDGE_CURVE('',#6088,#6089,#1503,.T.);
#7288=EDGE_CURVE('',#6089,#6090,#1504,.T.);
#7289=EDGE_CURVE('',#6090,#6091,#1505,.T.);
#7290=EDGE_CURVE('',#6091,#6092,#1506,.T.);
#7291=EDGE_CURVE('',#6092,#6087,#1507,.T.);
#7292=EDGE_CURVE('',#6093,#6094,#1508,.T.);
#7293=EDGE_CURVE('',#6094,#6095,#1509,.T.);
#7294=EDGE_CURVE('',#6095,#6096,#1510,.T.);
#7295=EDGE_CURVE('',#6096,#6097,#1511,.T.);
#7296=EDGE_CURVE('',#6097,#6098,#1512,.T.);
#7297=EDGE_CURVE('',#6098,#6093,#1513,.T.);
#7298=EDGE_CURVE('',#6099,#6100,#1514,.T.);
#7299=EDGE_CURVE('',#6100,#6101,#1515,.T.);
#7300=EDGE_CURVE('',#6101,#6102,#1516,.T.);
#7301=EDGE_CURVE('',#6102,#6103,#1517,.T.);
#7302=EDGE_CURVE('',#6103,#6104,#1518,.T.);
#7303=EDGE_CURVE('',#6104,#6099,#1519,.T.);
#7304=EDGE_CURVE('',#6105,#6106,#1520,.T.);
#7305=EDGE_CURVE('',#6106,#6107,#1521,.T.);
#7306=EDGE_CURVE('',#6107,#6108,#1522,.T.);
#7307=EDGE_CURVE('',#6108,#6109,#1523,.T.);
#7308=EDGE_CURVE('',#6109,#6110,#1524,.T.);
#7309=EDGE_CURVE('',#6110,#6105,#1525,.T.);
#7310=EDGE_CURVE('',#6111,#6112,#1526,.T.);
#7311=EDGE_CURVE('',#6112,#6113,#1527,.T.);
#7312=EDGE_CURVE('',#6113,#6114,#1528,.T.);
#7313=EDGE_CURVE('',#6114,#6115,#1529,.T.);
#7314=EDGE_CURVE('',#6115,#6116,#1530,.T.);
#7315=EDGE_CURVE('',#6116,#6111,#1531,.T.);
#7316=EDGE_CURVE('',#6117,#6118,#1532,.T.);
#7317=EDGE_CURVE('',#6118,#6119,#1533,.T.);
#7318=EDGE_CURVE('',#6119,#6120,#1534,.T.);
#7319=EDGE_CURVE('',#6120,#6121,#1535,.T.);
#7320=EDGE_CURVE('',#6121,#6122,#1536,.T.);
#7321=EDGE_CURVE('',#6122,#6117,#1537,.T.);
#7322=EDGE_CURVE('',#6123,#6124,#1538,.T.);
#7323=EDGE_CURVE('',#6124,#6125,#1539,.T.);
#7324=EDGE_CURVE('',#6125,#6126,#1540,.T.);
#7325=EDGE_CURVE('',#6126,#6127,#1541,.T.);
#7326=EDGE_CURVE('',#6127,#6128,#1542,.T.);
#7327=EDGE_CURVE('',#6128,#6123,#1543,.T.);
#7328=EDGE_CURVE('',#6129,#6130,#1544,.T.);
#7329=EDGE_CURVE('',#6130,#6131,#1545,.T.);
#7330=EDGE_CURVE('',#6131,#6132,#1546,.T.);
#7331=EDGE_CURVE('',#6132,#6133,#1547,.T.);
#7332=EDGE_CURVE('',#6133,#6134,#1548,.T.);
#7333=EDGE_CURVE('',#6134,#6129,#1549,.T.);
#7334=EDGE_CURVE('',#6135,#6136,#1550,.T.);
#7335=EDGE_CURVE('',#6136,#6137,#1551,.T.);
#7336=EDGE_CURVE('',#6137,#6138,#1552,.T.);
#7337=EDGE_CURVE('',#6138,#6139,#1553,.T.);
#7338=EDGE_CURVE('',#6139,#6140,#1554,.T.);
#7339=EDGE_CURVE('',#6140,#6135,#1555,.T.);
#7340=EDGE_CURVE('',#6141,#6142,#1556,.T.);
#7341=EDGE_CURVE('',#6142,#6143,#1557,.T.);
#7342=EDGE_CURVE('',#6143,#6144,#1558,.T.);
#7343=EDGE_CURVE('',#6144,#6145,#1559,.T.);
#7344=EDGE_CURVE('',#6145,#6146,#1560,.T.);
#7345=EDGE_CURVE('',#6146,#6141,#1561,.T.);
#7346=EDGE_CURVE('',#6147,#6148,#1562,.T.);
#7347=EDGE_CURVE('',#6148,#6149,#1563,.T.);
#7348=EDGE_CURVE('',#6149,#6150,#1564,.T.);
#7349=EDGE_CURVE('',#6150,#6151,#1565,.T.);
#7350=EDGE_CURVE('',#6151,#6152,#1566,.T.);
#7351=EDGE_CURVE('',#6152,#6147,#1567,.T.);
#7352=EDGE_CURVE('',#6153,#6154,#1568,.T.);
#7353=EDGE_CURVE('',#6154,#6155,#1569,.T.);
#7354=EDGE_CURVE('',#6155,#6156,#1570,.T.);
#7355=EDGE_CURVE('',#6156,#6157,#1571,.T.);
#7356=EDGE_CURVE('',#6157,#6158,#1572,.T.);
#7357=EDGE_CURVE('',#6158,#6153,#1573,.T.);
#7358=EDGE_CURVE('',#6159,#6160,#1574,.T.);
#7359=EDGE_CURVE('',#6160,#6161,#1575,.T.);
#7360=EDGE_CURVE('',#6161,#6162,#1576,.T.);
#7361=EDGE_CURVE('',#6162,#6163,#1577,.T.);
#7362=EDGE_CURVE('',#6163,#6164,#1578,.T.);
#7363=EDGE_CURVE('',#6164,#6159,#1579,.T.);
#7364=EDGE_CURVE('',#6165,#6166,#1580,.T.);
#7365=EDGE_CURVE('',#6166,#6167,#1581,.T.);
#7366=EDGE_CURVE('',#6167,#6168,#1582,.T.);
#7367=EDGE_CURVE('',#6168,#6169,#1583,.T.);
#7368=EDGE_CURVE('',#6169,#6170,#1584,.T.);
#7369=EDGE_CURVE('',#6170,#6165,#1585,.T.);
#7370=EDGE_CURVE('',#6171,#6172,#1586,.T.);
#7371=EDGE_CURVE('',#6172,#6173,#1587,.T.);
#7372=EDGE_CURVE('',#6173,#6174,#1588,.T.);
#7373=EDGE_CURVE('',#6174,#6175,#1589,.T.);
#7374=EDGE_CURVE('',#6175,#6176,#1590,.T.);
#7375=EDGE_CURVE('',#6176,#6171,#1591,.T.);
#7376=EDGE_CURVE('',#6177,#6178,#1592,.T.);
#7377=EDGE_CURVE('',#6178,#6179,#1593,.T.);
#7378=EDGE_CURVE('',#6179,#6180,#1594,.T.);
#7379=EDGE_CURVE('',#6180,#6181,#1595,.T.);
#7380=EDGE_CURVE('',#6181,#6182,#1596,.T.);
#7381=EDGE_CURVE('',#6182,#6177,#1597,.T.);
#7382=EDGE_CURVE('',#6183,#6184,#1598,.T.);
#7383=EDGE_CURVE('',#6184,#6185,#1599,.T.);
#7384=EDGE_CURVE('',#6185,#6186,#1600,.T.);
#7385=EDGE_CURVE('',#6186,#6187,#1601,.T.);
#7386=EDGE_CURVE('',#6187,#6188,#1602,.T.);
#7387=EDGE_CURVE('',#6188,#6183,#1603,.T.);
#7388=EDGE_CURVE('',#6189,#6190,#1604,.T.);
#7389=EDGE_CURVE('',#6190,#6191,#1605,.T.);
#7390=EDGE_CURVE('',#6191,#6192,#1606,.T.);
#7391=EDGE_CURVE('',#6192,#6193,#1607,.T.);
#7392=EDGE_CURVE('',#6193,#6194,#1608,.T.);
#7393=EDGE_CURVE('',#6194,#6189,#1609,.T.);
#7394=EDGE_CURVE('',#6195,#6196,#1610,.T.);
#7395=EDGE_CURVE('',#6196,#6197,#1611,.T.);
#7396=EDGE_CURVE('',#6197,#6198,#1612,.T.);
#7397=EDGE_CURVE('',#6198,#6199,#1613,.T.);
#7398=EDGE_CURVE('',#6199,#6200,#1614,.T.);
#7399=EDGE_CURVE('',#6200,#6195,#1615,.T.);
#7400=EDGE_CURVE('',#6201,#6202,#1616,.T.);
#7401=EDGE_CURVE('',#6202,#6203,#1617,.T.);
#7402=EDGE_CURVE('',#6203,#6204,#1618,.T.);
#7403=EDGE_CURVE('',#6204,#6205,#1619,.T.);
#7404=EDGE_CURVE('',#6205,#6206,#1620,.T.);
#7405=EDGE_CURVE('',#6206,#6201,#1621,.T.);
#7406=EDGE_CURVE('',#6207,#6208,#1622,.T.);
#7407=EDGE_CURVE('',#6208,#6209,#1623,.T.);
#7408=EDGE_CURVE('',#6209,#6210,#1624,.T.);
#7409=EDGE_CURVE('',#6210,#6211,#1625,.T.);
#7410=EDGE_CURVE('',#6211,#6212,#1626,.T.);
#7411=EDGE_CURVE('',#6212,#6207,#1627,.T.);
#7412=EDGE_CURVE('',#6213,#6214,#1628,.T.);
#7413=EDGE_CURVE('',#6214,#6215,#1629,.T.);
#7414=EDGE_CURVE('',#6215,#6216,#1630,.T.);
#7415=EDGE_CURVE('',#6216,#6217,#1631,.T.);
#7416=EDGE_CURVE('',#6217,#6218,#1632,.T.);
#7417=EDGE_CURVE('',#6218,#6213,#1633,.T.);
#7418=EDGE_CURVE('',#6219,#6220,#1634,.T.);
#7419=EDGE_CURVE('',#6220,#6221,#1635,.T.);
#7420=EDGE_CURVE('',#6221,#6222,#1636,.T.);
#7421=EDGE_CURVE('',#6222,#6223,#1637,.T.);
#7422=EDGE_CURVE('',#6223,#6224,#1638,.T.);
#7423=EDGE_CURVE('',#6224,#6219,#1639,.T.);
#7424=EDGE_CURVE('',#6225,#6226,#1640,.T.);
#7425=EDGE_CURVE('',#6226,#6227,#1641,.T.);
#7426=EDGE_CURVE('',#6227,#6228,#1642,.T.);
#7427=EDGE_CURVE('',#6228,#6229,#1643,.T.);
#7428=EDGE_CURVE('',#6229,#6230,#1644,.T.);
#7429=EDGE_CURVE('',#6230,#6225,#1645,.T.);
#7430=EDGE_CURVE('',#6231,#6232,#1646,.T.);
#7431=EDGE_CURVE('',#6232,#6233,#1647,.T.);
#7432=EDGE_CURVE('',#6233,#6234,#1648,.T.);
#7433=EDGE_CURVE('',#6234,#6235,#1649,.T.);
#7434=EDGE_CURVE('',#6235,#6236,#1650,.T.);
#7435=EDGE_CURVE('',#6236,#6231,#1651,.T.);
#7436=EDGE_CURVE('',#6237,#6238,#1652,.T.);
#7437=EDGE_CURVE('',#6238,#6239,#1653,.T.);
#7438=EDGE_CURVE('',#6239,#6240,#1654,.T.);
#7439=EDGE_CURVE('',#6240,#6241,#1655,.T.);
#7440=EDGE_CURVE('',#6241,#6242,#1656,.T.);
#7441=EDGE_CURVE('',#6242,#6237,#1657,.T.);
#7442=EDGE_CURVE('',#6243,#6244,#1658,.T.);
#7443=EDGE_CURVE('',#6244,#6245,#1659,.T.);
#7444=EDGE_CURVE('',#6245,#6246,#1660,.T.);
#7445=EDGE_CURVE('',#6246,#6247,#1661,.T.);
#7446=EDGE_CURVE('',#6247,#6248,#1662,.T.);
#7447=EDGE_CURVE('',#6248,#6243,#1663,.T.);
#7448=EDGE_CURVE('',#6249,#6250,#1664,.T.);
#7449=EDGE_CURVE('',#6250,#6251,#1665,.T.);
#7450=EDGE_CURVE('',#6251,#6252,#1666,.T.);
#7451=EDGE_CURVE('',#6252,#6253,#1667,.T.);
#7452=EDGE_CURVE('',#6253,#6254,#1668,.T.);
#7453=EDGE_CURVE('',#6254,#6249,#1669,.T.);
#7454=EDGE_CURVE('',#6255,#6256,#1670,.T.);
#7455=EDGE_CURVE('',#6256,#6257,#1671,.T.);
#7456=EDGE_CURVE('',#6257,#6258,#1672,.T.);
#7457=EDGE_CURVE('',#6258,#6259,#1673,.T.);
#7458=EDGE_CURVE('',#6259,#6260,#1674,.T.);
#7459=EDGE_CURVE('',#6260,#6255,#1675,.T.);
#7460=EDGE_CURVE('',#6261,#6262,#1676,.T.);
#7461=EDGE_CURVE('',#6262,#6263,#1677,.T.);
#7462=EDGE_CURVE('',#6263,#6264,#1678,.T.);
#7463=EDGE_CURVE('',#6264,#6265,#1679,.T.);
#7464=EDGE_CURVE('',#6265,#6266,#1680,.T.);
#7465=EDGE_CURVE('',#6266,#6261,#1681,.T.);
#7466=EDGE_CURVE('',#6267,#6268,#1682,.T.);
#7467=EDGE_CURVE('',#6268,#6269,#1683,.T.);
#7468=EDGE_CURVE('',#6269,#6270,#1684,.T.);
#7469=EDGE_CURVE('',#6270,#6271,#1685,.T.);
#7470=EDGE_CURVE('',#6271,#6272,#1686,.T.);
#7471=EDGE_CURVE('',#6272,#6267,#1687,.T.);
#7472=EDGE_CURVE('',#6273,#6274,#1688,.T.);
#7473=EDGE_CURVE('',#6274,#6275,#1689,.T.);
#7474=EDGE_CURVE('',#6275,#6276,#1690,.T.);
#7475=EDGE_CURVE('',#6276,#6277,#1691,.T.);
#7476=EDGE_CURVE('',#6277,#6278,#1692,.T.);
#7477=EDGE_CURVE('',#6278,#6273,#1693,.T.);
#7478=EDGE_CURVE('',#6279,#6280,#1694,.T.);
#7479=EDGE_CURVE('',#6280,#6281,#1695,.T.);
#7480=EDGE_CURVE('',#6281,#6282,#1696,.T.);
#7481=EDGE_CURVE('',#6282,#6283,#1697,.T.);
#7482=EDGE_CURVE('',#6283,#6284,#1698,.T.);
#7483=EDGE_CURVE('',#6284,#6279,#1699,.T.);
#7484=EDGE_CURVE('',#6285,#6286,#1700,.T.);
#7485=EDGE_CURVE('',#6286,#6287,#1701,.T.);
#7486=EDGE_CURVE('',#6287,#6288,#1702,.T.);
#7487=EDGE_CURVE('',#6288,#6289,#1703,.T.);
#7488=EDGE_CURVE('',#6289,#6290,#1704,.T.);
#7489=EDGE_CURVE('',#6290,#6285,#1705,.T.);
#7490=EDGE_CURVE('',#6291,#6292,#1706,.T.);
#7491=EDGE_CURVE('',#6292,#6293,#1707,.T.);
#7492=EDGE_CURVE('',#6293,#6294,#1708,.T.);
#7493=EDGE_CURVE('',#6294,#6295,#1709,.T.);
#7494=EDGE_CURVE('',#6295,#6296,#1710,.T.);
#7495=EDGE_CURVE('',#6296,#6291,#1711,.T.);
#7496=EDGE_CURVE('',#6297,#6298,#1712,.T.);
#7497=EDGE_CURVE('',#6298,#6299,#1713,.T.);
#7498=EDGE_CURVE('',#6299,#6300,#1714,.T.);
#7499=EDGE_CURVE('',#6300,#6301,#1715,.T.);
#7500=EDGE_CURVE('',#6301,#6302,#1716,.T.);
#7501=EDGE_CURVE('',#6302,#6297,#1717,.T.);
#7502=EDGE_CURVE('',#6303,#6304,#1718,.T.);
#7503=EDGE_CURVE('',#6304,#6305,#1719,.T.);
#7504=EDGE_CURVE('',#6305,#6306,#1720,.T.);
#7505=EDGE_CURVE('',#6306,#6307,#1721,.T.);
#7506=EDGE_CURVE('',#6307,#6308,#1722,.T.);
#7507=EDGE_CURVE('',#6308,#6303,#1723,.T.);
#7508=EDGE_CURVE('',#6309,#6310,#1724,.T.);
#7509=EDGE_CURVE('',#6310,#6311,#1725,.T.);
#7510=EDGE_CURVE('',#6311,#6312,#1726,.T.);
#7511=EDGE_CURVE('',#6312,#6313,#1727,.T.);
#7512=EDGE_CURVE('',#6313,#6314,#1728,.T.);
#7513=EDGE_CURVE('',#6314,#6309,#1729,.T.);
#7514=EDGE_CURVE('',#6315,#6316,#1730,.T.);
#7515=EDGE_CURVE('',#6316,#6317,#1731,.T.);
#7516=EDGE_CURVE('',#6317,#6318,#1732,.T.);
#7517=EDGE_CURVE('',#6318,#6319,#1733,.T.);
#7518=EDGE_CURVE('',#6319,#6320,#1734,.T.);
#7519=EDGE_CURVE('',#6320,#6315,#1735,.T.);
#7520=EDGE_CURVE('',#6321,#6322,#1736,.T.);
#7521=EDGE_CURVE('',#6322,#6323,#1737,.T.);
#7522=EDGE_CURVE('',#6323,#6324,#1738,.T.);
#7523=EDGE_CURVE('',#6324,#6325,#1739,.T.);
#7524=EDGE_CURVE('',#6325,#6326,#1740,.T.);
#7525=EDGE_CURVE('',#6326,#6321,#1741,.T.);
#7526=EDGE_CURVE('',#6327,#6328,#1742,.T.);
#7527=EDGE_CURVE('',#6328,#6329,#1743,.T.);
#7528=EDGE_CURVE('',#6329,#6330,#1744,.T.);
#7529=EDGE_CURVE('',#6330,#6331,#1745,.T.);
#7530=EDGE_CURVE('',#6331,#6332,#1746,.T.);
#7531=EDGE_CURVE('',#6332,#6327,#1747,.T.);
#7532=EDGE_CURVE('',#6333,#6334,#1748,.T.);
#7533=EDGE_CURVE('',#6334,#6335,#1749,.T.);
#7534=EDGE_CURVE('',#6335,#6336,#1750,.T.);
#7535=EDGE_CURVE('',#6336,#6337,#1751,.T.);
#7536=EDGE_CURVE('',#6337,#6338,#1752,.T.);
#7537=EDGE_CURVE('',#6338,#6333,#1753,.T.);
#7538=EDGE_CURVE('',#6339,#6340,#1754,.T.);
#7539=EDGE_CURVE('',#6340,#6341,#1755,.T.);
#7540=EDGE_CURVE('',#6341,#6342,#1756,.T.);
#7541=EDGE_CURVE('',#6342,#6343,#1757,.T.);
#7542=EDGE_CURVE('',#6343,#6344,#1758,.T.);
#7543=EDGE_CURVE('',#6344,#6339,#1759,.T.);
#7544=EDGE_CURVE('',#6345,#6346,#1760,.T.);
#7545=EDGE_CURVE('',#6346,#6347,#1761,.T.);
#7546=EDGE_CURVE('',#6347,#6348,#1762,.T.);
#7547=EDGE_CURVE('',#6348,#6349,#1763,.T.);
#7548=EDGE_CURVE('',#6349,#6350,#1764,.T.);
#7549=EDGE_CURVE('',#6350,#6345,#1765,.T.);
#7550=EDGE_CURVE('',#6351,#6352,#1766,.T.);
#7551=EDGE_CURVE('',#6352,#6353,#1767,.T.);
#7552=EDGE_CURVE('',#6353,#6354,#1768,.T.);
#7553=EDGE_CURVE('',#6354,#6355,#1769,.T.);
#7554=EDGE_CURVE('',#6355,#6356,#1770,.T.);
#7555=EDGE_CURVE('',#6356,#6351,#1771,.T.);
#7556=EDGE_CURVE('',#6357,#6358,#1772,.T.);
#7557=EDGE_CURVE('',#6358,#6359,#1773,.T.);
#7558=EDGE_CURVE('',#6359,#6360,#1774,.T.);
#7559=EDGE_CURVE('',#6360,#6361,#1775,.T.);
#7560=EDGE_CURVE('',#6361,#6362,#1776,.T.);
#7561=EDGE_CURVE('',#6362,#6357,#1777,.T.);
#7562=EDGE_CURVE('',#6363,#6364,#1778,.T.);
#7563=EDGE_CURVE('',#6364,#6365,#1779,.T.);
#7564=EDGE_CURVE('',#6365,#6366,#1780,.T.);
#7565=EDGE_CURVE('',#6366,#6367,#1781,.T.);
#7566=EDGE_CURVE('',#6367,#6368,#1782,.T.);
#7567=EDGE_CURVE('',#6368,#6363,#1783,.T.);
#7568=EDGE_CURVE('',#5437,#6366,#1784,.T.);
#7569=EDGE_CURVE('',#5436,#6367,#1785,.T.);
#7570=EDGE_CURVE('',#5435,#6368,#1786,.T.);
#7571=EDGE_CURVE('',#5434,#6363,#1787,.T.);
#7572=EDGE_CURVE('',#5433,#6364,#1788,.T.);
#7573=EDGE_CURVE('',#5438,#6365,#1789,.T.);
#7574=EDGE_CURVE('',#5443,#6360,#1790,.T.);
#7575=EDGE_CURVE('',#5442,#6361,#1791,.T.);
#7576=EDGE_CURVE('',#5441,#6362,#1792,.T.);
#7577=EDGE_CURVE('',#5440,#6357,#1793,.T.);
#7578=EDGE_CURVE('',#5439,#6358,#1794,.T.);
#7579=EDGE_CURVE('',#5444,#6359,#1795,.T.);
#7580=EDGE_CURVE('',#5449,#6354,#1796,.T.);
#7581=EDGE_CURVE('',#5448,#6355,#1797,.T.);
#7582=EDGE_CURVE('',#5447,#6356,#1798,.T.);
#7583=EDGE_CURVE('',#5446,#6351,#1799,.T.);
#7584=EDGE_CURVE('',#5445,#6352,#1800,.T.);
#7585=EDGE_CURVE('',#5450,#6353,#1801,.T.);
#7586=EDGE_CURVE('',#5455,#6348,#1802,.T.);
#7587=EDGE_CURVE('',#5454,#6349,#1803,.T.);
#7588=EDGE_CURVE('',#5453,#6350,#1804,.T.);
#7589=EDGE_CURVE('',#5452,#6345,#1805,.T.);
#7590=EDGE_CURVE('',#5451,#6346,#1806,.T.);
#7591=EDGE_CURVE('',#5456,#6347,#1807,.T.);
#7592=EDGE_CURVE('',#5461,#6342,#1808,.T.);
#7593=EDGE_CURVE('',#5460,#6343,#1809,.T.);
#7594=EDGE_CURVE('',#5459,#6344,#1810,.T.);
#7595=EDGE_CURVE('',#5458,#6339,#1811,.T.);
#7596=EDGE_CURVE('',#5457,#6340,#1812,.T.);
#7597=EDGE_CURVE('',#5462,#6341,#1813,.T.);
#7598=EDGE_CURVE('',#5467,#6336,#1814,.T.);
#7599=EDGE_CURVE('',#5466,#6337,#1815,.T.);
#7600=EDGE_CURVE('',#5465,#6338,#1816,.T.);
#7601=EDGE_CURVE('',#5464,#6333,#1817,.T.);
#7602=EDGE_CURVE('',#5463,#6334,#1818,.T.);
#7603=EDGE_CURVE('',#5468,#6335,#1819,.T.);
#7604=EDGE_CURVE('',#5473,#6330,#1820,.T.);
#7605=EDGE_CURVE('',#5472,#6331,#1821,.T.);
#7606=EDGE_CURVE('',#5471,#6332,#1822,.T.);
#7607=EDGE_CURVE('',#5470,#6327,#1823,.T.);
#7608=EDGE_CURVE('',#5469,#6328,#1824,.T.);
#7609=EDGE_CURVE('',#5474,#6329,#1825,.T.);
#7610=EDGE_CURVE('',#5479,#6324,#1826,.T.);
#7611=EDGE_CURVE('',#5478,#6325,#1827,.T.);
#7612=EDGE_CURVE('',#5477,#6326,#1828,.T.);
#7613=EDGE_CURVE('',#5476,#6321,#1829,.T.);
#7614=EDGE_CURVE('',#5475,#6322,#1830,.T.);
#7615=EDGE_CURVE('',#5480,#6323,#1831,.T.);
#7616=EDGE_CURVE('',#5485,#6318,#1832,.T.);
#7617=EDGE_CURVE('',#5484,#6319,#1833,.T.);
#7618=EDGE_CURVE('',#5483,#6320,#1834,.T.);
#7619=EDGE_CURVE('',#5482,#6315,#1835,.T.);
#7620=EDGE_CURVE('',#5481,#6316,#1836,.T.);
#7621=EDGE_CURVE('',#5486,#6317,#1837,.T.);
#7622=EDGE_CURVE('',#5491,#6312,#1838,.T.);
#7623=EDGE_CURVE('',#5490,#6313,#1839,.T.);
#7624=EDGE_CURVE('',#5489,#6314,#1840,.T.);
#7625=EDGE_CURVE('',#5488,#6309,#1841,.T.);
#7626=EDGE_CURVE('',#5487,#6310,#1842,.T.);
#7627=EDGE_CURVE('',#5492,#6311,#1843,.T.);
#7628=EDGE_CURVE('',#5497,#6306,#1844,.T.);
#7629=EDGE_CURVE('',#5496,#6307,#1845,.T.);
#7630=EDGE_CURVE('',#5495,#6308,#1846,.T.);
#7631=EDGE_CURVE('',#5494,#6303,#1847,.T.);
#7632=EDGE_CURVE('',#5493,#6304,#1848,.T.);
#7633=EDGE_CURVE('',#5498,#6305,#1849,.T.);
#7634=EDGE_CURVE('',#5503,#6300,#1850,.T.);
#7635=EDGE_CURVE('',#5502,#6301,#1851,.T.);
#7636=EDGE_CURVE('',#5501,#6302,#1852,.T.);
#7637=EDGE_CURVE('',#5500,#6297,#1853,.T.);
#7638=EDGE_CURVE('',#5499,#6298,#1854,.T.);
#7639=EDGE_CURVE('',#5504,#6299,#1855,.T.);
#7640=EDGE_CURVE('',#5509,#6294,#1856,.T.);
#7641=EDGE_CURVE('',#5508,#6295,#1857,.T.);
#7642=EDGE_CURVE('',#5507,#6296,#1858,.T.);
#7643=EDGE_CURVE('',#5506,#6291,#1859,.T.);
#7644=EDGE_CURVE('',#5505,#6292,#1860,.T.);
#7645=EDGE_CURVE('',#5510,#6293,#1861,.T.);
#7646=EDGE_CURVE('',#5515,#6288,#1862,.T.);
#7647=EDGE_CURVE('',#5514,#6289,#1863,.T.);
#7648=EDGE_CURVE('',#5513,#6290,#1864,.T.);
#7649=EDGE_CURVE('',#5512,#6285,#1865,.T.);
#7650=EDGE_CURVE('',#5511,#6286,#1866,.T.);
#7651=EDGE_CURVE('',#5516,#6287,#1867,.T.);
#7652=EDGE_CURVE('',#5521,#6282,#1868,.T.);
#7653=EDGE_CURVE('',#5520,#6283,#1869,.T.);
#7654=EDGE_CURVE('',#5519,#6284,#1870,.T.);
#7655=EDGE_CURVE('',#5518,#6279,#1871,.T.);
#7656=EDGE_CURVE('',#5517,#6280,#1872,.T.);
#7657=EDGE_CURVE('',#5522,#6281,#1873,.T.);
#7658=EDGE_CURVE('',#5527,#6276,#1874,.T.);
#7659=EDGE_CURVE('',#5526,#6277,#1875,.T.);
#7660=EDGE_CURVE('',#5525,#6278,#1876,.T.);
#7661=EDGE_CURVE('',#5524,#6273,#1877,.T.);
#7662=EDGE_CURVE('',#5523,#6274,#1878,.T.);
#7663=EDGE_CURVE('',#5528,#6275,#1879,.T.);
#7664=EDGE_CURVE('',#5533,#6270,#1880,.T.);
#7665=EDGE_CURVE('',#5532,#6271,#1881,.T.);
#7666=EDGE_CURVE('',#5531,#6272,#1882,.T.);
#7667=EDGE_CURVE('',#5530,#6267,#1883,.T.);
#7668=EDGE_CURVE('',#5529,#6268,#1884,.T.);
#7669=EDGE_CURVE('',#5534,#6269,#1885,.T.);
#7670=EDGE_CURVE('',#5539,#6264,#1886,.T.);
#7671=EDGE_CURVE('',#5538,#6265,#1887,.T.);
#7672=EDGE_CURVE('',#5537,#6266,#1888,.T.);
#7673=EDGE_CURVE('',#5536,#6261,#1889,.T.);
#7674=EDGE_CURVE('',#5535,#6262,#1890,.T.);
#7675=EDGE_CURVE('',#5540,#6263,#1891,.T.);
#7676=EDGE_CURVE('',#5545,#6258,#1892,.T.);
#7677=EDGE_CURVE('',#5544,#6259,#1893,.T.);
#7678=EDGE_CURVE('',#5543,#6260,#1894,.T.);
#7679=EDGE_CURVE('',#5542,#6255,#1895,.T.);
#7680=EDGE_CURVE('',#5541,#6256,#1896,.T.);
#7681=EDGE_CURVE('',#5546,#6257,#1897,.T.);
#7682=EDGE_CURVE('',#5551,#6252,#1898,.T.);
#7683=EDGE_CURVE('',#5550,#6253,#1899,.T.);
#7684=EDGE_CURVE('',#5549,#6254,#1900,.T.);
#7685=EDGE_CURVE('',#5548,#6249,#1901,.T.);
#7686=EDGE_CURVE('',#5547,#6250,#1902,.T.);
#7687=EDGE_CURVE('',#5552,#6251,#1903,.T.);
#7688=EDGE_CURVE('',#5557,#6246,#1904,.T.);
#7689=EDGE_CURVE('',#5556,#6247,#1905,.T.);
#7690=EDGE_CURVE('',#5555,#6248,#1906,.T.);
#7691=EDGE_CURVE('',#5554,#6243,#1907,.T.);
#7692=EDGE_CURVE('',#5553,#6244,#1908,.T.);
#7693=EDGE_CURVE('',#5558,#6245,#1909,.T.);
#7694=EDGE_CURVE('',#5563,#6240,#1910,.T.);
#7695=EDGE_CURVE('',#5562,#6241,#1911,.T.);
#7696=EDGE_CURVE('',#5561,#6242,#1912,.T.);
#7697=EDGE_CURVE('',#5560,#6237,#1913,.T.);
#7698=EDGE_CURVE('',#5559,#6238,#1914,.T.);
#7699=EDGE_CURVE('',#5564,#6239,#1915,.T.);
#7700=EDGE_CURVE('',#5569,#6234,#1916,.T.);
#7701=EDGE_CURVE('',#5568,#6235,#1917,.T.);
#7702=EDGE_CURVE('',#5567,#6236,#1918,.T.);
#7703=EDGE_CURVE('',#5566,#6231,#1919,.T.);
#7704=EDGE_CURVE('',#5565,#6232,#1920,.T.);
#7705=EDGE_CURVE('',#5570,#6233,#1921,.T.);
#7706=EDGE_CURVE('',#5575,#6228,#1922,.T.);
#7707=EDGE_CURVE('',#5574,#6229,#1923,.T.);
#7708=EDGE_CURVE('',#5573,#6230,#1924,.T.);
#7709=EDGE_CURVE('',#5572,#6225,#1925,.T.);
#7710=EDGE_CURVE('',#5571,#6226,#1926,.T.);
#7711=EDGE_CURVE('',#5576,#6227,#1927,.T.);
#7712=EDGE_CURVE('',#5581,#6222,#1928,.T.);
#7713=EDGE_CURVE('',#5580,#6223,#1929,.T.);
#7714=EDGE_CURVE('',#5579,#6224,#1930,.T.);
#7715=EDGE_CURVE('',#5578,#6219,#1931,.T.);
#7716=EDGE_CURVE('',#5577,#6220,#1932,.T.);
#7717=EDGE_CURVE('',#5582,#6221,#1933,.T.);
#7718=EDGE_CURVE('',#5587,#6216,#1934,.T.);
#7719=EDGE_CURVE('',#5586,#6217,#1935,.T.);
#7720=EDGE_CURVE('',#5585,#6218,#1936,.T.);
#7721=EDGE_CURVE('',#5584,#6213,#1937,.T.);
#7722=EDGE_CURVE('',#5583,#6214,#1938,.T.);
#7723=EDGE_CURVE('',#5588,#6215,#1939,.T.);
#7724=EDGE_CURVE('',#5593,#6210,#1940,.T.);
#7725=EDGE_CURVE('',#5592,#6211,#1941,.T.);
#7726=EDGE_CURVE('',#5591,#6212,#1942,.T.);
#7727=EDGE_CURVE('',#5590,#6207,#1943,.T.);
#7728=EDGE_CURVE('',#5589,#6208,#1944,.T.);
#7729=EDGE_CURVE('',#5594,#6209,#1945,.T.);
#7730=EDGE_CURVE('',#5599,#6204,#1946,.T.);
#7731=EDGE_CURVE('',#5598,#6205,#1947,.T.);
#7732=EDGE_CURVE('',#5597,#6206,#1948,.T.);
#7733=EDGE_CURVE('',#5596,#6201,#1949,.T.);
#7734=EDGE_CURVE('',#5595,#6202,#1950,.T.);
#7735=EDGE_CURVE('',#5600,#6203,#1951,.T.);
#7736=EDGE_CURVE('',#5605,#6198,#1952,.T.);
#7737=EDGE_CURVE('',#5604,#6199,#1953,.T.);
#7738=EDGE_CURVE('',#5603,#6200,#1954,.T.);
#7739=EDGE_CURVE('',#5602,#6195,#1955,.T.);
#7740=EDGE_CURVE('',#5601,#6196,#1956,.T.);
#7741=EDGE_CURVE('',#5606,#6197,#1957,.T.);
#7742=EDGE_CURVE('',#5611,#6192,#1958,.T.);
#7743=EDGE_CURVE('',#5610,#6193,#1959,.T.);
#7744=EDGE_CURVE('',#5609,#6194,#1960,.T.);
#7745=EDGE_CURVE('',#5608,#6189,#1961,.T.);
#7746=EDGE_CURVE('',#5607,#6190,#1962,.T.);
#7747=EDGE_CURVE('',#5612,#6191,#1963,.T.);
#7748=EDGE_CURVE('',#5617,#6186,#1964,.T.);
#7749=EDGE_CURVE('',#5616,#6187,#1965,.T.);
#7750=EDGE_CURVE('',#5615,#6188,#1966,.T.);
#7751=EDGE_CURVE('',#5614,#6183,#1967,.T.);
#7752=EDGE_CURVE('',#5613,#6184,#1968,.T.);
#7753=EDGE_CURVE('',#5618,#6185,#1969,.T.);
#7754=EDGE_CURVE('',#5623,#6180,#1970,.T.);
#7755=EDGE_CURVE('',#5622,#6181,#1971,.T.);
#7756=EDGE_CURVE('',#5621,#6182,#1972,.T.);
#7757=EDGE_CURVE('',#5620,#6177,#1973,.T.);
#7758=EDGE_CURVE('',#5619,#6178,#1974,.T.);
#7759=EDGE_CURVE('',#5624,#6179,#1975,.T.);
#7760=EDGE_CURVE('',#5629,#6174,#1976,.T.);
#7761=EDGE_CURVE('',#5628,#6175,#1977,.T.);
#7762=EDGE_CURVE('',#5627,#6176,#1978,.T.);
#7763=EDGE_CURVE('',#5626,#6171,#1979,.T.);
#7764=EDGE_CURVE('',#5625,#6172,#1980,.T.);
#7765=EDGE_CURVE('',#5630,#6173,#1981,.T.);
#7766=EDGE_CURVE('',#5635,#6168,#1982,.T.);
#7767=EDGE_CURVE('',#5634,#6169,#1983,.T.);
#7768=EDGE_CURVE('',#5633,#6170,#1984,.T.);
#7769=EDGE_CURVE('',#5632,#6165,#1985,.T.);
#7770=EDGE_CURVE('',#5631,#6166,#1986,.T.);
#7771=EDGE_CURVE('',#5636,#6167,#1987,.T.);
#7772=EDGE_CURVE('',#5641,#6162,#1988,.T.);
#7773=EDGE_CURVE('',#5640,#6163,#1989,.T.);
#7774=EDGE_CURVE('',#5639,#6164,#1990,.T.);
#7775=EDGE_CURVE('',#5638,#6159,#1991,.T.);
#7776=EDGE_CURVE('',#5637,#6160,#1992,.T.);
#7777=EDGE_CURVE('',#5642,#6161,#1993,.T.);
#7778=EDGE_CURVE('',#5647,#6156,#1994,.T.);
#7779=EDGE_CURVE('',#5646,#6157,#1995,.T.);
#7780=EDGE_CURVE('',#5645,#6158,#1996,.T.);
#7781=EDGE_CURVE('',#5644,#6153,#1997,.T.);
#7782=EDGE_CURVE('',#5643,#6154,#1998,.T.);
#7783=EDGE_CURVE('',#5648,#6155,#1999,.T.);
#7784=EDGE_CURVE('',#5653,#6150,#2000,.T.);
#7785=EDGE_CURVE('',#5652,#6151,#2001,.T.);
#7786=EDGE_CURVE('',#5651,#6152,#2002,.T.);
#7787=EDGE_CURVE('',#5650,#6147,#2003,.T.);
#7788=EDGE_CURVE('',#5649,#6148,#2004,.T.);
#7789=EDGE_CURVE('',#5654,#6149,#2005,.T.);
#7790=EDGE_CURVE('',#5659,#6144,#2006,.T.);
#7791=EDGE_CURVE('',#5658,#6145,#2007,.T.);
#7792=EDGE_CURVE('',#5657,#6146,#2008,.T.);
#7793=EDGE_CURVE('',#5656,#6141,#2009,.T.);
#7794=EDGE_CURVE('',#5655,#6142,#2010,.T.);
#7795=EDGE_CURVE('',#5660,#6143,#2011,.T.);
#7796=EDGE_CURVE('',#5665,#6138,#2012,.T.);
#7797=EDGE_CURVE('',#5664,#6139,#2013,.T.);
#7798=EDGE_CURVE('',#5663,#6140,#2014,.T.);
#7799=EDGE_CURVE('',#5662,#6135,#2015,.T.);
#7800=EDGE_CURVE('',#5661,#6136,#2016,.T.);
#7801=EDGE_CURVE('',#5666,#6137,#2017,.T.);
#7802=EDGE_CURVE('',#5671,#6132,#2018,.T.);
#7803=EDGE_CURVE('',#5670,#6133,#2019,.T.);
#7804=EDGE_CURVE('',#5669,#6134,#2020,.T.);
#7805=EDGE_CURVE('',#5668,#6129,#2021,.T.);
#7806=EDGE_CURVE('',#5667,#6130,#2022,.T.);
#7807=EDGE_CURVE('',#5672,#6131,#2023,.T.);
#7808=EDGE_CURVE('',#5677,#6126,#2024,.T.);
#7809=EDGE_CURVE('',#5676,#6127,#2025,.T.);
#7810=EDGE_CURVE('',#5675,#6128,#2026,.T.);
#7811=EDGE_CURVE('',#5674,#6123,#2027,.T.);
#7812=EDGE_CURVE('',#5673,#6124,#2028,.T.);
#7813=EDGE_CURVE('',#5678,#6125,#2029,.T.);
#7814=EDGE_CURVE('',#5683,#6120,#2030,.T.);
#7815=EDGE_CURVE('',#5682,#6121,#2031,.T.);
#7816=EDGE_CURVE('',#5681,#6122,#2032,.T.);
#7817=EDGE_CURVE('',#5680,#6117,#2033,.T.);
#7818=EDGE_CURVE('',#5679,#6118,#2034,.T.);
#7819=EDGE_CURVE('',#5684,#6119,#2035,.T.);
#7820=EDGE_CURVE('',#5689,#6114,#2036,.T.);
#7821=EDGE_CURVE('',#5688,#6115,#2037,.T.);
#7822=EDGE_CURVE('',#5687,#6116,#2038,.T.);
#7823=EDGE_CURVE('',#5686,#6111,#2039,.T.);
#7824=EDGE_CURVE('',#5685,#6112,#2040,.T.);
#7825=EDGE_CURVE('',#5690,#6113,#2041,.T.);
#7826=EDGE_CURVE('',#5695,#6108,#2042,.T.);
#7827=EDGE_CURVE('',#5694,#6109,#2043,.T.);
#7828=EDGE_CURVE('',#5693,#6110,#2044,.T.);
#7829=EDGE_CURVE('',#5692,#6105,#2045,.T.);
#7830=EDGE_CURVE('',#5691,#6106,#2046,.T.);
#7831=EDGE_CURVE('',#5696,#6107,#2047,.T.);
#7832=EDGE_CURVE('',#5701,#6102,#2048,.T.);
#7833=EDGE_CURVE('',#5700,#6103,#2049,.T.);
#7834=EDGE_CURVE('',#5699,#6104,#2050,.T.);
#7835=EDGE_CURVE('',#5698,#6099,#2051,.T.);
#7836=EDGE_CURVE('',#5697,#6100,#2052,.T.);
#7837=EDGE_CURVE('',#5702,#6101,#2053,.T.);
#7838=EDGE_CURVE('',#5707,#6096,#2054,.T.);
#7839=EDGE_CURVE('',#5706,#6097,#2055,.T.);
#7840=EDGE_CURVE('',#5705,#6098,#2056,.T.);
#7841=EDGE_CURVE('',#5704,#6093,#2057,.T.);
#7842=EDGE_CURVE('',#5703,#6094,#2058,.T.);
#7843=EDGE_CURVE('',#5708,#6095,#2059,.T.);
#7844=EDGE_CURVE('',#5713,#6090,#2060,.T.);
#7845=EDGE_CURVE('',#5712,#6091,#2061,.T.);
#7846=EDGE_CURVE('',#5711,#6092,#2062,.T.);
#7847=EDGE_CURVE('',#5710,#6087,#2063,.T.);
#7848=EDGE_CURVE('',#5709,#6088,#2064,.T.);
#7849=EDGE_CURVE('',#5714,#6089,#2065,.T.);
#7850=EDGE_CURVE('',#5719,#6084,#2066,.T.);
#7851=EDGE_CURVE('',#5718,#6085,#2067,.T.);
#7852=EDGE_CURVE('',#5717,#6086,#2068,.T.);
#7853=EDGE_CURVE('',#5716,#6081,#2069,.T.);
#7854=EDGE_CURVE('',#5715,#6082,#2070,.T.);
#7855=EDGE_CURVE('',#5720,#6083,#2071,.T.);
#7856=EDGE_CURVE('',#5725,#6078,#2072,.T.);
#7857=EDGE_CURVE('',#5724,#6079,#2073,.T.);
#7858=EDGE_CURVE('',#5723,#6080,#2074,.T.);
#7859=EDGE_CURVE('',#5722,#6075,#2075,.T.);
#7860=EDGE_CURVE('',#5721,#6076,#2076,.T.);
#7861=EDGE_CURVE('',#5726,#6077,#2077,.T.);
#7862=EDGE_CURVE('',#5731,#6072,#2078,.T.);
#7863=EDGE_CURVE('',#5730,#6073,#2079,.T.);
#7864=EDGE_CURVE('',#5729,#6074,#2080,.T.);
#7865=EDGE_CURVE('',#5728,#6069,#2081,.T.);
#7866=EDGE_CURVE('',#5727,#6070,#2082,.T.);
#7867=EDGE_CURVE('',#5732,#6071,#2083,.T.);
#7868=EDGE_CURVE('',#5737,#6066,#2084,.T.);
#7869=EDGE_CURVE('',#5736,#6067,#2085,.T.);
#7870=EDGE_CURVE('',#5735,#6068,#2086,.T.);
#7871=EDGE_CURVE('',#5734,#6063,#2087,.T.);
#7872=EDGE_CURVE('',#5733,#6064,#2088,.T.);
#7873=EDGE_CURVE('',#5738,#6065,#2089,.T.);
#7874=EDGE_CURVE('',#5743,#6060,#2090,.T.);
#7875=EDGE_CURVE('',#5742,#6061,#2091,.T.);
#7876=EDGE_CURVE('',#5741,#6062,#2092,.T.);
#7877=EDGE_CURVE('',#5740,#6057,#2093,.T.);
#7878=EDGE_CURVE('',#5739,#6058,#2094,.T.);
#7879=EDGE_CURVE('',#5744,#6059,#2095,.T.);
#7880=EDGE_CURVE('',#5749,#6054,#2096,.T.);
#7881=EDGE_CURVE('',#5748,#6055,#2097,.T.);
#7882=EDGE_CURVE('',#5747,#6056,#2098,.T.);
#7883=EDGE_CURVE('',#5746,#6051,#2099,.T.);
#7884=EDGE_CURVE('',#5745,#6052,#2100,.T.);
#7885=EDGE_CURVE('',#5750,#6053,#2101,.T.);
#7886=EDGE_CURVE('',#5755,#6048,#2102,.T.);
#7887=EDGE_CURVE('',#5754,#6049,#2103,.T.);
#7888=EDGE_CURVE('',#5753,#6050,#2104,.T.);
#7889=EDGE_CURVE('',#5752,#6045,#2105,.T.);
#7890=EDGE_CURVE('',#5751,#6046,#2106,.T.);
#7891=EDGE_CURVE('',#5756,#6047,#2107,.T.);
#7892=EDGE_CURVE('',#5761,#6042,#2108,.T.);
#7893=EDGE_CURVE('',#5760,#6043,#2109,.T.);
#7894=EDGE_CURVE('',#5759,#6044,#2110,.T.);
#7895=EDGE_CURVE('',#5758,#6039,#2111,.T.);
#7896=EDGE_CURVE('',#5757,#6040,#2112,.T.);
#7897=EDGE_CURVE('',#5762,#6041,#2113,.T.);
#7898=EDGE_CURVE('',#5767,#6036,#2114,.T.);
#7899=EDGE_CURVE('',#5766,#6037,#2115,.T.);
#7900=EDGE_CURVE('',#5765,#6038,#2116,.T.);
#7901=EDGE_CURVE('',#5764,#6033,#2117,.T.);
#7902=EDGE_CURVE('',#5763,#6034,#2118,.T.);
#7903=EDGE_CURVE('',#5768,#6035,#2119,.T.);
#7904=EDGE_CURVE('',#5773,#6030,#2120,.T.);
#7905=EDGE_CURVE('',#5772,#6031,#2121,.T.);
#7906=EDGE_CURVE('',#5771,#6032,#2122,.T.);
#7907=EDGE_CURVE('',#5770,#6027,#2123,.T.);
#7908=EDGE_CURVE('',#5769,#6028,#2124,.T.);
#7909=EDGE_CURVE('',#5774,#6029,#2125,.T.);
#7910=EDGE_CURVE('',#5779,#6024,#2126,.T.);
#7911=EDGE_CURVE('',#5778,#6025,#2127,.T.);
#7912=EDGE_CURVE('',#5777,#6026,#2128,.T.);
#7913=EDGE_CURVE('',#5776,#6021,#2129,.T.);
#7914=EDGE_CURVE('',#5775,#6022,#2130,.T.);
#7915=EDGE_CURVE('',#5780,#6023,#2131,.T.);
#7916=EDGE_CURVE('',#5785,#6018,#2132,.T.);
#7917=EDGE_CURVE('',#5784,#6019,#2133,.T.);
#7918=EDGE_CURVE('',#5783,#6020,#2134,.T.);
#7919=EDGE_CURVE('',#5782,#6015,#2135,.T.);
#7920=EDGE_CURVE('',#5781,#6016,#2136,.T.);
#7921=EDGE_CURVE('',#5786,#6017,#2137,.T.);
#7922=EDGE_CURVE('',#5791,#6012,#2138,.T.);
#7923=EDGE_CURVE('',#5790,#6013,#2139,.T.);
#7924=EDGE_CURVE('',#5789,#6014,#2140,.T.);
#7925=EDGE_CURVE('',#5788,#6009,#2141,.T.);
#7926=EDGE_CURVE('',#5787,#6010,#2142,.T.);
#7927=EDGE_CURVE('',#5792,#6011,#2143,.T.);
#7928=EDGE_CURVE('',#5797,#6006,#2144,.T.);
#7929=EDGE_CURVE('',#5796,#6007,#2145,.T.);
#7930=EDGE_CURVE('',#5795,#6008,#2146,.T.);
#7931=EDGE_CURVE('',#5794,#6003,#2147,.T.);
#7932=EDGE_CURVE('',#5793,#6004,#2148,.T.);
#7933=EDGE_CURVE('',#5798,#6005,#2149,.T.);
#7934=EDGE_CURVE('',#5803,#6000,#2150,.T.);
#7935=EDGE_CURVE('',#5802,#6001,#2151,.T.);
#7936=EDGE_CURVE('',#5801,#6002,#2152,.T.);
#7937=EDGE_CURVE('',#5800,#5997,#2153,.T.);
#7938=EDGE_CURVE('',#5799,#5998,#2154,.T.);
#7939=EDGE_CURVE('',#5804,#5999,#2155,.T.);
#7940=EDGE_CURVE('',#5809,#5994,#2156,.T.);
#7941=EDGE_CURVE('',#5808,#5995,#2157,.T.);
#7942=EDGE_CURVE('',#5807,#5996,#2158,.T.);
#7943=EDGE_CURVE('',#5806,#5991,#2159,.T.);
#7944=EDGE_CURVE('',#5805,#5992,#2160,.T.);
#7945=EDGE_CURVE('',#5810,#5993,#2161,.T.);
#7946=EDGE_CURVE('',#5815,#5988,#2162,.T.);
#7947=EDGE_CURVE('',#5814,#5989,#2163,.T.);
#7948=EDGE_CURVE('',#5813,#5990,#2164,.T.);
#7949=EDGE_CURVE('',#5812,#5985,#2165,.T.);
#7950=EDGE_CURVE('',#5811,#5986,#2166,.T.);
#7951=EDGE_CURVE('',#5816,#5987,#2167,.T.);
#7952=EDGE_CURVE('',#5821,#5982,#2168,.T.);
#7953=EDGE_CURVE('',#5820,#5983,#2169,.T.);
#7954=EDGE_CURVE('',#5819,#5984,#2170,.T.);
#7955=EDGE_CURVE('',#5818,#5979,#2171,.T.);
#7956=EDGE_CURVE('',#5817,#5980,#2172,.T.);
#7957=EDGE_CURVE('',#5822,#5981,#2173,.T.);
#7958=EDGE_CURVE('',#5827,#5976,#2174,.T.);
#7959=EDGE_CURVE('',#5826,#5977,#2175,.T.);
#7960=EDGE_CURVE('',#5825,#5978,#2176,.T.);
#7961=EDGE_CURVE('',#5824,#5973,#2177,.T.);
#7962=EDGE_CURVE('',#5823,#5974,#2178,.T.);
#7963=EDGE_CURVE('',#5828,#5975,#2179,.T.);
#7964=EDGE_CURVE('',#5833,#5970,#2180,.T.);
#7965=EDGE_CURVE('',#5832,#5971,#2181,.T.);
#7966=EDGE_CURVE('',#5831,#5972,#2182,.T.);
#7967=EDGE_CURVE('',#5830,#5967,#2183,.T.);
#7968=EDGE_CURVE('',#5829,#5968,#2184,.T.);
#7969=EDGE_CURVE('',#5834,#5969,#2185,.T.);
#7970=EDGE_CURVE('',#5839,#5964,#2186,.T.);
#7971=EDGE_CURVE('',#5838,#5965,#2187,.T.);
#7972=EDGE_CURVE('',#5837,#5966,#2188,.T.);
#7973=EDGE_CURVE('',#5836,#5961,#2189,.T.);
#7974=EDGE_CURVE('',#5835,#5962,#2190,.T.);
#7975=EDGE_CURVE('',#5840,#5963,#2191,.T.);
#7976=EDGE_CURVE('',#5845,#5958,#2192,.T.);
#7977=EDGE_CURVE('',#5844,#5959,#2193,.T.);
#7978=EDGE_CURVE('',#5843,#5960,#2194,.T.);
#7979=EDGE_CURVE('',#5842,#5955,#2195,.T.);
#7980=EDGE_CURVE('',#5841,#5956,#2196,.T.);
#7981=EDGE_CURVE('',#5846,#5957,#2197,.T.);
#7982=EDGE_CURVE('',#5851,#5952,#2198,.T.);
#7983=EDGE_CURVE('',#5850,#5953,#2199,.T.);
#7984=EDGE_CURVE('',#5849,#5954,#2200,.T.);
#7985=EDGE_CURVE('',#5848,#5949,#2201,.T.);
#7986=EDGE_CURVE('',#5847,#5950,#2202,.T.);
#7987=EDGE_CURVE('',#5852,#5951,#2203,.T.);
#7988=EDGE_CURVE('',#5857,#5946,#2204,.T.);
#7989=EDGE_CURVE('',#5856,#5947,#2205,.T.);
#7990=EDGE_CURVE('',#5855,#5948,#2206,.T.);
#7991=EDGE_CURVE('',#5854,#5943,#2207,.T.);
#7992=EDGE_CURVE('',#5853,#5944,#2208,.T.);
#7993=EDGE_CURVE('',#5858,#5945,#2209,.T.);
#7994=EDGE_CURVE('',#5863,#5940,#2210,.T.);
#7995=EDGE_CURVE('',#5862,#5941,#2211,.T.);
#7996=EDGE_CURVE('',#5861,#5942,#2212,.T.);
#7997=EDGE_CURVE('',#5860,#5937,#2213,.T.);
#7998=EDGE_CURVE('',#5859,#5938,#2214,.T.);
#7999=EDGE_CURVE('',#5864,#5939,#2215,.T.);
#8000=EDGE_CURVE('',#5869,#5934,#2216,.T.);
#8001=EDGE_CURVE('',#5868,#5935,#2217,.T.);
#8002=EDGE_CURVE('',#5867,#5936,#2218,.T.);
#8003=EDGE_CURVE('',#5866,#5931,#2219,.T.);
#8004=EDGE_CURVE('',#5865,#5932,#2220,.T.);
#8005=EDGE_CURVE('',#5870,#5933,#2221,.T.);
#8006=EDGE_CURVE('',#5875,#5928,#2222,.T.);
#8007=EDGE_CURVE('',#5874,#5929,#2223,.T.);
#8008=EDGE_CURVE('',#5873,#5930,#2224,.T.);
#8009=EDGE_CURVE('',#5872,#5925,#2225,.T.);
#8010=EDGE_CURVE('',#5871,#5926,#2226,.T.);
#8011=EDGE_CURVE('',#5876,#5927,#2227,.T.);
#8012=EDGE_CURVE('',#5881,#5922,#2228,.T.);
#8013=EDGE_CURVE('',#5880,#5923,#2229,.T.);
#8014=EDGE_CURVE('',#5879,#5924,#2230,.T.);
#8015=EDGE_CURVE('',#5878,#5919,#2231,.T.);
#8016=EDGE_CURVE('',#5877,#5920,#2232,.T.);
#8017=EDGE_CURVE('',#5882,#5921,#2233,.T.);
#8018=EDGE_CURVE('',#5887,#5916,#2234,.T.);
#8019=EDGE_CURVE('',#5886,#5917,#2235,.T.);
#8020=EDGE_CURVE('',#5885,#5918,#2236,.T.);
#8021=EDGE_CURVE('',#5884,#5913,#2237,.T.);
#8022=EDGE_CURVE('',#5883,#5914,#2238,.T.);
#8023=EDGE_CURVE('',#5888,#5915,#2239,.T.);
#8024=EDGE_CURVE('',#5893,#5910,#2240,.T.);
#8025=EDGE_CURVE('',#5892,#5911,#2241,.T.);
#8026=EDGE_CURVE('',#5891,#5912,#2242,.T.);
#8027=EDGE_CURVE('',#5890,#5907,#2243,.T.);
#8028=EDGE_CURVE('',#5889,#5908,#2244,.T.);
#8029=EDGE_CURVE('',#5894,#5909,#2245,.T.);
#8030=EDGE_CURVE('',#5899,#5904,#2246,.T.);
#8031=EDGE_CURVE('',#5898,#5905,#2247,.T.);
#8032=EDGE_CURVE('',#5897,#5906,#2248,.T.);
#8033=EDGE_CURVE('',#5896,#5901,#2249,.T.);
#8034=EDGE_CURVE('',#5895,#5902,#2250,.T.);
#8035=EDGE_CURVE('',#5900,#5903,#2251,.T.);
#8036=ORIENTED_EDGE('',*,*,#6369,.T.);
#8037=ORIENTED_EDGE('',*,*,#6370,.T.);
#8038=ORIENTED_EDGE('',*,*,#6371,.T.);
#8039=ORIENTED_EDGE('',*,*,#6369,.F.);
#8040=ORIENTED_EDGE('',*,*,#6372,.T.);
#8041=ORIENTED_EDGE('',*,*,#6373,.T.);
#8042=ORIENTED_EDGE('',*,*,#6374,.T.);
#8043=ORIENTED_EDGE('',*,*,#6373,.F.);
#8044=ORIENTED_EDGE('',*,*,#6375,.T.);
#8045=ORIENTED_EDGE('',*,*,#6376,.T.);
#8046=ORIENTED_EDGE('',*,*,#6372,.F.);
#8047=ORIENTED_EDGE('',*,*,#6377,.F.);
#8048=ORIENTED_EDGE('',*,*,#6378,.F.);
#8049=ORIENTED_EDGE('',*,*,#6379,.F.);
#8050=ORIENTED_EDGE('',*,*,#6371,.F.);
#8051=ORIENTED_EDGE('',*,*,#6380,.T.);
#8052=ORIENTED_EDGE('',*,*,#6381,.F.);
#8053=ORIENTED_EDGE('',*,*,#6377,.T.);
#8054=ORIENTED_EDGE('',*,*,#6370,.F.);
#8055=ORIENTED_EDGE('',*,*,#6382,.T.);
#8056=ORIENTED_EDGE('',*,*,#6383,.F.);
#8057=ORIENTED_EDGE('',*,*,#6384,.T.);
#8058=ORIENTED_EDGE('',*,*,#6385,.T.);
#8059=ORIENTED_EDGE('',*,*,#6386,.T.);
#8060=ORIENTED_EDGE('',*,*,#6383,.T.);
#8061=ORIENTED_EDGE('',*,*,#6385,.F.);
#8062=ORIENTED_EDGE('',*,*,#6387,.T.);
#8063=ORIENTED_EDGE('',*,*,#6388,.T.);
#8064=ORIENTED_EDGE('',*,*,#6389,.T.);
#8065=ORIENTED_EDGE('',*,*,#6388,.F.);
#8066=ORIENTED_EDGE('',*,*,#6390,.T.);
#8067=ORIENTED_EDGE('',*,*,#6391,.T.);
#8068=ORIENTED_EDGE('',*,*,#6374,.F.);
#8069=ORIENTED_EDGE('',*,*,#6392,.F.);
#8070=ORIENTED_EDGE('',*,*,#6387,.F.);
#8071=ORIENTED_EDGE('',*,*,#6382,.F.);
#8072=ORIENTED_EDGE('',*,*,#6386,.F.);
#8073=ORIENTED_EDGE('',*,*,#6393,.T.);
#8074=ORIENTED_EDGE('',*,*,#6394,.F.);
#8075=ORIENTED_EDGE('',*,*,#6395,.T.);
#8076=ORIENTED_EDGE('',*,*,#6396,.T.);
#8077=ORIENTED_EDGE('',*,*,#6397,.T.);
#8078=ORIENTED_EDGE('',*,*,#6398,.T.);
#8079=ORIENTED_EDGE('',*,*,#6399,.T.);
#8080=ORIENTED_EDGE('',*,*,#6400,.T.);
#8081=ORIENTED_EDGE('',*,*,#6396,.F.);
#8082=ORIENTED_EDGE('',*,*,#6378,.T.);
#8083=ORIENTED_EDGE('',*,*,#6399,.F.);
#8084=ORIENTED_EDGE('',*,*,#6381,.T.);
#8085=ORIENTED_EDGE('',*,*,#6401,.T.);
#8086=ORIENTED_EDGE('',*,*,#6375,.F.);
#8087=ORIENTED_EDGE('',*,*,#6379,.T.);
#8088=ORIENTED_EDGE('',*,*,#6398,.F.);
#8089=ORIENTED_EDGE('',*,*,#6402,.T.);
#8090=ORIENTED_EDGE('',*,*,#6397,.F.);
#8091=ORIENTED_EDGE('',*,*,#6403,.T.);
#8092=ORIENTED_EDGE('',*,*,#6404,.F.);
#8093=ORIENTED_EDGE('',*,*,#6405,.T.);
#8094=ORIENTED_EDGE('',*,*,#6406,.T.);
#8095=ORIENTED_EDGE('',*,*,#6407,.T.);
#8096=ORIENTED_EDGE('',*,*,#6394,.T.);
#8097=ORIENTED_EDGE('',*,*,#6406,.F.);
#8098=ORIENTED_EDGE('',*,*,#6408,.T.);
#8099=ORIENTED_EDGE('',*,*,#6409,.T.);
#8100=ORIENTED_EDGE('',*,*,#6410,.T.);
#8101=ORIENTED_EDGE('',*,*,#6409,.F.);
#8102=ORIENTED_EDGE('',*,*,#6411,.T.);
#8103=ORIENTED_EDGE('',*,*,#6404,.T.);
#8104=ORIENTED_EDGE('',*,*,#6391,.F.);
#8105=ORIENTED_EDGE('',*,*,#6412,.T.);
#8106=ORIENTED_EDGE('',*,*,#6411,.F.);
#8107=ORIENTED_EDGE('',*,*,#6413,.T.);
#8108=ORIENTED_EDGE('',*,*,#6389,.F.);
#8109=ORIENTED_EDGE('',*,*,#6413,.F.);
#8110=ORIENTED_EDGE('',*,*,#6408,.F.);
#8111=ORIENTED_EDGE('',*,*,#6393,.F.);
#8112=ORIENTED_EDGE('',*,*,#6401,.F.);
#8113=ORIENTED_EDGE('',*,*,#6414,.T.);
#8114=ORIENTED_EDGE('',*,*,#6407,.F.);
#8115=ORIENTED_EDGE('',*,*,#6415,.T.);
#8116=ORIENTED_EDGE('',*,*,#6400,.F.);
#8117=ORIENTED_EDGE('',*,*,#6415,.F.);
#8118=ORIENTED_EDGE('',*,*,#6410,.F.);
#8119=ORIENTED_EDGE('',*,*,#6403,.F.);
#8120=ORIENTED_EDGE('',*,*,#6416,.F.);
#8121=ORIENTED_EDGE('',*,*,#6417,.F.);
#8122=ORIENTED_EDGE('',*,*,#6418,.F.);
#8123=ORIENTED_EDGE('',*,*,#6419,.F.);
#8124=ORIENTED_EDGE('',*,*,#6395,.F.);
#8125=ORIENTED_EDGE('',*,*,#6414,.F.);
#8126=ORIENTED_EDGE('',*,*,#6380,.F.);
#8127=ORIENTED_EDGE('',*,*,#6384,.F.);
#8128=ORIENTED_EDGE('',*,*,#6420,.T.);
#8129=ORIENTED_EDGE('',*,*,#6421,.T.);
#8130=ORIENTED_EDGE('',*,*,#6422,.T.);
#8131=ORIENTED_EDGE('',*,*,#6423,.T.);
#8132=ORIENTED_EDGE('',*,*,#6423,.F.);
#8133=ORIENTED_EDGE('',*,*,#6424,.T.);
#8134=ORIENTED_EDGE('',*,*,#6425,.F.);
#8135=ORIENTED_EDGE('',*,*,#6426,.F.);
#8136=ORIENTED_EDGE('',*,*,#6427,.F.);
#8137=ORIENTED_EDGE('',*,*,#6428,.T.);
#8138=ORIENTED_EDGE('',*,*,#6429,.F.);
#8139=ORIENTED_EDGE('',*,*,#6430,.F.);
#8140=ORIENTED_EDGE('',*,*,#6431,.F.);
#8141=ORIENTED_EDGE('',*,*,#6432,.F.);
#8142=ORIENTED_EDGE('',*,*,#6433,.T.);
#8143=ORIENTED_EDGE('',*,*,#6434,.T.);
#8144=ORIENTED_EDGE('',*,*,#6435,.T.);
#8145=ORIENTED_EDGE('',*,*,#6416,.T.);
#8146=ORIENTED_EDGE('',*,*,#6435,.F.);
#8147=ORIENTED_EDGE('',*,*,#6436,.T.);
#8148=ORIENTED_EDGE('',*,*,#6437,.T.);
#8149=ORIENTED_EDGE('',*,*,#6433,.F.);
#8150=ORIENTED_EDGE('',*,*,#6438,.T.);
#8151=ORIENTED_EDGE('',*,*,#6439,.T.);
#8152=ORIENTED_EDGE('',*,*,#6440,.T.);
#8153=ORIENTED_EDGE('',*,*,#6441,.T.);
#8154=ORIENTED_EDGE('',*,*,#6442,.T.);
#8155=ORIENTED_EDGE('',*,*,#6443,.T.);
#8156=ORIENTED_EDGE('',*,*,#6444,.T.);
#8157=ORIENTED_EDGE('',*,*,#6443,.F.);
#8158=ORIENTED_EDGE('',*,*,#6445,.T.);
#8159=ORIENTED_EDGE('',*,*,#6439,.F.);
#8160=ORIENTED_EDGE('',*,*,#6434,.F.);
#8161=ORIENTED_EDGE('',*,*,#6440,.F.);
#8162=ORIENTED_EDGE('',*,*,#6446,.F.);
#8163=ORIENTED_EDGE('',*,*,#6447,.F.);
#8164=ORIENTED_EDGE('',*,*,#6448,.F.);
#8165=ORIENTED_EDGE('',*,*,#6449,.F.);
#8166=ORIENTED_EDGE('',*,*,#6450,.F.);
#8167=ORIENTED_EDGE('',*,*,#6451,.T.);
#8168=ORIENTED_EDGE('',*,*,#6452,.F.);
#8169=ORIENTED_EDGE('',*,*,#6453,.F.);
#8170=ORIENTED_EDGE('',*,*,#6454,.F.);
#8171=ORIENTED_EDGE('',*,*,#6455,.F.);
#8172=ORIENTED_EDGE('',*,*,#6456,.F.);
#8173=ORIENTED_EDGE('',*,*,#6445,.F.);
#8174=ORIENTED_EDGE('',*,*,#6457,.T.);
#8175=ORIENTED_EDGE('',*,*,#6458,.T.);
#8176=ORIENTED_EDGE('',*,*,#6446,.T.);
#8177=ORIENTED_EDGE('',*,*,#6421,.F.);
#8178=ORIENTED_EDGE('',*,*,#6459,.F.);
#8179=ORIENTED_EDGE('',*,*,#6457,.F.);
#8180=ORIENTED_EDGE('',*,*,#6442,.F.);
#8181=ORIENTED_EDGE('',*,*,#6460,.F.);
#8182=ORIENTED_EDGE('',*,*,#6461,.F.);
#8183=ORIENTED_EDGE('',*,*,#6462,.F.);
#8184=ORIENTED_EDGE('',*,*,#6463,.F.);
#8185=ORIENTED_EDGE('',*,*,#6441,.F.);
#8186=ORIENTED_EDGE('',*,*,#6464,.T.);
#8187=ORIENTED_EDGE('',*,*,#6465,.F.);
#8188=ORIENTED_EDGE('',*,*,#6466,.T.);
#8189=ORIENTED_EDGE('',*,*,#6467,.F.);
#8190=ORIENTED_EDGE('',*,*,#6468,.F.);
#8191=ORIENTED_EDGE('',*,*,#6469,.F.);
#8192=ORIENTED_EDGE('',*,*,#6470,.T.);
#8193=ORIENTED_EDGE('',*,*,#6460,.T.);
#8194=ORIENTED_EDGE('',*,*,#6471,.T.);
#8195=ORIENTED_EDGE('',*,*,#6472,.F.);
#8196=ORIENTED_EDGE('',*,*,#6473,.F.);
#8197=ORIENTED_EDGE('',*,*,#6474,.F.);
#8198=ORIENTED_EDGE('',*,*,#6475,.T.);
#8199=ORIENTED_EDGE('',*,*,#6450,.T.);
#8200=ORIENTED_EDGE('',*,*,#6476,.T.);
#8201=ORIENTED_EDGE('',*,*,#6477,.T.);
#8202=ORIENTED_EDGE('',*,*,#6477,.F.);
#8203=ORIENTED_EDGE('',*,*,#6478,.T.);
#8204=ORIENTED_EDGE('',*,*,#6479,.F.);
#8205=ORIENTED_EDGE('',*,*,#6480,.T.);
#8206=ORIENTED_EDGE('',*,*,#6481,.F.);
#8207=ORIENTED_EDGE('',*,*,#6482,.F.);
#8208=ORIENTED_EDGE('',*,*,#6483,.T.);
#8209=ORIENTED_EDGE('',*,*,#6484,.T.);
#8210=ORIENTED_EDGE('',*,*,#6485,.T.);
#8211=ORIENTED_EDGE('',*,*,#6486,.T.);
#8212=ORIENTED_EDGE('',*,*,#6484,.F.);
#8213=ORIENTED_EDGE('',*,*,#6487,.T.);
#8214=ORIENTED_EDGE('',*,*,#6488,.F.);
#8215=ORIENTED_EDGE('',*,*,#6489,.T.);
#8216=ORIENTED_EDGE('',*,*,#6490,.F.);
#8217=ORIENTED_EDGE('',*,*,#6491,.F.);
#8218=ORIENTED_EDGE('',*,*,#6483,.F.);
#8219=ORIENTED_EDGE('',*,*,#6492,.T.);
#8220=ORIENTED_EDGE('',*,*,#6493,.F.);
#8221=ORIENTED_EDGE('',*,*,#6494,.F.);
#8222=ORIENTED_EDGE('',*,*,#6495,.F.);
#8223=ORIENTED_EDGE('',*,*,#6496,.T.);
#8224=ORIENTED_EDGE('',*,*,#6497,.F.);
#8225=ORIENTED_EDGE('',*,*,#6487,.F.);
#8226=ORIENTED_EDGE('',*,*,#6498,.T.);
#8227=ORIENTED_EDGE('',*,*,#6499,.T.);
#8228=ORIENTED_EDGE('',*,*,#6493,.T.);
#8229=ORIENTED_EDGE('',*,*,#6500,.T.);
#8230=ORIENTED_EDGE('',*,*,#6499,.F.);
#8231=ORIENTED_EDGE('',*,*,#6501,.T.);
#8232=ORIENTED_EDGE('',*,*,#6502,.F.);
#8233=ORIENTED_EDGE('',*,*,#6503,.F.);
#8234=ORIENTED_EDGE('',*,*,#6504,.F.);
#8235=ORIENTED_EDGE('',*,*,#6505,.T.);
#8236=ORIENTED_EDGE('',*,*,#6506,.F.);
#8237=ORIENTED_EDGE('',*,*,#6507,.T.);
#8238=ORIENTED_EDGE('',*,*,#6508,.F.);
#8239=ORIENTED_EDGE('',*,*,#6509,.F.);
#8240=ORIENTED_EDGE('',*,*,#6510,.F.);
#8241=ORIENTED_EDGE('',*,*,#6494,.T.);
#8242=ORIENTED_EDGE('',*,*,#6511,.T.);
#8243=ORIENTED_EDGE('',*,*,#6512,.T.);
#8244=ORIENTED_EDGE('',*,*,#6495,.T.);
#8245=ORIENTED_EDGE('',*,*,#6510,.T.);
#8246=ORIENTED_EDGE('',*,*,#6512,.F.);
#8247=ORIENTED_EDGE('',*,*,#6513,.T.);
#8248=ORIENTED_EDGE('',*,*,#6514,.F.);
#8249=ORIENTED_EDGE('',*,*,#6515,.F.);
#8250=ORIENTED_EDGE('',*,*,#6516,.F.);
#8251=ORIENTED_EDGE('',*,*,#6517,.T.);
#8252=ORIENTED_EDGE('',*,*,#6518,.F.);
#8253=ORIENTED_EDGE('',*,*,#6519,.F.);
#8254=ORIENTED_EDGE('',*,*,#6520,.F.);
#8255=ORIENTED_EDGE('',*,*,#6496,.F.);
#8256=ORIENTED_EDGE('',*,*,#6521,.T.);
#8257=ORIENTED_EDGE('',*,*,#6481,.T.);
#8258=ORIENTED_EDGE('',*,*,#6522,.T.);
#8259=ORIENTED_EDGE('',*,*,#6523,.T.);
#8260=ORIENTED_EDGE('',*,*,#6523,.F.);
#8261=ORIENTED_EDGE('',*,*,#6524,.F.);
#8262=ORIENTED_EDGE('',*,*,#6525,.F.);
#8263=ORIENTED_EDGE('',*,*,#6526,.F.);
#8264=ORIENTED_EDGE('',*,*,#6522,.F.);
#8265=ORIENTED_EDGE('',*,*,#6480,.F.);
#8266=ORIENTED_EDGE('',*,*,#6527,.F.);
#8267=ORIENTED_EDGE('',*,*,#6528,.F.);
#8268=ORIENTED_EDGE('',*,*,#6529,.F.);
#8269=ORIENTED_EDGE('',*,*,#6507,.F.);
#8270=ORIENTED_EDGE('',*,*,#6530,.F.);
#8271=ORIENTED_EDGE('',*,*,#6524,.T.);
#8272=ORIENTED_EDGE('',*,*,#6531,.T.);
#8273=ORIENTED_EDGE('',*,*,#6532,.T.);
#8274=ORIENTED_EDGE('',*,*,#6527,.T.);
#8275=ORIENTED_EDGE('',*,*,#6479,.T.);
#8276=ORIENTED_EDGE('',*,*,#6532,.F.);
#8277=ORIENTED_EDGE('',*,*,#6533,.F.);
#8278=ORIENTED_EDGE('',*,*,#6534,.F.);
#8279=ORIENTED_EDGE('',*,*,#6535,.T.);
#8280=ORIENTED_EDGE('',*,*,#6536,.F.);
#8281=ORIENTED_EDGE('',*,*,#6537,.F.);
#8282=ORIENTED_EDGE('',*,*,#6538,.F.);
#8283=ORIENTED_EDGE('',*,*,#6539,.F.);
#8284=ORIENTED_EDGE('',*,*,#6540,.F.);
#8285=ORIENTED_EDGE('',*,*,#6528,.T.);
#8286=ORIENTED_EDGE('',*,*,#6541,.T.);
#8287=ORIENTED_EDGE('',*,*,#6525,.T.);
#8288=ORIENTED_EDGE('',*,*,#6530,.T.);
#8289=ORIENTED_EDGE('',*,*,#6506,.T.);
#8290=ORIENTED_EDGE('',*,*,#6542,.T.);
#8291=ORIENTED_EDGE('',*,*,#6511,.F.);
#8292=ORIENTED_EDGE('',*,*,#6509,.T.);
#8293=ORIENTED_EDGE('',*,*,#6543,.T.);
#8294=ORIENTED_EDGE('',*,*,#6508,.T.);
#8295=ORIENTED_EDGE('',*,*,#6529,.T.);
#8296=ORIENTED_EDGE('',*,*,#6540,.T.);
#8297=ORIENTED_EDGE('',*,*,#6543,.F.);
#8298=ORIENTED_EDGE('',*,*,#6542,.F.);
#8299=ORIENTED_EDGE('',*,*,#6539,.T.);
#8300=ORIENTED_EDGE('',*,*,#6544,.F.);
#8301=ORIENTED_EDGE('',*,*,#6545,.F.);
#8302=ORIENTED_EDGE('',*,*,#6546,.F.);
#8303=ORIENTED_EDGE('',*,*,#6513,.F.);
#8304=ORIENTED_EDGE('',*,*,#6547,.T.);
#8305=ORIENTED_EDGE('',*,*,#6418,.T.);
#8306=ORIENTED_EDGE('',*,*,#6548,.T.);
#8307=ORIENTED_EDGE('',*,*,#6436,.F.);
#8308=ORIENTED_EDGE('',*,*,#6452,.T.);
#8309=ORIENTED_EDGE('',*,*,#6549,.T.);
#8310=ORIENTED_EDGE('',*,*,#6504,.T.);
#8311=ORIENTED_EDGE('',*,*,#6437,.F.);
#8312=ORIENTED_EDGE('',*,*,#6503,.T.);
#8313=ORIENTED_EDGE('',*,*,#6550,.T.);
#8314=ORIENTED_EDGE('',*,*,#6417,.T.);
#8315=ORIENTED_EDGE('',*,*,#6551,.T.);
#8316=ORIENTED_EDGE('',*,*,#6548,.F.);
#8317=ORIENTED_EDGE('',*,*,#6550,.F.);
#8318=ORIENTED_EDGE('',*,*,#6552,.T.);
#8319=ORIENTED_EDGE('',*,*,#6553,.F.);
#8320=ORIENTED_EDGE('',*,*,#6552,.F.);
#8321=ORIENTED_EDGE('',*,*,#6502,.T.);
#8322=ORIENTED_EDGE('',*,*,#6554,.T.);
#8323=ORIENTED_EDGE('',*,*,#6465,.T.);
#8324=ORIENTED_EDGE('',*,*,#6438,.F.);
#8325=ORIENTED_EDGE('',*,*,#6419,.T.);
#8326=ORIENTED_EDGE('',*,*,#6547,.F.);
#8327=ORIENTED_EDGE('',*,*,#6551,.F.);
#8328=ORIENTED_EDGE('',*,*,#6553,.T.);
#8329=ORIENTED_EDGE('',*,*,#6464,.F.);
#8330=ORIENTED_EDGE('',*,*,#6444,.F.);
#8331=ORIENTED_EDGE('',*,*,#6555,.T.);
#8332=ORIENTED_EDGE('',*,*,#6556,.T.);
#8333=ORIENTED_EDGE('',*,*,#6557,.T.);
#8334=ORIENTED_EDGE('',*,*,#6448,.T.);
#8335=ORIENTED_EDGE('',*,*,#6558,.T.);
#8336=ORIENTED_EDGE('',*,*,#6431,.T.);
#8337=ORIENTED_EDGE('',*,*,#6559,.T.);
#8338=ORIENTED_EDGE('',*,*,#6560,.T.);
#8339=ORIENTED_EDGE('',*,*,#6556,.F.);
#8340=ORIENTED_EDGE('',*,*,#6561,.T.);
#8341=ORIENTED_EDGE('',*,*,#6560,.F.);
#8342=ORIENTED_EDGE('',*,*,#6562,.F.);
#8343=ORIENTED_EDGE('',*,*,#6563,.T.);
#8344=ORIENTED_EDGE('',*,*,#6469,.T.);
#8345=ORIENTED_EDGE('',*,*,#6564,.T.);
#8346=ORIENTED_EDGE('',*,*,#6565,.T.);
#8347=ORIENTED_EDGE('',*,*,#6563,.F.);
#8348=ORIENTED_EDGE('',*,*,#6566,.F.);
#8349=ORIENTED_EDGE('',*,*,#6567,.F.);
#8350=ORIENTED_EDGE('',*,*,#6568,.T.);
#8351=ORIENTED_EDGE('',*,*,#6569,.F.);
#8352=ORIENTED_EDGE('',*,*,#6461,.T.);
#8353=ORIENTED_EDGE('',*,*,#6470,.F.);
#8354=ORIENTED_EDGE('',*,*,#6567,.T.);
#8355=ORIENTED_EDGE('',*,*,#6570,.T.);
#8356=ORIENTED_EDGE('',*,*,#6571,.T.);
#8357=ORIENTED_EDGE('',*,*,#6572,.T.);
#8358=ORIENTED_EDGE('',*,*,#6572,.F.);
#8359=ORIENTED_EDGE('',*,*,#6573,.F.);
#8360=ORIENTED_EDGE('',*,*,#6574,.F.);
#8361=ORIENTED_EDGE('',*,*,#6575,.T.);
#8362=ORIENTED_EDGE('',*,*,#6576,.F.);
#8363=ORIENTED_EDGE('',*,*,#6577,.F.);
#8364=ORIENTED_EDGE('',*,*,#6578,.F.);
#8365=ORIENTED_EDGE('',*,*,#6579,.F.);
#8366=ORIENTED_EDGE('',*,*,#6580,.F.);
#8367=ORIENTED_EDGE('',*,*,#6568,.F.);
#8368=ORIENTED_EDGE('',*,*,#6581,.T.);
#8369=ORIENTED_EDGE('',*,*,#6578,.T.);
#8370=ORIENTED_EDGE('',*,*,#6582,.T.);
#8371=ORIENTED_EDGE('',*,*,#6583,.T.);
#8372=ORIENTED_EDGE('',*,*,#6569,.T.);
#8373=ORIENTED_EDGE('',*,*,#6580,.T.);
#8374=ORIENTED_EDGE('',*,*,#6584,.T.);
#8375=ORIENTED_EDGE('',*,*,#6462,.T.);
#8376=ORIENTED_EDGE('',*,*,#6376,.F.);
#8377=ORIENTED_EDGE('',*,*,#6585,.T.);
#8378=ORIENTED_EDGE('',*,*,#6390,.F.);
#8379=ORIENTED_EDGE('',*,*,#6392,.T.);
#8380=ORIENTED_EDGE('',*,*,#6586,.F.);
#8381=ORIENTED_EDGE('',*,*,#6587,.T.);
#8382=ORIENTED_EDGE('',*,*,#6588,.F.);
#8383=ORIENTED_EDGE('',*,*,#6589,.F.);
#8384=ORIENTED_EDGE('',*,*,#6405,.F.);
#8385=ORIENTED_EDGE('',*,*,#6412,.F.);
#8386=ORIENTED_EDGE('',*,*,#6585,.F.);
#8387=ORIENTED_EDGE('',*,*,#6402,.F.);
#8388=ORIENTED_EDGE('',*,*,#6544,.T.);
#8389=ORIENTED_EDGE('',*,*,#6538,.T.);
#8390=ORIENTED_EDGE('',*,*,#6590,.T.);
#8391=ORIENTED_EDGE('',*,*,#6591,.T.);
#8392=ORIENTED_EDGE('',*,*,#6592,.T.);
#8393=ORIENTED_EDGE('',*,*,#6425,.T.);
#8394=ORIENTED_EDGE('',*,*,#6593,.T.);
#8395=ORIENTED_EDGE('',*,*,#6594,.T.);
#8396=ORIENTED_EDGE('',*,*,#6586,.T.);
#8397=ORIENTED_EDGE('',*,*,#6595,.T.);
#8398=ORIENTED_EDGE('',*,*,#6455,.T.);
#8399=ORIENTED_EDGE('',*,*,#6596,.T.);
#8400=ORIENTED_EDGE('',*,*,#6597,.T.);
#8401=ORIENTED_EDGE('',*,*,#6598,.T.);
#8402=ORIENTED_EDGE('',*,*,#6456,.T.);
#8403=ORIENTED_EDGE('',*,*,#6595,.F.);
#8404=ORIENTED_EDGE('',*,*,#6454,.T.);
#8405=ORIENTED_EDGE('',*,*,#6599,.T.);
#8406=ORIENTED_EDGE('',*,*,#6600,.T.);
#8407=ORIENTED_EDGE('',*,*,#6596,.F.);
#8408=ORIENTED_EDGE('',*,*,#6591,.F.);
#8409=ORIENTED_EDGE('',*,*,#6601,.F.);
#8410=ORIENTED_EDGE('',*,*,#6597,.F.);
#8411=ORIENTED_EDGE('',*,*,#6589,.T.);
#8412=ORIENTED_EDGE('',*,*,#6602,.F.);
#8413=ORIENTED_EDGE('',*,*,#6603,.F.);
#8414=ORIENTED_EDGE('',*,*,#6604,.F.);
#8415=ORIENTED_EDGE('',*,*,#6545,.T.);
#8416=ORIENTED_EDGE('',*,*,#6583,.F.);
#8417=ORIENTED_EDGE('',*,*,#6605,.T.);
#8418=ORIENTED_EDGE('',*,*,#6606,.F.);
#8419=ORIENTED_EDGE('',*,*,#6471,.F.);
#8420=ORIENTED_EDGE('',*,*,#6607,.F.);
#8421=ORIENTED_EDGE('',*,*,#6587,.F.);
#8422=ORIENTED_EDGE('',*,*,#6600,.F.);
#8423=ORIENTED_EDGE('',*,*,#6608,.T.);
#8424=ORIENTED_EDGE('',*,*,#6594,.F.);
#8425=ORIENTED_EDGE('',*,*,#6609,.F.);
#8426=ORIENTED_EDGE('',*,*,#6609,.T.);
#8427=ORIENTED_EDGE('',*,*,#6593,.F.);
#8428=ORIENTED_EDGE('',*,*,#6610,.T.);
#8429=ORIENTED_EDGE('',*,*,#6581,.F.);
#8430=ORIENTED_EDGE('',*,*,#6610,.F.);
#8431=ORIENTED_EDGE('',*,*,#6424,.F.);
#8432=ORIENTED_EDGE('',*,*,#6611,.F.);
#8433=ORIENTED_EDGE('',*,*,#6579,.T.);
#8434=ORIENTED_EDGE('',*,*,#6611,.T.);
#8435=ORIENTED_EDGE('',*,*,#6422,.F.);
#8436=ORIENTED_EDGE('',*,*,#6463,.T.);
#8437=ORIENTED_EDGE('',*,*,#6584,.F.);
#8438=ORIENTED_EDGE('',*,*,#6612,.T.);
#8439=ORIENTED_EDGE('',*,*,#6588,.T.);
#8440=ORIENTED_EDGE('',*,*,#6607,.T.);
#8441=ORIENTED_EDGE('',*,*,#6474,.T.);
#8442=ORIENTED_EDGE('',*,*,#6613,.T.);
#8443=ORIENTED_EDGE('',*,*,#6514,.T.);
#8444=ORIENTED_EDGE('',*,*,#6546,.T.);
#8445=ORIENTED_EDGE('',*,*,#6604,.T.);
#8446=ORIENTED_EDGE('',*,*,#6497,.T.);
#8447=ORIENTED_EDGE('',*,*,#6520,.T.);
#8448=ORIENTED_EDGE('',*,*,#6614,.T.);
#8449=ORIENTED_EDGE('',*,*,#6488,.T.);
#8450=ORIENTED_EDGE('',*,*,#6615,.T.);
#8451=ORIENTED_EDGE('',*,*,#6490,.T.);
#8452=ORIENTED_EDGE('',*,*,#6616,.T.);
#8453=ORIENTED_EDGE('',*,*,#6467,.T.);
#8454=ORIENTED_EDGE('',*,*,#6485,.F.);
#8455=ORIENTED_EDGE('',*,*,#6491,.T.);
#8456=ORIENTED_EDGE('',*,*,#6615,.F.);
#8457=ORIENTED_EDGE('',*,*,#6466,.F.);
#8458=ORIENTED_EDGE('',*,*,#6554,.F.);
#8459=ORIENTED_EDGE('',*,*,#6501,.F.);
#8460=ORIENTED_EDGE('',*,*,#6498,.F.);
#8461=ORIENTED_EDGE('',*,*,#6617,.T.);
#8462=ORIENTED_EDGE('',*,*,#6618,.T.);
#8463=ORIENTED_EDGE('',*,*,#6602,.T.);
#8464=ORIENTED_EDGE('',*,*,#6612,.F.);
#8465=ORIENTED_EDGE('',*,*,#6473,.T.);
#8466=ORIENTED_EDGE('',*,*,#6518,.T.);
#8467=ORIENTED_EDGE('',*,*,#6619,.T.);
#8468=ORIENTED_EDGE('',*,*,#6534,.T.);
#8469=ORIENTED_EDGE('',*,*,#6620,.T.);
#8470=ORIENTED_EDGE('',*,*,#6619,.F.);
#8471=ORIENTED_EDGE('',*,*,#6517,.F.);
#8472=ORIENTED_EDGE('',*,*,#6621,.F.);
#8473=ORIENTED_EDGE('',*,*,#6535,.F.);
#8474=ORIENTED_EDGE('',*,*,#6622,.T.);
#8475=ORIENTED_EDGE('',*,*,#6476,.F.);
#8476=ORIENTED_EDGE('',*,*,#6449,.T.);
#8477=ORIENTED_EDGE('',*,*,#6557,.F.);
#8478=ORIENTED_EDGE('',*,*,#6533,.T.);
#8479=ORIENTED_EDGE('',*,*,#6531,.F.);
#8480=ORIENTED_EDGE('',*,*,#6478,.F.);
#8481=ORIENTED_EDGE('',*,*,#6622,.F.);
#8482=ORIENTED_EDGE('',*,*,#6562,.T.);
#8483=ORIENTED_EDGE('',*,*,#6559,.F.);
#8484=ORIENTED_EDGE('',*,*,#6430,.T.);
#8485=ORIENTED_EDGE('',*,*,#6623,.F.);
#8486=ORIENTED_EDGE('',*,*,#6573,.T.);
#8487=ORIENTED_EDGE('',*,*,#6571,.F.);
#8488=ORIENTED_EDGE('',*,*,#6624,.T.);
#8489=ORIENTED_EDGE('',*,*,#6625,.F.);
#8490=ORIENTED_EDGE('',*,*,#6489,.F.);
#8491=ORIENTED_EDGE('',*,*,#6614,.F.);
#8492=ORIENTED_EDGE('',*,*,#6519,.T.);
#8493=ORIENTED_EDGE('',*,*,#6620,.F.);
#8494=ORIENTED_EDGE('',*,*,#6626,.T.);
#8495=ORIENTED_EDGE('',*,*,#6627,.T.);
#8496=ORIENTED_EDGE('',*,*,#6628,.T.);
#8497=ORIENTED_EDGE('',*,*,#6629,.T.);
#8498=ORIENTED_EDGE('',*,*,#6630,.T.);
#8499=ORIENTED_EDGE('',*,*,#6631,.T.);
#8500=ORIENTED_EDGE('',*,*,#6632,.T.);
#8501=ORIENTED_EDGE('',*,*,#6633,.T.);
#8502=ORIENTED_EDGE('',*,*,#6634,.T.);
#8503=ORIENTED_EDGE('',*,*,#6635,.T.);
#8504=ORIENTED_EDGE('',*,*,#6636,.T.);
#8505=ORIENTED_EDGE('',*,*,#6637,.T.);
#8506=ORIENTED_EDGE('',*,*,#6638,.T.);
#8507=ORIENTED_EDGE('',*,*,#6639,.T.);
#8508=ORIENTED_EDGE('',*,*,#6640,.T.);
#8509=ORIENTED_EDGE('',*,*,#6641,.T.);
#8510=ORIENTED_EDGE('',*,*,#6642,.T.);
#8511=ORIENTED_EDGE('',*,*,#6643,.T.);
#8512=ORIENTED_EDGE('',*,*,#6644,.T.);
#8513=ORIENTED_EDGE('',*,*,#6645,.T.);
#8514=ORIENTED_EDGE('',*,*,#6646,.T.);
#8515=ORIENTED_EDGE('',*,*,#6647,.T.);
#8516=ORIENTED_EDGE('',*,*,#6648,.T.);
#8517=ORIENTED_EDGE('',*,*,#6649,.T.);
#8518=ORIENTED_EDGE('',*,*,#6650,.T.);
#8519=ORIENTED_EDGE('',*,*,#6651,.T.);
#8520=ORIENTED_EDGE('',*,*,#6652,.T.);
#8521=ORIENTED_EDGE('',*,*,#6653,.T.);
#8522=ORIENTED_EDGE('',*,*,#6654,.T.);
#8523=ORIENTED_EDGE('',*,*,#6655,.T.);
#8524=ORIENTED_EDGE('',*,*,#6656,.T.);
#8525=ORIENTED_EDGE('',*,*,#6657,.T.);
#8526=ORIENTED_EDGE('',*,*,#6658,.T.);
#8527=ORIENTED_EDGE('',*,*,#6659,.T.);
#8528=ORIENTED_EDGE('',*,*,#6660,.T.);
#8529=ORIENTED_EDGE('',*,*,#6661,.T.);
#8530=ORIENTED_EDGE('',*,*,#6662,.T.);
#8531=ORIENTED_EDGE('',*,*,#6663,.T.);
#8532=ORIENTED_EDGE('',*,*,#6664,.T.);
#8533=ORIENTED_EDGE('',*,*,#6665,.T.);
#8534=ORIENTED_EDGE('',*,*,#6666,.T.);
#8535=ORIENTED_EDGE('',*,*,#6667,.T.);
#8536=ORIENTED_EDGE('',*,*,#6668,.T.);
#8537=ORIENTED_EDGE('',*,*,#6669,.T.);
#8538=ORIENTED_EDGE('',*,*,#6670,.T.);
#8539=ORIENTED_EDGE('',*,*,#6671,.T.);
#8540=ORIENTED_EDGE('',*,*,#6672,.T.);
#8541=ORIENTED_EDGE('',*,*,#6673,.T.);
#8542=ORIENTED_EDGE('',*,*,#6674,.T.);
#8543=ORIENTED_EDGE('',*,*,#6675,.T.);
#8544=ORIENTED_EDGE('',*,*,#6676,.T.);
#8545=ORIENTED_EDGE('',*,*,#6677,.T.);
#8546=ORIENTED_EDGE('',*,*,#6678,.T.);
#8547=ORIENTED_EDGE('',*,*,#6679,.T.);
#8548=ORIENTED_EDGE('',*,*,#6680,.T.);
#8549=ORIENTED_EDGE('',*,*,#6681,.T.);
#8550=ORIENTED_EDGE('',*,*,#6682,.T.);
#8551=ORIENTED_EDGE('',*,*,#6683,.T.);
#8552=ORIENTED_EDGE('',*,*,#6684,.T.);
#8553=ORIENTED_EDGE('',*,*,#6685,.T.);
#8554=ORIENTED_EDGE('',*,*,#6686,.T.);
#8555=ORIENTED_EDGE('',*,*,#6687,.T.);
#8556=ORIENTED_EDGE('',*,*,#6688,.T.);
#8557=ORIENTED_EDGE('',*,*,#6689,.T.);
#8558=ORIENTED_EDGE('',*,*,#6690,.T.);
#8559=ORIENTED_EDGE('',*,*,#6691,.T.);
#8560=ORIENTED_EDGE('',*,*,#6692,.T.);
#8561=ORIENTED_EDGE('',*,*,#6693,.T.);
#8562=ORIENTED_EDGE('',*,*,#6694,.T.);
#8563=ORIENTED_EDGE('',*,*,#6695,.T.);
#8564=ORIENTED_EDGE('',*,*,#6696,.T.);
#8565=ORIENTED_EDGE('',*,*,#6697,.T.);
#8566=ORIENTED_EDGE('',*,*,#6698,.T.);
#8567=ORIENTED_EDGE('',*,*,#6699,.T.);
#8568=ORIENTED_EDGE('',*,*,#6700,.T.);
#8569=ORIENTED_EDGE('',*,*,#6701,.T.);
#8570=ORIENTED_EDGE('',*,*,#6702,.T.);
#8571=ORIENTED_EDGE('',*,*,#6703,.T.);
#8572=ORIENTED_EDGE('',*,*,#6704,.T.);
#8573=ORIENTED_EDGE('',*,*,#6705,.T.);
#8574=ORIENTED_EDGE('',*,*,#6706,.T.);
#8575=ORIENTED_EDGE('',*,*,#6707,.T.);
#8576=ORIENTED_EDGE('',*,*,#6708,.T.);
#8577=ORIENTED_EDGE('',*,*,#6709,.T.);
#8578=ORIENTED_EDGE('',*,*,#6710,.T.);
#8579=ORIENTED_EDGE('',*,*,#6711,.T.);
#8580=ORIENTED_EDGE('',*,*,#6712,.T.);
#8581=ORIENTED_EDGE('',*,*,#6713,.T.);
#8582=ORIENTED_EDGE('',*,*,#6714,.T.);
#8583=ORIENTED_EDGE('',*,*,#6715,.T.);
#8584=ORIENTED_EDGE('',*,*,#6716,.T.);
#8585=ORIENTED_EDGE('',*,*,#6717,.T.);
#8586=ORIENTED_EDGE('',*,*,#6718,.T.);
#8587=ORIENTED_EDGE('',*,*,#6719,.T.);
#8588=ORIENTED_EDGE('',*,*,#6720,.T.);
#8589=ORIENTED_EDGE('',*,*,#6721,.T.);
#8590=ORIENTED_EDGE('',*,*,#6722,.T.);
#8591=ORIENTED_EDGE('',*,*,#6723,.T.);
#8592=ORIENTED_EDGE('',*,*,#6724,.T.);
#8593=ORIENTED_EDGE('',*,*,#6725,.T.);
#8594=ORIENTED_EDGE('',*,*,#6726,.T.);
#8595=ORIENTED_EDGE('',*,*,#6727,.T.);
#8596=ORIENTED_EDGE('',*,*,#6728,.T.);
#8597=ORIENTED_EDGE('',*,*,#6729,.T.);
#8598=ORIENTED_EDGE('',*,*,#6730,.T.);
#8599=ORIENTED_EDGE('',*,*,#6731,.T.);
#8600=ORIENTED_EDGE('',*,*,#6732,.T.);
#8601=ORIENTED_EDGE('',*,*,#6733,.T.);
#8602=ORIENTED_EDGE('',*,*,#6734,.T.);
#8603=ORIENTED_EDGE('',*,*,#6735,.T.);
#8604=ORIENTED_EDGE('',*,*,#6736,.T.);
#8605=ORIENTED_EDGE('',*,*,#6737,.T.);
#8606=ORIENTED_EDGE('',*,*,#6738,.T.);
#8607=ORIENTED_EDGE('',*,*,#6739,.T.);
#8608=ORIENTED_EDGE('',*,*,#6740,.T.);
#8609=ORIENTED_EDGE('',*,*,#6741,.T.);
#8610=ORIENTED_EDGE('',*,*,#6742,.T.);
#8611=ORIENTED_EDGE('',*,*,#6743,.T.);
#8612=ORIENTED_EDGE('',*,*,#6744,.T.);
#8613=ORIENTED_EDGE('',*,*,#6745,.T.);
#8614=ORIENTED_EDGE('',*,*,#6746,.T.);
#8615=ORIENTED_EDGE('',*,*,#6747,.T.);
#8616=ORIENTED_EDGE('',*,*,#6748,.T.);
#8617=ORIENTED_EDGE('',*,*,#6749,.T.);
#8618=ORIENTED_EDGE('',*,*,#6750,.T.);
#8619=ORIENTED_EDGE('',*,*,#6751,.T.);
#8620=ORIENTED_EDGE('',*,*,#6752,.T.);
#8621=ORIENTED_EDGE('',*,*,#6753,.T.);
#8622=ORIENTED_EDGE('',*,*,#6754,.T.);
#8623=ORIENTED_EDGE('',*,*,#6755,.T.);
#8624=ORIENTED_EDGE('',*,*,#6756,.T.);
#8625=ORIENTED_EDGE('',*,*,#6757,.T.);
#8626=ORIENTED_EDGE('',*,*,#6758,.T.);
#8627=ORIENTED_EDGE('',*,*,#6759,.T.);
#8628=ORIENTED_EDGE('',*,*,#6760,.T.);
#8629=ORIENTED_EDGE('',*,*,#6761,.T.);
#8630=ORIENTED_EDGE('',*,*,#6762,.T.);
#8631=ORIENTED_EDGE('',*,*,#6763,.T.);
#8632=ORIENTED_EDGE('',*,*,#6764,.T.);
#8633=ORIENTED_EDGE('',*,*,#6765,.T.);
#8634=ORIENTED_EDGE('',*,*,#6766,.T.);
#8635=ORIENTED_EDGE('',*,*,#6767,.T.);
#8636=ORIENTED_EDGE('',*,*,#6768,.T.);
#8637=ORIENTED_EDGE('',*,*,#6769,.T.);
#8638=ORIENTED_EDGE('',*,*,#6770,.T.);
#8639=ORIENTED_EDGE('',*,*,#6771,.T.);
#8640=ORIENTED_EDGE('',*,*,#6772,.T.);
#8641=ORIENTED_EDGE('',*,*,#6773,.T.);
#8642=ORIENTED_EDGE('',*,*,#6774,.T.);
#8643=ORIENTED_EDGE('',*,*,#6775,.T.);
#8644=ORIENTED_EDGE('',*,*,#6776,.T.);
#8645=ORIENTED_EDGE('',*,*,#6777,.T.);
#8646=ORIENTED_EDGE('',*,*,#6778,.T.);
#8647=ORIENTED_EDGE('',*,*,#6779,.T.);
#8648=ORIENTED_EDGE('',*,*,#6780,.T.);
#8649=ORIENTED_EDGE('',*,*,#6781,.T.);
#8650=ORIENTED_EDGE('',*,*,#6782,.T.);
#8651=ORIENTED_EDGE('',*,*,#6783,.T.);
#8652=ORIENTED_EDGE('',*,*,#6784,.T.);
#8653=ORIENTED_EDGE('',*,*,#6785,.T.);
#8654=ORIENTED_EDGE('',*,*,#6786,.T.);
#8655=ORIENTED_EDGE('',*,*,#6787,.T.);
#8656=ORIENTED_EDGE('',*,*,#6788,.T.);
#8657=ORIENTED_EDGE('',*,*,#6789,.T.);
#8658=ORIENTED_EDGE('',*,*,#6790,.T.);
#8659=ORIENTED_EDGE('',*,*,#6791,.T.);
#8660=ORIENTED_EDGE('',*,*,#6792,.T.);
#8661=ORIENTED_EDGE('',*,*,#6793,.T.);
#8662=ORIENTED_EDGE('',*,*,#6794,.T.);
#8663=ORIENTED_EDGE('',*,*,#6795,.T.);
#8664=ORIENTED_EDGE('',*,*,#6796,.T.);
#8665=ORIENTED_EDGE('',*,*,#6797,.T.);
#8666=ORIENTED_EDGE('',*,*,#6798,.T.);
#8667=ORIENTED_EDGE('',*,*,#6799,.T.);
#8668=ORIENTED_EDGE('',*,*,#6800,.T.);
#8669=ORIENTED_EDGE('',*,*,#6801,.T.);
#8670=ORIENTED_EDGE('',*,*,#6802,.T.);
#8671=ORIENTED_EDGE('',*,*,#6803,.T.);
#8672=ORIENTED_EDGE('',*,*,#6804,.T.);
#8673=ORIENTED_EDGE('',*,*,#6805,.T.);
#8674=ORIENTED_EDGE('',*,*,#6806,.T.);
#8675=ORIENTED_EDGE('',*,*,#6807,.T.);
#8676=ORIENTED_EDGE('',*,*,#6808,.T.);
#8677=ORIENTED_EDGE('',*,*,#6809,.T.);
#8678=ORIENTED_EDGE('',*,*,#6810,.T.);
#8679=ORIENTED_EDGE('',*,*,#6811,.T.);
#8680=ORIENTED_EDGE('',*,*,#6812,.T.);
#8681=ORIENTED_EDGE('',*,*,#6813,.T.);
#8682=ORIENTED_EDGE('',*,*,#6814,.T.);
#8683=ORIENTED_EDGE('',*,*,#6815,.T.);
#8684=ORIENTED_EDGE('',*,*,#6816,.T.);
#8685=ORIENTED_EDGE('',*,*,#6817,.T.);
#8686=ORIENTED_EDGE('',*,*,#6818,.T.);
#8687=ORIENTED_EDGE('',*,*,#6819,.T.);
#8688=ORIENTED_EDGE('',*,*,#6820,.T.);
#8689=ORIENTED_EDGE('',*,*,#6821,.T.);
#8690=ORIENTED_EDGE('',*,*,#6822,.T.);
#8691=ORIENTED_EDGE('',*,*,#6823,.T.);
#8692=ORIENTED_EDGE('',*,*,#6824,.T.);
#8693=ORIENTED_EDGE('',*,*,#6825,.T.);
#8694=ORIENTED_EDGE('',*,*,#6826,.T.);
#8695=ORIENTED_EDGE('',*,*,#6827,.T.);
#8696=ORIENTED_EDGE('',*,*,#6828,.T.);
#8697=ORIENTED_EDGE('',*,*,#6829,.T.);
#8698=ORIENTED_EDGE('',*,*,#6830,.T.);
#8699=ORIENTED_EDGE('',*,*,#6831,.T.);
#8700=ORIENTED_EDGE('',*,*,#6832,.T.);
#8701=ORIENTED_EDGE('',*,*,#6833,.T.);
#8702=ORIENTED_EDGE('',*,*,#6834,.T.);
#8703=ORIENTED_EDGE('',*,*,#6835,.T.);
#8704=ORIENTED_EDGE('',*,*,#6836,.T.);
#8705=ORIENTED_EDGE('',*,*,#6837,.T.);
#8706=ORIENTED_EDGE('',*,*,#6838,.T.);
#8707=ORIENTED_EDGE('',*,*,#6839,.T.);
#8708=ORIENTED_EDGE('',*,*,#6840,.T.);
#8709=ORIENTED_EDGE('',*,*,#6841,.T.);
#8710=ORIENTED_EDGE('',*,*,#6842,.T.);
#8711=ORIENTED_EDGE('',*,*,#6843,.T.);
#8712=ORIENTED_EDGE('',*,*,#6844,.T.);
#8713=ORIENTED_EDGE('',*,*,#6845,.T.);
#8714=ORIENTED_EDGE('',*,*,#6846,.T.);
#8715=ORIENTED_EDGE('',*,*,#6847,.T.);
#8716=ORIENTED_EDGE('',*,*,#6848,.T.);
#8717=ORIENTED_EDGE('',*,*,#6849,.T.);
#8718=ORIENTED_EDGE('',*,*,#6850,.T.);
#8719=ORIENTED_EDGE('',*,*,#6851,.T.);
#8720=ORIENTED_EDGE('',*,*,#6852,.T.);
#8721=ORIENTED_EDGE('',*,*,#6853,.T.);
#8722=ORIENTED_EDGE('',*,*,#6854,.T.);
#8723=ORIENTED_EDGE('',*,*,#6855,.T.);
#8724=ORIENTED_EDGE('',*,*,#6856,.T.);
#8725=ORIENTED_EDGE('',*,*,#6857,.T.);
#8726=ORIENTED_EDGE('',*,*,#6858,.T.);
#8727=ORIENTED_EDGE('',*,*,#6859,.T.);
#8728=ORIENTED_EDGE('',*,*,#6860,.T.);
#8729=ORIENTED_EDGE('',*,*,#6861,.T.);
#8730=ORIENTED_EDGE('',*,*,#6862,.T.);
#8731=ORIENTED_EDGE('',*,*,#6863,.T.);
#8732=ORIENTED_EDGE('',*,*,#6864,.T.);
#8733=ORIENTED_EDGE('',*,*,#6865,.T.);
#8734=ORIENTED_EDGE('',*,*,#6866,.T.);
#8735=ORIENTED_EDGE('',*,*,#6867,.T.);
#8736=ORIENTED_EDGE('',*,*,#6868,.T.);
#8737=ORIENTED_EDGE('',*,*,#6869,.T.);
#8738=ORIENTED_EDGE('',*,*,#6870,.T.);
#8739=ORIENTED_EDGE('',*,*,#6871,.T.);
#8740=ORIENTED_EDGE('',*,*,#6872,.T.);
#8741=ORIENTED_EDGE('',*,*,#6873,.T.);
#8742=ORIENTED_EDGE('',*,*,#6874,.T.);
#8743=ORIENTED_EDGE('',*,*,#6875,.T.);
#8744=ORIENTED_EDGE('',*,*,#6876,.T.);
#8745=ORIENTED_EDGE('',*,*,#6877,.T.);
#8746=ORIENTED_EDGE('',*,*,#6878,.T.);
#8747=ORIENTED_EDGE('',*,*,#6879,.T.);
#8748=ORIENTED_EDGE('',*,*,#6880,.T.);
#8749=ORIENTED_EDGE('',*,*,#6881,.T.);
#8750=ORIENTED_EDGE('',*,*,#6882,.T.);
#8751=ORIENTED_EDGE('',*,*,#6883,.T.);
#8752=ORIENTED_EDGE('',*,*,#6884,.T.);
#8753=ORIENTED_EDGE('',*,*,#6885,.T.);
#8754=ORIENTED_EDGE('',*,*,#6886,.T.);
#8755=ORIENTED_EDGE('',*,*,#6887,.T.);
#8756=ORIENTED_EDGE('',*,*,#6888,.T.);
#8757=ORIENTED_EDGE('',*,*,#6889,.T.);
#8758=ORIENTED_EDGE('',*,*,#6890,.T.);
#8759=ORIENTED_EDGE('',*,*,#6891,.T.);
#8760=ORIENTED_EDGE('',*,*,#6892,.T.);
#8761=ORIENTED_EDGE('',*,*,#6893,.T.);
#8762=ORIENTED_EDGE('',*,*,#6894,.T.);
#8763=ORIENTED_EDGE('',*,*,#6895,.T.);
#8764=ORIENTED_EDGE('',*,*,#6896,.T.);
#8765=ORIENTED_EDGE('',*,*,#6897,.T.);
#8766=ORIENTED_EDGE('',*,*,#6898,.T.);
#8767=ORIENTED_EDGE('',*,*,#6899,.T.);
#8768=ORIENTED_EDGE('',*,*,#6900,.T.);
#8769=ORIENTED_EDGE('',*,*,#6901,.T.);
#8770=ORIENTED_EDGE('',*,*,#6902,.T.);
#8771=ORIENTED_EDGE('',*,*,#6903,.T.);
#8772=ORIENTED_EDGE('',*,*,#6904,.T.);
#8773=ORIENTED_EDGE('',*,*,#6905,.T.);
#8774=ORIENTED_EDGE('',*,*,#6906,.T.);
#8775=ORIENTED_EDGE('',*,*,#6907,.T.);
#8776=ORIENTED_EDGE('',*,*,#6908,.T.);
#8777=ORIENTED_EDGE('',*,*,#6909,.T.);
#8778=ORIENTED_EDGE('',*,*,#6910,.T.);
#8779=ORIENTED_EDGE('',*,*,#6911,.T.);
#8780=ORIENTED_EDGE('',*,*,#6912,.T.);
#8781=ORIENTED_EDGE('',*,*,#6913,.T.);
#8782=ORIENTED_EDGE('',*,*,#6914,.T.);
#8783=ORIENTED_EDGE('',*,*,#6915,.T.);
#8784=ORIENTED_EDGE('',*,*,#6916,.T.);
#8785=ORIENTED_EDGE('',*,*,#6917,.T.);
#8786=ORIENTED_EDGE('',*,*,#6918,.T.);
#8787=ORIENTED_EDGE('',*,*,#6919,.T.);
#8788=ORIENTED_EDGE('',*,*,#6920,.T.);
#8789=ORIENTED_EDGE('',*,*,#6921,.T.);
#8790=ORIENTED_EDGE('',*,*,#6922,.T.);
#8791=ORIENTED_EDGE('',*,*,#6923,.T.);
#8792=ORIENTED_EDGE('',*,*,#6924,.T.);
#8793=ORIENTED_EDGE('',*,*,#6925,.T.);
#8794=ORIENTED_EDGE('',*,*,#6926,.T.);
#8795=ORIENTED_EDGE('',*,*,#6927,.T.);
#8796=ORIENTED_EDGE('',*,*,#6928,.T.);
#8797=ORIENTED_EDGE('',*,*,#6929,.T.);
#8798=ORIENTED_EDGE('',*,*,#6930,.T.);
#8799=ORIENTED_EDGE('',*,*,#6931,.T.);
#8800=ORIENTED_EDGE('',*,*,#6932,.T.);
#8801=ORIENTED_EDGE('',*,*,#6933,.T.);
#8802=ORIENTED_EDGE('',*,*,#6934,.T.);
#8803=ORIENTED_EDGE('',*,*,#6935,.T.);
#8804=ORIENTED_EDGE('',*,*,#6936,.T.);
#8805=ORIENTED_EDGE('',*,*,#6937,.T.);
#8806=ORIENTED_EDGE('',*,*,#6938,.T.);
#8807=ORIENTED_EDGE('',*,*,#6939,.T.);
#8808=ORIENTED_EDGE('',*,*,#6940,.T.);
#8809=ORIENTED_EDGE('',*,*,#6941,.T.);
#8810=ORIENTED_EDGE('',*,*,#6942,.T.);
#8811=ORIENTED_EDGE('',*,*,#6943,.T.);
#8812=ORIENTED_EDGE('',*,*,#6944,.T.);
#8813=ORIENTED_EDGE('',*,*,#6945,.T.);
#8814=ORIENTED_EDGE('',*,*,#6946,.T.);
#8815=ORIENTED_EDGE('',*,*,#6947,.T.);
#8816=ORIENTED_EDGE('',*,*,#6948,.T.);
#8817=ORIENTED_EDGE('',*,*,#6949,.T.);
#8818=ORIENTED_EDGE('',*,*,#6950,.T.);
#8819=ORIENTED_EDGE('',*,*,#6951,.T.);
#8820=ORIENTED_EDGE('',*,*,#6952,.T.);
#8821=ORIENTED_EDGE('',*,*,#6953,.T.);
#8822=ORIENTED_EDGE('',*,*,#6954,.T.);
#8823=ORIENTED_EDGE('',*,*,#6955,.T.);
#8824=ORIENTED_EDGE('',*,*,#6956,.T.);
#8825=ORIENTED_EDGE('',*,*,#6957,.T.);
#8826=ORIENTED_EDGE('',*,*,#6958,.T.);
#8827=ORIENTED_EDGE('',*,*,#6959,.T.);
#8828=ORIENTED_EDGE('',*,*,#6960,.T.);
#8829=ORIENTED_EDGE('',*,*,#6961,.T.);
#8830=ORIENTED_EDGE('',*,*,#6962,.T.);
#8831=ORIENTED_EDGE('',*,*,#6963,.T.);
#8832=ORIENTED_EDGE('',*,*,#6964,.T.);
#8833=ORIENTED_EDGE('',*,*,#6965,.T.);
#8834=ORIENTED_EDGE('',*,*,#6966,.T.);
#8835=ORIENTED_EDGE('',*,*,#6967,.T.);
#8836=ORIENTED_EDGE('',*,*,#6968,.T.);
#8837=ORIENTED_EDGE('',*,*,#6969,.T.);
#8838=ORIENTED_EDGE('',*,*,#6970,.T.);
#8839=ORIENTED_EDGE('',*,*,#6971,.T.);
#8840=ORIENTED_EDGE('',*,*,#6972,.T.);
#8841=ORIENTED_EDGE('',*,*,#6973,.T.);
#8842=ORIENTED_EDGE('',*,*,#6974,.T.);
#8843=ORIENTED_EDGE('',*,*,#6975,.T.);
#8844=ORIENTED_EDGE('',*,*,#6976,.T.);
#8845=ORIENTED_EDGE('',*,*,#6977,.T.);
#8846=ORIENTED_EDGE('',*,*,#6978,.T.);
#8847=ORIENTED_EDGE('',*,*,#6979,.T.);
#8848=ORIENTED_EDGE('',*,*,#6980,.T.);
#8849=ORIENTED_EDGE('',*,*,#6981,.T.);
#8850=ORIENTED_EDGE('',*,*,#6982,.T.);
#8851=ORIENTED_EDGE('',*,*,#6983,.T.);
#8852=ORIENTED_EDGE('',*,*,#6984,.T.);
#8853=ORIENTED_EDGE('',*,*,#6985,.T.);
#8854=ORIENTED_EDGE('',*,*,#6986,.T.);
#8855=ORIENTED_EDGE('',*,*,#6987,.T.);
#8856=ORIENTED_EDGE('',*,*,#6988,.T.);
#8857=ORIENTED_EDGE('',*,*,#6989,.T.);
#8858=ORIENTED_EDGE('',*,*,#6990,.T.);
#8859=ORIENTED_EDGE('',*,*,#6991,.T.);
#8860=ORIENTED_EDGE('',*,*,#6992,.T.);
#8861=ORIENTED_EDGE('',*,*,#6993,.T.);
#8862=ORIENTED_EDGE('',*,*,#6994,.T.);
#8863=ORIENTED_EDGE('',*,*,#6995,.T.);
#8864=ORIENTED_EDGE('',*,*,#6996,.T.);
#8865=ORIENTED_EDGE('',*,*,#6997,.T.);
#8866=ORIENTED_EDGE('',*,*,#6998,.T.);
#8867=ORIENTED_EDGE('',*,*,#6999,.T.);
#8868=ORIENTED_EDGE('',*,*,#7000,.T.);
#8869=ORIENTED_EDGE('',*,*,#7001,.T.);
#8870=ORIENTED_EDGE('',*,*,#7002,.T.);
#8871=ORIENTED_EDGE('',*,*,#7003,.T.);
#8872=ORIENTED_EDGE('',*,*,#7004,.T.);
#8873=ORIENTED_EDGE('',*,*,#7005,.T.);
#8874=ORIENTED_EDGE('',*,*,#7006,.T.);
#8875=ORIENTED_EDGE('',*,*,#7007,.T.);
#8876=ORIENTED_EDGE('',*,*,#7008,.T.);
#8877=ORIENTED_EDGE('',*,*,#7009,.T.);
#8878=ORIENTED_EDGE('',*,*,#7010,.T.);
#8879=ORIENTED_EDGE('',*,*,#7011,.T.);
#8880=ORIENTED_EDGE('',*,*,#7012,.T.);
#8881=ORIENTED_EDGE('',*,*,#7013,.T.);
#8882=ORIENTED_EDGE('',*,*,#7014,.T.);
#8883=ORIENTED_EDGE('',*,*,#7015,.T.);
#8884=ORIENTED_EDGE('',*,*,#7016,.T.);
#8885=ORIENTED_EDGE('',*,*,#7017,.T.);
#8886=ORIENTED_EDGE('',*,*,#7018,.T.);
#8887=ORIENTED_EDGE('',*,*,#7019,.T.);
#8888=ORIENTED_EDGE('',*,*,#7020,.T.);
#8889=ORIENTED_EDGE('',*,*,#7021,.T.);
#8890=ORIENTED_EDGE('',*,*,#7022,.T.);
#8891=ORIENTED_EDGE('',*,*,#7023,.T.);
#8892=ORIENTED_EDGE('',*,*,#7024,.T.);
#8893=ORIENTED_EDGE('',*,*,#7025,.T.);
#8894=ORIENTED_EDGE('',*,*,#7026,.T.);
#8895=ORIENTED_EDGE('',*,*,#7027,.T.);
#8896=ORIENTED_EDGE('',*,*,#7028,.T.);
#8897=ORIENTED_EDGE('',*,*,#7029,.T.);
#8898=ORIENTED_EDGE('',*,*,#7030,.T.);
#8899=ORIENTED_EDGE('',*,*,#7031,.T.);
#8900=ORIENTED_EDGE('',*,*,#7032,.T.);
#8901=ORIENTED_EDGE('',*,*,#7033,.T.);
#8902=ORIENTED_EDGE('',*,*,#7034,.T.);
#8903=ORIENTED_EDGE('',*,*,#7035,.T.);
#8904=ORIENTED_EDGE('',*,*,#7036,.T.);
#8905=ORIENTED_EDGE('',*,*,#7037,.T.);
#8906=ORIENTED_EDGE('',*,*,#7038,.T.);
#8907=ORIENTED_EDGE('',*,*,#7039,.T.);
#8908=ORIENTED_EDGE('',*,*,#7040,.T.);
#8909=ORIENTED_EDGE('',*,*,#7041,.T.);
#8910=ORIENTED_EDGE('',*,*,#7042,.T.);
#8911=ORIENTED_EDGE('',*,*,#7043,.T.);
#8912=ORIENTED_EDGE('',*,*,#7044,.T.);
#8913=ORIENTED_EDGE('',*,*,#7045,.T.);
#8914=ORIENTED_EDGE('',*,*,#7046,.T.);
#8915=ORIENTED_EDGE('',*,*,#7047,.T.);
#8916=ORIENTED_EDGE('',*,*,#7048,.T.);
#8917=ORIENTED_EDGE('',*,*,#7049,.T.);
#8918=ORIENTED_EDGE('',*,*,#7050,.T.);
#8919=ORIENTED_EDGE('',*,*,#7051,.T.);
#8920=ORIENTED_EDGE('',*,*,#7052,.T.);
#8921=ORIENTED_EDGE('',*,*,#7053,.T.);
#8922=ORIENTED_EDGE('',*,*,#7054,.T.);
#8923=ORIENTED_EDGE('',*,*,#7055,.T.);
#8924=ORIENTED_EDGE('',*,*,#7056,.T.);
#8925=ORIENTED_EDGE('',*,*,#7057,.T.);
#8926=ORIENTED_EDGE('',*,*,#7058,.T.);
#8927=ORIENTED_EDGE('',*,*,#7059,.T.);
#8928=ORIENTED_EDGE('',*,*,#7060,.T.);
#8929=ORIENTED_EDGE('',*,*,#7061,.T.);
#8930=ORIENTED_EDGE('',*,*,#7062,.T.);
#8931=ORIENTED_EDGE('',*,*,#7063,.T.);
#8932=ORIENTED_EDGE('',*,*,#7064,.T.);
#8933=ORIENTED_EDGE('',*,*,#7065,.T.);
#8934=ORIENTED_EDGE('',*,*,#7066,.T.);
#8935=ORIENTED_EDGE('',*,*,#7067,.T.);
#8936=ORIENTED_EDGE('',*,*,#7068,.T.);
#8937=ORIENTED_EDGE('',*,*,#7069,.T.);
#8938=ORIENTED_EDGE('',*,*,#7070,.T.);
#8939=ORIENTED_EDGE('',*,*,#7071,.T.);
#8940=ORIENTED_EDGE('',*,*,#7072,.T.);
#8941=ORIENTED_EDGE('',*,*,#7073,.T.);
#8942=ORIENTED_EDGE('',*,*,#7074,.T.);
#8943=ORIENTED_EDGE('',*,*,#7075,.T.);
#8944=ORIENTED_EDGE('',*,*,#7076,.T.);
#8945=ORIENTED_EDGE('',*,*,#7077,.T.);
#8946=ORIENTED_EDGE('',*,*,#7078,.T.);
#8947=ORIENTED_EDGE('',*,*,#7079,.T.);
#8948=ORIENTED_EDGE('',*,*,#7080,.T.);
#8949=ORIENTED_EDGE('',*,*,#7081,.T.);
#8950=ORIENTED_EDGE('',*,*,#7082,.T.);
#8951=ORIENTED_EDGE('',*,*,#7083,.T.);
#8952=ORIENTED_EDGE('',*,*,#7084,.T.);
#8953=ORIENTED_EDGE('',*,*,#7085,.T.);
#8954=ORIENTED_EDGE('',*,*,#7086,.T.);
#8955=ORIENTED_EDGE('',*,*,#7087,.T.);
#8956=ORIENTED_EDGE('',*,*,#7088,.T.);
#8957=ORIENTED_EDGE('',*,*,#7089,.T.);
#8958=ORIENTED_EDGE('',*,*,#7090,.T.);
#8959=ORIENTED_EDGE('',*,*,#7091,.T.);
#8960=ORIENTED_EDGE('',*,*,#7092,.T.);
#8961=ORIENTED_EDGE('',*,*,#7093,.T.);
#8962=ORIENTED_EDGE('',*,*,#6625,.T.);
#8963=ORIENTED_EDGE('',*,*,#6564,.F.);
#8964=ORIENTED_EDGE('',*,*,#6468,.T.);
#8965=ORIENTED_EDGE('',*,*,#6616,.F.);
#8966=ORIENTED_EDGE('',*,*,#6429,.T.);
#8967=ORIENTED_EDGE('',*,*,#7094,.T.);
#8968=ORIENTED_EDGE('',*,*,#6574,.T.);
#8969=ORIENTED_EDGE('',*,*,#6623,.T.);
#8970=ORIENTED_EDGE('',*,*,#7094,.F.);
#8971=ORIENTED_EDGE('',*,*,#6428,.F.);
#8972=ORIENTED_EDGE('',*,*,#7095,.F.);
#8973=ORIENTED_EDGE('',*,*,#6575,.F.);
#8974=ORIENTED_EDGE('',*,*,#6576,.T.);
#8975=ORIENTED_EDGE('',*,*,#7095,.T.);
#8976=ORIENTED_EDGE('',*,*,#6427,.T.);
#8977=ORIENTED_EDGE('',*,*,#7096,.T.);
#8978=ORIENTED_EDGE('',*,*,#6453,.T.);
#8979=ORIENTED_EDGE('',*,*,#6598,.F.);
#8980=ORIENTED_EDGE('',*,*,#7097,.T.);
#8981=ORIENTED_EDGE('',*,*,#6599,.F.);
#8982=ORIENTED_EDGE('',*,*,#6536,.T.);
#8983=ORIENTED_EDGE('',*,*,#6621,.T.);
#8984=ORIENTED_EDGE('',*,*,#6516,.T.);
#8985=ORIENTED_EDGE('',*,*,#7098,.T.);
#8986=ORIENTED_EDGE('',*,*,#6606,.T.);
#8987=ORIENTED_EDGE('',*,*,#7099,.T.);
#8988=ORIENTED_EDGE('',*,*,#6618,.F.);
#8989=ORIENTED_EDGE('',*,*,#6472,.T.);
#8990=ORIENTED_EDGE('',*,*,#6426,.T.);
#8991=ORIENTED_EDGE('',*,*,#6592,.F.);
#8992=ORIENTED_EDGE('',*,*,#6608,.F.);
#8993=ORIENTED_EDGE('',*,*,#7097,.F.);
#8994=ORIENTED_EDGE('',*,*,#6601,.T.);
#8995=ORIENTED_EDGE('',*,*,#6590,.F.);
#8996=ORIENTED_EDGE('',*,*,#6537,.T.);
#8997=ORIENTED_EDGE('',*,*,#7098,.F.);
#8998=ORIENTED_EDGE('',*,*,#6515,.T.);
#8999=ORIENTED_EDGE('',*,*,#6613,.F.);
#9000=ORIENTED_EDGE('',*,*,#6603,.T.);
#9001=ORIENTED_EDGE('',*,*,#7099,.F.);
#9002=ORIENTED_EDGE('',*,*,#6605,.F.);
#9003=ORIENTED_EDGE('',*,*,#6582,.F.);
#9004=ORIENTED_EDGE('',*,*,#6577,.T.);
#9005=ORIENTED_EDGE('',*,*,#7096,.F.);
#9006=ORIENTED_EDGE('',*,*,#7100,.T.);
#9007=ORIENTED_EDGE('',*,*,#7101,.T.);
#9008=ORIENTED_EDGE('',*,*,#7102,.T.);
#9009=ORIENTED_EDGE('',*,*,#7103,.T.);
#9010=ORIENTED_EDGE('',*,*,#7104,.T.);
#9011=ORIENTED_EDGE('',*,*,#7105,.T.);
#9012=ORIENTED_EDGE('',*,*,#7106,.T.);
#9013=ORIENTED_EDGE('',*,*,#7107,.T.);
#9014=ORIENTED_EDGE('',*,*,#7108,.T.);
#9015=ORIENTED_EDGE('',*,*,#7109,.T.);
#9016=ORIENTED_EDGE('',*,*,#7110,.T.);
#9017=ORIENTED_EDGE('',*,*,#7111,.T.);
#9018=ORIENTED_EDGE('',*,*,#7112,.T.);
#9019=ORIENTED_EDGE('',*,*,#7113,.T.);
#9020=ORIENTED_EDGE('',*,*,#7114,.T.);
#9021=ORIENTED_EDGE('',*,*,#7115,.T.);
#9022=ORIENTED_EDGE('',*,*,#7116,.T.);
#9023=ORIENTED_EDGE('',*,*,#7117,.T.);
#9024=ORIENTED_EDGE('',*,*,#7118,.T.);
#9025=ORIENTED_EDGE('',*,*,#7119,.T.);
#9026=ORIENTED_EDGE('',*,*,#7120,.T.);
#9027=ORIENTED_EDGE('',*,*,#7121,.T.);
#9028=ORIENTED_EDGE('',*,*,#7122,.T.);
#9029=ORIENTED_EDGE('',*,*,#7123,.T.);
#9030=ORIENTED_EDGE('',*,*,#7124,.T.);
#9031=ORIENTED_EDGE('',*,*,#7125,.T.);
#9032=ORIENTED_EDGE('',*,*,#7126,.T.);
#9033=ORIENTED_EDGE('',*,*,#7127,.T.);
#9034=ORIENTED_EDGE('',*,*,#7128,.T.);
#9035=ORIENTED_EDGE('',*,*,#7129,.T.);
#9036=ORIENTED_EDGE('',*,*,#7130,.T.);
#9037=ORIENTED_EDGE('',*,*,#7131,.T.);
#9038=ORIENTED_EDGE('',*,*,#7132,.T.);
#9039=ORIENTED_EDGE('',*,*,#7133,.T.);
#9040=ORIENTED_EDGE('',*,*,#7134,.T.);
#9041=ORIENTED_EDGE('',*,*,#7135,.T.);
#9042=ORIENTED_EDGE('',*,*,#7136,.T.);
#9043=ORIENTED_EDGE('',*,*,#7137,.T.);
#9044=ORIENTED_EDGE('',*,*,#7138,.T.);
#9045=ORIENTED_EDGE('',*,*,#7139,.T.);
#9046=ORIENTED_EDGE('',*,*,#7140,.T.);
#9047=ORIENTED_EDGE('',*,*,#7141,.T.);
#9048=ORIENTED_EDGE('',*,*,#7142,.T.);
#9049=ORIENTED_EDGE('',*,*,#7143,.T.);
#9050=ORIENTED_EDGE('',*,*,#7144,.T.);
#9051=ORIENTED_EDGE('',*,*,#7145,.T.);
#9052=ORIENTED_EDGE('',*,*,#7146,.T.);
#9053=ORIENTED_EDGE('',*,*,#7147,.T.);
#9054=ORIENTED_EDGE('',*,*,#7148,.T.);
#9055=ORIENTED_EDGE('',*,*,#7149,.T.);
#9056=ORIENTED_EDGE('',*,*,#7150,.T.);
#9057=ORIENTED_EDGE('',*,*,#7151,.T.);
#9058=ORIENTED_EDGE('',*,*,#7152,.T.);
#9059=ORIENTED_EDGE('',*,*,#7153,.T.);
#9060=ORIENTED_EDGE('',*,*,#7154,.T.);
#9061=ORIENTED_EDGE('',*,*,#7155,.T.);
#9062=ORIENTED_EDGE('',*,*,#7156,.T.);
#9063=ORIENTED_EDGE('',*,*,#7157,.T.);
#9064=ORIENTED_EDGE('',*,*,#7158,.T.);
#9065=ORIENTED_EDGE('',*,*,#7159,.T.);
#9066=ORIENTED_EDGE('',*,*,#7160,.T.);
#9067=ORIENTED_EDGE('',*,*,#7161,.T.);
#9068=ORIENTED_EDGE('',*,*,#7162,.T.);
#9069=ORIENTED_EDGE('',*,*,#7163,.T.);
#9070=ORIENTED_EDGE('',*,*,#7164,.T.);
#9071=ORIENTED_EDGE('',*,*,#7165,.T.);
#9072=ORIENTED_EDGE('',*,*,#7166,.T.);
#9073=ORIENTED_EDGE('',*,*,#7167,.T.);
#9074=ORIENTED_EDGE('',*,*,#7168,.T.);
#9075=ORIENTED_EDGE('',*,*,#7169,.T.);
#9076=ORIENTED_EDGE('',*,*,#7170,.T.);
#9077=ORIENTED_EDGE('',*,*,#7171,.T.);
#9078=ORIENTED_EDGE('',*,*,#7172,.T.);
#9079=ORIENTED_EDGE('',*,*,#7173,.T.);
#9080=ORIENTED_EDGE('',*,*,#7174,.T.);
#9081=ORIENTED_EDGE('',*,*,#7175,.T.);
#9082=ORIENTED_EDGE('',*,*,#7176,.T.);
#9083=ORIENTED_EDGE('',*,*,#7177,.T.);
#9084=ORIENTED_EDGE('',*,*,#7178,.T.);
#9085=ORIENTED_EDGE('',*,*,#7179,.T.);
#9086=ORIENTED_EDGE('',*,*,#7180,.T.);
#9087=ORIENTED_EDGE('',*,*,#7181,.T.);
#9088=ORIENTED_EDGE('',*,*,#7182,.T.);
#9089=ORIENTED_EDGE('',*,*,#7183,.T.);
#9090=ORIENTED_EDGE('',*,*,#7184,.T.);
#9091=ORIENTED_EDGE('',*,*,#7185,.T.);
#9092=ORIENTED_EDGE('',*,*,#7186,.T.);
#9093=ORIENTED_EDGE('',*,*,#7187,.T.);
#9094=ORIENTED_EDGE('',*,*,#7188,.T.);
#9095=ORIENTED_EDGE('',*,*,#7189,.T.);
#9096=ORIENTED_EDGE('',*,*,#7190,.T.);
#9097=ORIENTED_EDGE('',*,*,#7191,.T.);
#9098=ORIENTED_EDGE('',*,*,#7192,.T.);
#9099=ORIENTED_EDGE('',*,*,#7193,.T.);
#9100=ORIENTED_EDGE('',*,*,#7194,.T.);
#9101=ORIENTED_EDGE('',*,*,#7195,.T.);
#9102=ORIENTED_EDGE('',*,*,#7196,.T.);
#9103=ORIENTED_EDGE('',*,*,#7197,.T.);
#9104=ORIENTED_EDGE('',*,*,#7198,.T.);
#9105=ORIENTED_EDGE('',*,*,#7199,.T.);
#9106=ORIENTED_EDGE('',*,*,#7200,.T.);
#9107=ORIENTED_EDGE('',*,*,#7201,.T.);
#9108=ORIENTED_EDGE('',*,*,#7202,.T.);
#9109=ORIENTED_EDGE('',*,*,#7203,.T.);
#9110=ORIENTED_EDGE('',*,*,#7204,.T.);
#9111=ORIENTED_EDGE('',*,*,#7205,.T.);
#9112=ORIENTED_EDGE('',*,*,#7206,.T.);
#9113=ORIENTED_EDGE('',*,*,#7207,.T.);
#9114=ORIENTED_EDGE('',*,*,#7208,.T.);
#9115=ORIENTED_EDGE('',*,*,#7209,.T.);
#9116=ORIENTED_EDGE('',*,*,#7210,.T.);
#9117=ORIENTED_EDGE('',*,*,#7211,.T.);
#9118=ORIENTED_EDGE('',*,*,#7212,.T.);
#9119=ORIENTED_EDGE('',*,*,#7213,.T.);
#9120=ORIENTED_EDGE('',*,*,#7214,.T.);
#9121=ORIENTED_EDGE('',*,*,#7215,.T.);
#9122=ORIENTED_EDGE('',*,*,#7216,.T.);
#9123=ORIENTED_EDGE('',*,*,#7217,.T.);
#9124=ORIENTED_EDGE('',*,*,#7218,.T.);
#9125=ORIENTED_EDGE('',*,*,#7219,.T.);
#9126=ORIENTED_EDGE('',*,*,#7220,.T.);
#9127=ORIENTED_EDGE('',*,*,#7221,.T.);
#9128=ORIENTED_EDGE('',*,*,#7222,.T.);
#9129=ORIENTED_EDGE('',*,*,#7223,.T.);
#9130=ORIENTED_EDGE('',*,*,#7224,.T.);
#9131=ORIENTED_EDGE('',*,*,#7225,.T.);
#9132=ORIENTED_EDGE('',*,*,#7226,.T.);
#9133=ORIENTED_EDGE('',*,*,#7227,.T.);
#9134=ORIENTED_EDGE('',*,*,#7228,.T.);
#9135=ORIENTED_EDGE('',*,*,#7229,.T.);
#9136=ORIENTED_EDGE('',*,*,#7230,.T.);
#9137=ORIENTED_EDGE('',*,*,#7231,.T.);
#9138=ORIENTED_EDGE('',*,*,#7232,.T.);
#9139=ORIENTED_EDGE('',*,*,#7233,.T.);
#9140=ORIENTED_EDGE('',*,*,#7234,.T.);
#9141=ORIENTED_EDGE('',*,*,#7235,.T.);
#9142=ORIENTED_EDGE('',*,*,#7236,.T.);
#9143=ORIENTED_EDGE('',*,*,#7237,.T.);
#9144=ORIENTED_EDGE('',*,*,#7238,.T.);
#9145=ORIENTED_EDGE('',*,*,#7239,.T.);
#9146=ORIENTED_EDGE('',*,*,#7240,.T.);
#9147=ORIENTED_EDGE('',*,*,#7241,.T.);
#9148=ORIENTED_EDGE('',*,*,#7242,.T.);
#9149=ORIENTED_EDGE('',*,*,#7243,.T.);
#9150=ORIENTED_EDGE('',*,*,#7244,.T.);
#9151=ORIENTED_EDGE('',*,*,#7245,.T.);
#9152=ORIENTED_EDGE('',*,*,#7246,.T.);
#9153=ORIENTED_EDGE('',*,*,#7247,.T.);
#9154=ORIENTED_EDGE('',*,*,#7248,.T.);
#9155=ORIENTED_EDGE('',*,*,#7249,.T.);
#9156=ORIENTED_EDGE('',*,*,#7250,.T.);
#9157=ORIENTED_EDGE('',*,*,#7251,.T.);
#9158=ORIENTED_EDGE('',*,*,#7252,.T.);
#9159=ORIENTED_EDGE('',*,*,#7253,.T.);
#9160=ORIENTED_EDGE('',*,*,#7254,.T.);
#9161=ORIENTED_EDGE('',*,*,#7255,.T.);
#9162=ORIENTED_EDGE('',*,*,#7256,.T.);
#9163=ORIENTED_EDGE('',*,*,#7257,.T.);
#9164=ORIENTED_EDGE('',*,*,#7258,.T.);
#9165=ORIENTED_EDGE('',*,*,#7259,.T.);
#9166=ORIENTED_EDGE('',*,*,#7260,.T.);
#9167=ORIENTED_EDGE('',*,*,#7261,.T.);
#9168=ORIENTED_EDGE('',*,*,#7262,.T.);
#9169=ORIENTED_EDGE('',*,*,#7263,.T.);
#9170=ORIENTED_EDGE('',*,*,#7264,.T.);
#9171=ORIENTED_EDGE('',*,*,#7265,.T.);
#9172=ORIENTED_EDGE('',*,*,#7266,.T.);
#9173=ORIENTED_EDGE('',*,*,#7267,.T.);
#9174=ORIENTED_EDGE('',*,*,#7268,.T.);
#9175=ORIENTED_EDGE('',*,*,#7269,.T.);
#9176=ORIENTED_EDGE('',*,*,#7270,.T.);
#9177=ORIENTED_EDGE('',*,*,#7271,.T.);
#9178=ORIENTED_EDGE('',*,*,#7272,.T.);
#9179=ORIENTED_EDGE('',*,*,#7273,.T.);
#9180=ORIENTED_EDGE('',*,*,#7274,.T.);
#9181=ORIENTED_EDGE('',*,*,#7275,.T.);
#9182=ORIENTED_EDGE('',*,*,#7276,.T.);
#9183=ORIENTED_EDGE('',*,*,#7277,.T.);
#9184=ORIENTED_EDGE('',*,*,#7278,.T.);
#9185=ORIENTED_EDGE('',*,*,#7279,.T.);
#9186=ORIENTED_EDGE('',*,*,#7280,.T.);
#9187=ORIENTED_EDGE('',*,*,#7281,.T.);
#9188=ORIENTED_EDGE('',*,*,#7282,.T.);
#9189=ORIENTED_EDGE('',*,*,#7283,.T.);
#9190=ORIENTED_EDGE('',*,*,#7284,.T.);
#9191=ORIENTED_EDGE('',*,*,#7285,.T.);
#9192=ORIENTED_EDGE('',*,*,#7286,.T.);
#9193=ORIENTED_EDGE('',*,*,#7287,.T.);
#9194=ORIENTED_EDGE('',*,*,#7288,.T.);
#9195=ORIENTED_EDGE('',*,*,#7289,.T.);
#9196=ORIENTED_EDGE('',*,*,#7290,.T.);
#9197=ORIENTED_EDGE('',*,*,#7291,.T.);
#9198=ORIENTED_EDGE('',*,*,#7292,.T.);
#9199=ORIENTED_EDGE('',*,*,#7293,.T.);
#9200=ORIENTED_EDGE('',*,*,#7294,.T.);
#9201=ORIENTED_EDGE('',*,*,#7295,.T.);
#9202=ORIENTED_EDGE('',*,*,#7296,.T.);
#9203=ORIENTED_EDGE('',*,*,#7297,.T.);
#9204=ORIENTED_EDGE('',*,*,#7298,.T.);
#9205=ORIENTED_EDGE('',*,*,#7299,.T.);
#9206=ORIENTED_EDGE('',*,*,#7300,.T.);
#9207=ORIENTED_EDGE('',*,*,#7301,.T.);
#9208=ORIENTED_EDGE('',*,*,#7302,.T.);
#9209=ORIENTED_EDGE('',*,*,#7303,.T.);
#9210=ORIENTED_EDGE('',*,*,#7304,.T.);
#9211=ORIENTED_EDGE('',*,*,#7305,.T.);
#9212=ORIENTED_EDGE('',*,*,#7306,.T.);
#9213=ORIENTED_EDGE('',*,*,#7307,.T.);
#9214=ORIENTED_EDGE('',*,*,#7308,.T.);
#9215=ORIENTED_EDGE('',*,*,#7309,.T.);
#9216=ORIENTED_EDGE('',*,*,#7310,.T.);
#9217=ORIENTED_EDGE('',*,*,#7311,.T.);
#9218=ORIENTED_EDGE('',*,*,#7312,.T.);
#9219=ORIENTED_EDGE('',*,*,#7313,.T.);
#9220=ORIENTED_EDGE('',*,*,#7314,.T.);
#9221=ORIENTED_EDGE('',*,*,#7315,.T.);
#9222=ORIENTED_EDGE('',*,*,#7316,.T.);
#9223=ORIENTED_EDGE('',*,*,#7317,.T.);
#9224=ORIENTED_EDGE('',*,*,#7318,.T.);
#9225=ORIENTED_EDGE('',*,*,#7319,.T.);
#9226=ORIENTED_EDGE('',*,*,#7320,.T.);
#9227=ORIENTED_EDGE('',*,*,#7321,.T.);
#9228=ORIENTED_EDGE('',*,*,#7322,.T.);
#9229=ORIENTED_EDGE('',*,*,#7323,.T.);
#9230=ORIENTED_EDGE('',*,*,#7324,.T.);
#9231=ORIENTED_EDGE('',*,*,#7325,.T.);
#9232=ORIENTED_EDGE('',*,*,#7326,.T.);
#9233=ORIENTED_EDGE('',*,*,#7327,.T.);
#9234=ORIENTED_EDGE('',*,*,#7328,.T.);
#9235=ORIENTED_EDGE('',*,*,#7329,.T.);
#9236=ORIENTED_EDGE('',*,*,#7330,.T.);
#9237=ORIENTED_EDGE('',*,*,#7331,.T.);
#9238=ORIENTED_EDGE('',*,*,#7332,.T.);
#9239=ORIENTED_EDGE('',*,*,#7333,.T.);
#9240=ORIENTED_EDGE('',*,*,#7334,.T.);
#9241=ORIENTED_EDGE('',*,*,#7335,.T.);
#9242=ORIENTED_EDGE('',*,*,#7336,.T.);
#9243=ORIENTED_EDGE('',*,*,#7337,.T.);
#9244=ORIENTED_EDGE('',*,*,#7338,.T.);
#9245=ORIENTED_EDGE('',*,*,#7339,.T.);
#9246=ORIENTED_EDGE('',*,*,#7340,.T.);
#9247=ORIENTED_EDGE('',*,*,#7341,.T.);
#9248=ORIENTED_EDGE('',*,*,#7342,.T.);
#9249=ORIENTED_EDGE('',*,*,#7343,.T.);
#9250=ORIENTED_EDGE('',*,*,#7344,.T.);
#9251=ORIENTED_EDGE('',*,*,#7345,.T.);
#9252=ORIENTED_EDGE('',*,*,#7346,.T.);
#9253=ORIENTED_EDGE('',*,*,#7347,.T.);
#9254=ORIENTED_EDGE('',*,*,#7348,.T.);
#9255=ORIENTED_EDGE('',*,*,#7349,.T.);
#9256=ORIENTED_EDGE('',*,*,#7350,.T.);
#9257=ORIENTED_EDGE('',*,*,#7351,.T.);
#9258=ORIENTED_EDGE('',*,*,#7352,.T.);
#9259=ORIENTED_EDGE('',*,*,#7353,.T.);
#9260=ORIENTED_EDGE('',*,*,#7354,.T.);
#9261=ORIENTED_EDGE('',*,*,#7355,.T.);
#9262=ORIENTED_EDGE('',*,*,#7356,.T.);
#9263=ORIENTED_EDGE('',*,*,#7357,.T.);
#9264=ORIENTED_EDGE('',*,*,#7358,.T.);
#9265=ORIENTED_EDGE('',*,*,#7359,.T.);
#9266=ORIENTED_EDGE('',*,*,#7360,.T.);
#9267=ORIENTED_EDGE('',*,*,#7361,.T.);
#9268=ORIENTED_EDGE('',*,*,#7362,.T.);
#9269=ORIENTED_EDGE('',*,*,#7363,.T.);
#9270=ORIENTED_EDGE('',*,*,#7364,.T.);
#9271=ORIENTED_EDGE('',*,*,#7365,.T.);
#9272=ORIENTED_EDGE('',*,*,#7366,.T.);
#9273=ORIENTED_EDGE('',*,*,#7367,.T.);
#9274=ORIENTED_EDGE('',*,*,#7368,.T.);
#9275=ORIENTED_EDGE('',*,*,#7369,.T.);
#9276=ORIENTED_EDGE('',*,*,#7370,.T.);
#9277=ORIENTED_EDGE('',*,*,#7371,.T.);
#9278=ORIENTED_EDGE('',*,*,#7372,.T.);
#9279=ORIENTED_EDGE('',*,*,#7373,.T.);
#9280=ORIENTED_EDGE('',*,*,#7374,.T.);
#9281=ORIENTED_EDGE('',*,*,#7375,.T.);
#9282=ORIENTED_EDGE('',*,*,#7376,.T.);
#9283=ORIENTED_EDGE('',*,*,#7377,.T.);
#9284=ORIENTED_EDGE('',*,*,#7378,.T.);
#9285=ORIENTED_EDGE('',*,*,#7379,.T.);
#9286=ORIENTED_EDGE('',*,*,#7380,.T.);
#9287=ORIENTED_EDGE('',*,*,#7381,.T.);
#9288=ORIENTED_EDGE('',*,*,#7382,.T.);
#9289=ORIENTED_EDGE('',*,*,#7383,.T.);
#9290=ORIENTED_EDGE('',*,*,#7384,.T.);
#9291=ORIENTED_EDGE('',*,*,#7385,.T.);
#9292=ORIENTED_EDGE('',*,*,#7386,.T.);
#9293=ORIENTED_EDGE('',*,*,#7387,.T.);
#9294=ORIENTED_EDGE('',*,*,#7388,.T.);
#9295=ORIENTED_EDGE('',*,*,#7389,.T.);
#9296=ORIENTED_EDGE('',*,*,#7390,.T.);
#9297=ORIENTED_EDGE('',*,*,#7391,.T.);
#9298=ORIENTED_EDGE('',*,*,#7392,.T.);
#9299=ORIENTED_EDGE('',*,*,#7393,.T.);
#9300=ORIENTED_EDGE('',*,*,#7394,.T.);
#9301=ORIENTED_EDGE('',*,*,#7395,.T.);
#9302=ORIENTED_EDGE('',*,*,#7396,.T.);
#9303=ORIENTED_EDGE('',*,*,#7397,.T.);
#9304=ORIENTED_EDGE('',*,*,#7398,.T.);
#9305=ORIENTED_EDGE('',*,*,#7399,.T.);
#9306=ORIENTED_EDGE('',*,*,#7400,.T.);
#9307=ORIENTED_EDGE('',*,*,#7401,.T.);
#9308=ORIENTED_EDGE('',*,*,#7402,.T.);
#9309=ORIENTED_EDGE('',*,*,#7403,.T.);
#9310=ORIENTED_EDGE('',*,*,#7404,.T.);
#9311=ORIENTED_EDGE('',*,*,#7405,.T.);
#9312=ORIENTED_EDGE('',*,*,#7406,.T.);
#9313=ORIENTED_EDGE('',*,*,#7407,.T.);
#9314=ORIENTED_EDGE('',*,*,#7408,.T.);
#9315=ORIENTED_EDGE('',*,*,#7409,.T.);
#9316=ORIENTED_EDGE('',*,*,#7410,.T.);
#9317=ORIENTED_EDGE('',*,*,#7411,.T.);
#9318=ORIENTED_EDGE('',*,*,#7412,.T.);
#9319=ORIENTED_EDGE('',*,*,#7413,.T.);
#9320=ORIENTED_EDGE('',*,*,#7414,.T.);
#9321=ORIENTED_EDGE('',*,*,#7415,.T.);
#9322=ORIENTED_EDGE('',*,*,#7416,.T.);
#9323=ORIENTED_EDGE('',*,*,#7417,.T.);
#9324=ORIENTED_EDGE('',*,*,#7418,.T.);
#9325=ORIENTED_EDGE('',*,*,#7419,.T.);
#9326=ORIENTED_EDGE('',*,*,#7420,.T.);
#9327=ORIENTED_EDGE('',*,*,#7421,.T.);
#9328=ORIENTED_EDGE('',*,*,#7422,.T.);
#9329=ORIENTED_EDGE('',*,*,#7423,.T.);
#9330=ORIENTED_EDGE('',*,*,#7424,.T.);
#9331=ORIENTED_EDGE('',*,*,#7425,.T.);
#9332=ORIENTED_EDGE('',*,*,#7426,.T.);
#9333=ORIENTED_EDGE('',*,*,#7427,.T.);
#9334=ORIENTED_EDGE('',*,*,#7428,.T.);
#9335=ORIENTED_EDGE('',*,*,#7429,.T.);
#9336=ORIENTED_EDGE('',*,*,#7430,.T.);
#9337=ORIENTED_EDGE('',*,*,#7431,.T.);
#9338=ORIENTED_EDGE('',*,*,#7432,.T.);
#9339=ORIENTED_EDGE('',*,*,#7433,.T.);
#9340=ORIENTED_EDGE('',*,*,#7434,.T.);
#9341=ORIENTED_EDGE('',*,*,#7435,.T.);
#9342=ORIENTED_EDGE('',*,*,#7436,.T.);
#9343=ORIENTED_EDGE('',*,*,#7437,.T.);
#9344=ORIENTED_EDGE('',*,*,#7438,.T.);
#9345=ORIENTED_EDGE('',*,*,#7439,.T.);
#9346=ORIENTED_EDGE('',*,*,#7440,.T.);
#9347=ORIENTED_EDGE('',*,*,#7441,.T.);
#9348=ORIENTED_EDGE('',*,*,#7442,.T.);
#9349=ORIENTED_EDGE('',*,*,#7443,.T.);
#9350=ORIENTED_EDGE('',*,*,#7444,.T.);
#9351=ORIENTED_EDGE('',*,*,#7445,.T.);
#9352=ORIENTED_EDGE('',*,*,#7446,.T.);
#9353=ORIENTED_EDGE('',*,*,#7447,.T.);
#9354=ORIENTED_EDGE('',*,*,#7448,.T.);
#9355=ORIENTED_EDGE('',*,*,#7449,.T.);
#9356=ORIENTED_EDGE('',*,*,#7450,.T.);
#9357=ORIENTED_EDGE('',*,*,#7451,.T.);
#9358=ORIENTED_EDGE('',*,*,#7452,.T.);
#9359=ORIENTED_EDGE('',*,*,#7453,.T.);
#9360=ORIENTED_EDGE('',*,*,#7454,.T.);
#9361=ORIENTED_EDGE('',*,*,#7455,.T.);
#9362=ORIENTED_EDGE('',*,*,#7456,.T.);
#9363=ORIENTED_EDGE('',*,*,#7457,.T.);
#9364=ORIENTED_EDGE('',*,*,#7458,.T.);
#9365=ORIENTED_EDGE('',*,*,#7459,.T.);
#9366=ORIENTED_EDGE('',*,*,#7460,.T.);
#9367=ORIENTED_EDGE('',*,*,#7461,.T.);
#9368=ORIENTED_EDGE('',*,*,#7462,.T.);
#9369=ORIENTED_EDGE('',*,*,#7463,.T.);
#9370=ORIENTED_EDGE('',*,*,#7464,.T.);
#9371=ORIENTED_EDGE('',*,*,#7465,.T.);
#9372=ORIENTED_EDGE('',*,*,#7466,.T.);
#9373=ORIENTED_EDGE('',*,*,#7467,.T.);
#9374=ORIENTED_EDGE('',*,*,#7468,.T.);
#9375=ORIENTED_EDGE('',*,*,#7469,.T.);
#9376=ORIENTED_EDGE('',*,*,#7470,.T.);
#9377=ORIENTED_EDGE('',*,*,#7471,.T.);
#9378=ORIENTED_EDGE('',*,*,#7472,.T.);
#9379=ORIENTED_EDGE('',*,*,#7473,.T.);
#9380=ORIENTED_EDGE('',*,*,#7474,.T.);
#9381=ORIENTED_EDGE('',*,*,#7475,.T.);
#9382=ORIENTED_EDGE('',*,*,#7476,.T.);
#9383=ORIENTED_EDGE('',*,*,#7477,.T.);
#9384=ORIENTED_EDGE('',*,*,#7478,.T.);
#9385=ORIENTED_EDGE('',*,*,#7479,.T.);
#9386=ORIENTED_EDGE('',*,*,#7480,.T.);
#9387=ORIENTED_EDGE('',*,*,#7481,.T.);
#9388=ORIENTED_EDGE('',*,*,#7482,.T.);
#9389=ORIENTED_EDGE('',*,*,#7483,.T.);
#9390=ORIENTED_EDGE('',*,*,#7484,.T.);
#9391=ORIENTED_EDGE('',*,*,#7485,.T.);
#9392=ORIENTED_EDGE('',*,*,#7486,.T.);
#9393=ORIENTED_EDGE('',*,*,#7487,.T.);
#9394=ORIENTED_EDGE('',*,*,#7488,.T.);
#9395=ORIENTED_EDGE('',*,*,#7489,.T.);
#9396=ORIENTED_EDGE('',*,*,#7490,.T.);
#9397=ORIENTED_EDGE('',*,*,#7491,.T.);
#9398=ORIENTED_EDGE('',*,*,#7492,.T.);
#9399=ORIENTED_EDGE('',*,*,#7493,.T.);
#9400=ORIENTED_EDGE('',*,*,#7494,.T.);
#9401=ORIENTED_EDGE('',*,*,#7495,.T.);
#9402=ORIENTED_EDGE('',*,*,#7496,.T.);
#9403=ORIENTED_EDGE('',*,*,#7497,.T.);
#9404=ORIENTED_EDGE('',*,*,#7498,.T.);
#9405=ORIENTED_EDGE('',*,*,#7499,.T.);
#9406=ORIENTED_EDGE('',*,*,#7500,.T.);
#9407=ORIENTED_EDGE('',*,*,#7501,.T.);
#9408=ORIENTED_EDGE('',*,*,#7502,.T.);
#9409=ORIENTED_EDGE('',*,*,#7503,.T.);
#9410=ORIENTED_EDGE('',*,*,#7504,.T.);
#9411=ORIENTED_EDGE('',*,*,#7505,.T.);
#9412=ORIENTED_EDGE('',*,*,#7506,.T.);
#9413=ORIENTED_EDGE('',*,*,#7507,.T.);
#9414=ORIENTED_EDGE('',*,*,#7508,.T.);
#9415=ORIENTED_EDGE('',*,*,#7509,.T.);
#9416=ORIENTED_EDGE('',*,*,#7510,.T.);
#9417=ORIENTED_EDGE('',*,*,#7511,.T.);
#9418=ORIENTED_EDGE('',*,*,#7512,.T.);
#9419=ORIENTED_EDGE('',*,*,#7513,.T.);
#9420=ORIENTED_EDGE('',*,*,#7514,.T.);
#9421=ORIENTED_EDGE('',*,*,#7515,.T.);
#9422=ORIENTED_EDGE('',*,*,#7516,.T.);
#9423=ORIENTED_EDGE('',*,*,#7517,.T.);
#9424=ORIENTED_EDGE('',*,*,#7518,.T.);
#9425=ORIENTED_EDGE('',*,*,#7519,.T.);
#9426=ORIENTED_EDGE('',*,*,#7520,.T.);
#9427=ORIENTED_EDGE('',*,*,#7521,.T.);
#9428=ORIENTED_EDGE('',*,*,#7522,.T.);
#9429=ORIENTED_EDGE('',*,*,#7523,.T.);
#9430=ORIENTED_EDGE('',*,*,#7524,.T.);
#9431=ORIENTED_EDGE('',*,*,#7525,.T.);
#9432=ORIENTED_EDGE('',*,*,#7526,.T.);
#9433=ORIENTED_EDGE('',*,*,#7527,.T.);
#9434=ORIENTED_EDGE('',*,*,#7528,.T.);
#9435=ORIENTED_EDGE('',*,*,#7529,.T.);
#9436=ORIENTED_EDGE('',*,*,#7530,.T.);
#9437=ORIENTED_EDGE('',*,*,#7531,.T.);
#9438=ORIENTED_EDGE('',*,*,#7532,.T.);
#9439=ORIENTED_EDGE('',*,*,#7533,.T.);
#9440=ORIENTED_EDGE('',*,*,#7534,.T.);
#9441=ORIENTED_EDGE('',*,*,#7535,.T.);
#9442=ORIENTED_EDGE('',*,*,#7536,.T.);
#9443=ORIENTED_EDGE('',*,*,#7537,.T.);
#9444=ORIENTED_EDGE('',*,*,#7538,.T.);
#9445=ORIENTED_EDGE('',*,*,#7539,.T.);
#9446=ORIENTED_EDGE('',*,*,#7540,.T.);
#9447=ORIENTED_EDGE('',*,*,#7541,.T.);
#9448=ORIENTED_EDGE('',*,*,#7542,.T.);
#9449=ORIENTED_EDGE('',*,*,#7543,.T.);
#9450=ORIENTED_EDGE('',*,*,#7544,.T.);
#9451=ORIENTED_EDGE('',*,*,#7545,.T.);
#9452=ORIENTED_EDGE('',*,*,#7546,.T.);
#9453=ORIENTED_EDGE('',*,*,#7547,.T.);
#9454=ORIENTED_EDGE('',*,*,#7548,.T.);
#9455=ORIENTED_EDGE('',*,*,#7549,.T.);
#9456=ORIENTED_EDGE('',*,*,#7550,.T.);
#9457=ORIENTED_EDGE('',*,*,#7551,.T.);
#9458=ORIENTED_EDGE('',*,*,#7552,.T.);
#9459=ORIENTED_EDGE('',*,*,#7553,.T.);
#9460=ORIENTED_EDGE('',*,*,#7554,.T.);
#9461=ORIENTED_EDGE('',*,*,#7555,.T.);
#9462=ORIENTED_EDGE('',*,*,#7556,.T.);
#9463=ORIENTED_EDGE('',*,*,#7557,.T.);
#9464=ORIENTED_EDGE('',*,*,#7558,.T.);
#9465=ORIENTED_EDGE('',*,*,#7559,.T.);
#9466=ORIENTED_EDGE('',*,*,#7560,.T.);
#9467=ORIENTED_EDGE('',*,*,#7561,.T.);
#9468=ORIENTED_EDGE('',*,*,#7562,.T.);
#9469=ORIENTED_EDGE('',*,*,#7563,.T.);
#9470=ORIENTED_EDGE('',*,*,#7564,.T.);
#9471=ORIENTED_EDGE('',*,*,#7565,.T.);
#9472=ORIENTED_EDGE('',*,*,#7566,.T.);
#9473=ORIENTED_EDGE('',*,*,#7567,.T.);
#9474=ORIENTED_EDGE('',*,*,#6486,.F.);
#9475=ORIENTED_EDGE('',*,*,#6617,.F.);
#9476=ORIENTED_EDGE('',*,*,#6500,.F.);
#9477=ORIENTED_EDGE('',*,*,#6492,.F.);
#9478=ORIENTED_EDGE('',*,*,#6475,.F.);
#9479=ORIENTED_EDGE('',*,*,#6482,.T.);
#9480=ORIENTED_EDGE('',*,*,#6521,.F.);
#9481=ORIENTED_EDGE('',*,*,#6526,.T.);
#9482=ORIENTED_EDGE('',*,*,#6541,.F.);
#9483=ORIENTED_EDGE('',*,*,#6505,.F.);
#9484=ORIENTED_EDGE('',*,*,#6549,.F.);
#9485=ORIENTED_EDGE('',*,*,#6451,.F.);
#9486=ORIENTED_EDGE('',*,*,#6420,.F.);
#9487=ORIENTED_EDGE('',*,*,#6432,.T.);
#9488=ORIENTED_EDGE('',*,*,#6558,.F.);
#9489=ORIENTED_EDGE('',*,*,#6561,.F.);
#9490=ORIENTED_EDGE('',*,*,#6555,.F.);
#9491=ORIENTED_EDGE('',*,*,#6447,.T.);
#9492=ORIENTED_EDGE('',*,*,#6458,.F.);
#9493=ORIENTED_EDGE('',*,*,#6459,.T.);
#9494=ORIENTED_EDGE('',*,*,#6565,.F.);
#9495=ORIENTED_EDGE('',*,*,#6624,.F.);
#9496=ORIENTED_EDGE('',*,*,#6570,.F.);
#9497=ORIENTED_EDGE('',*,*,#6566,.T.);
#9498=ORIENTED_EDGE('',*,*,#7565,.F.);
#9499=ORIENTED_EDGE('',*,*,#7568,.F.);
#9500=ORIENTED_EDGE('',*,*,#6629,.F.);
#9501=ORIENTED_EDGE('',*,*,#7569,.T.);
#9502=ORIENTED_EDGE('',*,*,#7566,.F.);
#9503=ORIENTED_EDGE('',*,*,#7569,.F.);
#9504=ORIENTED_EDGE('',*,*,#6628,.F.);
#9505=ORIENTED_EDGE('',*,*,#7570,.T.);
#9506=ORIENTED_EDGE('',*,*,#7567,.F.);
#9507=ORIENTED_EDGE('',*,*,#7570,.F.);
#9508=ORIENTED_EDGE('',*,*,#6627,.F.);
#9509=ORIENTED_EDGE('',*,*,#7571,.T.);
#9510=ORIENTED_EDGE('',*,*,#7562,.F.);
#9511=ORIENTED_EDGE('',*,*,#7571,.F.);
#9512=ORIENTED_EDGE('',*,*,#6626,.F.);
#9513=ORIENTED_EDGE('',*,*,#7572,.T.);
#9514=ORIENTED_EDGE('',*,*,#7563,.F.);
#9515=ORIENTED_EDGE('',*,*,#7572,.F.);
#9516=ORIENTED_EDGE('',*,*,#6631,.F.);
#9517=ORIENTED_EDGE('',*,*,#7573,.T.);
#9518=ORIENTED_EDGE('',*,*,#7564,.F.);
#9519=ORIENTED_EDGE('',*,*,#7573,.F.);
#9520=ORIENTED_EDGE('',*,*,#6630,.F.);
#9521=ORIENTED_EDGE('',*,*,#7568,.T.);
#9522=ORIENTED_EDGE('',*,*,#7559,.F.);
#9523=ORIENTED_EDGE('',*,*,#7574,.F.);
#9524=ORIENTED_EDGE('',*,*,#6635,.F.);
#9525=ORIENTED_EDGE('',*,*,#7575,.T.);
#9526=ORIENTED_EDGE('',*,*,#7560,.F.);
#9527=ORIENTED_EDGE('',*,*,#7575,.F.);
#9528=ORIENTED_EDGE('',*,*,#6634,.F.);
#9529=ORIENTED_EDGE('',*,*,#7576,.T.);
#9530=ORIENTED_EDGE('',*,*,#7561,.F.);
#9531=ORIENTED_EDGE('',*,*,#7576,.F.);
#9532=ORIENTED_EDGE('',*,*,#6633,.F.);
#9533=ORIENTED_EDGE('',*,*,#7577,.T.);
#9534=ORIENTED_EDGE('',*,*,#7556,.F.);
#9535=ORIENTED_EDGE('',*,*,#7577,.F.);
#9536=ORIENTED_EDGE('',*,*,#6632,.F.);
#9537=ORIENTED_EDGE('',*,*,#7578,.T.);
#9538=ORIENTED_EDGE('',*,*,#7557,.F.);
#9539=ORIENTED_EDGE('',*,*,#7578,.F.);
#9540=ORIENTED_EDGE('',*,*,#6637,.F.);
#9541=ORIENTED_EDGE('',*,*,#7579,.T.);
#9542=ORIENTED_EDGE('',*,*,#7558,.F.);
#9543=ORIENTED_EDGE('',*,*,#7579,.F.);
#9544=ORIENTED_EDGE('',*,*,#6636,.F.);
#9545=ORIENTED_EDGE('',*,*,#7574,.T.);
#9546=ORIENTED_EDGE('',*,*,#7553,.F.);
#9547=ORIENTED_EDGE('',*,*,#7580,.F.);
#9548=ORIENTED_EDGE('',*,*,#6641,.F.);
#9549=ORIENTED_EDGE('',*,*,#7581,.T.);
#9550=ORIENTED_EDGE('',*,*,#7554,.F.);
#9551=ORIENTED_EDGE('',*,*,#7581,.F.);
#9552=ORIENTED_EDGE('',*,*,#6640,.F.);
#9553=ORIENTED_EDGE('',*,*,#7582,.T.);
#9554=ORIENTED_EDGE('',*,*,#7555,.F.);
#9555=ORIENTED_EDGE('',*,*,#7582,.F.);
#9556=ORIENTED_EDGE('',*,*,#6639,.F.);
#9557=ORIENTED_EDGE('',*,*,#7583,.T.);
#9558=ORIENTED_EDGE('',*,*,#7550,.F.);
#9559=ORIENTED_EDGE('',*,*,#7583,.F.);
#9560=ORIENTED_EDGE('',*,*,#6638,.F.);
#9561=ORIENTED_EDGE('',*,*,#7584,.T.);
#9562=ORIENTED_EDGE('',*,*,#7551,.F.);
#9563=ORIENTED_EDGE('',*,*,#7584,.F.);
#9564=ORIENTED_EDGE('',*,*,#6643,.F.);
#9565=ORIENTED_EDGE('',*,*,#7585,.T.);
#9566=ORIENTED_EDGE('',*,*,#7552,.F.);
#9567=ORIENTED_EDGE('',*,*,#7585,.F.);
#9568=ORIENTED_EDGE('',*,*,#6642,.F.);
#9569=ORIENTED_EDGE('',*,*,#7580,.T.);
#9570=ORIENTED_EDGE('',*,*,#7547,.F.);
#9571=ORIENTED_EDGE('',*,*,#7586,.F.);
#9572=ORIENTED_EDGE('',*,*,#6647,.F.);
#9573=ORIENTED_EDGE('',*,*,#7587,.T.);
#9574=ORIENTED_EDGE('',*,*,#7548,.F.);
#9575=ORIENTED_EDGE('',*,*,#7587,.F.);
#9576=ORIENTED_EDGE('',*,*,#6646,.F.);
#9577=ORIENTED_EDGE('',*,*,#7588,.T.);
#9578=ORIENTED_EDGE('',*,*,#7549,.F.);
#9579=ORIENTED_EDGE('',*,*,#7588,.F.);
#9580=ORIENTED_EDGE('',*,*,#6645,.F.);
#9581=ORIENTED_EDGE('',*,*,#7589,.T.);
#9582=ORIENTED_EDGE('',*,*,#7544,.F.);
#9583=ORIENTED_EDGE('',*,*,#7589,.F.);
#9584=ORIENTED_EDGE('',*,*,#6644,.F.);
#9585=ORIENTED_EDGE('',*,*,#7590,.T.);
#9586=ORIENTED_EDGE('',*,*,#7545,.F.);
#9587=ORIENTED_EDGE('',*,*,#7590,.F.);
#9588=ORIENTED_EDGE('',*,*,#6649,.F.);
#9589=ORIENTED_EDGE('',*,*,#7591,.T.);
#9590=ORIENTED_EDGE('',*,*,#7546,.F.);
#9591=ORIENTED_EDGE('',*,*,#7591,.F.);
#9592=ORIENTED_EDGE('',*,*,#6648,.F.);
#9593=ORIENTED_EDGE('',*,*,#7586,.T.);
#9594=ORIENTED_EDGE('',*,*,#7541,.F.);
#9595=ORIENTED_EDGE('',*,*,#7592,.F.);
#9596=ORIENTED_EDGE('',*,*,#6653,.F.);
#9597=ORIENTED_EDGE('',*,*,#7593,.T.);
#9598=ORIENTED_EDGE('',*,*,#7542,.F.);
#9599=ORIENTED_EDGE('',*,*,#7593,.F.);
#9600=ORIENTED_EDGE('',*,*,#6652,.F.);
#9601=ORIENTED_EDGE('',*,*,#7594,.T.);
#9602=ORIENTED_EDGE('',*,*,#7543,.F.);
#9603=ORIENTED_EDGE('',*,*,#7594,.F.);
#9604=ORIENTED_EDGE('',*,*,#6651,.F.);
#9605=ORIENTED_EDGE('',*,*,#7595,.T.);
#9606=ORIENTED_EDGE('',*,*,#7538,.F.);
#9607=ORIENTED_EDGE('',*,*,#7595,.F.);
#9608=ORIENTED_EDGE('',*,*,#6650,.F.);
#9609=ORIENTED_EDGE('',*,*,#7596,.T.);
#9610=ORIENTED_EDGE('',*,*,#7539,.F.);
#9611=ORIENTED_EDGE('',*,*,#7596,.F.);
#9612=ORIENTED_EDGE('',*,*,#6655,.F.);
#9613=ORIENTED_EDGE('',*,*,#7597,.T.);
#9614=ORIENTED_EDGE('',*,*,#7540,.F.);
#9615=ORIENTED_EDGE('',*,*,#7597,.F.);
#9616=ORIENTED_EDGE('',*,*,#6654,.F.);
#9617=ORIENTED_EDGE('',*,*,#7592,.T.);
#9618=ORIENTED_EDGE('',*,*,#7535,.F.);
#9619=ORIENTED_EDGE('',*,*,#7598,.F.);
#9620=ORIENTED_EDGE('',*,*,#6659,.F.);
#9621=ORIENTED_EDGE('',*,*,#7599,.T.);
#9622=ORIENTED_EDGE('',*,*,#7536,.F.);
#9623=ORIENTED_EDGE('',*,*,#7599,.F.);
#9624=ORIENTED_EDGE('',*,*,#6658,.F.);
#9625=ORIENTED_EDGE('',*,*,#7600,.T.);
#9626=ORIENTED_EDGE('',*,*,#7537,.F.);
#9627=ORIENTED_EDGE('',*,*,#7600,.F.);
#9628=ORIENTED_EDGE('',*,*,#6657,.F.);
#9629=ORIENTED_EDGE('',*,*,#7601,.T.);
#9630=ORIENTED_EDGE('',*,*,#7532,.F.);
#9631=ORIENTED_EDGE('',*,*,#7601,.F.);
#9632=ORIENTED_EDGE('',*,*,#6656,.F.);
#9633=ORIENTED_EDGE('',*,*,#7602,.T.);
#9634=ORIENTED_EDGE('',*,*,#7533,.F.);
#9635=ORIENTED_EDGE('',*,*,#7602,.F.);
#9636=ORIENTED_EDGE('',*,*,#6661,.F.);
#9637=ORIENTED_EDGE('',*,*,#7603,.T.);
#9638=ORIENTED_EDGE('',*,*,#7534,.F.);
#9639=ORIENTED_EDGE('',*,*,#7603,.F.);
#9640=ORIENTED_EDGE('',*,*,#6660,.F.);
#9641=ORIENTED_EDGE('',*,*,#7598,.T.);
#9642=ORIENTED_EDGE('',*,*,#7529,.F.);
#9643=ORIENTED_EDGE('',*,*,#7604,.F.);
#9644=ORIENTED_EDGE('',*,*,#6665,.F.);
#9645=ORIENTED_EDGE('',*,*,#7605,.T.);
#9646=ORIENTED_EDGE('',*,*,#7530,.F.);
#9647=ORIENTED_EDGE('',*,*,#7605,.F.);
#9648=ORIENTED_EDGE('',*,*,#6664,.F.);
#9649=ORIENTED_EDGE('',*,*,#7606,.T.);
#9650=ORIENTED_EDGE('',*,*,#7531,.F.);
#9651=ORIENTED_EDGE('',*,*,#7606,.F.);
#9652=ORIENTED_EDGE('',*,*,#6663,.F.);
#9653=ORIENTED_EDGE('',*,*,#7607,.T.);
#9654=ORIENTED_EDGE('',*,*,#7526,.F.);
#9655=ORIENTED_EDGE('',*,*,#7607,.F.);
#9656=ORIENTED_EDGE('',*,*,#6662,.F.);
#9657=ORIENTED_EDGE('',*,*,#7608,.T.);
#9658=ORIENTED_EDGE('',*,*,#7527,.F.);
#9659=ORIENTED_EDGE('',*,*,#7608,.F.);
#9660=ORIENTED_EDGE('',*,*,#6667,.F.);
#9661=ORIENTED_EDGE('',*,*,#7609,.T.);
#9662=ORIENTED_EDGE('',*,*,#7528,.F.);
#9663=ORIENTED_EDGE('',*,*,#7609,.F.);
#9664=ORIENTED_EDGE('',*,*,#6666,.F.);
#9665=ORIENTED_EDGE('',*,*,#7604,.T.);
#9666=ORIENTED_EDGE('',*,*,#7523,.F.);
#9667=ORIENTED_EDGE('',*,*,#7610,.F.);
#9668=ORIENTED_EDGE('',*,*,#6671,.F.);
#9669=ORIENTED_EDGE('',*,*,#7611,.T.);
#9670=ORIENTED_EDGE('',*,*,#7524,.F.);
#9671=ORIENTED_EDGE('',*,*,#7611,.F.);
#9672=ORIENTED_EDGE('',*,*,#6670,.F.);
#9673=ORIENTED_EDGE('',*,*,#7612,.T.);
#9674=ORIENTED_EDGE('',*,*,#7525,.F.);
#9675=ORIENTED_EDGE('',*,*,#7612,.F.);
#9676=ORIENTED_EDGE('',*,*,#6669,.F.);
#9677=ORIENTED_EDGE('',*,*,#7613,.T.);
#9678=ORIENTED_EDGE('',*,*,#7520,.F.);
#9679=ORIENTED_EDGE('',*,*,#7613,.F.);
#9680=ORIENTED_EDGE('',*,*,#6668,.F.);
#9681=ORIENTED_EDGE('',*,*,#7614,.T.);
#9682=ORIENTED_EDGE('',*,*,#7521,.F.);
#9683=ORIENTED_EDGE('',*,*,#7614,.F.);
#9684=ORIENTED_EDGE('',*,*,#6673,.F.);
#9685=ORIENTED_EDGE('',*,*,#7615,.T.);
#9686=ORIENTED_EDGE('',*,*,#7522,.F.);
#9687=ORIENTED_EDGE('',*,*,#7615,.F.);
#9688=ORIENTED_EDGE('',*,*,#6672,.F.);
#9689=ORIENTED_EDGE('',*,*,#7610,.T.);
#9690=ORIENTED_EDGE('',*,*,#7517,.F.);
#9691=ORIENTED_EDGE('',*,*,#7616,.F.);
#9692=ORIENTED_EDGE('',*,*,#6677,.F.);
#9693=ORIENTED_EDGE('',*,*,#7617,.T.);
#9694=ORIENTED_EDGE('',*,*,#7518,.F.);
#9695=ORIENTED_EDGE('',*,*,#7617,.F.);
#9696=ORIENTED_EDGE('',*,*,#6676,.F.);
#9697=ORIENTED_EDGE('',*,*,#7618,.T.);
#9698=ORIENTED_EDGE('',*,*,#7519,.F.);
#9699=ORIENTED_EDGE('',*,*,#7618,.F.);
#9700=ORIENTED_EDGE('',*,*,#6675,.F.);
#9701=ORIENTED_EDGE('',*,*,#7619,.T.);
#9702=ORIENTED_EDGE('',*,*,#7514,.F.);
#9703=ORIENTED_EDGE('',*,*,#7619,.F.);
#9704=ORIENTED_EDGE('',*,*,#6674,.F.);
#9705=ORIENTED_EDGE('',*,*,#7620,.T.);
#9706=ORIENTED_EDGE('',*,*,#7515,.F.);
#9707=ORIENTED_EDGE('',*,*,#7620,.F.);
#9708=ORIENTED_EDGE('',*,*,#6679,.F.);
#9709=ORIENTED_EDGE('',*,*,#7621,.T.);
#9710=ORIENTED_EDGE('',*,*,#7516,.F.);
#9711=ORIENTED_EDGE('',*,*,#7621,.F.);
#9712=ORIENTED_EDGE('',*,*,#6678,.F.);
#9713=ORIENTED_EDGE('',*,*,#7616,.T.);
#9714=ORIENTED_EDGE('',*,*,#7511,.F.);
#9715=ORIENTED_EDGE('',*,*,#7622,.F.);
#9716=ORIENTED_EDGE('',*,*,#6683,.F.);
#9717=ORIENTED_EDGE('',*,*,#7623,.T.);
#9718=ORIENTED_EDGE('',*,*,#7512,.F.);
#9719=ORIENTED_EDGE('',*,*,#7623,.F.);
#9720=ORIENTED_EDGE('',*,*,#6682,.F.);
#9721=ORIENTED_EDGE('',*,*,#7624,.T.);
#9722=ORIENTED_EDGE('',*,*,#7513,.F.);
#9723=ORIENTED_EDGE('',*,*,#7624,.F.);
#9724=ORIENTED_EDGE('',*,*,#6681,.F.);
#9725=ORIENTED_EDGE('',*,*,#7625,.T.);
#9726=ORIENTED_EDGE('',*,*,#7508,.F.);
#9727=ORIENTED_EDGE('',*,*,#7625,.F.);
#9728=ORIENTED_EDGE('',*,*,#6680,.F.);
#9729=ORIENTED_EDGE('',*,*,#7626,.T.);
#9730=ORIENTED_EDGE('',*,*,#7509,.F.);
#9731=ORIENTED_EDGE('',*,*,#7626,.F.);
#9732=ORIENTED_EDGE('',*,*,#6685,.F.);
#9733=ORIENTED_EDGE('',*,*,#7627,.T.);
#9734=ORIENTED_EDGE('',*,*,#7510,.F.);
#9735=ORIENTED_EDGE('',*,*,#7627,.F.);
#9736=ORIENTED_EDGE('',*,*,#6684,.F.);
#9737=ORIENTED_EDGE('',*,*,#7622,.T.);
#9738=ORIENTED_EDGE('',*,*,#7505,.F.);
#9739=ORIENTED_EDGE('',*,*,#7628,.F.);
#9740=ORIENTED_EDGE('',*,*,#6689,.F.);
#9741=ORIENTED_EDGE('',*,*,#7629,.T.);
#9742=ORIENTED_EDGE('',*,*,#7506,.F.);
#9743=ORIENTED_EDGE('',*,*,#7629,.F.);
#9744=ORIENTED_EDGE('',*,*,#6688,.F.);
#9745=ORIENTED_EDGE('',*,*,#7630,.T.);
#9746=ORIENTED_EDGE('',*,*,#7507,.F.);
#9747=ORIENTED_EDGE('',*,*,#7630,.F.);
#9748=ORIENTED_EDGE('',*,*,#6687,.F.);
#9749=ORIENTED_EDGE('',*,*,#7631,.T.);
#9750=ORIENTED_EDGE('',*,*,#7502,.F.);
#9751=ORIENTED_EDGE('',*,*,#7631,.F.);
#9752=ORIENTED_EDGE('',*,*,#6686,.F.);
#9753=ORIENTED_EDGE('',*,*,#7632,.T.);
#9754=ORIENTED_EDGE('',*,*,#7503,.F.);
#9755=ORIENTED_EDGE('',*,*,#7632,.F.);
#9756=ORIENTED_EDGE('',*,*,#6691,.F.);
#9757=ORIENTED_EDGE('',*,*,#7633,.T.);
#9758=ORIENTED_EDGE('',*,*,#7504,.F.);
#9759=ORIENTED_EDGE('',*,*,#7633,.F.);
#9760=ORIENTED_EDGE('',*,*,#6690,.F.);
#9761=ORIENTED_EDGE('',*,*,#7628,.T.);
#9762=ORIENTED_EDGE('',*,*,#7499,.F.);
#9763=ORIENTED_EDGE('',*,*,#7634,.F.);
#9764=ORIENTED_EDGE('',*,*,#6695,.F.);
#9765=ORIENTED_EDGE('',*,*,#7635,.T.);
#9766=ORIENTED_EDGE('',*,*,#7500,.F.);
#9767=ORIENTED_EDGE('',*,*,#7635,.F.);
#9768=ORIENTED_EDGE('',*,*,#6694,.F.);
#9769=ORIENTED_EDGE('',*,*,#7636,.T.);
#9770=ORIENTED_EDGE('',*,*,#7501,.F.);
#9771=ORIENTED_EDGE('',*,*,#7636,.F.);
#9772=ORIENTED_EDGE('',*,*,#6693,.F.);
#9773=ORIENTED_EDGE('',*,*,#7637,.T.);
#9774=ORIENTED_EDGE('',*,*,#7496,.F.);
#9775=ORIENTED_EDGE('',*,*,#7637,.F.);
#9776=ORIENTED_EDGE('',*,*,#6692,.F.);
#9777=ORIENTED_EDGE('',*,*,#7638,.T.);
#9778=ORIENTED_EDGE('',*,*,#7497,.F.);
#9779=ORIENTED_EDGE('',*,*,#7638,.F.);
#9780=ORIENTED_EDGE('',*,*,#6697,.F.);
#9781=ORIENTED_EDGE('',*,*,#7639,.T.);
#9782=ORIENTED_EDGE('',*,*,#7498,.F.);
#9783=ORIENTED_EDGE('',*,*,#7639,.F.);
#9784=ORIENTED_EDGE('',*,*,#6696,.F.);
#9785=ORIENTED_EDGE('',*,*,#7634,.T.);
#9786=ORIENTED_EDGE('',*,*,#7493,.F.);
#9787=ORIENTED_EDGE('',*,*,#7640,.F.);
#9788=ORIENTED_EDGE('',*,*,#6701,.F.);
#9789=ORIENTED_EDGE('',*,*,#7641,.T.);
#9790=ORIENTED_EDGE('',*,*,#7494,.F.);
#9791=ORIENTED_EDGE('',*,*,#7641,.F.);
#9792=ORIENTED_EDGE('',*,*,#6700,.F.);
#9793=ORIENTED_EDGE('',*,*,#7642,.T.);
#9794=ORIENTED_EDGE('',*,*,#7495,.F.);
#9795=ORIENTED_EDGE('',*,*,#7642,.F.);
#9796=ORIENTED_EDGE('',*,*,#6699,.F.);
#9797=ORIENTED_EDGE('',*,*,#7643,.T.);
#9798=ORIENTED_EDGE('',*,*,#7490,.F.);
#9799=ORIENTED_EDGE('',*,*,#7643,.F.);
#9800=ORIENTED_EDGE('',*,*,#6698,.F.);
#9801=ORIENTED_EDGE('',*,*,#7644,.T.);
#9802=ORIENTED_EDGE('',*,*,#7491,.F.);
#9803=ORIENTED_EDGE('',*,*,#7644,.F.);
#9804=ORIENTED_EDGE('',*,*,#6703,.F.);
#9805=ORIENTED_EDGE('',*,*,#7645,.T.);
#9806=ORIENTED_EDGE('',*,*,#7492,.F.);
#9807=ORIENTED_EDGE('',*,*,#7645,.F.);
#9808=ORIENTED_EDGE('',*,*,#6702,.F.);
#9809=ORIENTED_EDGE('',*,*,#7640,.T.);
#9810=ORIENTED_EDGE('',*,*,#7487,.F.);
#9811=ORIENTED_EDGE('',*,*,#7646,.F.);
#9812=ORIENTED_EDGE('',*,*,#6707,.F.);
#9813=ORIENTED_EDGE('',*,*,#7647,.T.);
#9814=ORIENTED_EDGE('',*,*,#7488,.F.);
#9815=ORIENTED_EDGE('',*,*,#7647,.F.);
#9816=ORIENTED_EDGE('',*,*,#6706,.F.);
#9817=ORIENTED_EDGE('',*,*,#7648,.T.);
#9818=ORIENTED_EDGE('',*,*,#7489,.F.);
#9819=ORIENTED_EDGE('',*,*,#7648,.F.);
#9820=ORIENTED_EDGE('',*,*,#6705,.F.);
#9821=ORIENTED_EDGE('',*,*,#7649,.T.);
#9822=ORIENTED_EDGE('',*,*,#7484,.F.);
#9823=ORIENTED_EDGE('',*,*,#7649,.F.);
#9824=ORIENTED_EDGE('',*,*,#6704,.F.);
#9825=ORIENTED_EDGE('',*,*,#7650,.T.);
#9826=ORIENTED_EDGE('',*,*,#7485,.F.);
#9827=ORIENTED_EDGE('',*,*,#7650,.F.);
#9828=ORIENTED_EDGE('',*,*,#6709,.F.);
#9829=ORIENTED_EDGE('',*,*,#7651,.T.);
#9830=ORIENTED_EDGE('',*,*,#7486,.F.);
#9831=ORIENTED_EDGE('',*,*,#7651,.F.);
#9832=ORIENTED_EDGE('',*,*,#6708,.F.);
#9833=ORIENTED_EDGE('',*,*,#7646,.T.);
#9834=ORIENTED_EDGE('',*,*,#7481,.F.);
#9835=ORIENTED_EDGE('',*,*,#7652,.F.);
#9836=ORIENTED_EDGE('',*,*,#6713,.F.);
#9837=ORIENTED_EDGE('',*,*,#7653,.T.);
#9838=ORIENTED_EDGE('',*,*,#7482,.F.);
#9839=ORIENTED_EDGE('',*,*,#7653,.F.);
#9840=ORIENTED_EDGE('',*,*,#6712,.F.);
#9841=ORIENTED_EDGE('',*,*,#7654,.T.);
#9842=ORIENTED_EDGE('',*,*,#7483,.F.);
#9843=ORIENTED_EDGE('',*,*,#7654,.F.);
#9844=ORIENTED_EDGE('',*,*,#6711,.F.);
#9845=ORIENTED_EDGE('',*,*,#7655,.T.);
#9846=ORIENTED_EDGE('',*,*,#7478,.F.);
#9847=ORIENTED_EDGE('',*,*,#7655,.F.);
#9848=ORIENTED_EDGE('',*,*,#6710,.F.);
#9849=ORIENTED_EDGE('',*,*,#7656,.T.);
#9850=ORIENTED_EDGE('',*,*,#7479,.F.);
#9851=ORIENTED_EDGE('',*,*,#7656,.F.);
#9852=ORIENTED_EDGE('',*,*,#6715,.F.);
#9853=ORIENTED_EDGE('',*,*,#7657,.T.);
#9854=ORIENTED_EDGE('',*,*,#7480,.F.);
#9855=ORIENTED_EDGE('',*,*,#7657,.F.);
#9856=ORIENTED_EDGE('',*,*,#6714,.F.);
#9857=ORIENTED_EDGE('',*,*,#7652,.T.);
#9858=ORIENTED_EDGE('',*,*,#7475,.F.);
#9859=ORIENTED_EDGE('',*,*,#7658,.F.);
#9860=ORIENTED_EDGE('',*,*,#6719,.F.);
#9861=ORIENTED_EDGE('',*,*,#7659,.T.);
#9862=ORIENTED_EDGE('',*,*,#7476,.F.);
#9863=ORIENTED_EDGE('',*,*,#7659,.F.);
#9864=ORIENTED_EDGE('',*,*,#6718,.F.);
#9865=ORIENTED_EDGE('',*,*,#7660,.T.);
#9866=ORIENTED_EDGE('',*,*,#7477,.F.);
#9867=ORIENTED_EDGE('',*,*,#7660,.F.);
#9868=ORIENTED_EDGE('',*,*,#6717,.F.);
#9869=ORIENTED_EDGE('',*,*,#7661,.T.);
#9870=ORIENTED_EDGE('',*,*,#7472,.F.);
#9871=ORIENTED_EDGE('',*,*,#7661,.F.);
#9872=ORIENTED_EDGE('',*,*,#6716,.F.);
#9873=ORIENTED_EDGE('',*,*,#7662,.T.);
#9874=ORIENTED_EDGE('',*,*,#7473,.F.);
#9875=ORIENTED_EDGE('',*,*,#7662,.F.);
#9876=ORIENTED_EDGE('',*,*,#6721,.F.);
#9877=ORIENTED_EDGE('',*,*,#7663,.T.);
#9878=ORIENTED_EDGE('',*,*,#7474,.F.);
#9879=ORIENTED_EDGE('',*,*,#7663,.F.);
#9880=ORIENTED_EDGE('',*,*,#6720,.F.);
#9881=ORIENTED_EDGE('',*,*,#7658,.T.);
#9882=ORIENTED_EDGE('',*,*,#7469,.F.);
#9883=ORIENTED_EDGE('',*,*,#7664,.F.);
#9884=ORIENTED_EDGE('',*,*,#6725,.F.);
#9885=ORIENTED_EDGE('',*,*,#7665,.T.);
#9886=ORIENTED_EDGE('',*,*,#7470,.F.);
#9887=ORIENTED_EDGE('',*,*,#7665,.F.);
#9888=ORIENTED_EDGE('',*,*,#6724,.F.);
#9889=ORIENTED_EDGE('',*,*,#7666,.T.);
#9890=ORIENTED_EDGE('',*,*,#7471,.F.);
#9891=ORIENTED_EDGE('',*,*,#7666,.F.);
#9892=ORIENTED_EDGE('',*,*,#6723,.F.);
#9893=ORIENTED_EDGE('',*,*,#7667,.T.);
#9894=ORIENTED_EDGE('',*,*,#7466,.F.);
#9895=ORIENTED_EDGE('',*,*,#7667,.F.);
#9896=ORIENTED_EDGE('',*,*,#6722,.F.);
#9897=ORIENTED_EDGE('',*,*,#7668,.T.);
#9898=ORIENTED_EDGE('',*,*,#7467,.F.);
#9899=ORIENTED_EDGE('',*,*,#7668,.F.);
#9900=ORIENTED_EDGE('',*,*,#6727,.F.);
#9901=ORIENTED_EDGE('',*,*,#7669,.T.);
#9902=ORIENTED_EDGE('',*,*,#7468,.F.);
#9903=ORIENTED_EDGE('',*,*,#7669,.F.);
#9904=ORIENTED_EDGE('',*,*,#6726,.F.);
#9905=ORIENTED_EDGE('',*,*,#7664,.T.);
#9906=ORIENTED_EDGE('',*,*,#7463,.F.);
#9907=ORIENTED_EDGE('',*,*,#7670,.F.);
#9908=ORIENTED_EDGE('',*,*,#6731,.F.);
#9909=ORIENTED_EDGE('',*,*,#7671,.T.);
#9910=ORIENTED_EDGE('',*,*,#7464,.F.);
#9911=ORIENTED_EDGE('',*,*,#7671,.F.);
#9912=ORIENTED_EDGE('',*,*,#6730,.F.);
#9913=ORIENTED_EDGE('',*,*,#7672,.T.);
#9914=ORIENTED_EDGE('',*,*,#7465,.F.);
#9915=ORIENTED_EDGE('',*,*,#7672,.F.);
#9916=ORIENTED_EDGE('',*,*,#6729,.F.);
#9917=ORIENTED_EDGE('',*,*,#7673,.T.);
#9918=ORIENTED_EDGE('',*,*,#7460,.F.);
#9919=ORIENTED_EDGE('',*,*,#7673,.F.);
#9920=ORIENTED_EDGE('',*,*,#6728,.F.);
#9921=ORIENTED_EDGE('',*,*,#7674,.T.);
#9922=ORIENTED_EDGE('',*,*,#7461,.F.);
#9923=ORIENTED_EDGE('',*,*,#7674,.F.);
#9924=ORIENTED_EDGE('',*,*,#6733,.F.);
#9925=ORIENTED_EDGE('',*,*,#7675,.T.);
#9926=ORIENTED_EDGE('',*,*,#7462,.F.);
#9927=ORIENTED_EDGE('',*,*,#7675,.F.);
#9928=ORIENTED_EDGE('',*,*,#6732,.F.);
#9929=ORIENTED_EDGE('',*,*,#7670,.T.);
#9930=ORIENTED_EDGE('',*,*,#7457,.F.);
#9931=ORIENTED_EDGE('',*,*,#7676,.F.);
#9932=ORIENTED_EDGE('',*,*,#6737,.F.);
#9933=ORIENTED_EDGE('',*,*,#7677,.T.);
#9934=ORIENTED_EDGE('',*,*,#7458,.F.);
#9935=ORIENTED_EDGE('',*,*,#7677,.F.);
#9936=ORIENTED_EDGE('',*,*,#6736,.F.);
#9937=ORIENTED_EDGE('',*,*,#7678,.T.);
#9938=ORIENTED_EDGE('',*,*,#7459,.F.);
#9939=ORIENTED_EDGE('',*,*,#7678,.F.);
#9940=ORIENTED_EDGE('',*,*,#6735,.F.);
#9941=ORIENTED_EDGE('',*,*,#7679,.T.);
#9942=ORIENTED_EDGE('',*,*,#7454,.F.);
#9943=ORIENTED_EDGE('',*,*,#7679,.F.);
#9944=ORIENTED_EDGE('',*,*,#6734,.F.);
#9945=ORIENTED_EDGE('',*,*,#7680,.T.);
#9946=ORIENTED_EDGE('',*,*,#7455,.F.);
#9947=ORIENTED_EDGE('',*,*,#7680,.F.);
#9948=ORIENTED_EDGE('',*,*,#6739,.F.);
#9949=ORIENTED_EDGE('',*,*,#7681,.T.);
#9950=ORIENTED_EDGE('',*,*,#7456,.F.);
#9951=ORIENTED_EDGE('',*,*,#7681,.F.);
#9952=ORIENTED_EDGE('',*,*,#6738,.F.);
#9953=ORIENTED_EDGE('',*,*,#7676,.T.);
#9954=ORIENTED_EDGE('',*,*,#7451,.F.);
#9955=ORIENTED_EDGE('',*,*,#7682,.F.);
#9956=ORIENTED_EDGE('',*,*,#6743,.F.);
#9957=ORIENTED_EDGE('',*,*,#7683,.T.);
#9958=ORIENTED_EDGE('',*,*,#7452,.F.);
#9959=ORIENTED_EDGE('',*,*,#7683,.F.);
#9960=ORIENTED_EDGE('',*,*,#6742,.F.);
#9961=ORIENTED_EDGE('',*,*,#7684,.T.);
#9962=ORIENTED_EDGE('',*,*,#7453,.F.);
#9963=ORIENTED_EDGE('',*,*,#7684,.F.);
#9964=ORIENTED_EDGE('',*,*,#6741,.F.);
#9965=ORIENTED_EDGE('',*,*,#7685,.T.);
#9966=ORIENTED_EDGE('',*,*,#7448,.F.);
#9967=ORIENTED_EDGE('',*,*,#7685,.F.);
#9968=ORIENTED_EDGE('',*,*,#6740,.F.);
#9969=ORIENTED_EDGE('',*,*,#7686,.T.);
#9970=ORIENTED_EDGE('',*,*,#7449,.F.);
#9971=ORIENTED_EDGE('',*,*,#7686,.F.);
#9972=ORIENTED_EDGE('',*,*,#6745,.F.);
#9973=ORIENTED_EDGE('',*,*,#7687,.T.);
#9974=ORIENTED_EDGE('',*,*,#7450,.F.);
#9975=ORIENTED_EDGE('',*,*,#7687,.F.);
#9976=ORIENTED_EDGE('',*,*,#6744,.F.);
#9977=ORIENTED_EDGE('',*,*,#7682,.T.);
#9978=ORIENTED_EDGE('',*,*,#7445,.F.);
#9979=ORIENTED_EDGE('',*,*,#7688,.F.);
#9980=ORIENTED_EDGE('',*,*,#6749,.F.);
#9981=ORIENTED_EDGE('',*,*,#7689,.T.);
#9982=ORIENTED_EDGE('',*,*,#7446,.F.);
#9983=ORIENTED_EDGE('',*,*,#7689,.F.);
#9984=ORIENTED_EDGE('',*,*,#6748,.F.);
#9985=ORIENTED_EDGE('',*,*,#7690,.T.);
#9986=ORIENTED_EDGE('',*,*,#7447,.F.);
#9987=ORIENTED_EDGE('',*,*,#7690,.F.);
#9988=ORIENTED_EDGE('',*,*,#6747,.F.);
#9989=ORIENTED_EDGE('',*,*,#7691,.T.);
#9990=ORIENTED_EDGE('',*,*,#7442,.F.);
#9991=ORIENTED_EDGE('',*,*,#7691,.F.);
#9992=ORIENTED_EDGE('',*,*,#6746,.F.);
#9993=ORIENTED_EDGE('',*,*,#7692,.T.);
#9994=ORIENTED_EDGE('',*,*,#7443,.F.);
#9995=ORIENTED_EDGE('',*,*,#7692,.F.);
#9996=ORIENTED_EDGE('',*,*,#6751,.F.);
#9997=ORIENTED_EDGE('',*,*,#7693,.T.);
#9998=ORIENTED_EDGE('',*,*,#7444,.F.);
#9999=ORIENTED_EDGE('',*,*,#7693,.F.);
#10000=ORIENTED_EDGE('',*,*,#6750,.F.);
#10001=ORIENTED_EDGE('',*,*,#7688,.T.);
#10002=ORIENTED_EDGE('',*,*,#7439,.F.);
#10003=ORIENTED_EDGE('',*,*,#7694,.F.);
#10004=ORIENTED_EDGE('',*,*,#6755,.F.);
#10005=ORIENTED_EDGE('',*,*,#7695,.T.);
#10006=ORIENTED_EDGE('',*,*,#7440,.F.);
#10007=ORIENTED_EDGE('',*,*,#7695,.F.);
#10008=ORIENTED_EDGE('',*,*,#6754,.F.);
#10009=ORIENTED_EDGE('',*,*,#7696,.T.);
#10010=ORIENTED_EDGE('',*,*,#7441,.F.);
#10011=ORIENTED_EDGE('',*,*,#7696,.F.);
#10012=ORIENTED_EDGE('',*,*,#6753,.F.);
#10013=ORIENTED_EDGE('',*,*,#7697,.T.);
#10014=ORIENTED_EDGE('',*,*,#7436,.F.);
#10015=ORIENTED_EDGE('',*,*,#7697,.F.);
#10016=ORIENTED_EDGE('',*,*,#6752,.F.);
#10017=ORIENTED_EDGE('',*,*,#7698,.T.);
#10018=ORIENTED_EDGE('',*,*,#7437,.F.);
#10019=ORIENTED_EDGE('',*,*,#7698,.F.);
#10020=ORIENTED_EDGE('',*,*,#6757,.F.);
#10021=ORIENTED_EDGE('',*,*,#7699,.T.);
#10022=ORIENTED_EDGE('',*,*,#7438,.F.);
#10023=ORIENTED_EDGE('',*,*,#7699,.F.);
#10024=ORIENTED_EDGE('',*,*,#6756,.F.);
#10025=ORIENTED_EDGE('',*,*,#7694,.T.);
#10026=ORIENTED_EDGE('',*,*,#7433,.F.);
#10027=ORIENTED_EDGE('',*,*,#7700,.F.);
#10028=ORIENTED_EDGE('',*,*,#6761,.F.);
#10029=ORIENTED_EDGE('',*,*,#7701,.T.);
#10030=ORIENTED_EDGE('',*,*,#7434,.F.);
#10031=ORIENTED_EDGE('',*,*,#7701,.F.);
#10032=ORIENTED_EDGE('',*,*,#6760,.F.);
#10033=ORIENTED_EDGE('',*,*,#7702,.T.);
#10034=ORIENTED_EDGE('',*,*,#7435,.F.);
#10035=ORIENTED_EDGE('',*,*,#7702,.F.);
#10036=ORIENTED_EDGE('',*,*,#6759,.F.);
#10037=ORIENTED_EDGE('',*,*,#7703,.T.);
#10038=ORIENTED_EDGE('',*,*,#7430,.F.);
#10039=ORIENTED_EDGE('',*,*,#7703,.F.);
#10040=ORIENTED_EDGE('',*,*,#6758,.F.);
#10041=ORIENTED_EDGE('',*,*,#7704,.T.);
#10042=ORIENTED_EDGE('',*,*,#7431,.F.);
#10043=ORIENTED_EDGE('',*,*,#7704,.F.);
#10044=ORIENTED_EDGE('',*,*,#6763,.F.);
#10045=ORIENTED_EDGE('',*,*,#7705,.T.);
#10046=ORIENTED_EDGE('',*,*,#7432,.F.);
#10047=ORIENTED_EDGE('',*,*,#7705,.F.);
#10048=ORIENTED_EDGE('',*,*,#6762,.F.);
#10049=ORIENTED_EDGE('',*,*,#7700,.T.);
#10050=ORIENTED_EDGE('',*,*,#7427,.F.);
#10051=ORIENTED_EDGE('',*,*,#7706,.F.);
#10052=ORIENTED_EDGE('',*,*,#6767,.F.);
#10053=ORIENTED_EDGE('',*,*,#7707,.T.);
#10054=ORIENTED_EDGE('',*,*,#7428,.F.);
#10055=ORIENTED_EDGE('',*,*,#7707,.F.);
#10056=ORIENTED_EDGE('',*,*,#6766,.F.);
#10057=ORIENTED_EDGE('',*,*,#7708,.T.);
#10058=ORIENTED_EDGE('',*,*,#7429,.F.);
#10059=ORIENTED_EDGE('',*,*,#7708,.F.);
#10060=ORIENTED_EDGE('',*,*,#6765,.F.);
#10061=ORIENTED_EDGE('',*,*,#7709,.T.);
#10062=ORIENTED_EDGE('',*,*,#7424,.F.);
#10063=ORIENTED_EDGE('',*,*,#7709,.F.);
#10064=ORIENTED_EDGE('',*,*,#6764,.F.);
#10065=ORIENTED_EDGE('',*,*,#7710,.T.);
#10066=ORIENTED_EDGE('',*,*,#7425,.F.);
#10067=ORIENTED_EDGE('',*,*,#7710,.F.);
#10068=ORIENTED_EDGE('',*,*,#6769,.F.);
#10069=ORIENTED_EDGE('',*,*,#7711,.T.);
#10070=ORIENTED_EDGE('',*,*,#7426,.F.);
#10071=ORIENTED_EDGE('',*,*,#7711,.F.);
#10072=ORIENTED_EDGE('',*,*,#6768,.F.);
#10073=ORIENTED_EDGE('',*,*,#7706,.T.);
#10074=ORIENTED_EDGE('',*,*,#7421,.F.);
#10075=ORIENTED_EDGE('',*,*,#7712,.F.);
#10076=ORIENTED_EDGE('',*,*,#6773,.F.);
#10077=ORIENTED_EDGE('',*,*,#7713,.T.);
#10078=ORIENTED_EDGE('',*,*,#7422,.F.);
#10079=ORIENTED_EDGE('',*,*,#7713,.F.);
#10080=ORIENTED_EDGE('',*,*,#6772,.F.);
#10081=ORIENTED_EDGE('',*,*,#7714,.T.);
#10082=ORIENTED_EDGE('',*,*,#7423,.F.);
#10083=ORIENTED_EDGE('',*,*,#7714,.F.);
#10084=ORIENTED_EDGE('',*,*,#6771,.F.);
#10085=ORIENTED_EDGE('',*,*,#7715,.T.);
#10086=ORIENTED_EDGE('',*,*,#7418,.F.);
#10087=ORIENTED_EDGE('',*,*,#7715,.F.);
#10088=ORIENTED_EDGE('',*,*,#6770,.F.);
#10089=ORIENTED_EDGE('',*,*,#7716,.T.);
#10090=ORIENTED_EDGE('',*,*,#7419,.F.);
#10091=ORIENTED_EDGE('',*,*,#7716,.F.);
#10092=ORIENTED_EDGE('',*,*,#6775,.F.);
#10093=ORIENTED_EDGE('',*,*,#7717,.T.);
#10094=ORIENTED_EDGE('',*,*,#7420,.F.);
#10095=ORIENTED_EDGE('',*,*,#7717,.F.);
#10096=ORIENTED_EDGE('',*,*,#6774,.F.);
#10097=ORIENTED_EDGE('',*,*,#7712,.T.);
#10098=ORIENTED_EDGE('',*,*,#7415,.F.);
#10099=ORIENTED_EDGE('',*,*,#7718,.F.);
#10100=ORIENTED_EDGE('',*,*,#6779,.F.);
#10101=ORIENTED_EDGE('',*,*,#7719,.T.);
#10102=ORIENTED_EDGE('',*,*,#7416,.F.);
#10103=ORIENTED_EDGE('',*,*,#7719,.F.);
#10104=ORIENTED_EDGE('',*,*,#6778,.F.);
#10105=ORIENTED_EDGE('',*,*,#7720,.T.);
#10106=ORIENTED_EDGE('',*,*,#7417,.F.);
#10107=ORIENTED_EDGE('',*,*,#7720,.F.);
#10108=ORIENTED_EDGE('',*,*,#6777,.F.);
#10109=ORIENTED_EDGE('',*,*,#7721,.T.);
#10110=ORIENTED_EDGE('',*,*,#7412,.F.);
#10111=ORIENTED_EDGE('',*,*,#7721,.F.);
#10112=ORIENTED_EDGE('',*,*,#6776,.F.);
#10113=ORIENTED_EDGE('',*,*,#7722,.T.);
#10114=ORIENTED_EDGE('',*,*,#7413,.F.);
#10115=ORIENTED_EDGE('',*,*,#7722,.F.);
#10116=ORIENTED_EDGE('',*,*,#6781,.F.);
#10117=ORIENTED_EDGE('',*,*,#7723,.T.);
#10118=ORIENTED_EDGE('',*,*,#7414,.F.);
#10119=ORIENTED_EDGE('',*,*,#7723,.F.);
#10120=ORIENTED_EDGE('',*,*,#6780,.F.);
#10121=ORIENTED_EDGE('',*,*,#7718,.T.);
#10122=ORIENTED_EDGE('',*,*,#7409,.F.);
#10123=ORIENTED_EDGE('',*,*,#7724,.F.);
#10124=ORIENTED_EDGE('',*,*,#6785,.F.);
#10125=ORIENTED_EDGE('',*,*,#7725,.T.);
#10126=ORIENTED_EDGE('',*,*,#7410,.F.);
#10127=ORIENTED_EDGE('',*,*,#7725,.F.);
#10128=ORIENTED_EDGE('',*,*,#6784,.F.);
#10129=ORIENTED_EDGE('',*,*,#7726,.T.);
#10130=ORIENTED_EDGE('',*,*,#7411,.F.);
#10131=ORIENTED_EDGE('',*,*,#7726,.F.);
#10132=ORIENTED_EDGE('',*,*,#6783,.F.);
#10133=ORIENTED_EDGE('',*,*,#7727,.T.);
#10134=ORIENTED_EDGE('',*,*,#7406,.F.);
#10135=ORIENTED_EDGE('',*,*,#7727,.F.);
#10136=ORIENTED_EDGE('',*,*,#6782,.F.);
#10137=ORIENTED_EDGE('',*,*,#7728,.T.);
#10138=ORIENTED_EDGE('',*,*,#7407,.F.);
#10139=ORIENTED_EDGE('',*,*,#7728,.F.);
#10140=ORIENTED_EDGE('',*,*,#6787,.F.);
#10141=ORIENTED_EDGE('',*,*,#7729,.T.);
#10142=ORIENTED_EDGE('',*,*,#7408,.F.);
#10143=ORIENTED_EDGE('',*,*,#7729,.F.);
#10144=ORIENTED_EDGE('',*,*,#6786,.F.);
#10145=ORIENTED_EDGE('',*,*,#7724,.T.);
#10146=ORIENTED_EDGE('',*,*,#7403,.F.);
#10147=ORIENTED_EDGE('',*,*,#7730,.F.);
#10148=ORIENTED_EDGE('',*,*,#6791,.F.);
#10149=ORIENTED_EDGE('',*,*,#7731,.T.);
#10150=ORIENTED_EDGE('',*,*,#7404,.F.);
#10151=ORIENTED_EDGE('',*,*,#7731,.F.);
#10152=ORIENTED_EDGE('',*,*,#6790,.F.);
#10153=ORIENTED_EDGE('',*,*,#7732,.T.);
#10154=ORIENTED_EDGE('',*,*,#7405,.F.);
#10155=ORIENTED_EDGE('',*,*,#7732,.F.);
#10156=ORIENTED_EDGE('',*,*,#6789,.F.);
#10157=ORIENTED_EDGE('',*,*,#7733,.T.);
#10158=ORIENTED_EDGE('',*,*,#7400,.F.);
#10159=ORIENTED_EDGE('',*,*,#7733,.F.);
#10160=ORIENTED_EDGE('',*,*,#6788,.F.);
#10161=ORIENTED_EDGE('',*,*,#7734,.T.);
#10162=ORIENTED_EDGE('',*,*,#7401,.F.);
#10163=ORIENTED_EDGE('',*,*,#7734,.F.);
#10164=ORIENTED_EDGE('',*,*,#6793,.F.);
#10165=ORIENTED_EDGE('',*,*,#7735,.T.);
#10166=ORIENTED_EDGE('',*,*,#7402,.F.);
#10167=ORIENTED_EDGE('',*,*,#7735,.F.);
#10168=ORIENTED_EDGE('',*,*,#6792,.F.);
#10169=ORIENTED_EDGE('',*,*,#7730,.T.);
#10170=ORIENTED_EDGE('',*,*,#7397,.F.);
#10171=ORIENTED_EDGE('',*,*,#7736,.F.);
#10172=ORIENTED_EDGE('',*,*,#6797,.F.);
#10173=ORIENTED_EDGE('',*,*,#7737,.T.);
#10174=ORIENTED_EDGE('',*,*,#7398,.F.);
#10175=ORIENTED_EDGE('',*,*,#7737,.F.);
#10176=ORIENTED_EDGE('',*,*,#6796,.F.);
#10177=ORIENTED_EDGE('',*,*,#7738,.T.);
#10178=ORIENTED_EDGE('',*,*,#7399,.F.);
#10179=ORIENTED_EDGE('',*,*,#7738,.F.);
#10180=ORIENTED_EDGE('',*,*,#6795,.F.);
#10181=ORIENTED_EDGE('',*,*,#7739,.T.);
#10182=ORIENTED_EDGE('',*,*,#7394,.F.);
#10183=ORIENTED_EDGE('',*,*,#7739,.F.);
#10184=ORIENTED_EDGE('',*,*,#6794,.F.);
#10185=ORIENTED_EDGE('',*,*,#7740,.T.);
#10186=ORIENTED_EDGE('',*,*,#7395,.F.);
#10187=ORIENTED_EDGE('',*,*,#7740,.F.);
#10188=ORIENTED_EDGE('',*,*,#6799,.F.);
#10189=ORIENTED_EDGE('',*,*,#7741,.T.);
#10190=ORIENTED_EDGE('',*,*,#7396,.F.);
#10191=ORIENTED_EDGE('',*,*,#7741,.F.);
#10192=ORIENTED_EDGE('',*,*,#6798,.F.);
#10193=ORIENTED_EDGE('',*,*,#7736,.T.);
#10194=ORIENTED_EDGE('',*,*,#7391,.F.);
#10195=ORIENTED_EDGE('',*,*,#7742,.F.);
#10196=ORIENTED_EDGE('',*,*,#6803,.F.);
#10197=ORIENTED_EDGE('',*,*,#7743,.T.);
#10198=ORIENTED_EDGE('',*,*,#7392,.F.);
#10199=ORIENTED_EDGE('',*,*,#7743,.F.);
#10200=ORIENTED_EDGE('',*,*,#6802,.F.);
#10201=ORIENTED_EDGE('',*,*,#7744,.T.);
#10202=ORIENTED_EDGE('',*,*,#7393,.F.);
#10203=ORIENTED_EDGE('',*,*,#7744,.F.);
#10204=ORIENTED_EDGE('',*,*,#6801,.F.);
#10205=ORIENTED_EDGE('',*,*,#7745,.T.);
#10206=ORIENTED_EDGE('',*,*,#7388,.F.);
#10207=ORIENTED_EDGE('',*,*,#7745,.F.);
#10208=ORIENTED_EDGE('',*,*,#6800,.F.);
#10209=ORIENTED_EDGE('',*,*,#7746,.T.);
#10210=ORIENTED_EDGE('',*,*,#7389,.F.);
#10211=ORIENTED_EDGE('',*,*,#7746,.F.);
#10212=ORIENTED_EDGE('',*,*,#6805,.F.);
#10213=ORIENTED_EDGE('',*,*,#7747,.T.);
#10214=ORIENTED_EDGE('',*,*,#7390,.F.);
#10215=ORIENTED_EDGE('',*,*,#7747,.F.);
#10216=ORIENTED_EDGE('',*,*,#6804,.F.);
#10217=ORIENTED_EDGE('',*,*,#7742,.T.);
#10218=ORIENTED_EDGE('',*,*,#7385,.F.);
#10219=ORIENTED_EDGE('',*,*,#7748,.F.);
#10220=ORIENTED_EDGE('',*,*,#6809,.F.);
#10221=ORIENTED_EDGE('',*,*,#7749,.T.);
#10222=ORIENTED_EDGE('',*,*,#7386,.F.);
#10223=ORIENTED_EDGE('',*,*,#7749,.F.);
#10224=ORIENTED_EDGE('',*,*,#6808,.F.);
#10225=ORIENTED_EDGE('',*,*,#7750,.T.);
#10226=ORIENTED_EDGE('',*,*,#7387,.F.);
#10227=ORIENTED_EDGE('',*,*,#7750,.F.);
#10228=ORIENTED_EDGE('',*,*,#6807,.F.);
#10229=ORIENTED_EDGE('',*,*,#7751,.T.);
#10230=ORIENTED_EDGE('',*,*,#7382,.F.);
#10231=ORIENTED_EDGE('',*,*,#7751,.F.);
#10232=ORIENTED_EDGE('',*,*,#6806,.F.);
#10233=ORIENTED_EDGE('',*,*,#7752,.T.);
#10234=ORIENTED_EDGE('',*,*,#7383,.F.);
#10235=ORIENTED_EDGE('',*,*,#7752,.F.);
#10236=ORIENTED_EDGE('',*,*,#6811,.F.);
#10237=ORIENTED_EDGE('',*,*,#7753,.T.);
#10238=ORIENTED_EDGE('',*,*,#7384,.F.);
#10239=ORIENTED_EDGE('',*,*,#7753,.F.);
#10240=ORIENTED_EDGE('',*,*,#6810,.F.);
#10241=ORIENTED_EDGE('',*,*,#7748,.T.);
#10242=ORIENTED_EDGE('',*,*,#7379,.F.);
#10243=ORIENTED_EDGE('',*,*,#7754,.F.);
#10244=ORIENTED_EDGE('',*,*,#6815,.F.);
#10245=ORIENTED_EDGE('',*,*,#7755,.T.);
#10246=ORIENTED_EDGE('',*,*,#7380,.F.);
#10247=ORIENTED_EDGE('',*,*,#7755,.F.);
#10248=ORIENTED_EDGE('',*,*,#6814,.F.);
#10249=ORIENTED_EDGE('',*,*,#7756,.T.);
#10250=ORIENTED_EDGE('',*,*,#7381,.F.);
#10251=ORIENTED_EDGE('',*,*,#7756,.F.);
#10252=ORIENTED_EDGE('',*,*,#6813,.F.);
#10253=ORIENTED_EDGE('',*,*,#7757,.T.);
#10254=ORIENTED_EDGE('',*,*,#7376,.F.);
#10255=ORIENTED_EDGE('',*,*,#7757,.F.);
#10256=ORIENTED_EDGE('',*,*,#6812,.F.);
#10257=ORIENTED_EDGE('',*,*,#7758,.T.);
#10258=ORIENTED_EDGE('',*,*,#7377,.F.);
#10259=ORIENTED_EDGE('',*,*,#7758,.F.);
#10260=ORIENTED_EDGE('',*,*,#6817,.F.);
#10261=ORIENTED_EDGE('',*,*,#7759,.T.);
#10262=ORIENTED_EDGE('',*,*,#7378,.F.);
#10263=ORIENTED_EDGE('',*,*,#7759,.F.);
#10264=ORIENTED_EDGE('',*,*,#6816,.F.);
#10265=ORIENTED_EDGE('',*,*,#7754,.T.);
#10266=ORIENTED_EDGE('',*,*,#7373,.F.);
#10267=ORIENTED_EDGE('',*,*,#7760,.F.);
#10268=ORIENTED_EDGE('',*,*,#6821,.F.);
#10269=ORIENTED_EDGE('',*,*,#7761,.T.);
#10270=ORIENTED_EDGE('',*,*,#7374,.F.);
#10271=ORIENTED_EDGE('',*,*,#7761,.F.);
#10272=ORIENTED_EDGE('',*,*,#6820,.F.);
#10273=ORIENTED_EDGE('',*,*,#7762,.T.);
#10274=ORIENTED_EDGE('',*,*,#7375,.F.);
#10275=ORIENTED_EDGE('',*,*,#7762,.F.);
#10276=ORIENTED_EDGE('',*,*,#6819,.F.);
#10277=ORIENTED_EDGE('',*,*,#7763,.T.);
#10278=ORIENTED_EDGE('',*,*,#7370,.F.);
#10279=ORIENTED_EDGE('',*,*,#7763,.F.);
#10280=ORIENTED_EDGE('',*,*,#6818,.F.);
#10281=ORIENTED_EDGE('',*,*,#7764,.T.);
#10282=ORIENTED_EDGE('',*,*,#7371,.F.);
#10283=ORIENTED_EDGE('',*,*,#7764,.F.);
#10284=ORIENTED_EDGE('',*,*,#6823,.F.);
#10285=ORIENTED_EDGE('',*,*,#7765,.T.);
#10286=ORIENTED_EDGE('',*,*,#7372,.F.);
#10287=ORIENTED_EDGE('',*,*,#7765,.F.);
#10288=ORIENTED_EDGE('',*,*,#6822,.F.);
#10289=ORIENTED_EDGE('',*,*,#7760,.T.);
#10290=ORIENTED_EDGE('',*,*,#7367,.F.);
#10291=ORIENTED_EDGE('',*,*,#7766,.F.);
#10292=ORIENTED_EDGE('',*,*,#6827,.F.);
#10293=ORIENTED_EDGE('',*,*,#7767,.T.);
#10294=ORIENTED_EDGE('',*,*,#7368,.F.);
#10295=ORIENTED_EDGE('',*,*,#7767,.F.);
#10296=ORIENTED_EDGE('',*,*,#6826,.F.);
#10297=ORIENTED_EDGE('',*,*,#7768,.T.);
#10298=ORIENTED_EDGE('',*,*,#7369,.F.);
#10299=ORIENTED_EDGE('',*,*,#7768,.F.);
#10300=ORIENTED_EDGE('',*,*,#6825,.F.);
#10301=ORIENTED_EDGE('',*,*,#7769,.T.);
#10302=ORIENTED_EDGE('',*,*,#7364,.F.);
#10303=ORIENTED_EDGE('',*,*,#7769,.F.);
#10304=ORIENTED_EDGE('',*,*,#6824,.F.);
#10305=ORIENTED_EDGE('',*,*,#7770,.T.);
#10306=ORIENTED_EDGE('',*,*,#7365,.F.);
#10307=ORIENTED_EDGE('',*,*,#7770,.F.);
#10308=ORIENTED_EDGE('',*,*,#6829,.F.);
#10309=ORIENTED_EDGE('',*,*,#7771,.T.);
#10310=ORIENTED_EDGE('',*,*,#7366,.F.);
#10311=ORIENTED_EDGE('',*,*,#7771,.F.);
#10312=ORIENTED_EDGE('',*,*,#6828,.F.);
#10313=ORIENTED_EDGE('',*,*,#7766,.T.);
#10314=ORIENTED_EDGE('',*,*,#7361,.F.);
#10315=ORIENTED_EDGE('',*,*,#7772,.F.);
#10316=ORIENTED_EDGE('',*,*,#6833,.F.);
#10317=ORIENTED_EDGE('',*,*,#7773,.T.);
#10318=ORIENTED_EDGE('',*,*,#7362,.F.);
#10319=ORIENTED_EDGE('',*,*,#7773,.F.);
#10320=ORIENTED_EDGE('',*,*,#6832,.F.);
#10321=ORIENTED_EDGE('',*,*,#7774,.T.);
#10322=ORIENTED_EDGE('',*,*,#7363,.F.);
#10323=ORIENTED_EDGE('',*,*,#7774,.F.);
#10324=ORIENTED_EDGE('',*,*,#6831,.F.);
#10325=ORIENTED_EDGE('',*,*,#7775,.T.);
#10326=ORIENTED_EDGE('',*,*,#7358,.F.);
#10327=ORIENTED_EDGE('',*,*,#7775,.F.);
#10328=ORIENTED_EDGE('',*,*,#6830,.F.);
#10329=ORIENTED_EDGE('',*,*,#7776,.T.);
#10330=ORIENTED_EDGE('',*,*,#7359,.F.);
#10331=ORIENTED_EDGE('',*,*,#7776,.F.);
#10332=ORIENTED_EDGE('',*,*,#6835,.F.);
#10333=ORIENTED_EDGE('',*,*,#7777,.T.);
#10334=ORIENTED_EDGE('',*,*,#7360,.F.);
#10335=ORIENTED_EDGE('',*,*,#7777,.F.);
#10336=ORIENTED_EDGE('',*,*,#6834,.F.);
#10337=ORIENTED_EDGE('',*,*,#7772,.T.);
#10338=ORIENTED_EDGE('',*,*,#7355,.F.);
#10339=ORIENTED_EDGE('',*,*,#7778,.F.);
#10340=ORIENTED_EDGE('',*,*,#6839,.F.);
#10341=ORIENTED_EDGE('',*,*,#7779,.T.);
#10342=ORIENTED_EDGE('',*,*,#7356,.F.);
#10343=ORIENTED_EDGE('',*,*,#7779,.F.);
#10344=ORIENTED_EDGE('',*,*,#6838,.F.);
#10345=ORIENTED_EDGE('',*,*,#7780,.T.);
#10346=ORIENTED_EDGE('',*,*,#7357,.F.);
#10347=ORIENTED_EDGE('',*,*,#7780,.F.);
#10348=ORIENTED_EDGE('',*,*,#6837,.F.);
#10349=ORIENTED_EDGE('',*,*,#7781,.T.);
#10350=ORIENTED_EDGE('',*,*,#7352,.F.);
#10351=ORIENTED_EDGE('',*,*,#7781,.F.);
#10352=ORIENTED_EDGE('',*,*,#6836,.F.);
#10353=ORIENTED_EDGE('',*,*,#7782,.T.);
#10354=ORIENTED_EDGE('',*,*,#7353,.F.);
#10355=ORIENTED_EDGE('',*,*,#7782,.F.);
#10356=ORIENTED_EDGE('',*,*,#6841,.F.);
#10357=ORIENTED_EDGE('',*,*,#7783,.T.);
#10358=ORIENTED_EDGE('',*,*,#7354,.F.);
#10359=ORIENTED_EDGE('',*,*,#7783,.F.);
#10360=ORIENTED_EDGE('',*,*,#6840,.F.);
#10361=ORIENTED_EDGE('',*,*,#7778,.T.);
#10362=ORIENTED_EDGE('',*,*,#7349,.F.);
#10363=ORIENTED_EDGE('',*,*,#7784,.F.);
#10364=ORIENTED_EDGE('',*,*,#6845,.F.);
#10365=ORIENTED_EDGE('',*,*,#7785,.T.);
#10366=ORIENTED_EDGE('',*,*,#7350,.F.);
#10367=ORIENTED_EDGE('',*,*,#7785,.F.);
#10368=ORIENTED_EDGE('',*,*,#6844,.F.);
#10369=ORIENTED_EDGE('',*,*,#7786,.T.);
#10370=ORIENTED_EDGE('',*,*,#7351,.F.);
#10371=ORIENTED_EDGE('',*,*,#7786,.F.);
#10372=ORIENTED_EDGE('',*,*,#6843,.F.);
#10373=ORIENTED_EDGE('',*,*,#7787,.T.);
#10374=ORIENTED_EDGE('',*,*,#7346,.F.);
#10375=ORIENTED_EDGE('',*,*,#7787,.F.);
#10376=ORIENTED_EDGE('',*,*,#6842,.F.);
#10377=ORIENTED_EDGE('',*,*,#7788,.T.);
#10378=ORIENTED_EDGE('',*,*,#7347,.F.);
#10379=ORIENTED_EDGE('',*,*,#7788,.F.);
#10380=ORIENTED_EDGE('',*,*,#6847,.F.);
#10381=ORIENTED_EDGE('',*,*,#7789,.T.);
#10382=ORIENTED_EDGE('',*,*,#7348,.F.);
#10383=ORIENTED_EDGE('',*,*,#7789,.F.);
#10384=ORIENTED_EDGE('',*,*,#6846,.F.);
#10385=ORIENTED_EDGE('',*,*,#7784,.T.);
#10386=ORIENTED_EDGE('',*,*,#7343,.F.);
#10387=ORIENTED_EDGE('',*,*,#7790,.F.);
#10388=ORIENTED_EDGE('',*,*,#6851,.F.);
#10389=ORIENTED_EDGE('',*,*,#7791,.T.);
#10390=ORIENTED_EDGE('',*,*,#7344,.F.);
#10391=ORIENTED_EDGE('',*,*,#7791,.F.);
#10392=ORIENTED_EDGE('',*,*,#6850,.F.);
#10393=ORIENTED_EDGE('',*,*,#7792,.T.);
#10394=ORIENTED_EDGE('',*,*,#7345,.F.);
#10395=ORIENTED_EDGE('',*,*,#7792,.F.);
#10396=ORIENTED_EDGE('',*,*,#6849,.F.);
#10397=ORIENTED_EDGE('',*,*,#7793,.T.);
#10398=ORIENTED_EDGE('',*,*,#7340,.F.);
#10399=ORIENTED_EDGE('',*,*,#7793,.F.);
#10400=ORIENTED_EDGE('',*,*,#6848,.F.);
#10401=ORIENTED_EDGE('',*,*,#7794,.T.);
#10402=ORIENTED_EDGE('',*,*,#7341,.F.);
#10403=ORIENTED_EDGE('',*,*,#7794,.F.);
#10404=ORIENTED_EDGE('',*,*,#6853,.F.);
#10405=ORIENTED_EDGE('',*,*,#7795,.T.);
#10406=ORIENTED_EDGE('',*,*,#7342,.F.);
#10407=ORIENTED_EDGE('',*,*,#7795,.F.);
#10408=ORIENTED_EDGE('',*,*,#6852,.F.);
#10409=ORIENTED_EDGE('',*,*,#7790,.T.);
#10410=ORIENTED_EDGE('',*,*,#7337,.F.);
#10411=ORIENTED_EDGE('',*,*,#7796,.F.);
#10412=ORIENTED_EDGE('',*,*,#6857,.F.);
#10413=ORIENTED_EDGE('',*,*,#7797,.T.);
#10414=ORIENTED_EDGE('',*,*,#7338,.F.);
#10415=ORIENTED_EDGE('',*,*,#7797,.F.);
#10416=ORIENTED_EDGE('',*,*,#6856,.F.);
#10417=ORIENTED_EDGE('',*,*,#7798,.T.);
#10418=ORIENTED_EDGE('',*,*,#7339,.F.);
#10419=ORIENTED_EDGE('',*,*,#7798,.F.);
#10420=ORIENTED_EDGE('',*,*,#6855,.F.);
#10421=ORIENTED_EDGE('',*,*,#7799,.T.);
#10422=ORIENTED_EDGE('',*,*,#7334,.F.);
#10423=ORIENTED_EDGE('',*,*,#7799,.F.);
#10424=ORIENTED_EDGE('',*,*,#6854,.F.);
#10425=ORIENTED_EDGE('',*,*,#7800,.T.);
#10426=ORIENTED_EDGE('',*,*,#7335,.F.);
#10427=ORIENTED_EDGE('',*,*,#7800,.F.);
#10428=ORIENTED_EDGE('',*,*,#6859,.F.);
#10429=ORIENTED_EDGE('',*,*,#7801,.T.);
#10430=ORIENTED_EDGE('',*,*,#7336,.F.);
#10431=ORIENTED_EDGE('',*,*,#7801,.F.);
#10432=ORIENTED_EDGE('',*,*,#6858,.F.);
#10433=ORIENTED_EDGE('',*,*,#7796,.T.);
#10434=ORIENTED_EDGE('',*,*,#7331,.F.);
#10435=ORIENTED_EDGE('',*,*,#7802,.F.);
#10436=ORIENTED_EDGE('',*,*,#6863,.F.);
#10437=ORIENTED_EDGE('',*,*,#7803,.T.);
#10438=ORIENTED_EDGE('',*,*,#7332,.F.);
#10439=ORIENTED_EDGE('',*,*,#7803,.F.);
#10440=ORIENTED_EDGE('',*,*,#6862,.F.);
#10441=ORIENTED_EDGE('',*,*,#7804,.T.);
#10442=ORIENTED_EDGE('',*,*,#7333,.F.);
#10443=ORIENTED_EDGE('',*,*,#7804,.F.);
#10444=ORIENTED_EDGE('',*,*,#6861,.F.);
#10445=ORIENTED_EDGE('',*,*,#7805,.T.);
#10446=ORIENTED_EDGE('',*,*,#7328,.F.);
#10447=ORIENTED_EDGE('',*,*,#7805,.F.);
#10448=ORIENTED_EDGE('',*,*,#6860,.F.);
#10449=ORIENTED_EDGE('',*,*,#7806,.T.);
#10450=ORIENTED_EDGE('',*,*,#7329,.F.);
#10451=ORIENTED_EDGE('',*,*,#7806,.F.);
#10452=ORIENTED_EDGE('',*,*,#6865,.F.);
#10453=ORIENTED_EDGE('',*,*,#7807,.T.);
#10454=ORIENTED_EDGE('',*,*,#7330,.F.);
#10455=ORIENTED_EDGE('',*,*,#7807,.F.);
#10456=ORIENTED_EDGE('',*,*,#6864,.F.);
#10457=ORIENTED_EDGE('',*,*,#7802,.T.);
#10458=ORIENTED_EDGE('',*,*,#7325,.F.);
#10459=ORIENTED_EDGE('',*,*,#7808,.F.);
#10460=ORIENTED_EDGE('',*,*,#6869,.F.);
#10461=ORIENTED_EDGE('',*,*,#7809,.T.);
#10462=ORIENTED_EDGE('',*,*,#7326,.F.);
#10463=ORIENTED_EDGE('',*,*,#7809,.F.);
#10464=ORIENTED_EDGE('',*,*,#6868,.F.);
#10465=ORIENTED_EDGE('',*,*,#7810,.T.);
#10466=ORIENTED_EDGE('',*,*,#7327,.F.);
#10467=ORIENTED_EDGE('',*,*,#7810,.F.);
#10468=ORIENTED_EDGE('',*,*,#6867,.F.);
#10469=ORIENTED_EDGE('',*,*,#7811,.T.);
#10470=ORIENTED_EDGE('',*,*,#7322,.F.);
#10471=ORIENTED_EDGE('',*,*,#7811,.F.);
#10472=ORIENTED_EDGE('',*,*,#6866,.F.);
#10473=ORIENTED_EDGE('',*,*,#7812,.T.);
#10474=ORIENTED_EDGE('',*,*,#7323,.F.);
#10475=ORIENTED_EDGE('',*,*,#7812,.F.);
#10476=ORIENTED_EDGE('',*,*,#6871,.F.);
#10477=ORIENTED_EDGE('',*,*,#7813,.T.);
#10478=ORIENTED_EDGE('',*,*,#7324,.F.);
#10479=ORIENTED_EDGE('',*,*,#7813,.F.);
#10480=ORIENTED_EDGE('',*,*,#6870,.F.);
#10481=ORIENTED_EDGE('',*,*,#7808,.T.);
#10482=ORIENTED_EDGE('',*,*,#7319,.F.);
#10483=ORIENTED_EDGE('',*,*,#7814,.F.);
#10484=ORIENTED_EDGE('',*,*,#6875,.F.);
#10485=ORIENTED_EDGE('',*,*,#7815,.T.);
#10486=ORIENTED_EDGE('',*,*,#7320,.F.);
#10487=ORIENTED_EDGE('',*,*,#7815,.F.);
#10488=ORIENTED_EDGE('',*,*,#6874,.F.);
#10489=ORIENTED_EDGE('',*,*,#7816,.T.);
#10490=ORIENTED_EDGE('',*,*,#7321,.F.);
#10491=ORIENTED_EDGE('',*,*,#7816,.F.);
#10492=ORIENTED_EDGE('',*,*,#6873,.F.);
#10493=ORIENTED_EDGE('',*,*,#7817,.T.);
#10494=ORIENTED_EDGE('',*,*,#7316,.F.);
#10495=ORIENTED_EDGE('',*,*,#7817,.F.);
#10496=ORIENTED_EDGE('',*,*,#6872,.F.);
#10497=ORIENTED_EDGE('',*,*,#7818,.T.);
#10498=ORIENTED_EDGE('',*,*,#7317,.F.);
#10499=ORIENTED_EDGE('',*,*,#7818,.F.);
#10500=ORIENTED_EDGE('',*,*,#6877,.F.);
#10501=ORIENTED_EDGE('',*,*,#7819,.T.);
#10502=ORIENTED_EDGE('',*,*,#7318,.F.);
#10503=ORIENTED_EDGE('',*,*,#7819,.F.);
#10504=ORIENTED_EDGE('',*,*,#6876,.F.);
#10505=ORIENTED_EDGE('',*,*,#7814,.T.);
#10506=ORIENTED_EDGE('',*,*,#7313,.F.);
#10507=ORIENTED_EDGE('',*,*,#7820,.F.);
#10508=ORIENTED_EDGE('',*,*,#6881,.F.);
#10509=ORIENTED_EDGE('',*,*,#7821,.T.);
#10510=ORIENTED_EDGE('',*,*,#7314,.F.);
#10511=ORIENTED_EDGE('',*,*,#7821,.F.);
#10512=ORIENTED_EDGE('',*,*,#6880,.F.);
#10513=ORIENTED_EDGE('',*,*,#7822,.T.);
#10514=ORIENTED_EDGE('',*,*,#7315,.F.);
#10515=ORIENTED_EDGE('',*,*,#7822,.F.);
#10516=ORIENTED_EDGE('',*,*,#6879,.F.);
#10517=ORIENTED_EDGE('',*,*,#7823,.T.);
#10518=ORIENTED_EDGE('',*,*,#7310,.F.);
#10519=ORIENTED_EDGE('',*,*,#7823,.F.);
#10520=ORIENTED_EDGE('',*,*,#6878,.F.);
#10521=ORIENTED_EDGE('',*,*,#7824,.T.);
#10522=ORIENTED_EDGE('',*,*,#7311,.F.);
#10523=ORIENTED_EDGE('',*,*,#7824,.F.);
#10524=ORIENTED_EDGE('',*,*,#6883,.F.);
#10525=ORIENTED_EDGE('',*,*,#7825,.T.);
#10526=ORIENTED_EDGE('',*,*,#7312,.F.);
#10527=ORIENTED_EDGE('',*,*,#7825,.F.);
#10528=ORIENTED_EDGE('',*,*,#6882,.F.);
#10529=ORIENTED_EDGE('',*,*,#7820,.T.);
#10530=ORIENTED_EDGE('',*,*,#7307,.F.);
#10531=ORIENTED_EDGE('',*,*,#7826,.F.);
#10532=ORIENTED_EDGE('',*,*,#6887,.F.);
#10533=ORIENTED_EDGE('',*,*,#7827,.T.);
#10534=ORIENTED_EDGE('',*,*,#7308,.F.);
#10535=ORIENTED_EDGE('',*,*,#7827,.F.);
#10536=ORIENTED_EDGE('',*,*,#6886,.F.);
#10537=ORIENTED_EDGE('',*,*,#7828,.T.);
#10538=ORIENTED_EDGE('',*,*,#7309,.F.);
#10539=ORIENTED_EDGE('',*,*,#7828,.F.);
#10540=ORIENTED_EDGE('',*,*,#6885,.F.);
#10541=ORIENTED_EDGE('',*,*,#7829,.T.);
#10542=ORIENTED_EDGE('',*,*,#7304,.F.);
#10543=ORIENTED_EDGE('',*,*,#7829,.F.);
#10544=ORIENTED_EDGE('',*,*,#6884,.F.);
#10545=ORIENTED_EDGE('',*,*,#7830,.T.);
#10546=ORIENTED_EDGE('',*,*,#7305,.F.);
#10547=ORIENTED_EDGE('',*,*,#7830,.F.);
#10548=ORIENTED_EDGE('',*,*,#6889,.F.);
#10549=ORIENTED_EDGE('',*,*,#7831,.T.);
#10550=ORIENTED_EDGE('',*,*,#7306,.F.);
#10551=ORIENTED_EDGE('',*,*,#7831,.F.);
#10552=ORIENTED_EDGE('',*,*,#6888,.F.);
#10553=ORIENTED_EDGE('',*,*,#7826,.T.);
#10554=ORIENTED_EDGE('',*,*,#7301,.F.);
#10555=ORIENTED_EDGE('',*,*,#7832,.F.);
#10556=ORIENTED_EDGE('',*,*,#6893,.F.);
#10557=ORIENTED_EDGE('',*,*,#7833,.T.);
#10558=ORIENTED_EDGE('',*,*,#7302,.F.);
#10559=ORIENTED_EDGE('',*,*,#7833,.F.);
#10560=ORIENTED_EDGE('',*,*,#6892,.F.);
#10561=ORIENTED_EDGE('',*,*,#7834,.T.);
#10562=ORIENTED_EDGE('',*,*,#7303,.F.);
#10563=ORIENTED_EDGE('',*,*,#7834,.F.);
#10564=ORIENTED_EDGE('',*,*,#6891,.F.);
#10565=ORIENTED_EDGE('',*,*,#7835,.T.);
#10566=ORIENTED_EDGE('',*,*,#7298,.F.);
#10567=ORIENTED_EDGE('',*,*,#7835,.F.);
#10568=ORIENTED_EDGE('',*,*,#6890,.F.);
#10569=ORIENTED_EDGE('',*,*,#7836,.T.);
#10570=ORIENTED_EDGE('',*,*,#7299,.F.);
#10571=ORIENTED_EDGE('',*,*,#7836,.F.);
#10572=ORIENTED_EDGE('',*,*,#6895,.F.);
#10573=ORIENTED_EDGE('',*,*,#7837,.T.);
#10574=ORIENTED_EDGE('',*,*,#7300,.F.);
#10575=ORIENTED_EDGE('',*,*,#7837,.F.);
#10576=ORIENTED_EDGE('',*,*,#6894,.F.);
#10577=ORIENTED_EDGE('',*,*,#7832,.T.);
#10578=ORIENTED_EDGE('',*,*,#7295,.F.);
#10579=ORIENTED_EDGE('',*,*,#7838,.F.);
#10580=ORIENTED_EDGE('',*,*,#6899,.F.);
#10581=ORIENTED_EDGE('',*,*,#7839,.T.);
#10582=ORIENTED_EDGE('',*,*,#7296,.F.);
#10583=ORIENTED_EDGE('',*,*,#7839,.F.);
#10584=ORIENTED_EDGE('',*,*,#6898,.F.);
#10585=ORIENTED_EDGE('',*,*,#7840,.T.);
#10586=ORIENTED_EDGE('',*,*,#7297,.F.);
#10587=ORIENTED_EDGE('',*,*,#7840,.F.);
#10588=ORIENTED_EDGE('',*,*,#6897,.F.);
#10589=ORIENTED_EDGE('',*,*,#7841,.T.);
#10590=ORIENTED_EDGE('',*,*,#7292,.F.);
#10591=ORIENTED_EDGE('',*,*,#7841,.F.);
#10592=ORIENTED_EDGE('',*,*,#6896,.F.);
#10593=ORIENTED_EDGE('',*,*,#7842,.T.);
#10594=ORIENTED_EDGE('',*,*,#7293,.F.);
#10595=ORIENTED_EDGE('',*,*,#7842,.F.);
#10596=ORIENTED_EDGE('',*,*,#6901,.F.);
#10597=ORIENTED_EDGE('',*,*,#7843,.T.);
#10598=ORIENTED_EDGE('',*,*,#7294,.F.);
#10599=ORIENTED_EDGE('',*,*,#7843,.F.);
#10600=ORIENTED_EDGE('',*,*,#6900,.F.);
#10601=ORIENTED_EDGE('',*,*,#7838,.T.);
#10602=ORIENTED_EDGE('',*,*,#7289,.F.);
#10603=ORIENTED_EDGE('',*,*,#7844,.F.);
#10604=ORIENTED_EDGE('',*,*,#6905,.F.);
#10605=ORIENTED_EDGE('',*,*,#7845,.T.);
#10606=ORIENTED_EDGE('',*,*,#7290,.F.);
#10607=ORIENTED_EDGE('',*,*,#7845,.F.);
#10608=ORIENTED_EDGE('',*,*,#6904,.F.);
#10609=ORIENTED_EDGE('',*,*,#7846,.T.);
#10610=ORIENTED_EDGE('',*,*,#7291,.F.);
#10611=ORIENTED_EDGE('',*,*,#7846,.F.);
#10612=ORIENTED_EDGE('',*,*,#6903,.F.);
#10613=ORIENTED_EDGE('',*,*,#7847,.T.);
#10614=ORIENTED_EDGE('',*,*,#7286,.F.);
#10615=ORIENTED_EDGE('',*,*,#7847,.F.);
#10616=ORIENTED_EDGE('',*,*,#6902,.F.);
#10617=ORIENTED_EDGE('',*,*,#7848,.T.);
#10618=ORIENTED_EDGE('',*,*,#7287,.F.);
#10619=ORIENTED_EDGE('',*,*,#7848,.F.);
#10620=ORIENTED_EDGE('',*,*,#6907,.F.);
#10621=ORIENTED_EDGE('',*,*,#7849,.T.);
#10622=ORIENTED_EDGE('',*,*,#7288,.F.);
#10623=ORIENTED_EDGE('',*,*,#7849,.F.);
#10624=ORIENTED_EDGE('',*,*,#6906,.F.);
#10625=ORIENTED_EDGE('',*,*,#7844,.T.);
#10626=ORIENTED_EDGE('',*,*,#7283,.F.);
#10627=ORIENTED_EDGE('',*,*,#7850,.F.);
#10628=ORIENTED_EDGE('',*,*,#6911,.F.);
#10629=ORIENTED_EDGE('',*,*,#7851,.T.);
#10630=ORIENTED_EDGE('',*,*,#7284,.F.);
#10631=ORIENTED_EDGE('',*,*,#7851,.F.);
#10632=ORIENTED_EDGE('',*,*,#6910,.F.);
#10633=ORIENTED_EDGE('',*,*,#7852,.T.);
#10634=ORIENTED_EDGE('',*,*,#7285,.F.);
#10635=ORIENTED_EDGE('',*,*,#7852,.F.);
#10636=ORIENTED_EDGE('',*,*,#6909,.F.);
#10637=ORIENTED_EDGE('',*,*,#7853,.T.);
#10638=ORIENTED_EDGE('',*,*,#7280,.F.);
#10639=ORIENTED_EDGE('',*,*,#7853,.F.);
#10640=ORIENTED_EDGE('',*,*,#6908,.F.);
#10641=ORIENTED_EDGE('',*,*,#7854,.T.);
#10642=ORIENTED_EDGE('',*,*,#7281,.F.);
#10643=ORIENTED_EDGE('',*,*,#7854,.F.);
#10644=ORIENTED_EDGE('',*,*,#6913,.F.);
#10645=ORIENTED_EDGE('',*,*,#7855,.T.);
#10646=ORIENTED_EDGE('',*,*,#7282,.F.);
#10647=ORIENTED_EDGE('',*,*,#7855,.F.);
#10648=ORIENTED_EDGE('',*,*,#6912,.F.);
#10649=ORIENTED_EDGE('',*,*,#7850,.T.);
#10650=ORIENTED_EDGE('',*,*,#7277,.F.);
#10651=ORIENTED_EDGE('',*,*,#7856,.F.);
#10652=ORIENTED_EDGE('',*,*,#6917,.F.);
#10653=ORIENTED_EDGE('',*,*,#7857,.T.);
#10654=ORIENTED_EDGE('',*,*,#7278,.F.);
#10655=ORIENTED_EDGE('',*,*,#7857,.F.);
#10656=ORIENTED_EDGE('',*,*,#6916,.F.);
#10657=ORIENTED_EDGE('',*,*,#7858,.T.);
#10658=ORIENTED_EDGE('',*,*,#7279,.F.);
#10659=ORIENTED_EDGE('',*,*,#7858,.F.);
#10660=ORIENTED_EDGE('',*,*,#6915,.F.);
#10661=ORIENTED_EDGE('',*,*,#7859,.T.);
#10662=ORIENTED_EDGE('',*,*,#7274,.F.);
#10663=ORIENTED_EDGE('',*,*,#7859,.F.);
#10664=ORIENTED_EDGE('',*,*,#6914,.F.);
#10665=ORIENTED_EDGE('',*,*,#7860,.T.);
#10666=ORIENTED_EDGE('',*,*,#7275,.F.);
#10667=ORIENTED_EDGE('',*,*,#7860,.F.);
#10668=ORIENTED_EDGE('',*,*,#6919,.F.);
#10669=ORIENTED_EDGE('',*,*,#7861,.T.);
#10670=ORIENTED_EDGE('',*,*,#7276,.F.);
#10671=ORIENTED_EDGE('',*,*,#7861,.F.);
#10672=ORIENTED_EDGE('',*,*,#6918,.F.);
#10673=ORIENTED_EDGE('',*,*,#7856,.T.);
#10674=ORIENTED_EDGE('',*,*,#7271,.F.);
#10675=ORIENTED_EDGE('',*,*,#7862,.F.);
#10676=ORIENTED_EDGE('',*,*,#6923,.F.);
#10677=ORIENTED_EDGE('',*,*,#7863,.T.);
#10678=ORIENTED_EDGE('',*,*,#7272,.F.);
#10679=ORIENTED_EDGE('',*,*,#7863,.F.);
#10680=ORIENTED_EDGE('',*,*,#6922,.F.);
#10681=ORIENTED_EDGE('',*,*,#7864,.T.);
#10682=ORIENTED_EDGE('',*,*,#7273,.F.);
#10683=ORIENTED_EDGE('',*,*,#7864,.F.);
#10684=ORIENTED_EDGE('',*,*,#6921,.F.);
#10685=ORIENTED_EDGE('',*,*,#7865,.T.);
#10686=ORIENTED_EDGE('',*,*,#7268,.F.);
#10687=ORIENTED_EDGE('',*,*,#7865,.F.);
#10688=ORIENTED_EDGE('',*,*,#6920,.F.);
#10689=ORIENTED_EDGE('',*,*,#7866,.T.);
#10690=ORIENTED_EDGE('',*,*,#7269,.F.);
#10691=ORIENTED_EDGE('',*,*,#7866,.F.);
#10692=ORIENTED_EDGE('',*,*,#6925,.F.);
#10693=ORIENTED_EDGE('',*,*,#7867,.T.);
#10694=ORIENTED_EDGE('',*,*,#7270,.F.);
#10695=ORIENTED_EDGE('',*,*,#7867,.F.);
#10696=ORIENTED_EDGE('',*,*,#6924,.F.);
#10697=ORIENTED_EDGE('',*,*,#7862,.T.);
#10698=ORIENTED_EDGE('',*,*,#7265,.F.);
#10699=ORIENTED_EDGE('',*,*,#7868,.F.);
#10700=ORIENTED_EDGE('',*,*,#6929,.F.);
#10701=ORIENTED_EDGE('',*,*,#7869,.T.);
#10702=ORIENTED_EDGE('',*,*,#7266,.F.);
#10703=ORIENTED_EDGE('',*,*,#7869,.F.);
#10704=ORIENTED_EDGE('',*,*,#6928,.F.);
#10705=ORIENTED_EDGE('',*,*,#7870,.T.);
#10706=ORIENTED_EDGE('',*,*,#7267,.F.);
#10707=ORIENTED_EDGE('',*,*,#7870,.F.);
#10708=ORIENTED_EDGE('',*,*,#6927,.F.);
#10709=ORIENTED_EDGE('',*,*,#7871,.T.);
#10710=ORIENTED_EDGE('',*,*,#7262,.F.);
#10711=ORIENTED_EDGE('',*,*,#7871,.F.);
#10712=ORIENTED_EDGE('',*,*,#6926,.F.);
#10713=ORIENTED_EDGE('',*,*,#7872,.T.);
#10714=ORIENTED_EDGE('',*,*,#7263,.F.);
#10715=ORIENTED_EDGE('',*,*,#7872,.F.);
#10716=ORIENTED_EDGE('',*,*,#6931,.F.);
#10717=ORIENTED_EDGE('',*,*,#7873,.T.);
#10718=ORIENTED_EDGE('',*,*,#7264,.F.);
#10719=ORIENTED_EDGE('',*,*,#7873,.F.);
#10720=ORIENTED_EDGE('',*,*,#6930,.F.);
#10721=ORIENTED_EDGE('',*,*,#7868,.T.);
#10722=ORIENTED_EDGE('',*,*,#7259,.F.);
#10723=ORIENTED_EDGE('',*,*,#7874,.F.);
#10724=ORIENTED_EDGE('',*,*,#6935,.F.);
#10725=ORIENTED_EDGE('',*,*,#7875,.T.);
#10726=ORIENTED_EDGE('',*,*,#7260,.F.);
#10727=ORIENTED_EDGE('',*,*,#7875,.F.);
#10728=ORIENTED_EDGE('',*,*,#6934,.F.);
#10729=ORIENTED_EDGE('',*,*,#7876,.T.);
#10730=ORIENTED_EDGE('',*,*,#7261,.F.);
#10731=ORIENTED_EDGE('',*,*,#7876,.F.);
#10732=ORIENTED_EDGE('',*,*,#6933,.F.);
#10733=ORIENTED_EDGE('',*,*,#7877,.T.);
#10734=ORIENTED_EDGE('',*,*,#7256,.F.);
#10735=ORIENTED_EDGE('',*,*,#7877,.F.);
#10736=ORIENTED_EDGE('',*,*,#6932,.F.);
#10737=ORIENTED_EDGE('',*,*,#7878,.T.);
#10738=ORIENTED_EDGE('',*,*,#7257,.F.);
#10739=ORIENTED_EDGE('',*,*,#7878,.F.);
#10740=ORIENTED_EDGE('',*,*,#6937,.F.);
#10741=ORIENTED_EDGE('',*,*,#7879,.T.);
#10742=ORIENTED_EDGE('',*,*,#7258,.F.);
#10743=ORIENTED_EDGE('',*,*,#7879,.F.);
#10744=ORIENTED_EDGE('',*,*,#6936,.F.);
#10745=ORIENTED_EDGE('',*,*,#7874,.T.);
#10746=ORIENTED_EDGE('',*,*,#7253,.F.);
#10747=ORIENTED_EDGE('',*,*,#7880,.F.);
#10748=ORIENTED_EDGE('',*,*,#6941,.F.);
#10749=ORIENTED_EDGE('',*,*,#7881,.T.);
#10750=ORIENTED_EDGE('',*,*,#7254,.F.);
#10751=ORIENTED_EDGE('',*,*,#7881,.F.);
#10752=ORIENTED_EDGE('',*,*,#6940,.F.);
#10753=ORIENTED_EDGE('',*,*,#7882,.T.);
#10754=ORIENTED_EDGE('',*,*,#7255,.F.);
#10755=ORIENTED_EDGE('',*,*,#7882,.F.);
#10756=ORIENTED_EDGE('',*,*,#6939,.F.);
#10757=ORIENTED_EDGE('',*,*,#7883,.T.);
#10758=ORIENTED_EDGE('',*,*,#7250,.F.);
#10759=ORIENTED_EDGE('',*,*,#7883,.F.);
#10760=ORIENTED_EDGE('',*,*,#6938,.F.);
#10761=ORIENTED_EDGE('',*,*,#7884,.T.);
#10762=ORIENTED_EDGE('',*,*,#7251,.F.);
#10763=ORIENTED_EDGE('',*,*,#7884,.F.);
#10764=ORIENTED_EDGE('',*,*,#6943,.F.);
#10765=ORIENTED_EDGE('',*,*,#7885,.T.);
#10766=ORIENTED_EDGE('',*,*,#7252,.F.);
#10767=ORIENTED_EDGE('',*,*,#7885,.F.);
#10768=ORIENTED_EDGE('',*,*,#6942,.F.);
#10769=ORIENTED_EDGE('',*,*,#7880,.T.);
#10770=ORIENTED_EDGE('',*,*,#7247,.F.);
#10771=ORIENTED_EDGE('',*,*,#7886,.F.);
#10772=ORIENTED_EDGE('',*,*,#6947,.F.);
#10773=ORIENTED_EDGE('',*,*,#7887,.T.);
#10774=ORIENTED_EDGE('',*,*,#7248,.F.);
#10775=ORIENTED_EDGE('',*,*,#7887,.F.);
#10776=ORIENTED_EDGE('',*,*,#6946,.F.);
#10777=ORIENTED_EDGE('',*,*,#7888,.T.);
#10778=ORIENTED_EDGE('',*,*,#7249,.F.);
#10779=ORIENTED_EDGE('',*,*,#7888,.F.);
#10780=ORIENTED_EDGE('',*,*,#6945,.F.);
#10781=ORIENTED_EDGE('',*,*,#7889,.T.);
#10782=ORIENTED_EDGE('',*,*,#7244,.F.);
#10783=ORIENTED_EDGE('',*,*,#7889,.F.);
#10784=ORIENTED_EDGE('',*,*,#6944,.F.);
#10785=ORIENTED_EDGE('',*,*,#7890,.T.);
#10786=ORIENTED_EDGE('',*,*,#7245,.F.);
#10787=ORIENTED_EDGE('',*,*,#7890,.F.);
#10788=ORIENTED_EDGE('',*,*,#6949,.F.);
#10789=ORIENTED_EDGE('',*,*,#7891,.T.);
#10790=ORIENTED_EDGE('',*,*,#7246,.F.);
#10791=ORIENTED_EDGE('',*,*,#7891,.F.);
#10792=ORIENTED_EDGE('',*,*,#6948,.F.);
#10793=ORIENTED_EDGE('',*,*,#7886,.T.);
#10794=ORIENTED_EDGE('',*,*,#7241,.F.);
#10795=ORIENTED_EDGE('',*,*,#7892,.F.);
#10796=ORIENTED_EDGE('',*,*,#6953,.F.);
#10797=ORIENTED_EDGE('',*,*,#7893,.T.);
#10798=ORIENTED_EDGE('',*,*,#7242,.F.);
#10799=ORIENTED_EDGE('',*,*,#7893,.F.);
#10800=ORIENTED_EDGE('',*,*,#6952,.F.);
#10801=ORIENTED_EDGE('',*,*,#7894,.T.);
#10802=ORIENTED_EDGE('',*,*,#7243,.F.);
#10803=ORIENTED_EDGE('',*,*,#7894,.F.);
#10804=ORIENTED_EDGE('',*,*,#6951,.F.);
#10805=ORIENTED_EDGE('',*,*,#7895,.T.);
#10806=ORIENTED_EDGE('',*,*,#7238,.F.);
#10807=ORIENTED_EDGE('',*,*,#7895,.F.);
#10808=ORIENTED_EDGE('',*,*,#6950,.F.);
#10809=ORIENTED_EDGE('',*,*,#7896,.T.);
#10810=ORIENTED_EDGE('',*,*,#7239,.F.);
#10811=ORIENTED_EDGE('',*,*,#7896,.F.);
#10812=ORIENTED_EDGE('',*,*,#6955,.F.);
#10813=ORIENTED_EDGE('',*,*,#7897,.T.);
#10814=ORIENTED_EDGE('',*,*,#7240,.F.);
#10815=ORIENTED_EDGE('',*,*,#7897,.F.);
#10816=ORIENTED_EDGE('',*,*,#6954,.F.);
#10817=ORIENTED_EDGE('',*,*,#7892,.T.);
#10818=ORIENTED_EDGE('',*,*,#7235,.F.);
#10819=ORIENTED_EDGE('',*,*,#7898,.F.);
#10820=ORIENTED_EDGE('',*,*,#6959,.F.);
#10821=ORIENTED_EDGE('',*,*,#7899,.T.);
#10822=ORIENTED_EDGE('',*,*,#7236,.F.);
#10823=ORIENTED_EDGE('',*,*,#7899,.F.);
#10824=ORIENTED_EDGE('',*,*,#6958,.F.);
#10825=ORIENTED_EDGE('',*,*,#7900,.T.);
#10826=ORIENTED_EDGE('',*,*,#7237,.F.);
#10827=ORIENTED_EDGE('',*,*,#7900,.F.);
#10828=ORIENTED_EDGE('',*,*,#6957,.F.);
#10829=ORIENTED_EDGE('',*,*,#7901,.T.);
#10830=ORIENTED_EDGE('',*,*,#7232,.F.);
#10831=ORIENTED_EDGE('',*,*,#7901,.F.);
#10832=ORIENTED_EDGE('',*,*,#6956,.F.);
#10833=ORIENTED_EDGE('',*,*,#7902,.T.);
#10834=ORIENTED_EDGE('',*,*,#7233,.F.);
#10835=ORIENTED_EDGE('',*,*,#7902,.F.);
#10836=ORIENTED_EDGE('',*,*,#6961,.F.);
#10837=ORIENTED_EDGE('',*,*,#7903,.T.);
#10838=ORIENTED_EDGE('',*,*,#7234,.F.);
#10839=ORIENTED_EDGE('',*,*,#7903,.F.);
#10840=ORIENTED_EDGE('',*,*,#6960,.F.);
#10841=ORIENTED_EDGE('',*,*,#7898,.T.);
#10842=ORIENTED_EDGE('',*,*,#7229,.F.);
#10843=ORIENTED_EDGE('',*,*,#7904,.F.);
#10844=ORIENTED_EDGE('',*,*,#6965,.F.);
#10845=ORIENTED_EDGE('',*,*,#7905,.T.);
#10846=ORIENTED_EDGE('',*,*,#7230,.F.);
#10847=ORIENTED_EDGE('',*,*,#7905,.F.);
#10848=ORIENTED_EDGE('',*,*,#6964,.F.);
#10849=ORIENTED_EDGE('',*,*,#7906,.T.);
#10850=ORIENTED_EDGE('',*,*,#7231,.F.);
#10851=ORIENTED_EDGE('',*,*,#7906,.F.);
#10852=ORIENTED_EDGE('',*,*,#6963,.F.);
#10853=ORIENTED_EDGE('',*,*,#7907,.T.);
#10854=ORIENTED_EDGE('',*,*,#7226,.F.);
#10855=ORIENTED_EDGE('',*,*,#7907,.F.);
#10856=ORIENTED_EDGE('',*,*,#6962,.F.);
#10857=ORIENTED_EDGE('',*,*,#7908,.T.);
#10858=ORIENTED_EDGE('',*,*,#7227,.F.);
#10859=ORIENTED_EDGE('',*,*,#7908,.F.);
#10860=ORIENTED_EDGE('',*,*,#6967,.F.);
#10861=ORIENTED_EDGE('',*,*,#7909,.T.);
#10862=ORIENTED_EDGE('',*,*,#7228,.F.);
#10863=ORIENTED_EDGE('',*,*,#7909,.F.);
#10864=ORIENTED_EDGE('',*,*,#6966,.F.);
#10865=ORIENTED_EDGE('',*,*,#7904,.T.);
#10866=ORIENTED_EDGE('',*,*,#7223,.F.);
#10867=ORIENTED_EDGE('',*,*,#7910,.F.);
#10868=ORIENTED_EDGE('',*,*,#6971,.F.);
#10869=ORIENTED_EDGE('',*,*,#7911,.T.);
#10870=ORIENTED_EDGE('',*,*,#7224,.F.);
#10871=ORIENTED_EDGE('',*,*,#7911,.F.);
#10872=ORIENTED_EDGE('',*,*,#6970,.F.);
#10873=ORIENTED_EDGE('',*,*,#7912,.T.);
#10874=ORIENTED_EDGE('',*,*,#7225,.F.);
#10875=ORIENTED_EDGE('',*,*,#7912,.F.);
#10876=ORIENTED_EDGE('',*,*,#6969,.F.);
#10877=ORIENTED_EDGE('',*,*,#7913,.T.);
#10878=ORIENTED_EDGE('',*,*,#7220,.F.);
#10879=ORIENTED_EDGE('',*,*,#7913,.F.);
#10880=ORIENTED_EDGE('',*,*,#6968,.F.);
#10881=ORIENTED_EDGE('',*,*,#7914,.T.);
#10882=ORIENTED_EDGE('',*,*,#7221,.F.);
#10883=ORIENTED_EDGE('',*,*,#7914,.F.);
#10884=ORIENTED_EDGE('',*,*,#6973,.F.);
#10885=ORIENTED_EDGE('',*,*,#7915,.T.);
#10886=ORIENTED_EDGE('',*,*,#7222,.F.);
#10887=ORIENTED_EDGE('',*,*,#7915,.F.);
#10888=ORIENTED_EDGE('',*,*,#6972,.F.);
#10889=ORIENTED_EDGE('',*,*,#7910,.T.);
#10890=ORIENTED_EDGE('',*,*,#7217,.F.);
#10891=ORIENTED_EDGE('',*,*,#7916,.F.);
#10892=ORIENTED_EDGE('',*,*,#6977,.F.);
#10893=ORIENTED_EDGE('',*,*,#7917,.T.);
#10894=ORIENTED_EDGE('',*,*,#7218,.F.);
#10895=ORIENTED_EDGE('',*,*,#7917,.F.);
#10896=ORIENTED_EDGE('',*,*,#6976,.F.);
#10897=ORIENTED_EDGE('',*,*,#7918,.T.);
#10898=ORIENTED_EDGE('',*,*,#7219,.F.);
#10899=ORIENTED_EDGE('',*,*,#7918,.F.);
#10900=ORIENTED_EDGE('',*,*,#6975,.F.);
#10901=ORIENTED_EDGE('',*,*,#7919,.T.);
#10902=ORIENTED_EDGE('',*,*,#7214,.F.);
#10903=ORIENTED_EDGE('',*,*,#7919,.F.);
#10904=ORIENTED_EDGE('',*,*,#6974,.F.);
#10905=ORIENTED_EDGE('',*,*,#7920,.T.);
#10906=ORIENTED_EDGE('',*,*,#7215,.F.);
#10907=ORIENTED_EDGE('',*,*,#7920,.F.);
#10908=ORIENTED_EDGE('',*,*,#6979,.F.);
#10909=ORIENTED_EDGE('',*,*,#7921,.T.);
#10910=ORIENTED_EDGE('',*,*,#7216,.F.);
#10911=ORIENTED_EDGE('',*,*,#7921,.F.);
#10912=ORIENTED_EDGE('',*,*,#6978,.F.);
#10913=ORIENTED_EDGE('',*,*,#7916,.T.);
#10914=ORIENTED_EDGE('',*,*,#7211,.F.);
#10915=ORIENTED_EDGE('',*,*,#7922,.F.);
#10916=ORIENTED_EDGE('',*,*,#6983,.F.);
#10917=ORIENTED_EDGE('',*,*,#7923,.T.);
#10918=ORIENTED_EDGE('',*,*,#7212,.F.);
#10919=ORIENTED_EDGE('',*,*,#7923,.F.);
#10920=ORIENTED_EDGE('',*,*,#6982,.F.);
#10921=ORIENTED_EDGE('',*,*,#7924,.T.);
#10922=ORIENTED_EDGE('',*,*,#7213,.F.);
#10923=ORIENTED_EDGE('',*,*,#7924,.F.);
#10924=ORIENTED_EDGE('',*,*,#6981,.F.);
#10925=ORIENTED_EDGE('',*,*,#7925,.T.);
#10926=ORIENTED_EDGE('',*,*,#7208,.F.);
#10927=ORIENTED_EDGE('',*,*,#7925,.F.);
#10928=ORIENTED_EDGE('',*,*,#6980,.F.);
#10929=ORIENTED_EDGE('',*,*,#7926,.T.);
#10930=ORIENTED_EDGE('',*,*,#7209,.F.);
#10931=ORIENTED_EDGE('',*,*,#7926,.F.);
#10932=ORIENTED_EDGE('',*,*,#6985,.F.);
#10933=ORIENTED_EDGE('',*,*,#7927,.T.);
#10934=ORIENTED_EDGE('',*,*,#7210,.F.);
#10935=ORIENTED_EDGE('',*,*,#7927,.F.);
#10936=ORIENTED_EDGE('',*,*,#6984,.F.);
#10937=ORIENTED_EDGE('',*,*,#7922,.T.);
#10938=ORIENTED_EDGE('',*,*,#7205,.F.);
#10939=ORIENTED_EDGE('',*,*,#7928,.F.);
#10940=ORIENTED_EDGE('',*,*,#6989,.F.);
#10941=ORIENTED_EDGE('',*,*,#7929,.T.);
#10942=ORIENTED_EDGE('',*,*,#7206,.F.);
#10943=ORIENTED_EDGE('',*,*,#7929,.F.);
#10944=ORIENTED_EDGE('',*,*,#6988,.F.);
#10945=ORIENTED_EDGE('',*,*,#7930,.T.);
#10946=ORIENTED_EDGE('',*,*,#7207,.F.);
#10947=ORIENTED_EDGE('',*,*,#7930,.F.);
#10948=ORIENTED_EDGE('',*,*,#6987,.F.);
#10949=ORIENTED_EDGE('',*,*,#7931,.T.);
#10950=ORIENTED_EDGE('',*,*,#7202,.F.);
#10951=ORIENTED_EDGE('',*,*,#7931,.F.);
#10952=ORIENTED_EDGE('',*,*,#6986,.F.);
#10953=ORIENTED_EDGE('',*,*,#7932,.T.);
#10954=ORIENTED_EDGE('',*,*,#7203,.F.);
#10955=ORIENTED_EDGE('',*,*,#7932,.F.);
#10956=ORIENTED_EDGE('',*,*,#6991,.F.);
#10957=ORIENTED_EDGE('',*,*,#7933,.T.);
#10958=ORIENTED_EDGE('',*,*,#7204,.F.);
#10959=ORIENTED_EDGE('',*,*,#7933,.F.);
#10960=ORIENTED_EDGE('',*,*,#6990,.F.);
#10961=ORIENTED_EDGE('',*,*,#7928,.T.);
#10962=ORIENTED_EDGE('',*,*,#7199,.F.);
#10963=ORIENTED_EDGE('',*,*,#7934,.F.);
#10964=ORIENTED_EDGE('',*,*,#6995,.F.);
#10965=ORIENTED_EDGE('',*,*,#7935,.T.);
#10966=ORIENTED_EDGE('',*,*,#7200,.F.);
#10967=ORIENTED_EDGE('',*,*,#7935,.F.);
#10968=ORIENTED_EDGE('',*,*,#6994,.F.);
#10969=ORIENTED_EDGE('',*,*,#7936,.T.);
#10970=ORIENTED_EDGE('',*,*,#7201,.F.);
#10971=ORIENTED_EDGE('',*,*,#7936,.F.);
#10972=ORIENTED_EDGE('',*,*,#6993,.F.);
#10973=ORIENTED_EDGE('',*,*,#7937,.T.);
#10974=ORIENTED_EDGE('',*,*,#7196,.F.);
#10975=ORIENTED_EDGE('',*,*,#7937,.F.);
#10976=ORIENTED_EDGE('',*,*,#6992,.F.);
#10977=ORIENTED_EDGE('',*,*,#7938,.T.);
#10978=ORIENTED_EDGE('',*,*,#7197,.F.);
#10979=ORIENTED_EDGE('',*,*,#7938,.F.);
#10980=ORIENTED_EDGE('',*,*,#6997,.F.);
#10981=ORIENTED_EDGE('',*,*,#7939,.T.);
#10982=ORIENTED_EDGE('',*,*,#7198,.F.);
#10983=ORIENTED_EDGE('',*,*,#7939,.F.);
#10984=ORIENTED_EDGE('',*,*,#6996,.F.);
#10985=ORIENTED_EDGE('',*,*,#7934,.T.);
#10986=ORIENTED_EDGE('',*,*,#7193,.F.);
#10987=ORIENTED_EDGE('',*,*,#7940,.F.);
#10988=ORIENTED_EDGE('',*,*,#7001,.F.);
#10989=ORIENTED_EDGE('',*,*,#7941,.T.);
#10990=ORIENTED_EDGE('',*,*,#7194,.F.);
#10991=ORIENTED_EDGE('',*,*,#7941,.F.);
#10992=ORIENTED_EDGE('',*,*,#7000,.F.);
#10993=ORIENTED_EDGE('',*,*,#7942,.T.);
#10994=ORIENTED_EDGE('',*,*,#7195,.F.);
#10995=ORIENTED_EDGE('',*,*,#7942,.F.);
#10996=ORIENTED_EDGE('',*,*,#6999,.F.);
#10997=ORIENTED_EDGE('',*,*,#7943,.T.);
#10998=ORIENTED_EDGE('',*,*,#7190,.F.);
#10999=ORIENTED_EDGE('',*,*,#7943,.F.);
#11000=ORIENTED_EDGE('',*,*,#6998,.F.);
#11001=ORIENTED_EDGE('',*,*,#7944,.T.);
#11002=ORIENTED_EDGE('',*,*,#7191,.F.);
#11003=ORIENTED_EDGE('',*,*,#7944,.F.);
#11004=ORIENTED_EDGE('',*,*,#7003,.F.);
#11005=ORIENTED_EDGE('',*,*,#7945,.T.);
#11006=ORIENTED_EDGE('',*,*,#7192,.F.);
#11007=ORIENTED_EDGE('',*,*,#7945,.F.);
#11008=ORIENTED_EDGE('',*,*,#7002,.F.);
#11009=ORIENTED_EDGE('',*,*,#7940,.T.);
#11010=ORIENTED_EDGE('',*,*,#7187,.F.);
#11011=ORIENTED_EDGE('',*,*,#7946,.F.);
#11012=ORIENTED_EDGE('',*,*,#7007,.F.);
#11013=ORIENTED_EDGE('',*,*,#7947,.T.);
#11014=ORIENTED_EDGE('',*,*,#7188,.F.);
#11015=ORIENTED_EDGE('',*,*,#7947,.F.);
#11016=ORIENTED_EDGE('',*,*,#7006,.F.);
#11017=ORIENTED_EDGE('',*,*,#7948,.T.);
#11018=ORIENTED_EDGE('',*,*,#7189,.F.);
#11019=ORIENTED_EDGE('',*,*,#7948,.F.);
#11020=ORIENTED_EDGE('',*,*,#7005,.F.);
#11021=ORIENTED_EDGE('',*,*,#7949,.T.);
#11022=ORIENTED_EDGE('',*,*,#7184,.F.);
#11023=ORIENTED_EDGE('',*,*,#7949,.F.);
#11024=ORIENTED_EDGE('',*,*,#7004,.F.);
#11025=ORIENTED_EDGE('',*,*,#7950,.T.);
#11026=ORIENTED_EDGE('',*,*,#7185,.F.);
#11027=ORIENTED_EDGE('',*,*,#7950,.F.);
#11028=ORIENTED_EDGE('',*,*,#7009,.F.);
#11029=ORIENTED_EDGE('',*,*,#7951,.T.);
#11030=ORIENTED_EDGE('',*,*,#7186,.F.);
#11031=ORIENTED_EDGE('',*,*,#7951,.F.);
#11032=ORIENTED_EDGE('',*,*,#7008,.F.);
#11033=ORIENTED_EDGE('',*,*,#7946,.T.);
#11034=ORIENTED_EDGE('',*,*,#7181,.F.);
#11035=ORIENTED_EDGE('',*,*,#7952,.F.);
#11036=ORIENTED_EDGE('',*,*,#7013,.F.);
#11037=ORIENTED_EDGE('',*,*,#7953,.T.);
#11038=ORIENTED_EDGE('',*,*,#7182,.F.);
#11039=ORIENTED_EDGE('',*,*,#7953,.F.);
#11040=ORIENTED_EDGE('',*,*,#7012,.F.);
#11041=ORIENTED_EDGE('',*,*,#7954,.T.);
#11042=ORIENTED_EDGE('',*,*,#7183,.F.);
#11043=ORIENTED_EDGE('',*,*,#7954,.F.);
#11044=ORIENTED_EDGE('',*,*,#7011,.F.);
#11045=ORIENTED_EDGE('',*,*,#7955,.T.);
#11046=ORIENTED_EDGE('',*,*,#7178,.F.);
#11047=ORIENTED_EDGE('',*,*,#7955,.F.);
#11048=ORIENTED_EDGE('',*,*,#7010,.F.);
#11049=ORIENTED_EDGE('',*,*,#7956,.T.);
#11050=ORIENTED_EDGE('',*,*,#7179,.F.);
#11051=ORIENTED_EDGE('',*,*,#7956,.F.);
#11052=ORIENTED_EDGE('',*,*,#7015,.F.);
#11053=ORIENTED_EDGE('',*,*,#7957,.T.);
#11054=ORIENTED_EDGE('',*,*,#7180,.F.);
#11055=ORIENTED_EDGE('',*,*,#7957,.F.);
#11056=ORIENTED_EDGE('',*,*,#7014,.F.);
#11057=ORIENTED_EDGE('',*,*,#7952,.T.);
#11058=ORIENTED_EDGE('',*,*,#7175,.F.);
#11059=ORIENTED_EDGE('',*,*,#7958,.F.);
#11060=ORIENTED_EDGE('',*,*,#7019,.F.);
#11061=ORIENTED_EDGE('',*,*,#7959,.T.);
#11062=ORIENTED_EDGE('',*,*,#7176,.F.);
#11063=ORIENTED_EDGE('',*,*,#7959,.F.);
#11064=ORIENTED_EDGE('',*,*,#7018,.F.);
#11065=ORIENTED_EDGE('',*,*,#7960,.T.);
#11066=ORIENTED_EDGE('',*,*,#7177,.F.);
#11067=ORIENTED_EDGE('',*,*,#7960,.F.);
#11068=ORIENTED_EDGE('',*,*,#7017,.F.);
#11069=ORIENTED_EDGE('',*,*,#7961,.T.);
#11070=ORIENTED_EDGE('',*,*,#7172,.F.);
#11071=ORIENTED_EDGE('',*,*,#7961,.F.);
#11072=ORIENTED_EDGE('',*,*,#7016,.F.);
#11073=ORIENTED_EDGE('',*,*,#7962,.T.);
#11074=ORIENTED_EDGE('',*,*,#7173,.F.);
#11075=ORIENTED_EDGE('',*,*,#7962,.F.);
#11076=ORIENTED_EDGE('',*,*,#7021,.F.);
#11077=ORIENTED_EDGE('',*,*,#7963,.T.);
#11078=ORIENTED_EDGE('',*,*,#7174,.F.);
#11079=ORIENTED_EDGE('',*,*,#7963,.F.);
#11080=ORIENTED_EDGE('',*,*,#7020,.F.);
#11081=ORIENTED_EDGE('',*,*,#7958,.T.);
#11082=ORIENTED_EDGE('',*,*,#7169,.F.);
#11083=ORIENTED_EDGE('',*,*,#7964,.F.);
#11084=ORIENTED_EDGE('',*,*,#7025,.F.);
#11085=ORIENTED_EDGE('',*,*,#7965,.T.);
#11086=ORIENTED_EDGE('',*,*,#7170,.F.);
#11087=ORIENTED_EDGE('',*,*,#7965,.F.);
#11088=ORIENTED_EDGE('',*,*,#7024,.F.);
#11089=ORIENTED_EDGE('',*,*,#7966,.T.);
#11090=ORIENTED_EDGE('',*,*,#7171,.F.);
#11091=ORIENTED_EDGE('',*,*,#7966,.F.);
#11092=ORIENTED_EDGE('',*,*,#7023,.F.);
#11093=ORIENTED_EDGE('',*,*,#7967,.T.);
#11094=ORIENTED_EDGE('',*,*,#7166,.F.);
#11095=ORIENTED_EDGE('',*,*,#7967,.F.);
#11096=ORIENTED_EDGE('',*,*,#7022,.F.);
#11097=ORIENTED_EDGE('',*,*,#7968,.T.);
#11098=ORIENTED_EDGE('',*,*,#7167,.F.);
#11099=ORIENTED_EDGE('',*,*,#7968,.F.);
#11100=ORIENTED_EDGE('',*,*,#7027,.F.);
#11101=ORIENTED_EDGE('',*,*,#7969,.T.);
#11102=ORIENTED_EDGE('',*,*,#7168,.F.);
#11103=ORIENTED_EDGE('',*,*,#7969,.F.);
#11104=ORIENTED_EDGE('',*,*,#7026,.F.);
#11105=ORIENTED_EDGE('',*,*,#7964,.T.);
#11106=ORIENTED_EDGE('',*,*,#7163,.F.);
#11107=ORIENTED_EDGE('',*,*,#7970,.F.);
#11108=ORIENTED_EDGE('',*,*,#7031,.F.);
#11109=ORIENTED_EDGE('',*,*,#7971,.T.);
#11110=ORIENTED_EDGE('',*,*,#7164,.F.);
#11111=ORIENTED_EDGE('',*,*,#7971,.F.);
#11112=ORIENTED_EDGE('',*,*,#7030,.F.);
#11113=ORIENTED_EDGE('',*,*,#7972,.T.);
#11114=ORIENTED_EDGE('',*,*,#7165,.F.);
#11115=ORIENTED_EDGE('',*,*,#7972,.F.);
#11116=ORIENTED_EDGE('',*,*,#7029,.F.);
#11117=ORIENTED_EDGE('',*,*,#7973,.T.);
#11118=ORIENTED_EDGE('',*,*,#7160,.F.);
#11119=ORIENTED_EDGE('',*,*,#7973,.F.);
#11120=ORIENTED_EDGE('',*,*,#7028,.F.);
#11121=ORIENTED_EDGE('',*,*,#7974,.T.);
#11122=ORIENTED_EDGE('',*,*,#7161,.F.);
#11123=ORIENTED_EDGE('',*,*,#7974,.F.);
#11124=ORIENTED_EDGE('',*,*,#7033,.F.);
#11125=ORIENTED_EDGE('',*,*,#7975,.T.);
#11126=ORIENTED_EDGE('',*,*,#7162,.F.);
#11127=ORIENTED_EDGE('',*,*,#7975,.F.);
#11128=ORIENTED_EDGE('',*,*,#7032,.F.);
#11129=ORIENTED_EDGE('',*,*,#7970,.T.);
#11130=ORIENTED_EDGE('',*,*,#7157,.F.);
#11131=ORIENTED_EDGE('',*,*,#7976,.F.);
#11132=ORIENTED_EDGE('',*,*,#7037,.F.);
#11133=ORIENTED_EDGE('',*,*,#7977,.T.);
#11134=ORIENTED_EDGE('',*,*,#7158,.F.);
#11135=ORIENTED_EDGE('',*,*,#7977,.F.);
#11136=ORIENTED_EDGE('',*,*,#7036,.F.);
#11137=ORIENTED_EDGE('',*,*,#7978,.T.);
#11138=ORIENTED_EDGE('',*,*,#7159,.F.);
#11139=ORIENTED_EDGE('',*,*,#7978,.F.);
#11140=ORIENTED_EDGE('',*,*,#7035,.F.);
#11141=ORIENTED_EDGE('',*,*,#7979,.T.);
#11142=ORIENTED_EDGE('',*,*,#7154,.F.);
#11143=ORIENTED_EDGE('',*,*,#7979,.F.);
#11144=ORIENTED_EDGE('',*,*,#7034,.F.);
#11145=ORIENTED_EDGE('',*,*,#7980,.T.);
#11146=ORIENTED_EDGE('',*,*,#7155,.F.);
#11147=ORIENTED_EDGE('',*,*,#7980,.F.);
#11148=ORIENTED_EDGE('',*,*,#7039,.F.);
#11149=ORIENTED_EDGE('',*,*,#7981,.T.);
#11150=ORIENTED_EDGE('',*,*,#7156,.F.);
#11151=ORIENTED_EDGE('',*,*,#7981,.F.);
#11152=ORIENTED_EDGE('',*,*,#7038,.F.);
#11153=ORIENTED_EDGE('',*,*,#7976,.T.);
#11154=ORIENTED_EDGE('',*,*,#7151,.F.);
#11155=ORIENTED_EDGE('',*,*,#7982,.F.);
#11156=ORIENTED_EDGE('',*,*,#7043,.F.);
#11157=ORIENTED_EDGE('',*,*,#7983,.T.);
#11158=ORIENTED_EDGE('',*,*,#7152,.F.);
#11159=ORIENTED_EDGE('',*,*,#7983,.F.);
#11160=ORIENTED_EDGE('',*,*,#7042,.F.);
#11161=ORIENTED_EDGE('',*,*,#7984,.T.);
#11162=ORIENTED_EDGE('',*,*,#7153,.F.);
#11163=ORIENTED_EDGE('',*,*,#7984,.F.);
#11164=ORIENTED_EDGE('',*,*,#7041,.F.);
#11165=ORIENTED_EDGE('',*,*,#7985,.T.);
#11166=ORIENTED_EDGE('',*,*,#7148,.F.);
#11167=ORIENTED_EDGE('',*,*,#7985,.F.);
#11168=ORIENTED_EDGE('',*,*,#7040,.F.);
#11169=ORIENTED_EDGE('',*,*,#7986,.T.);
#11170=ORIENTED_EDGE('',*,*,#7149,.F.);
#11171=ORIENTED_EDGE('',*,*,#7986,.F.);
#11172=ORIENTED_EDGE('',*,*,#7045,.F.);
#11173=ORIENTED_EDGE('',*,*,#7987,.T.);
#11174=ORIENTED_EDGE('',*,*,#7150,.F.);
#11175=ORIENTED_EDGE('',*,*,#7987,.F.);
#11176=ORIENTED_EDGE('',*,*,#7044,.F.);
#11177=ORIENTED_EDGE('',*,*,#7982,.T.);
#11178=ORIENTED_EDGE('',*,*,#7145,.F.);
#11179=ORIENTED_EDGE('',*,*,#7988,.F.);
#11180=ORIENTED_EDGE('',*,*,#7049,.F.);
#11181=ORIENTED_EDGE('',*,*,#7989,.T.);
#11182=ORIENTED_EDGE('',*,*,#7146,.F.);
#11183=ORIENTED_EDGE('',*,*,#7989,.F.);
#11184=ORIENTED_EDGE('',*,*,#7048,.F.);
#11185=ORIENTED_EDGE('',*,*,#7990,.T.);
#11186=ORIENTED_EDGE('',*,*,#7147,.F.);
#11187=ORIENTED_EDGE('',*,*,#7990,.F.);
#11188=ORIENTED_EDGE('',*,*,#7047,.F.);
#11189=ORIENTED_EDGE('',*,*,#7991,.T.);
#11190=ORIENTED_EDGE('',*,*,#7142,.F.);
#11191=ORIENTED_EDGE('',*,*,#7991,.F.);
#11192=ORIENTED_EDGE('',*,*,#7046,.F.);
#11193=ORIENTED_EDGE('',*,*,#7992,.T.);
#11194=ORIENTED_EDGE('',*,*,#7143,.F.);
#11195=ORIENTED_EDGE('',*,*,#7992,.F.);
#11196=ORIENTED_EDGE('',*,*,#7051,.F.);
#11197=ORIENTED_EDGE('',*,*,#7993,.T.);
#11198=ORIENTED_EDGE('',*,*,#7144,.F.);
#11199=ORIENTED_EDGE('',*,*,#7993,.F.);
#11200=ORIENTED_EDGE('',*,*,#7050,.F.);
#11201=ORIENTED_EDGE('',*,*,#7988,.T.);
#11202=ORIENTED_EDGE('',*,*,#7139,.F.);
#11203=ORIENTED_EDGE('',*,*,#7994,.F.);
#11204=ORIENTED_EDGE('',*,*,#7055,.F.);
#11205=ORIENTED_EDGE('',*,*,#7995,.T.);
#11206=ORIENTED_EDGE('',*,*,#7140,.F.);
#11207=ORIENTED_EDGE('',*,*,#7995,.F.);
#11208=ORIENTED_EDGE('',*,*,#7054,.F.);
#11209=ORIENTED_EDGE('',*,*,#7996,.T.);
#11210=ORIENTED_EDGE('',*,*,#7141,.F.);
#11211=ORIENTED_EDGE('',*,*,#7996,.F.);
#11212=ORIENTED_EDGE('',*,*,#7053,.F.);
#11213=ORIENTED_EDGE('',*,*,#7997,.T.);
#11214=ORIENTED_EDGE('',*,*,#7136,.F.);
#11215=ORIENTED_EDGE('',*,*,#7997,.F.);
#11216=ORIENTED_EDGE('',*,*,#7052,.F.);
#11217=ORIENTED_EDGE('',*,*,#7998,.T.);
#11218=ORIENTED_EDGE('',*,*,#7137,.F.);
#11219=ORIENTED_EDGE('',*,*,#7998,.F.);
#11220=ORIENTED_EDGE('',*,*,#7057,.F.);
#11221=ORIENTED_EDGE('',*,*,#7999,.T.);
#11222=ORIENTED_EDGE('',*,*,#7138,.F.);
#11223=ORIENTED_EDGE('',*,*,#7999,.F.);
#11224=ORIENTED_EDGE('',*,*,#7056,.F.);
#11225=ORIENTED_EDGE('',*,*,#7994,.T.);
#11226=ORIENTED_EDGE('',*,*,#7133,.F.);
#11227=ORIENTED_EDGE('',*,*,#8000,.F.);
#11228=ORIENTED_EDGE('',*,*,#7061,.F.);
#11229=ORIENTED_EDGE('',*,*,#8001,.T.);
#11230=ORIENTED_EDGE('',*,*,#7134,.F.);
#11231=ORIENTED_EDGE('',*,*,#8001,.F.);
#11232=ORIENTED_EDGE('',*,*,#7060,.F.);
#11233=ORIENTED_EDGE('',*,*,#8002,.T.);
#11234=ORIENTED_EDGE('',*,*,#7135,.F.);
#11235=ORIENTED_EDGE('',*,*,#8002,.F.);
#11236=ORIENTED_EDGE('',*,*,#7059,.F.);
#11237=ORIENTED_EDGE('',*,*,#8003,.T.);
#11238=ORIENTED_EDGE('',*,*,#7130,.F.);
#11239=ORIENTED_EDGE('',*,*,#8003,.F.);
#11240=ORIENTED_EDGE('',*,*,#7058,.F.);
#11241=ORIENTED_EDGE('',*,*,#8004,.T.);
#11242=ORIENTED_EDGE('',*,*,#7131,.F.);
#11243=ORIENTED_EDGE('',*,*,#8004,.F.);
#11244=ORIENTED_EDGE('',*,*,#7063,.F.);
#11245=ORIENTED_EDGE('',*,*,#8005,.T.);
#11246=ORIENTED_EDGE('',*,*,#7132,.F.);
#11247=ORIENTED_EDGE('',*,*,#8005,.F.);
#11248=ORIENTED_EDGE('',*,*,#7062,.F.);
#11249=ORIENTED_EDGE('',*,*,#8000,.T.);
#11250=ORIENTED_EDGE('',*,*,#7127,.F.);
#11251=ORIENTED_EDGE('',*,*,#8006,.F.);
#11252=ORIENTED_EDGE('',*,*,#7067,.F.);
#11253=ORIENTED_EDGE('',*,*,#8007,.T.);
#11254=ORIENTED_EDGE('',*,*,#7128,.F.);
#11255=ORIENTED_EDGE('',*,*,#8007,.F.);
#11256=ORIENTED_EDGE('',*,*,#7066,.F.);
#11257=ORIENTED_EDGE('',*,*,#8008,.T.);
#11258=ORIENTED_EDGE('',*,*,#7129,.F.);
#11259=ORIENTED_EDGE('',*,*,#8008,.F.);
#11260=ORIENTED_EDGE('',*,*,#7065,.F.);
#11261=ORIENTED_EDGE('',*,*,#8009,.T.);
#11262=ORIENTED_EDGE('',*,*,#7124,.F.);
#11263=ORIENTED_EDGE('',*,*,#8009,.F.);
#11264=ORIENTED_EDGE('',*,*,#7064,.F.);
#11265=ORIENTED_EDGE('',*,*,#8010,.T.);
#11266=ORIENTED_EDGE('',*,*,#7125,.F.);
#11267=ORIENTED_EDGE('',*,*,#8010,.F.);
#11268=ORIENTED_EDGE('',*,*,#7069,.F.);
#11269=ORIENTED_EDGE('',*,*,#8011,.T.);
#11270=ORIENTED_EDGE('',*,*,#7126,.F.);
#11271=ORIENTED_EDGE('',*,*,#8011,.F.);
#11272=ORIENTED_EDGE('',*,*,#7068,.F.);
#11273=ORIENTED_EDGE('',*,*,#8006,.T.);
#11274=ORIENTED_EDGE('',*,*,#7121,.F.);
#11275=ORIENTED_EDGE('',*,*,#8012,.F.);
#11276=ORIENTED_EDGE('',*,*,#7073,.F.);
#11277=ORIENTED_EDGE('',*,*,#8013,.T.);
#11278=ORIENTED_EDGE('',*,*,#7122,.F.);
#11279=ORIENTED_EDGE('',*,*,#8013,.F.);
#11280=ORIENTED_EDGE('',*,*,#7072,.F.);
#11281=ORIENTED_EDGE('',*,*,#8014,.T.);
#11282=ORIENTED_EDGE('',*,*,#7123,.F.);
#11283=ORIENTED_EDGE('',*,*,#8014,.F.);
#11284=ORIENTED_EDGE('',*,*,#7071,.F.);
#11285=ORIENTED_EDGE('',*,*,#8015,.T.);
#11286=ORIENTED_EDGE('',*,*,#7118,.F.);
#11287=ORIENTED_EDGE('',*,*,#8015,.F.);
#11288=ORIENTED_EDGE('',*,*,#7070,.F.);
#11289=ORIENTED_EDGE('',*,*,#8016,.T.);
#11290=ORIENTED_EDGE('',*,*,#7119,.F.);
#11291=ORIENTED_EDGE('',*,*,#8016,.F.);
#11292=ORIENTED_EDGE('',*,*,#7075,.F.);
#11293=ORIENTED_EDGE('',*,*,#8017,.T.);
#11294=ORIENTED_EDGE('',*,*,#7120,.F.);
#11295=ORIENTED_EDGE('',*,*,#8017,.F.);
#11296=ORIENTED_EDGE('',*,*,#7074,.F.);
#11297=ORIENTED_EDGE('',*,*,#8012,.T.);
#11298=ORIENTED_EDGE('',*,*,#7115,.F.);
#11299=ORIENTED_EDGE('',*,*,#8018,.F.);
#11300=ORIENTED_EDGE('',*,*,#7079,.F.);
#11301=ORIENTED_EDGE('',*,*,#8019,.T.);
#11302=ORIENTED_EDGE('',*,*,#7116,.F.);
#11303=ORIENTED_EDGE('',*,*,#8019,.F.);
#11304=ORIENTED_EDGE('',*,*,#7078,.F.);
#11305=ORIENTED_EDGE('',*,*,#8020,.T.);
#11306=ORIENTED_EDGE('',*,*,#7117,.F.);
#11307=ORIENTED_EDGE('',*,*,#8020,.F.);
#11308=ORIENTED_EDGE('',*,*,#7077,.F.);
#11309=ORIENTED_EDGE('',*,*,#8021,.T.);
#11310=ORIENTED_EDGE('',*,*,#7112,.F.);
#11311=ORIENTED_EDGE('',*,*,#8021,.F.);
#11312=ORIENTED_EDGE('',*,*,#7076,.F.);
#11313=ORIENTED_EDGE('',*,*,#8022,.T.);
#11314=ORIENTED_EDGE('',*,*,#7113,.F.);
#11315=ORIENTED_EDGE('',*,*,#8022,.F.);
#11316=ORIENTED_EDGE('',*,*,#7081,.F.);
#11317=ORIENTED_EDGE('',*,*,#8023,.T.);
#11318=ORIENTED_EDGE('',*,*,#7114,.F.);
#11319=ORIENTED_EDGE('',*,*,#8023,.F.);
#11320=ORIENTED_EDGE('',*,*,#7080,.F.);
#11321=ORIENTED_EDGE('',*,*,#8018,.T.);
#11322=ORIENTED_EDGE('',*,*,#7109,.F.);
#11323=ORIENTED_EDGE('',*,*,#8024,.F.);
#11324=ORIENTED_EDGE('',*,*,#7085,.F.);
#11325=ORIENTED_EDGE('',*,*,#8025,.T.);
#11326=ORIENTED_EDGE('',*,*,#7110,.F.);
#11327=ORIENTED_EDGE('',*,*,#8025,.F.);
#11328=ORIENTED_EDGE('',*,*,#7084,.F.);
#11329=ORIENTED_EDGE('',*,*,#8026,.T.);
#11330=ORIENTED_EDGE('',*,*,#7111,.F.);
#11331=ORIENTED_EDGE('',*,*,#8026,.F.);
#11332=ORIENTED_EDGE('',*,*,#7083,.F.);
#11333=ORIENTED_EDGE('',*,*,#8027,.T.);
#11334=ORIENTED_EDGE('',*,*,#7106,.F.);
#11335=ORIENTED_EDGE('',*,*,#8027,.F.);
#11336=ORIENTED_EDGE('',*,*,#7082,.F.);
#11337=ORIENTED_EDGE('',*,*,#8028,.T.);
#11338=ORIENTED_EDGE('',*,*,#7107,.F.);
#11339=ORIENTED_EDGE('',*,*,#8028,.F.);
#11340=ORIENTED_EDGE('',*,*,#7087,.F.);
#11341=ORIENTED_EDGE('',*,*,#8029,.T.);
#11342=ORIENTED_EDGE('',*,*,#7108,.F.);
#11343=ORIENTED_EDGE('',*,*,#8029,.F.);
#11344=ORIENTED_EDGE('',*,*,#7086,.F.);
#11345=ORIENTED_EDGE('',*,*,#8024,.T.);
#11346=ORIENTED_EDGE('',*,*,#7103,.F.);
#11347=ORIENTED_EDGE('',*,*,#8030,.F.);
#11348=ORIENTED_EDGE('',*,*,#7091,.F.);
#11349=ORIENTED_EDGE('',*,*,#8031,.T.);
#11350=ORIENTED_EDGE('',*,*,#7104,.F.);
#11351=ORIENTED_EDGE('',*,*,#8031,.F.);
#11352=ORIENTED_EDGE('',*,*,#7090,.F.);
#11353=ORIENTED_EDGE('',*,*,#8032,.T.);
#11354=ORIENTED_EDGE('',*,*,#7105,.F.);
#11355=ORIENTED_EDGE('',*,*,#8032,.F.);
#11356=ORIENTED_EDGE('',*,*,#7089,.F.);
#11357=ORIENTED_EDGE('',*,*,#8033,.T.);
#11358=ORIENTED_EDGE('',*,*,#7100,.F.);
#11359=ORIENTED_EDGE('',*,*,#8033,.F.);
#11360=ORIENTED_EDGE('',*,*,#7088,.F.);
#11361=ORIENTED_EDGE('',*,*,#8034,.T.);
#11362=ORIENTED_EDGE('',*,*,#7101,.F.);
#11363=ORIENTED_EDGE('',*,*,#8034,.F.);
#11364=ORIENTED_EDGE('',*,*,#7093,.F.);
#11365=ORIENTED_EDGE('',*,*,#8035,.T.);
#11366=ORIENTED_EDGE('',*,*,#7102,.F.);
#11367=ORIENTED_EDGE('',*,*,#8035,.F.);
#11368=ORIENTED_EDGE('',*,*,#7092,.F.);
#11369=ORIENTED_EDGE('',*,*,#8030,.T.);
#11370=B_SPLINE_SURFACE_WITH_KNOTS('',3,3,((#15509,#15510,#15511,#15512,
#15513,#15514),(#15515,#15516,#15517,#15518,#15519,#15520),(#15521,#15522,
#15523,#15524,#15525,#15526),(#15527,#15528,#15529,#15530,#15531,#15532),
(#15533,#15534,#15535,#15536,#15537,#15538)),.UNSPECIFIED.,.F.,.F.,.F.,
(4,1,4),(4,1,1,4),(0.,0.571428571428571,1.),(-1.5707963267949,-0.897597901025655,
-0.448798950512827,5.36869764181526E-17),.UNSPECIFIED.);
#11371=B_SPLINE_SURFACE_WITH_KNOTS('',3,3,((#15551,#15552,#15553,#15554,
#15555,#15556,#15557),(#15558,#15559,#15560,#15561,#15562,#15563,#15564),
(#15565,#15566,#15567,#15568,#15569,#15570,#15571),(#15572,#15573,#15574,
#15575,#15576,#15577,#15578),(#15579,#15580,#15581,#15582,#15583,#15584,
#15585)),.UNSPECIFIED.,.F.,.F.,.F.,(4,1,4),(4,1,1,1,4),(0.,0.571428571428571,
1.),(-2.76056180232964E-17,0.448798950512828,0.673198425769241,1.12199737628207,
1.5707963267949),.UNSPECIFIED.);
#11372=B_SPLINE_SURFACE_WITH_KNOTS('',3,3,((#15605,#15606,#15607,#15608,
#15609,#15610),(#15611,#15612,#15613,#15614,#15615,#15616),(#15617,#15618,
#15619,#15620,#15621,#15622),(#15623,#15624,#15625,#15626,#15627,#15628),
(#15629,#15630,#15631,#15632,#15633,#15634)),.UNSPECIFIED.,.F.,.F.,.F.,
(4,1,4),(4,1,1,4),(0.,0.571428571428571,1.),(-1.5707963267949,-0.897597901025655,
-0.448798950512828,6.90140450582461E-18),.UNSPECIFIED.);
#11373=B_SPLINE_SURFACE_WITH_KNOTS('',3,3,((#15644,#15645,#15646,#15647,
#15648,#15649,#15650),(#15651,#15652,#15653,#15654,#15655,#15656,#15657),
(#15658,#15659,#15660,#15661,#15662,#15663,#15664),(#15665,#15666,#15667,
#15668,#15669,#15670,#15671),(#15672,#15673,#15674,#15675,#15676,#15677,
#15678)),.UNSPECIFIED.,.F.,.F.,.F.,(4,1,4),(4,1,1,1,4),(0.,0.571428571428571,
1.),(-6.90140450582294E-18,0.224399475256414,0.673198425769241,1.12199737628207,
1.5707963267949),.UNSPECIFIED.);
#11374=B_SPLINE_SURFACE_WITH_KNOTS('',3,3,((#15690,#15691,#15692,#15693,
#15694,#15695,#15696),(#15697,#15698,#15699,#15700,#15701,#15702,#15703),
(#15704,#15705,#15706,#15707,#15708,#15709,#15710),(#15711,#15712,#15713,
#15714,#15715,#15716,#15717),(#15718,#15719,#15720,#15721,#15722,#15723,
#15724)),.UNSPECIFIED.,.F.,.F.,.F.,(4,1,4),(4,1,1,1,4),(0.,0.571428571428571,
1.),(-1.5707963267949,-1.12199737628207,-0.673198425769241,-0.224399475256413,
1.16871804271727E-15),.UNSPECIFIED.);
#11375=B_SPLINE_SURFACE_WITH_KNOTS('',3,3,((#15734,#15735,#15736,#15737,
#15738,#15739,#15740),(#15741,#15742,#15743,#15744,#15745,#15746,#15747),
(#15748,#15749,#15750,#15751,#15752,#15753,#15754),(#15755,#15756,#15757,
#15758,#15759,#15760,#15761),(#15762,#15763,#15764,#15765,#15766,#15767,
#15768)),.UNSPECIFIED.,.F.,.F.,.F.,(4,1,4),(4,1,1,1,4),(0.,0.571428571428571,
1.),(-1.57382243785144E-14,0.2243994752564,0.673198425769232,1.12199737628206,
1.5707963267949),.UNSPECIFIED.);
#11376=B_SPLINE_SURFACE_WITH_KNOTS('',3,3,((#15778,#15779,#15780,#15781,
#15782,#15783),(#15784,#15785,#15786,#15787,#15788,#15789),(#15790,#15791,
#15792,#15793,#15794,#15795),(#15796,#15797,#15798,#15799,#15800,#15801),
(#15802,#15803,#15804,#15805,#15806,#15807)),.UNSPECIFIED.,.F.,.F.,.F.,
(4,1,4),(4,1,1,4),(0.,0.571428571428571,1.),(-1.5707963267949,-0.897597901025655,
-0.448798950512828,5.55111512312578E-17),.UNSPECIFIED.);
#11377=B_SPLINE_SURFACE_WITH_KNOTS('',3,3,((#15816,#15817,#15818,#15819,
#15820,#15821),(#15822,#15823,#15824,#15825,#15826,#15827),(#15828,#15829,
#15830,#15831,#15832,#15833),(#15834,#15835,#15836,#15837,#15838,#15839),
(#15840,#15841,#15842,#15843,#15844,#15845)),.UNSPECIFIED.,.F.,.F.,.F.,
(4,1,4),(4,1,1,4),(0.,0.571428571428571,1.),(-1.5707963267949,-0.897597901025655,
-0.448798950512828,5.55111512312578E-17),.UNSPECIFIED.);
#11378=ADVANCED_FACE('',(#3878),#11370,.T.);
#11379=ADVANCED_FACE('',(#3879),#3822,.F.);
#11380=ADVANCED_FACE('',(#3880),#11371,.T.);
#11381=ADVANCED_FACE('',(#3881),#179,.F.);
#11382=ADVANCED_FACE('',(#3882),#3823,.T.);
#11383=ADVANCED_FACE('',(#3883),#3824,.T.);
#11384=ADVANCED_FACE('',(#3884),#11372,.T.);
#11385=ADVANCED_FACE('',(#3885),#3825,.F.);
#11386=ADVANCED_FACE('',(#3886),#11373,.T.);
#11387=ADVANCED_FACE('',(#3887),#180,.F.);
#11388=ADVANCED_FACE('',(#3888),#3826,.T.);
#11389=ADVANCED_FACE('',(#3889),#11374,.T.);
#11390=ADVANCED_FACE('',(#3890),#3827,.F.);
#11391=ADVANCED_FACE('',(#3891),#11375,.T.);
#11392=ADVANCED_FACE('',(#3892),#3828,.T.);
#11393=ADVANCED_FACE('',(#3893),#3829,.T.);
#11394=ADVANCED_FACE('',(#3894),#11376,.T.);
#11395=ADVANCED_FACE('',(#3895),#3830,.F.);
#11396=ADVANCED_FACE('',(#3896),#11377,.T.);
#11397=ADVANCED_FACE('',(#3897),#3831,.T.);
#11398=ADVANCED_FACE('',(#3898),#181,.F.);
#11399=ADVANCED_FACE('',(#3899),#3832,.T.);
#11400=ADVANCED_FACE('',(#3900),#182,.F.);
#11401=ADVANCED_FACE('',(#3901,#19),#183,.T.);
#11402=ADVANCED_FACE('',(#3902),#3833,.T.);
#11403=ADVANCED_FACE('',(#3903),#184,.F.);
#11404=ADVANCED_FACE('',(#3904),#3834,.T.);
#11405=ADVANCED_FACE('',(#3905),#15,.T.);
#11406=ADVANCED_FACE('',(#3906),#3835,.T.);
#11407=ADVANCED_FACE('',(#3907),#3836,.T.);
#11408=ADVANCED_FACE('',(#3908),#16,.T.);
#11409=ADVANCED_FACE('',(#3909,#20),#185,.F.);
#11410=ADVANCED_FACE('',(#3910),#3837,.T.);
#11411=ADVANCED_FACE('',(#3911),#186,.T.);
#11412=ADVANCED_FACE('',(#3912,#21),#187,.T.);
#11413=ADVANCED_FACE('',(#3913),#3838,.T.);
#11414=ADVANCED_FACE('',(#3914),#188,.T.);
#11415=ADVANCED_FACE('',(#3915),#3839,.T.);
#11416=ADVANCED_FACE('',(#3916),#189,.T.);
#11417=ADVANCED_FACE('',(#3917),#190,.F.);
#11418=ADVANCED_FACE('',(#3918),#3840,.T.);
#11419=ADVANCED_FACE('',(#3919),#191,.T.);
#11420=ADVANCED_FACE('',(#3920),#3841,.T.);
#11421=ADVANCED_FACE('',(#3921),#192,.F.);
#11422=ADVANCED_FACE('',(#3922),#3842,.T.);
#11423=ADVANCED_FACE('',(#3923),#193,.F.);
#11424=ADVANCED_FACE('',(#3924),#194,.F.);
#11425=ADVANCED_FACE('',(#3925),#3843,.T.);
#11426=ADVANCED_FACE('',(#3926),#195,.F.);
#11427=ADVANCED_FACE('',(#3927),#3844,.T.);
#11428=ADVANCED_FACE('',(#3928),#3845,.T.);
#11429=ADVANCED_FACE('',(#3929),#3846,.T.);
#11430=ADVANCED_FACE('',(#3930),#196,.F.);
#11431=ADVANCED_FACE('',(#3931),#3847,.T.);
#11432=ADVANCED_FACE('',(#3932),#3848,.T.);
#11433=ADVANCED_FACE('',(#3933),#3849,.T.);
#11434=ADVANCED_FACE('',(#3934),#17,.T.);
#11435=ADVANCED_FACE('',(#3935),#3850,.T.);
#11436=ADVANCED_FACE('',(#3936),#197,.T.);
#11437=ADVANCED_FACE('',(#3937),#3851,.T.);
#11438=ADVANCED_FACE('',(#3938),#3852,.T.);
#11439=ADVANCED_FACE('',(#3939),#198,.T.);
#11440=ADVANCED_FACE('',(#3940),#3853,.T.);
#11441=ADVANCED_FACE('',(#3941),#199,.T.);
#11442=ADVANCED_FACE('',(#3942),#3854,.T.);
#11443=ADVANCED_FACE('',(#3943),#200,.F.);
#11444=ADVANCED_FACE('',(#3944),#3855,.T.);
#11445=ADVANCED_FACE('',(#3945),#3856,.T.);
#11446=ADVANCED_FACE('',(#3946),#3857,.T.);
#11447=ADVANCED_FACE('',(#3947,#22),#201,.T.);
#11448=ADVANCED_FACE('',(#3948),#3858,.T.);
#11449=ADVANCED_FACE('',(#3949),#3859,.T.);
#11450=ADVANCED_FACE('',(#3950),#3860,.T.);
#11451=ADVANCED_FACE('',(#3951),#3861,.T.);
#11452=ADVANCED_FACE('',(#3952),#3862,.T.);
#11453=ADVANCED_FACE('',(#3953),#202,.T.);
#11454=ADVANCED_FACE('',(#3954),#203,.T.);
#11455=ADVANCED_FACE('',(#3955),#3863,.T.);
#11456=ADVANCED_FACE('',(#3956),#204,.F.);
#11457=ADVANCED_FACE('',(#3957),#3864,.T.);
#11458=ADVANCED_FACE('',(#3958),#3865,.T.);
#11459=ADVANCED_FACE('',(#3959),#3866,.T.);
#11460=ADVANCED_FACE('',(#3960),#3867,.T.);
#11461=ADVANCED_FACE('',(#3961),#3868,.T.);
#11462=ADVANCED_FACE('',(#3962),#205,.T.);
#11463=ADVANCED_FACE('',(#3963),#3869,.T.);
#11464=ADVANCED_FACE('',(#3964),#3870,.T.);
#11465=ADVANCED_FACE('',(#3965),#206,.F.);
#11466=ADVANCED_FACE('',(#3966),#3871,.T.);
#11467=ADVANCED_FACE('',(#3967,#23,#24,#25,#26,#27,#28,#29,#30,#31,#32,
#33,#34,#35,#36,#37,#38,#39,#40,#41,#42,#43,#44,#45,#46,#47,#48,#49,#50,
#51,#52,#53,#54,#55,#56,#57,#58,#59,#60,#61,#62,#63,#64,#65,#66,#67,#68,
#69,#70,#71,#72,#73,#74,#75,#76,#77,#78,#79,#80,#81,#82,#83,#84,#85,#86,
#87,#88,#89,#90,#91,#92,#93,#94,#95,#96,#97,#98,#99,#100),#207,.T.);
#11468=ADVANCED_FACE('',(#3968),#3872,.T.);
#11469=ADVANCED_FACE('',(#3969),#3873,.T.);
#11470=ADVANCED_FACE('',(#3970),#208,.F.);
#11471=ADVANCED_FACE('',(#3971),#3874,.T.);
#11472=ADVANCED_FACE('',(#3972),#3875,.T.);
#11473=ADVANCED_FACE('',(#3973),#3876,.T.);
#11474=ADVANCED_FACE('',(#3974),#3877,.T.);
#11475=ADVANCED_FACE('',(#3975,#101,#102,#103,#104,#105,#106,#107,#108,
#109,#110,#111,#112,#113,#114,#115,#116,#117,#118,#119,#120,#121,#122,#123,
#124,#125,#126,#127,#128,#129,#130,#131,#132,#133,#134,#135,#136,#137,#138,
#139,#140,#141,#142,#143,#144,#145,#146,#147,#148,#149,#150,#151,#152,#153,
#154,#155,#156,#157,#158,#159,#160,#161,#162,#163,#164,#165,#166,#167,#168,
#169,#170,#171,#172,#173,#174,#175,#176,#177,#178),#209,.T.);
#11476=ADVANCED_FACE('',(#3976),#210,.F.);
#11477=ADVANCED_FACE('',(#3977),#211,.T.);
#11478=ADVANCED_FACE('',(#3978),#212,.T.);
#11479=ADVANCED_FACE('',(#3979),#213,.T.);
#11480=ADVANCED_FACE('',(#3980),#214,.F.);
#11481=ADVANCED_FACE('',(#3981),#215,.F.);
#11482=ADVANCED_FACE('',(#3982),#216,.F.);
#11483=ADVANCED_FACE('',(#3983),#217,.F.);
#11484=ADVANCED_FACE('',(#3984),#218,.F.);
#11485=ADVANCED_FACE('',(#3985),#219,.F.);
#11486=ADVANCED_FACE('',(#3986),#220,.F.);
#11487=ADVANCED_FACE('',(#3987),#221,.F.);
#11488=ADVANCED_FACE('',(#3988),#222,.F.);
#11489=ADVANCED_FACE('',(#3989),#223,.F.);
#11490=ADVANCED_FACE('',(#3990),#224,.F.);
#11491=ADVANCED_FACE('',(#3991),#225,.F.);
#11492=ADVANCED_FACE('',(#3992),#226,.F.);
#11493=ADVANCED_FACE('',(#3993),#227,.F.);
#11494=ADVANCED_FACE('',(#3994),#228,.F.);
#11495=ADVANCED_FACE('',(#3995),#229,.F.);
#11496=ADVANCED_FACE('',(#3996),#230,.F.);
#11497=ADVANCED_FACE('',(#3997),#231,.F.);
#11498=ADVANCED_FACE('',(#3998),#232,.F.);
#11499=ADVANCED_FACE('',(#3999),#233,.F.);
#11500=ADVANCED_FACE('',(#4000),#234,.F.);
#11501=ADVANCED_FACE('',(#4001),#235,.F.);
#11502=ADVANCED_FACE('',(#4002),#236,.F.);
#11503=ADVANCED_FACE('',(#4003),#237,.F.);
#11504=ADVANCED_FACE('',(#4004),#238,.F.);
#11505=ADVANCED_FACE('',(#4005),#239,.F.);
#11506=ADVANCED_FACE('',(#4006),#240,.F.);
#11507=ADVANCED_FACE('',(#4007),#241,.F.);
#11508=ADVANCED_FACE('',(#4008),#242,.F.);
#11509=ADVANCED_FACE('',(#4009),#243,.F.);
#11510=ADVANCED_FACE('',(#4010),#244,.F.);
#11511=ADVANCED_FACE('',(#4011),#245,.F.);
#11512=ADVANCED_FACE('',(#4012),#246,.F.);
#11513=ADVANCED_FACE('',(#4013),#247,.F.);
#11514=ADVANCED_FACE('',(#4014),#248,.F.);
#11515=ADVANCED_FACE('',(#4015),#249,.F.);
#11516=ADVANCED_FACE('',(#4016),#250,.F.);
#11517=ADVANCED_FACE('',(#4017),#251,.F.);
#11518=ADVANCED_FACE('',(#4018),#252,.F.);
#11519=ADVANCED_FACE('',(#4019),#253,.F.);
#11520=ADVANCED_FACE('',(#4020),#254,.F.);
#11521=ADVANCED_FACE('',(#4021),#255,.F.);
#11522=ADVANCED_FACE('',(#4022),#256,.F.);
#11523=ADVANCED_FACE('',(#4023),#257,.F.);
#11524=ADVANCED_FACE('',(#4024),#258,.F.);
#11525=ADVANCED_FACE('',(#4025),#259,.F.);
#11526=ADVANCED_FACE('',(#4026),#260,.F.);
#11527=ADVANCED_FACE('',(#4027),#261,.F.);
#11528=ADVANCED_FACE('',(#4028),#262,.F.);
#11529=ADVANCED_FACE('',(#4029),#263,.F.);
#11530=ADVANCED_FACE('',(#4030),#264,.F.);
#11531=ADVANCED_FACE('',(#4031),#265,.F.);
#11532=ADVANCED_FACE('',(#4032),#266,.F.);
#11533=ADVANCED_FACE('',(#4033),#267,.F.);
#11534=ADVANCED_FACE('',(#4034),#268,.F.);
#11535=ADVANCED_FACE('',(#4035),#269,.F.);
#11536=ADVANCED_FACE('',(#4036),#270,.F.);
#11537=ADVANCED_FACE('',(#4037),#271,.F.);
#11538=ADVANCED_FACE('',(#4038),#272,.F.);
#11539=ADVANCED_FACE('',(#4039),#273,.F.);
#11540=ADVANCED_FACE('',(#4040),#274,.F.);
#11541=ADVANCED_FACE('',(#4041),#275,.F.);
#11542=ADVANCED_FACE('',(#4042),#276,.F.);
#11543=ADVANCED_FACE('',(#4043),#277,.F.);
#11544=ADVANCED_FACE('',(#4044),#278,.F.);
#11545=ADVANCED_FACE('',(#4045),#279,.F.);
#11546=ADVANCED_FACE('',(#4046),#280,.F.);
#11547=ADVANCED_FACE('',(#4047),#281,.F.);
#11548=ADVANCED_FACE('',(#4048),#282,.F.);
#11549=ADVANCED_FACE('',(#4049),#283,.F.);
#11550=ADVANCED_FACE('',(#4050),#284,.F.);
#11551=ADVANCED_FACE('',(#4051),#285,.F.);
#11552=ADVANCED_FACE('',(#4052),#286,.F.);
#11553=ADVANCED_FACE('',(#4053),#287,.F.);
#11554=ADVANCED_FACE('',(#4054),#288,.F.);
#11555=ADVANCED_FACE('',(#4055),#289,.F.);
#11556=ADVANCED_FACE('',(#4056),#290,.F.);
#11557=ADVANCED_FACE('',(#4057),#291,.F.);
#11558=ADVANCED_FACE('',(#4058),#292,.F.);
#11559=ADVANCED_FACE('',(#4059),#293,.F.);
#11560=ADVANCED_FACE('',(#4060),#294,.F.);
#11561=ADVANCED_FACE('',(#4061),#295,.F.);
#11562=ADVANCED_FACE('',(#4062),#296,.F.);
#11563=ADVANCED_FACE('',(#4063),#297,.F.);
#11564=ADVANCED_FACE('',(#4064),#298,.F.);
#11565=ADVANCED_FACE('',(#4065),#299,.F.);
#11566=ADVANCED_FACE('',(#4066),#300,.F.);
#11567=ADVANCED_FACE('',(#4067),#301,.F.);
#11568=ADVANCED_FACE('',(#4068),#302,.F.);
#11569=ADVANCED_FACE('',(#4069),#303,.F.);
#11570=ADVANCED_FACE('',(#4070),#304,.F.);
#11571=ADVANCED_FACE('',(#4071),#305,.F.);
#11572=ADVANCED_FACE('',(#4072),#306,.F.);
#11573=ADVANCED_FACE('',(#4073),#307,.F.);
#11574=ADVANCED_FACE('',(#4074),#308,.F.);
#11575=ADVANCED_FACE('',(#4075),#309,.F.);
#11576=ADVANCED_FACE('',(#4076),#310,.F.);
#11577=ADVANCED_FACE('',(#4077),#311,.F.);
#11578=ADVANCED_FACE('',(#4078),#312,.F.);
#11579=ADVANCED_FACE('',(#4079),#313,.F.);
#11580=ADVANCED_FACE('',(#4080),#314,.F.);
#11581=ADVANCED_FACE('',(#4081),#315,.F.);
#11582=ADVANCED_FACE('',(#4082),#316,.F.);
#11583=ADVANCED_FACE('',(#4083),#317,.F.);
#11584=ADVANCED_FACE('',(#4084),#318,.F.);
#11585=ADVANCED_FACE('',(#4085),#319,.F.);
#11586=ADVANCED_FACE('',(#4086),#320,.F.);
#11587=ADVANCED_FACE('',(#4087),#321,.F.);
#11588=ADVANCED_FACE('',(#4088),#322,.F.);
#11589=ADVANCED_FACE('',(#4089),#323,.F.);
#11590=ADVANCED_FACE('',(#4090),#324,.F.);
#11591=ADVANCED_FACE('',(#4091),#325,.F.);
#11592=ADVANCED_FACE('',(#4092),#326,.F.);
#11593=ADVANCED_FACE('',(#4093),#327,.F.);
#11594=ADVANCED_FACE('',(#4094),#328,.F.);
#11595=ADVANCED_FACE('',(#4095),#329,.F.);
#11596=ADVANCED_FACE('',(#4096),#330,.F.);
#11597=ADVANCED_FACE('',(#4097),#331,.F.);
#11598=ADVANCED_FACE('',(#4098),#332,.F.);
#11599=ADVANCED_FACE('',(#4099),#333,.F.);
#11600=ADVANCED_FACE('',(#4100),#334,.F.);
#11601=ADVANCED_FACE('',(#4101),#335,.F.);
#11602=ADVANCED_FACE('',(#4102),#336,.F.);
#11603=ADVANCED_FACE('',(#4103),#337,.F.);
#11604=ADVANCED_FACE('',(#4104),#338,.F.);
#11605=ADVANCED_FACE('',(#4105),#339,.F.);
#11606=ADVANCED_FACE('',(#4106),#340,.F.);
#11607=ADVANCED_FACE('',(#4107),#341,.F.);
#11608=ADVANCED_FACE('',(#4108),#342,.F.);
#11609=ADVANCED_FACE('',(#4109),#343,.F.);
#11610=ADVANCED_FACE('',(#4110),#344,.F.);
#11611=ADVANCED_FACE('',(#4111),#345,.F.);
#11612=ADVANCED_FACE('',(#4112),#346,.F.);
#11613=ADVANCED_FACE('',(#4113),#347,.F.);
#11614=ADVANCED_FACE('',(#4114),#348,.F.);
#11615=ADVANCED_FACE('',(#4115),#349,.F.);
#11616=ADVANCED_FACE('',(#4116),#350,.F.);
#11617=ADVANCED_FACE('',(#4117),#351,.F.);
#11618=ADVANCED_FACE('',(#4118),#352,.F.);
#11619=ADVANCED_FACE('',(#4119),#353,.F.);
#11620=ADVANCED_FACE('',(#4120),#354,.F.);
#11621=ADVANCED_FACE('',(#4121),#355,.F.);
#11622=ADVANCED_FACE('',(#4122),#356,.F.);
#11623=ADVANCED_FACE('',(#4123),#357,.F.);
#11624=ADVANCED_FACE('',(#4124),#358,.F.);
#11625=ADVANCED_FACE('',(#4125),#359,.F.);
#11626=ADVANCED_FACE('',(#4126),#360,.F.);
#11627=ADVANCED_FACE('',(#4127),#361,.F.);
#11628=ADVANCED_FACE('',(#4128),#362,.F.);
#11629=ADVANCED_FACE('',(#4129),#363,.F.);
#11630=ADVANCED_FACE('',(#4130),#364,.F.);
#11631=ADVANCED_FACE('',(#4131),#365,.F.);
#11632=ADVANCED_FACE('',(#4132),#366,.F.);
#11633=ADVANCED_FACE('',(#4133),#367,.F.);
#11634=ADVANCED_FACE('',(#4134),#368,.F.);
#11635=ADVANCED_FACE('',(#4135),#369,.F.);
#11636=ADVANCED_FACE('',(#4136),#370,.F.);
#11637=ADVANCED_FACE('',(#4137),#371,.F.);
#11638=ADVANCED_FACE('',(#4138),#372,.F.);
#11639=ADVANCED_FACE('',(#4139),#373,.F.);
#11640=ADVANCED_FACE('',(#4140),#374,.F.);
#11641=ADVANCED_FACE('',(#4141),#375,.F.);
#11642=ADVANCED_FACE('',(#4142),#376,.F.);
#11643=ADVANCED_FACE('',(#4143),#377,.F.);
#11644=ADVANCED_FACE('',(#4144),#378,.F.);
#11645=ADVANCED_FACE('',(#4145),#379,.F.);
#11646=ADVANCED_FACE('',(#4146),#380,.F.);
#11647=ADVANCED_FACE('',(#4147),#381,.F.);
#11648=ADVANCED_FACE('',(#4148),#382,.F.);
#11649=ADVANCED_FACE('',(#4149),#383,.F.);
#11650=ADVANCED_FACE('',(#4150),#384,.F.);
#11651=ADVANCED_FACE('',(#4151),#385,.F.);
#11652=ADVANCED_FACE('',(#4152),#386,.F.);
#11653=ADVANCED_FACE('',(#4153),#387,.F.);
#11654=ADVANCED_FACE('',(#4154),#388,.F.);
#11655=ADVANCED_FACE('',(#4155),#389,.F.);
#11656=ADVANCED_FACE('',(#4156),#390,.F.);
#11657=ADVANCED_FACE('',(#4157),#391,.F.);
#11658=ADVANCED_FACE('',(#4158),#392,.F.);
#11659=ADVANCED_FACE('',(#4159),#393,.F.);
#11660=ADVANCED_FACE('',(#4160),#394,.F.);
#11661=ADVANCED_FACE('',(#4161),#395,.F.);
#11662=ADVANCED_FACE('',(#4162),#396,.F.);
#11663=ADVANCED_FACE('',(#4163),#397,.F.);
#11664=ADVANCED_FACE('',(#4164),#398,.F.);
#11665=ADVANCED_FACE('',(#4165),#399,.F.);
#11666=ADVANCED_FACE('',(#4166),#400,.F.);
#11667=ADVANCED_FACE('',(#4167),#401,.F.);
#11668=ADVANCED_FACE('',(#4168),#402,.F.);
#11669=ADVANCED_FACE('',(#4169),#403,.F.);
#11670=ADVANCED_FACE('',(#4170),#404,.F.);
#11671=ADVANCED_FACE('',(#4171),#405,.F.);
#11672=ADVANCED_FACE('',(#4172),#406,.F.);
#11673=ADVANCED_FACE('',(#4173),#407,.F.);
#11674=ADVANCED_FACE('',(#4174),#408,.F.);
#11675=ADVANCED_FACE('',(#4175),#409,.F.);
#11676=ADVANCED_FACE('',(#4176),#410,.F.);
#11677=ADVANCED_FACE('',(#4177),#411,.F.);
#11678=ADVANCED_FACE('',(#4178),#412,.F.);
#11679=ADVANCED_FACE('',(#4179),#413,.F.);
#11680=ADVANCED_FACE('',(#4180),#414,.F.);
#11681=ADVANCED_FACE('',(#4181),#415,.F.);
#11682=ADVANCED_FACE('',(#4182),#416,.F.);
#11683=ADVANCED_FACE('',(#4183),#417,.F.);
#11684=ADVANCED_FACE('',(#4184),#418,.F.);
#11685=ADVANCED_FACE('',(#4185),#419,.F.);
#11686=ADVANCED_FACE('',(#4186),#420,.F.);
#11687=ADVANCED_FACE('',(#4187),#421,.F.);
#11688=ADVANCED_FACE('',(#4188),#422,.F.);
#11689=ADVANCED_FACE('',(#4189),#423,.F.);
#11690=ADVANCED_FACE('',(#4190),#424,.F.);
#11691=ADVANCED_FACE('',(#4191),#425,.F.);
#11692=ADVANCED_FACE('',(#4192),#426,.F.);
#11693=ADVANCED_FACE('',(#4193),#427,.F.);
#11694=ADVANCED_FACE('',(#4194),#428,.F.);
#11695=ADVANCED_FACE('',(#4195),#429,.F.);
#11696=ADVANCED_FACE('',(#4196),#430,.F.);
#11697=ADVANCED_FACE('',(#4197),#431,.F.);
#11698=ADVANCED_FACE('',(#4198),#432,.F.);
#11699=ADVANCED_FACE('',(#4199),#433,.F.);
#11700=ADVANCED_FACE('',(#4200),#434,.F.);
#11701=ADVANCED_FACE('',(#4201),#435,.F.);
#11702=ADVANCED_FACE('',(#4202),#436,.F.);
#11703=ADVANCED_FACE('',(#4203),#437,.F.);
#11704=ADVANCED_FACE('',(#4204),#438,.F.);
#11705=ADVANCED_FACE('',(#4205),#439,.F.);
#11706=ADVANCED_FACE('',(#4206),#440,.F.);
#11707=ADVANCED_FACE('',(#4207),#441,.F.);
#11708=ADVANCED_FACE('',(#4208),#442,.F.);
#11709=ADVANCED_FACE('',(#4209),#443,.F.);
#11710=ADVANCED_FACE('',(#4210),#444,.F.);
#11711=ADVANCED_FACE('',(#4211),#445,.F.);
#11712=ADVANCED_FACE('',(#4212),#446,.F.);
#11713=ADVANCED_FACE('',(#4213),#447,.F.);
#11714=ADVANCED_FACE('',(#4214),#448,.F.);
#11715=ADVANCED_FACE('',(#4215),#449,.F.);
#11716=ADVANCED_FACE('',(#4216),#450,.F.);
#11717=ADVANCED_FACE('',(#4217),#451,.F.);
#11718=ADVANCED_FACE('',(#4218),#452,.F.);
#11719=ADVANCED_FACE('',(#4219),#453,.F.);
#11720=ADVANCED_FACE('',(#4220),#454,.F.);
#11721=ADVANCED_FACE('',(#4221),#455,.F.);
#11722=ADVANCED_FACE('',(#4222),#456,.F.);
#11723=ADVANCED_FACE('',(#4223),#457,.F.);
#11724=ADVANCED_FACE('',(#4224),#458,.F.);
#11725=ADVANCED_FACE('',(#4225),#459,.F.);
#11726=ADVANCED_FACE('',(#4226),#460,.F.);
#11727=ADVANCED_FACE('',(#4227),#461,.F.);
#11728=ADVANCED_FACE('',(#4228),#462,.F.);
#11729=ADVANCED_FACE('',(#4229),#463,.F.);
#11730=ADVANCED_FACE('',(#4230),#464,.F.);
#11731=ADVANCED_FACE('',(#4231),#465,.F.);
#11732=ADVANCED_FACE('',(#4232),#466,.F.);
#11733=ADVANCED_FACE('',(#4233),#467,.F.);
#11734=ADVANCED_FACE('',(#4234),#468,.F.);
#11735=ADVANCED_FACE('',(#4235),#469,.F.);
#11736=ADVANCED_FACE('',(#4236),#470,.F.);
#11737=ADVANCED_FACE('',(#4237),#471,.F.);
#11738=ADVANCED_FACE('',(#4238),#472,.F.);
#11739=ADVANCED_FACE('',(#4239),#473,.F.);
#11740=ADVANCED_FACE('',(#4240),#474,.F.);
#11741=ADVANCED_FACE('',(#4241),#475,.F.);
#11742=ADVANCED_FACE('',(#4242),#476,.F.);
#11743=ADVANCED_FACE('',(#4243),#477,.F.);
#11744=ADVANCED_FACE('',(#4244),#478,.F.);
#11745=ADVANCED_FACE('',(#4245),#479,.F.);
#11746=ADVANCED_FACE('',(#4246),#480,.F.);
#11747=ADVANCED_FACE('',(#4247),#481,.F.);
#11748=ADVANCED_FACE('',(#4248),#482,.F.);
#11749=ADVANCED_FACE('',(#4249),#483,.F.);
#11750=ADVANCED_FACE('',(#4250),#484,.F.);
#11751=ADVANCED_FACE('',(#4251),#485,.F.);
#11752=ADVANCED_FACE('',(#4252),#486,.F.);
#11753=ADVANCED_FACE('',(#4253),#487,.F.);
#11754=ADVANCED_FACE('',(#4254),#488,.F.);
#11755=ADVANCED_FACE('',(#4255),#489,.F.);
#11756=ADVANCED_FACE('',(#4256),#490,.F.);
#11757=ADVANCED_FACE('',(#4257),#491,.F.);
#11758=ADVANCED_FACE('',(#4258),#492,.F.);
#11759=ADVANCED_FACE('',(#4259),#493,.F.);
#11760=ADVANCED_FACE('',(#4260),#494,.F.);
#11761=ADVANCED_FACE('',(#4261),#495,.F.);
#11762=ADVANCED_FACE('',(#4262),#496,.F.);
#11763=ADVANCED_FACE('',(#4263),#497,.F.);
#11764=ADVANCED_FACE('',(#4264),#498,.F.);
#11765=ADVANCED_FACE('',(#4265),#499,.F.);
#11766=ADVANCED_FACE('',(#4266),#500,.F.);
#11767=ADVANCED_FACE('',(#4267),#501,.F.);
#11768=ADVANCED_FACE('',(#4268),#502,.F.);
#11769=ADVANCED_FACE('',(#4269),#503,.F.);
#11770=ADVANCED_FACE('',(#4270),#504,.F.);
#11771=ADVANCED_FACE('',(#4271),#505,.F.);
#11772=ADVANCED_FACE('',(#4272),#506,.F.);
#11773=ADVANCED_FACE('',(#4273),#507,.F.);
#11774=ADVANCED_FACE('',(#4274),#508,.F.);
#11775=ADVANCED_FACE('',(#4275),#509,.F.);
#11776=ADVANCED_FACE('',(#4276),#510,.F.);
#11777=ADVANCED_FACE('',(#4277),#511,.F.);
#11778=ADVANCED_FACE('',(#4278),#512,.F.);
#11779=ADVANCED_FACE('',(#4279),#513,.F.);
#11780=ADVANCED_FACE('',(#4280),#514,.F.);
#11781=ADVANCED_FACE('',(#4281),#515,.F.);
#11782=ADVANCED_FACE('',(#4282),#516,.F.);
#11783=ADVANCED_FACE('',(#4283),#517,.F.);
#11784=ADVANCED_FACE('',(#4284),#518,.F.);
#11785=ADVANCED_FACE('',(#4285),#519,.F.);
#11786=ADVANCED_FACE('',(#4286),#520,.F.);
#11787=ADVANCED_FACE('',(#4287),#521,.F.);
#11788=ADVANCED_FACE('',(#4288),#522,.F.);
#11789=ADVANCED_FACE('',(#4289),#523,.F.);
#11790=ADVANCED_FACE('',(#4290),#524,.F.);
#11791=ADVANCED_FACE('',(#4291),#525,.F.);
#11792=ADVANCED_FACE('',(#4292),#526,.F.);
#11793=ADVANCED_FACE('',(#4293),#527,.F.);
#11794=ADVANCED_FACE('',(#4294),#528,.F.);
#11795=ADVANCED_FACE('',(#4295),#529,.F.);
#11796=ADVANCED_FACE('',(#4296),#530,.F.);
#11797=ADVANCED_FACE('',(#4297),#531,.F.);
#11798=ADVANCED_FACE('',(#4298),#532,.F.);
#11799=ADVANCED_FACE('',(#4299),#533,.F.);
#11800=ADVANCED_FACE('',(#4300),#534,.F.);
#11801=ADVANCED_FACE('',(#4301),#535,.F.);
#11802=ADVANCED_FACE('',(#4302),#536,.F.);
#11803=ADVANCED_FACE('',(#4303),#537,.F.);
#11804=ADVANCED_FACE('',(#4304),#538,.F.);
#11805=ADVANCED_FACE('',(#4305),#539,.F.);
#11806=ADVANCED_FACE('',(#4306),#540,.F.);
#11807=ADVANCED_FACE('',(#4307),#541,.F.);
#11808=ADVANCED_FACE('',(#4308),#542,.F.);
#11809=ADVANCED_FACE('',(#4309),#543,.F.);
#11810=ADVANCED_FACE('',(#4310),#544,.F.);
#11811=ADVANCED_FACE('',(#4311),#545,.F.);
#11812=ADVANCED_FACE('',(#4312),#546,.F.);
#11813=ADVANCED_FACE('',(#4313),#547,.F.);
#11814=ADVANCED_FACE('',(#4314),#548,.F.);
#11815=ADVANCED_FACE('',(#4315),#549,.F.);
#11816=ADVANCED_FACE('',(#4316),#550,.F.);
#11817=ADVANCED_FACE('',(#4317),#551,.F.);
#11818=ADVANCED_FACE('',(#4318),#552,.F.);
#11819=ADVANCED_FACE('',(#4319),#553,.F.);
#11820=ADVANCED_FACE('',(#4320),#554,.F.);
#11821=ADVANCED_FACE('',(#4321),#555,.F.);
#11822=ADVANCED_FACE('',(#4322),#556,.F.);
#11823=ADVANCED_FACE('',(#4323),#557,.F.);
#11824=ADVANCED_FACE('',(#4324),#558,.F.);
#11825=ADVANCED_FACE('',(#4325),#559,.F.);
#11826=ADVANCED_FACE('',(#4326),#560,.F.);
#11827=ADVANCED_FACE('',(#4327),#561,.F.);
#11828=ADVANCED_FACE('',(#4328),#562,.F.);
#11829=ADVANCED_FACE('',(#4329),#563,.F.);
#11830=ADVANCED_FACE('',(#4330),#564,.F.);
#11831=ADVANCED_FACE('',(#4331),#565,.F.);
#11832=ADVANCED_FACE('',(#4332),#566,.F.);
#11833=ADVANCED_FACE('',(#4333),#567,.F.);
#11834=ADVANCED_FACE('',(#4334),#568,.F.);
#11835=ADVANCED_FACE('',(#4335),#569,.F.);
#11836=ADVANCED_FACE('',(#4336),#570,.F.);
#11837=ADVANCED_FACE('',(#4337),#571,.F.);
#11838=ADVANCED_FACE('',(#4338),#572,.F.);
#11839=ADVANCED_FACE('',(#4339),#573,.F.);
#11840=ADVANCED_FACE('',(#4340),#574,.F.);
#11841=ADVANCED_FACE('',(#4341),#575,.F.);
#11842=ADVANCED_FACE('',(#4342),#576,.F.);
#11843=ADVANCED_FACE('',(#4343),#577,.F.);
#11844=ADVANCED_FACE('',(#4344),#578,.F.);
#11845=ADVANCED_FACE('',(#4345),#579,.F.);
#11846=ADVANCED_FACE('',(#4346),#580,.F.);
#11847=ADVANCED_FACE('',(#4347),#581,.F.);
#11848=ADVANCED_FACE('',(#4348),#582,.F.);
#11849=ADVANCED_FACE('',(#4349),#583,.F.);
#11850=ADVANCED_FACE('',(#4350),#584,.F.);
#11851=ADVANCED_FACE('',(#4351),#585,.F.);
#11852=ADVANCED_FACE('',(#4352),#586,.F.);
#11853=ADVANCED_FACE('',(#4353),#587,.F.);
#11854=ADVANCED_FACE('',(#4354),#588,.F.);
#11855=ADVANCED_FACE('',(#4355),#589,.F.);
#11856=ADVANCED_FACE('',(#4356),#590,.F.);
#11857=ADVANCED_FACE('',(#4357),#591,.F.);
#11858=ADVANCED_FACE('',(#4358),#592,.F.);
#11859=ADVANCED_FACE('',(#4359),#593,.F.);
#11860=ADVANCED_FACE('',(#4360),#594,.F.);
#11861=ADVANCED_FACE('',(#4361),#595,.F.);
#11862=ADVANCED_FACE('',(#4362),#596,.F.);
#11863=ADVANCED_FACE('',(#4363),#597,.F.);
#11864=ADVANCED_FACE('',(#4364),#598,.F.);
#11865=ADVANCED_FACE('',(#4365),#599,.F.);
#11866=ADVANCED_FACE('',(#4366),#600,.F.);
#11867=ADVANCED_FACE('',(#4367),#601,.F.);
#11868=ADVANCED_FACE('',(#4368),#602,.F.);
#11869=ADVANCED_FACE('',(#4369),#603,.F.);
#11870=ADVANCED_FACE('',(#4370),#604,.F.);
#11871=ADVANCED_FACE('',(#4371),#605,.F.);
#11872=ADVANCED_FACE('',(#4372),#606,.F.);
#11873=ADVANCED_FACE('',(#4373),#607,.F.);
#11874=ADVANCED_FACE('',(#4374),#608,.F.);
#11875=ADVANCED_FACE('',(#4375),#609,.F.);
#11876=ADVANCED_FACE('',(#4376),#610,.F.);
#11877=ADVANCED_FACE('',(#4377),#611,.F.);
#11878=ADVANCED_FACE('',(#4378),#612,.F.);
#11879=ADVANCED_FACE('',(#4379),#613,.F.);
#11880=ADVANCED_FACE('',(#4380),#614,.F.);
#11881=ADVANCED_FACE('',(#4381),#615,.F.);
#11882=ADVANCED_FACE('',(#4382),#616,.F.);
#11883=ADVANCED_FACE('',(#4383),#617,.F.);
#11884=ADVANCED_FACE('',(#4384),#618,.F.);
#11885=ADVANCED_FACE('',(#4385),#619,.F.);
#11886=ADVANCED_FACE('',(#4386),#620,.F.);
#11887=ADVANCED_FACE('',(#4387),#621,.F.);
#11888=ADVANCED_FACE('',(#4388),#622,.F.);
#11889=ADVANCED_FACE('',(#4389),#623,.F.);
#11890=ADVANCED_FACE('',(#4390),#624,.F.);
#11891=ADVANCED_FACE('',(#4391),#625,.F.);
#11892=ADVANCED_FACE('',(#4392),#626,.F.);
#11893=ADVANCED_FACE('',(#4393),#627,.F.);
#11894=ADVANCED_FACE('',(#4394),#628,.F.);
#11895=ADVANCED_FACE('',(#4395),#629,.F.);
#11896=ADVANCED_FACE('',(#4396),#630,.F.);
#11897=ADVANCED_FACE('',(#4397),#631,.F.);
#11898=ADVANCED_FACE('',(#4398),#632,.F.);
#11899=ADVANCED_FACE('',(#4399),#633,.F.);
#11900=ADVANCED_FACE('',(#4400),#634,.F.);
#11901=ADVANCED_FACE('',(#4401),#635,.F.);
#11902=ADVANCED_FACE('',(#4402),#636,.F.);
#11903=ADVANCED_FACE('',(#4403),#637,.F.);
#11904=ADVANCED_FACE('',(#4404),#638,.F.);
#11905=ADVANCED_FACE('',(#4405),#639,.F.);
#11906=ADVANCED_FACE('',(#4406),#640,.F.);
#11907=ADVANCED_FACE('',(#4407),#641,.F.);
#11908=ADVANCED_FACE('',(#4408),#642,.F.);
#11909=ADVANCED_FACE('',(#4409),#643,.F.);
#11910=ADVANCED_FACE('',(#4410),#644,.F.);
#11911=ADVANCED_FACE('',(#4411),#645,.F.);
#11912=ADVANCED_FACE('',(#4412),#646,.F.);
#11913=ADVANCED_FACE('',(#4413),#647,.F.);
#11914=ADVANCED_FACE('',(#4414),#648,.F.);
#11915=ADVANCED_FACE('',(#4415),#649,.F.);
#11916=ADVANCED_FACE('',(#4416),#650,.F.);
#11917=ADVANCED_FACE('',(#4417),#651,.F.);
#11918=ADVANCED_FACE('',(#4418),#652,.F.);
#11919=ADVANCED_FACE('',(#4419),#653,.F.);
#11920=ADVANCED_FACE('',(#4420),#654,.F.);
#11921=ADVANCED_FACE('',(#4421),#655,.F.);
#11922=ADVANCED_FACE('',(#4422),#656,.F.);
#11923=ADVANCED_FACE('',(#4423),#657,.F.);
#11924=ADVANCED_FACE('',(#4424),#658,.F.);
#11925=ADVANCED_FACE('',(#4425),#659,.F.);
#11926=ADVANCED_FACE('',(#4426),#660,.F.);
#11927=ADVANCED_FACE('',(#4427),#661,.F.);
#11928=ADVANCED_FACE('',(#4428),#662,.F.);
#11929=ADVANCED_FACE('',(#4429),#663,.F.);
#11930=ADVANCED_FACE('',(#4430),#664,.F.);
#11931=ADVANCED_FACE('',(#4431),#665,.F.);
#11932=ADVANCED_FACE('',(#4432),#666,.F.);
#11933=ADVANCED_FACE('',(#4433),#667,.F.);
#11934=ADVANCED_FACE('',(#4434),#668,.F.);
#11935=ADVANCED_FACE('',(#4435),#669,.F.);
#11936=ADVANCED_FACE('',(#4436),#670,.F.);
#11937=ADVANCED_FACE('',(#4437),#671,.F.);
#11938=ADVANCED_FACE('',(#4438),#672,.F.);
#11939=ADVANCED_FACE('',(#4439),#673,.F.);
#11940=ADVANCED_FACE('',(#4440),#674,.F.);
#11941=ADVANCED_FACE('',(#4441),#675,.F.);
#11942=ADVANCED_FACE('',(#4442),#676,.F.);
#11943=ADVANCED_FACE('',(#4443),#677,.F.);
#11944=ADVANCED_FACE('',(#4444),#678,.F.);
#11945=ADVANCED_FACE('',(#4445),#679,.F.);
#11946=ADVANCED_FACE('',(#4446),#680,.F.);
#11947=ADVANCED_FACE('',(#4447),#681,.F.);
#11948=CLOSED_SHELL('',(#11378,#11379,#11380,#11381,#11382,#11383,#11384,
#11385,#11386,#11387,#11388,#11389,#11390,#11391,#11392,#11393,#11394,#11395,
#11396,#11397,#11398,#11399,#11400,#11401,#11402,#11403,#11404,#11405,#11406,
#11407,#11408,#11409,#11410,#11411,#11412,#11413,#11414,#11415,#11416,#11417,
#11418,#11419,#11420,#11421,#11422,#11423,#11424,#11425,#11426,#11427,#11428,
#11429,#11430,#11431,#11432,#11433,#11434,#11435,#11436,#11437,#11438,#11439,
#11440,#11441,#11442,#11443,#11444,#11445,#11446,#11447,#11448,#11449,#11450,
#11451,#11452,#11453,#11454,#11455,#11456,#11457,#11458,#11459,#11460,#11461,
#11462,#11463,#11464,#11465,#11466,#11467,#11468,#11469,#11470,#11471,#11472,
#11473,#11474,#11475,#11476,#11477,#11478,#11479,#11480,#11481,#11482,#11483,
#11484,#11485,#11486,#11487,#11488,#11489,#11490,#11491,#11492,#11493,#11494,
#11495,#11496,#11497,#11498,#11499,#11500,#11501,#11502,#11503,#11504,#11505,
#11506,#11507,#11508,#11509,#11510,#11511,#11512,#11513,#11514,#11515,#11516,
#11517,#11518,#11519,#11520,#11521,#11522,#11523,#11524,#11525,#11526,#11527,
#11528,#11529,#11530,#11531,#11532,#11533,#11534,#11535,#11536,#11537,#11538,
#11539,#11540,#11541,#11542,#11543,#11544,#11545,#11546,#11547,#11548,#11549,
#11550,#11551,#11552,#11553,#11554,#11555,#11556,#11557,#11558,#11559,#11560,
#11561,#11562,#11563,#11564,#11565,#11566,#11567,#11568,#11569,#11570,#11571,
#11572,#11573,#11574,#11575,#11576,#11577,#11578,#11579,#11580,#11581,#11582,
#11583,#11584,#11585,#11586,#11587,#11588,#11589,#11590,#11591,#11592,#11593,
#11594,#11595,#11596,#11597,#11598,#11599,#11600,#11601,#11602,#11603,#11604,
#11605,#11606,#11607,#11608,#11609,#11610,#11611,#11612,#11613,#11614,#11615,
#11616,#11617,#11618,#11619,#11620,#11621,#11622,#11623,#11624,#11625,#11626,
#11627,#11628,#11629,#11630,#11631,#11632,#11633,#11634,#11635,#11636,#11637,
#11638,#11639,#11640,#11641,#11642,#11643,#11644,#11645,#11646,#11647,#11648,
#11649,#11650,#11651,#11652,#11653,#11654,#11655,#11656,#11657,#11658,#11659,
#11660,#11661,#11662,#11663,#11664,#11665,#11666,#11667,#11668,#11669,#11670,
#11671,#11672,#11673,#11674,#11675,#11676,#11677,#11678,#11679,#11680,#11681,
#11682,#11683,#11684,#11685,#11686,#11687,#11688,#11689,#11690,#11691,#11692,
#11693,#11694,#11695,#11696,#11697,#11698,#11699,#11700,#11701,#11702,#11703,
#11704,#11705,#11706,#11707,#11708,#11709,#11710,#11711,#11712,#11713,#11714,
#11715,#11716,#11717,#11718,#11719,#11720,#11721,#11722,#11723,#11724,#11725,
#11726,#11727,#11728,#11729,#11730,#11731,#11732,#11733,#11734,#11735,#11736,
#11737,#11738,#11739,#11740,#11741,#11742,#11743,#11744,#11745,#11746,#11747,
#11748,#11749,#11750,#11751,#11752,#11753,#11754,#11755,#11756,#11757,#11758,
#11759,#11760,#11761,#11762,#11763,#11764,#11765,#11766,#11767,#11768,#11769,
#11770,#11771,#11772,#11773,#11774,#11775,#11776,#11777,#11778,#11779,#11780,
#11781,#11782,#11783,#11784,#11785,#11786,#11787,#11788,#11789,#11790,#11791,
#11792,#11793,#11794,#11795,#11796,#11797,#11798,#11799,#11800,#11801,#11802,
#11803,#11804,#11805,#11806,#11807,#11808,#11809,#11810,#11811,#11812,#11813,
#11814,#11815,#11816,#11817,#11818,#11819,#11820,#11821,#11822,#11823,#11824,
#11825,#11826,#11827,#11828,#11829,#11830,#11831,#11832,#11833,#11834,#11835,
#11836,#11837,#11838,#11839,#11840,#11841,#11842,#11843,#11844,#11845,#11846,
#11847,#11848,#11849,#11850,#11851,#11852,#11853,#11854,#11855,#11856,#11857,
#11858,#11859,#11860,#11861,#11862,#11863,#11864,#11865,#11866,#11867,#11868,
#11869,#11870,#11871,#11872,#11873,#11874,#11875,#11876,#11877,#11878,#11879,
#11880,#11881,#11882,#11883,#11884,#11885,#11886,#11887,#11888,#11889,#11890,
#11891,#11892,#11893,#11894,#11895,#11896,#11897,#11898,#11899,#11900,#11901,
#11902,#11903,#11904,#11905,#11906,#11907,#11908,#11909,#11910,#11911,#11912,
#11913,#11914,#11915,#11916,#11917,#11918,#11919,#11920,#11921,#11922,#11923,
#11924,#11925,#11926,#11927,#11928,#11929,#11930,#11931,#11932,#11933,#11934,
#11935,#11936,#11937,#11938,#11939,#11940,#11941,#11942,#11943,#11944,#11945,
#11946,#11947));
#11949=DERIVED_UNIT_ELEMENT(#11951,1.);
#11950=DERIVED_UNIT_ELEMENT(#19140,-3.);
#11951=(
MASS_UNIT()
NAMED_UNIT(*)
SI_UNIT(.KILO.,.GRAM.)
);
#11952=DERIVED_UNIT((#11949,#11950));
#11953=MEASURE_REPRESENTATION_ITEM('density measure',
POSITIVE_RATIO_MEASURE(7850.),#11952);
#11954=PROPERTY_DEFINITION_REPRESENTATION(#11959,#11956);
#11955=PROPERTY_DEFINITION_REPRESENTATION(#11960,#11957);
#11956=REPRESENTATION('material name',(#11958),#19137);
#11957=REPRESENTATION('density',(#11953),#19137);
#11958=DESCRIPTIVE_REPRESENTATION_ITEM('Steel','Steel');
#11959=PROPERTY_DEFINITION('material property','material name',#19147);
#11960=PROPERTY_DEFINITION('material property','density of part',#19147);
#11961=AXIS2_PLACEMENT_3D('',#15508,#12620,#12621);
#11962=AXIS2_PLACEMENT_3D('',#15541,#12622,#12623);
#11963=AXIS2_PLACEMENT_3D('',#15543,#12624,#12625);
#11964=AXIS2_PLACEMENT_3D('',#15544,#12626,#12627);
#11965=AXIS2_PLACEMENT_3D('',#15545,#12628,#12629);
#11966=AXIS2_PLACEMENT_3D('',#15549,#12631,#12632);
#11967=AXIS2_PLACEMENT_3D('',#15587,#12634,#12635);
#11968=AXIS2_PLACEMENT_3D('',#15588,#12636,#12637);
#11969=AXIS2_PLACEMENT_3D('',#15589,#12638,#12639);
#11970=AXIS2_PLACEMENT_3D('',#15595,#12643,#12644);
#11971=AXIS2_PLACEMENT_3D('',#15598,#12646,#12647);
#11972=AXIS2_PLACEMENT_3D('',#15599,#12648,#12649);
#11973=AXIS2_PLACEMENT_3D('',#15603,#12651,#12652);
#11974=AXIS2_PLACEMENT_3D('',#15636,#12654,#12655);
#11975=AXIS2_PLACEMENT_3D('',#15637,#12656,#12657);
#11976=AXIS2_PLACEMENT_3D('',#15638,#12658,#12659);
#11977=AXIS2_PLACEMENT_3D('',#15642,#12661,#12662);
#11978=AXIS2_PLACEMENT_3D('',#15680,#12664,#12665);
#11979=AXIS2_PLACEMENT_3D('',#15681,#12666,#12667);
#11980=AXIS2_PLACEMENT_3D('',#15682,#12668,#12669);
#11981=AXIS2_PLACEMENT_3D('',#15684,#12671,#12672);
#11982=AXIS2_PLACEMENT_3D('',#15688,#12674,#12675);
#11983=AXIS2_PLACEMENT_3D('',#15726,#12677,#12678);
#11984=AXIS2_PLACEMENT_3D('',#15728,#12679,#12680);
#11985=AXIS2_PLACEMENT_3D('',#15729,#12681,#12682);
#11986=AXIS2_PLACEMENT_3D('',#15730,#12683,#12684);
#11987=AXIS2_PLACEMENT_3D('',#15732,#12685,#12686);
#11988=AXIS2_PLACEMENT_3D('',#15769,#12688,#12689);
#11989=AXIS2_PLACEMENT_3D('',#15770,#12690,#12691);
#11990=AXIS2_PLACEMENT_3D('',#15772,#12693,#12694);
#11991=AXIS2_PLACEMENT_3D('',#15776,#12696,#12697);
#11992=AXIS2_PLACEMENT_3D('',#15809,#12699,#12700);
#11993=AXIS2_PLACEMENT_3D('',#15810,#12701,#12702);
#11994=AXIS2_PLACEMENT_3D('',#15811,#12703,#12704);
#11995=AXIS2_PLACEMENT_3D('',#15814,#12706,#12707);
#11996=AXIS2_PLACEMENT_3D('',#15846,#12709,#12710);
#11997=AXIS2_PLACEMENT_3D('',#15847,#12711,#12712);
#11998=AXIS2_PLACEMENT_3D('',#15850,#12715,#12716);
#11999=AXIS2_PLACEMENT_3D('',#15851,#12717,#12718);
#12000=AXIS2_PLACEMENT_3D('',#15854,#12721,#12722);
#12001=AXIS2_PLACEMENT_3D('',#15855,#12723,#12724);
#12002=AXIS2_PLACEMENT_3D('',#15864,#12729,#12730);
#12003=AXIS2_PLACEMENT_3D('',#15867,#12731,#12732);
#12004=AXIS2_PLACEMENT_3D('',#15871,#12734,#12735);
#12005=AXIS2_PLACEMENT_3D('',#15873,#12737,#12738);
#12006=AXIS2_PLACEMENT_3D('',#15881,#12742,#12743);
#12007=AXIS2_PLACEMENT_3D('',#15885,#12745,#12746);
#12008=AXIS2_PLACEMENT_3D('',#15891,#12750,#12751);
#12009=AXIS2_PLACEMENT_3D('',#15938,#12753,#12754);
#12010=AXIS2_PLACEMENT_3D('',#15939,#12755,#12756);
#12011=AXIS2_PLACEMENT_3D('',#15941,#12757,#12758);
#12012=AXIS2_PLACEMENT_3D('',#15942,#12759,#12760);
#12013=AXIS2_PLACEMENT_3D('',#15943,#12761,#12762);
#12014=AXIS2_PLACEMENT_3D('',#15947,#12764,#12765);
#12015=AXIS2_PLACEMENT_3D('',#15949,#12767,#12768);
#12016=AXIS2_PLACEMENT_3D('',#15952,#12769,#12770);
#12017=AXIS2_PLACEMENT_3D('',#15955,#12772,#12773);
#12018=AXIS2_PLACEMENT_3D('',#15957,#12775,#12776);
#12019=AXIS2_PLACEMENT_3D('',#15958,#12777,#12778);
#12020=AXIS2_PLACEMENT_3D('',#15959,#12779,#12780);
#12021=AXIS2_PLACEMENT_3D('',#15981,#12792,#12793);
#12022=AXIS2_PLACEMENT_3D('',#15984,#12795,#12796);
#12023=AXIS2_PLACEMENT_3D('',#15985,#12797,#12798);
#12024=AXIS2_PLACEMENT_3D('',#15994,#12804,#12805);
#12025=AXIS2_PLACEMENT_3D('',#16016,#12817,#12818);
#12026=AXIS2_PLACEMENT_3D('',#16018,#12819,#12820);
#12027=AXIS2_PLACEMENT_3D('',#16020,#12821,#12822);
#12028=AXIS2_PLACEMENT_3D('',#16022,#12824,#12825);
#12029=AXIS2_PLACEMENT_3D('',#16032,#12831,#12832);
#12030=AXIS2_PLACEMENT_3D('',#16035,#12833,#12834);
#12031=AXIS2_PLACEMENT_3D('',#16039,#12836,#12837);
#12032=AXIS2_PLACEMENT_3D('',#16041,#12839,#12840);
#12033=AXIS2_PLACEMENT_3D('',#16051,#12846,#12847);
#12034=AXIS2_PLACEMENT_3D('',#16055,#12849,#12850);
#12035=AXIS2_PLACEMENT_3D('',#16059,#12852,#12853);
#12036=AXIS2_PLACEMENT_3D('',#16062,#12855,#12856);
#12037=AXIS2_PLACEMENT_3D('',#16063,#12857,#12858);
#12038=AXIS2_PLACEMENT_3D('',#16066,#12859,#12860);
#12039=AXIS2_PLACEMENT_3D('',#16069,#12863,#12864);
#12040=AXIS2_PLACEMENT_3D('',#16088,#12875,#12876);
#12041=AXIS2_PLACEMENT_3D('',#16090,#12877,#12878);
#12042=AXIS2_PLACEMENT_3D('',#16092,#12880,#12881);
#12043=AXIS2_PLACEMENT_3D('',#16100,#12885,#12886);
#12044=AXIS2_PLACEMENT_3D('',#16104,#12888,#12889);
#12045=AXIS2_PLACEMENT_3D('',#16108,#12892,#12893);
#12046=AXIS2_PLACEMENT_3D('',#16110,#12894,#12895);
#12047=AXIS2_PLACEMENT_3D('',#16112,#12896,#12897);
#12048=AXIS2_PLACEMENT_3D('',#16114,#12899,#12900);
#12049=AXIS2_PLACEMENT_3D('',#16120,#12904,#12905);
#12050=AXIS2_PLACEMENT_3D('',#16122,#12906,#12907);
#12051=AXIS2_PLACEMENT_3D('',#16125,#12909,#12910);
#12052=AXIS2_PLACEMENT_3D('',#16126,#12911,#12912);
#12053=AXIS2_PLACEMENT_3D('',#16127,#12913,#12914);
#12054=AXIS2_PLACEMENT_3D('',#16129,#12915,#12916);
#12055=AXIS2_PLACEMENT_3D('',#16131,#12918,#12919);
#12056=AXIS2_PLACEMENT_3D('',#16135,#12921,#12922);
#12057=AXIS2_PLACEMENT_3D('',#16139,#12924,#12925);
#12058=AXIS2_PLACEMENT_3D('',#16147,#12930,#12931);
#12059=AXIS2_PLACEMENT_3D('',#16148,#12932,#12933);
#12060=AXIS2_PLACEMENT_3D('',#16149,#12934,#12935);
#12061=AXIS2_PLACEMENT_3D('',#16151,#12937,#12938);
#12062=AXIS2_PLACEMENT_3D('',#16152,#12939,#12940);
#12063=AXIS2_PLACEMENT_3D('',#16153,#12941,#12942);
#12064=AXIS2_PLACEMENT_3D('',#16155,#12943,#12944);
#12065=AXIS2_PLACEMENT_3D('',#16158,#12946,#12947);
#12066=AXIS2_PLACEMENT_3D('',#16159,#12948,#12949);
#12067=AXIS2_PLACEMENT_3D('',#16161,#12950,#12951);
#12068=AXIS2_PLACEMENT_3D('',#16162,#12952,#12953);
#12069=AXIS2_PLACEMENT_3D('',#16163,#12954,#12955);
#12070=AXIS2_PLACEMENT_3D('',#16164,#12956,#12957);
#12071=AXIS2_PLACEMENT_3D('',#16165,#12958,#12959);
#12072=AXIS2_PLACEMENT_3D('',#16166,#12960,#12961);
#12073=AXIS2_PLACEMENT_3D('',#16167,#12962,#12963);
#12074=AXIS2_PLACEMENT_3D('',#16169,#12964,#12965);
#12075=AXIS2_PLACEMENT_3D('',#16170,#12966,#12967);
#12076=AXIS2_PLACEMENT_3D('',#16171,#12968,#12969);
#12077=AXIS2_PLACEMENT_3D('',#16172,#12970,#12971);
#12078=AXIS2_PLACEMENT_3D('',#16173,#12972,#12973);
#12079=AXIS2_PLACEMENT_3D('',#16174,#12974,#12975);
#12080=AXIS2_PLACEMENT_3D('',#16175,#12976,#12977);
#12081=AXIS2_PLACEMENT_3D('',#16177,#12978,#12979);
#12082=AXIS2_PLACEMENT_3D('',#16180,#12981,#12982);
#12083=AXIS2_PLACEMENT_3D('',#16181,#12983,#12984);
#12084=AXIS2_PLACEMENT_3D('',#16183,#12985,#12986);
#12085=AXIS2_PLACEMENT_3D('',#16185,#12987,#12988);
#12086=AXIS2_PLACEMENT_3D('',#16187,#12990,#12991);
#12087=AXIS2_PLACEMENT_3D('',#16190,#12994,#12995);
#12088=AXIS2_PLACEMENT_3D('',#16192,#12996,#12997);
#12089=AXIS2_PLACEMENT_3D('',#16194,#12998,#12999);
#12090=AXIS2_PLACEMENT_3D('',#16196,#13001,#13002);
#12091=AXIS2_PLACEMENT_3D('',#16200,#13004,#13005);
#12092=AXIS2_PLACEMENT_3D('',#16203,#13007,#13008);
#12093=AXIS2_PLACEMENT_3D('',#16204,#13009,#13010);
#12094=AXIS2_PLACEMENT_3D('',#16208,#13012,#13013);
#12095=AXIS2_PLACEMENT_3D('',#16210,#13015,#13016);
#12096=AXIS2_PLACEMENT_3D('',#16214,#13018,#13019);
#12097=AXIS2_PLACEMENT_3D('',#16218,#13021,#13022);
#12098=AXIS2_PLACEMENT_3D('',#16226,#13027,#13028);
#12099=AXIS2_PLACEMENT_3D('',#16228,#13029,#13030);
#12100=AXIS2_PLACEMENT_3D('',#16230,#13031,#13032);
#12101=AXIS2_PLACEMENT_3D('',#16232,#13034,#13035);
#12102=AXIS2_PLACEMENT_3D('',#16233,#13036,#13037);
#12103=AXIS2_PLACEMENT_3D('',#16234,#13038,#13039);
#12104=AXIS2_PLACEMENT_3D('',#16236,#13041,#13042);
#12105=AXIS2_PLACEMENT_3D('',#16245,#13047,#13048);
#12106=AXIS2_PLACEMENT_3D('',#16247,#13049,#13050);
#12107=AXIS2_PLACEMENT_3D('',#16249,#13052,#13053);
#12108=AXIS2_PLACEMENT_3D('',#16251,#13054,#13055);
#12109=AXIS2_PLACEMENT_3D('',#16253,#13056,#13057);
#12110=AXIS2_PLACEMENT_3D('',#16255,#13059,#13060);
#12111=AXIS2_PLACEMENT_3D('',#16256,#13061,#13062);
#12112=AXIS2_PLACEMENT_3D('',#16257,#13063,#13064);
#12113=AXIS2_PLACEMENT_3D('',#16258,#13065,#13066);
#12114=AXIS2_PLACEMENT_3D('',#16261,#13068,#13069);
#12115=AXIS2_PLACEMENT_3D('',#16262,#13070,#13071);
#12116=AXIS2_PLACEMENT_3D('',#16264,#13072,#13073);
#12117=AXIS2_PLACEMENT_3D('',#16266,#13075,#13076);
#12118=AXIS2_PLACEMENT_3D('',#16273,#13081,#13082);
#12119=AXIS2_PLACEMENT_3D('',#16276,#13084,#13085);
#12120=AXIS2_PLACEMENT_3D('',#16277,#13086,#13087);
#12121=AXIS2_PLACEMENT_3D('',#16280,#13090,#13091);
#12122=AXIS2_PLACEMENT_3D('',#16282,#13093,#13094);
#12123=AXIS2_PLACEMENT_3D('',#16284,#13096,#13097);
#12124=AXIS2_PLACEMENT_3D('',#16285,#13098,#13099);
#12125=AXIS2_PLACEMENT_3D('',#16286,#13100,#13101);
#12126=AXIS2_PLACEMENT_3D('',#16287,#13102,#13103);
#12127=AXIS2_PLACEMENT_3D('',#16288,#13104,#13105);
#12128=AXIS2_PLACEMENT_3D('',#16289,#13106,#13107);
#12129=AXIS2_PLACEMENT_3D('',#16290,#13108,#13109);
#12130=AXIS2_PLACEMENT_3D('',#16291,#13110,#13111);
#12131=AXIS2_PLACEMENT_3D('',#16292,#13112,#13113);
#12132=AXIS2_PLACEMENT_3D('',#16293,#13114,#13115);
#12133=AXIS2_PLACEMENT_3D('',#16294,#13116,#13117);
#12134=AXIS2_PLACEMENT_3D('',#16296,#13119,#13120);
#12135=AXIS2_PLACEMENT_3D('',#16297,#13121,#13122);
#12136=AXIS2_PLACEMENT_3D('',#16298,#13123,#13124);
#12137=AXIS2_PLACEMENT_3D('',#16301,#13127,#13128);
#12138=AXIS2_PLACEMENT_3D('',#16303,#13130,#13131);
#12139=AXIS2_PLACEMENT_3D('',#16305,#13133,#13134);
#12140=AXIS2_PLACEMENT_3D('',#17245,#13606,#13607);
#12141=AXIS2_PLACEMENT_3D('',#17246,#13608,#13609);
#12142=AXIS2_PLACEMENT_3D('',#17248,#13611,#13612);
#12143=AXIS2_PLACEMENT_3D('',#17250,#13614,#13615);
#12144=AXIS2_PLACEMENT_3D('',#17252,#13617,#13618);
#12145=AXIS2_PLACEMENT_3D('',#17254,#13620,#13621);
#12146=AXIS2_PLACEMENT_3D('',#17256,#13623,#13624);
#12147=AXIS2_PLACEMENT_3D('',#17258,#13626,#13627);
#12148=AXIS2_PLACEMENT_3D('',#18195,#14096,#14097);
#12149=AXIS2_PLACEMENT_3D('',#18196,#14098,#14099);
#12150=AXIS2_PLACEMENT_3D('',#18197,#14100,#14101);
#12151=AXIS2_PLACEMENT_3D('',#18198,#14102,#14103);
#12152=AXIS2_PLACEMENT_3D('',#18199,#14104,#14105);
#12153=AXIS2_PLACEMENT_3D('',#18202,#14108,#14109);
#12154=AXIS2_PLACEMENT_3D('',#18204,#14111,#14112);
#12155=AXIS2_PLACEMENT_3D('',#18206,#14114,#14115);
#12156=AXIS2_PLACEMENT_3D('',#18208,#14117,#14118);
#12157=AXIS2_PLACEMENT_3D('',#18210,#14120,#14121);
#12158=AXIS2_PLACEMENT_3D('',#18211,#14122,#14123);
#12159=AXIS2_PLACEMENT_3D('',#18214,#14126,#14127);
#12160=AXIS2_PLACEMENT_3D('',#18216,#14129,#14130);
#12161=AXIS2_PLACEMENT_3D('',#18218,#14132,#14133);
#12162=AXIS2_PLACEMENT_3D('',#18220,#14135,#14136);
#12163=AXIS2_PLACEMENT_3D('',#18222,#14138,#14139);
#12164=AXIS2_PLACEMENT_3D('',#18223,#14140,#14141);
#12165=AXIS2_PLACEMENT_3D('',#18226,#14144,#14145);
#12166=AXIS2_PLACEMENT_3D('',#18228,#14147,#14148);
#12167=AXIS2_PLACEMENT_3D('',#18230,#14150,#14151);
#12168=AXIS2_PLACEMENT_3D('',#18232,#14153,#14154);
#12169=AXIS2_PLACEMENT_3D('',#18234,#14156,#14157);
#12170=AXIS2_PLACEMENT_3D('',#18235,#14158,#14159);
#12171=AXIS2_PLACEMENT_3D('',#18238,#14162,#14163);
#12172=AXIS2_PLACEMENT_3D('',#18240,#14165,#14166);
#12173=AXIS2_PLACEMENT_3D('',#18242,#14168,#14169);
#12174=AXIS2_PLACEMENT_3D('',#18244,#14171,#14172);
#12175=AXIS2_PLACEMENT_3D('',#18246,#14174,#14175);
#12176=AXIS2_PLACEMENT_3D('',#18247,#14176,#14177);
#12177=AXIS2_PLACEMENT_3D('',#18250,#14180,#14181);
#12178=AXIS2_PLACEMENT_3D('',#18252,#14183,#14184);
#12179=AXIS2_PLACEMENT_3D('',#18254,#14186,#14187);
#12180=AXIS2_PLACEMENT_3D('',#18256,#14189,#14190);
#12181=AXIS2_PLACEMENT_3D('',#18258,#14192,#14193);
#12182=AXIS2_PLACEMENT_3D('',#18259,#14194,#14195);
#12183=AXIS2_PLACEMENT_3D('',#18262,#14198,#14199);
#12184=AXIS2_PLACEMENT_3D('',#18264,#14201,#14202);
#12185=AXIS2_PLACEMENT_3D('',#18266,#14204,#14205);
#12186=AXIS2_PLACEMENT_3D('',#18268,#14207,#14208);
#12187=AXIS2_PLACEMENT_3D('',#18270,#14210,#14211);
#12188=AXIS2_PLACEMENT_3D('',#18271,#14212,#14213);
#12189=AXIS2_PLACEMENT_3D('',#18274,#14216,#14217);
#12190=AXIS2_PLACEMENT_3D('',#18276,#14219,#14220);
#12191=AXIS2_PLACEMENT_3D('',#18278,#14222,#14223);
#12192=AXIS2_PLACEMENT_3D('',#18280,#14225,#14226);
#12193=AXIS2_PLACEMENT_3D('',#18282,#14228,#14229);
#12194=AXIS2_PLACEMENT_3D('',#18283,#14230,#14231);
#12195=AXIS2_PLACEMENT_3D('',#18286,#14234,#14235);
#12196=AXIS2_PLACEMENT_3D('',#18288,#14237,#14238);
#12197=AXIS2_PLACEMENT_3D('',#18290,#14240,#14241);
#12198=AXIS2_PLACEMENT_3D('',#18292,#14243,#14244);
#12199=AXIS2_PLACEMENT_3D('',#18294,#14246,#14247);
#12200=AXIS2_PLACEMENT_3D('',#18295,#14248,#14249);
#12201=AXIS2_PLACEMENT_3D('',#18298,#14252,#14253);
#12202=AXIS2_PLACEMENT_3D('',#18300,#14255,#14256);
#12203=AXIS2_PLACEMENT_3D('',#18302,#14258,#14259);
#12204=AXIS2_PLACEMENT_3D('',#18304,#14261,#14262);
#12205=AXIS2_PLACEMENT_3D('',#18306,#14264,#14265);
#12206=AXIS2_PLACEMENT_3D('',#18307,#14266,#14267);
#12207=AXIS2_PLACEMENT_3D('',#18310,#14270,#14271);
#12208=AXIS2_PLACEMENT_3D('',#18312,#14273,#14274);
#12209=AXIS2_PLACEMENT_3D('',#18314,#14276,#14277);
#12210=AXIS2_PLACEMENT_3D('',#18316,#14279,#14280);
#12211=AXIS2_PLACEMENT_3D('',#18318,#14282,#14283);
#12212=AXIS2_PLACEMENT_3D('',#18319,#14284,#14285);
#12213=AXIS2_PLACEMENT_3D('',#18322,#14288,#14289);
#12214=AXIS2_PLACEMENT_3D('',#18324,#14291,#14292);
#12215=AXIS2_PLACEMENT_3D('',#18326,#14294,#14295);
#12216=AXIS2_PLACEMENT_3D('',#18328,#14297,#14298);
#12217=AXIS2_PLACEMENT_3D('',#18330,#14300,#14301);
#12218=AXIS2_PLACEMENT_3D('',#18331,#14302,#14303);
#12219=AXIS2_PLACEMENT_3D('',#18334,#14306,#14307);
#12220=AXIS2_PLACEMENT_3D('',#18336,#14309,#14310);
#12221=AXIS2_PLACEMENT_3D('',#18338,#14312,#14313);
#12222=AXIS2_PLACEMENT_3D('',#18340,#14315,#14316);
#12223=AXIS2_PLACEMENT_3D('',#18342,#14318,#14319);
#12224=AXIS2_PLACEMENT_3D('',#18343,#14320,#14321);
#12225=AXIS2_PLACEMENT_3D('',#18346,#14324,#14325);
#12226=AXIS2_PLACEMENT_3D('',#18348,#14327,#14328);
#12227=AXIS2_PLACEMENT_3D('',#18350,#14330,#14331);
#12228=AXIS2_PLACEMENT_3D('',#18352,#14333,#14334);
#12229=AXIS2_PLACEMENT_3D('',#18354,#14336,#14337);
#12230=AXIS2_PLACEMENT_3D('',#18355,#14338,#14339);
#12231=AXIS2_PLACEMENT_3D('',#18358,#14342,#14343);
#12232=AXIS2_PLACEMENT_3D('',#18360,#14345,#14346);
#12233=AXIS2_PLACEMENT_3D('',#18362,#14348,#14349);
#12234=AXIS2_PLACEMENT_3D('',#18364,#14351,#14352);
#12235=AXIS2_PLACEMENT_3D('',#18366,#14354,#14355);
#12236=AXIS2_PLACEMENT_3D('',#18367,#14356,#14357);
#12237=AXIS2_PLACEMENT_3D('',#18370,#14360,#14361);
#12238=AXIS2_PLACEMENT_3D('',#18372,#14363,#14364);
#12239=AXIS2_PLACEMENT_3D('',#18374,#14366,#14367);
#12240=AXIS2_PLACEMENT_3D('',#18376,#14369,#14370);
#12241=AXIS2_PLACEMENT_3D('',#18378,#14372,#14373);
#12242=AXIS2_PLACEMENT_3D('',#18379,#14374,#14375);
#12243=AXIS2_PLACEMENT_3D('',#18382,#14378,#14379);
#12244=AXIS2_PLACEMENT_3D('',#18384,#14381,#14382);
#12245=AXIS2_PLACEMENT_3D('',#18386,#14384,#14385);
#12246=AXIS2_PLACEMENT_3D('',#18388,#14387,#14388);
#12247=AXIS2_PLACEMENT_3D('',#18390,#14390,#14391);
#12248=AXIS2_PLACEMENT_3D('',#18391,#14392,#14393);
#12249=AXIS2_PLACEMENT_3D('',#18394,#14396,#14397);
#12250=AXIS2_PLACEMENT_3D('',#18396,#14399,#14400);
#12251=AXIS2_PLACEMENT_3D('',#18398,#14402,#14403);
#12252=AXIS2_PLACEMENT_3D('',#18400,#14405,#14406);
#12253=AXIS2_PLACEMENT_3D('',#18402,#14408,#14409);
#12254=AXIS2_PLACEMENT_3D('',#18403,#14410,#14411);
#12255=AXIS2_PLACEMENT_3D('',#18406,#14414,#14415);
#12256=AXIS2_PLACEMENT_3D('',#18408,#14417,#14418);
#12257=AXIS2_PLACEMENT_3D('',#18410,#14420,#14421);
#12258=AXIS2_PLACEMENT_3D('',#18412,#14423,#14424);
#12259=AXIS2_PLACEMENT_3D('',#18414,#14426,#14427);
#12260=AXIS2_PLACEMENT_3D('',#18415,#14428,#14429);
#12261=AXIS2_PLACEMENT_3D('',#18418,#14432,#14433);
#12262=AXIS2_PLACEMENT_3D('',#18420,#14435,#14436);
#12263=AXIS2_PLACEMENT_3D('',#18422,#14438,#14439);
#12264=AXIS2_PLACEMENT_3D('',#18424,#14441,#14442);
#12265=AXIS2_PLACEMENT_3D('',#18426,#14444,#14445);
#12266=AXIS2_PLACEMENT_3D('',#18427,#14446,#14447);
#12267=AXIS2_PLACEMENT_3D('',#18430,#14450,#14451);
#12268=AXIS2_PLACEMENT_3D('',#18432,#14453,#14454);
#12269=AXIS2_PLACEMENT_3D('',#18434,#14456,#14457);
#12270=AXIS2_PLACEMENT_3D('',#18436,#14459,#14460);
#12271=AXIS2_PLACEMENT_3D('',#18438,#14462,#14463);
#12272=AXIS2_PLACEMENT_3D('',#18439,#14464,#14465);
#12273=AXIS2_PLACEMENT_3D('',#18442,#14468,#14469);
#12274=AXIS2_PLACEMENT_3D('',#18444,#14471,#14472);
#12275=AXIS2_PLACEMENT_3D('',#18446,#14474,#14475);
#12276=AXIS2_PLACEMENT_3D('',#18448,#14477,#14478);
#12277=AXIS2_PLACEMENT_3D('',#18450,#14480,#14481);
#12278=AXIS2_PLACEMENT_3D('',#18451,#14482,#14483);
#12279=AXIS2_PLACEMENT_3D('',#18454,#14486,#14487);
#12280=AXIS2_PLACEMENT_3D('',#18456,#14489,#14490);
#12281=AXIS2_PLACEMENT_3D('',#18458,#14492,#14493);
#12282=AXIS2_PLACEMENT_3D('',#18460,#14495,#14496);
#12283=AXIS2_PLACEMENT_3D('',#18462,#14498,#14499);
#12284=AXIS2_PLACEMENT_3D('',#18463,#14500,#14501);
#12285=AXIS2_PLACEMENT_3D('',#18466,#14504,#14505);
#12286=AXIS2_PLACEMENT_3D('',#18468,#14507,#14508);
#12287=AXIS2_PLACEMENT_3D('',#18470,#14510,#14511);
#12288=AXIS2_PLACEMENT_3D('',#18472,#14513,#14514);
#12289=AXIS2_PLACEMENT_3D('',#18474,#14516,#14517);
#12290=AXIS2_PLACEMENT_3D('',#18475,#14518,#14519);
#12291=AXIS2_PLACEMENT_3D('',#18478,#14522,#14523);
#12292=AXIS2_PLACEMENT_3D('',#18480,#14525,#14526);
#12293=AXIS2_PLACEMENT_3D('',#18482,#14528,#14529);
#12294=AXIS2_PLACEMENT_3D('',#18484,#14531,#14532);
#12295=AXIS2_PLACEMENT_3D('',#18486,#14534,#14535);
#12296=AXIS2_PLACEMENT_3D('',#18487,#14536,#14537);
#12297=AXIS2_PLACEMENT_3D('',#18490,#14540,#14541);
#12298=AXIS2_PLACEMENT_3D('',#18492,#14543,#14544);
#12299=AXIS2_PLACEMENT_3D('',#18494,#14546,#14547);
#12300=AXIS2_PLACEMENT_3D('',#18496,#14549,#14550);
#12301=AXIS2_PLACEMENT_3D('',#18498,#14552,#14553);
#12302=AXIS2_PLACEMENT_3D('',#18499,#14554,#14555);
#12303=AXIS2_PLACEMENT_3D('',#18502,#14558,#14559);
#12304=AXIS2_PLACEMENT_3D('',#18504,#14561,#14562);
#12305=AXIS2_PLACEMENT_3D('',#18506,#14564,#14565);
#12306=AXIS2_PLACEMENT_3D('',#18508,#14567,#14568);
#12307=AXIS2_PLACEMENT_3D('',#18510,#14570,#14571);
#12308=AXIS2_PLACEMENT_3D('',#18511,#14572,#14573);
#12309=AXIS2_PLACEMENT_3D('',#18514,#14576,#14577);
#12310=AXIS2_PLACEMENT_3D('',#18516,#14579,#14580);
#12311=AXIS2_PLACEMENT_3D('',#18518,#14582,#14583);
#12312=AXIS2_PLACEMENT_3D('',#18520,#14585,#14586);
#12313=AXIS2_PLACEMENT_3D('',#18522,#14588,#14589);
#12314=AXIS2_PLACEMENT_3D('',#18523,#14590,#14591);
#12315=AXIS2_PLACEMENT_3D('',#18526,#14594,#14595);
#12316=AXIS2_PLACEMENT_3D('',#18528,#14597,#14598);
#12317=AXIS2_PLACEMENT_3D('',#18530,#14600,#14601);
#12318=AXIS2_PLACEMENT_3D('',#18532,#14603,#14604);
#12319=AXIS2_PLACEMENT_3D('',#18534,#14606,#14607);
#12320=AXIS2_PLACEMENT_3D('',#18535,#14608,#14609);
#12321=AXIS2_PLACEMENT_3D('',#18538,#14612,#14613);
#12322=AXIS2_PLACEMENT_3D('',#18540,#14615,#14616);
#12323=AXIS2_PLACEMENT_3D('',#18542,#14618,#14619);
#12324=AXIS2_PLACEMENT_3D('',#18544,#14621,#14622);
#12325=AXIS2_PLACEMENT_3D('',#18546,#14624,#14625);
#12326=AXIS2_PLACEMENT_3D('',#18547,#14626,#14627);
#12327=AXIS2_PLACEMENT_3D('',#18550,#14630,#14631);
#12328=AXIS2_PLACEMENT_3D('',#18552,#14633,#14634);
#12329=AXIS2_PLACEMENT_3D('',#18554,#14636,#14637);
#12330=AXIS2_PLACEMENT_3D('',#18556,#14639,#14640);
#12331=AXIS2_PLACEMENT_3D('',#18558,#14642,#14643);
#12332=AXIS2_PLACEMENT_3D('',#18559,#14644,#14645);
#12333=AXIS2_PLACEMENT_3D('',#18562,#14648,#14649);
#12334=AXIS2_PLACEMENT_3D('',#18564,#14651,#14652);
#12335=AXIS2_PLACEMENT_3D('',#18566,#14654,#14655);
#12336=AXIS2_PLACEMENT_3D('',#18568,#14657,#14658);
#12337=AXIS2_PLACEMENT_3D('',#18570,#14660,#14661);
#12338=AXIS2_PLACEMENT_3D('',#18571,#14662,#14663);
#12339=AXIS2_PLACEMENT_3D('',#18574,#14666,#14667);
#12340=AXIS2_PLACEMENT_3D('',#18576,#14669,#14670);
#12341=AXIS2_PLACEMENT_3D('',#18578,#14672,#14673);
#12342=AXIS2_PLACEMENT_3D('',#18580,#14675,#14676);
#12343=AXIS2_PLACEMENT_3D('',#18582,#14678,#14679);
#12344=AXIS2_PLACEMENT_3D('',#18583,#14680,#14681);
#12345=AXIS2_PLACEMENT_3D('',#18586,#14684,#14685);
#12346=AXIS2_PLACEMENT_3D('',#18588,#14687,#14688);
#12347=AXIS2_PLACEMENT_3D('',#18590,#14690,#14691);
#12348=AXIS2_PLACEMENT_3D('',#18592,#14693,#14694);
#12349=AXIS2_PLACEMENT_3D('',#18594,#14696,#14697);
#12350=AXIS2_PLACEMENT_3D('',#18595,#14698,#14699);
#12351=AXIS2_PLACEMENT_3D('',#18598,#14702,#14703);
#12352=AXIS2_PLACEMENT_3D('',#18600,#14705,#14706);
#12353=AXIS2_PLACEMENT_3D('',#18602,#14708,#14709);
#12354=AXIS2_PLACEMENT_3D('',#18604,#14711,#14712);
#12355=AXIS2_PLACEMENT_3D('',#18606,#14714,#14715);
#12356=AXIS2_PLACEMENT_3D('',#18607,#14716,#14717);
#12357=AXIS2_PLACEMENT_3D('',#18610,#14720,#14721);
#12358=AXIS2_PLACEMENT_3D('',#18612,#14723,#14724);
#12359=AXIS2_PLACEMENT_3D('',#18614,#14726,#14727);
#12360=AXIS2_PLACEMENT_3D('',#18616,#14729,#14730);
#12361=AXIS2_PLACEMENT_3D('',#18618,#14732,#14733);
#12362=AXIS2_PLACEMENT_3D('',#18619,#14734,#14735);
#12363=AXIS2_PLACEMENT_3D('',#18622,#14738,#14739);
#12364=AXIS2_PLACEMENT_3D('',#18624,#14741,#14742);
#12365=AXIS2_PLACEMENT_3D('',#18626,#14744,#14745);
#12366=AXIS2_PLACEMENT_3D('',#18628,#14747,#14748);
#12367=AXIS2_PLACEMENT_3D('',#18630,#14750,#14751);
#12368=AXIS2_PLACEMENT_3D('',#18631,#14752,#14753);
#12369=AXIS2_PLACEMENT_3D('',#18634,#14756,#14757);
#12370=AXIS2_PLACEMENT_3D('',#18636,#14759,#14760);
#12371=AXIS2_PLACEMENT_3D('',#18638,#14762,#14763);
#12372=AXIS2_PLACEMENT_3D('',#18640,#14765,#14766);
#12373=AXIS2_PLACEMENT_3D('',#18642,#14768,#14769);
#12374=AXIS2_PLACEMENT_3D('',#18643,#14770,#14771);
#12375=AXIS2_PLACEMENT_3D('',#18646,#14774,#14775);
#12376=AXIS2_PLACEMENT_3D('',#18648,#14777,#14778);
#12377=AXIS2_PLACEMENT_3D('',#18650,#14780,#14781);
#12378=AXIS2_PLACEMENT_3D('',#18652,#14783,#14784);
#12379=AXIS2_PLACEMENT_3D('',#18654,#14786,#14787);
#12380=AXIS2_PLACEMENT_3D('',#18655,#14788,#14789);
#12381=AXIS2_PLACEMENT_3D('',#18658,#14792,#14793);
#12382=AXIS2_PLACEMENT_3D('',#18660,#14795,#14796);
#12383=AXIS2_PLACEMENT_3D('',#18662,#14798,#14799);
#12384=AXIS2_PLACEMENT_3D('',#18664,#14801,#14802);
#12385=AXIS2_PLACEMENT_3D('',#18666,#14804,#14805);
#12386=AXIS2_PLACEMENT_3D('',#18667,#14806,#14807);
#12387=AXIS2_PLACEMENT_3D('',#18670,#14810,#14811);
#12388=AXIS2_PLACEMENT_3D('',#18672,#14813,#14814);
#12389=AXIS2_PLACEMENT_3D('',#18674,#14816,#14817);
#12390=AXIS2_PLACEMENT_3D('',#18676,#14819,#14820);
#12391=AXIS2_PLACEMENT_3D('',#18678,#14822,#14823);
#12392=AXIS2_PLACEMENT_3D('',#18679,#14824,#14825);
#12393=AXIS2_PLACEMENT_3D('',#18682,#14828,#14829);
#12394=AXIS2_PLACEMENT_3D('',#18684,#14831,#14832);
#12395=AXIS2_PLACEMENT_3D('',#18686,#14834,#14835);
#12396=AXIS2_PLACEMENT_3D('',#18688,#14837,#14838);
#12397=AXIS2_PLACEMENT_3D('',#18690,#14840,#14841);
#12398=AXIS2_PLACEMENT_3D('',#18691,#14842,#14843);
#12399=AXIS2_PLACEMENT_3D('',#18694,#14846,#14847);
#12400=AXIS2_PLACEMENT_3D('',#18696,#14849,#14850);
#12401=AXIS2_PLACEMENT_3D('',#18698,#14852,#14853);
#12402=AXIS2_PLACEMENT_3D('',#18700,#14855,#14856);
#12403=AXIS2_PLACEMENT_3D('',#18702,#14858,#14859);
#12404=AXIS2_PLACEMENT_3D('',#18703,#14860,#14861);
#12405=AXIS2_PLACEMENT_3D('',#18706,#14864,#14865);
#12406=AXIS2_PLACEMENT_3D('',#18708,#14867,#14868);
#12407=AXIS2_PLACEMENT_3D('',#18710,#14870,#14871);
#12408=AXIS2_PLACEMENT_3D('',#18712,#14873,#14874);
#12409=AXIS2_PLACEMENT_3D('',#18714,#14876,#14877);
#12410=AXIS2_PLACEMENT_3D('',#18715,#14878,#14879);
#12411=AXIS2_PLACEMENT_3D('',#18718,#14882,#14883);
#12412=AXIS2_PLACEMENT_3D('',#18720,#14885,#14886);
#12413=AXIS2_PLACEMENT_3D('',#18722,#14888,#14889);
#12414=AXIS2_PLACEMENT_3D('',#18724,#14891,#14892);
#12415=AXIS2_PLACEMENT_3D('',#18726,#14894,#14895);
#12416=AXIS2_PLACEMENT_3D('',#18727,#14896,#14897);
#12417=AXIS2_PLACEMENT_3D('',#18730,#14900,#14901);
#12418=AXIS2_PLACEMENT_3D('',#18732,#14903,#14904);
#12419=AXIS2_PLACEMENT_3D('',#18734,#14906,#14907);
#12420=AXIS2_PLACEMENT_3D('',#18736,#14909,#14910);
#12421=AXIS2_PLACEMENT_3D('',#18738,#14912,#14913);
#12422=AXIS2_PLACEMENT_3D('',#18739,#14914,#14915);
#12423=AXIS2_PLACEMENT_3D('',#18742,#14918,#14919);
#12424=AXIS2_PLACEMENT_3D('',#18744,#14921,#14922);
#12425=AXIS2_PLACEMENT_3D('',#18746,#14924,#14925);
#12426=AXIS2_PLACEMENT_3D('',#18748,#14927,#14928);
#12427=AXIS2_PLACEMENT_3D('',#18750,#14930,#14931);
#12428=AXIS2_PLACEMENT_3D('',#18751,#14932,#14933);
#12429=AXIS2_PLACEMENT_3D('',#18754,#14936,#14937);
#12430=AXIS2_PLACEMENT_3D('',#18756,#14939,#14940);
#12431=AXIS2_PLACEMENT_3D('',#18758,#14942,#14943);
#12432=AXIS2_PLACEMENT_3D('',#18760,#14945,#14946);
#12433=AXIS2_PLACEMENT_3D('',#18762,#14948,#14949);
#12434=AXIS2_PLACEMENT_3D('',#18763,#14950,#14951);
#12435=AXIS2_PLACEMENT_3D('',#18766,#14954,#14955);
#12436=AXIS2_PLACEMENT_3D('',#18768,#14957,#14958);
#12437=AXIS2_PLACEMENT_3D('',#18770,#14960,#14961);
#12438=AXIS2_PLACEMENT_3D('',#18772,#14963,#14964);
#12439=AXIS2_PLACEMENT_3D('',#18774,#14966,#14967);
#12440=AXIS2_PLACEMENT_3D('',#18775,#14968,#14969);
#12441=AXIS2_PLACEMENT_3D('',#18778,#14972,#14973);
#12442=AXIS2_PLACEMENT_3D('',#18780,#14975,#14976);
#12443=AXIS2_PLACEMENT_3D('',#18782,#14978,#14979);
#12444=AXIS2_PLACEMENT_3D('',#18784,#14981,#14982);
#12445=AXIS2_PLACEMENT_3D('',#18786,#14984,#14985);
#12446=AXIS2_PLACEMENT_3D('',#18787,#14986,#14987);
#12447=AXIS2_PLACEMENT_3D('',#18790,#14990,#14991);
#12448=AXIS2_PLACEMENT_3D('',#18792,#14993,#14994);
#12449=AXIS2_PLACEMENT_3D('',#18794,#14996,#14997);
#12450=AXIS2_PLACEMENT_3D('',#18796,#14999,#15000);
#12451=AXIS2_PLACEMENT_3D('',#18798,#15002,#15003);
#12452=AXIS2_PLACEMENT_3D('',#18799,#15004,#15005);
#12453=AXIS2_PLACEMENT_3D('',#18802,#15008,#15009);
#12454=AXIS2_PLACEMENT_3D('',#18804,#15011,#15012);
#12455=AXIS2_PLACEMENT_3D('',#18806,#15014,#15015);
#12456=AXIS2_PLACEMENT_3D('',#18808,#15017,#15018);
#12457=AXIS2_PLACEMENT_3D('',#18810,#15020,#15021);
#12458=AXIS2_PLACEMENT_3D('',#18811,#15022,#15023);
#12459=AXIS2_PLACEMENT_3D('',#18814,#15026,#15027);
#12460=AXIS2_PLACEMENT_3D('',#18816,#15029,#15030);
#12461=AXIS2_PLACEMENT_3D('',#18818,#15032,#15033);
#12462=AXIS2_PLACEMENT_3D('',#18820,#15035,#15036);
#12463=AXIS2_PLACEMENT_3D('',#18822,#15038,#15039);
#12464=AXIS2_PLACEMENT_3D('',#18823,#15040,#15041);
#12465=AXIS2_PLACEMENT_3D('',#18826,#15044,#15045);
#12466=AXIS2_PLACEMENT_3D('',#18828,#15047,#15048);
#12467=AXIS2_PLACEMENT_3D('',#18830,#15050,#15051);
#12468=AXIS2_PLACEMENT_3D('',#18832,#15053,#15054);
#12469=AXIS2_PLACEMENT_3D('',#18834,#15056,#15057);
#12470=AXIS2_PLACEMENT_3D('',#18835,#15058,#15059);
#12471=AXIS2_PLACEMENT_3D('',#18838,#15062,#15063);
#12472=AXIS2_PLACEMENT_3D('',#18840,#15065,#15066);
#12473=AXIS2_PLACEMENT_3D('',#18842,#15068,#15069);
#12474=AXIS2_PLACEMENT_3D('',#18844,#15071,#15072);
#12475=AXIS2_PLACEMENT_3D('',#18846,#15074,#15075);
#12476=AXIS2_PLACEMENT_3D('',#18847,#15076,#15077);
#12477=AXIS2_PLACEMENT_3D('',#18850,#15080,#15081);
#12478=AXIS2_PLACEMENT_3D('',#18852,#15083,#15084);
#12479=AXIS2_PLACEMENT_3D('',#18854,#15086,#15087);
#12480=AXIS2_PLACEMENT_3D('',#18856,#15089,#15090);
#12481=AXIS2_PLACEMENT_3D('',#18858,#15092,#15093);
#12482=AXIS2_PLACEMENT_3D('',#18859,#15094,#15095);
#12483=AXIS2_PLACEMENT_3D('',#18862,#15098,#15099);
#12484=AXIS2_PLACEMENT_3D('',#18864,#15101,#15102);
#12485=AXIS2_PLACEMENT_3D('',#18866,#15104,#15105);
#12486=AXIS2_PLACEMENT_3D('',#18868,#15107,#15108);
#12487=AXIS2_PLACEMENT_3D('',#18870,#15110,#15111);
#12488=AXIS2_PLACEMENT_3D('',#18871,#15112,#15113);
#12489=AXIS2_PLACEMENT_3D('',#18874,#15116,#15117);
#12490=AXIS2_PLACEMENT_3D('',#18876,#15119,#15120);
#12491=AXIS2_PLACEMENT_3D('',#18878,#15122,#15123);
#12492=AXIS2_PLACEMENT_3D('',#18880,#15125,#15126);
#12493=AXIS2_PLACEMENT_3D('',#18882,#15128,#15129);
#12494=AXIS2_PLACEMENT_3D('',#18883,#15130,#15131);
#12495=AXIS2_PLACEMENT_3D('',#18886,#15134,#15135);
#12496=AXIS2_PLACEMENT_3D('',#18888,#15137,#15138);
#12497=AXIS2_PLACEMENT_3D('',#18890,#15140,#15141);
#12498=AXIS2_PLACEMENT_3D('',#18892,#15143,#15144);
#12499=AXIS2_PLACEMENT_3D('',#18894,#15146,#15147);
#12500=AXIS2_PLACEMENT_3D('',#18895,#15148,#15149);
#12501=AXIS2_PLACEMENT_3D('',#18898,#15152,#15153);
#12502=AXIS2_PLACEMENT_3D('',#18900,#15155,#15156);
#12503=AXIS2_PLACEMENT_3D('',#18902,#15158,#15159);
#12504=AXIS2_PLACEMENT_3D('',#18904,#15161,#15162);
#12505=AXIS2_PLACEMENT_3D('',#18906,#15164,#15165);
#12506=AXIS2_PLACEMENT_3D('',#18907,#15166,#15167);
#12507=AXIS2_PLACEMENT_3D('',#18910,#15170,#15171);
#12508=AXIS2_PLACEMENT_3D('',#18912,#15173,#15174);
#12509=AXIS2_PLACEMENT_3D('',#18914,#15176,#15177);
#12510=AXIS2_PLACEMENT_3D('',#18916,#15179,#15180);
#12511=AXIS2_PLACEMENT_3D('',#18918,#15182,#15183);
#12512=AXIS2_PLACEMENT_3D('',#18919,#15184,#15185);
#12513=AXIS2_PLACEMENT_3D('',#18922,#15188,#15189);
#12514=AXIS2_PLACEMENT_3D('',#18924,#15191,#15192);
#12515=AXIS2_PLACEMENT_3D('',#18926,#15194,#15195);
#12516=AXIS2_PLACEMENT_3D('',#18928,#15197,#15198);
#12517=AXIS2_PLACEMENT_3D('',#18930,#15200,#15201);
#12518=AXIS2_PLACEMENT_3D('',#18931,#15202,#15203);
#12519=AXIS2_PLACEMENT_3D('',#18934,#15206,#15207);
#12520=AXIS2_PLACEMENT_3D('',#18936,#15209,#15210);
#12521=AXIS2_PLACEMENT_3D('',#18938,#15212,#15213);
#12522=AXIS2_PLACEMENT_3D('',#18940,#15215,#15216);
#12523=AXIS2_PLACEMENT_3D('',#18942,#15218,#15219);
#12524=AXIS2_PLACEMENT_3D('',#18943,#15220,#15221);
#12525=AXIS2_PLACEMENT_3D('',#18946,#15224,#15225);
#12526=AXIS2_PLACEMENT_3D('',#18948,#15227,#15228);
#12527=AXIS2_PLACEMENT_3D('',#18950,#15230,#15231);
#12528=AXIS2_PLACEMENT_3D('',#18952,#15233,#15234);
#12529=AXIS2_PLACEMENT_3D('',#18954,#15236,#15237);
#12530=AXIS2_PLACEMENT_3D('',#18955,#15238,#15239);
#12531=AXIS2_PLACEMENT_3D('',#18958,#15242,#15243);
#12532=AXIS2_PLACEMENT_3D('',#18960,#15245,#15246);
#12533=AXIS2_PLACEMENT_3D('',#18962,#15248,#15249);
#12534=AXIS2_PLACEMENT_3D('',#18964,#15251,#15252);
#12535=AXIS2_PLACEMENT_3D('',#18966,#15254,#15255);
#12536=AXIS2_PLACEMENT_3D('',#18967,#15256,#15257);
#12537=AXIS2_PLACEMENT_3D('',#18970,#15260,#15261);
#12538=AXIS2_PLACEMENT_3D('',#18972,#15263,#15264);
#12539=AXIS2_PLACEMENT_3D('',#18974,#15266,#15267);
#12540=AXIS2_PLACEMENT_3D('',#18976,#15269,#15270);
#12541=AXIS2_PLACEMENT_3D('',#18978,#15272,#15273);
#12542=AXIS2_PLACEMENT_3D('',#18979,#15274,#15275);
#12543=AXIS2_PLACEMENT_3D('',#18982,#15278,#15279);
#12544=AXIS2_PLACEMENT_3D('',#18984,#15281,#15282);
#12545=AXIS2_PLACEMENT_3D('',#18986,#15284,#15285);
#12546=AXIS2_PLACEMENT_3D('',#18988,#15287,#15288);
#12547=AXIS2_PLACEMENT_3D('',#18990,#15290,#15291);
#12548=AXIS2_PLACEMENT_3D('',#18991,#15292,#15293);
#12549=AXIS2_PLACEMENT_3D('',#18994,#15296,#15297);
#12550=AXIS2_PLACEMENT_3D('',#18996,#15299,#15300);
#12551=AXIS2_PLACEMENT_3D('',#18998,#15302,#15303);
#12552=AXIS2_PLACEMENT_3D('',#19000,#15305,#15306);
#12553=AXIS2_PLACEMENT_3D('',#19002,#15308,#15309);
#12554=AXIS2_PLACEMENT_3D('',#19003,#15310,#15311);
#12555=AXIS2_PLACEMENT_3D('',#19006,#15314,#15315);
#12556=AXIS2_PLACEMENT_3D('',#19008,#15317,#15318);
#12557=AXIS2_PLACEMENT_3D('',#19010,#15320,#15321);
#12558=AXIS2_PLACEMENT_3D('',#19012,#15323,#15324);
#12559=AXIS2_PLACEMENT_3D('',#19014,#15326,#15327);
#12560=AXIS2_PLACEMENT_3D('',#19015,#15328,#15329);
#12561=AXIS2_PLACEMENT_3D('',#19018,#15332,#15333);
#12562=AXIS2_PLACEMENT_3D('',#19020,#15335,#15336);
#12563=AXIS2_PLACEMENT_3D('',#19022,#15338,#15339);
#12564=AXIS2_PLACEMENT_3D('',#19024,#15341,#15342);
#12565=AXIS2_PLACEMENT_3D('',#19026,#15344,#15345);
#12566=AXIS2_PLACEMENT_3D('',#19027,#15346,#15347);
#12567=AXIS2_PLACEMENT_3D('',#19030,#15350,#15351);
#12568=AXIS2_PLACEMENT_3D('',#19032,#15353,#15354);
#12569=AXIS2_PLACEMENT_3D('',#19034,#15356,#15357);
#12570=AXIS2_PLACEMENT_3D('',#19036,#15359,#15360);
#12571=AXIS2_PLACEMENT_3D('',#19038,#15362,#15363);
#12572=AXIS2_PLACEMENT_3D('',#19039,#15364,#15365);
#12573=AXIS2_PLACEMENT_3D('',#19042,#15368,#15369);
#12574=AXIS2_PLACEMENT_3D('',#19044,#15371,#15372);
#12575=AXIS2_PLACEMENT_3D('',#19046,#15374,#15375);
#12576=AXIS2_PLACEMENT_3D('',#19048,#15377,#15378);
#12577=AXIS2_PLACEMENT_3D('',#19050,#15380,#15381);
#12578=AXIS2_PLACEMENT_3D('',#19051,#15382,#15383);
#12579=AXIS2_PLACEMENT_3D('',#19054,#15386,#15387);
#12580=AXIS2_PLACEMENT_3D('',#19056,#15389,#15390);
#12581=AXIS2_PLACEMENT_3D('',#19058,#15392,#15393);
#12582=AXIS2_PLACEMENT_3D('',#19060,#15395,#15396);
#12583=AXIS2_PLACEMENT_3D('',#19062,#15398,#15399);
#12584=AXIS2_PLACEMENT_3D('',#19063,#15400,#15401);
#12585=AXIS2_PLACEMENT_3D('',#19066,#15404,#15405);
#12586=AXIS2_PLACEMENT_3D('',#19068,#15407,#15408);
#12587=AXIS2_PLACEMENT_3D('',#19070,#15410,#15411);
#12588=AXIS2_PLACEMENT_3D('',#19072,#15413,#15414);
#12589=AXIS2_PLACEMENT_3D('',#19074,#15416,#15417);
#12590=AXIS2_PLACEMENT_3D('',#19075,#15418,#15419);
#12591=AXIS2_PLACEMENT_3D('',#19078,#15422,#15423);
#12592=AXIS2_PLACEMENT_3D('',#19080,#15425,#15426);
#12593=AXIS2_PLACEMENT_3D('',#19082,#15428,#15429);
#12594=AXIS2_PLACEMENT_3D('',#19084,#15431,#15432);
#12595=AXIS2_PLACEMENT_3D('',#19086,#15434,#15435);
#12596=AXIS2_PLACEMENT_3D('',#19087,#15436,#15437);
#12597=AXIS2_PLACEMENT_3D('',#19090,#15440,#15441);
#12598=AXIS2_PLACEMENT_3D('',#19092,#15443,#15444);
#12599=AXIS2_PLACEMENT_3D('',#19094,#15446,#15447);
#12600=AXIS2_PLACEMENT_3D('',#19096,#15449,#15450);
#12601=AXIS2_PLACEMENT_3D('',#19098,#15452,#15453);
#12602=AXIS2_PLACEMENT_3D('',#19099,#15454,#15455);
#12603=AXIS2_PLACEMENT_3D('',#19102,#15458,#15459);
#12604=AXIS2_PLACEMENT_3D('',#19104,#15461,#15462);
#12605=AXIS2_PLACEMENT_3D('',#19106,#15464,#15465);
#12606=AXIS2_PLACEMENT_3D('',#19108,#15467,#15468);
#12607=AXIS2_PLACEMENT_3D('',#19110,#15470,#15471);
#12608=AXIS2_PLACEMENT_3D('',#19111,#15472,#15473);
#12609=AXIS2_PLACEMENT_3D('',#19114,#15476,#15477);
#12610=AXIS2_PLACEMENT_3D('',#19116,#15479,#15480);
#12611=AXIS2_PLACEMENT_3D('',#19118,#15482,#15483);
#12612=AXIS2_PLACEMENT_3D('',#19120,#15485,#15486);
#12613=AXIS2_PLACEMENT_3D('',#19122,#15488,#15489);
#12614=AXIS2_PLACEMENT_3D('',#19123,#15490,#15491);
#12615=AXIS2_PLACEMENT_3D('',#19126,#15494,#15495);
#12616=AXIS2_PLACEMENT_3D('',#19128,#15497,#15498);
#12617=AXIS2_PLACEMENT_3D('',#19130,#15500,#15501);
#12618=AXIS2_PLACEMENT_3D('',#19132,#15503,#15504);
#12619=AXIS2_PLACEMENT_3D('',#19134,#15506,#15507);
#12620=DIRECTION('axis',(0.,0.,1.));
#12621=DIRECTION('refdir',(1.,0.,0.));
#12622=DIRECTION('center_axis',(0.,-1.,0.));
#12623=DIRECTION('ref_axis',(6.10622663543841E-15,0.,1.));
#12624=DIRECTION('center_axis',(0.894427190999916,-1.24126707662363E-16,
0.447213595499959));
#12625=DIRECTION('ref_axis',(0.447213595499959,-3.97205464519564E-15,-0.894427190999915));
#12626=DIRECTION('center_axis',(-0.447213595499958,9.93013661298915E-16,
-0.894427190999916));
#12627=DIRECTION('ref_axis',(0.894427190999916,0.,-0.447213595499958));
#12628=DIRECTION('center_axis',(6.93889390390723E-18,-1.,2.22044604925031E-16));
#12629=DIRECTION('ref_axis',(-0.707106781186546,0.,0.707106781186549));
#12630=DIRECTION('',(6.93889390390723E-18,-1.,2.22044604925031E-16));
#12631=DIRECTION('center_axis',(0.,-1.,0.));
#12632=DIRECTION('ref_axis',(0.,0.,1.));
#12633=DIRECTION('',(-6.93889390390723E-18,1.,-2.22044604925031E-16));
#12634=DIRECTION('center_axis',(-0.447213595499958,9.93013661298913E-16,
-0.894427190999916));
#12635=DIRECTION('ref_axis',(0.894427190999916,0.,-0.447213595499958));
#12636=DIRECTION('center_axis',(0.894427190999916,-1.24126707662363E-16,
0.447213595499958));
#12637=DIRECTION('ref_axis',(0.447213595499958,-3.97205464519563E-15,-0.894427190999916));
#12638=DIRECTION('center_axis',(-6.93889390390723E-18,2.22044604925031E-16,
1.));
#12639=DIRECTION('ref_axis',(-1.,-6.93889390390723E-18,-6.93889390390723E-18));
#12640=DIRECTION('',(-1.,0.,-6.93889390390723E-18));
#12641=DIRECTION('',(-6.93889390390723E-18,1.,-2.22044604925031E-16));
#12642=DIRECTION('',(1.,6.93889390390723E-18,6.93889390390723E-18));
#12643=DIRECTION('center_axis',(-1.,0.,-6.93889390390723E-18));
#12644=DIRECTION('ref_axis',(0.,0.707106781186546,-0.707106781186549));
#12645=DIRECTION('',(1.,0.,6.93889390390723E-18));
#12646=DIRECTION('center_axis',(0.447213595499957,0.,-0.894427190999916));
#12647=DIRECTION('ref_axis',(-0.894427190999916,0.,-0.447213595499958));
#12648=DIRECTION('center_axis',(6.93889390390723E-18,-2.22044604925031E-16,
-1.));
#12649=DIRECTION('ref_axis',(0.707106781186549,0.707106781186546,0.));
#12650=DIRECTION('',(6.93889390390723E-18,-2.22044604925031E-16,-1.));
#12651=DIRECTION('center_axis',(0.894427190999916,1.98602732259783E-15,
-0.447213595499958));
#12652=DIRECTION('ref_axis',(0.447213595499958,0.,0.894427190999916));
#12653=DIRECTION('',(-6.93889390390723E-18,2.22044604925031E-16,1.));
#12654=DIRECTION('center_axis',(0.,-1.,0.));
#12655=DIRECTION('ref_axis',(-1.,0.,0.));
#12656=DIRECTION('center_axis',(-0.447213595499956,0.,0.894427190999917));
#12657=DIRECTION('ref_axis',(0.894427190999917,0.,0.447213595499956));
#12658=DIRECTION('center_axis',(6.93889390390723E-18,-1.,2.22044604925031E-16));
#12659=DIRECTION('ref_axis',(-0.707106781186549,0.,-0.707106781186546));
#12660=DIRECTION('',(6.93889390390723E-18,-1.,2.22044604925031E-16));
#12661=DIRECTION('center_axis',(0.,-1.,0.));
#12662=DIRECTION('ref_axis',(-1.,0.,0.));
#12663=DIRECTION('',(-6.93889390390723E-18,1.,-2.22044604925031E-16));
#12664=DIRECTION('center_axis',(0.894427190999916,0.,-0.447213595499957));
#12665=DIRECTION('ref_axis',(0.447213595499958,0.,0.894427190999916));
#12666=DIRECTION('center_axis',(-0.447213595499958,3.10316769155911E-17,
0.894427190999916));
#12667=DIRECTION('ref_axis',(0.894427190999916,0.,0.447213595499958));
#12668=DIRECTION('center_axis',(-1.,-6.93889390390723E-18,-6.93889390390723E-18));
#12669=DIRECTION('ref_axis',(6.93889390390723E-18,-2.22044604925031E-16,
-1.));
#12670=DIRECTION('',(-6.93889390390723E-18,2.22044604925031E-16,1.));
#12671=DIRECTION('center_axis',(1.,0.,6.93889390390723E-18));
#12672=DIRECTION('ref_axis',(0.,0.707106781186548,0.707106781186548));
#12673=DIRECTION('',(1.,0.,6.93889390390723E-18));
#12674=DIRECTION('center_axis',(0.447213595499958,0.,0.894427190999916));
#12675=DIRECTION('ref_axis',(-0.894427190999916,0.,0.447213595499958));
#12676=DIRECTION('',(-1.,0.,-6.93889390390723E-18));
#12677=DIRECTION('center_axis',(0.,1.,8.88178419700119E-15));
#12678=DIRECTION('ref_axis',(0.,-8.8817841970012E-15,1.));
#12679=DIRECTION('center_axis',(-0.894427190999917,0.,0.447213595499956));
#12680=DIRECTION('ref_axis',(-0.447213595499956,0.,-0.894427190999917));
#12681=DIRECTION('center_axis',(0.447213595499957,0.,-0.894427190999916));
#12682=DIRECTION('ref_axis',(-0.894427190999916,0.,-0.447213595499958));
#12683=DIRECTION('center_axis',(6.93889390390723E-18,-1.,2.22044604925031E-16));
#12684=DIRECTION('ref_axis',(0.707106781186546,0.,0.707106781186549));
#12685=DIRECTION('center_axis',(-8.88178419700128E-15,1.,0.));
#12686=DIRECTION('ref_axis',(0.,0.,1.));
#12687=DIRECTION('',(6.93889390390723E-18,-1.,2.22044604925031E-16));
#12688=DIRECTION('center_axis',(-0.894427190999917,0.,0.447213595499956));
#12689=DIRECTION('ref_axis',(-0.447213595499956,0.,-0.894427190999917));
#12690=DIRECTION('center_axis',(1.,6.93889390390723E-18,6.93889390390723E-18));
#12691=DIRECTION('ref_axis',(0.,-0.707106781186546,-0.707106781186549));
#12692=DIRECTION('',(-1.,-6.93889390390723E-18,-6.93889390390723E-18));
#12693=DIRECTION('center_axis',(6.93889390390723E-18,-2.22044604925031E-16,
-1.));
#12694=DIRECTION('ref_axis',(-0.707106781186548,-0.707106781186548,0.));
#12695=DIRECTION('',(6.93889390390723E-18,-2.22044604925031E-16,-1.));
#12696=DIRECTION('center_axis',(-0.894427190999917,0.,-0.447213595499956));
#12697=DIRECTION('ref_axis',(-0.447213595499956,0.,0.894427190999917));
#12698=DIRECTION('',(-6.93889390390723E-18,2.22044604925031E-16,1.));
#12699=DIRECTION('center_axis',(0.,-1.,0.));
#12700=DIRECTION('ref_axis',(8.88178419700113E-15,0.,-1.));
#12701=DIRECTION('center_axis',(-0.894427190999918,0.,-0.447213595499955));
#12702=DIRECTION('ref_axis',(-0.447213595499955,0.,0.894427190999917));
#12703=DIRECTION('center_axis',(6.93889390390723E-18,-1.,2.22044604925031E-16));
#12704=DIRECTION('ref_axis',(0.707106781186544,0.,-0.707106781186551));
#12705=DIRECTION('',(6.93889390390723E-18,-1.,2.22044604925031E-16));
#12706=DIRECTION('center_axis',(0.,-1.,0.));
#12707=DIRECTION('ref_axis',(0.,0.,-1.));
#12708=DIRECTION('',(-6.93889390390723E-18,1.,-2.22044604925031E-16));
#12709=DIRECTION('center_axis',(0.447213595499956,0.,0.894427190999917));
#12710=DIRECTION('ref_axis',(-0.894427190999917,0.,0.447213595499956));
#12711=DIRECTION('center_axis',(-1.,-6.93889390390723E-18,-6.93889390390723E-18));
#12712=DIRECTION('ref_axis',(0.,-0.707106781186548,0.707106781186548));
#12713=DIRECTION('',(1.,6.93889390390723E-18,6.93889390390723E-18));
#12714=DIRECTION('',(-1.,-6.93889390390723E-18,-6.93889390390723E-18));
#12715=DIRECTION('center_axis',(6.93889390390723E-18,-2.22044604925031E-16,
-1.));
#12716=DIRECTION('ref_axis',(1.,6.93889390390723E-18,6.93889390390723E-18));
#12717=DIRECTION('center_axis',(-6.93889390390723E-18,2.22044604925031E-16,
1.));
#12718=DIRECTION('ref_axis',(-0.707106781186548,0.707106781186548,0.));
#12719=DIRECTION('',(6.93889390390723E-18,-2.22044604925031E-16,-1.));
#12720=DIRECTION('',(-6.93889390390723E-18,2.22044604925031E-16,1.));
#12721=DIRECTION('center_axis',(1.,6.93889390390723E-18,6.93889390390723E-18));
#12722=DIRECTION('ref_axis',(-6.93889390390723E-18,2.22044604925031E-16,
1.));
#12723=DIRECTION('center_axis',(1.54074395550979E-33,1.,-2.22044604925031E-16));
#12724=DIRECTION('ref_axis',(-1.,0.,-6.93889390390723E-18));
#12725=DIRECTION('',(1.,0.,6.93889390390723E-18));
#12726=DIRECTION('',(6.93889390390723E-18,-2.22044604925031E-16,-1.));
#12727=DIRECTION('',(-1.,0.,-6.93889390390723E-18));
#12728=DIRECTION('',(-6.93889390390723E-18,2.22044604925031E-16,1.));
#12729=DIRECTION('center_axis',(0.274721127897378,-0.961523947640823,2.15407465839505E-16));
#12730=DIRECTION('ref_axis',(0.679900103650088,0.194257172471454,0.707106781186545));
#12731=DIRECTION('center_axis',(-6.93889390390723E-18,1.,-2.22044604925031E-16));
#12732=DIRECTION('ref_axis',(1.,7.25916483098699E-31,-1.00078689881186E-15));
#12733=DIRECTION('',(-0.274721127897378,0.961523947640823,-2.15407465839505E-16));
#12734=DIRECTION('center_axis',(-0.194257172471453,0.679900103650087,0.707106781186546));
#12735=DIRECTION('ref_axis',(0.194257172471453,-0.679900103650083,0.707106781186549));
#12736=DIRECTION('',(0.274721127897378,-0.961523947640823,2.15407465839505E-16));
#12737=DIRECTION('center_axis',(6.93889390390723E-18,-2.22044604925031E-16,
-1.));
#12738=DIRECTION('ref_axis',(0.274721127897378,-0.961523947640823,2.15407465839505E-16));
#12739=DIRECTION('',(-0.961523947640823,-0.274721127897378,5.43284316497866E-17));
#12740=DIRECTION('',(-0.274721127897378,0.961523947640823,-2.15407465839505E-16));
#12741=DIRECTION('',(1.,6.93889390390723E-18,6.93889390390723E-18));
#12742=DIRECTION('center_axis',(6.93889390390723E-18,-2.22044604925031E-16,
-1.));
#12743=DIRECTION('ref_axis',(0.602195513144455,0.798348648116026,0.));
#12744=DIRECTION('',(0.274721127897378,-0.961523947640823,2.15407465839505E-16));
#12745=DIRECTION('center_axis',(6.93889390390723E-18,-2.22044604925031E-16,
-1.));
#12746=DIRECTION('ref_axis',(0.798348648116028,-0.602195513144453,0.));
#12747=DIRECTION('',(-1.,-6.93889390390723E-18,-6.93889390390723E-18));
#12748=DIRECTION('',(-0.274721127897378,0.961523947640823,-2.15407465839505E-16));
#12749=DIRECTION('',(-1.,-6.93889390390723E-18,-6.93889390390723E-18));
#12750=DIRECTION('center_axis',(-1.,0.,-6.93889390390723E-18));
#12751=DIRECTION('ref_axis',(0.,0.707106781186548,-0.707106781186548));
#12752=DIRECTION('',(-1.,0.,-6.93889390390723E-18));
#12753=DIRECTION('center_axis',(1.,8.88178419700128E-15,-1.11022302462516E-15));
#12754=DIRECTION('ref_axis',(-1.11022302462516E-15,0.,-1.));
#12755=DIRECTION('center_axis',(-0.860007069682662,-0.40151702323206,0.314915735000185));
#12756=DIRECTION('ref_axis',(-0.510282118142348,0.676699155821062,-0.530745148272899));
#12757=DIRECTION('center_axis',(0.274998288770277,0.961444715609493,-2.11575428085236E-16));
#12758=DIRECTION('ref_axis',(-0.679844078143447,0.194453154804161,-0.707106781186545));
#12759=DIRECTION('center_axis',(6.93889390390723E-18,-2.22044604925031E-16,
-1.));
#12760=DIRECTION('ref_axis',(-0.602080439488666,0.798435435326573,0.));
#12761=DIRECTION('center_axis',(-0.999949808170188,-0.0100190388961897,
-4.71387209469235E-18));
#12762=DIRECTION('ref_axis',(-0.00708453034447216,0.70707129020333,-0.707106781186545));
#12763=DIRECTION('',(0.999949808170188,0.0100190388961897,4.71387209469235E-18));
#12764=DIRECTION('center_axis',(-0.999949808170189,-0.0100190388961785,
0.));
#12765=DIRECTION('ref_axis',(-0.0100190388961785,0.999949808170189,0.));
#12766=DIRECTION('',(-0.999949808170188,-0.0100190388961897,-4.71387209469235E-18));
#12767=DIRECTION('center_axis',(-6.93889390390722E-18,2.22044604925031E-16,
1.));
#12768=DIRECTION('ref_axis',(0.598188563509735,0.801355378397225,0.));
#12769=DIRECTION('center_axis',(6.93889390390723E-18,-2.22044604925031E-16,
-1.));
#12770=DIRECTION('ref_axis',(0.598188563509735,0.801355378397225,0.));
#12771=DIRECTION('',(6.93889390390723E-18,-2.22044604925031E-16,-1.));
#12772=DIRECTION('center_axis',(0.,0.,1.));
#12773=DIRECTION('ref_axis',(0.961523947640823,0.274721127897378,0.));
#12774=DIRECTION('',(-6.93889390390722E-18,2.22044604925031E-16,1.));
#12775=DIRECTION('center_axis',(-0.862284379507455,0.398442572389938,-0.312584653117731));
#12776=DIRECTION('ref_axis',(0.506424376247281,0.678424701529081,-0.532235169354422));
#12777=DIRECTION('center_axis',(-0.274721127897378,0.961523947640823,-2.15407465839505E-16));
#12778=DIRECTION('ref_axis',(0.679900103650085,0.194257172471453,-0.707106781186547));
#12779=DIRECTION('center_axis',(-6.93889390390723E-18,2.22044604925031E-16,
1.));
#12780=DIRECTION('ref_axis',(1.,6.93889390390723E-18,6.93889390390723E-18));
#12781=DIRECTION('',(-0.274721127897378,0.961523947640823,-2.15407465839505E-16));
#12782=DIRECTION('',(1.,6.93889390390723E-18,6.93889390390723E-18));
#12783=DIRECTION('',(0.274721127897378,-0.961523947640823,2.15407465839505E-16));
#12784=DIRECTION('',(1.,6.93889390390723E-18,6.93889390390723E-18));
#12785=DIRECTION('',(0.274721127897378,0.961523947640823,-2.11594944320221E-16));
#12786=DIRECTION('',(-1.,-6.93889390390723E-18,-6.93889390390723E-18));
#12787=DIRECTION('',(-0.274998288770277,-0.961444715609493,2.11575428085236E-16));
#12788=DIRECTION('',(-1.,-6.93889390390723E-18,-6.93889390390723E-18));
#12789=DIRECTION('',(0.274721127897378,-0.961523947640823,2.15407465839505E-16));
#12790=DIRECTION('',(1.,6.93889390390723E-18,6.93889390390723E-18));
#12791=DIRECTION('',(0.274721127897378,0.961523947640823,-2.11594944320221E-16));
#12792=DIRECTION('center_axis',(-0.274721127897378,0.961523947640823,-2.15407465839505E-16));
#12793=DIRECTION('ref_axis',(0.679900103650088,0.194257172471454,-0.707106781186545));
#12794=DIRECTION('',(0.274721127897378,-0.961523947640823,2.15407465839505E-16));
#12795=DIRECTION('center_axis',(-6.93889390390723E-18,1.,-2.22044604925031E-16));
#12796=DIRECTION('ref_axis',(1.,-1.49627683250956E-30,-2.20173117738609E-15));
#12797=DIRECTION('center_axis',(0.961523947640823,0.274721127897378,-5.43284316497867E-17));
#12798=DIRECTION('ref_axis',(-0.274721127897378,0.961523947640823,-2.15407465839505E-16));
#12799=DIRECTION('',(-6.93889390390723E-18,2.22044604925031E-16,1.));
#12800=DIRECTION('',(-0.274721127897378,0.961523947640823,-2.15407465839505E-16));
#12801=DIRECTION('',(-6.93889390390723E-18,2.22044604925031E-16,1.));
#12802=DIRECTION('',(0.274721127897378,-0.961523947640823,2.15407465839505E-16));
#12803=DIRECTION('',(-6.93889390390722E-18,2.22044604925031E-16,1.));
#12804=DIRECTION('center_axis',(-6.93889390390723E-18,2.22044604925031E-16,
1.));
#12805=DIRECTION('ref_axis',(6.93889390390723E-18,-1.,2.22044604925031E-16));
#12806=DIRECTION('',(-0.999949808170188,-0.0100190388961897,-4.71387209469235E-18));
#12807=DIRECTION('',(0.274998288770277,0.961444715609493,-2.11575428085236E-16));
#12808=DIRECTION('',(1.,6.93889390390723E-18,6.93889390390723E-18));
#12809=DIRECTION('',(-0.274721127897378,-0.961523947640823,2.11594944320221E-16));
#12810=DIRECTION('',(-1.,-6.93889390390723E-18,-6.93889390390723E-18));
#12811=DIRECTION('',(-0.274721127897378,0.961523947640823,-2.15407465839505E-16));
#12812=DIRECTION('',(1.,6.93889390390723E-18,6.93889390390723E-18));
#12813=DIRECTION('',(0.274721127897378,-0.961523947640823,2.15407465839505E-16));
#12814=DIRECTION('',(1.,6.93889390390723E-18,6.93889390390723E-18));
#12815=DIRECTION('',(-0.274721127897378,-0.961523947640823,2.11594944320221E-16));
#12816=DIRECTION('',(-1.,-6.93889390390723E-18,-6.93889390390723E-18));
#12817=DIRECTION('center_axis',(-0.274721127897378,-0.961523947640823,2.11594944320221E-16));
#12818=DIRECTION('ref_axis',(0.679900103650088,-0.194257172471454,-0.707106781186545));
#12819=DIRECTION('center_axis',(-6.93889390390723E-18,1.,-2.22044604925031E-16));
#12820=DIRECTION('ref_axis',(1.,-1.00739430307575E-30,-1.33438253174914E-16));
#12821=DIRECTION('center_axis',(0.798348648116028,0.602195513144452,0.));
#12822=DIRECTION('ref_axis',(0.602195513144452,-0.798348648116028,4.98569091084439E-16));
#12823=DIRECTION('',(-0.274721127897378,-0.961523947640823,2.11594944320221E-16));
#12824=DIRECTION('center_axis',(0.961523947640823,-0.274721127897378,6.7672256967278E-17));
#12825=DIRECTION('ref_axis',(0.274721127897378,0.961523947640823,-2.11594944320221E-16));
#12826=DIRECTION('',(-6.93889390390723E-18,2.22044604925031E-16,1.));
#12827=DIRECTION('',(0.274721127897378,0.961523947640823,-2.11594944320221E-16));
#12828=DIRECTION('',(-6.93889390390723E-18,2.22044604925031E-16,1.));
#12829=DIRECTION('',(0.274721127897378,0.961523947640823,-2.11594944320221E-16));
#12830=DIRECTION('',(-6.93889390390723E-18,2.22044604925031E-16,1.));
#12831=DIRECTION('center_axis',(0.274721127897378,0.961523947640823,-2.11594944320221E-16));
#12832=DIRECTION('ref_axis',(0.679900103650085,-0.194257172471453,-0.707106781186548));
#12833=DIRECTION('center_axis',(-0.274998288770277,-0.961444715609493,2.11575428085236E-16));
#12834=DIRECTION('ref_axis',(0.961444715609493,-0.274998288770277,-4.85722553092737E-16));
#12835=DIRECTION('',(-0.274721127897378,-0.961523947640823,2.11594944320221E-16));
#12836=DIRECTION('center_axis',(-6.93889390390723E-18,1.,-2.22044604925031E-16));
#12837=DIRECTION('ref_axis',(1.,2.51848575768936E-31,7.33910392462029E-16));
#12838=DIRECTION('',(0.274721127897378,0.961523947640823,-2.11594944320221E-16));
#12839=DIRECTION('center_axis',(0.961523947640823,-0.274721127897378,6.7672256967278E-17));
#12840=DIRECTION('ref_axis',(0.274721127897378,0.961523947640823,-2.11594944320221E-16));
#12841=DIRECTION('',(-6.93889390390723E-18,2.22044604925031E-16,1.));
#12842=DIRECTION('',(-0.274721127897378,-0.961523947640823,2.11594944320221E-16));
#12843=DIRECTION('',(-6.93889390390723E-18,2.22044604925031E-16,1.));
#12844=DIRECTION('',(0.274721127897378,0.961523947640823,-2.11594944320221E-16));
#12845=DIRECTION('',(-6.93889390390723E-18,2.22044604925031E-16,1.));
#12846=DIRECTION('center_axis',(-0.274998288770277,-0.961444715609493,2.11575428085236E-16));
#12847=DIRECTION('ref_axis',(6.93889390390723E-18,-2.22044604925031E-16,
-1.));
#12848=DIRECTION('',(-0.961444715609493,0.274998288770277,-6.77332492611424E-17));
#12849=DIRECTION('center_axis',(-0.274998288770277,-0.961444715609493,2.11575428085236E-16));
#12850=DIRECTION('ref_axis',(-0.679844078143446,0.194453154804161,-0.707106781186546));
#12851=DIRECTION('',(6.93889390390723E-18,-2.22044604925031E-16,-1.));
#12852=DIRECTION('center_axis',(-0.274998288770277,-0.961444715609493,2.11575428085236E-16));
#12853=DIRECTION('ref_axis',(-0.679844078143445,0.194453154804161,-0.707106781186547));
#12854=DIRECTION('',(0.961444715609493,-0.274998288770277,6.77332492611424E-17));
#12855=DIRECTION('center_axis',(-0.274998288770277,-0.961444715609493,2.11575428085236E-16));
#12856=DIRECTION('ref_axis',(0.961444715609493,-0.274998288770277,1.87350127621484E-15));
#12857=DIRECTION('center_axis',(-0.274998288770277,-0.961444715609493,2.11575428085236E-16));
#12858=DIRECTION('ref_axis',(-0.679844078143446,0.194453154804161,-0.707106781186546));
#12859=DIRECTION('center_axis',(-6.93889390390723E-18,1.,-2.22044604925031E-16));
#12860=DIRECTION('ref_axis',(-1.,-1.00731129120986E-30,-1.60112709026077E-15));
#12861=DIRECTION('',(0.274998288770277,0.961444715609493,-2.11575428085236E-16));
#12862=DIRECTION('',(-0.274998288770277,-0.961444715609493,2.11575428085236E-16));
#12863=DIRECTION('center_axis',(-0.961444715609493,0.274998288770277,-6.77332492611423E-17));
#12864=DIRECTION('ref_axis',(-0.274998288770277,-0.961444715609493,2.11575428085236E-16));
#12865=DIRECTION('',(-6.93889390390723E-18,2.22044604925031E-16,1.));
#12866=DIRECTION('',(-0.274998288770277,-0.961444715609493,2.11575428085236E-16));
#12867=DIRECTION('',(-6.93889390390723E-18,2.22044604925031E-16,1.));
#12868=DIRECTION('',(0.274998288770277,0.961444715609493,-2.11575428085236E-16));
#12869=DIRECTION('',(-6.93889390390723E-18,2.22044604925031E-16,1.));
#12870=DIRECTION('',(-0.274998288770277,-0.961444715609493,2.11575428085236E-16));
#12871=DIRECTION('',(6.93889390390723E-18,-2.22044604925031E-16,-1.));
#12872=DIRECTION('',(-0.274998288770277,-0.961444715609493,2.11575428085236E-16));
#12873=DIRECTION('',(6.93889390390723E-18,-2.22044604925031E-16,-1.));
#12874=DIRECTION('',(0.274998288770277,0.961444715609493,-2.11575428085236E-16));
#12875=DIRECTION('center_axis',(-0.274998288770277,-0.961444715609493,2.11575428085236E-16));
#12876=DIRECTION('ref_axis',(-0.679844078143445,0.194453154804161,-0.707106781186547));
#12877=DIRECTION('center_axis',(0.194453154804162,0.679844078143445,-0.707106781186547));
#12878=DIRECTION('ref_axis',(-0.194453154804157,-0.679844078143444,-0.707106781186548));
#12879=DIRECTION('',(-0.274998288770277,-0.961444715609493,2.11575428085236E-16));
#12880=DIRECTION('center_axis',(-6.93889390390723E-18,2.22044604925031E-16,
1.));
#12881=DIRECTION('ref_axis',(-0.274998288770277,-0.961444715609493,2.11575428085236E-16));
#12882=DIRECTION('',(0.961444715609493,-0.274998288770277,6.77332492611424E-17));
#12883=DIRECTION('',(0.274721127897378,0.961523947640823,-2.11594944320221E-16));
#12884=DIRECTION('',(-1.,-6.93889390390723E-18,-6.93889390390723E-18));
#12885=DIRECTION('center_axis',(-6.93889390390723E-18,2.22044604925031E-16,
1.));
#12886=DIRECTION('ref_axis',(-0.602080439488662,0.798435435326576,0.));
#12887=DIRECTION('',(-0.274998288770277,-0.961444715609493,2.11575428085236E-16));
#12888=DIRECTION('center_axis',(-6.93889390390723E-18,2.22044604925031E-16,
1.));
#12889=DIRECTION('ref_axis',(-0.798435435326572,-0.602080439488668,0.));
#12890=DIRECTION('',(1.,6.93889390390723E-18,6.93889390390723E-18));
#12891=DIRECTION('',(0.274721127897378,0.961523947640823,-2.11594944320221E-16));
#12892=DIRECTION('center_axis',(-0.274721127897378,-0.961523947640823,2.11594944320221E-16));
#12893=DIRECTION('ref_axis',(0.679900103650086,-0.194257172471453,0.707106781186546));
#12894=DIRECTION('center_axis',(-6.93889390390723E-18,1.,-2.22044604925031E-16));
#12895=DIRECTION('ref_axis',(1.,4.88882529433818E-31,3.33595632937286E-16));
#12896=DIRECTION('center_axis',(-0.274998288770277,-0.961444715609493,2.11575428085236E-16));
#12897=DIRECTION('ref_axis',(0.961444715609493,-0.274998288770277,-1.73472340390263E-15));
#12898=DIRECTION('',(-0.274721127897378,-0.961523947640823,2.11594944320221E-16));
#12899=DIRECTION('center_axis',(6.93889390390723E-18,-2.22044604925031E-16,
-1.));
#12900=DIRECTION('ref_axis',(0.274998288770277,0.961444715609493,-2.11575428085236E-16));
#12901=DIRECTION('',(0.961444715609493,-0.274998288770277,6.77332492611424E-17));
#12902=DIRECTION('',(0.274998288770277,0.961444715609493,-2.11575428085236E-16));
#12903=DIRECTION('',(-1.,-6.93889390390723E-18,-6.93889390390723E-18));
#12904=DIRECTION('center_axis',(-0.274998288770277,-0.961444715609493,2.11575428085236E-16));
#12905=DIRECTION('ref_axis',(6.93889390390723E-18,-2.22044604925031E-16,
-1.));
#12906=DIRECTION('center_axis',(-0.274998288770277,-0.961444715609493,2.11575428085236E-16));
#12907=DIRECTION('ref_axis',(0.961444715609493,-0.274998288770277,-1.73472340390263E-15));
#12908=DIRECTION('',(0.961444715609493,-0.274998288770277,6.77332492611424E-17));
#12909=DIRECTION('center_axis',(-0.274998288770277,-0.961444715609493,2.11575428085236E-16));
#12910=DIRECTION('ref_axis',(-0.679844078143447,0.194453154804162,0.707106781186544));
#12911=DIRECTION('center_axis',(-0.274998288770277,-0.961444715609493,2.11575428085236E-16));
#12912=DIRECTION('ref_axis',(-0.679844078143446,0.194453154804156,0.707106781186547));
#12913=DIRECTION('center_axis',(-0.274721127897378,-0.961523947640823,2.11594944320221E-16));
#12914=DIRECTION('ref_axis',(0.679900103650086,-0.194257172471453,0.707106781186546));
#12915=DIRECTION('center_axis',(-6.93889390390723E-18,1.,-2.22044604925031E-16));
#12916=DIRECTION('ref_axis',(1.,4.88882529433818E-31,3.33595632937286E-16));
#12917=DIRECTION('',(-0.274721127897378,-0.961523947640823,2.11594944320221E-16));
#12918=DIRECTION('center_axis',(6.93889390390723E-18,-2.22044604925031E-16,
-1.));
#12919=DIRECTION('ref_axis',(0.274998288770277,0.961444715609493,-2.11575428085236E-16));
#12920=DIRECTION('',(-1.,-6.93889390390723E-18,-6.93889390390723E-18));
#12921=DIRECTION('center_axis',(6.93889390390723E-18,-2.22044604925031E-16,
-1.));
#12922=DIRECTION('ref_axis',(-0.798435435326572,-0.602080439488668,0.));
#12923=DIRECTION('',(0.274998288770277,0.961444715609493,-2.11575428085236E-16));
#12924=DIRECTION('center_axis',(6.93889390390723E-18,-2.22044604925031E-16,
-1.));
#12925=DIRECTION('ref_axis',(-0.602080439488662,0.798435435326576,0.));
#12926=DIRECTION('',(1.,6.93889390390723E-18,6.93889390390723E-18));
#12927=DIRECTION('',(-0.274721127897378,-0.961523947640823,2.11594944320221E-16));
#12928=DIRECTION('',(0.961444715609493,-0.274998288770277,6.77332492611424E-17));
#12929=DIRECTION('',(0.274998288770277,0.961444715609493,-2.11575428085236E-16));
#12930=DIRECTION('center_axis',(0.274998288770277,0.961444715609493,-2.11575428085236E-16));
#12931=DIRECTION('ref_axis',(-0.679844078143446,0.194453154804156,0.707106781186547));
#12932=DIRECTION('center_axis',(-6.93889390390723E-18,1.,-2.22044604925031E-16));
#12933=DIRECTION('ref_axis',(-1.,1.48134013413215E-32,-1.33427257521731E-15));
#12934=DIRECTION('center_axis',(-6.93889390390723E-18,2.22044604925031E-16,
1.));
#12935=DIRECTION('ref_axis',(-0.874297232947605,-0.485390923339282,0.));
#12936=DIRECTION('',(-6.93889390390723E-18,2.22044604925031E-16,1.));
#12937=DIRECTION('center_axis',(0.194453154804161,0.679844078143443,0.707106781186548));
#12938=DIRECTION('ref_axis',(0.194453154804162,0.679844078143444,-0.707106781186547));
#12939=DIRECTION('center_axis',(0.274998288770277,0.961444715609493,-2.11575428085236E-16));
#12940=DIRECTION('ref_axis',(-0.679844078143447,0.194453154804162,0.707106781186544));
#12941=DIRECTION('center_axis',(0.274998288770277,0.961444715609493,-2.11575428085236E-16));
#12942=DIRECTION('ref_axis',(-6.93889390390723E-18,2.22044604925031E-16,
1.));
#12943=DIRECTION('center_axis',(0.274998288770277,0.961444715609493,-2.11575428085236E-16));
#12944=DIRECTION('ref_axis',(0.961444715609493,-0.274998288770277,-1.318389786966E-15));
#12945=DIRECTION('',(6.93889390390723E-18,-2.22044604925031E-16,-1.));
#12946=DIRECTION('center_axis',(0.274998288770277,0.961444715609493,-2.11575428085236E-16));
#12947=DIRECTION('ref_axis',(0.961444715609493,-0.274998288770277,1.04380937053502E-9));
#12948=DIRECTION('center_axis',(-1.,0.,-6.93889390390723E-18));
#12949=DIRECTION('ref_axis',(0.,0.707106781186548,0.707106781186548));
#12950=DIRECTION('center_axis',(0.0100190388961897,-0.999949808170188,2.2210298114793E-16));
#12951=DIRECTION('ref_axis',(0.999949808170188,0.0100190388961897,5.56168383358243E-18));
#12952=DIRECTION('center_axis',(1.,0.,-3.33066907387548E-15));
#12953=DIRECTION('ref_axis',(0.,1.,0.));
#12954=DIRECTION('center_axis',(0.274998288770277,0.961444715609493,-2.11575428085236E-16));
#12955=DIRECTION('ref_axis',(-0.679844078143447,0.194453154804162,-0.707106781186545));
#12956=DIRECTION('center_axis',(-6.93889390390723E-18,1.,-2.22044604925031E-16));
#12957=DIRECTION('ref_axis',(-1.,-1.00731129120986E-30,1.33427257521731E-16));
#12958=DIRECTION('center_axis',(-6.93889390390723E-18,2.22044604925031E-16,
1.));
#12959=DIRECTION('ref_axis',(-0.602080439488667,0.798435435326573,0.));
#12960=DIRECTION('center_axis',(-2.30948905662527E-15,0.,-1.));
#12961=DIRECTION('ref_axis',(-0.961444715609495,0.274998288770273,2.22044604925032E-15));
#12962=DIRECTION('center_axis',(0.,0.,1.));
#12963=DIRECTION('ref_axis',(1.,0.,0.));
#12964=DIRECTION('center_axis',(0.0100190388961897,-0.999949808170188,2.2210298114793E-16));
#12965=DIRECTION('ref_axis',(0.,-2.22114129462515E-16,-1.));
#12966=DIRECTION('center_axis',(0.274998288770277,0.961444715609493,-2.11575428085236E-16));
#12967=DIRECTION('ref_axis',(-0.679844078143445,0.194453154804162,0.707106781186547));
#12968=DIRECTION('center_axis',(-0.274998288770277,-0.961444715609493,2.11575428085236E-16));
#12969=DIRECTION('ref_axis',(-0.679844078143444,0.194453154804162,0.707106781186547));
#12970=DIRECTION('center_axis',(-0.0100190388961897,0.999949808170188,-2.2210298114793E-16));
#12971=DIRECTION('ref_axis',(-0.999949808170189,-0.0100190388961897,-9.97786478844748E-16));
#12972=DIRECTION('center_axis',(-6.93889390390723E-18,1.,-2.22044604925031E-16));
#12973=DIRECTION('ref_axis',(-1.,1.48134013413215E-32,-1.00070443141298E-15));
#12974=DIRECTION('center_axis',(-0.0100190388961897,0.999949808170188,-2.2210298114793E-16));
#12975=DIRECTION('ref_axis',(-0.999949808170188,-0.0100190388961897,-4.71387209469235E-18));
#12976=DIRECTION('center_axis',(-0.274721127897378,0.961523947640823,-2.15407465839505E-16));
#12977=DIRECTION('ref_axis',(-0.679900103650088,-0.194257172471454,-0.707106781186545));
#12978=DIRECTION('center_axis',(-6.93889390390723E-18,1.,-2.22044604925031E-16));
#12979=DIRECTION('ref_axis',(-1.,-4.88882529433818E-31,2.00157379762372E-15));
#12980=DIRECTION('',(-0.274721127897378,0.961523947640823,-2.15407465839505E-16));
#12981=DIRECTION('center_axis',(-0.798348648116026,0.602195513144456,0.));
#12982=DIRECTION('ref_axis',(-0.602195513144456,-0.798348648116026,8.30948485140734E-16));
#12983=DIRECTION('center_axis',(-0.274721127897378,0.961523947640823,-2.15407465839505E-16));
#12984=DIRECTION('ref_axis',(-0.679900103650088,-0.194257172471454,0.707106781186545));
#12985=DIRECTION('center_axis',(-6.93889390390723E-18,1.,-2.22044604925031E-16));
#12986=DIRECTION('ref_axis',(-1.,4.88882529433818E-31,-2.00157379762372E-15));
#12987=DIRECTION('center_axis',(-6.93889390390723E-18,1.,-2.22044604925031E-16));
#12988=DIRECTION('ref_axis',(-1.,4.88882529433818E-31,-2.00157379762372E-15));
#12989=DIRECTION('',(0.274721127897378,-0.961523947640823,2.15407465839505E-16));
#12990=DIRECTION('center_axis',(-0.961523947640823,-0.274721127897378,5.43284316497866E-17));
#12991=DIRECTION('ref_axis',(0.274721127897378,-0.961523947640823,2.15407465839505E-16));
#12992=DIRECTION('',(-6.93889390390723E-18,2.22044604925031E-16,1.));
#12993=DIRECTION('',(-6.93889390390723E-18,2.22044604925031E-16,1.));
#12994=DIRECTION('center_axis',(0.274721127897378,-0.961523947640823,2.15407465839505E-16));
#12995=DIRECTION('ref_axis',(-0.679900103650087,-0.194257172471453,0.707106781186545));
#12996=DIRECTION('center_axis',(-6.93889390390723E-18,1.,-2.22044604925031E-16));
#12997=DIRECTION('ref_axis',(-1.,1.00739430307575E-30,1.20094427857423E-15));
#12998=DIRECTION('center_axis',(-0.798348648116026,0.602195513144456,0.));
#12999=DIRECTION('ref_axis',(-0.602195513144456,-0.798348648116026,6.09362222436539E-16));
#13000=DIRECTION('',(0.274721127897378,-0.961523947640823,2.15407465839505E-16));
#13001=DIRECTION('center_axis',(6.93889390390723E-18,-1.,2.22044604925031E-16));
#13002=DIRECTION('ref_axis',(1.,6.93889390390723E-18,6.93889390390723E-18));
#13003=DIRECTION('',(-6.93889390390723E-18,2.22044604925031E-16,1.));
#13004=DIRECTION('center_axis',(-6.93889390390723E-18,1.,-2.22044604925031E-16));
#13005=DIRECTION('ref_axis',(-1.,-7.25916483098699E-31,-6.67191265874572E-17));
#13006=DIRECTION('',(1.,6.93889390390723E-18,6.93889390390723E-18));
#13007=DIRECTION('center_axis',(-6.93889390390723E-18,1.,-2.22044604925031E-16));
#13008=DIRECTION('ref_axis',(1.,-7.25916483098699E-31,-1.13422515198677E-15));
#13009=DIRECTION('center_axis',(0.274721127897378,-0.961523947640823,2.15407465839505E-16));
#13010=DIRECTION('ref_axis',(-0.679900103650087,-0.194257172471453,-0.707106781186545));
#13011=DIRECTION('',(-0.274721127897378,0.961523947640823,-2.15407465839505E-16));
#13012=DIRECTION('center_axis',(-6.93889390390723E-18,1.,-2.22044604925031E-16));
#13013=DIRECTION('ref_axis',(-1.,-7.25916483098699E-31,-6.67191265874572E-17));
#13014=DIRECTION('',(0.274721127897378,-0.961523947640823,2.15407465839505E-16));
#13015=DIRECTION('center_axis',(-6.93889390390723E-18,2.22044604925031E-16,
1.));
#13016=DIRECTION('ref_axis',(-0.274721127897378,0.961523947640823,-2.15407465839505E-16));
#13017=DIRECTION('',(1.,6.93889390390723E-18,6.93889390390723E-18));
#13018=DIRECTION('center_axis',(-6.93889390390723E-18,2.22044604925031E-16,
1.));
#13019=DIRECTION('ref_axis',(0.798348648116028,-0.602195513144453,0.));
#13020=DIRECTION('',(-0.274721127897378,0.961523947640823,-2.15407465839505E-16));
#13021=DIRECTION('center_axis',(-6.93889390390723E-18,2.22044604925031E-16,
1.));
#13022=DIRECTION('ref_axis',(0.602195513144455,0.798348648116026,0.));
#13023=DIRECTION('',(-1.,-6.93889390390723E-18,-6.93889390390723E-18));
#13024=DIRECTION('',(0.274721127897378,-0.961523947640823,2.15407465839505E-16));
#13025=DIRECTION('',(-0.961523947640823,-0.274721127897378,5.43284316497866E-17));
#13026=DIRECTION('',(-0.274721127897378,0.961523947640823,-2.15407465839505E-16));
#13027=DIRECTION('center_axis',(0.274721127897378,-0.961523947640823,2.15407465839505E-16));
#13028=DIRECTION('ref_axis',(-0.679900103650087,-0.194257172471453,-0.707106781186545));
#13029=DIRECTION('center_axis',(-0.194257172471452,0.679900103650083,-0.70710678118655));
#13030=DIRECTION('ref_axis',(0.194257172471453,-0.679900103650087,-0.707106781186545));
#13031=DIRECTION('center_axis',(6.93889390390723E-18,-1.,2.22044604925031E-16));
#13032=DIRECTION('ref_axis',(-1.,-7.25916483098699E-31,-6.67191265874572E-17));
#13033=DIRECTION('',(-0.274721127897378,0.961523947640823,-2.15407465839505E-16));
#13034=DIRECTION('center_axis',(-0.274721127897378,0.961523947640823,-2.15407465839505E-16));
#13035=DIRECTION('ref_axis',(0.679900103650086,0.194257172471453,-0.707106781186546));
#13036=DIRECTION('center_axis',(-0.194257172471458,0.679900103650085,-0.707106781186546));
#13037=DIRECTION('ref_axis',(0.194257172471448,-0.679900103650085,-0.707106781186549));
#13038=DIRECTION('center_axis',(-6.93889390390723E-18,2.22044604925031E-16,
1.));
#13039=DIRECTION('ref_axis',(0.707106781186549,-0.707106781186546,0.));
#13040=DIRECTION('',(6.93889390390723E-18,-2.22044604925031E-16,-1.));
#13041=DIRECTION('center_axis',(6.93889390390723E-18,-1.,2.22044604925031E-16));
#13042=DIRECTION('ref_axis',(1.,6.93889390390723E-18,6.93889390390723E-18));
#13043=DIRECTION('',(-1.,-6.93889390390723E-18,-6.93889390390723E-18));
#13044=DIRECTION('',(-6.93889390390723E-18,2.22044604925031E-16,1.));
#13045=DIRECTION('',(1.,6.93889390390723E-18,6.93889390390723E-18));
#13046=DIRECTION('',(-6.93889390390723E-18,2.22044604925031E-16,1.));
#13047=DIRECTION('center_axis',(-0.274721127897378,-0.961523947640823,2.11594944320221E-16));
#13048=DIRECTION('ref_axis',(0.679900103650086,-0.194257172471451,0.707106781186547));
#13049=DIRECTION('center_axis',(6.93889390390723E-18,-1.,2.22044604925031E-16));
#13050=DIRECTION('ref_axis',(1.,4.88882529433818E-31,7.33910392462029E-16));
#13051=DIRECTION('',(0.274721127897378,0.961523947640823,-2.11594944320221E-16));
#13052=DIRECTION('center_axis',(-0.274721127897378,0.961523947640823,-2.15407465839505E-16));
#13053=DIRECTION('ref_axis',(-0.679900103650088,-0.194257172471454,0.707106781186545));
#13054=DIRECTION('center_axis',(6.93889390390723E-18,-1.,2.22044604925031E-16));
#13055=DIRECTION('ref_axis',(-1.,1.00739430307575E-30,1.33438253174914E-16));
#13056=DIRECTION('center_axis',(-0.194257172471453,0.679900103650085,0.707106781186547));
#13057=DIRECTION('ref_axis',(0.194257172471453,-0.679900103650085,0.707106781186548));
#13058=DIRECTION('',(0.274721127897378,-0.961523947640823,2.15407465839505E-16));
#13059=DIRECTION('center_axis',(1.,6.93889390390723E-18,6.93889390390723E-18));
#13060=DIRECTION('ref_axis',(0.,-0.707106781186548,-0.707106781186548));
#13061=DIRECTION('center_axis',(0.798348648116024,0.602195513144457,2.21586262704197E-15));
#13062=DIRECTION('ref_axis',(-0.602195513144457,0.798348648116024,2.926112865911E-15));
#13063=DIRECTION('center_axis',(-0.798348648116024,0.602195513144457,0.));
#13064=DIRECTION('ref_axis',(-0.602195513144457,-0.798348648116024,-1.15226595888679E-17));
#13065=DIRECTION('center_axis',(0.274721127897378,0.961523947640823,-2.11594944320221E-16));
#13066=DIRECTION('ref_axis',(0.679900103650087,-0.194257172471454,-0.707106781186545));
#13067=DIRECTION('',(-0.274721127897378,-0.961523947640823,2.11594944320221E-16));
#13068=DIRECTION('center_axis',(0.602195513144455,-0.798348648116026,0.));
#13069=DIRECTION('ref_axis',(0.798348648116026,0.602195513144455,-2.08928538755916E-16));
#13070=DIRECTION('center_axis',(0.274721127897378,-0.961523947640823,2.15407465839505E-16));
#13071=DIRECTION('ref_axis',(-0.679900103650088,-0.194257172471454,-0.707106781186545));
#13072=DIRECTION('center_axis',(-0.602195513144452,-0.798348648116028,0.));
#13073=DIRECTION('ref_axis',(-0.798348648116028,0.602195513144452,-1.67142831004733E-16));
#13074=DIRECTION('',(-0.274721127897378,0.961523947640823,-2.15407465839505E-16));
#13075=DIRECTION('center_axis',(0.961523947640823,-0.274721127897378,6.7672256967278E-17));
#13076=DIRECTION('ref_axis',(0.274721127897378,0.961523947640823,-2.11594944320221E-16));
#13077=DIRECTION('',(-6.93889390390723E-18,2.22044604925031E-16,1.));
#13078=DIRECTION('',(0.274721127897378,0.961523947640823,-2.11594944320221E-16));
#13079=DIRECTION('',(-6.93889390390723E-18,2.22044604925031E-16,1.));
#13080=DIRECTION('',(-0.274721127897378,-0.961523947640823,2.11594944320221E-16));
#13081=DIRECTION('center_axis',(-0.961523947640823,-0.274721127897378,5.43284316497866E-17));
#13082=DIRECTION('ref_axis',(0.274721127897378,-0.961523947640823,2.15407465839505E-16));
#13083=DIRECTION('',(-6.93889390390723E-18,2.22044604925031E-16,1.));
#13084=DIRECTION('center_axis',(0.961523947640823,0.274721127897378,-5.43284316497866E-17));
#13085=DIRECTION('ref_axis',(-0.274721127897378,0.961523947640823,-1.33438253174914E-16));
#13086=DIRECTION('center_axis',(0.961523947640823,0.274721127897378,-5.43284316497866E-17));
#13087=DIRECTION('ref_axis',(0.274721127897378,-0.961523947640823,0.));
#13088=DIRECTION('',(-6.93889390390723E-18,2.22044604925031E-16,1.));
#13089=DIRECTION('',(6.93889390390723E-18,-2.22044604925031E-16,-1.));
#13090=DIRECTION('center_axis',(6.93889390390723E-18,-2.22044604925031E-16,
-1.));
#13091=DIRECTION('ref_axis',(-0.485642931178632,-0.874157276121538,0.));
#13092=DIRECTION('',(-6.93889390390723E-18,2.22044604925031E-16,1.));
#13093=DIRECTION('center_axis',(-0.274721127897378,0.961523947640823,-2.15407465839505E-16));
#13094=DIRECTION('ref_axis',(6.93889390390723E-18,-2.22044604925031E-16,
-1.));
#13095=DIRECTION('',(6.93889390390723E-18,-2.22044604925031E-16,-1.));
#13096=DIRECTION('center_axis',(6.93889390390723E-18,-2.22044604925031E-16,
-1.));
#13097=DIRECTION('ref_axis',(0.874157276121538,-0.485642931178632,0.));
#13098=DIRECTION('center_axis',(1.,6.93889390390723E-18,6.93889390390723E-18));
#13099=DIRECTION('ref_axis',(0.,-0.707106781186547,0.707106781186548));
#13100=DIRECTION('center_axis',(-0.798348648116025,-0.602195513144456,0.));
#13101=DIRECTION('ref_axis',(0.602195513144456,-0.798348648116025,-5.53965656760487E-17));
#13102=DIRECTION('center_axis',(0.274721127897378,0.961523947640823,-2.11594944320221E-16));
#13103=DIRECTION('ref_axis',(0.679900103650085,-0.194257172471454,-0.707106781186547));
#13104=DIRECTION('center_axis',(6.93889390390723E-18,-1.,2.22044604925031E-16));
#13105=DIRECTION('ref_axis',(1.,2.51848575768936E-31,1.93485467103626E-15));
#13106=DIRECTION('center_axis',(0.274721127897378,0.961523947640823,-2.11594944320221E-16));
#13107=DIRECTION('ref_axis',(0.679900103650086,-0.194257172471454,-0.707106781186546));
#13108=DIRECTION('center_axis',(-6.93889390390723E-18,1.,-2.22044604925031E-16));
#13109=DIRECTION('ref_axis',(1.,-1.48146221040551E-32,1.80141641786134E-15));
#13110=DIRECTION('center_axis',(0.274721127897378,0.961523947640823,-2.11594944320221E-16));
#13111=DIRECTION('ref_axis',(0.679900103650087,-0.194257172471453,0.707106781186545));
#13112=DIRECTION('center_axis',(-6.93889390390723E-18,1.,-2.22044604925031E-16));
#13113=DIRECTION('ref_axis',(1.,1.00739430307575E-30,1.20094427857423E-15));
#13114=DIRECTION('center_axis',(0.798348648116029,0.602195513144451,0.));
#13115=DIRECTION('ref_axis',(0.602195513144451,-0.798348648116029,3.87775959732341E-16));
#13116=DIRECTION('center_axis',(6.93889390390723E-18,-1.,2.22044604925031E-16));
#13117=DIRECTION('ref_axis',(1.,6.93889390390723E-18,6.93889390390723E-18));
#13118=DIRECTION('',(1.,6.93889390390723E-18,6.93889390390723E-18));
#13119=DIRECTION('center_axis',(0.274721127897378,0.961523947640823,-2.11594944320221E-16));
#13120=DIRECTION('ref_axis',(0.679900103650088,-0.194257172471453,0.707106781186545));
#13121=DIRECTION('center_axis',(0.602195513144453,-0.798348648116028,0.));
#13122=DIRECTION('ref_axis',(0.798348648116028,0.602195513144453,-2.507142465071E-16));
#13123=DIRECTION('center_axis',(6.93889390390723E-18,-2.22044604925031E-16,
-1.));
#13124=DIRECTION('ref_axis',(-0.798435435326572,-0.602080439488668,0.));
#13125=DIRECTION('',(6.93889390390723E-18,-2.22044604925031E-16,-1.));
#13126=DIRECTION('',(-6.93889390390723E-18,2.22044604925031E-16,1.));
#13127=DIRECTION('center_axis',(0.961444715609493,-0.274998288770277,6.77332492611424E-17));
#13128=DIRECTION('ref_axis',(0.274998288770277,0.961444715609493,-2.11575428085236E-16));
#13129=DIRECTION('',(-6.93889390390723E-18,2.22044604925031E-16,1.));
#13130=DIRECTION('center_axis',(-1.,-6.93889390390723E-18,-6.93889390390723E-18));
#13131=DIRECTION('ref_axis',(0.,-0.707106781186551,-0.707106781186544));
#13132=DIRECTION('',(-1.,-6.93889390390723E-18,-6.93889390390723E-18));
#13133=DIRECTION('center_axis',(6.93889390390723E-18,-1.,2.22044604925031E-16));
#13134=DIRECTION('ref_axis',(1.,6.93889390390723E-18,6.93889390390723E-18));
#13135=DIRECTION('',(6.93889390390723E-18,-2.22044604925031E-16,-1.));
#13136=DIRECTION('',(-6.93889390390723E-18,2.22044604925031E-16,1.));
#13137=DIRECTION('',(1.,6.93889390390723E-18,6.93889390390723E-18));
#13138=DIRECTION('',(0.999999283600311,6.67310248093503E-18,-0.00119699576596558));
#13139=DIRECTION('',(0.498963013058607,-1.88966772693757E-16,-0.866623281247092));
#13140=DIRECTION('',(-0.501036270541703,-1.95639875174693E-16,-0.865426285481127));
#13141=DIRECTION('',(-0.999999283600311,-6.67310248093503E-18,0.00119699576596558));
#13142=DIRECTION('',(-0.498963013058608,1.88966772693757E-16,0.866623281247091));
#13143=DIRECTION('',(0.501036270541706,1.95639875174692E-16,0.865426285481125));
#13144=DIRECTION('',(0.999999283600311,6.67310248093503E-18,-0.00119699576596558));
#13145=DIRECTION('',(0.498963013058609,-1.88966772693757E-16,-0.866623281247091));
#13146=DIRECTION('',(-0.501036270541705,-1.95639875174692E-16,-0.865426285481126));
#13147=DIRECTION('',(-0.999999283600311,-6.67310248093503E-18,0.00119699576596558));
#13148=DIRECTION('',(-0.498963013058608,1.88966772693757E-16,0.866623281247091));
#13149=DIRECTION('',(0.501036270541706,1.95639875174692E-16,0.865426285481125));
#13150=DIRECTION('',(0.999999283600311,6.67310248093503E-18,-0.00119699576596558));
#13151=DIRECTION('',(0.498963013058609,-1.88966772693757E-16,-0.866623281247091));
#13152=DIRECTION('',(-0.501036270541705,-1.95639875174692E-16,-0.865426285481126));
#13153=DIRECTION('',(-0.999999283600311,-6.67310248093503E-18,0.00119699576596558));
#13154=DIRECTION('',(-0.498963013058608,1.88966772693757E-16,0.866623281247091));
#13155=DIRECTION('',(0.501036270541706,1.95639875174692E-16,0.865426285481125));
#13156=DIRECTION('',(0.999999283600311,6.67310248093503E-18,-0.00119699576596558));
#13157=DIRECTION('',(0.498963013058609,-1.88966772693757E-16,-0.866623281247091));
#13158=DIRECTION('',(-0.501036270541705,-1.95639875174692E-16,-0.865426285481126));
#13159=DIRECTION('',(-0.999999283600311,-6.67310248093503E-18,0.00119699576596558));
#13160=DIRECTION('',(-0.498963013058608,1.88966772693757E-16,0.866623281247091));
#13161=DIRECTION('',(0.501036270541706,1.95639875174692E-16,0.865426285481125));
#13162=DIRECTION('',(0.999999283600311,6.67310248093503E-18,-0.00119699576596558));
#13163=DIRECTION('',(0.498963013058609,-1.88966772693757E-16,-0.866623281247091));
#13164=DIRECTION('',(-0.501036270541705,-1.95639875174692E-16,-0.865426285481126));
#13165=DIRECTION('',(-0.999999283600311,-6.67310248093503E-18,0.00119699576596558));
#13166=DIRECTION('',(-0.498963013058608,1.88966772693757E-16,0.866623281247091));
#13167=DIRECTION('',(0.501036270541706,1.95639875174692E-16,0.865426285481125));
#13168=DIRECTION('',(0.999999283600311,6.67310248093503E-18,-0.00119699576596558));
#13169=DIRECTION('',(0.498963013058609,-1.88966772693757E-16,-0.866623281247091));
#13170=DIRECTION('',(-0.501036270541705,-1.95639875174692E-16,-0.865426285481126));
#13171=DIRECTION('',(-0.999999283600311,-6.67310248093503E-18,0.00119699576596558));
#13172=DIRECTION('',(-0.498963013058608,1.88966772693757E-16,0.866623281247091));
#13173=DIRECTION('',(0.501036270541706,1.95639875174692E-16,0.865426285481125));
#13174=DIRECTION('',(0.999999283600311,6.67310248093503E-18,-0.00119699576596558));
#13175=DIRECTION('',(0.498963013058609,-1.88966772693757E-16,-0.866623281247091));
#13176=DIRECTION('',(-0.501036270541705,-1.95639875174692E-16,-0.865426285481126));
#13177=DIRECTION('',(-0.999999283600311,-6.67310248093503E-18,0.00119699576596558));
#13178=DIRECTION('',(-0.498963013058608,1.88966772693757E-16,0.866623281247091));
#13179=DIRECTION('',(0.501036270541706,1.95639875174692E-16,0.865426285481125));
#13180=DIRECTION('',(0.999999283600311,6.67310248093503E-18,-0.00119699576596558));
#13181=DIRECTION('',(0.498963013058609,-1.88966772693757E-16,-0.866623281247091));
#13182=DIRECTION('',(-0.501036270541705,-1.95639875174692E-16,-0.865426285481126));
#13183=DIRECTION('',(-0.999999283600311,-6.67310248093503E-18,0.00119699576596558));
#13184=DIRECTION('',(-0.498963013058608,1.88966772693757E-16,0.866623281247091));
#13185=DIRECTION('',(0.501036270541706,1.95639875174692E-16,0.865426285481125));
#13186=DIRECTION('',(0.999999283600311,6.67310248093503E-18,-0.00119699576596558));
#13187=DIRECTION('',(0.498963013058609,-1.88966772693757E-16,-0.866623281247091));
#13188=DIRECTION('',(-0.501036270541705,-1.95639875174692E-16,-0.865426285481126));
#13189=DIRECTION('',(-0.999999283600311,-6.67310248093503E-18,0.00119699576596558));
#13190=DIRECTION('',(-0.498963013058608,1.88966772693757E-16,0.866623281247091));
#13191=DIRECTION('',(0.501036270541706,1.95639875174692E-16,0.865426285481125));
#13192=DIRECTION('',(0.999999283600311,6.67310248093503E-18,-0.00119699576596558));
#13193=DIRECTION('',(0.498963013058609,-1.88966772693757E-16,-0.866623281247091));
#13194=DIRECTION('',(-0.501036270541705,-1.95639875174692E-16,-0.865426285481126));
#13195=DIRECTION('',(-0.999999283600311,-6.67310248093503E-18,0.00119699576596558));
#13196=DIRECTION('',(-0.498963013058606,1.88966772693757E-16,0.866623281247093));
#13197=DIRECTION('',(0.501036270541704,1.95639875174692E-16,0.865426285481127));
#13198=DIRECTION('',(0.999999283600311,6.67310248093503E-18,-0.00119699576596558));
#13199=DIRECTION('',(0.498963013058609,-1.88966772693757E-16,-0.866623281247091));
#13200=DIRECTION('',(-0.501036270541705,-1.95639875174692E-16,-0.865426285481126));
#13201=DIRECTION('',(-0.999999283600311,-6.67310248093503E-18,0.00119699576596558));
#13202=DIRECTION('',(-0.498963013058606,1.88966772693757E-16,0.866623281247093));
#13203=DIRECTION('',(0.501036270541704,1.95639875174692E-16,0.865426285481127));
#13204=DIRECTION('',(0.999999283600311,6.67310248093503E-18,-0.00119699576596558));
#13205=DIRECTION('',(0.498963013058609,-1.88966772693757E-16,-0.866623281247091));
#13206=DIRECTION('',(-0.501036270541705,-1.95639875174692E-16,-0.865426285481126));
#13207=DIRECTION('',(-0.999999283600311,-6.67310248093503E-18,0.00119699576596558));
#13208=DIRECTION('',(-0.498963013058606,1.88966772693757E-16,0.866623281247093));
#13209=DIRECTION('',(0.501036270541704,1.95639875174692E-16,0.865426285481127));
#13210=DIRECTION('',(0.999999283600311,6.67310248093503E-18,-0.00119699576596558));
#13211=DIRECTION('',(0.498963013058608,-1.88966772693757E-16,-0.866623281247091));
#13212=DIRECTION('',(-0.501036270541704,-1.95639875174692E-16,-0.865426285481127));
#13213=DIRECTION('',(-0.999999283600311,-6.67310248093503E-18,0.00119699576596558));
#13214=DIRECTION('',(-0.498963013058606,1.88966772693757E-16,0.866623281247093));
#13215=DIRECTION('',(0.501036270541704,1.95639875174692E-16,0.865426285481127));
#13216=DIRECTION('',(0.999999283600311,6.67310248093503E-18,-0.00119699576596558));
#13217=DIRECTION('',(0.498963013058609,-1.88966772693757E-16,-0.866623281247091));
#13218=DIRECTION('',(-0.501036270541705,-1.95639875174692E-16,-0.865426285481126));
#13219=DIRECTION('',(-0.999999283600311,-6.67310248093503E-18,0.00119699576596558));
#13220=DIRECTION('',(-0.498963013058606,1.88966772693757E-16,0.866623281247093));
#13221=DIRECTION('',(0.501036270541704,1.95639875174692E-16,0.865426285481127));
#13222=DIRECTION('',(0.999999283600311,6.67310248093503E-18,-0.00119699576596558));
#13223=DIRECTION('',(0.498963013058609,-1.88966772693757E-16,-0.866623281247091));
#13224=DIRECTION('',(-0.501036270541705,-1.95639875174692E-16,-0.865426285481126));
#13225=DIRECTION('',(-0.999999283600311,-6.67310248093503E-18,0.00119699576596558));
#13226=DIRECTION('',(-0.498963013058606,1.88966772693757E-16,0.866623281247093));
#13227=DIRECTION('',(0.501036270541704,1.95639875174692E-16,0.865426285481127));
#13228=DIRECTION('',(0.999999283600311,6.67310248093503E-18,-0.00119699576596558));
#13229=DIRECTION('',(0.498963013058608,-1.88966772693757E-16,-0.866623281247091));
#13230=DIRECTION('',(-0.501036270541704,-1.95639875174692E-16,-0.865426285481127));
#13231=DIRECTION('',(-0.999999283600311,-6.67310248093503E-18,0.00119699576596558));
#13232=DIRECTION('',(-0.498963013058607,1.88966772693757E-16,0.866623281247092));
#13233=DIRECTION('',(0.501036270541704,1.95639875174692E-16,0.865426285481126));
#13234=DIRECTION('',(0.999999283600311,6.67310248093503E-18,-0.00119699576596558));
#13235=DIRECTION('',(0.498963013058609,-1.88966772693757E-16,-0.866623281247091));
#13236=DIRECTION('',(-0.501036270541704,-1.95639875174692E-16,-0.865426285481127));
#13237=DIRECTION('',(-0.999999283600311,-6.67310248093503E-18,0.00119699576596558));
#13238=DIRECTION('',(-0.498963013058607,1.88966772693757E-16,0.866623281247092));
#13239=DIRECTION('',(0.501036270541704,1.95639875174692E-16,0.865426285481126));
#13240=DIRECTION('',(0.999999283600311,6.67310248093503E-18,-0.00119699576596558));
#13241=DIRECTION('',(0.498963013058609,-1.88966772693757E-16,-0.866623281247091));
#13242=DIRECTION('',(-0.501036270541704,-1.95639875174692E-16,-0.865426285481127));
#13243=DIRECTION('',(-0.999999283600311,-6.67310248093503E-18,0.00119699576596558));
#13244=DIRECTION('',(-0.498963013058607,1.88966772693757E-16,0.866623281247092));
#13245=DIRECTION('',(0.501036270541704,1.95639875174692E-16,0.865426285481126));
#13246=DIRECTION('',(0.999999283600311,6.67310248093503E-18,-0.00119699576596558));
#13247=DIRECTION('',(0.498963013058609,-1.88966772693757E-16,-0.866623281247091));
#13248=DIRECTION('',(-0.501036270541704,-1.95639875174692E-16,-0.865426285481127));
#13249=DIRECTION('',(-0.999999283600311,-6.67310248093503E-18,0.00119699576596558));
#13250=DIRECTION('',(-0.498963013058607,1.88966772693757E-16,0.866623281247092));
#13251=DIRECTION('',(0.501036270541704,1.95639875174692E-16,0.865426285481126));
#13252=DIRECTION('',(0.498963013058609,-1.88966772693757E-16,-0.866623281247091));
#13253=DIRECTION('',(-0.501036270541704,-1.95639875174692E-16,-0.865426285481127));
#13254=DIRECTION('',(-0.999999283600311,-6.67310248093503E-18,0.00119699576596558));
#13255=DIRECTION('',(-0.498963013058607,1.88966772693757E-16,0.866623281247092));
#13256=DIRECTION('',(0.501036270541704,1.95639875174692E-16,0.865426285481126));
#13257=DIRECTION('',(0.999999283600311,6.67310248093503E-18,-0.00119699576596558));
#13258=DIRECTION('',(0.999999283600311,6.67310248093503E-18,-0.00119699576596558));
#13259=DIRECTION('',(0.498963013058609,-1.88966772693757E-16,-0.866623281247091));
#13260=DIRECTION('',(-0.501036270541704,-1.95639875174692E-16,-0.865426285481127));
#13261=DIRECTION('',(-0.999999283600311,-6.67310248093503E-18,0.00119699576596558));
#13262=DIRECTION('',(-0.498963013058607,1.88966772693757E-16,0.866623281247092));
#13263=DIRECTION('',(0.501036270541704,1.95639875174692E-16,0.865426285481126));
#13264=DIRECTION('',(0.999999283600311,6.67310248093503E-18,-0.00119699576596558));
#13265=DIRECTION('',(0.498963013058609,-1.88966772693757E-16,-0.866623281247091));
#13266=DIRECTION('',(-0.501036270541704,-1.95639875174692E-16,-0.865426285481127));
#13267=DIRECTION('',(-0.999999283600311,-6.67310248093503E-18,0.00119699576596558));
#13268=DIRECTION('',(-0.498963013058607,1.88966772693757E-16,0.866623281247092));
#13269=DIRECTION('',(0.501036270541704,1.95639875174692E-16,0.865426285481126));
#13270=DIRECTION('',(0.999999283600311,6.67310248093503E-18,-0.00119699576596558));
#13271=DIRECTION('',(0.498963013058608,-1.88966772693757E-16,-0.866623281247091));
#13272=DIRECTION('',(-0.501036270541704,-1.95639875174692E-16,-0.865426285481127));
#13273=DIRECTION('',(-0.999999283600311,-6.67310248093503E-18,0.00119699576596558));
#13274=DIRECTION('',(-0.498963013058607,1.88966772693757E-16,0.866623281247092));
#13275=DIRECTION('',(0.501036270541704,1.95639875174692E-16,0.865426285481126));
#13276=DIRECTION('',(0.999999283600311,6.67310248093503E-18,-0.00119699576596558));
#13277=DIRECTION('',(0.498963013058608,-1.88966772693757E-16,-0.866623281247091));
#13278=DIRECTION('',(-0.501036270541704,-1.95639875174692E-16,-0.865426285481127));
#13279=DIRECTION('',(-0.999999283600311,-6.67310248093503E-18,0.00119699576596558));
#13280=DIRECTION('',(-0.498963013058607,1.88966772693757E-16,0.866623281247092));
#13281=DIRECTION('',(0.501036270541704,1.95639875174692E-16,0.865426285481126));
#13282=DIRECTION('',(0.999999283600311,6.67310248093503E-18,-0.00119699576596558));
#13283=DIRECTION('',(0.498963013058609,-1.88966772693757E-16,-0.866623281247091));
#13284=DIRECTION('',(-0.501036270541705,-1.95639875174692E-16,-0.865426285481126));
#13285=DIRECTION('',(-0.999999283600311,-6.67310248093503E-18,0.00119699576596558));
#13286=DIRECTION('',(-0.498963013058606,1.88966772693757E-16,0.866623281247093));
#13287=DIRECTION('',(0.501036270541704,1.95639875174692E-16,0.865426285481127));
#13288=DIRECTION('',(0.999999283600311,6.67310248093503E-18,-0.00119699576596558));
#13289=DIRECTION('',(0.498963013058608,-1.88966772693757E-16,-0.866623281247091));
#13290=DIRECTION('',(-0.501036270541704,-1.95639875174692E-16,-0.865426285481127));
#13291=DIRECTION('',(-0.999999283600311,-6.67310248093503E-18,0.00119699576596558));
#13292=DIRECTION('',(-0.498963013058606,1.88966772693757E-16,0.866623281247093));
#13293=DIRECTION('',(0.501036270541704,1.95639875174692E-16,0.865426285481127));
#13294=DIRECTION('',(0.999999283600311,6.67310248093503E-18,-0.00119699576596558));
#13295=DIRECTION('',(0.498963013058608,-1.88966772693757E-16,-0.866623281247091));
#13296=DIRECTION('',(-0.501036270541704,-1.95639875174692E-16,-0.865426285481127));
#13297=DIRECTION('',(-0.999999283600311,-6.67310248093503E-18,0.00119699576596558));
#13298=DIRECTION('',(-0.498963013058606,1.88966772693757E-16,0.866623281247093));
#13299=DIRECTION('',(0.501036270541704,1.95639875174692E-16,0.865426285481127));
#13300=DIRECTION('',(0.999999283600311,6.67310248093503E-18,-0.00119699576596558));
#13301=DIRECTION('',(0.498963013058609,-1.88966772693757E-16,-0.866623281247091));
#13302=DIRECTION('',(-0.501036270541705,-1.95639875174692E-16,-0.865426285481126));
#13303=DIRECTION('',(-0.999999283600311,-6.67310248093503E-18,0.00119699576596558));
#13304=DIRECTION('',(-0.498963013058606,1.88966772693757E-16,0.866623281247093));
#13305=DIRECTION('',(0.501036270541704,1.95639875174692E-16,0.865426285481127));
#13306=DIRECTION('',(0.999999283600311,6.67310248093503E-18,-0.00119699576596558));
#13307=DIRECTION('',(0.498963013058609,-1.88966772693757E-16,-0.866623281247091));
#13308=DIRECTION('',(-0.501036270541705,-1.95639875174692E-16,-0.865426285481126));
#13309=DIRECTION('',(-0.999999283600311,-6.67310248093503E-18,0.00119699576596558));
#13310=DIRECTION('',(-0.498963013058606,1.88966772693757E-16,0.866623281247093));
#13311=DIRECTION('',(0.501036270541704,1.95639875174692E-16,0.865426285481127));
#13312=DIRECTION('',(0.999999283600311,6.67310248093503E-18,-0.00119699576596558));
#13313=DIRECTION('',(0.498963013058609,-1.88966772693757E-16,-0.866623281247091));
#13314=DIRECTION('',(-0.501036270541705,-1.95639875174692E-16,-0.865426285481126));
#13315=DIRECTION('',(-0.999999283600311,-6.67310248093503E-18,0.00119699576596558));
#13316=DIRECTION('',(-0.498963013058606,1.88966772693757E-16,0.866623281247093));
#13317=DIRECTION('',(0.501036270541704,1.95639875174692E-16,0.865426285481127));
#13318=DIRECTION('',(0.999999283600311,6.67310248093503E-18,-0.00119699576596558));
#13319=DIRECTION('',(0.498963013058609,-1.88966772693757E-16,-0.866623281247091));
#13320=DIRECTION('',(-0.501036270541705,-1.95639875174692E-16,-0.865426285481126));
#13321=DIRECTION('',(-0.999999283600311,-6.67310248093503E-18,0.00119699576596558));
#13322=DIRECTION('',(-0.498963013058608,1.88966772693757E-16,0.866623281247091));
#13323=DIRECTION('',(0.501036270541706,1.95639875174692E-16,0.865426285481125));
#13324=DIRECTION('',(0.999999283600311,6.67310248093503E-18,-0.00119699576596558));
#13325=DIRECTION('',(0.498963013058609,-1.88966772693757E-16,-0.866623281247091));
#13326=DIRECTION('',(-0.501036270541705,-1.95639875174692E-16,-0.865426285481126));
#13327=DIRECTION('',(-0.999999283600311,-6.67310248093503E-18,0.00119699576596558));
#13328=DIRECTION('',(-0.498963013058608,1.88966772693757E-16,0.866623281247091));
#13329=DIRECTION('',(0.501036270541706,1.95639875174692E-16,0.865426285481125));
#13330=DIRECTION('',(0.999999283600311,6.67310248093503E-18,-0.00119699576596558));
#13331=DIRECTION('',(0.498963013058609,-1.88966772693757E-16,-0.866623281247091));
#13332=DIRECTION('',(-0.501036270541705,-1.95639875174692E-16,-0.865426285481126));
#13333=DIRECTION('',(-0.999999283600311,-6.67310248093503E-18,0.00119699576596558));
#13334=DIRECTION('',(-0.498963013058608,1.88966772693757E-16,0.866623281247091));
#13335=DIRECTION('',(0.501036270541706,1.95639875174692E-16,0.865426285481125));
#13336=DIRECTION('',(0.999999283600311,6.67310248093503E-18,-0.00119699576596558));
#13337=DIRECTION('',(0.498963013058609,-1.88966772693757E-16,-0.866623281247091));
#13338=DIRECTION('',(-0.501036270541705,-1.95639875174692E-16,-0.865426285481126));
#13339=DIRECTION('',(-0.999999283600311,-6.67310248093503E-18,0.00119699576596558));
#13340=DIRECTION('',(-0.498963013058608,1.88966772693757E-16,0.866623281247091));
#13341=DIRECTION('',(0.501036270541706,1.95639875174692E-16,0.865426285481125));
#13342=DIRECTION('',(0.999999283600311,6.67310248093503E-18,-0.00119699576596558));
#13343=DIRECTION('',(0.498963013058609,-1.88966772693757E-16,-0.866623281247091));
#13344=DIRECTION('',(-0.501036270541705,-1.95639875174692E-16,-0.865426285481126));
#13345=DIRECTION('',(-0.999999283600311,-6.67310248093503E-18,0.00119699576596558));
#13346=DIRECTION('',(-0.498963013058608,1.88966772693757E-16,0.866623281247091));
#13347=DIRECTION('',(0.501036270541706,1.95639875174692E-16,0.865426285481125));
#13348=DIRECTION('',(0.999999283600311,6.67310248093503E-18,-0.00119699576596558));
#13349=DIRECTION('',(0.498963013058609,-1.88966772693757E-16,-0.866623281247091));
#13350=DIRECTION('',(-0.501036270541705,-1.95639875174692E-16,-0.865426285481126));
#13351=DIRECTION('',(-0.999999283600311,-6.67310248093503E-18,0.00119699576596558));
#13352=DIRECTION('',(-0.498963013058608,1.88966772693757E-16,0.866623281247091));
#13353=DIRECTION('',(0.501036270541706,1.95639875174692E-16,0.865426285481125));
#13354=DIRECTION('',(0.999999283600311,6.67310248093503E-18,-0.00119699576596558));
#13355=DIRECTION('',(0.498963013058609,-1.88966772693757E-16,-0.866623281247091));
#13356=DIRECTION('',(-0.501036270541705,-1.95639875174692E-16,-0.865426285481126));
#13357=DIRECTION('',(-0.999999283600311,-6.67310248093503E-18,0.00119699576596558));
#13358=DIRECTION('',(-0.498963013058608,1.88966772693757E-16,0.866623281247091));
#13359=DIRECTION('',(0.501036270541706,1.95639875174692E-16,0.865426285481125));
#13360=DIRECTION('',(0.999999283600311,6.67310248093503E-18,-0.00119699576596558));
#13361=DIRECTION('',(0.498963013058607,-1.88966772693757E-16,-0.866623281247092));
#13362=DIRECTION('',(-0.501036270541703,-1.95639875174693E-16,-0.865426285481127));
#13363=DIRECTION('',(-0.999999283600311,-6.67310248093503E-18,0.00119699576596558));
#13364=DIRECTION('',(-0.498963013058608,1.88966772693757E-16,0.866623281247091));
#13365=DIRECTION('',(0.501036270541706,1.95639875174692E-16,0.865426285481125));
#13366=DIRECTION('',(0.999999283600311,6.67310248093503E-18,-0.00119699576596558));
#13367=DIRECTION('',(0.498963013058607,-1.88966772693757E-16,-0.866623281247092));
#13368=DIRECTION('',(-0.501036270541703,-1.95639875174693E-16,-0.865426285481127));
#13369=DIRECTION('',(-0.999999283600311,-6.67310248093503E-18,0.00119699576596558));
#13370=DIRECTION('',(-0.498963013058608,1.88966772693757E-16,0.866623281247091));
#13371=DIRECTION('',(0.501036270541706,1.95639875174692E-16,0.865426285481125));
#13372=DIRECTION('',(0.999999283600311,6.67310248093536E-18,-0.00119699576596409));
#13373=DIRECTION('',(0.498963013058607,-1.88966772693757E-16,-0.866623281247092));
#13374=DIRECTION('',(-0.501036270541703,-1.95639875174692E-16,-0.865426285481127));
#13375=DIRECTION('',(-0.999999283600311,-6.67310248093536E-18,0.00119699576596409));
#13376=DIRECTION('',(-0.498963013058608,1.88966772693757E-16,0.866623281247092));
#13377=DIRECTION('',(0.501036270541707,1.95639875174692E-16,0.865426285481125));
#13378=DIRECTION('',(0.999999283600311,6.67310248093503E-18,-0.00119699576596558));
#13379=DIRECTION('',(0.498963013058609,-1.88966772693757E-16,-0.866623281247091));
#13380=DIRECTION('',(-0.501036270541705,-1.95639875174692E-16,-0.865426285481126));
#13381=DIRECTION('',(-0.999999283600311,-6.67310248093503E-18,0.00119699576596558));
#13382=DIRECTION('',(-0.498963013058608,1.88966772693757E-16,0.866623281247091));
#13383=DIRECTION('',(0.501036270541706,1.95639875174692E-16,0.865426285481125));
#13384=DIRECTION('',(0.999999283600311,6.67310248093503E-18,-0.00119699576596558));
#13385=DIRECTION('',(0.498963013058609,-1.88966772693757E-16,-0.866623281247091));
#13386=DIRECTION('',(-0.501036270541705,-1.95639875174692E-16,-0.865426285481126));
#13387=DIRECTION('',(-0.999999283600311,-6.67310248093503E-18,0.00119699576596558));
#13388=DIRECTION('',(-0.498963013058608,1.88966772693757E-16,0.866623281247091));
#13389=DIRECTION('',(0.501036270541706,1.95639875174692E-16,0.865426285481125));
#13390=DIRECTION('',(0.999999283600311,6.67310248093536E-18,-0.0011969957659641));
#13391=DIRECTION('',(0.498963013058609,-1.88966772693757E-16,-0.866623281247091));
#13392=DIRECTION('',(-0.501036270541706,-1.95639875174692E-16,-0.865426285481126));
#13393=DIRECTION('',(-0.999999283600311,-6.67310248093536E-18,0.0011969957659641));
#13394=DIRECTION('',(-0.498963013058608,1.88966772693757E-16,0.866623281247092));
#13395=DIRECTION('',(0.501036270541707,1.95639875174692E-16,0.865426285481125));
#13396=DIRECTION('',(0.999999283600311,6.67310248093503E-18,-0.00119699576596558));
#13397=DIRECTION('',(0.498963013058609,-1.88966772693757E-16,-0.866623281247091));
#13398=DIRECTION('',(-0.501036270541705,-1.95639875174692E-16,-0.865426285481126));
#13399=DIRECTION('',(-0.999999283600311,-6.67310248093503E-18,0.00119699576596558));
#13400=DIRECTION('',(-0.498963013058608,1.88966772693757E-16,0.866623281247091));
#13401=DIRECTION('',(0.501036270541706,1.95639875174692E-16,0.865426285481125));
#13402=DIRECTION('',(0.999999283600311,6.67310248093503E-18,-0.00119699576596558));
#13403=DIRECTION('',(0.498963013058609,-1.88966772693757E-16,-0.866623281247091));
#13404=DIRECTION('',(-0.501036270541705,-1.95639875174692E-16,-0.865426285481126));
#13405=DIRECTION('',(-0.999999283600311,-6.67310248093503E-18,0.00119699576596558));
#13406=DIRECTION('',(-0.498963013058608,1.88966772693757E-16,0.866623281247091));
#13407=DIRECTION('',(0.501036270541706,1.95639875174692E-16,0.865426285481125));
#13408=DIRECTION('',(0.999999283600311,6.67310248093536E-18,-0.0011969957659641));
#13409=DIRECTION('',(0.498963013058609,-1.88966772693757E-16,-0.866623281247091));
#13410=DIRECTION('',(-0.501036270541706,-1.95639875174692E-16,-0.865426285481126));
#13411=DIRECTION('',(-0.999999283600311,-6.67310248093536E-18,0.0011969957659641));
#13412=DIRECTION('',(-0.498963013058608,1.88966772693757E-16,0.866623281247092));
#13413=DIRECTION('',(0.501036270541707,1.95639875174692E-16,0.865426285481125));
#13414=DIRECTION('',(0.999999283600311,6.67310248093503E-18,-0.00119699576596558));
#13415=DIRECTION('',(0.498963013058609,-1.88966772693757E-16,-0.866623281247091));
#13416=DIRECTION('',(-0.501036270541705,-1.95639875174692E-16,-0.865426285481126));
#13417=DIRECTION('',(-0.999999283600311,-6.67310248093503E-18,0.00119699576596558));
#13418=DIRECTION('',(-0.498963013058608,1.88966772693757E-16,0.866623281247091));
#13419=DIRECTION('',(0.501036270541706,1.95639875174692E-16,0.865426285481125));
#13420=DIRECTION('',(0.999999283600311,6.67310248093503E-18,-0.00119699576596558));
#13421=DIRECTION('',(0.498963013058609,-1.88966772693757E-16,-0.866623281247091));
#13422=DIRECTION('',(-0.501036270541705,-1.95639875174692E-16,-0.865426285481126));
#13423=DIRECTION('',(-0.999999283600311,-6.67310248093503E-18,0.00119699576596558));
#13424=DIRECTION('',(-0.498963013058608,1.88966772693757E-16,0.866623281247091));
#13425=DIRECTION('',(0.501036270541706,1.95639875174692E-16,0.865426285481125));
#13426=DIRECTION('',(0.999999283600311,6.67310248093536E-18,-0.0011969957659641));
#13427=DIRECTION('',(0.498963013058609,-1.88966772693757E-16,-0.866623281247091));
#13428=DIRECTION('',(-0.501036270541706,-1.95639875174692E-16,-0.865426285481126));
#13429=DIRECTION('',(-0.999999283600311,-6.67310248093536E-18,0.0011969957659641));
#13430=DIRECTION('',(-0.498963013058605,1.88966772693758E-16,0.866623281247093));
#13431=DIRECTION('',(0.501036270541705,1.95639875174692E-16,0.865426285481126));
#13432=DIRECTION('',(0.999999283600311,6.67310248093503E-18,-0.00119699576596558));
#13433=DIRECTION('',(0.498963013058609,-1.88966772693757E-16,-0.866623281247091));
#13434=DIRECTION('',(-0.501036270541705,-1.95639875174692E-16,-0.865426285481126));
#13435=DIRECTION('',(-0.999999283600311,-6.67310248093503E-18,0.00119699576596558));
#13436=DIRECTION('',(-0.498963013058606,1.88966772693757E-16,0.866623281247093));
#13437=DIRECTION('',(0.501036270541704,1.95639875174692E-16,0.865426285481127));
#13438=DIRECTION('',(0.999999283600311,6.67310248093503E-18,-0.00119699576596558));
#13439=DIRECTION('',(0.498963013058609,-1.88966772693757E-16,-0.866623281247091));
#13440=DIRECTION('',(-0.501036270541705,-1.95639875174692E-16,-0.865426285481126));
#13441=DIRECTION('',(-0.999999283600311,-6.67310248093503E-18,0.00119699576596558));
#13442=DIRECTION('',(-0.498963013058606,1.88966772693757E-16,0.866623281247093));
#13443=DIRECTION('',(0.501036270541704,1.95639875174692E-16,0.865426285481127));
#13444=DIRECTION('',(0.999999283600311,6.67310248093536E-18,-0.0011969957659641));
#13445=DIRECTION('',(0.498963013058608,-1.88966772693757E-16,-0.866623281247092));
#13446=DIRECTION('',(-0.501036270541704,-1.95639875174692E-16,-0.865426285481126));
#13447=DIRECTION('',(-0.999999283600311,-6.67310248093536E-18,0.0011969957659641));
#13448=DIRECTION('',(-0.498963013058605,1.88966772693758E-16,0.866623281247093));
#13449=DIRECTION('',(0.501036270541705,1.95639875174692E-16,0.865426285481126));
#13450=DIRECTION('',(0.999999283600311,6.67310248093503E-18,-0.00119699576596558));
#13451=DIRECTION('',(0.498963013058609,-1.88966772693757E-16,-0.866623281247091));
#13452=DIRECTION('',(-0.501036270541705,-1.95639875174692E-16,-0.865426285481126));
#13453=DIRECTION('',(-0.999999283600311,-6.67310248093503E-18,0.00119699576596558));
#13454=DIRECTION('',(-0.498963013058606,1.88966772693757E-16,0.866623281247093));
#13455=DIRECTION('',(0.501036270541704,1.95639875174692E-16,0.865426285481127));
#13456=DIRECTION('',(0.999999283600311,6.67310248093503E-18,-0.00119699576596558));
#13457=DIRECTION('',(0.498963013058609,-1.88966772693757E-16,-0.866623281247091));
#13458=DIRECTION('',(-0.501036270541705,-1.95639875174692E-16,-0.865426285481126));
#13459=DIRECTION('',(-0.999999283600311,-6.67310248093503E-18,0.00119699576596558));
#13460=DIRECTION('',(-0.498963013058606,1.88966772693757E-16,0.866623281247093));
#13461=DIRECTION('',(0.501036270541704,1.95639875174692E-16,0.865426285481127));
#13462=DIRECTION('',(0.999999283600311,6.67310248093536E-18,-0.0011969957659641));
#13463=DIRECTION('',(0.498963013058608,-1.88966772693757E-16,-0.866623281247092));
#13464=DIRECTION('',(-0.501036270541704,-1.95639875174692E-16,-0.865426285481126));
#13465=DIRECTION('',(-0.999999283600311,-6.67310248093536E-18,0.0011969957659641));
#13466=DIRECTION('',(-0.498963013058606,1.88966772693757E-16,0.866623281247092));
#13467=DIRECTION('',(0.501036270541705,1.95639875174692E-16,0.865426285481126));
#13468=DIRECTION('',(0.999999283600311,6.67310248093503E-18,-0.00119699576596558));
#13469=DIRECTION('',(0.498963013058609,-1.88966772693757E-16,-0.866623281247091));
#13470=DIRECTION('',(-0.501036270541704,-1.95639875174692E-16,-0.865426285481127));
#13471=DIRECTION('',(-0.999999283600311,-6.67310248093503E-18,0.00119699576596558));
#13472=DIRECTION('',(-0.498963013058607,1.88966772693757E-16,0.866623281247092));
#13473=DIRECTION('',(0.501036270541704,1.95639875174692E-16,0.865426285481126));
#13474=DIRECTION('',(0.999999283600311,6.67310248093503E-18,-0.00119699576596558));
#13475=DIRECTION('',(0.498963013058609,-1.88966772693757E-16,-0.866623281247091));
#13476=DIRECTION('',(-0.501036270541704,-1.95639875174692E-16,-0.865426285481127));
#13477=DIRECTION('',(-0.999999283600311,-6.67310248093503E-18,0.00119699576596558));
#13478=DIRECTION('',(-0.498963013058607,1.88966772693757E-16,0.866623281247092));
#13479=DIRECTION('',(0.501036270541704,1.95639875174692E-16,0.865426285481126));
#13480=DIRECTION('',(0.999999283600311,6.67310248093536E-18,-0.0011969957659641));
#13481=DIRECTION('',(0.498963013058608,-1.88966772693757E-16,-0.866623281247092));
#13482=DIRECTION('',(-0.501036270541705,-1.95639875174692E-16,-0.865426285481126));
#13483=DIRECTION('',(-0.999999283600311,-6.67310248093536E-18,0.0011969957659641));
#13484=DIRECTION('',(-0.498963013058606,1.88966772693757E-16,0.866623281247093));
#13485=DIRECTION('',(0.501036270541705,1.95639875174692E-16,0.865426285481126));
#13486=DIRECTION('',(0.999999283600311,6.67310248093503E-18,-0.00119699576596558));
#13487=DIRECTION('',(0.498963013058609,-1.88966772693757E-16,-0.866623281247091));
#13488=DIRECTION('',(-0.501036270541704,-1.95639875174692E-16,-0.865426285481127));
#13489=DIRECTION('',(-0.999999283600311,-6.67310248093503E-18,0.00119699576596558));
#13490=DIRECTION('',(-0.498963013058607,1.88966772693757E-16,0.866623281247092));
#13491=DIRECTION('',(0.501036270541704,1.95639875174692E-16,0.865426285481126));
#13492=DIRECTION('',(0.999999283600311,6.67310248093503E-18,-0.00119699576596558));
#13493=DIRECTION('',(0.498963013058609,-1.88966772693757E-16,-0.866623281247091));
#13494=DIRECTION('',(-0.501036270541704,-1.95639875174692E-16,-0.865426285481127));
#13495=DIRECTION('',(-0.999999283600311,-6.67310248093503E-18,0.00119699576596558));
#13496=DIRECTION('',(-0.498963013058607,1.88966772693757E-16,0.866623281247092));
#13497=DIRECTION('',(0.501036270541704,1.95639875174692E-16,0.865426285481126));
#13498=DIRECTION('',(0.999999283600311,6.67310248093536E-18,-0.0011969957659641));
#13499=DIRECTION('',(0.498963013058608,-1.88966772693757E-16,-0.866623281247091));
#13500=DIRECTION('',(-0.501036270541705,-1.95639875174692E-16,-0.865426285481126));
#13501=DIRECTION('',(-0.999999283600311,-6.67310248093536E-18,0.0011969957659641));
#13502=DIRECTION('',(-0.498963013058606,1.88966772693757E-16,0.866623281247093));
#13503=DIRECTION('',(0.501036270541705,1.95639875174692E-16,0.865426285481126));
#13504=DIRECTION('',(0.999999283600311,6.67310248093503E-18,-0.00119699576596558));
#13505=DIRECTION('',(0.498963013058608,-1.88966772693757E-16,-0.866623281247091));
#13506=DIRECTION('',(-0.501036270541704,-1.95639875174692E-16,-0.865426285481127));
#13507=DIRECTION('',(-0.999999283600311,-6.67310248093503E-18,0.00119699576596558));
#13508=DIRECTION('',(-0.498963013058607,1.88966772693757E-16,0.866623281247092));
#13509=DIRECTION('',(0.501036270541704,1.95639875174692E-16,0.865426285481126));
#13510=DIRECTION('',(0.999999283600311,6.67310248093503E-18,-0.00119699576596558));
#13511=DIRECTION('',(0.498963013058608,-1.88966772693757E-16,-0.866623281247091));
#13512=DIRECTION('',(-0.501036270541704,-1.95639875174692E-16,-0.865426285481127));
#13513=DIRECTION('',(-0.999999283600311,-6.67310248093503E-18,0.00119699576596558));
#13514=DIRECTION('',(-0.498963013058607,1.88966772693757E-16,0.866623281247092));
#13515=DIRECTION('',(0.501036270541704,1.95639875174692E-16,0.865426285481126));
#13516=DIRECTION('',(0.999999283600311,6.67310248093536E-18,-0.0011969957659641));
#13517=DIRECTION('',(0.498963013058609,-1.88966772693757E-16,-0.866623281247091));
#13518=DIRECTION('',(-0.501036270541706,-1.95639875174692E-16,-0.865426285481126));
#13519=DIRECTION('',(-0.999999283600311,-6.67310248093536E-18,0.0011969957659641));
#13520=DIRECTION('',(-0.498963013058605,1.88966772693758E-16,0.866623281247093));
#13521=DIRECTION('',(0.501036270541705,1.95639875174692E-16,0.865426285481126));
#13522=DIRECTION('',(0.999999283600311,6.67310248093503E-18,-0.00119699576596558));
#13523=DIRECTION('',(0.498963013058608,-1.88966772693757E-16,-0.866623281247091));
#13524=DIRECTION('',(-0.501036270541704,-1.95639875174692E-16,-0.865426285481127));
#13525=DIRECTION('',(-0.999999283600311,-6.67310248093503E-18,0.00119699576596558));
#13526=DIRECTION('',(-0.498963013058606,1.88966772693757E-16,0.866623281247093));
#13527=DIRECTION('',(0.501036270541704,1.95639875174692E-16,0.865426285481127));
#13528=DIRECTION('',(0.999999283600311,6.67310248093503E-18,-0.00119699576596558));
#13529=DIRECTION('',(0.498963013058608,-1.88966772693757E-16,-0.866623281247091));
#13530=DIRECTION('',(-0.501036270541704,-1.95639875174692E-16,-0.865426285481127));
#13531=DIRECTION('',(-0.999999283600311,-6.67310248093503E-18,0.00119699576596558));
#13532=DIRECTION('',(-0.498963013058606,1.88966772693757E-16,0.866623281247093));
#13533=DIRECTION('',(0.501036270541704,1.95639875174692E-16,0.865426285481127));
#13534=DIRECTION('',(0.999999283600311,6.67310248093536E-18,-0.0011969957659641));
#13535=DIRECTION('',(0.498963013058609,-1.88966772693757E-16,-0.866623281247091));
#13536=DIRECTION('',(-0.501036270541706,-1.95639875174692E-16,-0.865426285481126));
#13537=DIRECTION('',(-0.999999283600311,-6.67310248093536E-18,0.0011969957659641));
#13538=DIRECTION('',(-0.498963013058605,1.88966772693758E-16,0.866623281247093));
#13539=DIRECTION('',(0.501036270541705,1.95639875174692E-16,0.865426285481126));
#13540=DIRECTION('',(0.999999283600311,6.67310248093503E-18,-0.00119699576596558));
#13541=DIRECTION('',(0.498963013058609,-1.88966772693757E-16,-0.866623281247091));
#13542=DIRECTION('',(-0.501036270541705,-1.95639875174692E-16,-0.865426285481126));
#13543=DIRECTION('',(-0.999999283600311,-6.67310248093503E-18,0.00119699576596558));
#13544=DIRECTION('',(-0.498963013058606,1.88966772693757E-16,0.866623281247093));
#13545=DIRECTION('',(0.501036270541704,1.95639875174692E-16,0.865426285481127));
#13546=DIRECTION('',(0.999999283600311,6.67310248093503E-18,-0.00119699576596558));
#13547=DIRECTION('',(0.498963013058609,-1.88966772693757E-16,-0.866623281247091));
#13548=DIRECTION('',(-0.501036270541705,-1.95639875174692E-16,-0.865426285481126));
#13549=DIRECTION('',(-0.999999283600311,-6.67310248093503E-18,0.00119699576596558));
#13550=DIRECTION('',(-0.498963013058606,1.88966772693757E-16,0.866623281247093));
#13551=DIRECTION('',(0.501036270541704,1.95639875174692E-16,0.865426285481127));
#13552=DIRECTION('',(0.999999283600311,6.67310248093536E-18,-0.0011969957659641));
#13553=DIRECTION('',(0.498963013058609,-1.88966772693757E-16,-0.866623281247091));
#13554=DIRECTION('',(-0.501036270541706,-1.95639875174692E-16,-0.865426285481126));
#13555=DIRECTION('',(-0.999999283600311,-6.67310248093536E-18,0.0011969957659641));
#13556=DIRECTION('',(-0.498963013058608,1.88966772693757E-16,0.866623281247092));
#13557=DIRECTION('',(0.501036270541707,1.95639875174692E-16,0.865426285481125));
#13558=DIRECTION('',(0.999999283600311,6.67310248093503E-18,-0.00119699576596558));
#13559=DIRECTION('',(0.498963013058609,-1.88966772693757E-16,-0.866623281247091));
#13560=DIRECTION('',(-0.501036270541705,-1.95639875174692E-16,-0.865426285481126));
#13561=DIRECTION('',(-0.999999283600311,-6.67310248093503E-18,0.00119699576596558));
#13562=DIRECTION('',(-0.498963013058608,1.88966772693757E-16,0.866623281247091));
#13563=DIRECTION('',(0.501036270541706,1.95639875174692E-16,0.865426285481125));
#13564=DIRECTION('',(0.999999283600311,6.67310248093503E-18,-0.00119699576596558));
#13565=DIRECTION('',(0.498963013058609,-1.88966772693757E-16,-0.866623281247091));
#13566=DIRECTION('',(-0.501036270541705,-1.95639875174692E-16,-0.865426285481126));
#13567=DIRECTION('',(-0.999999283600311,-6.67310248093503E-18,0.00119699576596558));
#13568=DIRECTION('',(-0.498963013058608,1.88966772693757E-16,0.866623281247091));
#13569=DIRECTION('',(0.501036270541706,1.95639875174692E-16,0.865426285481125));
#13570=DIRECTION('',(0.999999283600311,6.67310248093536E-18,-0.0011969957659641));
#13571=DIRECTION('',(0.498963013058609,-1.88966772693757E-16,-0.866623281247091));
#13572=DIRECTION('',(-0.501036270541706,-1.95639875174692E-16,-0.865426285481126));
#13573=DIRECTION('',(-0.999999283600311,-6.67310248093536E-18,0.0011969957659641));
#13574=DIRECTION('',(-0.498963013058608,1.88966772693757E-16,0.866623281247092));
#13575=DIRECTION('',(0.501036270541707,1.95639875174692E-16,0.865426285481125));
#13576=DIRECTION('',(0.999999283600311,6.67310248093503E-18,-0.00119699576596558));
#13577=DIRECTION('',(0.498963013058609,-1.88966772693757E-16,-0.866623281247091));
#13578=DIRECTION('',(-0.501036270541705,-1.95639875174692E-16,-0.865426285481126));
#13579=DIRECTION('',(-0.999999283600311,-6.67310248093503E-18,0.00119699576596558));
#13580=DIRECTION('',(-0.498963013058608,1.88966772693757E-16,0.866623281247091));
#13581=DIRECTION('',(0.501036270541706,1.95639875174692E-16,0.865426285481125));
#13582=DIRECTION('',(0.999999283600311,6.67310248093503E-18,-0.00119699576596558));
#13583=DIRECTION('',(0.498963013058609,-1.88966772693757E-16,-0.866623281247091));
#13584=DIRECTION('',(-0.501036270541705,-1.95639875174692E-16,-0.865426285481126));
#13585=DIRECTION('',(-0.999999283600311,-6.67310248093503E-18,0.00119699576596558));
#13586=DIRECTION('',(-0.498963013058608,1.88966772693757E-16,0.866623281247091));
#13587=DIRECTION('',(0.501036270541706,1.95639875174692E-16,0.865426285481125));
#13588=DIRECTION('',(0.999999283600311,6.67310248093536E-18,-0.0011969957659641));
#13589=DIRECTION('',(0.498963013058609,-1.88966772693757E-16,-0.866623281247091));
#13590=DIRECTION('',(-0.501036270541706,-1.95639875174692E-16,-0.865426285481126));
#13591=DIRECTION('',(-0.999999283600311,-6.67310248093536E-18,0.0011969957659641));
#13592=DIRECTION('',(-0.498963013058608,1.88966772693757E-16,0.866623281247092));
#13593=DIRECTION('',(0.501036270541707,1.95639875174692E-16,0.865426285481125));
#13594=DIRECTION('',(0.999999283600311,6.67310248093503E-18,-0.00119699576596558));
#13595=DIRECTION('',(0.498963013058607,-1.88966772693757E-16,-0.866623281247092));
#13596=DIRECTION('',(-0.501036270541703,-1.95639875174693E-16,-0.865426285481127));
#13597=DIRECTION('',(-0.999999283600311,-6.67310248093503E-18,0.00119699576596558));
#13598=DIRECTION('',(-0.498963013058608,1.88966772693757E-16,0.866623281247091));
#13599=DIRECTION('',(0.501036270541706,1.95639875174692E-16,0.865426285481125));
#13600=DIRECTION('',(0.999999283600311,6.67310248093503E-18,-0.00119699576596558));
#13601=DIRECTION('',(0.498963013058607,-1.88966772693757E-16,-0.866623281247092));
#13602=DIRECTION('',(-0.501036270541703,-1.95639875174693E-16,-0.865426285481127));
#13603=DIRECTION('',(-0.999999283600311,-6.67310248093503E-18,0.00119699576596558));
#13604=DIRECTION('',(-0.498963013058608,1.88966772693757E-16,0.866623281247091));
#13605=DIRECTION('',(0.501036270541706,1.95639875174692E-16,0.865426285481125));
#13606=DIRECTION('center_axis',(1.,6.93889390390723E-18,6.93889390390723E-18));
#13607=DIRECTION('ref_axis',(0.,-0.70710678118655,0.707106781186545));
#13608=DIRECTION('center_axis',(-6.93889390390723E-18,2.22044604925031E-16,
1.));
#13609=DIRECTION('ref_axis',(0.798348648116028,-0.602195513144453,0.));
#13610=DIRECTION('',(-6.93889390390723E-18,2.22044604925031E-16,1.));
#13611=DIRECTION('center_axis',(-0.961523947640823,-0.274721127897378,5.43284316497866E-17));
#13612=DIRECTION('ref_axis',(0.274721127897378,-0.961523947640823,2.15407465839505E-16));
#13613=DIRECTION('',(6.93889390390723E-18,-2.22044604925031E-16,-1.));
#13614=DIRECTION('center_axis',(6.93889390390723E-18,-2.22044604925031E-16,
-1.));
#13615=DIRECTION('ref_axis',(0.602195513144455,0.798348648116026,0.));
#13616=DIRECTION('',(-6.93889390390723E-18,2.22044604925031E-16,1.));
#13617=DIRECTION('center_axis',(-1.,-6.93889390390723E-18,-6.93889390390723E-18));
#13618=DIRECTION('ref_axis',(0.,0.707106781186551,-0.707106781186544));
#13619=DIRECTION('',(1.,6.93889390390723E-18,6.93889390390723E-18));
#13620=DIRECTION('center_axis',(-6.93889390390723E-18,2.22044604925031E-16,
1.));
#13621=DIRECTION('ref_axis',(-0.602080439488662,0.798435435326576,0.));
#13622=DIRECTION('',(6.93889390390723E-18,-2.22044604925031E-16,-1.));
#13623=DIRECTION('center_axis',(-1.,-6.93889390390723E-18,-6.93889390390723E-18));
#13624=DIRECTION('ref_axis',(0.,0.70710678118655,0.707106781186545));
#13625=DIRECTION('',(-1.,-6.93889390390723E-18,-6.93889390390723E-18));
#13626=DIRECTION('center_axis',(-6.93889390390723E-18,1.,-2.22044604925031E-16));
#13627=DIRECTION('ref_axis',(-1.,-6.93889390390723E-18,-6.93889390390723E-18));
#13628=DIRECTION('',(-0.999999283600311,-6.67310248093503E-18,0.00119699576596558));
#13629=DIRECTION('',(-0.501036270541706,-1.95639875174692E-16,-0.865426285481125));
#13630=DIRECTION('',(0.498963013058608,-1.88966772693757E-16,-0.866623281247091));
#13631=DIRECTION('',(0.999999283600311,6.67310248093503E-18,-0.00119699576596558));
#13632=DIRECTION('',(0.501036270541703,1.95639875174693E-16,0.865426285481127));
#13633=DIRECTION('',(-0.498963013058607,1.88966772693757E-16,0.866623281247092));
#13634=DIRECTION('',(-0.999999283600311,-6.67310248093503E-18,0.00119699576596558));
#13635=DIRECTION('',(-0.501036270541706,-1.95639875174692E-16,-0.865426285481125));
#13636=DIRECTION('',(0.498963013058608,-1.88966772693757E-16,-0.866623281247091));
#13637=DIRECTION('',(0.999999283600311,6.67310248093503E-18,-0.00119699576596558));
#13638=DIRECTION('',(0.501036270541703,1.95639875174693E-16,0.865426285481127));
#13639=DIRECTION('',(-0.498963013058607,1.88966772693757E-16,0.866623281247092));
#13640=DIRECTION('',(-0.999999283600311,-6.67310248093536E-18,0.0011969957659641));
#13641=DIRECTION('',(-0.501036270541707,-1.95639875174692E-16,-0.865426285481125));
#13642=DIRECTION('',(0.498963013058608,-1.88966772693757E-16,-0.866623281247092));
#13643=DIRECTION('',(0.999999283600311,6.67310248093536E-18,-0.0011969957659641));
#13644=DIRECTION('',(0.501036270541706,1.95639875174692E-16,0.865426285481126));
#13645=DIRECTION('',(-0.498963013058609,1.88966772693757E-16,0.866623281247091));
#13646=DIRECTION('',(-0.999999283600311,-6.67310248093503E-18,0.00119699576596558));
#13647=DIRECTION('',(-0.501036270541706,-1.95639875174692E-16,-0.865426285481125));
#13648=DIRECTION('',(0.498963013058608,-1.88966772693757E-16,-0.866623281247091));
#13649=DIRECTION('',(0.999999283600311,6.67310248093503E-18,-0.00119699576596558));
#13650=DIRECTION('',(0.501036270541705,1.95639875174692E-16,0.865426285481126));
#13651=DIRECTION('',(-0.498963013058609,1.88966772693757E-16,0.866623281247091));
#13652=DIRECTION('',(-0.999999283600311,-6.67310248093503E-18,0.00119699576596558));
#13653=DIRECTION('',(-0.501036270541706,-1.95639875174692E-16,-0.865426285481125));
#13654=DIRECTION('',(0.498963013058608,-1.88966772693757E-16,-0.866623281247091));
#13655=DIRECTION('',(0.999999283600311,6.67310248093503E-18,-0.00119699576596558));
#13656=DIRECTION('',(0.501036270541705,1.95639875174692E-16,0.865426285481126));
#13657=DIRECTION('',(-0.498963013058609,1.88966772693757E-16,0.866623281247091));
#13658=DIRECTION('',(-0.999999283600311,-6.67310248093536E-18,0.0011969957659641));
#13659=DIRECTION('',(-0.501036270541707,-1.95639875174692E-16,-0.865426285481125));
#13660=DIRECTION('',(0.498963013058608,-1.88966772693757E-16,-0.866623281247092));
#13661=DIRECTION('',(0.999999283600311,6.67310248093536E-18,-0.0011969957659641));
#13662=DIRECTION('',(0.501036270541706,1.95639875174692E-16,0.865426285481126));
#13663=DIRECTION('',(-0.498963013058609,1.88966772693757E-16,0.866623281247091));
#13664=DIRECTION('',(-0.999999283600311,-6.67310248093503E-18,0.00119699576596558));
#13665=DIRECTION('',(-0.501036270541706,-1.95639875174692E-16,-0.865426285481125));
#13666=DIRECTION('',(0.498963013058608,-1.88966772693757E-16,-0.866623281247091));
#13667=DIRECTION('',(0.999999283600311,6.67310248093503E-18,-0.00119699576596558));
#13668=DIRECTION('',(0.501036270541705,1.95639875174692E-16,0.865426285481126));
#13669=DIRECTION('',(-0.498963013058609,1.88966772693757E-16,0.866623281247091));
#13670=DIRECTION('',(-0.999999283600311,-6.67310248093503E-18,0.00119699576596558));
#13671=DIRECTION('',(-0.501036270541706,-1.95639875174692E-16,-0.865426285481125));
#13672=DIRECTION('',(0.498963013058608,-1.88966772693757E-16,-0.866623281247091));
#13673=DIRECTION('',(0.999999283600311,6.67310248093503E-18,-0.00119699576596558));
#13674=DIRECTION('',(0.501036270541705,1.95639875174692E-16,0.865426285481126));
#13675=DIRECTION('',(-0.498963013058609,1.88966772693757E-16,0.866623281247091));
#13676=DIRECTION('',(-0.999999283600311,-6.67310248093536E-18,0.0011969957659641));
#13677=DIRECTION('',(-0.501036270541707,-1.95639875174692E-16,-0.865426285481125));
#13678=DIRECTION('',(0.498963013058608,-1.88966772693757E-16,-0.866623281247092));
#13679=DIRECTION('',(0.999999283600311,6.67310248093536E-18,-0.0011969957659641));
#13680=DIRECTION('',(0.501036270541706,1.95639875174692E-16,0.865426285481126));
#13681=DIRECTION('',(-0.498963013058609,1.88966772693757E-16,0.866623281247091));
#13682=DIRECTION('',(-0.999999283600311,-6.67310248093503E-18,0.00119699576596558));
#13683=DIRECTION('',(-0.501036270541704,-1.95639875174692E-16,-0.865426285481127));
#13684=DIRECTION('',(0.498963013058606,-1.88966772693757E-16,-0.866623281247093));
#13685=DIRECTION('',(0.999999283600311,6.67310248093503E-18,-0.00119699576596558));
#13686=DIRECTION('',(0.501036270541705,1.95639875174692E-16,0.865426285481126));
#13687=DIRECTION('',(-0.498963013058609,1.88966772693757E-16,0.866623281247091));
#13688=DIRECTION('',(-0.999999283600311,-6.67310248093503E-18,0.00119699576596558));
#13689=DIRECTION('',(-0.501036270541704,-1.95639875174692E-16,-0.865426285481127));
#13690=DIRECTION('',(0.498963013058606,-1.88966772693757E-16,-0.866623281247093));
#13691=DIRECTION('',(0.999999283600311,6.67310248093503E-18,-0.00119699576596558));
#13692=DIRECTION('',(0.501036270541705,1.95639875174692E-16,0.865426285481126));
#13693=DIRECTION('',(-0.498963013058609,1.88966772693757E-16,0.866623281247091));
#13694=DIRECTION('',(-0.999999283600311,-6.67310248093536E-18,0.0011969957659641));
#13695=DIRECTION('',(-0.501036270541705,-1.95639875174692E-16,-0.865426285481126));
#13696=DIRECTION('',(0.498963013058605,-1.88966772693758E-16,-0.866623281247093));
#13697=DIRECTION('',(0.999999283600311,6.67310248093536E-18,-0.0011969957659641));
#13698=DIRECTION('',(0.501036270541706,1.95639875174692E-16,0.865426285481126));
#13699=DIRECTION('',(-0.498963013058609,1.88966772693757E-16,0.866623281247091));
#13700=DIRECTION('',(-0.999999283600311,-6.67310248093503E-18,0.00119699576596558));
#13701=DIRECTION('',(-0.501036270541704,-1.95639875174692E-16,-0.865426285481127));
#13702=DIRECTION('',(0.498963013058606,-1.88966772693757E-16,-0.866623281247093));
#13703=DIRECTION('',(0.999999283600311,6.67310248093503E-18,-0.00119699576596558));
#13704=DIRECTION('',(0.501036270541704,1.95639875174692E-16,0.865426285481127));
#13705=DIRECTION('',(-0.498963013058608,1.88966772693757E-16,0.866623281247091));
#13706=DIRECTION('',(-0.999999283600311,-6.67310248093503E-18,0.00119699576596558));
#13707=DIRECTION('',(-0.501036270541704,-1.95639875174692E-16,-0.865426285481127));
#13708=DIRECTION('',(0.498963013058606,-1.88966772693757E-16,-0.866623281247093));
#13709=DIRECTION('',(0.999999283600311,6.67310248093503E-18,-0.00119699576596558));
#13710=DIRECTION('',(0.501036270541704,1.95639875174692E-16,0.865426285481127));
#13711=DIRECTION('',(-0.498963013058608,1.88966772693757E-16,0.866623281247091));
#13712=DIRECTION('',(-0.999999283600311,-6.67310248093536E-18,0.0011969957659641));
#13713=DIRECTION('',(-0.501036270541705,-1.95639875174692E-16,-0.865426285481126));
#13714=DIRECTION('',(0.498963013058605,-1.88966772693758E-16,-0.866623281247093));
#13715=DIRECTION('',(0.999999283600311,6.67310248093536E-18,-0.0011969957659641));
#13716=DIRECTION('',(0.501036270541706,1.95639875174692E-16,0.865426285481126));
#13717=DIRECTION('',(-0.498963013058609,1.88966772693757E-16,0.866623281247091));
#13718=DIRECTION('',(-0.999999283600311,-6.67310248093503E-18,0.00119699576596558));
#13719=DIRECTION('',(-0.501036270541704,-1.95639875174692E-16,-0.865426285481126));
#13720=DIRECTION('',(0.498963013058607,-1.88966772693757E-16,-0.866623281247092));
#13721=DIRECTION('',(0.999999283600311,6.67310248093503E-18,-0.00119699576596558));
#13722=DIRECTION('',(0.501036270541704,1.95639875174692E-16,0.865426285481127));
#13723=DIRECTION('',(-0.498963013058608,1.88966772693757E-16,0.866623281247091));
#13724=DIRECTION('',(-0.999999283600311,-6.67310248093503E-18,0.00119699576596558));
#13725=DIRECTION('',(-0.501036270541704,-1.95639875174692E-16,-0.865426285481126));
#13726=DIRECTION('',(0.498963013058607,-1.88966772693757E-16,-0.866623281247092));
#13727=DIRECTION('',(0.999999283600311,6.67310248093503E-18,-0.00119699576596558));
#13728=DIRECTION('',(0.501036270541704,1.95639875174692E-16,0.865426285481127));
#13729=DIRECTION('',(-0.498963013058608,1.88966772693757E-16,0.866623281247091));
#13730=DIRECTION('',(-0.999999283600311,-6.67310248093536E-18,0.0011969957659641));
#13731=DIRECTION('',(-0.501036270541705,-1.95639875174692E-16,-0.865426285481126));
#13732=DIRECTION('',(0.498963013058606,-1.88966772693757E-16,-0.866623281247093));
#13733=DIRECTION('',(0.999999283600311,6.67310248093536E-18,-0.0011969957659641));
#13734=DIRECTION('',(0.501036270541705,1.95639875174692E-16,0.865426285481126));
#13735=DIRECTION('',(-0.498963013058608,1.88966772693757E-16,0.866623281247091));
#13736=DIRECTION('',(-0.999999283600311,-6.67310248093503E-18,0.00119699576596558));
#13737=DIRECTION('',(-0.501036270541704,-1.95639875174692E-16,-0.865426285481126));
#13738=DIRECTION('',(0.498963013058607,-1.88966772693757E-16,-0.866623281247092));
#13739=DIRECTION('',(0.999999283600311,6.67310248093503E-18,-0.00119699576596558));
#13740=DIRECTION('',(0.501036270541704,1.95639875174692E-16,0.865426285481127));
#13741=DIRECTION('',(-0.498963013058609,1.88966772693757E-16,0.866623281247091));
#13742=DIRECTION('',(-0.999999283600311,-6.67310248093503E-18,0.00119699576596558));
#13743=DIRECTION('',(-0.501036270541704,-1.95639875174692E-16,-0.865426285481126));
#13744=DIRECTION('',(0.498963013058607,-1.88966772693757E-16,-0.866623281247092));
#13745=DIRECTION('',(0.999999283600311,6.67310248093503E-18,-0.00119699576596558));
#13746=DIRECTION('',(0.501036270541704,1.95639875174692E-16,0.865426285481127));
#13747=DIRECTION('',(-0.498963013058609,1.88966772693757E-16,0.866623281247091));
#13748=DIRECTION('',(-0.999999283600311,-6.67310248093536E-18,0.0011969957659641));
#13749=DIRECTION('',(-0.501036270541705,-1.95639875174692E-16,-0.865426285481126));
#13750=DIRECTION('',(0.498963013058606,-1.88966772693757E-16,-0.866623281247093));
#13751=DIRECTION('',(0.999999283600311,6.67310248093536E-18,-0.0011969957659641));
#13752=DIRECTION('',(0.501036270541705,1.95639875174692E-16,0.865426285481126));
#13753=DIRECTION('',(-0.498963013058608,1.88966772693757E-16,0.866623281247092));
#13754=DIRECTION('',(-0.999999283600311,-6.67310248093503E-18,0.00119699576596558));
#13755=DIRECTION('',(-0.501036270541704,-1.95639875174692E-16,-0.865426285481126));
#13756=DIRECTION('',(0.498963013058607,-1.88966772693757E-16,-0.866623281247092));
#13757=DIRECTION('',(0.999999283600311,6.67310248093503E-18,-0.00119699576596558));
#13758=DIRECTION('',(0.501036270541704,1.95639875174692E-16,0.865426285481127));
#13759=DIRECTION('',(-0.498963013058609,1.88966772693757E-16,0.866623281247091));
#13760=DIRECTION('',(-0.999999283600311,-6.67310248093503E-18,0.00119699576596558));
#13761=DIRECTION('',(-0.501036270541704,-1.95639875174692E-16,-0.865426285481126));
#13762=DIRECTION('',(0.498963013058607,-1.88966772693757E-16,-0.866623281247092));
#13763=DIRECTION('',(0.999999283600311,6.67310248093503E-18,-0.00119699576596558));
#13764=DIRECTION('',(0.501036270541704,1.95639875174692E-16,0.865426285481127));
#13765=DIRECTION('',(-0.498963013058609,1.88966772693757E-16,0.866623281247091));
#13766=DIRECTION('',(-0.999999283600311,-6.67310248093536E-18,0.0011969957659641));
#13767=DIRECTION('',(-0.501036270541705,-1.95639875174692E-16,-0.865426285481126));
#13768=DIRECTION('',(0.498963013058606,-1.88966772693757E-16,-0.866623281247092));
#13769=DIRECTION('',(0.999999283600311,6.67310248093536E-18,-0.0011969957659641));
#13770=DIRECTION('',(0.501036270541704,1.95639875174692E-16,0.865426285481126));
#13771=DIRECTION('',(-0.498963013058608,1.88966772693757E-16,0.866623281247092));
#13772=DIRECTION('',(-0.999999283600311,-6.67310248093503E-18,0.00119699576596558));
#13773=DIRECTION('',(-0.501036270541704,-1.95639875174692E-16,-0.865426285481127));
#13774=DIRECTION('',(0.498963013058606,-1.88966772693757E-16,-0.866623281247093));
#13775=DIRECTION('',(0.999999283600311,6.67310248093503E-18,-0.00119699576596558));
#13776=DIRECTION('',(0.501036270541705,1.95639875174692E-16,0.865426285481126));
#13777=DIRECTION('',(-0.498963013058609,1.88966772693757E-16,0.866623281247091));
#13778=DIRECTION('',(-0.999999283600311,-6.67310248093503E-18,0.00119699576596558));
#13779=DIRECTION('',(-0.501036270541704,-1.95639875174692E-16,-0.865426285481127));
#13780=DIRECTION('',(0.498963013058606,-1.88966772693757E-16,-0.866623281247093));
#13781=DIRECTION('',(0.999999283600311,6.67310248093503E-18,-0.00119699576596558));
#13782=DIRECTION('',(0.501036270541705,1.95639875174692E-16,0.865426285481126));
#13783=DIRECTION('',(-0.498963013058609,1.88966772693757E-16,0.866623281247091));
#13784=DIRECTION('',(-0.999999283600311,-6.67310248093536E-18,0.0011969957659641));
#13785=DIRECTION('',(-0.501036270541705,-1.95639875174692E-16,-0.865426285481126));
#13786=DIRECTION('',(0.498963013058605,-1.88966772693758E-16,-0.866623281247093));
#13787=DIRECTION('',(0.999999283600311,6.67310248093536E-18,-0.0011969957659641));
#13788=DIRECTION('',(0.501036270541704,1.95639875174692E-16,0.865426285481126));
#13789=DIRECTION('',(-0.498963013058608,1.88966772693757E-16,0.866623281247092));
#13790=DIRECTION('',(-0.999999283600311,-6.67310248093503E-18,0.00119699576596558));
#13791=DIRECTION('',(-0.501036270541704,-1.95639875174692E-16,-0.865426285481127));
#13792=DIRECTION('',(0.498963013058606,-1.88966772693757E-16,-0.866623281247093));
#13793=DIRECTION('',(0.999999283600311,6.67310248093503E-18,-0.00119699576596558));
#13794=DIRECTION('',(0.501036270541705,1.95639875174692E-16,0.865426285481126));
#13795=DIRECTION('',(-0.498963013058609,1.88966772693757E-16,0.866623281247091));
#13796=DIRECTION('',(-0.999999283600311,-6.67310248093503E-18,0.00119699576596558));
#13797=DIRECTION('',(-0.501036270541704,-1.95639875174692E-16,-0.865426285481127));
#13798=DIRECTION('',(0.498963013058606,-1.88966772693757E-16,-0.866623281247093));
#13799=DIRECTION('',(0.999999283600311,6.67310248093503E-18,-0.00119699576596558));
#13800=DIRECTION('',(0.501036270541705,1.95639875174692E-16,0.865426285481126));
#13801=DIRECTION('',(-0.498963013058609,1.88966772693757E-16,0.866623281247091));
#13802=DIRECTION('',(-0.999999283600311,-6.67310248093536E-18,0.0011969957659641));
#13803=DIRECTION('',(-0.501036270541705,-1.95639875174692E-16,-0.865426285481126));
#13804=DIRECTION('',(0.498963013058605,-1.88966772693758E-16,-0.866623281247093));
#13805=DIRECTION('',(0.999999283600311,6.67310248093536E-18,-0.0011969957659641));
#13806=DIRECTION('',(0.501036270541706,1.95639875174692E-16,0.865426285481126));
#13807=DIRECTION('',(-0.498963013058609,1.88966772693757E-16,0.866623281247091));
#13808=DIRECTION('',(-0.999999283600311,-6.67310248093503E-18,0.00119699576596558));
#13809=DIRECTION('',(-0.501036270541706,-1.95639875174692E-16,-0.865426285481125));
#13810=DIRECTION('',(0.498963013058608,-1.88966772693757E-16,-0.866623281247091));
#13811=DIRECTION('',(0.999999283600311,6.67310248093503E-18,-0.00119699576596558));
#13812=DIRECTION('',(0.501036270541705,1.95639875174692E-16,0.865426285481126));
#13813=DIRECTION('',(-0.498963013058609,1.88966772693757E-16,0.866623281247091));
#13814=DIRECTION('',(-0.999999283600311,-6.67310248093503E-18,0.00119699576596558));
#13815=DIRECTION('',(-0.501036270541706,-1.95639875174692E-16,-0.865426285481125));
#13816=DIRECTION('',(0.498963013058608,-1.88966772693757E-16,-0.866623281247091));
#13817=DIRECTION('',(0.999999283600311,6.67310248093503E-18,-0.00119699576596558));
#13818=DIRECTION('',(0.501036270541705,1.95639875174692E-16,0.865426285481126));
#13819=DIRECTION('',(-0.498963013058609,1.88966772693757E-16,0.866623281247091));
#13820=DIRECTION('',(-0.999999283600311,-6.67310248093536E-18,0.0011969957659641));
#13821=DIRECTION('',(-0.501036270541707,-1.95639875174692E-16,-0.865426285481125));
#13822=DIRECTION('',(0.498963013058608,-1.88966772693757E-16,-0.866623281247092));
#13823=DIRECTION('',(0.999999283600311,6.67310248093536E-18,-0.0011969957659641));
#13824=DIRECTION('',(0.501036270541706,1.95639875174692E-16,0.865426285481126));
#13825=DIRECTION('',(-0.498963013058609,1.88966772693757E-16,0.866623281247091));
#13826=DIRECTION('',(-0.999999283600311,-6.67310248093503E-18,0.00119699576596558));
#13827=DIRECTION('',(-0.501036270541706,-1.95639875174692E-16,-0.865426285481125));
#13828=DIRECTION('',(0.498963013058608,-1.88966772693757E-16,-0.866623281247091));
#13829=DIRECTION('',(0.999999283600311,6.67310248093503E-18,-0.00119699576596558));
#13830=DIRECTION('',(0.501036270541705,1.95639875174692E-16,0.865426285481126));
#13831=DIRECTION('',(-0.498963013058609,1.88966772693757E-16,0.866623281247091));
#13832=DIRECTION('',(-0.999999283600311,-6.67310248093503E-18,0.00119699576596558));
#13833=DIRECTION('',(-0.501036270541706,-1.95639875174692E-16,-0.865426285481125));
#13834=DIRECTION('',(0.498963013058608,-1.88966772693757E-16,-0.866623281247091));
#13835=DIRECTION('',(0.999999283600311,6.67310248093503E-18,-0.00119699576596558));
#13836=DIRECTION('',(0.501036270541705,1.95639875174692E-16,0.865426285481126));
#13837=DIRECTION('',(-0.498963013058609,1.88966772693757E-16,0.866623281247091));
#13838=DIRECTION('',(-0.999999283600311,-6.67310248093536E-18,0.0011969957659641));
#13839=DIRECTION('',(-0.501036270541707,-1.95639875174692E-16,-0.865426285481125));
#13840=DIRECTION('',(0.498963013058608,-1.88966772693757E-16,-0.866623281247092));
#13841=DIRECTION('',(0.999999283600311,6.67310248093536E-18,-0.0011969957659641));
#13842=DIRECTION('',(0.501036270541706,1.95639875174692E-16,0.865426285481126));
#13843=DIRECTION('',(-0.498963013058609,1.88966772693757E-16,0.866623281247091));
#13844=DIRECTION('',(-0.999999283600311,-6.67310248093503E-18,0.00119699576596558));
#13845=DIRECTION('',(-0.501036270541706,-1.95639875174692E-16,-0.865426285481125));
#13846=DIRECTION('',(0.498963013058608,-1.88966772693757E-16,-0.866623281247091));
#13847=DIRECTION('',(0.999999283600311,6.67310248093503E-18,-0.00119699576596558));
#13848=DIRECTION('',(0.501036270541705,1.95639875174692E-16,0.865426285481126));
#13849=DIRECTION('',(-0.498963013058609,1.88966772693757E-16,0.866623281247091));
#13850=DIRECTION('',(-0.999999283600311,-6.67310248093503E-18,0.00119699576596558));
#13851=DIRECTION('',(-0.501036270541706,-1.95639875174692E-16,-0.865426285481125));
#13852=DIRECTION('',(0.498963013058608,-1.88966772693757E-16,-0.866623281247091));
#13853=DIRECTION('',(0.999999283600311,6.67310248093503E-18,-0.00119699576596558));
#13854=DIRECTION('',(0.501036270541705,1.95639875174692E-16,0.865426285481126));
#13855=DIRECTION('',(-0.498963013058609,1.88966772693757E-16,0.866623281247091));
#13856=DIRECTION('',(-0.999999283600311,-6.67310248093536E-18,0.00119699576596409));
#13857=DIRECTION('',(-0.501036270541707,-1.95639875174692E-16,-0.865426285481125));
#13858=DIRECTION('',(0.498963013058608,-1.88966772693757E-16,-0.866623281247092));
#13859=DIRECTION('',(0.999999283600311,6.67310248093536E-18,-0.00119699576596409));
#13860=DIRECTION('',(0.501036270541703,1.95639875174692E-16,0.865426285481127));
#13861=DIRECTION('',(-0.498963013058607,1.88966772693757E-16,0.866623281247092));
#13862=DIRECTION('',(-0.999999283600311,-6.67310248093503E-18,0.00119699576596558));
#13863=DIRECTION('',(-0.501036270541706,-1.95639875174692E-16,-0.865426285481125));
#13864=DIRECTION('',(0.498963013058608,-1.88966772693757E-16,-0.866623281247091));
#13865=DIRECTION('',(0.999999283600311,6.67310248093503E-18,-0.00119699576596558));
#13866=DIRECTION('',(0.501036270541703,1.95639875174693E-16,0.865426285481127));
#13867=DIRECTION('',(-0.498963013058607,1.88966772693757E-16,0.866623281247092));
#13868=DIRECTION('',(-0.999999283600311,-6.67310248093503E-18,0.00119699576596558));
#13869=DIRECTION('',(-0.501036270541706,-1.95639875174692E-16,-0.865426285481125));
#13870=DIRECTION('',(0.498963013058608,-1.88966772693757E-16,-0.866623281247091));
#13871=DIRECTION('',(0.999999283600311,6.67310248093503E-18,-0.00119699576596558));
#13872=DIRECTION('',(0.501036270541703,1.95639875174693E-16,0.865426285481127));
#13873=DIRECTION('',(-0.498963013058607,1.88966772693757E-16,0.866623281247092));
#13874=DIRECTION('',(-0.999999283600311,-6.67310248093503E-18,0.00119699576596558));
#13875=DIRECTION('',(-0.501036270541706,-1.95639875174692E-16,-0.865426285481125));
#13876=DIRECTION('',(0.498963013058608,-1.88966772693757E-16,-0.866623281247091));
#13877=DIRECTION('',(0.999999283600311,6.67310248093503E-18,-0.00119699576596558));
#13878=DIRECTION('',(0.501036270541705,1.95639875174692E-16,0.865426285481126));
#13879=DIRECTION('',(-0.498963013058609,1.88966772693757E-16,0.866623281247091));
#13880=DIRECTION('',(-0.999999283600311,-6.67310248093503E-18,0.00119699576596558));
#13881=DIRECTION('',(-0.501036270541706,-1.95639875174692E-16,-0.865426285481125));
#13882=DIRECTION('',(0.498963013058608,-1.88966772693757E-16,-0.866623281247091));
#13883=DIRECTION('',(0.999999283600311,6.67310248093503E-18,-0.00119699576596558));
#13884=DIRECTION('',(0.501036270541705,1.95639875174692E-16,0.865426285481126));
#13885=DIRECTION('',(-0.498963013058609,1.88966772693757E-16,0.866623281247091));
#13886=DIRECTION('',(-0.999999283600311,-6.67310248093503E-18,0.00119699576596558));
#13887=DIRECTION('',(-0.501036270541706,-1.95639875174692E-16,-0.865426285481125));
#13888=DIRECTION('',(0.498963013058608,-1.88966772693757E-16,-0.866623281247091));
#13889=DIRECTION('',(0.999999283600311,6.67310248093503E-18,-0.00119699576596558));
#13890=DIRECTION('',(0.501036270541705,1.95639875174692E-16,0.865426285481126));
#13891=DIRECTION('',(-0.498963013058609,1.88966772693757E-16,0.866623281247091));
#13892=DIRECTION('',(-0.999999283600311,-6.67310248093503E-18,0.00119699576596558));
#13893=DIRECTION('',(-0.501036270541706,-1.95639875174692E-16,-0.865426285481125));
#13894=DIRECTION('',(0.498963013058608,-1.88966772693757E-16,-0.866623281247091));
#13895=DIRECTION('',(0.999999283600311,6.67310248093503E-18,-0.00119699576596558));
#13896=DIRECTION('',(0.501036270541705,1.95639875174692E-16,0.865426285481126));
#13897=DIRECTION('',(-0.498963013058609,1.88966772693757E-16,0.866623281247091));
#13898=DIRECTION('',(-0.999999283600311,-6.67310248093503E-18,0.00119699576596558));
#13899=DIRECTION('',(-0.501036270541706,-1.95639875174692E-16,-0.865426285481125));
#13900=DIRECTION('',(0.498963013058608,-1.88966772693757E-16,-0.866623281247091));
#13901=DIRECTION('',(0.999999283600311,6.67310248093503E-18,-0.00119699576596558));
#13902=DIRECTION('',(0.501036270541705,1.95639875174692E-16,0.865426285481126));
#13903=DIRECTION('',(-0.498963013058609,1.88966772693757E-16,0.866623281247091));
#13904=DIRECTION('',(-0.999999283600311,-6.67310248093503E-18,0.00119699576596558));
#13905=DIRECTION('',(-0.501036270541706,-1.95639875174692E-16,-0.865426285481125));
#13906=DIRECTION('',(0.498963013058608,-1.88966772693757E-16,-0.866623281247091));
#13907=DIRECTION('',(0.999999283600311,6.67310248093503E-18,-0.00119699576596558));
#13908=DIRECTION('',(0.501036270541705,1.95639875174692E-16,0.865426285481126));
#13909=DIRECTION('',(-0.498963013058609,1.88966772693757E-16,0.866623281247091));
#13910=DIRECTION('',(-0.999999283600311,-6.67310248093503E-18,0.00119699576596558));
#13911=DIRECTION('',(-0.501036270541706,-1.95639875174692E-16,-0.865426285481125));
#13912=DIRECTION('',(0.498963013058608,-1.88966772693757E-16,-0.866623281247091));
#13913=DIRECTION('',(0.999999283600311,6.67310248093503E-18,-0.00119699576596558));
#13914=DIRECTION('',(0.501036270541705,1.95639875174692E-16,0.865426285481126));
#13915=DIRECTION('',(-0.498963013058609,1.88966772693757E-16,0.866623281247091));
#13916=DIRECTION('',(-0.999999283600311,-6.67310248093503E-18,0.00119699576596558));
#13917=DIRECTION('',(-0.501036270541704,-1.95639875174692E-16,-0.865426285481127));
#13918=DIRECTION('',(0.498963013058606,-1.88966772693757E-16,-0.866623281247093));
#13919=DIRECTION('',(0.999999283600311,6.67310248093503E-18,-0.00119699576596558));
#13920=DIRECTION('',(0.501036270541705,1.95639875174692E-16,0.865426285481126));
#13921=DIRECTION('',(-0.498963013058609,1.88966772693757E-16,0.866623281247091));
#13922=DIRECTION('',(-0.999999283600311,-6.67310248093503E-18,0.00119699576596558));
#13923=DIRECTION('',(-0.501036270541704,-1.95639875174692E-16,-0.865426285481127));
#13924=DIRECTION('',(0.498963013058606,-1.88966772693757E-16,-0.866623281247093));
#13925=DIRECTION('',(0.999999283600311,6.67310248093503E-18,-0.00119699576596558));
#13926=DIRECTION('',(0.501036270541705,1.95639875174692E-16,0.865426285481126));
#13927=DIRECTION('',(-0.498963013058609,1.88966772693757E-16,0.866623281247091));
#13928=DIRECTION('',(-0.999999283600311,-6.67310248093503E-18,0.00119699576596558));
#13929=DIRECTION('',(-0.501036270541704,-1.95639875174692E-16,-0.865426285481127));
#13930=DIRECTION('',(0.498963013058606,-1.88966772693757E-16,-0.866623281247093));
#13931=DIRECTION('',(0.999999283600311,6.67310248093503E-18,-0.00119699576596558));
#13932=DIRECTION('',(0.501036270541705,1.95639875174692E-16,0.865426285481126));
#13933=DIRECTION('',(-0.498963013058609,1.88966772693757E-16,0.866623281247091));
#13934=DIRECTION('',(-0.999999283600311,-6.67310248093503E-18,0.00119699576596558));
#13935=DIRECTION('',(-0.501036270541704,-1.95639875174692E-16,-0.865426285481127));
#13936=DIRECTION('',(0.498963013058606,-1.88966772693757E-16,-0.866623281247093));
#13937=DIRECTION('',(0.999999283600311,6.67310248093503E-18,-0.00119699576596558));
#13938=DIRECTION('',(0.501036270541704,1.95639875174692E-16,0.865426285481127));
#13939=DIRECTION('',(-0.498963013058608,1.88966772693757E-16,0.866623281247091));
#13940=DIRECTION('',(-0.999999283600311,-6.67310248093503E-18,0.00119699576596558));
#13941=DIRECTION('',(-0.501036270541704,-1.95639875174692E-16,-0.865426285481127));
#13942=DIRECTION('',(0.498963013058606,-1.88966772693757E-16,-0.866623281247093));
#13943=DIRECTION('',(0.999999283600311,6.67310248093503E-18,-0.00119699576596558));
#13944=DIRECTION('',(0.501036270541704,1.95639875174692E-16,0.865426285481127));
#13945=DIRECTION('',(-0.498963013058608,1.88966772693757E-16,0.866623281247091));
#13946=DIRECTION('',(-0.999999283600311,-6.67310248093503E-18,0.00119699576596558));
#13947=DIRECTION('',(-0.501036270541704,-1.95639875174692E-16,-0.865426285481127));
#13948=DIRECTION('',(0.498963013058606,-1.88966772693757E-16,-0.866623281247093));
#13949=DIRECTION('',(0.999999283600311,6.67310248093503E-18,-0.00119699576596558));
#13950=DIRECTION('',(0.501036270541705,1.95639875174692E-16,0.865426285481126));
#13951=DIRECTION('',(-0.498963013058609,1.88966772693757E-16,0.866623281247091));
#13952=DIRECTION('',(-0.999999283600311,-6.67310248093503E-18,0.00119699576596558));
#13953=DIRECTION('',(-0.501036270541704,-1.95639875174692E-16,-0.865426285481126));
#13954=DIRECTION('',(0.498963013058607,-1.88966772693757E-16,-0.866623281247092));
#13955=DIRECTION('',(0.999999283600311,6.67310248093503E-18,-0.00119699576596558));
#13956=DIRECTION('',(0.501036270541704,1.95639875174692E-16,0.865426285481127));
#13957=DIRECTION('',(-0.498963013058608,1.88966772693757E-16,0.866623281247091));
#13958=DIRECTION('',(-0.999999283600311,-6.67310248093503E-18,0.00119699576596558));
#13959=DIRECTION('',(-0.501036270541704,-1.95639875174692E-16,-0.865426285481126));
#13960=DIRECTION('',(0.498963013058607,-1.88966772693757E-16,-0.866623281247092));
#13961=DIRECTION('',(0.999999283600311,6.67310248093503E-18,-0.00119699576596558));
#13962=DIRECTION('',(0.501036270541704,1.95639875174692E-16,0.865426285481127));
#13963=DIRECTION('',(-0.498963013058608,1.88966772693757E-16,0.866623281247091));
#13964=DIRECTION('',(-0.999999283600311,-6.67310248093503E-18,0.00119699576596558));
#13965=DIRECTION('',(-0.501036270541704,-1.95639875174692E-16,-0.865426285481126));
#13966=DIRECTION('',(0.498963013058607,-1.88966772693757E-16,-0.866623281247092));
#13967=DIRECTION('',(0.999999283600311,6.67310248093503E-18,-0.00119699576596558));
#13968=DIRECTION('',(0.501036270541704,1.95639875174692E-16,0.865426285481127));
#13969=DIRECTION('',(-0.498963013058609,1.88966772693757E-16,0.866623281247091));
#13970=DIRECTION('',(-0.999999283600311,-6.67310248093503E-18,0.00119699576596558));
#13971=DIRECTION('',(-0.501036270541704,-1.95639875174692E-16,-0.865426285481126));
#13972=DIRECTION('',(0.498963013058607,-1.88966772693757E-16,-0.866623281247092));
#13973=DIRECTION('',(0.999999283600311,6.67310248093503E-18,-0.00119699576596558));
#13974=DIRECTION('',(0.501036270541704,1.95639875174692E-16,0.865426285481127));
#13975=DIRECTION('',(-0.498963013058609,1.88966772693757E-16,0.866623281247091));
#13976=DIRECTION('',(-0.498963013058609,1.88966772693757E-16,0.866623281247091));
#13977=DIRECTION('',(-0.999999283600311,-6.67310248093503E-18,0.00119699576596558));
#13978=DIRECTION('',(-0.501036270541704,-1.95639875174692E-16,-0.865426285481126));
#13979=DIRECTION('',(0.498963013058607,-1.88966772693757E-16,-0.866623281247092));
#13980=DIRECTION('',(0.999999283600311,6.67310248093503E-18,-0.00119699576596558));
#13981=DIRECTION('',(0.501036270541704,1.95639875174692E-16,0.865426285481127));
#13982=DIRECTION('',(-0.999999283600311,-6.67310248093503E-18,0.00119699576596558));
#13983=DIRECTION('',(-0.501036270541704,-1.95639875174692E-16,-0.865426285481126));
#13984=DIRECTION('',(0.498963013058607,-1.88966772693757E-16,-0.866623281247092));
#13985=DIRECTION('',(0.999999283600311,6.67310248093503E-18,-0.00119699576596558));
#13986=DIRECTION('',(0.501036270541704,1.95639875174692E-16,0.865426285481127));
#13987=DIRECTION('',(-0.498963013058609,1.88966772693757E-16,0.866623281247091));
#13988=DIRECTION('',(-0.999999283600311,-6.67310248093503E-18,0.00119699576596558));
#13989=DIRECTION('',(-0.501036270541704,-1.95639875174692E-16,-0.865426285481126));
#13990=DIRECTION('',(0.498963013058607,-1.88966772693757E-16,-0.866623281247092));
#13991=DIRECTION('',(0.999999283600311,6.67310248093503E-18,-0.00119699576596558));
#13992=DIRECTION('',(0.501036270541704,1.95639875174692E-16,0.865426285481127));
#13993=DIRECTION('',(-0.498963013058609,1.88966772693757E-16,0.866623281247091));
#13994=DIRECTION('',(-0.999999283600311,-6.67310248093503E-18,0.00119699576596558));
#13995=DIRECTION('',(-0.501036270541704,-1.95639875174692E-16,-0.865426285481126));
#13996=DIRECTION('',(0.498963013058607,-1.88966772693757E-16,-0.866623281247092));
#13997=DIRECTION('',(0.999999283600311,6.67310248093503E-18,-0.00119699576596558));
#13998=DIRECTION('',(0.501036270541704,1.95639875174692E-16,0.865426285481127));
#13999=DIRECTION('',(-0.498963013058609,1.88966772693757E-16,0.866623281247091));
#14000=DIRECTION('',(-0.999999283600311,-6.67310248093503E-18,0.00119699576596558));
#14001=DIRECTION('',(-0.501036270541704,-1.95639875174692E-16,-0.865426285481126));
#14002=DIRECTION('',(0.498963013058607,-1.88966772693757E-16,-0.866623281247092));
#14003=DIRECTION('',(0.999999283600311,6.67310248093503E-18,-0.00119699576596558));
#14004=DIRECTION('',(0.501036270541704,1.95639875174692E-16,0.865426285481127));
#14005=DIRECTION('',(-0.498963013058608,1.88966772693757E-16,0.866623281247091));
#14006=DIRECTION('',(-0.999999283600311,-6.67310248093503E-18,0.00119699576596558));
#14007=DIRECTION('',(-0.501036270541704,-1.95639875174692E-16,-0.865426285481127));
#14008=DIRECTION('',(0.498963013058606,-1.88966772693757E-16,-0.866623281247093));
#14009=DIRECTION('',(0.999999283600311,6.67310248093503E-18,-0.00119699576596558));
#14010=DIRECTION('',(0.501036270541705,1.95639875174692E-16,0.865426285481126));
#14011=DIRECTION('',(-0.498963013058609,1.88966772693757E-16,0.866623281247091));
#14012=DIRECTION('',(-0.999999283600311,-6.67310248093503E-18,0.00119699576596558));
#14013=DIRECTION('',(-0.501036270541704,-1.95639875174692E-16,-0.865426285481127));
#14014=DIRECTION('',(0.498963013058606,-1.88966772693757E-16,-0.866623281247093));
#14015=DIRECTION('',(0.999999283600311,6.67310248093503E-18,-0.00119699576596558));
#14016=DIRECTION('',(0.501036270541705,1.95639875174692E-16,0.865426285481126));
#14017=DIRECTION('',(-0.498963013058609,1.88966772693757E-16,0.866623281247091));
#14018=DIRECTION('',(-0.999999283600311,-6.67310248093503E-18,0.00119699576596558));
#14019=DIRECTION('',(-0.501036270541704,-1.95639875174692E-16,-0.865426285481127));
#14020=DIRECTION('',(0.498963013058606,-1.88966772693757E-16,-0.866623281247093));
#14021=DIRECTION('',(0.999999283600311,6.67310248093503E-18,-0.00119699576596558));
#14022=DIRECTION('',(0.501036270541704,1.95639875174692E-16,0.865426285481127));
#14023=DIRECTION('',(-0.498963013058608,1.88966772693757E-16,0.866623281247091));
#14024=DIRECTION('',(-0.999999283600311,-6.67310248093503E-18,0.00119699576596558));
#14025=DIRECTION('',(-0.501036270541704,-1.95639875174692E-16,-0.865426285481127));
#14026=DIRECTION('',(0.498963013058606,-1.88966772693757E-16,-0.866623281247093));
#14027=DIRECTION('',(0.999999283600311,6.67310248093503E-18,-0.00119699576596558));
#14028=DIRECTION('',(0.501036270541705,1.95639875174692E-16,0.865426285481126));
#14029=DIRECTION('',(-0.498963013058609,1.88966772693757E-16,0.866623281247091));
#14030=DIRECTION('',(-0.999999283600311,-6.67310248093503E-18,0.00119699576596558));
#14031=DIRECTION('',(-0.501036270541704,-1.95639875174692E-16,-0.865426285481127));
#14032=DIRECTION('',(0.498963013058606,-1.88966772693757E-16,-0.866623281247093));
#14033=DIRECTION('',(0.999999283600311,6.67310248093503E-18,-0.00119699576596558));
#14034=DIRECTION('',(0.501036270541705,1.95639875174692E-16,0.865426285481126));
#14035=DIRECTION('',(-0.498963013058609,1.88966772693757E-16,0.866623281247091));
#14036=DIRECTION('',(-0.999999283600311,-6.67310248093503E-18,0.00119699576596558));
#14037=DIRECTION('',(-0.501036270541704,-1.95639875174692E-16,-0.865426285481127));
#14038=DIRECTION('',(0.498963013058606,-1.88966772693757E-16,-0.866623281247093));
#14039=DIRECTION('',(0.999999283600311,6.67310248093503E-18,-0.00119699576596558));
#14040=DIRECTION('',(0.501036270541705,1.95639875174692E-16,0.865426285481126));
#14041=DIRECTION('',(-0.498963013058609,1.88966772693757E-16,0.866623281247091));
#14042=DIRECTION('',(-0.999999283600311,-6.67310248093503E-18,0.00119699576596558));
#14043=DIRECTION('',(-0.501036270541706,-1.95639875174692E-16,-0.865426285481125));
#14044=DIRECTION('',(0.498963013058608,-1.88966772693757E-16,-0.866623281247091));
#14045=DIRECTION('',(0.999999283600311,6.67310248093503E-18,-0.00119699576596558));
#14046=DIRECTION('',(0.501036270541705,1.95639875174692E-16,0.865426285481126));
#14047=DIRECTION('',(-0.498963013058609,1.88966772693757E-16,0.866623281247091));
#14048=DIRECTION('',(-0.999999283600311,-6.67310248093503E-18,0.00119699576596558));
#14049=DIRECTION('',(-0.501036270541706,-1.95639875174692E-16,-0.865426285481125));
#14050=DIRECTION('',(0.498963013058608,-1.88966772693757E-16,-0.866623281247091));
#14051=DIRECTION('',(0.999999283600311,6.67310248093503E-18,-0.00119699576596558));
#14052=DIRECTION('',(0.501036270541705,1.95639875174692E-16,0.865426285481126));
#14053=DIRECTION('',(-0.498963013058609,1.88966772693757E-16,0.866623281247091));
#14054=DIRECTION('',(-0.999999283600311,-6.67310248093503E-18,0.00119699576596558));
#14055=DIRECTION('',(-0.501036270541706,-1.95639875174692E-16,-0.865426285481125));
#14056=DIRECTION('',(0.498963013058608,-1.88966772693757E-16,-0.866623281247091));
#14057=DIRECTION('',(0.999999283600311,6.67310248093503E-18,-0.00119699576596558));
#14058=DIRECTION('',(0.501036270541705,1.95639875174692E-16,0.865426285481126));
#14059=DIRECTION('',(-0.498963013058609,1.88966772693757E-16,0.866623281247091));
#14060=DIRECTION('',(-0.999999283600311,-6.67310248093503E-18,0.00119699576596558));
#14061=DIRECTION('',(-0.501036270541706,-1.95639875174692E-16,-0.865426285481125));
#14062=DIRECTION('',(0.498963013058608,-1.88966772693757E-16,-0.866623281247091));
#14063=DIRECTION('',(0.999999283600311,6.67310248093503E-18,-0.00119699576596558));
#14064=DIRECTION('',(0.501036270541705,1.95639875174692E-16,0.865426285481126));
#14065=DIRECTION('',(-0.498963013058609,1.88966772693757E-16,0.866623281247091));
#14066=DIRECTION('',(-0.999999283600311,-6.67310248093503E-18,0.00119699576596558));
#14067=DIRECTION('',(-0.501036270541706,-1.95639875174692E-16,-0.865426285481125));
#14068=DIRECTION('',(0.498963013058608,-1.88966772693757E-16,-0.866623281247091));
#14069=DIRECTION('',(0.999999283600311,6.67310248093503E-18,-0.00119699576596558));
#14070=DIRECTION('',(0.501036270541705,1.95639875174692E-16,0.865426285481126));
#14071=DIRECTION('',(-0.498963013058609,1.88966772693757E-16,0.866623281247091));
#14072=DIRECTION('',(-0.999999283600311,-6.67310248093503E-18,0.00119699576596558));
#14073=DIRECTION('',(-0.501036270541706,-1.95639875174692E-16,-0.865426285481125));
#14074=DIRECTION('',(0.498963013058608,-1.88966772693757E-16,-0.866623281247091));
#14075=DIRECTION('',(0.999999283600311,6.67310248093503E-18,-0.00119699576596558));
#14076=DIRECTION('',(0.501036270541705,1.95639875174692E-16,0.865426285481126));
#14077=DIRECTION('',(-0.498963013058609,1.88966772693757E-16,0.866623281247091));
#14078=DIRECTION('',(-0.999999283600311,-6.67310248093503E-18,0.00119699576596558));
#14079=DIRECTION('',(-0.501036270541706,-1.95639875174692E-16,-0.865426285481125));
#14080=DIRECTION('',(0.498963013058608,-1.88966772693757E-16,-0.866623281247091));
#14081=DIRECTION('',(0.999999283600311,6.67310248093503E-18,-0.00119699576596558));
#14082=DIRECTION('',(0.501036270541705,1.95639875174692E-16,0.865426285481126));
#14083=DIRECTION('',(-0.498963013058609,1.88966772693757E-16,0.866623281247091));
#14084=DIRECTION('',(-0.999999283600311,-6.67310248093503E-18,0.00119699576596558));
#14085=DIRECTION('',(-0.501036270541706,-1.95639875174692E-16,-0.865426285481125));
#14086=DIRECTION('',(0.498963013058608,-1.88966772693757E-16,-0.866623281247091));
#14087=DIRECTION('',(0.999999283600311,6.67310248093503E-18,-0.00119699576596558));
#14088=DIRECTION('',(0.501036270541705,1.95639875174692E-16,0.865426285481126));
#14089=DIRECTION('',(-0.498963013058609,1.88966772693757E-16,0.866623281247091));
#14090=DIRECTION('',(-0.999999283600311,-6.67310248093503E-18,0.00119699576596558));
#14091=DIRECTION('',(-0.501036270541706,-1.95639875174692E-16,-0.865426285481125));
#14092=DIRECTION('',(0.498963013058608,-1.88966772693757E-16,-0.866623281247091));
#14093=DIRECTION('',(0.999999283600311,6.67310248093503E-18,-0.00119699576596558));
#14094=DIRECTION('',(0.501036270541703,1.95639875174693E-16,0.865426285481127));
#14095=DIRECTION('',(-0.498963013058607,1.88966772693757E-16,0.866623281247092));
#14096=DIRECTION('center_axis',(-6.93889390390723E-18,2.22044604925031E-16,
1.));
#14097=DIRECTION('ref_axis',(-0.274998288770277,-0.961444715609493,2.11575428085236E-16));
#14098=DIRECTION('center_axis',(6.93889390390723E-18,-1.,2.22044604925031E-16));
#14099=DIRECTION('ref_axis',(1.,6.93889390390723E-18,6.93889390390723E-18));
#14100=DIRECTION('center_axis',(6.93889390390723E-18,-1.,2.22044604925031E-16));
#14101=DIRECTION('ref_axis',(1.,6.93889390390723E-18,6.93889390390723E-18));
#14102=DIRECTION('center_axis',(-0.961523947640823,-0.274721127897378,5.43284316497866E-17));
#14103=DIRECTION('ref_axis',(0.274721127897378,-0.961523947640823,2.15407465839505E-16));
#14104=DIRECTION('center_axis',(-0.00119699576596558,-2.22052751678969E-16,
-0.999999283600312));
#14105=DIRECTION('ref_axis',(-0.999999283600311,-6.67310248093503E-18,0.00119699576596558));
#14106=DIRECTION('',(-6.93889390390723E-18,1.,-2.22044604925031E-16));
#14107=DIRECTION('',(-6.93889390390723E-18,1.,-2.22044604925031E-16));
#14108=DIRECTION('center_axis',(0.865426285481127,-1.05247299568937E-16,
-0.501036270541703));
#14109=DIRECTION('ref_axis',(-0.501036270541703,-1.95639875174693E-16,-0.865426285481127));
#14110=DIRECTION('',(-6.93889390390723E-18,1.,-2.22044604925031E-16));
#14111=DIRECTION('center_axis',(0.866623281247092,1.16805452110031E-16,
0.498963013058607));
#14112=DIRECTION('ref_axis',(0.498963013058607,-1.88966772693757E-16,-0.866623281247092));
#14113=DIRECTION('',(-6.93889390390723E-18,1.,-2.22044604925031E-16));
#14114=DIRECTION('center_axis',(0.00119699576596558,2.22052751678969E-16,
0.999999283600312));
#14115=DIRECTION('ref_axis',(0.999999283600311,6.67310248093503E-18,-0.00119699576596558));
#14116=DIRECTION('',(-6.93889390390723E-18,1.,-2.22044604925031E-16));
#14117=DIRECTION('center_axis',(-0.865426285481125,1.05247299568938E-16,
0.501036270541706));
#14118=DIRECTION('ref_axis',(0.501036270541706,1.95639875174692E-16,0.865426285481125));
#14119=DIRECTION('',(-6.93889390390723E-18,1.,-2.22044604925031E-16));
#14120=DIRECTION('center_axis',(-0.866623281247091,-1.16805452110031E-16,
-0.498963013058608));
#14121=DIRECTION('ref_axis',(-0.498963013058608,1.88966772693757E-16,0.866623281247091));
#14122=DIRECTION('center_axis',(-0.00119699576596558,-2.22052751678969E-16,
-0.999999283600312));
#14123=DIRECTION('ref_axis',(-0.999999283600311,-6.67310248093503E-18,0.00119699576596558));
#14124=DIRECTION('',(-6.93889390390723E-18,1.,-2.22044604925031E-16));
#14125=DIRECTION('',(-6.93889390390723E-18,1.,-2.22044604925031E-16));
#14126=DIRECTION('center_axis',(0.865426285481126,-1.05247299568938E-16,
-0.501036270541705));
#14127=DIRECTION('ref_axis',(-0.501036270541705,-1.95639875174692E-16,-0.865426285481126));
#14128=DIRECTION('',(-6.93889390390723E-18,1.,-2.22044604925031E-16));
#14129=DIRECTION('center_axis',(0.866623281247091,1.16805452110032E-16,
0.49896301305861));
#14130=DIRECTION('ref_axis',(0.498963013058609,-1.88966772693757E-16,-0.866623281247091));
#14131=DIRECTION('',(-6.93889390390723E-18,1.,-2.22044604925031E-16));
#14132=DIRECTION('center_axis',(0.00119699576596558,2.22052751678969E-16,
0.999999283600312));
#14133=DIRECTION('ref_axis',(0.999999283600311,6.67310248093503E-18,-0.00119699576596558));
#14134=DIRECTION('',(-6.93889390390723E-18,1.,-2.22044604925031E-16));
#14135=DIRECTION('center_axis',(-0.865426285481125,1.05247299568938E-16,
0.501036270541706));
#14136=DIRECTION('ref_axis',(0.501036270541706,1.95639875174692E-16,0.865426285481125));
#14137=DIRECTION('',(-6.93889390390723E-18,1.,-2.22044604925031E-16));
#14138=DIRECTION('center_axis',(-0.866623281247091,-1.16805452110031E-16,
-0.498963013058608));
#14139=DIRECTION('ref_axis',(-0.498963013058608,1.88966772693757E-16,0.866623281247091));
#14140=DIRECTION('center_axis',(-0.00119699576596558,-2.22052751678969E-16,
-0.999999283600312));
#14141=DIRECTION('ref_axis',(-0.999999283600311,-6.67310248093503E-18,0.00119699576596558));
#14142=DIRECTION('',(-6.93889390390723E-18,1.,-2.22044604925031E-16));
#14143=DIRECTION('',(-6.93889390390723E-18,1.,-2.22044604925031E-16));
#14144=DIRECTION('center_axis',(0.865426285481126,-1.05247299568938E-16,
-0.501036270541705));
#14145=DIRECTION('ref_axis',(-0.501036270541705,-1.95639875174692E-16,-0.865426285481126));
#14146=DIRECTION('',(-6.93889390390723E-18,1.,-2.22044604925031E-16));
#14147=DIRECTION('center_axis',(0.866623281247091,1.16805452110032E-16,
0.49896301305861));
#14148=DIRECTION('ref_axis',(0.498963013058609,-1.88966772693757E-16,-0.866623281247091));
#14149=DIRECTION('',(-6.93889390390723E-18,1.,-2.22044604925031E-16));
#14150=DIRECTION('center_axis',(0.00119699576596558,2.22052751678969E-16,
0.999999283600312));
#14151=DIRECTION('ref_axis',(0.999999283600311,6.67310248093503E-18,-0.00119699576596558));
#14152=DIRECTION('',(-6.93889390390723E-18,1.,-2.22044604925031E-16));
#14153=DIRECTION('center_axis',(-0.865426285481125,1.05247299568938E-16,
0.501036270541706));
#14154=DIRECTION('ref_axis',(0.501036270541706,1.95639875174692E-16,0.865426285481125));
#14155=DIRECTION('',(-6.93889390390723E-18,1.,-2.22044604925031E-16));
#14156=DIRECTION('center_axis',(-0.866623281247091,-1.16805452110031E-16,
-0.498963013058608));
#14157=DIRECTION('ref_axis',(-0.498963013058608,1.88966772693757E-16,0.866623281247091));
#14158=DIRECTION('center_axis',(-0.00119699576596558,-2.22052751678969E-16,
-0.999999283600312));
#14159=DIRECTION('ref_axis',(-0.999999283600311,-6.67310248093503E-18,0.00119699576596558));
#14160=DIRECTION('',(-6.93889390390723E-18,1.,-2.22044604925031E-16));
#14161=DIRECTION('',(-6.93889390390723E-18,1.,-2.22044604925031E-16));
#14162=DIRECTION('center_axis',(0.865426285481126,-1.05247299568938E-16,
-0.501036270541705));
#14163=DIRECTION('ref_axis',(-0.501036270541705,-1.95639875174692E-16,-0.865426285481126));
#14164=DIRECTION('',(-6.93889390390723E-18,1.,-2.22044604925031E-16));
#14165=DIRECTION('center_axis',(0.866623281247091,1.16805452110032E-16,
0.49896301305861));
#14166=DIRECTION('ref_axis',(0.498963013058609,-1.88966772693757E-16,-0.866623281247091));
#14167=DIRECTION('',(-6.93889390390723E-18,1.,-2.22044604925031E-16));
#14168=DIRECTION('center_axis',(0.00119699576596558,2.22052751678969E-16,
0.999999283600312));
#14169=DIRECTION('ref_axis',(0.999999283600311,6.67310248093503E-18,-0.00119699576596558));
#14170=DIRECTION('',(-6.93889390390723E-18,1.,-2.22044604925031E-16));
#14171=DIRECTION('center_axis',(-0.865426285481125,1.05247299568938E-16,
0.501036270541706));
#14172=DIRECTION('ref_axis',(0.501036270541706,1.95639875174692E-16,0.865426285481125));
#14173=DIRECTION('',(-6.93889390390723E-18,1.,-2.22044604925031E-16));
#14174=DIRECTION('center_axis',(-0.866623281247091,-1.16805452110031E-16,
-0.498963013058608));
#14175=DIRECTION('ref_axis',(-0.498963013058608,1.88966772693757E-16,0.866623281247091));
#14176=DIRECTION('center_axis',(-0.00119699576596558,-2.22052751678969E-16,
-0.999999283600312));
#14177=DIRECTION('ref_axis',(-0.999999283600311,-6.67310248093503E-18,0.00119699576596558));
#14178=DIRECTION('',(-6.93889390390723E-18,1.,-2.22044604925031E-16));
#14179=DIRECTION('',(-6.93889390390723E-18,1.,-2.22044604925031E-16));
#14180=DIRECTION('center_axis',(0.865426285481126,-1.05247299568938E-16,
-0.501036270541705));
#14181=DIRECTION('ref_axis',(-0.501036270541705,-1.95639875174692E-16,-0.865426285481126));
#14182=DIRECTION('',(-6.93889390390723E-18,1.,-2.22044604925031E-16));
#14183=DIRECTION('center_axis',(0.866623281247091,1.16805452110032E-16,
0.49896301305861));
#14184=DIRECTION('ref_axis',(0.498963013058609,-1.88966772693757E-16,-0.866623281247091));
#14185=DIRECTION('',(-6.93889390390723E-18,1.,-2.22044604925031E-16));
#14186=DIRECTION('center_axis',(0.00119699576596558,2.22052751678969E-16,
0.999999283600312));
#14187=DIRECTION('ref_axis',(0.999999283600311,6.67310248093503E-18,-0.00119699576596558));
#14188=DIRECTION('',(-6.93889390390723E-18,1.,-2.22044604925031E-16));
#14189=DIRECTION('center_axis',(-0.865426285481125,1.05247299568938E-16,
0.501036270541706));
#14190=DIRECTION('ref_axis',(0.501036270541706,1.95639875174692E-16,0.865426285481125));
#14191=DIRECTION('',(-6.93889390390723E-18,1.,-2.22044604925031E-16));
#14192=DIRECTION('center_axis',(-0.866623281247091,-1.16805452110031E-16,
-0.498963013058608));
#14193=DIRECTION('ref_axis',(-0.498963013058608,1.88966772693757E-16,0.866623281247091));
#14194=DIRECTION('center_axis',(-0.00119699576596558,-2.22052751678969E-16,
-0.999999283600312));
#14195=DIRECTION('ref_axis',(-0.999999283600311,-6.67310248093503E-18,0.00119699576596558));
#14196=DIRECTION('',(-6.93889390390723E-18,1.,-2.22044604925031E-16));
#14197=DIRECTION('',(-6.93889390390723E-18,1.,-2.22044604925031E-16));
#14198=DIRECTION('center_axis',(0.865426285481126,-1.05247299568938E-16,
-0.501036270541705));
#14199=DIRECTION('ref_axis',(-0.501036270541705,-1.95639875174692E-16,-0.865426285481126));
#14200=DIRECTION('',(-6.93889390390723E-18,1.,-2.22044604925031E-16));
#14201=DIRECTION('center_axis',(0.866623281247091,1.16805452110032E-16,
0.49896301305861));
#14202=DIRECTION('ref_axis',(0.498963013058609,-1.88966772693757E-16,-0.866623281247091));
#14203=DIRECTION('',(-6.93889390390723E-18,1.,-2.22044604925031E-16));
#14204=DIRECTION('center_axis',(0.00119699576596558,2.22052751678969E-16,
0.999999283600312));
#14205=DIRECTION('ref_axis',(0.999999283600311,6.67310248093503E-18,-0.00119699576596558));
#14206=DIRECTION('',(-6.93889390390723E-18,1.,-2.22044604925031E-16));
#14207=DIRECTION('center_axis',(-0.865426285481125,1.05247299568938E-16,
0.501036270541706));
#14208=DIRECTION('ref_axis',(0.501036270541706,1.95639875174692E-16,0.865426285481125));
#14209=DIRECTION('',(-6.93889390390723E-18,1.,-2.22044604925031E-16));
#14210=DIRECTION('center_axis',(-0.866623281247091,-1.16805452110031E-16,
-0.498963013058608));
#14211=DIRECTION('ref_axis',(-0.498963013058608,1.88966772693757E-16,0.866623281247091));
#14212=DIRECTION('center_axis',(-0.00119699576596558,-2.22052751678969E-16,
-0.999999283600312));
#14213=DIRECTION('ref_axis',(-0.999999283600311,-6.67310248093503E-18,0.00119699576596558));
#14214=DIRECTION('',(-6.93889390390723E-18,1.,-2.22044604925031E-16));
#14215=DIRECTION('',(-6.93889390390723E-18,1.,-2.22044604925031E-16));
#14216=DIRECTION('center_axis',(0.865426285481126,-1.05247299568938E-16,
-0.501036270541705));
#14217=DIRECTION('ref_axis',(-0.501036270541705,-1.95639875174692E-16,-0.865426285481126));
#14218=DIRECTION('',(-6.93889390390723E-18,1.,-2.22044604925031E-16));
#14219=DIRECTION('center_axis',(0.866623281247091,1.16805452110032E-16,
0.49896301305861));
#14220=DIRECTION('ref_axis',(0.498963013058609,-1.88966772693757E-16,-0.866623281247091));
#14221=DIRECTION('',(-6.93889390390723E-18,1.,-2.22044604925031E-16));
#14222=DIRECTION('center_axis',(0.00119699576596558,2.22052751678969E-16,
0.999999283600312));
#14223=DIRECTION('ref_axis',(0.999999283600311,6.67310248093503E-18,-0.00119699576596558));
#14224=DIRECTION('',(-6.93889390390723E-18,1.,-2.22044604925031E-16));
#14225=DIRECTION('center_axis',(-0.865426285481125,1.05247299568938E-16,
0.501036270541706));
#14226=DIRECTION('ref_axis',(0.501036270541706,1.95639875174692E-16,0.865426285481125));
#14227=DIRECTION('',(-6.93889390390723E-18,1.,-2.22044604925031E-16));
#14228=DIRECTION('center_axis',(-0.866623281247091,-1.16805452110031E-16,
-0.498963013058608));
#14229=DIRECTION('ref_axis',(-0.498963013058608,1.88966772693757E-16,0.866623281247091));
#14230=DIRECTION('center_axis',(-0.00119699576596558,-2.22052751678969E-16,
-0.999999283600312));
#14231=DIRECTION('ref_axis',(-0.999999283600311,-6.67310248093503E-18,0.00119699576596558));
#14232=DIRECTION('',(-6.93889390390723E-18,1.,-2.22044604925031E-16));
#14233=DIRECTION('',(-6.93889390390723E-18,1.,-2.22044604925031E-16));
#14234=DIRECTION('center_axis',(0.865426285481126,-1.05247299568938E-16,
-0.501036270541705));
#14235=DIRECTION('ref_axis',(-0.501036270541705,-1.95639875174692E-16,-0.865426285481126));
#14236=DIRECTION('',(-6.93889390390723E-18,1.,-2.22044604925031E-16));
#14237=DIRECTION('center_axis',(0.866623281247091,1.16805452110032E-16,
0.49896301305861));
#14238=DIRECTION('ref_axis',(0.498963013058609,-1.88966772693757E-16,-0.866623281247091));
#14239=DIRECTION('',(-6.93889390390723E-18,1.,-2.22044604925031E-16));
#14240=DIRECTION('center_axis',(0.00119699576596558,2.22052751678969E-16,
0.999999283600312));
#14241=DIRECTION('ref_axis',(0.999999283600311,6.67310248093503E-18,-0.00119699576596558));
#14242=DIRECTION('',(-6.93889390390723E-18,1.,-2.22044604925031E-16));
#14243=DIRECTION('center_axis',(-0.865426285481125,1.05247299568938E-16,
0.501036270541706));
#14244=DIRECTION('ref_axis',(0.501036270541706,1.95639875174692E-16,0.865426285481125));
#14245=DIRECTION('',(-6.93889390390723E-18,1.,-2.22044604925031E-16));
#14246=DIRECTION('center_axis',(-0.866623281247091,-1.16805452110031E-16,
-0.498963013058608));
#14247=DIRECTION('ref_axis',(-0.498963013058608,1.88966772693757E-16,0.866623281247091));
#14248=DIRECTION('center_axis',(-0.00119699576596558,-2.22052751678969E-16,
-0.999999283600312));
#14249=DIRECTION('ref_axis',(-0.999999283600311,-6.67310248093503E-18,0.00119699576596558));
#14250=DIRECTION('',(-6.93889390390723E-18,1.,-2.22044604925031E-16));
#14251=DIRECTION('',(-6.93889390390723E-18,1.,-2.22044604925031E-16));
#14252=DIRECTION('center_axis',(0.865426285481126,-1.05247299568938E-16,
-0.501036270541705));
#14253=DIRECTION('ref_axis',(-0.501036270541705,-1.95639875174692E-16,-0.865426285481126));
#14254=DIRECTION('',(-6.93889390390723E-18,1.,-2.22044604925031E-16));
#14255=DIRECTION('center_axis',(0.866623281247091,1.16805452110032E-16,
0.49896301305861));
#14256=DIRECTION('ref_axis',(0.498963013058609,-1.88966772693757E-16,-0.866623281247091));
#14257=DIRECTION('',(-6.93889390390723E-18,1.,-2.22044604925031E-16));
#14258=DIRECTION('center_axis',(0.00119699576596558,2.22052751678969E-16,
0.999999283600312));
#14259=DIRECTION('ref_axis',(0.999999283600311,6.67310248093503E-18,-0.00119699576596558));
#14260=DIRECTION('',(-6.93889390390723E-18,1.,-2.22044604925031E-16));
#14261=DIRECTION('center_axis',(-0.865426285481125,1.05247299568938E-16,
0.501036270541706));
#14262=DIRECTION('ref_axis',(0.501036270541706,1.95639875174692E-16,0.865426285481125));
#14263=DIRECTION('',(-6.93889390390723E-18,1.,-2.22044604925031E-16));
#14264=DIRECTION('center_axis',(-0.866623281247091,-1.16805452110031E-16,
-0.498963013058608));
#14265=DIRECTION('ref_axis',(-0.498963013058608,1.88966772693757E-16,0.866623281247091));
#14266=DIRECTION('center_axis',(-0.00119699576596558,-2.22052751678969E-16,
-0.999999283600312));
#14267=DIRECTION('ref_axis',(-0.999999283600311,-6.67310248093503E-18,0.00119699576596558));
#14268=DIRECTION('',(-6.93889390390723E-18,1.,-2.22044604925031E-16));
#14269=DIRECTION('',(-6.93889390390723E-18,1.,-2.22044604925031E-16));
#14270=DIRECTION('center_axis',(0.865426285481126,-1.05247299568938E-16,
-0.501036270541705));
#14271=DIRECTION('ref_axis',(-0.501036270541705,-1.95639875174692E-16,-0.865426285481126));
#14272=DIRECTION('',(-6.93889390390723E-18,1.,-2.22044604925031E-16));
#14273=DIRECTION('center_axis',(0.866623281247091,1.16805452110032E-16,
0.49896301305861));
#14274=DIRECTION('ref_axis',(0.498963013058609,-1.88966772693757E-16,-0.866623281247091));
#14275=DIRECTION('',(-6.93889390390723E-18,1.,-2.22044604925031E-16));
#14276=DIRECTION('center_axis',(0.00119699576596558,2.22052751678969E-16,
0.999999283600312));
#14277=DIRECTION('ref_axis',(0.999999283600311,6.67310248093503E-18,-0.00119699576596558));
#14278=DIRECTION('',(-6.93889390390723E-18,1.,-2.22044604925031E-16));
#14279=DIRECTION('center_axis',(-0.865426285481127,1.05247299568938E-16,
0.501036270541704));
#14280=DIRECTION('ref_axis',(0.501036270541704,1.95639875174692E-16,0.865426285481127));
#14281=DIRECTION('',(-6.93889390390723E-18,1.,-2.22044604925031E-16));
#14282=DIRECTION('center_axis',(-0.866623281247093,-1.16805452110031E-16,
-0.498963013058606));
#14283=DIRECTION('ref_axis',(-0.498963013058606,1.88966772693757E-16,0.866623281247093));
#14284=DIRECTION('center_axis',(-0.00119699576596558,-2.22052751678969E-16,
-0.999999283600312));
#14285=DIRECTION('ref_axis',(-0.999999283600311,-6.67310248093503E-18,0.00119699576596558));
#14286=DIRECTION('',(-6.93889390390723E-18,1.,-2.22044604925031E-16));
#14287=DIRECTION('',(-6.93889390390723E-18,1.,-2.22044604925031E-16));
#14288=DIRECTION('center_axis',(0.865426285481126,-1.05247299568938E-16,
-0.501036270541705));
#14289=DIRECTION('ref_axis',(-0.501036270541705,-1.95639875174692E-16,-0.865426285481126));
#14290=DIRECTION('',(-6.93889390390723E-18,1.,-2.22044604925031E-16));
#14291=DIRECTION('center_axis',(0.866623281247091,1.16805452110032E-16,
0.49896301305861));
#14292=DIRECTION('ref_axis',(0.498963013058609,-1.88966772693757E-16,-0.866623281247091));
#14293=DIRECTION('',(-6.93889390390723E-18,1.,-2.22044604925031E-16));
#14294=DIRECTION('center_axis',(0.00119699576596558,2.22052751678969E-16,
0.999999283600312));
#14295=DIRECTION('ref_axis',(0.999999283600311,6.67310248093503E-18,-0.00119699576596558));
#14296=DIRECTION('',(-6.93889390390723E-18,1.,-2.22044604925031E-16));
#14297=DIRECTION('center_axis',(-0.865426285481127,1.05247299568938E-16,
0.501036270541704));
#14298=DIRECTION('ref_axis',(0.501036270541704,1.95639875174692E-16,0.865426285481127));
#14299=DIRECTION('',(-6.93889390390723E-18,1.,-2.22044604925031E-16));
#14300=DIRECTION('center_axis',(-0.866623281247093,-1.16805452110031E-16,
-0.498963013058606));
#14301=DIRECTION('ref_axis',(-0.498963013058606,1.88966772693757E-16,0.866623281247093));
#14302=DIRECTION('center_axis',(-0.00119699576596558,-2.22052751678969E-16,
-0.999999283600312));
#14303=DIRECTION('ref_axis',(-0.999999283600311,-6.67310248093503E-18,0.00119699576596558));
#14304=DIRECTION('',(-6.93889390390723E-18,1.,-2.22044604925031E-16));
#14305=DIRECTION('',(-6.93889390390723E-18,1.,-2.22044604925031E-16));
#14306=DIRECTION('center_axis',(0.865426285481126,-1.05247299568938E-16,
-0.501036270541705));
#14307=DIRECTION('ref_axis',(-0.501036270541705,-1.95639875174692E-16,-0.865426285481126));
#14308=DIRECTION('',(-6.93889390390723E-18,1.,-2.22044604925031E-16));
#14309=DIRECTION('center_axis',(0.866623281247091,1.16805452110032E-16,
0.49896301305861));
#14310=DIRECTION('ref_axis',(0.498963013058609,-1.88966772693757E-16,-0.866623281247091));
#14311=DIRECTION('',(-6.93889390390723E-18,1.,-2.22044604925031E-16));
#14312=DIRECTION('center_axis',(0.00119699576596558,2.22052751678969E-16,
0.999999283600312));
#14313=DIRECTION('ref_axis',(0.999999283600311,6.67310248093503E-18,-0.00119699576596558));
#14314=DIRECTION('',(-6.93889390390723E-18,1.,-2.22044604925031E-16));
#14315=DIRECTION('center_axis',(-0.865426285481127,1.05247299568938E-16,
0.501036270541704));
#14316=DIRECTION('ref_axis',(0.501036270541704,1.95639875174692E-16,0.865426285481127));
#14317=DIRECTION('',(-6.93889390390723E-18,1.,-2.22044604925031E-16));
#14318=DIRECTION('center_axis',(-0.866623281247093,-1.16805452110031E-16,
-0.498963013058606));
#14319=DIRECTION('ref_axis',(-0.498963013058606,1.88966772693757E-16,0.866623281247093));
#14320=DIRECTION('center_axis',(-0.00119699576596558,-2.22052751678969E-16,
-0.999999283600312));
#14321=DIRECTION('ref_axis',(-0.999999283600311,-6.67310248093503E-18,0.00119699576596558));
#14322=DIRECTION('',(-6.93889390390723E-18,1.,-2.22044604925031E-16));
#14323=DIRECTION('',(-6.93889390390723E-18,1.,-2.22044604925031E-16));
#14324=DIRECTION('center_axis',(0.865426285481127,-1.05247299568938E-16,
-0.501036270541704));
#14325=DIRECTION('ref_axis',(-0.501036270541704,-1.95639875174692E-16,-0.865426285481127));
#14326=DIRECTION('',(-6.93889390390723E-18,1.,-2.22044604925031E-16));
#14327=DIRECTION('center_axis',(0.866623281247091,1.16805452110031E-16,
0.498963013058608));
#14328=DIRECTION('ref_axis',(0.498963013058608,-1.88966772693757E-16,-0.866623281247091));
#14329=DIRECTION('',(-6.93889390390723E-18,1.,-2.22044604925031E-16));
#14330=DIRECTION('center_axis',(0.00119699576596558,2.22052751678969E-16,
0.999999283600312));
#14331=DIRECTION('ref_axis',(0.999999283600311,6.67310248093503E-18,-0.00119699576596558));
#14332=DIRECTION('',(-6.93889390390723E-18,1.,-2.22044604925031E-16));
#14333=DIRECTION('center_axis',(-0.865426285481127,1.05247299568938E-16,
0.501036270541704));
#14334=DIRECTION('ref_axis',(0.501036270541704,1.95639875174692E-16,0.865426285481127));
#14335=DIRECTION('',(-6.93889390390723E-18,1.,-2.22044604925031E-16));
#14336=DIRECTION('center_axis',(-0.866623281247093,-1.16805452110031E-16,
-0.498963013058606));
#14337=DIRECTION('ref_axis',(-0.498963013058606,1.88966772693757E-16,0.866623281247093));
#14338=DIRECTION('center_axis',(-0.00119699576596558,-2.22052751678969E-16,
-0.999999283600312));
#14339=DIRECTION('ref_axis',(-0.999999283600311,-6.67310248093503E-18,0.00119699576596558));
#14340=DIRECTION('',(-6.93889390390723E-18,1.,-2.22044604925031E-16));
#14341=DIRECTION('',(-6.93889390390723E-18,1.,-2.22044604925031E-16));
#14342=DIRECTION('center_axis',(0.865426285481126,-1.05247299568938E-16,
-0.501036270541705));
#14343=DIRECTION('ref_axis',(-0.501036270541705,-1.95639875174692E-16,-0.865426285481126));
#14344=DIRECTION('',(-6.93889390390723E-18,1.,-2.22044604925031E-16));
#14345=DIRECTION('center_axis',(0.866623281247091,1.16805452110032E-16,
0.49896301305861));
#14346=DIRECTION('ref_axis',(0.498963013058609,-1.88966772693757E-16,-0.866623281247091));
#14347=DIRECTION('',(-6.93889390390723E-18,1.,-2.22044604925031E-16));
#14348=DIRECTION('center_axis',(0.00119699576596558,2.22052751678969E-16,
0.999999283600312));
#14349=DIRECTION('ref_axis',(0.999999283600311,6.67310248093503E-18,-0.00119699576596558));
#14350=DIRECTION('',(-6.93889390390723E-18,1.,-2.22044604925031E-16));
#14351=DIRECTION('center_axis',(-0.865426285481127,1.05247299568938E-16,
0.501036270541704));
#14352=DIRECTION('ref_axis',(0.501036270541704,1.95639875174692E-16,0.865426285481127));
#14353=DIRECTION('',(-6.93889390390723E-18,1.,-2.22044604925031E-16));
#14354=DIRECTION('center_axis',(-0.866623281247093,-1.16805452110031E-16,
-0.498963013058606));
#14355=DIRECTION('ref_axis',(-0.498963013058606,1.88966772693757E-16,0.866623281247093));
#14356=DIRECTION('center_axis',(-0.00119699576596558,-2.22052751678969E-16,
-0.999999283600312));
#14357=DIRECTION('ref_axis',(-0.999999283600311,-6.67310248093503E-18,0.00119699576596558));
#14358=DIRECTION('',(-6.93889390390723E-18,1.,-2.22044604925031E-16));
#14359=DIRECTION('',(-6.93889390390723E-18,1.,-2.22044604925031E-16));
#14360=DIRECTION('center_axis',(0.865426285481126,-1.05247299568938E-16,
-0.501036270541705));
#14361=DIRECTION('ref_axis',(-0.501036270541705,-1.95639875174692E-16,-0.865426285481126));
#14362=DIRECTION('',(-6.93889390390723E-18,1.,-2.22044604925031E-16));
#14363=DIRECTION('center_axis',(0.866623281247091,1.16805452110032E-16,
0.49896301305861));
#14364=DIRECTION('ref_axis',(0.498963013058609,-1.88966772693757E-16,-0.866623281247091));
#14365=DIRECTION('',(-6.93889390390723E-18,1.,-2.22044604925031E-16));
#14366=DIRECTION('center_axis',(0.00119699576596558,2.22052751678969E-16,
0.999999283600312));
#14367=DIRECTION('ref_axis',(0.999999283600311,6.67310248093503E-18,-0.00119699576596558));
#14368=DIRECTION('',(-6.93889390390723E-18,1.,-2.22044604925031E-16));
#14369=DIRECTION('center_axis',(-0.865426285481127,1.05247299568938E-16,
0.501036270541704));
#14370=DIRECTION('ref_axis',(0.501036270541704,1.95639875174692E-16,0.865426285481127));
#14371=DIRECTION('',(-6.93889390390723E-18,1.,-2.22044604925031E-16));
#14372=DIRECTION('center_axis',(-0.866623281247093,-1.16805452110031E-16,
-0.498963013058606));
#14373=DIRECTION('ref_axis',(-0.498963013058606,1.88966772693757E-16,0.866623281247093));
#14374=DIRECTION('center_axis',(-0.00119699576596558,-2.22052751678969E-16,
-0.999999283600312));
#14375=DIRECTION('ref_axis',(-0.999999283600311,-6.67310248093503E-18,0.00119699576596558));
#14376=DIRECTION('',(-6.93889390390723E-18,1.,-2.22044604925031E-16));
#14377=DIRECTION('',(-6.93889390390723E-18,1.,-2.22044604925031E-16));
#14378=DIRECTION('center_axis',(0.865426285481127,-1.05247299568938E-16,
-0.501036270541704));
#14379=DIRECTION('ref_axis',(-0.501036270541704,-1.95639875174692E-16,-0.865426285481127));
#14380=DIRECTION('',(-6.93889390390723E-18,1.,-2.22044604925031E-16));
#14381=DIRECTION('center_axis',(0.866623281247091,1.16805452110031E-16,
0.498963013058608));
#14382=DIRECTION('ref_axis',(0.498963013058608,-1.88966772693757E-16,-0.866623281247091));
#14383=DIRECTION('',(-6.93889390390723E-18,1.,-2.22044604925031E-16));
#14384=DIRECTION('center_axis',(0.00119699576596558,2.22052751678969E-16,
0.999999283600312));
#14385=DIRECTION('ref_axis',(0.999999283600311,6.67310248093503E-18,-0.00119699576596558));
#14386=DIRECTION('',(-6.93889390390723E-18,1.,-2.22044604925031E-16));
#14387=DIRECTION('center_axis',(-0.865426285481126,1.05247299568938E-16,
0.501036270541704));
#14388=DIRECTION('ref_axis',(0.501036270541704,1.95639875174692E-16,0.865426285481126));
#14389=DIRECTION('',(-6.93889390390723E-18,1.,-2.22044604925031E-16));
#14390=DIRECTION('center_axis',(-0.866623281247092,-1.16805452110031E-16,
-0.498963013058607));
#14391=DIRECTION('ref_axis',(-0.498963013058607,1.88966772693757E-16,0.866623281247092));
#14392=DIRECTION('center_axis',(-0.00119699576596558,-2.22052751678969E-16,
-0.999999283600312));
#14393=DIRECTION('ref_axis',(-0.999999283600311,-6.67310248093503E-18,0.00119699576596558));
#14394=DIRECTION('',(-6.93889390390723E-18,1.,-2.22044604925031E-16));
#14395=DIRECTION('',(-6.93889390390723E-18,1.,-2.22044604925031E-16));
#14396=DIRECTION('center_axis',(0.865426285481127,-1.05247299568938E-16,
-0.501036270541704));
#14397=DIRECTION('ref_axis',(-0.501036270541704,-1.95639875174692E-16,-0.865426285481127));
#14398=DIRECTION('',(-6.93889390390723E-18,1.,-2.22044604925031E-16));
#14399=DIRECTION('center_axis',(0.866623281247091,1.16805452110032E-16,
0.498963013058609));
#14400=DIRECTION('ref_axis',(0.498963013058609,-1.88966772693757E-16,-0.866623281247091));
#14401=DIRECTION('',(-6.93889390390723E-18,1.,-2.22044604925031E-16));
#14402=DIRECTION('center_axis',(0.00119699576596558,2.22052751678969E-16,
0.999999283600312));
#14403=DIRECTION('ref_axis',(0.999999283600311,6.67310248093503E-18,-0.00119699576596558));
#14404=DIRECTION('',(-6.93889390390723E-18,1.,-2.22044604925031E-16));
#14405=DIRECTION('center_axis',(-0.865426285481126,1.05247299568938E-16,
0.501036270541704));
#14406=DIRECTION('ref_axis',(0.501036270541704,1.95639875174692E-16,0.865426285481126));
#14407=DIRECTION('',(-6.93889390390723E-18,1.,-2.22044604925031E-16));
#14408=DIRECTION('center_axis',(-0.866623281247092,-1.16805452110031E-16,
-0.498963013058607));
#14409=DIRECTION('ref_axis',(-0.498963013058607,1.88966772693757E-16,0.866623281247092));
#14410=DIRECTION('center_axis',(-0.00119699576596558,-2.22052751678969E-16,
-0.999999283600312));
#14411=DIRECTION('ref_axis',(-0.999999283600311,-6.67310248093503E-18,0.00119699576596558));
#14412=DIRECTION('',(-6.93889390390723E-18,1.,-2.22044604925031E-16));
#14413=DIRECTION('',(-6.93889390390723E-18,1.,-2.22044604925031E-16));
#14414=DIRECTION('center_axis',(0.865426285481127,-1.05247299568938E-16,
-0.501036270541704));
#14415=DIRECTION('ref_axis',(-0.501036270541704,-1.95639875174692E-16,-0.865426285481127));
#14416=DIRECTION('',(-6.93889390390723E-18,1.,-2.22044604925031E-16));
#14417=DIRECTION('center_axis',(0.866623281247091,1.16805452110032E-16,
0.498963013058609));
#14418=DIRECTION('ref_axis',(0.498963013058609,-1.88966772693757E-16,-0.866623281247091));
#14419=DIRECTION('',(-6.93889390390723E-18,1.,-2.22044604925031E-16));
#14420=DIRECTION('center_axis',(0.00119699576596558,2.22052751678969E-16,
0.999999283600312));
#14421=DIRECTION('ref_axis',(0.999999283600311,6.67310248093503E-18,-0.00119699576596558));
#14422=DIRECTION('',(-6.93889390390723E-18,1.,-2.22044604925031E-16));
#14423=DIRECTION('center_axis',(-0.865426285481126,1.05247299568938E-16,
0.501036270541704));
#14424=DIRECTION('ref_axis',(0.501036270541704,1.95639875174692E-16,0.865426285481126));
#14425=DIRECTION('',(-6.93889390390723E-18,1.,-2.22044604925031E-16));
#14426=DIRECTION('center_axis',(-0.866623281247092,-1.16805452110031E-16,
-0.498963013058607));
#14427=DIRECTION('ref_axis',(-0.498963013058607,1.88966772693757E-16,0.866623281247092));
#14428=DIRECTION('center_axis',(-0.00119699576596558,-2.22052751678969E-16,
-0.999999283600312));
#14429=DIRECTION('ref_axis',(-0.999999283600311,-6.67310248093503E-18,0.00119699576596558));
#14430=DIRECTION('',(-6.93889390390723E-18,1.,-2.22044604925031E-16));
#14431=DIRECTION('',(-6.93889390390723E-18,1.,-2.22044604925031E-16));
#14432=DIRECTION('center_axis',(0.865426285481127,-1.05247299568938E-16,
-0.501036270541704));
#14433=DIRECTION('ref_axis',(-0.501036270541704,-1.95639875174692E-16,-0.865426285481127));
#14434=DIRECTION('',(-6.93889390390723E-18,1.,-2.22044604925031E-16));
#14435=DIRECTION('center_axis',(0.866623281247091,1.16805452110031E-16,
0.498963013058609));
#14436=DIRECTION('ref_axis',(0.498963013058609,-1.88966772693757E-16,-0.866623281247091));
#14437=DIRECTION('',(-6.93889390390723E-18,1.,-2.22044604925031E-16));
#14438=DIRECTION('center_axis',(0.00119699576596558,2.22052751678969E-16,
0.999999283600312));
#14439=DIRECTION('ref_axis',(0.999999283600311,6.67310248093503E-18,-0.00119699576596558));
#14440=DIRECTION('',(-6.93889390390723E-18,1.,-2.22044604925031E-16));
#14441=DIRECTION('center_axis',(-0.865426285481126,1.05247299568938E-16,
0.501036270541704));
#14442=DIRECTION('ref_axis',(0.501036270541704,1.95639875174692E-16,0.865426285481126));
#14443=DIRECTION('',(-6.93889390390723E-18,1.,-2.22044604925031E-16));
#14444=DIRECTION('center_axis',(-0.866623281247092,-1.16805452110031E-16,
-0.498963013058607));
#14445=DIRECTION('ref_axis',(-0.498963013058607,1.88966772693757E-16,0.866623281247092));
#14446=DIRECTION('center_axis',(-0.866623281247092,-1.16805452110031E-16,
-0.498963013058607));
#14447=DIRECTION('ref_axis',(-0.498963013058607,1.88966772693757E-16,0.866623281247092));
#14448=DIRECTION('',(-6.93889390390723E-18,1.,-2.22044604925031E-16));
#14449=DIRECTION('',(-6.93889390390723E-18,1.,-2.22044604925031E-16));
#14450=DIRECTION('center_axis',(-0.00119699576596558,-2.22052751678969E-16,
-0.999999283600312));
#14451=DIRECTION('ref_axis',(-0.999999283600311,-6.67310248093503E-18,0.00119699576596558));
#14452=DIRECTION('',(-6.93889390390723E-18,1.,-2.22044604925031E-16));
#14453=DIRECTION('center_axis',(0.865426285481127,-1.05247299568938E-16,
-0.501036270541704));
#14454=DIRECTION('ref_axis',(-0.501036270541704,-1.95639875174692E-16,-0.865426285481127));
#14455=DIRECTION('',(-6.93889390390723E-18,1.,-2.22044604925031E-16));
#14456=DIRECTION('center_axis',(0.866623281247091,1.16805452110031E-16,
0.498963013058609));
#14457=DIRECTION('ref_axis',(0.498963013058609,-1.88966772693757E-16,-0.866623281247091));
#14458=DIRECTION('',(-6.93889390390723E-18,1.,-2.22044604925031E-16));
#14459=DIRECTION('center_axis',(0.00119699576596558,2.22052751678969E-16,
0.999999283600312));
#14460=DIRECTION('ref_axis',(0.999999283600311,6.67310248093503E-18,-0.00119699576596558));
#14461=DIRECTION('',(-6.93889390390723E-18,1.,-2.22044604925031E-16));
#14462=DIRECTION('center_axis',(-0.865426285481126,1.05247299568938E-16,
0.501036270541704));
#14463=DIRECTION('ref_axis',(0.501036270541704,1.95639875174692E-16,0.865426285481126));
#14464=DIRECTION('center_axis',(-0.00119699576596558,-2.22052751678969E-16,
-0.999999283600312));
#14465=DIRECTION('ref_axis',(-0.999999283600311,-6.67310248093503E-18,0.00119699576596558));
#14466=DIRECTION('',(-6.93889390390723E-18,1.,-2.22044604925031E-16));
#14467=DIRECTION('',(-6.93889390390723E-18,1.,-2.22044604925031E-16));
#14468=DIRECTION('center_axis',(0.865426285481127,-1.05247299568938E-16,
-0.501036270541704));
#14469=DIRECTION('ref_axis',(-0.501036270541704,-1.95639875174692E-16,-0.865426285481127));
#14470=DIRECTION('',(-6.93889390390723E-18,1.,-2.22044604925031E-16));
#14471=DIRECTION('center_axis',(0.866623281247091,1.16805452110031E-16,
0.498963013058609));
#14472=DIRECTION('ref_axis',(0.498963013058609,-1.88966772693757E-16,-0.866623281247091));
#14473=DIRECTION('',(-6.93889390390723E-18,1.,-2.22044604925031E-16));
#14474=DIRECTION('center_axis',(0.00119699576596558,2.22052751678969E-16,
0.999999283600312));
#14475=DIRECTION('ref_axis',(0.999999283600311,6.67310248093503E-18,-0.00119699576596558));
#14476=DIRECTION('',(-6.93889390390723E-18,1.,-2.22044604925031E-16));
#14477=DIRECTION('center_axis',(-0.865426285481126,1.05247299568938E-16,
0.501036270541704));
#14478=DIRECTION('ref_axis',(0.501036270541704,1.95639875174692E-16,0.865426285481126));
#14479=DIRECTION('',(-6.93889390390723E-18,1.,-2.22044604925031E-16));
#14480=DIRECTION('center_axis',(-0.866623281247092,-1.16805452110031E-16,
-0.498963013058607));
#14481=DIRECTION('ref_axis',(-0.498963013058607,1.88966772693757E-16,0.866623281247092));
#14482=DIRECTION('center_axis',(-0.00119699576596558,-2.22052751678969E-16,
-0.999999283600312));
#14483=DIRECTION('ref_axis',(-0.999999283600311,-6.67310248093503E-18,0.00119699576596558));
#14484=DIRECTION('',(-6.93889390390723E-18,1.,-2.22044604925031E-16));
#14485=DIRECTION('',(-6.93889390390723E-18,1.,-2.22044604925031E-16));
#14486=DIRECTION('center_axis',(0.865426285481127,-1.05247299568938E-16,
-0.501036270541704));
#14487=DIRECTION('ref_axis',(-0.501036270541704,-1.95639875174692E-16,-0.865426285481127));
#14488=DIRECTION('',(-6.93889390390723E-18,1.,-2.22044604925031E-16));
#14489=DIRECTION('center_axis',(0.866623281247091,1.16805452110032E-16,
0.498963013058609));
#14490=DIRECTION('ref_axis',(0.498963013058609,-1.88966772693757E-16,-0.866623281247091));
#14491=DIRECTION('',(-6.93889390390723E-18,1.,-2.22044604925031E-16));
#14492=DIRECTION('center_axis',(0.00119699576596558,2.22052751678969E-16,
0.999999283600312));
#14493=DIRECTION('ref_axis',(0.999999283600311,6.67310248093503E-18,-0.00119699576596558));
#14494=DIRECTION('',(-6.93889390390723E-18,1.,-2.22044604925031E-16));
#14495=DIRECTION('center_axis',(-0.865426285481126,1.05247299568938E-16,
0.501036270541704));
#14496=DIRECTION('ref_axis',(0.501036270541704,1.95639875174692E-16,0.865426285481126));
#14497=DIRECTION('',(-6.93889390390723E-18,1.,-2.22044604925031E-16));
#14498=DIRECTION('center_axis',(-0.866623281247092,-1.16805452110031E-16,
-0.498963013058607));
#14499=DIRECTION('ref_axis',(-0.498963013058607,1.88966772693757E-16,0.866623281247092));
#14500=DIRECTION('center_axis',(-0.00119699576596558,-2.22052751678969E-16,
-0.999999283600312));
#14501=DIRECTION('ref_axis',(-0.999999283600311,-6.67310248093503E-18,0.00119699576596558));
#14502=DIRECTION('',(-6.93889390390723E-18,1.,-2.22044604925031E-16));
#14503=DIRECTION('',(-6.93889390390723E-18,1.,-2.22044604925031E-16));
#14504=DIRECTION('center_axis',(0.865426285481127,-1.05247299568938E-16,
-0.501036270541704));
#14505=DIRECTION('ref_axis',(-0.501036270541704,-1.95639875174692E-16,-0.865426285481127));
#14506=DIRECTION('',(-6.93889390390723E-18,1.,-2.22044604925031E-16));
#14507=DIRECTION('center_axis',(0.866623281247091,1.16805452110031E-16,
0.498963013058608));
#14508=DIRECTION('ref_axis',(0.498963013058608,-1.88966772693757E-16,-0.866623281247091));
#14509=DIRECTION('',(-6.93889390390723E-18,1.,-2.22044604925031E-16));
#14510=DIRECTION('center_axis',(0.00119699576596558,2.22052751678969E-16,
0.999999283600312));
#14511=DIRECTION('ref_axis',(0.999999283600311,6.67310248093503E-18,-0.00119699576596558));
#14512=DIRECTION('',(-6.93889390390723E-18,1.,-2.22044604925031E-16));
#14513=DIRECTION('center_axis',(-0.865426285481126,1.05247299568938E-16,
0.501036270541704));
#14514=DIRECTION('ref_axis',(0.501036270541704,1.95639875174692E-16,0.865426285481126));
#14515=DIRECTION('',(-6.93889390390723E-18,1.,-2.22044604925031E-16));
#14516=DIRECTION('center_axis',(-0.866623281247092,-1.16805452110031E-16,
-0.498963013058607));
#14517=DIRECTION('ref_axis',(-0.498963013058607,1.88966772693757E-16,0.866623281247092));
#14518=DIRECTION('center_axis',(-0.00119699576596558,-2.22052751678969E-16,
-0.999999283600312));
#14519=DIRECTION('ref_axis',(-0.999999283600311,-6.67310248093503E-18,0.00119699576596558));
#14520=DIRECTION('',(-6.93889390390723E-18,1.,-2.22044604925031E-16));
#14521=DIRECTION('',(-6.93889390390723E-18,1.,-2.22044604925031E-16));
#14522=DIRECTION('center_axis',(0.865426285481127,-1.05247299568938E-16,
-0.501036270541704));
#14523=DIRECTION('ref_axis',(-0.501036270541704,-1.95639875174692E-16,-0.865426285481127));
#14524=DIRECTION('',(-6.93889390390723E-18,1.,-2.22044604925031E-16));
#14525=DIRECTION('center_axis',(0.866623281247091,1.16805452110031E-16,
0.498963013058608));
#14526=DIRECTION('ref_axis',(0.498963013058608,-1.88966772693757E-16,-0.866623281247091));
#14527=DIRECTION('',(-6.93889390390723E-18,1.,-2.22044604925031E-16));
#14528=DIRECTION('center_axis',(0.00119699576596558,2.22052751678969E-16,
0.999999283600312));
#14529=DIRECTION('ref_axis',(0.999999283600311,6.67310248093503E-18,-0.00119699576596558));
#14530=DIRECTION('',(-6.93889390390723E-18,1.,-2.22044604925031E-16));
#14531=DIRECTION('center_axis',(-0.865426285481126,1.05247299568938E-16,
0.501036270541704));
#14532=DIRECTION('ref_axis',(0.501036270541704,1.95639875174692E-16,0.865426285481126));
#14533=DIRECTION('',(-6.93889390390723E-18,1.,-2.22044604925031E-16));
#14534=DIRECTION('center_axis',(-0.866623281247092,-1.16805452110031E-16,
-0.498963013058607));
#14535=DIRECTION('ref_axis',(-0.498963013058607,1.88966772693757E-16,0.866623281247092));
#14536=DIRECTION('center_axis',(-0.00119699576596558,-2.22052751678969E-16,
-0.999999283600312));
#14537=DIRECTION('ref_axis',(-0.999999283600311,-6.67310248093503E-18,0.00119699576596558));
#14538=DIRECTION('',(-6.93889390390723E-18,1.,-2.22044604925031E-16));
#14539=DIRECTION('',(-6.93889390390723E-18,1.,-2.22044604925031E-16));
#14540=DIRECTION('center_axis',(0.865426285481126,-1.05247299568938E-16,
-0.501036270541705));
#14541=DIRECTION('ref_axis',(-0.501036270541705,-1.95639875174692E-16,-0.865426285481126));
#14542=DIRECTION('',(-6.93889390390723E-18,1.,-2.22044604925031E-16));
#14543=DIRECTION('center_axis',(0.866623281247091,1.16805452110032E-16,
0.49896301305861));
#14544=DIRECTION('ref_axis',(0.498963013058609,-1.88966772693757E-16,-0.866623281247091));
#14545=DIRECTION('',(-6.93889390390723E-18,1.,-2.22044604925031E-16));
#14546=DIRECTION('center_axis',(0.00119699576596558,2.22052751678969E-16,
0.999999283600312));
#14547=DIRECTION('ref_axis',(0.999999283600311,6.67310248093503E-18,-0.00119699576596558));
#14548=DIRECTION('',(-6.93889390390723E-18,1.,-2.22044604925031E-16));
#14549=DIRECTION('center_axis',(-0.865426285481127,1.05247299568938E-16,
0.501036270541704));
#14550=DIRECTION('ref_axis',(0.501036270541704,1.95639875174692E-16,0.865426285481127));
#14551=DIRECTION('',(-6.93889390390723E-18,1.,-2.22044604925031E-16));
#14552=DIRECTION('center_axis',(-0.866623281247093,-1.16805452110031E-16,
-0.498963013058606));
#14553=DIRECTION('ref_axis',(-0.498963013058606,1.88966772693757E-16,0.866623281247093));
#14554=DIRECTION('center_axis',(-0.00119699576596558,-2.22052751678969E-16,
-0.999999283600312));
#14555=DIRECTION('ref_axis',(-0.999999283600311,-6.67310248093503E-18,0.00119699576596558));
#14556=DIRECTION('',(-6.93889390390723E-18,1.,-2.22044604925031E-16));
#14557=DIRECTION('',(-6.93889390390723E-18,1.,-2.22044604925031E-16));
#14558=DIRECTION('center_axis',(0.865426285481127,-1.05247299568938E-16,
-0.501036270541704));
#14559=DIRECTION('ref_axis',(-0.501036270541704,-1.95639875174692E-16,-0.865426285481127));
#14560=DIRECTION('',(-6.93889390390723E-18,1.,-2.22044604925031E-16));
#14561=DIRECTION('center_axis',(0.866623281247091,1.16805452110031E-16,
0.498963013058608));
#14562=DIRECTION('ref_axis',(0.498963013058608,-1.88966772693757E-16,-0.866623281247091));
#14563=DIRECTION('',(-6.93889390390723E-18,1.,-2.22044604925031E-16));
#14564=DIRECTION('center_axis',(0.00119699576596558,2.22052751678969E-16,
0.999999283600312));
#14565=DIRECTION('ref_axis',(0.999999283600311,6.67310248093503E-18,-0.00119699576596558));
#14566=DIRECTION('',(-6.93889390390723E-18,1.,-2.22044604925031E-16));
#14567=DIRECTION('center_axis',(-0.865426285481127,1.05247299568938E-16,
0.501036270541704));
#14568=DIRECTION('ref_axis',(0.501036270541704,1.95639875174692E-16,0.865426285481127));
#14569=DIRECTION('',(-6.93889390390723E-18,1.,-2.22044604925031E-16));
#14570=DIRECTION('center_axis',(-0.866623281247093,-1.16805452110031E-16,
-0.498963013058606));
#14571=DIRECTION('ref_axis',(-0.498963013058606,1.88966772693757E-16,0.866623281247093));
#14572=DIRECTION('center_axis',(-0.00119699576596558,-2.22052751678969E-16,
-0.999999283600312));
#14573=DIRECTION('ref_axis',(-0.999999283600311,-6.67310248093503E-18,0.00119699576596558));
#14574=DIRECTION('',(-6.93889390390723E-18,1.,-2.22044604925031E-16));
#14575=DIRECTION('',(-6.93889390390723E-18,1.,-2.22044604925031E-16));
#14576=DIRECTION('center_axis',(0.865426285481127,-1.05247299568938E-16,
-0.501036270541704));
#14577=DIRECTION('ref_axis',(-0.501036270541704,-1.95639875174692E-16,-0.865426285481127));
#14578=DIRECTION('',(-6.93889390390723E-18,1.,-2.22044604925031E-16));
#14579=DIRECTION('center_axis',(0.866623281247091,1.16805452110031E-16,
0.498963013058608));
#14580=DIRECTION('ref_axis',(0.498963013058608,-1.88966772693757E-16,-0.866623281247091));
#14581=DIRECTION('',(-6.93889390390723E-18,1.,-2.22044604925031E-16));
#14582=DIRECTION('center_axis',(0.00119699576596558,2.22052751678969E-16,
0.999999283600312));
#14583=DIRECTION('ref_axis',(0.999999283600311,6.67310248093503E-18,-0.00119699576596558));
#14584=DIRECTION('',(-6.93889390390723E-18,1.,-2.22044604925031E-16));
#14585=DIRECTION('center_axis',(-0.865426285481127,1.05247299568938E-16,
0.501036270541704));
#14586=DIRECTION('ref_axis',(0.501036270541704,1.95639875174692E-16,0.865426285481127));
#14587=DIRECTION('',(-6.93889390390723E-18,1.,-2.22044604925031E-16));
#14588=DIRECTION('center_axis',(-0.866623281247093,-1.16805452110031E-16,
-0.498963013058606));
#14589=DIRECTION('ref_axis',(-0.498963013058606,1.88966772693757E-16,0.866623281247093));
#14590=DIRECTION('center_axis',(-0.00119699576596558,-2.22052751678969E-16,
-0.999999283600312));
#14591=DIRECTION('ref_axis',(-0.999999283600311,-6.67310248093503E-18,0.00119699576596558));
#14592=DIRECTION('',(-6.93889390390723E-18,1.,-2.22044604925031E-16));
#14593=DIRECTION('',(-6.93889390390723E-18,1.,-2.22044604925031E-16));
#14594=DIRECTION('center_axis',(0.865426285481126,-1.05247299568938E-16,
-0.501036270541705));
#14595=DIRECTION('ref_axis',(-0.501036270541705,-1.95639875174692E-16,-0.865426285481126));
#14596=DIRECTION('',(-6.93889390390723E-18,1.,-2.22044604925031E-16));
#14597=DIRECTION('center_axis',(0.866623281247091,1.16805452110032E-16,
0.49896301305861));
#14598=DIRECTION('ref_axis',(0.498963013058609,-1.88966772693757E-16,-0.866623281247091));
#14599=DIRECTION('',(-6.93889390390723E-18,1.,-2.22044604925031E-16));
#14600=DIRECTION('center_axis',(0.00119699576596558,2.22052751678969E-16,
0.999999283600312));
#14601=DIRECTION('ref_axis',(0.999999283600311,6.67310248093503E-18,-0.00119699576596558));
#14602=DIRECTION('',(-6.93889390390723E-18,1.,-2.22044604925031E-16));
#14603=DIRECTION('center_axis',(-0.865426285481127,1.05247299568938E-16,
0.501036270541704));
#14604=DIRECTION('ref_axis',(0.501036270541704,1.95639875174692E-16,0.865426285481127));
#14605=DIRECTION('',(-6.93889390390723E-18,1.,-2.22044604925031E-16));
#14606=DIRECTION('center_axis',(-0.866623281247093,-1.16805452110031E-16,
-0.498963013058606));
#14607=DIRECTION('ref_axis',(-0.498963013058606,1.88966772693757E-16,0.866623281247093));
#14608=DIRECTION('center_axis',(-0.00119699576596558,-2.22052751678969E-16,
-0.999999283600312));
#14609=DIRECTION('ref_axis',(-0.999999283600311,-6.67310248093503E-18,0.00119699576596558));
#14610=DIRECTION('',(-6.93889390390723E-18,1.,-2.22044604925031E-16));
#14611=DIRECTION('',(-6.93889390390723E-18,1.,-2.22044604925031E-16));
#14612=DIRECTION('center_axis',(0.865426285481126,-1.05247299568938E-16,
-0.501036270541705));
#14613=DIRECTION('ref_axis',(-0.501036270541705,-1.95639875174692E-16,-0.865426285481126));
#14614=DIRECTION('',(-6.93889390390723E-18,1.,-2.22044604925031E-16));
#14615=DIRECTION('center_axis',(0.866623281247091,1.16805452110032E-16,
0.49896301305861));
#14616=DIRECTION('ref_axis',(0.498963013058609,-1.88966772693757E-16,-0.866623281247091));
#14617=DIRECTION('',(-6.93889390390723E-18,1.,-2.22044604925031E-16));
#14618=DIRECTION('center_axis',(0.00119699576596558,2.22052751678969E-16,
0.999999283600312));
#14619=DIRECTION('ref_axis',(0.999999283600311,6.67310248093503E-18,-0.00119699576596558));
#14620=DIRECTION('',(-6.93889390390723E-18,1.,-2.22044604925031E-16));
#14621=DIRECTION('center_axis',(-0.865426285481127,1.05247299568938E-16,
0.501036270541704));
#14622=DIRECTION('ref_axis',(0.501036270541704,1.95639875174692E-16,0.865426285481127));
#14623=DIRECTION('',(-6.93889390390723E-18,1.,-2.22044604925031E-16));
#14624=DIRECTION('center_axis',(-0.866623281247093,-1.16805452110031E-16,
-0.498963013058606));
#14625=DIRECTION('ref_axis',(-0.498963013058606,1.88966772693757E-16,0.866623281247093));
#14626=DIRECTION('center_axis',(-0.00119699576596558,-2.22052751678969E-16,
-0.999999283600312));
#14627=DIRECTION('ref_axis',(-0.999999283600311,-6.67310248093503E-18,0.00119699576596558));
#14628=DIRECTION('',(-6.93889390390723E-18,1.,-2.22044604925031E-16));
#14629=DIRECTION('',(-6.93889390390723E-18,1.,-2.22044604925031E-16));
#14630=DIRECTION('center_axis',(0.865426285481126,-1.05247299568938E-16,
-0.501036270541705));
#14631=DIRECTION('ref_axis',(-0.501036270541705,-1.95639875174692E-16,-0.865426285481126));
#14632=DIRECTION('',(-6.93889390390723E-18,1.,-2.22044604925031E-16));
#14633=DIRECTION('center_axis',(0.866623281247091,1.16805452110032E-16,
0.49896301305861));
#14634=DIRECTION('ref_axis',(0.498963013058609,-1.88966772693757E-16,-0.866623281247091));
#14635=DIRECTION('',(-6.93889390390723E-18,1.,-2.22044604925031E-16));
#14636=DIRECTION('center_axis',(0.00119699576596558,2.22052751678969E-16,
0.999999283600312));
#14637=DIRECTION('ref_axis',(0.999999283600311,6.67310248093503E-18,-0.00119699576596558));
#14638=DIRECTION('',(-6.93889390390723E-18,1.,-2.22044604925031E-16));
#14639=DIRECTION('center_axis',(-0.865426285481127,1.05247299568938E-16,
0.501036270541704));
#14640=DIRECTION('ref_axis',(0.501036270541704,1.95639875174692E-16,0.865426285481127));
#14641=DIRECTION('',(-6.93889390390723E-18,1.,-2.22044604925031E-16));
#14642=DIRECTION('center_axis',(-0.866623281247093,-1.16805452110031E-16,
-0.498963013058606));
#14643=DIRECTION('ref_axis',(-0.498963013058606,1.88966772693757E-16,0.866623281247093));
#14644=DIRECTION('center_axis',(-0.00119699576596558,-2.22052751678969E-16,
-0.999999283600312));
#14645=DIRECTION('ref_axis',(-0.999999283600311,-6.67310248093503E-18,0.00119699576596558));
#14646=DIRECTION('',(-6.93889390390723E-18,1.,-2.22044604925031E-16));
#14647=DIRECTION('',(-6.93889390390723E-18,1.,-2.22044604925031E-16));
#14648=DIRECTION('center_axis',(0.865426285481126,-1.05247299568938E-16,
-0.501036270541705));
#14649=DIRECTION('ref_axis',(-0.501036270541705,-1.95639875174692E-16,-0.865426285481126));
#14650=DIRECTION('',(-6.93889390390723E-18,1.,-2.22044604925031E-16));
#14651=DIRECTION('center_axis',(0.866623281247091,1.16805452110032E-16,
0.49896301305861));
#14652=DIRECTION('ref_axis',(0.498963013058609,-1.88966772693757E-16,-0.866623281247091));
#14653=DIRECTION('',(-6.93889390390723E-18,1.,-2.22044604925031E-16));
#14654=DIRECTION('center_axis',(0.00119699576596558,2.22052751678969E-16,
0.999999283600312));
#14655=DIRECTION('ref_axis',(0.999999283600311,6.67310248093503E-18,-0.00119699576596558));
#14656=DIRECTION('',(-6.93889390390723E-18,1.,-2.22044604925031E-16));
#14657=DIRECTION('center_axis',(-0.865426285481125,1.05247299568938E-16,
0.501036270541706));
#14658=DIRECTION('ref_axis',(0.501036270541706,1.95639875174692E-16,0.865426285481125));
#14659=DIRECTION('',(-6.93889390390723E-18,1.,-2.22044604925031E-16));
#14660=DIRECTION('center_axis',(-0.866623281247091,-1.16805452110031E-16,
-0.498963013058608));
#14661=DIRECTION('ref_axis',(-0.498963013058608,1.88966772693757E-16,0.866623281247091));
#14662=DIRECTION('center_axis',(-0.00119699576596558,-2.22052751678969E-16,
-0.999999283600312));
#14663=DIRECTION('ref_axis',(-0.999999283600311,-6.67310248093503E-18,0.00119699576596558));
#14664=DIRECTION('',(-6.93889390390723E-18,1.,-2.22044604925031E-16));
#14665=DIRECTION('',(-6.93889390390723E-18,1.,-2.22044604925031E-16));
#14666=DIRECTION('center_axis',(0.865426285481126,-1.05247299568938E-16,
-0.501036270541705));
#14667=DIRECTION('ref_axis',(-0.501036270541705,-1.95639875174692E-16,-0.865426285481126));
#14668=DIRECTION('',(-6.93889390390723E-18,1.,-2.22044604925031E-16));
#14669=DIRECTION('center_axis',(0.866623281247091,1.16805452110032E-16,
0.49896301305861));
#14670=DIRECTION('ref_axis',(0.498963013058609,-1.88966772693757E-16,-0.866623281247091));
#14671=DIRECTION('',(-6.93889390390723E-18,1.,-2.22044604925031E-16));
#14672=DIRECTION('center_axis',(0.00119699576596558,2.22052751678969E-16,
0.999999283600312));
#14673=DIRECTION('ref_axis',(0.999999283600311,6.67310248093503E-18,-0.00119699576596558));
#14674=DIRECTION('',(-6.93889390390723E-18,1.,-2.22044604925031E-16));
#14675=DIRECTION('center_axis',(-0.865426285481125,1.05247299568938E-16,
0.501036270541706));
#14676=DIRECTION('ref_axis',(0.501036270541706,1.95639875174692E-16,0.865426285481125));
#14677=DIRECTION('',(-6.93889390390723E-18,1.,-2.22044604925031E-16));
#14678=DIRECTION('center_axis',(-0.866623281247091,-1.16805452110031E-16,
-0.498963013058608));
#14679=DIRECTION('ref_axis',(-0.498963013058608,1.88966772693757E-16,0.866623281247091));
#14680=DIRECTION('center_axis',(-0.00119699576596558,-2.22052751678969E-16,
-0.999999283600312));
#14681=DIRECTION('ref_axis',(-0.999999283600311,-6.67310248093503E-18,0.00119699576596558));
#14682=DIRECTION('',(-6.93889390390723E-18,1.,-2.22044604925031E-16));
#14683=DIRECTION('',(-6.93889390390723E-18,1.,-2.22044604925031E-16));
#14684=DIRECTION('center_axis',(0.865426285481126,-1.05247299568938E-16,
-0.501036270541705));
#14685=DIRECTION('ref_axis',(-0.501036270541705,-1.95639875174692E-16,-0.865426285481126));
#14686=DIRECTION('',(-6.93889390390723E-18,1.,-2.22044604925031E-16));
#14687=DIRECTION('center_axis',(0.866623281247091,1.16805452110032E-16,
0.49896301305861));
#14688=DIRECTION('ref_axis',(0.498963013058609,-1.88966772693757E-16,-0.866623281247091));
#14689=DIRECTION('',(-6.93889390390723E-18,1.,-2.22044604925031E-16));
#14690=DIRECTION('center_axis',(0.00119699576596558,2.22052751678969E-16,
0.999999283600312));
#14691=DIRECTION('ref_axis',(0.999999283600311,6.67310248093503E-18,-0.00119699576596558));
#14692=DIRECTION('',(-6.93889390390723E-18,1.,-2.22044604925031E-16));
#14693=DIRECTION('center_axis',(-0.865426285481125,1.05247299568938E-16,
0.501036270541706));
#14694=DIRECTION('ref_axis',(0.501036270541706,1.95639875174692E-16,0.865426285481125));
#14695=DIRECTION('',(-6.93889390390723E-18,1.,-2.22044604925031E-16));
#14696=DIRECTION('center_axis',(-0.866623281247091,-1.16805452110031E-16,
-0.498963013058608));
#14697=DIRECTION('ref_axis',(-0.498963013058608,1.88966772693757E-16,0.866623281247091));
#14698=DIRECTION('center_axis',(-0.00119699576596558,-2.22052751678969E-16,
-0.999999283600312));
#14699=DIRECTION('ref_axis',(-0.999999283600311,-6.67310248093503E-18,0.00119699576596558));
#14700=DIRECTION('',(-6.93889390390723E-18,1.,-2.22044604925031E-16));
#14701=DIRECTION('',(-6.93889390390723E-18,1.,-2.22044604925031E-16));
#14702=DIRECTION('center_axis',(0.865426285481126,-1.05247299568938E-16,
-0.501036270541705));
#14703=DIRECTION('ref_axis',(-0.501036270541705,-1.95639875174692E-16,-0.865426285481126));
#14704=DIRECTION('',(-6.93889390390723E-18,1.,-2.22044604925031E-16));
#14705=DIRECTION('center_axis',(0.866623281247091,1.16805452110032E-16,
0.49896301305861));
#14706=DIRECTION('ref_axis',(0.498963013058609,-1.88966772693757E-16,-0.866623281247091));
#14707=DIRECTION('',(-6.93889390390723E-18,1.,-2.22044604925031E-16));
#14708=DIRECTION('center_axis',(0.00119699576596558,2.22052751678969E-16,
0.999999283600312));
#14709=DIRECTION('ref_axis',(0.999999283600311,6.67310248093503E-18,-0.00119699576596558));
#14710=DIRECTION('',(-6.93889390390723E-18,1.,-2.22044604925031E-16));
#14711=DIRECTION('center_axis',(-0.865426285481125,1.05247299568938E-16,
0.501036270541706));
#14712=DIRECTION('ref_axis',(0.501036270541706,1.95639875174692E-16,0.865426285481125));
#14713=DIRECTION('',(-6.93889390390723E-18,1.,-2.22044604925031E-16));
#14714=DIRECTION('center_axis',(-0.866623281247091,-1.16805452110031E-16,
-0.498963013058608));
#14715=DIRECTION('ref_axis',(-0.498963013058608,1.88966772693757E-16,0.866623281247091));
#14716=DIRECTION('center_axis',(-0.00119699576596558,-2.22052751678969E-16,
-0.999999283600312));
#14717=DIRECTION('ref_axis',(-0.999999283600311,-6.67310248093503E-18,0.00119699576596558));
#14718=DIRECTION('',(-6.93889390390723E-18,1.,-2.22044604925031E-16));
#14719=DIRECTION('',(-6.93889390390723E-18,1.,-2.22044604925031E-16));
#14720=DIRECTION('center_axis',(0.865426285481126,-1.05247299568938E-16,
-0.501036270541705));
#14721=DIRECTION('ref_axis',(-0.501036270541705,-1.95639875174692E-16,-0.865426285481126));
#14722=DIRECTION('',(-6.93889390390723E-18,1.,-2.22044604925031E-16));
#14723=DIRECTION('center_axis',(0.866623281247091,1.16805452110032E-16,
0.49896301305861));
#14724=DIRECTION('ref_axis',(0.498963013058609,-1.88966772693757E-16,-0.866623281247091));
#14725=DIRECTION('',(-6.93889390390723E-18,1.,-2.22044604925031E-16));
#14726=DIRECTION('center_axis',(0.00119699576596558,2.22052751678969E-16,
0.999999283600312));
#14727=DIRECTION('ref_axis',(0.999999283600311,6.67310248093503E-18,-0.00119699576596558));
#14728=DIRECTION('',(-6.93889390390723E-18,1.,-2.22044604925031E-16));
#14729=DIRECTION('center_axis',(-0.865426285481125,1.05247299568938E-16,
0.501036270541706));
#14730=DIRECTION('ref_axis',(0.501036270541706,1.95639875174692E-16,0.865426285481125));
#14731=DIRECTION('',(-6.93889390390723E-18,1.,-2.22044604925031E-16));
#14732=DIRECTION('center_axis',(-0.866623281247091,-1.16805452110031E-16,
-0.498963013058608));
#14733=DIRECTION('ref_axis',(-0.498963013058608,1.88966772693757E-16,0.866623281247091));
#14734=DIRECTION('center_axis',(-0.00119699576596558,-2.22052751678969E-16,
-0.999999283600312));
#14735=DIRECTION('ref_axis',(-0.999999283600311,-6.67310248093503E-18,0.00119699576596558));
#14736=DIRECTION('',(-6.93889390390723E-18,1.,-2.22044604925031E-16));
#14737=DIRECTION('',(-6.93889390390723E-18,1.,-2.22044604925031E-16));
#14738=DIRECTION('center_axis',(0.865426285481126,-1.05247299568938E-16,
-0.501036270541705));
#14739=DIRECTION('ref_axis',(-0.501036270541705,-1.95639875174692E-16,-0.865426285481126));
#14740=DIRECTION('',(-6.93889390390723E-18,1.,-2.22044604925031E-16));
#14741=DIRECTION('center_axis',(0.866623281247091,1.16805452110032E-16,
0.49896301305861));
#14742=DIRECTION('ref_axis',(0.498963013058609,-1.88966772693757E-16,-0.866623281247091));
#14743=DIRECTION('',(-6.93889390390723E-18,1.,-2.22044604925031E-16));
#14744=DIRECTION('center_axis',(0.00119699576596558,2.22052751678969E-16,
0.999999283600312));
#14745=DIRECTION('ref_axis',(0.999999283600311,6.67310248093503E-18,-0.00119699576596558));
#14746=DIRECTION('',(-6.93889390390723E-18,1.,-2.22044604925031E-16));
#14747=DIRECTION('center_axis',(-0.865426285481125,1.05247299568938E-16,
0.501036270541706));
#14748=DIRECTION('ref_axis',(0.501036270541706,1.95639875174692E-16,0.865426285481125));
#14749=DIRECTION('',(-6.93889390390723E-18,1.,-2.22044604925031E-16));
#14750=DIRECTION('center_axis',(-0.866623281247091,-1.16805452110031E-16,
-0.498963013058608));
#14751=DIRECTION('ref_axis',(-0.498963013058608,1.88966772693757E-16,0.866623281247091));
#14752=DIRECTION('center_axis',(-0.00119699576596558,-2.22052751678969E-16,
-0.999999283600312));
#14753=DIRECTION('ref_axis',(-0.999999283600311,-6.67310248093503E-18,0.00119699576596558));
#14754=DIRECTION('',(-6.93889390390723E-18,1.,-2.22044604925031E-16));
#14755=DIRECTION('',(-6.93889390390723E-18,1.,-2.22044604925031E-16));
#14756=DIRECTION('center_axis',(0.865426285481126,-1.05247299568938E-16,
-0.501036270541705));
#14757=DIRECTION('ref_axis',(-0.501036270541705,-1.95639875174692E-16,-0.865426285481126));
#14758=DIRECTION('',(-6.93889390390723E-18,1.,-2.22044604925031E-16));
#14759=DIRECTION('center_axis',(0.866623281247091,1.16805452110032E-16,
0.49896301305861));
#14760=DIRECTION('ref_axis',(0.498963013058609,-1.88966772693757E-16,-0.866623281247091));
#14761=DIRECTION('',(-6.93889390390723E-18,1.,-2.22044604925031E-16));
#14762=DIRECTION('center_axis',(0.00119699576596558,2.22052751678969E-16,
0.999999283600312));
#14763=DIRECTION('ref_axis',(0.999999283600311,6.67310248093503E-18,-0.00119699576596558));
#14764=DIRECTION('',(-6.93889390390723E-18,1.,-2.22044604925031E-16));
#14765=DIRECTION('center_axis',(-0.865426285481125,1.05247299568938E-16,
0.501036270541706));
#14766=DIRECTION('ref_axis',(0.501036270541706,1.95639875174692E-16,0.865426285481125));
#14767=DIRECTION('',(-6.93889390390723E-18,1.,-2.22044604925031E-16));
#14768=DIRECTION('center_axis',(-0.866623281247091,-1.16805452110031E-16,
-0.498963013058608));
#14769=DIRECTION('ref_axis',(-0.498963013058608,1.88966772693757E-16,0.866623281247091));
#14770=DIRECTION('center_axis',(-0.00119699576596558,-2.22052751678969E-16,
-0.999999283600312));
#14771=DIRECTION('ref_axis',(-0.999999283600311,-6.67310248093503E-18,0.00119699576596558));
#14772=DIRECTION('',(-6.93889390390723E-18,1.,-2.22044604925031E-16));
#14773=DIRECTION('',(-6.93889390390723E-18,1.,-2.22044604925031E-16));
#14774=DIRECTION('center_axis',(0.865426285481127,-1.05247299568937E-16,
-0.501036270541703));
#14775=DIRECTION('ref_axis',(-0.501036270541703,-1.95639875174693E-16,-0.865426285481127));
#14776=DIRECTION('',(-6.93889390390723E-18,1.,-2.22044604925031E-16));
#14777=DIRECTION('center_axis',(0.866623281247092,1.16805452110031E-16,
0.498963013058607));
#14778=DIRECTION('ref_axis',(0.498963013058607,-1.88966772693757E-16,-0.866623281247092));
#14779=DIRECTION('',(-6.93889390390723E-18,1.,-2.22044604925031E-16));
#14780=DIRECTION('center_axis',(0.00119699576596558,2.22052751678969E-16,
0.999999283600312));
#14781=DIRECTION('ref_axis',(0.999999283600311,6.67310248093503E-18,-0.00119699576596558));
#14782=DIRECTION('',(-6.93889390390723E-18,1.,-2.22044604925031E-16));
#14783=DIRECTION('center_axis',(-0.865426285481125,1.05247299568938E-16,
0.501036270541706));
#14784=DIRECTION('ref_axis',(0.501036270541706,1.95639875174692E-16,0.865426285481125));
#14785=DIRECTION('',(-6.93889390390723E-18,1.,-2.22044604925031E-16));
#14786=DIRECTION('center_axis',(-0.866623281247091,-1.16805452110031E-16,
-0.498963013058608));
#14787=DIRECTION('ref_axis',(-0.498963013058608,1.88966772693757E-16,0.866623281247091));
#14788=DIRECTION('center_axis',(-0.00119699576596558,-2.22052751678969E-16,
-0.999999283600312));
#14789=DIRECTION('ref_axis',(-0.999999283600311,-6.67310248093503E-18,0.00119699576596558));
#14790=DIRECTION('',(-6.93889390390723E-18,1.,-2.22044604925031E-16));
#14791=DIRECTION('',(-6.93889390390723E-18,1.,-2.22044604925031E-16));
#14792=DIRECTION('center_axis',(0.865426285481127,-1.05247299568937E-16,
-0.501036270541703));
#14793=DIRECTION('ref_axis',(-0.501036270541703,-1.95639875174693E-16,-0.865426285481127));
#14794=DIRECTION('',(-6.93889390390723E-18,1.,-2.22044604925031E-16));
#14795=DIRECTION('center_axis',(0.866623281247092,1.16805452110031E-16,
0.498963013058607));
#14796=DIRECTION('ref_axis',(0.498963013058607,-1.88966772693757E-16,-0.866623281247092));
#14797=DIRECTION('',(-6.93889390390723E-18,1.,-2.22044604925031E-16));
#14798=DIRECTION('center_axis',(0.00119699576596558,2.22052751678969E-16,
0.999999283600312));
#14799=DIRECTION('ref_axis',(0.999999283600311,6.67310248093503E-18,-0.00119699576596558));
#14800=DIRECTION('',(-6.93889390390723E-18,1.,-2.22044604925031E-16));
#14801=DIRECTION('center_axis',(-0.865426285481125,1.05247299568938E-16,
0.501036270541706));
#14802=DIRECTION('ref_axis',(0.501036270541706,1.95639875174692E-16,0.865426285481125));
#14803=DIRECTION('',(-6.93889390390723E-18,1.,-2.22044604925031E-16));
#14804=DIRECTION('center_axis',(-0.866623281247091,-1.16805452110031E-16,
-0.498963013058608));
#14805=DIRECTION('ref_axis',(-0.498963013058608,1.88966772693757E-16,0.866623281247091));
#14806=DIRECTION('center_axis',(-0.0011969957659641,-2.22052751678969E-16,
-0.999999283600312));
#14807=DIRECTION('ref_axis',(-0.999999283600311,-6.67310248093536E-18,0.00119699576596409));
#14808=DIRECTION('',(-6.93889390390723E-18,1.,-2.22044604925031E-16));
#14809=DIRECTION('',(-6.93889390390723E-18,1.,-2.22044604925031E-16));
#14810=DIRECTION('center_axis',(0.865426285481127,-1.05247299568938E-16,
-0.501036270541703));
#14811=DIRECTION('ref_axis',(-0.501036270541703,-1.95639875174692E-16,-0.865426285481127));
#14812=DIRECTION('',(-6.93889390390723E-18,1.,-2.22044604925031E-16));
#14813=DIRECTION('center_axis',(0.866623281247092,1.16805452110031E-16,
0.498963013058607));
#14814=DIRECTION('ref_axis',(0.498963013058607,-1.88966772693757E-16,-0.866623281247092));
#14815=DIRECTION('',(-6.93889390390723E-18,1.,-2.22044604925031E-16));
#14816=DIRECTION('center_axis',(0.0011969957659641,2.22052751678969E-16,
0.999999283600312));
#14817=DIRECTION('ref_axis',(0.999999283600311,6.67310248093536E-18,-0.00119699576596409));
#14818=DIRECTION('',(-6.93889390390723E-18,1.,-2.22044604925031E-16));
#14819=DIRECTION('center_axis',(-0.865426285481125,1.05247299568938E-16,
0.501036270541707));
#14820=DIRECTION('ref_axis',(0.501036270541707,1.95639875174692E-16,0.865426285481125));
#14821=DIRECTION('',(-6.93889390390723E-18,1.,-2.22044604925031E-16));
#14822=DIRECTION('center_axis',(-0.866623281247092,-1.16805452110031E-16,
-0.498963013058608));
#14823=DIRECTION('ref_axis',(-0.498963013058608,1.88966772693757E-16,0.866623281247092));
#14824=DIRECTION('center_axis',(-0.00119699576596558,-2.22052751678969E-16,
-0.999999283600312));
#14825=DIRECTION('ref_axis',(-0.999999283600311,-6.67310248093503E-18,0.00119699576596558));
#14826=DIRECTION('',(-6.93889390390723E-18,1.,-2.22044604925031E-16));
#14827=DIRECTION('',(-6.93889390390723E-18,1.,-2.22044604925031E-16));
#14828=DIRECTION('center_axis',(0.865426285481126,-1.05247299568938E-16,
-0.501036270541705));
#14829=DIRECTION('ref_axis',(-0.501036270541705,-1.95639875174692E-16,-0.865426285481126));
#14830=DIRECTION('',(-6.93889390390723E-18,1.,-2.22044604925031E-16));
#14831=DIRECTION('center_axis',(0.866623281247091,1.16805452110032E-16,
0.49896301305861));
#14832=DIRECTION('ref_axis',(0.498963013058609,-1.88966772693757E-16,-0.866623281247091));
#14833=DIRECTION('',(-6.93889390390723E-18,1.,-2.22044604925031E-16));
#14834=DIRECTION('center_axis',(0.00119699576596558,2.22052751678969E-16,
0.999999283600312));
#14835=DIRECTION('ref_axis',(0.999999283600311,6.67310248093503E-18,-0.00119699576596558));
#14836=DIRECTION('',(-6.93889390390723E-18,1.,-2.22044604925031E-16));
#14837=DIRECTION('center_axis',(-0.865426285481125,1.05247299568938E-16,
0.501036270541706));
#14838=DIRECTION('ref_axis',(0.501036270541706,1.95639875174692E-16,0.865426285481125));
#14839=DIRECTION('',(-6.93889390390723E-18,1.,-2.22044604925031E-16));
#14840=DIRECTION('center_axis',(-0.866623281247091,-1.16805452110031E-16,
-0.498963013058608));
#14841=DIRECTION('ref_axis',(-0.498963013058608,1.88966772693757E-16,0.866623281247091));
#14842=DIRECTION('center_axis',(-0.00119699576596558,-2.22052751678969E-16,
-0.999999283600312));
#14843=DIRECTION('ref_axis',(-0.999999283600311,-6.67310248093503E-18,0.00119699576596558));
#14844=DIRECTION('',(-6.93889390390723E-18,1.,-2.22044604925031E-16));
#14845=DIRECTION('',(-6.93889390390723E-18,1.,-2.22044604925031E-16));
#14846=DIRECTION('center_axis',(0.865426285481126,-1.05247299568938E-16,
-0.501036270541705));
#14847=DIRECTION('ref_axis',(-0.501036270541705,-1.95639875174692E-16,-0.865426285481126));
#14848=DIRECTION('',(-6.93889390390723E-18,1.,-2.22044604925031E-16));
#14849=DIRECTION('center_axis',(0.866623281247091,1.16805452110032E-16,
0.49896301305861));
#14850=DIRECTION('ref_axis',(0.498963013058609,-1.88966772693757E-16,-0.866623281247091));
#14851=DIRECTION('',(-6.93889390390723E-18,1.,-2.22044604925031E-16));
#14852=DIRECTION('center_axis',(0.00119699576596558,2.22052751678969E-16,
0.999999283600312));
#14853=DIRECTION('ref_axis',(0.999999283600311,6.67310248093503E-18,-0.00119699576596558));
#14854=DIRECTION('',(-6.93889390390723E-18,1.,-2.22044604925031E-16));
#14855=DIRECTION('center_axis',(-0.865426285481125,1.05247299568938E-16,
0.501036270541706));
#14856=DIRECTION('ref_axis',(0.501036270541706,1.95639875174692E-16,0.865426285481125));
#14857=DIRECTION('',(-6.93889390390723E-18,1.,-2.22044604925031E-16));
#14858=DIRECTION('center_axis',(-0.866623281247091,-1.16805452110031E-16,
-0.498963013058608));
#14859=DIRECTION('ref_axis',(-0.498963013058608,1.88966772693757E-16,0.866623281247091));
#14860=DIRECTION('center_axis',(-0.0011969957659641,-2.22052751678969E-16,
-0.999999283600312));
#14861=DIRECTION('ref_axis',(-0.999999283600311,-6.67310248093536E-18,0.0011969957659641));
#14862=DIRECTION('',(-6.93889390390723E-18,1.,-2.22044604925031E-16));
#14863=DIRECTION('',(-6.93889390390723E-18,1.,-2.22044604925031E-16));
#14864=DIRECTION('center_axis',(0.865426285481126,-1.05247299568938E-16,
-0.501036270541706));
#14865=DIRECTION('ref_axis',(-0.501036270541706,-1.95639875174692E-16,-0.865426285481126));
#14866=DIRECTION('',(-6.93889390390723E-18,1.,-2.22044604925031E-16));
#14867=DIRECTION('center_axis',(0.866623281247091,1.16805452110032E-16,
0.498963013058609));
#14868=DIRECTION('ref_axis',(0.498963013058609,-1.88966772693757E-16,-0.866623281247091));
#14869=DIRECTION('',(-6.93889390390723E-18,1.,-2.22044604925031E-16));
#14870=DIRECTION('center_axis',(0.0011969957659641,2.22052751678969E-16,
0.999999283600312));
#14871=DIRECTION('ref_axis',(0.999999283600311,6.67310248093536E-18,-0.0011969957659641));
#14872=DIRECTION('',(-6.93889390390723E-18,1.,-2.22044604925031E-16));
#14873=DIRECTION('center_axis',(-0.865426285481125,1.05247299568938E-16,
0.501036270541707));
#14874=DIRECTION('ref_axis',(0.501036270541707,1.95639875174692E-16,0.865426285481125));
#14875=DIRECTION('',(-6.93889390390723E-18,1.,-2.22044604925031E-16));
#14876=DIRECTION('center_axis',(-0.866623281247092,-1.16805452110031E-16,
-0.498963013058608));
#14877=DIRECTION('ref_axis',(-0.498963013058608,1.88966772693757E-16,0.866623281247092));
#14878=DIRECTION('center_axis',(-0.00119699576596558,-2.22052751678969E-16,
-0.999999283600312));
#14879=DIRECTION('ref_axis',(-0.999999283600311,-6.67310248093503E-18,0.00119699576596558));
#14880=DIRECTION('',(-6.93889390390723E-18,1.,-2.22044604925031E-16));
#14881=DIRECTION('',(-6.93889390390723E-18,1.,-2.22044604925031E-16));
#14882=DIRECTION('center_axis',(0.865426285481126,-1.05247299568938E-16,
-0.501036270541705));
#14883=DIRECTION('ref_axis',(-0.501036270541705,-1.95639875174692E-16,-0.865426285481126));
#14884=DIRECTION('',(-6.93889390390723E-18,1.,-2.22044604925031E-16));
#14885=DIRECTION('center_axis',(0.866623281247091,1.16805452110032E-16,
0.49896301305861));
#14886=DIRECTION('ref_axis',(0.498963013058609,-1.88966772693757E-16,-0.866623281247091));
#14887=DIRECTION('',(-6.93889390390723E-18,1.,-2.22044604925031E-16));
#14888=DIRECTION('center_axis',(0.00119699576596558,2.22052751678969E-16,
0.999999283600312));
#14889=DIRECTION('ref_axis',(0.999999283600311,6.67310248093503E-18,-0.00119699576596558));
#14890=DIRECTION('',(-6.93889390390723E-18,1.,-2.22044604925031E-16));
#14891=DIRECTION('center_axis',(-0.865426285481125,1.05247299568938E-16,
0.501036270541706));
#14892=DIRECTION('ref_axis',(0.501036270541706,1.95639875174692E-16,0.865426285481125));
#14893=DIRECTION('',(-6.93889390390723E-18,1.,-2.22044604925031E-16));
#14894=DIRECTION('center_axis',(-0.866623281247091,-1.16805452110031E-16,
-0.498963013058608));
#14895=DIRECTION('ref_axis',(-0.498963013058608,1.88966772693757E-16,0.866623281247091));
#14896=DIRECTION('center_axis',(-0.00119699576596558,-2.22052751678969E-16,
-0.999999283600312));
#14897=DIRECTION('ref_axis',(-0.999999283600311,-6.67310248093503E-18,0.00119699576596558));
#14898=DIRECTION('',(-6.93889390390723E-18,1.,-2.22044604925031E-16));
#14899=DIRECTION('',(-6.93889390390723E-18,1.,-2.22044604925031E-16));
#14900=DIRECTION('center_axis',(0.865426285481126,-1.05247299568938E-16,
-0.501036270541705));
#14901=DIRECTION('ref_axis',(-0.501036270541705,-1.95639875174692E-16,-0.865426285481126));
#14902=DIRECTION('',(-6.93889390390723E-18,1.,-2.22044604925031E-16));
#14903=DIRECTION('center_axis',(0.866623281247091,1.16805452110032E-16,
0.49896301305861));
#14904=DIRECTION('ref_axis',(0.498963013058609,-1.88966772693757E-16,-0.866623281247091));
#14905=DIRECTION('',(-6.93889390390723E-18,1.,-2.22044604925031E-16));
#14906=DIRECTION('center_axis',(0.00119699576596558,2.22052751678969E-16,
0.999999283600312));
#14907=DIRECTION('ref_axis',(0.999999283600311,6.67310248093503E-18,-0.00119699576596558));
#14908=DIRECTION('',(-6.93889390390723E-18,1.,-2.22044604925031E-16));
#14909=DIRECTION('center_axis',(-0.865426285481125,1.05247299568938E-16,
0.501036270541706));
#14910=DIRECTION('ref_axis',(0.501036270541706,1.95639875174692E-16,0.865426285481125));
#14911=DIRECTION('',(-6.93889390390723E-18,1.,-2.22044604925031E-16));
#14912=DIRECTION('center_axis',(-0.866623281247091,-1.16805452110031E-16,
-0.498963013058608));
#14913=DIRECTION('ref_axis',(-0.498963013058608,1.88966772693757E-16,0.866623281247091));
#14914=DIRECTION('center_axis',(-0.0011969957659641,-2.22052751678969E-16,
-0.999999283600312));
#14915=DIRECTION('ref_axis',(-0.999999283600311,-6.67310248093536E-18,0.0011969957659641));
#14916=DIRECTION('',(-6.93889390390723E-18,1.,-2.22044604925031E-16));
#14917=DIRECTION('',(-6.93889390390723E-18,1.,-2.22044604925031E-16));
#14918=DIRECTION('center_axis',(0.865426285481126,-1.05247299568938E-16,
-0.501036270541706));
#14919=DIRECTION('ref_axis',(-0.501036270541706,-1.95639875174692E-16,-0.865426285481126));
#14920=DIRECTION('',(-6.93889390390723E-18,1.,-2.22044604925031E-16));
#14921=DIRECTION('center_axis',(0.866623281247091,1.16805452110032E-16,
0.498963013058609));
#14922=DIRECTION('ref_axis',(0.498963013058609,-1.88966772693757E-16,-0.866623281247091));
#14923=DIRECTION('',(-6.93889390390723E-18,1.,-2.22044604925031E-16));
#14924=DIRECTION('center_axis',(0.0011969957659641,2.22052751678969E-16,
0.999999283600312));
#14925=DIRECTION('ref_axis',(0.999999283600311,6.67310248093536E-18,-0.0011969957659641));
#14926=DIRECTION('',(-6.93889390390723E-18,1.,-2.22044604925031E-16));
#14927=DIRECTION('center_axis',(-0.865426285481125,1.05247299568938E-16,
0.501036270541707));
#14928=DIRECTION('ref_axis',(0.501036270541707,1.95639875174692E-16,0.865426285481125));
#14929=DIRECTION('',(-6.93889390390723E-18,1.,-2.22044604925031E-16));
#14930=DIRECTION('center_axis',(-0.866623281247092,-1.16805452110031E-16,
-0.498963013058608));
#14931=DIRECTION('ref_axis',(-0.498963013058608,1.88966772693757E-16,0.866623281247092));
#14932=DIRECTION('center_axis',(-0.00119699576596558,-2.22052751678969E-16,
-0.999999283600312));
#14933=DIRECTION('ref_axis',(-0.999999283600311,-6.67310248093503E-18,0.00119699576596558));
#14934=DIRECTION('',(-6.93889390390723E-18,1.,-2.22044604925031E-16));
#14935=DIRECTION('',(-6.93889390390723E-18,1.,-2.22044604925031E-16));
#14936=DIRECTION('center_axis',(0.865426285481126,-1.05247299568938E-16,
-0.501036270541705));
#14937=DIRECTION('ref_axis',(-0.501036270541705,-1.95639875174692E-16,-0.865426285481126));
#14938=DIRECTION('',(-6.93889390390723E-18,1.,-2.22044604925031E-16));
#14939=DIRECTION('center_axis',(0.866623281247091,1.16805452110032E-16,
0.49896301305861));
#14940=DIRECTION('ref_axis',(0.498963013058609,-1.88966772693757E-16,-0.866623281247091));
#14941=DIRECTION('',(-6.93889390390723E-18,1.,-2.22044604925031E-16));
#14942=DIRECTION('center_axis',(0.00119699576596558,2.22052751678969E-16,
0.999999283600312));
#14943=DIRECTION('ref_axis',(0.999999283600311,6.67310248093503E-18,-0.00119699576596558));
#14944=DIRECTION('',(-6.93889390390723E-18,1.,-2.22044604925031E-16));
#14945=DIRECTION('center_axis',(-0.865426285481125,1.05247299568938E-16,
0.501036270541706));
#14946=DIRECTION('ref_axis',(0.501036270541706,1.95639875174692E-16,0.865426285481125));
#14947=DIRECTION('',(-6.93889390390723E-18,1.,-2.22044604925031E-16));
#14948=DIRECTION('center_axis',(-0.866623281247091,-1.16805452110031E-16,
-0.498963013058608));
#14949=DIRECTION('ref_axis',(-0.498963013058608,1.88966772693757E-16,0.866623281247091));
#14950=DIRECTION('center_axis',(-0.00119699576596558,-2.22052751678969E-16,
-0.999999283600312));
#14951=DIRECTION('ref_axis',(-0.999999283600311,-6.67310248093503E-18,0.00119699576596558));
#14952=DIRECTION('',(-6.93889390390723E-18,1.,-2.22044604925031E-16));
#14953=DIRECTION('',(-6.93889390390723E-18,1.,-2.22044604925031E-16));
#14954=DIRECTION('center_axis',(0.865426285481126,-1.05247299568938E-16,
-0.501036270541705));
#14955=DIRECTION('ref_axis',(-0.501036270541705,-1.95639875174692E-16,-0.865426285481126));
#14956=DIRECTION('',(-6.93889390390723E-18,1.,-2.22044604925031E-16));
#14957=DIRECTION('center_axis',(0.866623281247091,1.16805452110032E-16,
0.49896301305861));
#14958=DIRECTION('ref_axis',(0.498963013058609,-1.88966772693757E-16,-0.866623281247091));
#14959=DIRECTION('',(-6.93889390390723E-18,1.,-2.22044604925031E-16));
#14960=DIRECTION('center_axis',(0.00119699576596558,2.22052751678969E-16,
0.999999283600312));
#14961=DIRECTION('ref_axis',(0.999999283600311,6.67310248093503E-18,-0.00119699576596558));
#14962=DIRECTION('',(-6.93889390390723E-18,1.,-2.22044604925031E-16));
#14963=DIRECTION('center_axis',(-0.865426285481125,1.05247299568938E-16,
0.501036270541706));
#14964=DIRECTION('ref_axis',(0.501036270541706,1.95639875174692E-16,0.865426285481125));
#14965=DIRECTION('',(-6.93889390390723E-18,1.,-2.22044604925031E-16));
#14966=DIRECTION('center_axis',(-0.866623281247091,-1.16805452110031E-16,
-0.498963013058608));
#14967=DIRECTION('ref_axis',(-0.498963013058608,1.88966772693757E-16,0.866623281247091));
#14968=DIRECTION('center_axis',(-0.0011969957659641,-2.22052751678969E-16,
-0.999999283600312));
#14969=DIRECTION('ref_axis',(-0.999999283600311,-6.67310248093536E-18,0.0011969957659641));
#14970=DIRECTION('',(-6.93889390390723E-18,1.,-2.22044604925031E-16));
#14971=DIRECTION('',(-6.93889390390723E-18,1.,-2.22044604925031E-16));
#14972=DIRECTION('center_axis',(0.865426285481126,-1.05247299568938E-16,
-0.501036270541706));
#14973=DIRECTION('ref_axis',(-0.501036270541706,-1.95639875174692E-16,-0.865426285481126));
#14974=DIRECTION('',(-6.93889390390723E-18,1.,-2.22044604925031E-16));
#14975=DIRECTION('center_axis',(0.866623281247091,1.16805452110032E-16,
0.498963013058609));
#14976=DIRECTION('ref_axis',(0.498963013058609,-1.88966772693757E-16,-0.866623281247091));
#14977=DIRECTION('',(-6.93889390390723E-18,1.,-2.22044604925031E-16));
#14978=DIRECTION('center_axis',(0.0011969957659641,2.22052751678969E-16,
0.999999283600312));
#14979=DIRECTION('ref_axis',(0.999999283600311,6.67310248093536E-18,-0.0011969957659641));
#14980=DIRECTION('',(-6.93889390390723E-18,1.,-2.22044604925031E-16));
#14981=DIRECTION('center_axis',(-0.865426285481126,1.05247299568938E-16,
0.501036270541705));
#14982=DIRECTION('ref_axis',(0.501036270541705,1.95639875174692E-16,0.865426285481126));
#14983=DIRECTION('',(-6.93889390390723E-18,1.,-2.22044604925031E-16));
#14984=DIRECTION('center_axis',(-0.866623281247093,-1.16805452110031E-16,
-0.498963013058605));
#14985=DIRECTION('ref_axis',(-0.498963013058605,1.88966772693758E-16,0.866623281247093));
#14986=DIRECTION('center_axis',(-0.00119699576596558,-2.22052751678969E-16,
-0.999999283600312));
#14987=DIRECTION('ref_axis',(-0.999999283600311,-6.67310248093503E-18,0.00119699576596558));
#14988=DIRECTION('',(-6.93889390390723E-18,1.,-2.22044604925031E-16));
#14989=DIRECTION('',(-6.93889390390723E-18,1.,-2.22044604925031E-16));
#14990=DIRECTION('center_axis',(0.865426285481126,-1.05247299568938E-16,
-0.501036270541705));
#14991=DIRECTION('ref_axis',(-0.501036270541705,-1.95639875174692E-16,-0.865426285481126));
#14992=DIRECTION('',(-6.93889390390723E-18,1.,-2.22044604925031E-16));
#14993=DIRECTION('center_axis',(0.866623281247091,1.16805452110032E-16,
0.49896301305861));
#14994=DIRECTION('ref_axis',(0.498963013058609,-1.88966772693757E-16,-0.866623281247091));
#14995=DIRECTION('',(-6.93889390390723E-18,1.,-2.22044604925031E-16));
#14996=DIRECTION('center_axis',(0.00119699576596558,2.22052751678969E-16,
0.999999283600312));
#14997=DIRECTION('ref_axis',(0.999999283600311,6.67310248093503E-18,-0.00119699576596558));
#14998=DIRECTION('',(-6.93889390390723E-18,1.,-2.22044604925031E-16));
#14999=DIRECTION('center_axis',(-0.865426285481127,1.05247299568938E-16,
0.501036270541704));
#15000=DIRECTION('ref_axis',(0.501036270541704,1.95639875174692E-16,0.865426285481127));
#15001=DIRECTION('',(-6.93889390390723E-18,1.,-2.22044604925031E-16));
#15002=DIRECTION('center_axis',(-0.866623281247093,-1.16805452110031E-16,
-0.498963013058606));
#15003=DIRECTION('ref_axis',(-0.498963013058606,1.88966772693757E-16,0.866623281247093));
#15004=DIRECTION('center_axis',(-0.00119699576596558,-2.22052751678969E-16,
-0.999999283600312));
#15005=DIRECTION('ref_axis',(-0.999999283600311,-6.67310248093503E-18,0.00119699576596558));
#15006=DIRECTION('',(-6.93889390390723E-18,1.,-2.22044604925031E-16));
#15007=DIRECTION('',(-6.93889390390723E-18,1.,-2.22044604925031E-16));
#15008=DIRECTION('center_axis',(0.865426285481126,-1.05247299568938E-16,
-0.501036270541705));
#15009=DIRECTION('ref_axis',(-0.501036270541705,-1.95639875174692E-16,-0.865426285481126));
#15010=DIRECTION('',(-6.93889390390723E-18,1.,-2.22044604925031E-16));
#15011=DIRECTION('center_axis',(0.866623281247091,1.16805452110032E-16,
0.49896301305861));
#15012=DIRECTION('ref_axis',(0.498963013058609,-1.88966772693757E-16,-0.866623281247091));
#15013=DIRECTION('',(-6.93889390390723E-18,1.,-2.22044604925031E-16));
#15014=DIRECTION('center_axis',(0.00119699576596558,2.22052751678969E-16,
0.999999283600312));
#15015=DIRECTION('ref_axis',(0.999999283600311,6.67310248093503E-18,-0.00119699576596558));
#15016=DIRECTION('',(-6.93889390390723E-18,1.,-2.22044604925031E-16));
#15017=DIRECTION('center_axis',(-0.865426285481127,1.05247299568938E-16,
0.501036270541704));
#15018=DIRECTION('ref_axis',(0.501036270541704,1.95639875174692E-16,0.865426285481127));
#15019=DIRECTION('',(-6.93889390390723E-18,1.,-2.22044604925031E-16));
#15020=DIRECTION('center_axis',(-0.866623281247093,-1.16805452110031E-16,
-0.498963013058606));
#15021=DIRECTION('ref_axis',(-0.498963013058606,1.88966772693757E-16,0.866623281247093));
#15022=DIRECTION('center_axis',(-0.0011969957659641,-2.22052751678969E-16,
-0.999999283600312));
#15023=DIRECTION('ref_axis',(-0.999999283600311,-6.67310248093536E-18,0.0011969957659641));
#15024=DIRECTION('',(-6.93889390390723E-18,1.,-2.22044604925031E-16));
#15025=DIRECTION('',(-6.93889390390723E-18,1.,-2.22044604925031E-16));
#15026=DIRECTION('center_axis',(0.865426285481126,-1.05247299568938E-16,
-0.501036270541704));
#15027=DIRECTION('ref_axis',(-0.501036270541704,-1.95639875174692E-16,-0.865426285481126));
#15028=DIRECTION('',(-6.93889390390723E-18,1.,-2.22044604925031E-16));
#15029=DIRECTION('center_axis',(0.866623281247092,1.16805452110031E-16,
0.498963013058608));
#15030=DIRECTION('ref_axis',(0.498963013058608,-1.88966772693757E-16,-0.866623281247092));
#15031=DIRECTION('',(-6.93889390390723E-18,1.,-2.22044604925031E-16));
#15032=DIRECTION('center_axis',(0.0011969957659641,2.22052751678969E-16,
0.999999283600312));
#15033=DIRECTION('ref_axis',(0.999999283600311,6.67310248093536E-18,-0.0011969957659641));
#15034=DIRECTION('',(-6.93889390390723E-18,1.,-2.22044604925031E-16));
#15035=DIRECTION('center_axis',(-0.865426285481126,1.05247299568938E-16,
0.501036270541705));
#15036=DIRECTION('ref_axis',(0.501036270541705,1.95639875174692E-16,0.865426285481126));
#15037=DIRECTION('',(-6.93889390390723E-18,1.,-2.22044604925031E-16));
#15038=DIRECTION('center_axis',(-0.866623281247093,-1.16805452110031E-16,
-0.498963013058605));
#15039=DIRECTION('ref_axis',(-0.498963013058605,1.88966772693758E-16,0.866623281247093));
#15040=DIRECTION('center_axis',(-0.00119699576596558,-2.22052751678969E-16,
-0.999999283600312));
#15041=DIRECTION('ref_axis',(-0.999999283600311,-6.67310248093503E-18,0.00119699576596558));
#15042=DIRECTION('',(-6.93889390390723E-18,1.,-2.22044604925031E-16));
#15043=DIRECTION('',(-6.93889390390723E-18,1.,-2.22044604925031E-16));
#15044=DIRECTION('center_axis',(0.865426285481126,-1.05247299568938E-16,
-0.501036270541705));
#15045=DIRECTION('ref_axis',(-0.501036270541705,-1.95639875174692E-16,-0.865426285481126));
#15046=DIRECTION('',(-6.93889390390723E-18,1.,-2.22044604925031E-16));
#15047=DIRECTION('center_axis',(0.866623281247091,1.16805452110032E-16,
0.49896301305861));
#15048=DIRECTION('ref_axis',(0.498963013058609,-1.88966772693757E-16,-0.866623281247091));
#15049=DIRECTION('',(-6.93889390390723E-18,1.,-2.22044604925031E-16));
#15050=DIRECTION('center_axis',(0.00119699576596558,2.22052751678969E-16,
0.999999283600312));
#15051=DIRECTION('ref_axis',(0.999999283600311,6.67310248093503E-18,-0.00119699576596558));
#15052=DIRECTION('',(-6.93889390390723E-18,1.,-2.22044604925031E-16));
#15053=DIRECTION('center_axis',(-0.865426285481127,1.05247299568938E-16,
0.501036270541704));
#15054=DIRECTION('ref_axis',(0.501036270541704,1.95639875174692E-16,0.865426285481127));
#15055=DIRECTION('',(-6.93889390390723E-18,1.,-2.22044604925031E-16));
#15056=DIRECTION('center_axis',(-0.866623281247093,-1.16805452110031E-16,
-0.498963013058606));
#15057=DIRECTION('ref_axis',(-0.498963013058606,1.88966772693757E-16,0.866623281247093));
#15058=DIRECTION('center_axis',(-0.00119699576596558,-2.22052751678969E-16,
-0.999999283600312));
#15059=DIRECTION('ref_axis',(-0.999999283600311,-6.67310248093503E-18,0.00119699576596558));
#15060=DIRECTION('',(-6.93889390390723E-18,1.,-2.22044604925031E-16));
#15061=DIRECTION('',(-6.93889390390723E-18,1.,-2.22044604925031E-16));
#15062=DIRECTION('center_axis',(0.865426285481126,-1.05247299568938E-16,
-0.501036270541705));
#15063=DIRECTION('ref_axis',(-0.501036270541705,-1.95639875174692E-16,-0.865426285481126));
#15064=DIRECTION('',(-6.93889390390723E-18,1.,-2.22044604925031E-16));
#15065=DIRECTION('center_axis',(0.866623281247091,1.16805452110032E-16,
0.49896301305861));
#15066=DIRECTION('ref_axis',(0.498963013058609,-1.88966772693757E-16,-0.866623281247091));
#15067=DIRECTION('',(-6.93889390390723E-18,1.,-2.22044604925031E-16));
#15068=DIRECTION('center_axis',(0.00119699576596558,2.22052751678969E-16,
0.999999283600312));
#15069=DIRECTION('ref_axis',(0.999999283600311,6.67310248093503E-18,-0.00119699576596558));
#15070=DIRECTION('',(-6.93889390390723E-18,1.,-2.22044604925031E-16));
#15071=DIRECTION('center_axis',(-0.865426285481127,1.05247299568938E-16,
0.501036270541704));
#15072=DIRECTION('ref_axis',(0.501036270541704,1.95639875174692E-16,0.865426285481127));
#15073=DIRECTION('',(-6.93889390390723E-18,1.,-2.22044604925031E-16));
#15074=DIRECTION('center_axis',(-0.866623281247093,-1.16805452110031E-16,
-0.498963013058606));
#15075=DIRECTION('ref_axis',(-0.498963013058606,1.88966772693757E-16,0.866623281247093));
#15076=DIRECTION('center_axis',(-0.0011969957659641,-2.22052751678969E-16,
-0.999999283600312));
#15077=DIRECTION('ref_axis',(-0.999999283600311,-6.67310248093536E-18,0.0011969957659641));
#15078=DIRECTION('',(-6.93889390390723E-18,1.,-2.22044604925031E-16));
#15079=DIRECTION('',(-6.93889390390723E-18,1.,-2.22044604925031E-16));
#15080=DIRECTION('center_axis',(0.865426285481126,-1.05247299568938E-16,
-0.501036270541704));
#15081=DIRECTION('ref_axis',(-0.501036270541704,-1.95639875174692E-16,-0.865426285481126));
#15082=DIRECTION('',(-6.93889390390723E-18,1.,-2.22044604925031E-16));
#15083=DIRECTION('center_axis',(0.866623281247092,1.16805452110031E-16,
0.498963013058608));
#15084=DIRECTION('ref_axis',(0.498963013058608,-1.88966772693757E-16,-0.866623281247092));
#15085=DIRECTION('',(-6.93889390390723E-18,1.,-2.22044604925031E-16));
#15086=DIRECTION('center_axis',(0.0011969957659641,2.22052751678969E-16,
0.999999283600312));
#15087=DIRECTION('ref_axis',(0.999999283600311,6.67310248093536E-18,-0.0011969957659641));
#15088=DIRECTION('',(-6.93889390390723E-18,1.,-2.22044604925031E-16));
#15089=DIRECTION('center_axis',(-0.865426285481126,1.05247299568938E-16,
0.501036270541705));
#15090=DIRECTION('ref_axis',(0.501036270541705,1.95639875174692E-16,0.865426285481126));
#15091=DIRECTION('',(-6.93889390390723E-18,1.,-2.22044604925031E-16));
#15092=DIRECTION('center_axis',(-0.866623281247092,-1.16805452110031E-16,
-0.498963013058606));
#15093=DIRECTION('ref_axis',(-0.498963013058606,1.88966772693757E-16,0.866623281247092));
#15094=DIRECTION('center_axis',(-0.00119699576596558,-2.22052751678969E-16,
-0.999999283600312));
#15095=DIRECTION('ref_axis',(-0.999999283600311,-6.67310248093503E-18,0.00119699576596558));
#15096=DIRECTION('',(-6.93889390390723E-18,1.,-2.22044604925031E-16));
#15097=DIRECTION('',(-6.93889390390723E-18,1.,-2.22044604925031E-16));
#15098=DIRECTION('center_axis',(0.865426285481127,-1.05247299568938E-16,
-0.501036270541704));
#15099=DIRECTION('ref_axis',(-0.501036270541704,-1.95639875174692E-16,-0.865426285481127));
#15100=DIRECTION('',(-6.93889390390723E-18,1.,-2.22044604925031E-16));
#15101=DIRECTION('center_axis',(0.866623281247091,1.16805452110032E-16,
0.498963013058609));
#15102=DIRECTION('ref_axis',(0.498963013058609,-1.88966772693757E-16,-0.866623281247091));
#15103=DIRECTION('',(-6.93889390390723E-18,1.,-2.22044604925031E-16));
#15104=DIRECTION('center_axis',(0.00119699576596558,2.22052751678969E-16,
0.999999283600312));
#15105=DIRECTION('ref_axis',(0.999999283600311,6.67310248093503E-18,-0.00119699576596558));
#15106=DIRECTION('',(-6.93889390390723E-18,1.,-2.22044604925031E-16));
#15107=DIRECTION('center_axis',(-0.865426285481126,1.05247299568938E-16,
0.501036270541704));
#15108=DIRECTION('ref_axis',(0.501036270541704,1.95639875174692E-16,0.865426285481126));
#15109=DIRECTION('',(-6.93889390390723E-18,1.,-2.22044604925031E-16));
#15110=DIRECTION('center_axis',(-0.866623281247092,-1.16805452110031E-16,
-0.498963013058607));
#15111=DIRECTION('ref_axis',(-0.498963013058607,1.88966772693757E-16,0.866623281247092));
#15112=DIRECTION('center_axis',(-0.00119699576596558,-2.22052751678969E-16,
-0.999999283600312));
#15113=DIRECTION('ref_axis',(-0.999999283600311,-6.67310248093503E-18,0.00119699576596558));
#15114=DIRECTION('',(-6.93889390390723E-18,1.,-2.22044604925031E-16));
#15115=DIRECTION('',(-6.93889390390723E-18,1.,-2.22044604925031E-16));
#15116=DIRECTION('center_axis',(0.865426285481127,-1.05247299568938E-16,
-0.501036270541704));
#15117=DIRECTION('ref_axis',(-0.501036270541704,-1.95639875174692E-16,-0.865426285481127));
#15118=DIRECTION('',(-6.93889390390723E-18,1.,-2.22044604925031E-16));
#15119=DIRECTION('center_axis',(0.866623281247091,1.16805452110032E-16,
0.498963013058609));
#15120=DIRECTION('ref_axis',(0.498963013058609,-1.88966772693757E-16,-0.866623281247091));
#15121=DIRECTION('',(-6.93889390390723E-18,1.,-2.22044604925031E-16));
#15122=DIRECTION('center_axis',(0.00119699576596558,2.22052751678969E-16,
0.999999283600312));
#15123=DIRECTION('ref_axis',(0.999999283600311,6.67310248093503E-18,-0.00119699576596558));
#15124=DIRECTION('',(-6.93889390390723E-18,1.,-2.22044604925031E-16));
#15125=DIRECTION('center_axis',(-0.865426285481126,1.05247299568938E-16,
0.501036270541704));
#15126=DIRECTION('ref_axis',(0.501036270541704,1.95639875174692E-16,0.865426285481126));
#15127=DIRECTION('',(-6.93889390390723E-18,1.,-2.22044604925031E-16));
#15128=DIRECTION('center_axis',(-0.866623281247092,-1.16805452110031E-16,
-0.498963013058607));
#15129=DIRECTION('ref_axis',(-0.498963013058607,1.88966772693757E-16,0.866623281247092));
#15130=DIRECTION('center_axis',(-0.0011969957659641,-2.22052751678969E-16,
-0.999999283600312));
#15131=DIRECTION('ref_axis',(-0.999999283600311,-6.67310248093536E-18,0.0011969957659641));
#15132=DIRECTION('',(-6.93889390390723E-18,1.,-2.22044604925031E-16));
#15133=DIRECTION('',(-6.93889390390723E-18,1.,-2.22044604925031E-16));
#15134=DIRECTION('center_axis',(0.865426285481126,-1.05247299568938E-16,
-0.501036270541705));
#15135=DIRECTION('ref_axis',(-0.501036270541705,-1.95639875174692E-16,-0.865426285481126));
#15136=DIRECTION('',(-6.93889390390723E-18,1.,-2.22044604925031E-16));
#15137=DIRECTION('center_axis',(0.866623281247092,1.16805452110031E-16,
0.498963013058608));
#15138=DIRECTION('ref_axis',(0.498963013058608,-1.88966772693757E-16,-0.866623281247092));
#15139=DIRECTION('',(-6.93889390390723E-18,1.,-2.22044604925031E-16));
#15140=DIRECTION('center_axis',(0.0011969957659641,2.22052751678969E-16,
0.999999283600312));
#15141=DIRECTION('ref_axis',(0.999999283600311,6.67310248093536E-18,-0.0011969957659641));
#15142=DIRECTION('',(-6.93889390390723E-18,1.,-2.22044604925031E-16));
#15143=DIRECTION('center_axis',(-0.865426285481126,1.05247299568938E-16,
0.501036270541705));
#15144=DIRECTION('ref_axis',(0.501036270541705,1.95639875174692E-16,0.865426285481126));
#15145=DIRECTION('',(-6.93889390390723E-18,1.,-2.22044604925031E-16));
#15146=DIRECTION('center_axis',(-0.866623281247093,-1.16805452110031E-16,
-0.498963013058606));
#15147=DIRECTION('ref_axis',(-0.498963013058606,1.88966772693757E-16,0.866623281247093));
#15148=DIRECTION('center_axis',(-0.00119699576596558,-2.22052751678969E-16,
-0.999999283600312));
#15149=DIRECTION('ref_axis',(-0.999999283600311,-6.67310248093503E-18,0.00119699576596558));
#15150=DIRECTION('',(-6.93889390390723E-18,1.,-2.22044604925031E-16));
#15151=DIRECTION('',(-6.93889390390723E-18,1.,-2.22044604925031E-16));
#15152=DIRECTION('center_axis',(0.865426285481127,-1.05247299568938E-16,
-0.501036270541704));
#15153=DIRECTION('ref_axis',(-0.501036270541704,-1.95639875174692E-16,-0.865426285481127));
#15154=DIRECTION('',(-6.93889390390723E-18,1.,-2.22044604925031E-16));
#15155=DIRECTION('center_axis',(0.866623281247091,1.16805452110031E-16,
0.498963013058609));
#15156=DIRECTION('ref_axis',(0.498963013058609,-1.88966772693757E-16,-0.866623281247091));
#15157=DIRECTION('',(-6.93889390390723E-18,1.,-2.22044604925031E-16));
#15158=DIRECTION('center_axis',(0.00119699576596558,2.22052751678969E-16,
0.999999283600312));
#15159=DIRECTION('ref_axis',(0.999999283600311,6.67310248093503E-18,-0.00119699576596558));
#15160=DIRECTION('',(-6.93889390390723E-18,1.,-2.22044604925031E-16));
#15161=DIRECTION('center_axis',(-0.865426285481126,1.05247299568938E-16,
0.501036270541704));
#15162=DIRECTION('ref_axis',(0.501036270541704,1.95639875174692E-16,0.865426285481126));
#15163=DIRECTION('',(-6.93889390390723E-18,1.,-2.22044604925031E-16));
#15164=DIRECTION('center_axis',(-0.866623281247092,-1.16805452110031E-16,
-0.498963013058607));
#15165=DIRECTION('ref_axis',(-0.498963013058607,1.88966772693757E-16,0.866623281247092));
#15166=DIRECTION('center_axis',(-0.00119699576596558,-2.22052751678969E-16,
-0.999999283600312));
#15167=DIRECTION('ref_axis',(-0.999999283600311,-6.67310248093503E-18,0.00119699576596558));
#15168=DIRECTION('',(-6.93889390390723E-18,1.,-2.22044604925031E-16));
#15169=DIRECTION('',(-6.93889390390723E-18,1.,-2.22044604925031E-16));
#15170=DIRECTION('center_axis',(0.865426285481127,-1.05247299568938E-16,
-0.501036270541704));
#15171=DIRECTION('ref_axis',(-0.501036270541704,-1.95639875174692E-16,-0.865426285481127));
#15172=DIRECTION('',(-6.93889390390723E-18,1.,-2.22044604925031E-16));
#15173=DIRECTION('center_axis',(0.866623281247091,1.16805452110031E-16,
0.498963013058609));
#15174=DIRECTION('ref_axis',(0.498963013058609,-1.88966772693757E-16,-0.866623281247091));
#15175=DIRECTION('',(-6.93889390390723E-18,1.,-2.22044604925031E-16));
#15176=DIRECTION('center_axis',(0.00119699576596558,2.22052751678969E-16,
0.999999283600312));
#15177=DIRECTION('ref_axis',(0.999999283600311,6.67310248093503E-18,-0.00119699576596558));
#15178=DIRECTION('',(-6.93889390390723E-18,1.,-2.22044604925031E-16));
#15179=DIRECTION('center_axis',(-0.865426285481126,1.05247299568938E-16,
0.501036270541704));
#15180=DIRECTION('ref_axis',(0.501036270541704,1.95639875174692E-16,0.865426285481126));
#15181=DIRECTION('',(-6.93889390390723E-18,1.,-2.22044604925031E-16));
#15182=DIRECTION('center_axis',(-0.866623281247092,-1.16805452110031E-16,
-0.498963013058607));
#15183=DIRECTION('ref_axis',(-0.498963013058607,1.88966772693757E-16,0.866623281247092));
#15184=DIRECTION('center_axis',(-0.0011969957659641,-2.22052751678969E-16,
-0.999999283600312));
#15185=DIRECTION('ref_axis',(-0.999999283600311,-6.67310248093536E-18,0.0011969957659641));
#15186=DIRECTION('',(-6.93889390390723E-18,1.,-2.22044604925031E-16));
#15187=DIRECTION('',(-6.93889390390723E-18,1.,-2.22044604925031E-16));
#15188=DIRECTION('center_axis',(0.865426285481126,-1.05247299568938E-16,
-0.501036270541705));
#15189=DIRECTION('ref_axis',(-0.501036270541705,-1.95639875174692E-16,-0.865426285481126));
#15190=DIRECTION('',(-6.93889390390723E-18,1.,-2.22044604925031E-16));
#15191=DIRECTION('center_axis',(0.866623281247092,1.16805452110031E-16,
0.498963013058608));
#15192=DIRECTION('ref_axis',(0.498963013058608,-1.88966772693757E-16,-0.866623281247091));
#15193=DIRECTION('',(-6.93889390390723E-18,1.,-2.22044604925031E-16));
#15194=DIRECTION('center_axis',(0.0011969957659641,2.22052751678969E-16,
0.999999283600312));
#15195=DIRECTION('ref_axis',(0.999999283600311,6.67310248093536E-18,-0.0011969957659641));
#15196=DIRECTION('',(-6.93889390390723E-18,1.,-2.22044604925031E-16));
#15197=DIRECTION('center_axis',(-0.865426285481126,1.05247299568938E-16,
0.501036270541705));
#15198=DIRECTION('ref_axis',(0.501036270541705,1.95639875174692E-16,0.865426285481126));
#15199=DIRECTION('',(-6.93889390390723E-18,1.,-2.22044604925031E-16));
#15200=DIRECTION('center_axis',(-0.866623281247093,-1.16805452110031E-16,
-0.498963013058606));
#15201=DIRECTION('ref_axis',(-0.498963013058606,1.88966772693757E-16,0.866623281247093));
#15202=DIRECTION('center_axis',(-0.00119699576596558,-2.22052751678969E-16,
-0.999999283600312));
#15203=DIRECTION('ref_axis',(-0.999999283600311,-6.67310248093503E-18,0.00119699576596558));
#15204=DIRECTION('',(-6.93889390390723E-18,1.,-2.22044604925031E-16));
#15205=DIRECTION('',(-6.93889390390723E-18,1.,-2.22044604925031E-16));
#15206=DIRECTION('center_axis',(0.865426285481127,-1.05247299568938E-16,
-0.501036270541704));
#15207=DIRECTION('ref_axis',(-0.501036270541704,-1.95639875174692E-16,-0.865426285481127));
#15208=DIRECTION('',(-6.93889390390723E-18,1.,-2.22044604925031E-16));
#15209=DIRECTION('center_axis',(0.866623281247091,1.16805452110031E-16,
0.498963013058608));
#15210=DIRECTION('ref_axis',(0.498963013058608,-1.88966772693757E-16,-0.866623281247091));
#15211=DIRECTION('',(-6.93889390390723E-18,1.,-2.22044604925031E-16));
#15212=DIRECTION('center_axis',(0.00119699576596558,2.22052751678969E-16,
0.999999283600312));
#15213=DIRECTION('ref_axis',(0.999999283600311,6.67310248093503E-18,-0.00119699576596558));
#15214=DIRECTION('',(-6.93889390390723E-18,1.,-2.22044604925031E-16));
#15215=DIRECTION('center_axis',(-0.865426285481126,1.05247299568938E-16,
0.501036270541704));
#15216=DIRECTION('ref_axis',(0.501036270541704,1.95639875174692E-16,0.865426285481126));
#15217=DIRECTION('',(-6.93889390390723E-18,1.,-2.22044604925031E-16));
#15218=DIRECTION('center_axis',(-0.866623281247092,-1.16805452110031E-16,
-0.498963013058607));
#15219=DIRECTION('ref_axis',(-0.498963013058607,1.88966772693757E-16,0.866623281247092));
#15220=DIRECTION('center_axis',(-0.00119699576596558,-2.22052751678969E-16,
-0.999999283600312));
#15221=DIRECTION('ref_axis',(-0.999999283600311,-6.67310248093503E-18,0.00119699576596558));
#15222=DIRECTION('',(-6.93889390390723E-18,1.,-2.22044604925031E-16));
#15223=DIRECTION('',(-6.93889390390723E-18,1.,-2.22044604925031E-16));
#15224=DIRECTION('center_axis',(0.865426285481127,-1.05247299568938E-16,
-0.501036270541704));
#15225=DIRECTION('ref_axis',(-0.501036270541704,-1.95639875174692E-16,-0.865426285481127));
#15226=DIRECTION('',(-6.93889390390723E-18,1.,-2.22044604925031E-16));
#15227=DIRECTION('center_axis',(0.866623281247091,1.16805452110031E-16,
0.498963013058608));
#15228=DIRECTION('ref_axis',(0.498963013058608,-1.88966772693757E-16,-0.866623281247091));
#15229=DIRECTION('',(-6.93889390390723E-18,1.,-2.22044604925031E-16));
#15230=DIRECTION('center_axis',(0.00119699576596558,2.22052751678969E-16,
0.999999283600312));
#15231=DIRECTION('ref_axis',(0.999999283600311,6.67310248093503E-18,-0.00119699576596558));
#15232=DIRECTION('',(-6.93889390390723E-18,1.,-2.22044604925031E-16));
#15233=DIRECTION('center_axis',(-0.865426285481126,1.05247299568938E-16,
0.501036270541704));
#15234=DIRECTION('ref_axis',(0.501036270541704,1.95639875174692E-16,0.865426285481126));
#15235=DIRECTION('',(-6.93889390390723E-18,1.,-2.22044604925031E-16));
#15236=DIRECTION('center_axis',(-0.866623281247092,-1.16805452110031E-16,
-0.498963013058607));
#15237=DIRECTION('ref_axis',(-0.498963013058607,1.88966772693757E-16,0.866623281247092));
#15238=DIRECTION('center_axis',(-0.0011969957659641,-2.22052751678969E-16,
-0.999999283600312));
#15239=DIRECTION('ref_axis',(-0.999999283600311,-6.67310248093536E-18,0.0011969957659641));
#15240=DIRECTION('',(-6.93889390390723E-18,1.,-2.22044604925031E-16));
#15241=DIRECTION('',(-6.93889390390723E-18,1.,-2.22044604925031E-16));
#15242=DIRECTION('center_axis',(0.865426285481126,-1.05247299568938E-16,
-0.501036270541706));
#15243=DIRECTION('ref_axis',(-0.501036270541706,-1.95639875174692E-16,-0.865426285481126));
#15244=DIRECTION('',(-6.93889390390723E-18,1.,-2.22044604925031E-16));
#15245=DIRECTION('center_axis',(0.866623281247091,1.16805452110032E-16,
0.498963013058609));
#15246=DIRECTION('ref_axis',(0.498963013058609,-1.88966772693757E-16,-0.866623281247091));
#15247=DIRECTION('',(-6.93889390390723E-18,1.,-2.22044604925031E-16));
#15248=DIRECTION('center_axis',(0.0011969957659641,2.22052751678969E-16,
0.999999283600312));
#15249=DIRECTION('ref_axis',(0.999999283600311,6.67310248093536E-18,-0.0011969957659641));
#15250=DIRECTION('',(-6.93889390390723E-18,1.,-2.22044604925031E-16));
#15251=DIRECTION('center_axis',(-0.865426285481126,1.05247299568938E-16,
0.501036270541705));
#15252=DIRECTION('ref_axis',(0.501036270541705,1.95639875174692E-16,0.865426285481126));
#15253=DIRECTION('',(-6.93889390390723E-18,1.,-2.22044604925031E-16));
#15254=DIRECTION('center_axis',(-0.866623281247093,-1.16805452110031E-16,
-0.498963013058605));
#15255=DIRECTION('ref_axis',(-0.498963013058605,1.88966772693758E-16,0.866623281247093));
#15256=DIRECTION('center_axis',(-0.00119699576596558,-2.22052751678969E-16,
-0.999999283600312));
#15257=DIRECTION('ref_axis',(-0.999999283600311,-6.67310248093503E-18,0.00119699576596558));
#15258=DIRECTION('',(-6.93889390390723E-18,1.,-2.22044604925031E-16));
#15259=DIRECTION('',(-6.93889390390723E-18,1.,-2.22044604925031E-16));
#15260=DIRECTION('center_axis',(0.865426285481127,-1.05247299568938E-16,
-0.501036270541704));
#15261=DIRECTION('ref_axis',(-0.501036270541704,-1.95639875174692E-16,-0.865426285481127));
#15262=DIRECTION('',(-6.93889390390723E-18,1.,-2.22044604925031E-16));
#15263=DIRECTION('center_axis',(0.866623281247091,1.16805452110031E-16,
0.498963013058608));
#15264=DIRECTION('ref_axis',(0.498963013058608,-1.88966772693757E-16,-0.866623281247091));
#15265=DIRECTION('',(-6.93889390390723E-18,1.,-2.22044604925031E-16));
#15266=DIRECTION('center_axis',(0.00119699576596558,2.22052751678969E-16,
0.999999283600312));
#15267=DIRECTION('ref_axis',(0.999999283600311,6.67310248093503E-18,-0.00119699576596558));
#15268=DIRECTION('',(-6.93889390390723E-18,1.,-2.22044604925031E-16));
#15269=DIRECTION('center_axis',(-0.865426285481127,1.05247299568938E-16,
0.501036270541704));
#15270=DIRECTION('ref_axis',(0.501036270541704,1.95639875174692E-16,0.865426285481127));
#15271=DIRECTION('',(-6.93889390390723E-18,1.,-2.22044604925031E-16));
#15272=DIRECTION('center_axis',(-0.866623281247093,-1.16805452110031E-16,
-0.498963013058606));
#15273=DIRECTION('ref_axis',(-0.498963013058606,1.88966772693757E-16,0.866623281247093));
#15274=DIRECTION('center_axis',(-0.00119699576596558,-2.22052751678969E-16,
-0.999999283600312));
#15275=DIRECTION('ref_axis',(-0.999999283600311,-6.67310248093503E-18,0.00119699576596558));
#15276=DIRECTION('',(-6.93889390390723E-18,1.,-2.22044604925031E-16));
#15277=DIRECTION('',(-6.93889390390723E-18,1.,-2.22044604925031E-16));
#15278=DIRECTION('center_axis',(0.865426285481127,-1.05247299568938E-16,
-0.501036270541704));
#15279=DIRECTION('ref_axis',(-0.501036270541704,-1.95639875174692E-16,-0.865426285481127));
#15280=DIRECTION('',(-6.93889390390723E-18,1.,-2.22044604925031E-16));
#15281=DIRECTION('center_axis',(0.866623281247091,1.16805452110031E-16,
0.498963013058608));
#15282=DIRECTION('ref_axis',(0.498963013058608,-1.88966772693757E-16,-0.866623281247091));
#15283=DIRECTION('',(-6.93889390390723E-18,1.,-2.22044604925031E-16));
#15284=DIRECTION('center_axis',(0.00119699576596558,2.22052751678969E-16,
0.999999283600312));
#15285=DIRECTION('ref_axis',(0.999999283600311,6.67310248093503E-18,-0.00119699576596558));
#15286=DIRECTION('',(-6.93889390390723E-18,1.,-2.22044604925031E-16));
#15287=DIRECTION('center_axis',(-0.865426285481127,1.05247299568938E-16,
0.501036270541704));
#15288=DIRECTION('ref_axis',(0.501036270541704,1.95639875174692E-16,0.865426285481127));
#15289=DIRECTION('',(-6.93889390390723E-18,1.,-2.22044604925031E-16));
#15290=DIRECTION('center_axis',(-0.866623281247093,-1.16805452110031E-16,
-0.498963013058606));
#15291=DIRECTION('ref_axis',(-0.498963013058606,1.88966772693757E-16,0.866623281247093));
#15292=DIRECTION('center_axis',(-0.0011969957659641,-2.22052751678969E-16,
-0.999999283600312));
#15293=DIRECTION('ref_axis',(-0.999999283600311,-6.67310248093536E-18,0.0011969957659641));
#15294=DIRECTION('',(-6.93889390390723E-18,1.,-2.22044604925031E-16));
#15295=DIRECTION('',(-6.93889390390723E-18,1.,-2.22044604925031E-16));
#15296=DIRECTION('center_axis',(0.865426285481126,-1.05247299568938E-16,
-0.501036270541706));
#15297=DIRECTION('ref_axis',(-0.501036270541706,-1.95639875174692E-16,-0.865426285481126));
#15298=DIRECTION('',(-6.93889390390723E-18,1.,-2.22044604925031E-16));
#15299=DIRECTION('center_axis',(0.866623281247091,1.16805452110032E-16,
0.498963013058609));
#15300=DIRECTION('ref_axis',(0.498963013058609,-1.88966772693757E-16,-0.866623281247091));
#15301=DIRECTION('',(-6.93889390390723E-18,1.,-2.22044604925031E-16));
#15302=DIRECTION('center_axis',(0.0011969957659641,2.22052751678969E-16,
0.999999283600312));
#15303=DIRECTION('ref_axis',(0.999999283600311,6.67310248093536E-18,-0.0011969957659641));
#15304=DIRECTION('',(-6.93889390390723E-18,1.,-2.22044604925031E-16));
#15305=DIRECTION('center_axis',(-0.865426285481126,1.05247299568938E-16,
0.501036270541705));
#15306=DIRECTION('ref_axis',(0.501036270541705,1.95639875174692E-16,0.865426285481126));
#15307=DIRECTION('',(-6.93889390390723E-18,1.,-2.22044604925031E-16));
#15308=DIRECTION('center_axis',(-0.866623281247093,-1.16805452110031E-16,
-0.498963013058605));
#15309=DIRECTION('ref_axis',(-0.498963013058605,1.88966772693758E-16,0.866623281247093));
#15310=DIRECTION('center_axis',(-0.00119699576596558,-2.22052751678969E-16,
-0.999999283600312));
#15311=DIRECTION('ref_axis',(-0.999999283600311,-6.67310248093503E-18,0.00119699576596558));
#15312=DIRECTION('',(-6.93889390390723E-18,1.,-2.22044604925031E-16));
#15313=DIRECTION('',(-6.93889390390723E-18,1.,-2.22044604925031E-16));
#15314=DIRECTION('center_axis',(0.865426285481126,-1.05247299568938E-16,
-0.501036270541705));
#15315=DIRECTION('ref_axis',(-0.501036270541705,-1.95639875174692E-16,-0.865426285481126));
#15316=DIRECTION('',(-6.93889390390723E-18,1.,-2.22044604925031E-16));
#15317=DIRECTION('center_axis',(0.866623281247091,1.16805452110032E-16,
0.49896301305861));
#15318=DIRECTION('ref_axis',(0.498963013058609,-1.88966772693757E-16,-0.866623281247091));
#15319=DIRECTION('',(-6.93889390390723E-18,1.,-2.22044604925031E-16));
#15320=DIRECTION('center_axis',(0.00119699576596558,2.22052751678969E-16,
0.999999283600312));
#15321=DIRECTION('ref_axis',(0.999999283600311,6.67310248093503E-18,-0.00119699576596558));
#15322=DIRECTION('',(-6.93889390390723E-18,1.,-2.22044604925031E-16));
#15323=DIRECTION('center_axis',(-0.865426285481127,1.05247299568938E-16,
0.501036270541704));
#15324=DIRECTION('ref_axis',(0.501036270541704,1.95639875174692E-16,0.865426285481127));
#15325=DIRECTION('',(-6.93889390390723E-18,1.,-2.22044604925031E-16));
#15326=DIRECTION('center_axis',(-0.866623281247093,-1.16805452110031E-16,
-0.498963013058606));
#15327=DIRECTION('ref_axis',(-0.498963013058606,1.88966772693757E-16,0.866623281247093));
#15328=DIRECTION('center_axis',(-0.00119699576596558,-2.22052751678969E-16,
-0.999999283600312));
#15329=DIRECTION('ref_axis',(-0.999999283600311,-6.67310248093503E-18,0.00119699576596558));
#15330=DIRECTION('',(-6.93889390390723E-18,1.,-2.22044604925031E-16));
#15331=DIRECTION('',(-6.93889390390723E-18,1.,-2.22044604925031E-16));
#15332=DIRECTION('center_axis',(0.865426285481126,-1.05247299568938E-16,
-0.501036270541705));
#15333=DIRECTION('ref_axis',(-0.501036270541705,-1.95639875174692E-16,-0.865426285481126));
#15334=DIRECTION('',(-6.93889390390723E-18,1.,-2.22044604925031E-16));
#15335=DIRECTION('center_axis',(0.866623281247091,1.16805452110032E-16,
0.49896301305861));
#15336=DIRECTION('ref_axis',(0.498963013058609,-1.88966772693757E-16,-0.866623281247091));
#15337=DIRECTION('',(-6.93889390390723E-18,1.,-2.22044604925031E-16));
#15338=DIRECTION('center_axis',(0.00119699576596558,2.22052751678969E-16,
0.999999283600312));
#15339=DIRECTION('ref_axis',(0.999999283600311,6.67310248093503E-18,-0.00119699576596558));
#15340=DIRECTION('',(-6.93889390390723E-18,1.,-2.22044604925031E-16));
#15341=DIRECTION('center_axis',(-0.865426285481127,1.05247299568938E-16,
0.501036270541704));
#15342=DIRECTION('ref_axis',(0.501036270541704,1.95639875174692E-16,0.865426285481127));
#15343=DIRECTION('',(-6.93889390390723E-18,1.,-2.22044604925031E-16));
#15344=DIRECTION('center_axis',(-0.866623281247093,-1.16805452110031E-16,
-0.498963013058606));
#15345=DIRECTION('ref_axis',(-0.498963013058606,1.88966772693757E-16,0.866623281247093));
#15346=DIRECTION('center_axis',(-0.0011969957659641,-2.22052751678969E-16,
-0.999999283600312));
#15347=DIRECTION('ref_axis',(-0.999999283600311,-6.67310248093536E-18,0.0011969957659641));
#15348=DIRECTION('',(-6.93889390390723E-18,1.,-2.22044604925031E-16));
#15349=DIRECTION('',(-6.93889390390723E-18,1.,-2.22044604925031E-16));
#15350=DIRECTION('center_axis',(0.865426285481126,-1.05247299568938E-16,
-0.501036270541706));
#15351=DIRECTION('ref_axis',(-0.501036270541706,-1.95639875174692E-16,-0.865426285481126));
#15352=DIRECTION('',(-6.93889390390723E-18,1.,-2.22044604925031E-16));
#15353=DIRECTION('center_axis',(0.866623281247091,1.16805452110032E-16,
0.498963013058609));
#15354=DIRECTION('ref_axis',(0.498963013058609,-1.88966772693757E-16,-0.866623281247091));
#15355=DIRECTION('',(-6.93889390390723E-18,1.,-2.22044604925031E-16));
#15356=DIRECTION('center_axis',(0.0011969957659641,2.22052751678969E-16,
0.999999283600312));
#15357=DIRECTION('ref_axis',(0.999999283600311,6.67310248093536E-18,-0.0011969957659641));
#15358=DIRECTION('',(-6.93889390390723E-18,1.,-2.22044604925031E-16));
#15359=DIRECTION('center_axis',(-0.865426285481125,1.05247299568938E-16,
0.501036270541707));
#15360=DIRECTION('ref_axis',(0.501036270541707,1.95639875174692E-16,0.865426285481125));
#15361=DIRECTION('',(-6.93889390390723E-18,1.,-2.22044604925031E-16));
#15362=DIRECTION('center_axis',(-0.866623281247092,-1.16805452110031E-16,
-0.498963013058608));
#15363=DIRECTION('ref_axis',(-0.498963013058608,1.88966772693757E-16,0.866623281247092));
#15364=DIRECTION('center_axis',(-0.00119699576596558,-2.22052751678969E-16,
-0.999999283600312));
#15365=DIRECTION('ref_axis',(-0.999999283600311,-6.67310248093503E-18,0.00119699576596558));
#15366=DIRECTION('',(-6.93889390390723E-18,1.,-2.22044604925031E-16));
#15367=DIRECTION('',(-6.93889390390723E-18,1.,-2.22044604925031E-16));
#15368=DIRECTION('center_axis',(0.865426285481126,-1.05247299568938E-16,
-0.501036270541705));
#15369=DIRECTION('ref_axis',(-0.501036270541705,-1.95639875174692E-16,-0.865426285481126));
#15370=DIRECTION('',(-6.93889390390723E-18,1.,-2.22044604925031E-16));
#15371=DIRECTION('center_axis',(0.866623281247091,1.16805452110032E-16,
0.49896301305861));
#15372=DIRECTION('ref_axis',(0.498963013058609,-1.88966772693757E-16,-0.866623281247091));
#15373=DIRECTION('',(-6.93889390390723E-18,1.,-2.22044604925031E-16));
#15374=DIRECTION('center_axis',(0.00119699576596558,2.22052751678969E-16,
0.999999283600312));
#15375=DIRECTION('ref_axis',(0.999999283600311,6.67310248093503E-18,-0.00119699576596558));
#15376=DIRECTION('',(-6.93889390390723E-18,1.,-2.22044604925031E-16));
#15377=DIRECTION('center_axis',(-0.865426285481125,1.05247299568938E-16,
0.501036270541706));
#15378=DIRECTION('ref_axis',(0.501036270541706,1.95639875174692E-16,0.865426285481125));
#15379=DIRECTION('',(-6.93889390390723E-18,1.,-2.22044604925031E-16));
#15380=DIRECTION('center_axis',(-0.866623281247091,-1.16805452110031E-16,
-0.498963013058608));
#15381=DIRECTION('ref_axis',(-0.498963013058608,1.88966772693757E-16,0.866623281247091));
#15382=DIRECTION('center_axis',(-0.00119699576596558,-2.22052751678969E-16,
-0.999999283600312));
#15383=DIRECTION('ref_axis',(-0.999999283600311,-6.67310248093503E-18,0.00119699576596558));
#15384=DIRECTION('',(-6.93889390390723E-18,1.,-2.22044604925031E-16));
#15385=DIRECTION('',(-6.93889390390723E-18,1.,-2.22044604925031E-16));
#15386=DIRECTION('center_axis',(0.865426285481126,-1.05247299568938E-16,
-0.501036270541705));
#15387=DIRECTION('ref_axis',(-0.501036270541705,-1.95639875174692E-16,-0.865426285481126));
#15388=DIRECTION('',(-6.93889390390723E-18,1.,-2.22044604925031E-16));
#15389=DIRECTION('center_axis',(0.866623281247091,1.16805452110032E-16,
0.49896301305861));
#15390=DIRECTION('ref_axis',(0.498963013058609,-1.88966772693757E-16,-0.866623281247091));
#15391=DIRECTION('',(-6.93889390390723E-18,1.,-2.22044604925031E-16));
#15392=DIRECTION('center_axis',(0.00119699576596558,2.22052751678969E-16,
0.999999283600312));
#15393=DIRECTION('ref_axis',(0.999999283600311,6.67310248093503E-18,-0.00119699576596558));
#15394=DIRECTION('',(-6.93889390390723E-18,1.,-2.22044604925031E-16));
#15395=DIRECTION('center_axis',(-0.865426285481125,1.05247299568938E-16,
0.501036270541706));
#15396=DIRECTION('ref_axis',(0.501036270541706,1.95639875174692E-16,0.865426285481125));
#15397=DIRECTION('',(-6.93889390390723E-18,1.,-2.22044604925031E-16));
#15398=DIRECTION('center_axis',(-0.866623281247091,-1.16805452110031E-16,
-0.498963013058608));
#15399=DIRECTION('ref_axis',(-0.498963013058608,1.88966772693757E-16,0.866623281247091));
#15400=DIRECTION('center_axis',(-0.0011969957659641,-2.22052751678969E-16,
-0.999999283600312));
#15401=DIRECTION('ref_axis',(-0.999999283600311,-6.67310248093536E-18,0.0011969957659641));
#15402=DIRECTION('',(-6.93889390390723E-18,1.,-2.22044604925031E-16));
#15403=DIRECTION('',(-6.93889390390723E-18,1.,-2.22044604925031E-16));
#15404=DIRECTION('center_axis',(0.865426285481126,-1.05247299568938E-16,
-0.501036270541706));
#15405=DIRECTION('ref_axis',(-0.501036270541706,-1.95639875174692E-16,-0.865426285481126));
#15406=DIRECTION('',(-6.93889390390723E-18,1.,-2.22044604925031E-16));
#15407=DIRECTION('center_axis',(0.866623281247091,1.16805452110032E-16,
0.498963013058609));
#15408=DIRECTION('ref_axis',(0.498963013058609,-1.88966772693757E-16,-0.866623281247091));
#15409=DIRECTION('',(-6.93889390390723E-18,1.,-2.22044604925031E-16));
#15410=DIRECTION('center_axis',(0.0011969957659641,2.22052751678969E-16,
0.999999283600312));
#15411=DIRECTION('ref_axis',(0.999999283600311,6.67310248093536E-18,-0.0011969957659641));
#15412=DIRECTION('',(-6.93889390390723E-18,1.,-2.22044604925031E-16));
#15413=DIRECTION('center_axis',(-0.865426285481125,1.05247299568938E-16,
0.501036270541707));
#15414=DIRECTION('ref_axis',(0.501036270541707,1.95639875174692E-16,0.865426285481125));
#15415=DIRECTION('',(-6.93889390390723E-18,1.,-2.22044604925031E-16));
#15416=DIRECTION('center_axis',(-0.866623281247092,-1.16805452110031E-16,
-0.498963013058608));
#15417=DIRECTION('ref_axis',(-0.498963013058608,1.88966772693757E-16,0.866623281247092));
#15418=DIRECTION('center_axis',(-0.00119699576596558,-2.22052751678969E-16,
-0.999999283600312));
#15419=DIRECTION('ref_axis',(-0.999999283600311,-6.67310248093503E-18,0.00119699576596558));
#15420=DIRECTION('',(-6.93889390390723E-18,1.,-2.22044604925031E-16));
#15421=DIRECTION('',(-6.93889390390723E-18,1.,-2.22044604925031E-16));
#15422=DIRECTION('center_axis',(0.865426285481126,-1.05247299568938E-16,
-0.501036270541705));
#15423=DIRECTION('ref_axis',(-0.501036270541705,-1.95639875174692E-16,-0.865426285481126));
#15424=DIRECTION('',(-6.93889390390723E-18,1.,-2.22044604925031E-16));
#15425=DIRECTION('center_axis',(0.866623281247091,1.16805452110032E-16,
0.49896301305861));
#15426=DIRECTION('ref_axis',(0.498963013058609,-1.88966772693757E-16,-0.866623281247091));
#15427=DIRECTION('',(-6.93889390390723E-18,1.,-2.22044604925031E-16));
#15428=DIRECTION('center_axis',(0.00119699576596558,2.22052751678969E-16,
0.999999283600312));
#15429=DIRECTION('ref_axis',(0.999999283600311,6.67310248093503E-18,-0.00119699576596558));
#15430=DIRECTION('',(-6.93889390390723E-18,1.,-2.22044604925031E-16));
#15431=DIRECTION('center_axis',(-0.865426285481125,1.05247299568938E-16,
0.501036270541706));
#15432=DIRECTION('ref_axis',(0.501036270541706,1.95639875174692E-16,0.865426285481125));
#15433=DIRECTION('',(-6.93889390390723E-18,1.,-2.22044604925031E-16));
#15434=DIRECTION('center_axis',(-0.866623281247091,-1.16805452110031E-16,
-0.498963013058608));
#15435=DIRECTION('ref_axis',(-0.498963013058608,1.88966772693757E-16,0.866623281247091));
#15436=DIRECTION('center_axis',(-0.00119699576596558,-2.22052751678969E-16,
-0.999999283600312));
#15437=DIRECTION('ref_axis',(-0.999999283600311,-6.67310248093503E-18,0.00119699576596558));
#15438=DIRECTION('',(-6.93889390390723E-18,1.,-2.22044604925031E-16));
#15439=DIRECTION('',(-6.93889390390723E-18,1.,-2.22044604925031E-16));
#15440=DIRECTION('center_axis',(0.865426285481126,-1.05247299568938E-16,
-0.501036270541705));
#15441=DIRECTION('ref_axis',(-0.501036270541705,-1.95639875174692E-16,-0.865426285481126));
#15442=DIRECTION('',(-6.93889390390723E-18,1.,-2.22044604925031E-16));
#15443=DIRECTION('center_axis',(0.866623281247091,1.16805452110032E-16,
0.49896301305861));
#15444=DIRECTION('ref_axis',(0.498963013058609,-1.88966772693757E-16,-0.866623281247091));
#15445=DIRECTION('',(-6.93889390390723E-18,1.,-2.22044604925031E-16));
#15446=DIRECTION('center_axis',(0.00119699576596558,2.22052751678969E-16,
0.999999283600312));
#15447=DIRECTION('ref_axis',(0.999999283600311,6.67310248093503E-18,-0.00119699576596558));
#15448=DIRECTION('',(-6.93889390390723E-18,1.,-2.22044604925031E-16));
#15449=DIRECTION('center_axis',(-0.865426285481125,1.05247299568938E-16,
0.501036270541706));
#15450=DIRECTION('ref_axis',(0.501036270541706,1.95639875174692E-16,0.865426285481125));
#15451=DIRECTION('',(-6.93889390390723E-18,1.,-2.22044604925031E-16));
#15452=DIRECTION('center_axis',(-0.866623281247091,-1.16805452110031E-16,
-0.498963013058608));
#15453=DIRECTION('ref_axis',(-0.498963013058608,1.88966772693757E-16,0.866623281247091));
#15454=DIRECTION('center_axis',(-0.0011969957659641,-2.22052751678969E-16,
-0.999999283600312));
#15455=DIRECTION('ref_axis',(-0.999999283600311,-6.67310248093536E-18,0.0011969957659641));
#15456=DIRECTION('',(-6.93889390390723E-18,1.,-2.22044604925031E-16));
#15457=DIRECTION('',(-6.93889390390723E-18,1.,-2.22044604925031E-16));
#15458=DIRECTION('center_axis',(0.865426285481126,-1.05247299568938E-16,
-0.501036270541706));
#15459=DIRECTION('ref_axis',(-0.501036270541706,-1.95639875174692E-16,-0.865426285481126));
#15460=DIRECTION('',(-6.93889390390723E-18,1.,-2.22044604925031E-16));
#15461=DIRECTION('center_axis',(0.866623281247091,1.16805452110032E-16,
0.498963013058609));
#15462=DIRECTION('ref_axis',(0.498963013058609,-1.88966772693757E-16,-0.866623281247091));
#15463=DIRECTION('',(-6.93889390390723E-18,1.,-2.22044604925031E-16));
#15464=DIRECTION('center_axis',(0.0011969957659641,2.22052751678969E-16,
0.999999283600312));
#15465=DIRECTION('ref_axis',(0.999999283600311,6.67310248093536E-18,-0.0011969957659641));
#15466=DIRECTION('',(-6.93889390390723E-18,1.,-2.22044604925031E-16));
#15467=DIRECTION('center_axis',(-0.865426285481125,1.05247299568938E-16,
0.501036270541707));
#15468=DIRECTION('ref_axis',(0.501036270541707,1.95639875174692E-16,0.865426285481125));
#15469=DIRECTION('',(-6.93889390390723E-18,1.,-2.22044604925031E-16));
#15470=DIRECTION('center_axis',(-0.866623281247092,-1.16805452110031E-16,
-0.498963013058608));
#15471=DIRECTION('ref_axis',(-0.498963013058608,1.88966772693757E-16,0.866623281247092));
#15472=DIRECTION('center_axis',(-0.00119699576596558,-2.22052751678969E-16,
-0.999999283600312));
#15473=DIRECTION('ref_axis',(-0.999999283600311,-6.67310248093503E-18,0.00119699576596558));
#15474=DIRECTION('',(-6.93889390390723E-18,1.,-2.22044604925031E-16));
#15475=DIRECTION('',(-6.93889390390723E-18,1.,-2.22044604925031E-16));
#15476=DIRECTION('center_axis',(0.865426285481127,-1.05247299568937E-16,
-0.501036270541703));
#15477=DIRECTION('ref_axis',(-0.501036270541703,-1.95639875174693E-16,-0.865426285481127));
#15478=DIRECTION('',(-6.93889390390723E-18,1.,-2.22044604925031E-16));
#15479=DIRECTION('center_axis',(0.866623281247092,1.16805452110031E-16,
0.498963013058607));
#15480=DIRECTION('ref_axis',(0.498963013058607,-1.88966772693757E-16,-0.866623281247092));
#15481=DIRECTION('',(-6.93889390390723E-18,1.,-2.22044604925031E-16));
#15482=DIRECTION('center_axis',(0.00119699576596558,2.22052751678969E-16,
0.999999283600312));
#15483=DIRECTION('ref_axis',(0.999999283600311,6.67310248093503E-18,-0.00119699576596558));
#15484=DIRECTION('',(-6.93889390390723E-18,1.,-2.22044604925031E-16));
#15485=DIRECTION('center_axis',(-0.865426285481125,1.05247299568938E-16,
0.501036270541706));
#15486=DIRECTION('ref_axis',(0.501036270541706,1.95639875174692E-16,0.865426285481125));
#15487=DIRECTION('',(-6.93889390390723E-18,1.,-2.22044604925031E-16));
#15488=DIRECTION('center_axis',(-0.866623281247091,-1.16805452110031E-16,
-0.498963013058608));
#15489=DIRECTION('ref_axis',(-0.498963013058608,1.88966772693757E-16,0.866623281247091));
#15490=DIRECTION('center_axis',(-0.00119699576596558,-2.22052751678969E-16,
-0.999999283600312));
#15491=DIRECTION('ref_axis',(-0.999999283600311,-6.67310248093503E-18,0.00119699576596558));
#15492=DIRECTION('',(-6.93889390390723E-18,1.,-2.22044604925031E-16));
#15493=DIRECTION('',(-6.93889390390723E-18,1.,-2.22044604925031E-16));
#15494=DIRECTION('center_axis',(0.865426285481127,-1.05247299568937E-16,
-0.501036270541703));
#15495=DIRECTION('ref_axis',(-0.501036270541703,-1.95639875174693E-16,-0.865426285481127));
#15496=DIRECTION('',(-6.93889390390723E-18,1.,-2.22044604925031E-16));
#15497=DIRECTION('center_axis',(0.866623281247092,1.16805452110031E-16,
0.498963013058607));
#15498=DIRECTION('ref_axis',(0.498963013058607,-1.88966772693757E-16,-0.866623281247092));
#15499=DIRECTION('',(-6.93889390390723E-18,1.,-2.22044604925031E-16));
#15500=DIRECTION('center_axis',(0.00119699576596558,2.22052751678969E-16,
0.999999283600312));
#15501=DIRECTION('ref_axis',(0.999999283600311,6.67310248093503E-18,-0.00119699576596558));
#15502=DIRECTION('',(-6.93889390390723E-18,1.,-2.22044604925031E-16));
#15503=DIRECTION('center_axis',(-0.865426285481125,1.05247299568938E-16,
0.501036270541706));
#15504=DIRECTION('ref_axis',(0.501036270541706,1.95639875174692E-16,0.865426285481125));
#15505=DIRECTION('',(-6.93889390390723E-18,1.,-2.22044604925031E-16));
#15506=DIRECTION('center_axis',(-0.866623281247091,-1.16805452110031E-16,
-0.498963013058608));
#15507=DIRECTION('ref_axis',(-0.498963013058608,1.88966772693757E-16,0.866623281247091));
#15508=CARTESIAN_POINT('',(0.,0.,0.));
#15509=CARTESIAN_POINT('Ctrl Pts',(0.888529220575866,100.,-18.));
#15510=CARTESIAN_POINT('Ctrl Pts',(1.33732817108869,100.,-18.8975979010257));
#15511=CARTESIAN_POINT('Ctrl Pts',(2.08257527766026,99.7376914601891,-20.3880921141688));
#15512=CARTESIAN_POINT('Ctrl Pts',(2.75165816614864,98.8965093488607,-21.7262578911455));
#15513=CARTESIAN_POINT('Ctrl Pts',(2.88852922057586,98.2991993003419,-22.));
#15514=CARTESIAN_POINT('Ctrl Pts',(2.88852922057586,98.,-22.));
#15515=CARTESIAN_POINT('Ctrl Pts',(0.888529220575868,100.,-18.));
#15516=CARTESIAN_POINT('Ctrl Pts',(1.42281368547209,100.,-18.8121123866423));
#15517=CARTESIAN_POINT('Ctrl Pts',(2.30854585490507,99.6179653319339,-20.1623098006537));
#15518=CARTESIAN_POINT('Ctrl Pts',(2.85298668109239,98.6488988640618,-21.2338586499521));
#15519=CARTESIAN_POINT('Ctrl Pts',(2.88852922057586,98.2083065138543,-21.4016013993162));
#15520=CARTESIAN_POINT('Ctrl Pts',(2.88852922057586,98.,-21.4016013993162));
#15521=CARTESIAN_POINT('Ctrl Pts',(0.888529220575871,100.,-18.));
#15522=CARTESIAN_POINT('Ctrl Pts',(1.57241333564304,100.,-18.6625127364713));
#15523=CARTESIAN_POINT('Ctrl Pts',(2.70751469814802,99.5301323303117,-19.7612681926033));
#15524=CARTESIAN_POINT('Ctrl Pts',(3.38127656499228,98.441137245386,-20.3748127540459));
#15525=CARTESIAN_POINT('Ctrl Pts',(3.39060757527718,98.130209212626,-20.3655670842507));
#15526=CARTESIAN_POINT('Ctrl Pts',(3.39060757527718,98.,-20.3655670842507));
#15527=CARTESIAN_POINT('Ctrl Pts',(0.888529220575875,100.,-18.));
#15528=CARTESIAN_POINT('Ctrl Pts',(1.72201298581399,100.,-18.5129130863004));
#15529=CARTESIAN_POINT('Ctrl Pts',(3.1054706066588,99.6474905850849,-19.3615786256214));
#15530=CARTESIAN_POINT('Ctrl Pts',(4.2449576010795,98.7126104410756,-19.9385684237422));
#15531=CARTESIAN_POINT('Ctrl Pts',(4.43973027006303,98.2319963679758,-20.));
#15532=CARTESIAN_POINT('Ctrl Pts',(4.43973027006303,98.,-20.));
#15533=CARTESIAN_POINT('Ctrl Pts',(0.888529220575876,100.,-18.));
#15534=CARTESIAN_POINT('Ctrl Pts',(1.78612712160154,100.,-18.4487989505128));
#15535=CARTESIAN_POINT('Ctrl Pts',(3.27662133474465,99.7376914601892,-19.1940460570844));
#15536=CARTESIAN_POINT('Ctrl Pts',(4.61478711172142,98.8965093488607,-19.8631289455728));
#15537=CARTESIAN_POINT('Ctrl Pts',(4.88852922057585,98.2991993003419,-20.));
#15538=CARTESIAN_POINT('Ctrl Pts',(4.88852922057585,98.,-20.));
#15539=CARTESIAN_POINT('',(4.88852922057587,98.,-20.));
#15540=CARTESIAN_POINT('',(2.88852922057586,98.,-22.));
#15541=CARTESIAN_POINT('Origin',(4.88852922057586,98.,-22.));
#15542=CARTESIAN_POINT('',(0.888529220575851,100.,-18.));
#15543=CARTESIAN_POINT('Origin',(0.888529220575859,98.,-18.));
#15544=CARTESIAN_POINT('Origin',(0.88852922057586,98.,-18.));
#15545=CARTESIAN_POINT('Origin',(4.88852922057585,100.,-22.));
#15546=CARTESIAN_POINT('',(4.88852922057585,92.,-20.));
#15547=CARTESIAN_POINT('',(4.88852922057585,100.,-20.));
#15548=CARTESIAN_POINT('',(2.88852922057586,92.,-22.));
#15549=CARTESIAN_POINT('Origin',(4.88852922057585,92.,-22.));
#15550=CARTESIAN_POINT('',(2.88852922057586,100.,-22.));
#15551=CARTESIAN_POINT('Ctrl Pts',(2.88852922057586,92.,-22.));
#15552=CARTESIAN_POINT('Ctrl Pts',(2.88852922057586,91.7008006996581,-22.));
#15553=CARTESIAN_POINT('Ctrl Pts',(2.78565805744536,91.2525537994143,-21.794257673739));
#15554=CARTESIAN_POINT('Ctrl Pts',(2.3852870209881,90.6149396391384,-20.9935156008245));
#15555=CARTESIAN_POINT('Ctrl Pts',(1.78605601109781,90.1366023798953,-19.7950535810439));
#15556=CARTESIAN_POINT('Ctrl Pts',(1.18772852091774,90.,-18.5983986006838));
#15557=CARTESIAN_POINT('Ctrl Pts',(0.888529220575856,90.,-18.));
#15558=CARTESIAN_POINT('Ctrl Pts',(2.88852922057586,92.,-21.4016013993162));
#15559=CARTESIAN_POINT('Ctrl Pts',(2.88852922057586,91.7916934861456,-21.4016013993162));
#15560=CARTESIAN_POINT('Ctrl Pts',(2.8570333719219,91.4601482128088,-21.2723135360585));
#15561=CARTESIAN_POINT('Ctrl Pts',(2.56458989471585,90.802979624059,-20.6533684116651));
#15562=CARTESIAN_POINT('Ctrl Pts',(1.95917595518235,90.1930706739877,-19.6254369970438));
#15563=CARTESIAN_POINT('Ctrl Pts',(1.24471886384001,90.,-18.5414082577615));
#15564=CARTESIAN_POINT('Ctrl Pts',(0.888529220575856,90.,-18.));
#15565=CARTESIAN_POINT('Ctrl Pts',(3.39059617437523,92.,-20.3655575873071));
#15566=CARTESIAN_POINT('Ctrl Pts',(3.39059617437523,91.869790787374,-20.3655575873071));
#15567=CARTESIAN_POINT('Ctrl Pts',(3.37639661076508,91.6367125924014,-20.3649351529006));
#15568=CARTESIAN_POINT('Ctrl Pts',(3.02782202856304,90.9526484842305,-20.0552125823585));
#15569=CARTESIAN_POINT('Ctrl Pts',(2.25756237096259,90.2345737238888,-19.3264566066009));
#15570=CARTESIAN_POINT('Ctrl Pts',(1.34445196395397,90.,-18.4416751576475));
#15571=CARTESIAN_POINT('Ctrl Pts',(0.888529220575856,90.,-18.));
#15572=CARTESIAN_POINT('Ctrl Pts',(4.43973027006303,92.,-20.));
#15573=CARTESIAN_POINT('Ctrl Pts',(4.43973027006303,91.7680036320241,-20.));
#15574=CARTESIAN_POINT('Ctrl Pts',(4.291268762534,91.4066751932646,-19.9506039647705));
#15575=CARTESIAN_POINT('Ctrl Pts',(3.62560448800588,90.7554230112599,-19.6298141983598));
#15576=CARTESIAN_POINT('Ctrl Pts',(2.55561075212242,90.1792718181757,-19.0265509155968));
#15577=CARTESIAN_POINT('Ctrl Pts',(1.44418506406793,90.,-18.3419420575336));
#15578=CARTESIAN_POINT('Ctrl Pts',(0.888529220575856,90.,-18.));
#15579=CARTESIAN_POINT('Ctrl Pts',(4.88852922057585,92.,-20.));
#15580=CARTESIAN_POINT('Ctrl Pts',(4.88852922057585,91.7008006996581,-20.));
#15581=CARTESIAN_POINT('Ctrl Pts',(4.68278689431486,91.2525537994143,-19.8971288368695));
#15582=CARTESIAN_POINT('Ctrl Pts',(3.88204482140033,90.6149396391384,-19.4967578004122));
#15583=CARTESIAN_POINT('Ctrl Pts',(2.68358280161975,90.1366023798953,-18.8975267905219));
#15584=CARTESIAN_POINT('Ctrl Pts',(1.48692782125963,90.,-18.2991993003419));
#15585=CARTESIAN_POINT('Ctrl Pts',(0.888529220575856,90.,-18.));
#15586=CARTESIAN_POINT('',(0.888529220575861,90.,-18.));
#15587=CARTESIAN_POINT('Origin',(0.888529220575864,92.,-18.));
#15588=CARTESIAN_POINT('Origin',(0.888529220575861,92.,-18.));
#15589=CARTESIAN_POINT('Origin',(150.,100.,-20.));
#15590=CARTESIAN_POINT('',(148.,98.,-20.));
#15591=CARTESIAN_POINT('',(155.,98.,-20.));
#15592=CARTESIAN_POINT('',(148.,92.,-20.));
#15593=CARTESIAN_POINT('',(148.,100.,-20.));
#15594=CARTESIAN_POINT('',(75.,92.,-20.));
#15595=CARTESIAN_POINT('Origin',(155.,98.,-18.));
#15596=CARTESIAN_POINT('',(152.,100.,-18.));
#15597=CARTESIAN_POINT('',(155.,100.,-18.));
#15598=CARTESIAN_POINT('Origin',(152.,98.,-18.));
#15599=CARTESIAN_POINT('Origin',(0.88852922057586,98.,-55.));
#15600=CARTESIAN_POINT('',(2.88852922057586,98.,-78.));
#15601=CARTESIAN_POINT('',(2.88852922057586,98.,-55.));
#15602=CARTESIAN_POINT('',(0.88852922057586,100.,-82.));
#15603=CARTESIAN_POINT('Origin',(0.88852922057586,98.,-82.));
#15604=CARTESIAN_POINT('',(0.88852922057586,100.,-55.));
#15605=CARTESIAN_POINT('Ctrl Pts',(0.888529220575869,100.,-82.));
#15606=CARTESIAN_POINT('Ctrl Pts',(1.78612712160153,100.,-81.5512010494872));
#15607=CARTESIAN_POINT('Ctrl Pts',(3.27657064478336,99.7376308687988,-80.8059792878963));
#15608=CARTESIAN_POINT('Ctrl Pts',(4.61475071851106,98.8964803606048,-80.1368892510324));
#15609=CARTESIAN_POINT('Ctrl Pts',(4.88852922057589,98.2991993003419,-80.));
#15610=CARTESIAN_POINT('Ctrl Pts',(4.88852922057589,98.,-80.));
#15611=CARTESIAN_POINT('Ctrl Pts',(0.888529220575868,100.,-82.));
#15612=CARTESIAN_POINT('Ctrl Pts',(1.70064160721813,100.,-81.4657155351038));
#15613=CARTESIAN_POINT('Ctrl Pts',(3.05095579977214,99.6178189977926,-80.579728325451));
#15614=CARTESIAN_POINT('Ctrl Pts',(4.12247856020069,98.6488354714919,-80.035354091215));
#15615=CARTESIAN_POINT('Ctrl Pts',(4.29013061989212,98.2083065138543,-80.));
#15616=CARTESIAN_POINT('Ctrl Pts',(4.29013061989212,98.,-80.));
#15617=CARTESIAN_POINT('Ctrl Pts',(0.888529220575867,100.,-82.));
#15618=CARTESIAN_POINT('Ctrl Pts',(1.55104195704718,100.,-81.3161158849328));
#15619=CARTESIAN_POINT('Ctrl Pts',(2.64994806464547,99.5301145382406,-80.1808837086354));
#15620=CARTESIAN_POINT('Ctrl Pts',(3.26352206258914,98.4413370029892,-79.5070849642844));
#15621=CARTESIAN_POINT('Ctrl Pts',(3.25415605480788,98.130209212626,-79.4978499165708));
#15622=CARTESIAN_POINT('Ctrl Pts',(3.25415605480788,98.,-79.4978499165708));
#15623=CARTESIAN_POINT('Ctrl Pts',(0.888529220575866,100.,-82.));
#15624=CARTESIAN_POINT('Ctrl Pts',(1.40144230687624,100.,-81.1665162347619));
#15625=CARTESIAN_POINT('Ctrl Pts',(2.25018409512887,99.6474044270452,-79.7830853877903));
#15626=CARTESIAN_POINT('Ctrl Pts',(2.82717350205587,98.712628219172,-78.6435699126895));
#15627=CARTESIAN_POINT('Ctrl Pts',(2.88852922057589,98.2319963679758,-78.4487989505128));
#15628=CARTESIAN_POINT('Ctrl Pts',(2.88852922057589,98.,-78.4487989505128));
#15629=CARTESIAN_POINT('Ctrl Pts',(0.888529220575865,100.,-82.));
#15630=CARTESIAN_POINT('Ctrl Pts',(1.33732817108869,100.,-81.1024020989743));
#15631=CARTESIAN_POINT('Ctrl Pts',(2.08254993267962,99.7376308687988,-79.6119585757925));
#15632=CARTESIAN_POINT('Ctrl Pts',(2.75163996954347,98.8964803606048,-78.2737785020648));
#15633=CARTESIAN_POINT('Ctrl Pts',(2.88852922057589,98.2991993003419,-78.));
#15634=CARTESIAN_POINT('Ctrl Pts',(2.88852922057589,98.,-78.));
#15635=CARTESIAN_POINT('',(4.88852922057587,98.,-80.));
#15636=CARTESIAN_POINT('Origin',(4.88852922057589,98.,-78.));
#15637=CARTESIAN_POINT('Origin',(0.888529220575869,98.,-82.));
#15638=CARTESIAN_POINT('Origin',(4.88852922057586,100.,-78.));
#15639=CARTESIAN_POINT('',(2.88852922057586,92.,-78.));
#15640=CARTESIAN_POINT('',(2.88852922057586,100.,-78.));
#15641=CARTESIAN_POINT('',(4.88852922057586,92.,-80.));
#15642=CARTESIAN_POINT('Origin',(4.88852922057586,92.,-78.));
#15643=CARTESIAN_POINT('',(4.88852922057586,100.,-80.));
#15644=CARTESIAN_POINT('Ctrl Pts',(4.88852922057586,92.,-80.));
#15645=CARTESIAN_POINT('Ctrl Pts',(4.88852922057586,91.850400349829,-80.));
#15646=CARTESIAN_POINT('Ctrl Pts',(4.78829532895824,91.4015167430258,-80.0501169458088));
#15647=CARTESIAN_POINT('Ctrl Pts',(4.12299828323962,90.7104283963602,-80.3827654686681));
#15648=CARTESIAN_POINT('Ctrl Pts',(2.68326923360131,90.1366446890955,-81.1026299934873));
#15649=CARTESIAN_POINT('Ctrl Pts',(1.48692782125963,90.,-81.7008006996581));
#15650=CARTESIAN_POINT('Ctrl Pts',(0.888529220575862,90.,-82.));
#15651=CARTESIAN_POINT('Ctrl Pts',(4.29013061989209,92.,-80.));
#15652=CARTESIAN_POINT('Ctrl Pts',(4.29013061989209,91.8958467430728,-80.));
#15653=CARTESIAN_POINT('Ctrl Pts',(4.22731453266249,91.5881132688292,-80.0161035640167));
#15654=CARTESIAN_POINT('Ctrl Pts',(3.74898340765505,90.9318570720993,-80.2022797109428));
#15655=CARTESIAN_POINT('Ctrl Pts',(2.51328728821756,90.1909158892251,-80.9297083647473));
#15656=CARTESIAN_POINT('Ctrl Pts',(1.42993747833737,90.,-81.6438103567358));
#15657=CARTESIAN_POINT('Ctrl Pts',(0.888529220575862,90.,-82.));
#15658=CARTESIAN_POINT('Ctrl Pts',(3.25415123338623,91.9999999999999,-79.4978557045967));
#15659=CARTESIAN_POINT('Ctrl Pts',(3.25415123338623,91.9348953936869,-79.4978557045967));
#15660=CARTESIAN_POINT('Ctrl Pts',(3.25399779759894,91.7490898549017,-79.5043992547838));
#15661=CARTESIAN_POINT('Ctrl Pts',(3.09149774829089,91.1096262922413,-79.7044924834734));
#15662=CARTESIAN_POINT('Ctrl Pts',(2.21347189844328,90.2300891081663,-80.6325297940758));
#15663=CARTESIAN_POINT('Ctrl Pts',(1.3302043782234,89.9999999999999,-81.5440772566218));
#15664=CARTESIAN_POINT('Ctrl Pts',(0.888529220575862,89.9999999999999,-82.));
#15665=CARTESIAN_POINT('Ctrl Pts',(2.88852922057586,92.,-78.4487989505128));
#15666=CARTESIAN_POINT('Ctrl Pts',(2.88852922057586,91.884001816012,-78.4487989505128));
#15667=CARTESIAN_POINT('Ctrl Pts',(2.8638959807877,91.5396173893115,-78.5210001563026));
#15668=CARTESIAN_POINT('Ctrl Pts',(2.63969966749251,90.8755717443592,-79.0473820257019));
#15669=CARTESIAN_POINT('Ctrl Pts',(1.91463271238336,90.1776321633365,-80.3336380939189));
#15670=CARTESIAN_POINT('Ctrl Pts',(1.23047127810944,90.,-81.4443441565079));
#15671=CARTESIAN_POINT('Ctrl Pts',(0.888529220575862,90.,-82.));
#15672=CARTESIAN_POINT('Ctrl Pts',(2.88852922057586,92.,-78.));
#15673=CARTESIAN_POINT('Ctrl Pts',(2.88852922057586,91.850400349829,-78.));
#15674=CARTESIAN_POINT('Ctrl Pts',(2.83841227476705,91.4015167430258,-78.1002338916176));
#15675=CARTESIAN_POINT('Ctrl Pts',(2.50576375190774,90.7104283963602,-78.7655309373362));
#15676=CARTESIAN_POINT('Ctrl Pts',(1.78589922708858,90.1366446890955,-80.2052599869745));
#15677=CARTESIAN_POINT('Ctrl Pts',(1.18772852091774,90.,-81.4016013993162));
#15678=CARTESIAN_POINT('Ctrl Pts',(0.888529220575862,90.,-82.));
#15679=CARTESIAN_POINT('',(0.888529220575861,90.,-82.));
#15680=CARTESIAN_POINT('Origin',(0.888529220575861,92.,-82.));
#15681=CARTESIAN_POINT('Origin',(0.888529220575862,92.,-82.));
#15682=CARTESIAN_POINT('Origin',(2.88852922057586,100.,-20.));
#15683=CARTESIAN_POINT('',(2.88852922057586,92.,-55.));
#15684=CARTESIAN_POINT('Origin',(81.4442646102879,98.,-82.));
#15685=CARTESIAN_POINT('',(148.,98.,-80.));
#15686=CARTESIAN_POINT('',(81.4442646102879,98.,-80.));
#15687=CARTESIAN_POINT('',(152.,100.,-82.));
#15688=CARTESIAN_POINT('Origin',(152.,98.,-82.));
#15689=CARTESIAN_POINT('',(81.4442646102879,100.,-82.));
#15690=CARTESIAN_POINT('Ctrl Pts',(152.,90.,-18.));
#15691=CARTESIAN_POINT('Ctrl Pts',(151.700800699658,90.,-18.5983986006838));
#15692=CARTESIAN_POINT('Ctrl Pts',(151.102629462797,90.1366537758824,-19.7947410744066));
#15693=CARTESIAN_POINT('Ctrl Pts',(150.382764735505,90.7104333503185,-21.2344705289897));
#15694=CARTESIAN_POINT('Ctrl Pts',(150.050116302521,91.4015199799067,-21.8997673949588));
#15695=CARTESIAN_POINT('Ctrl Pts',(150.,91.8504003498291,-22.));
#15696=CARTESIAN_POINT('Ctrl Pts',(150.,92.,-22.));
#15697=CARTESIAN_POINT('Ctrl Pts',(152.,90.,-18.));
#15698=CARTESIAN_POINT('Ctrl Pts',(151.643810356736,90.,-18.5414082577615));
#15699=CARTESIAN_POINT('Ctrl Pts',(150.929578396,90.1909878763085,-19.6248172888636));
#15700=CARTESIAN_POINT('Ctrl Pts',(150.202162969464,90.9319515890554,-20.8605093999373));
#15701=CARTESIAN_POINT('Ctrl Pts',(150.016036278114,91.5881962183622,-21.3388187156995));
#15702=CARTESIAN_POINT('Ctrl Pts',(150.,91.8958467430729,-21.4016013993162));
#15703=CARTESIAN_POINT('Ctrl Pts',(150.,92.,-21.4016013993162));
#15704=CARTESIAN_POINT('Ctrl Pts',(152.,90.,-18.));
#15705=CARTESIAN_POINT('Ctrl Pts',(151.544077256622,90.,-18.4416751576475));
#15706=CARTESIAN_POINT('Ctrl Pts',(150.632522066357,90.230112192008,-19.3249617740707));
#15707=CARTESIAN_POINT('Ctrl Pts',(149.704471732078,91.109639591735,-20.2029968510726));
#15708=CARTESIAN_POINT('Ctrl Pts',(149.504354856027,91.7490888545055,-20.3655127921339));
#15709=CARTESIAN_POINT('Ctrl Pts',(149.497803387092,91.934895393687,-20.3656655932558));
#15710=CARTESIAN_POINT('Ctrl Pts',(149.497803387092,92.,-20.3656655932558));
#15711=CARTESIAN_POINT('Ctrl Pts',(152.,90.,-18.));
#15712=CARTESIAN_POINT('Ctrl Pts',(151.444344156508,90.,-18.3419420575336));
#15713=CARTESIAN_POINT('Ctrl Pts',(150.333650699656,90.1776600971895,-19.0261398668887));
#15714=CARTESIAN_POINT('Ctrl Pts',(149.047392608039,90.8755955452776,-19.7512023484733));
#15715=CARTESIAN_POINT('Ctrl Pts',(148.521003577502,91.5396331929753,-19.9753867377318));
#15716=CARTESIAN_POINT('Ctrl Pts',(148.448798950513,91.8840018160121,-20.));
#15717=CARTESIAN_POINT('Ctrl Pts',(148.448798950513,92.,-20.));
#15718=CARTESIAN_POINT('Ctrl Pts',(152.,90.,-18.));
#15719=CARTESIAN_POINT('Ctrl Pts',(151.401601399316,90.,-18.2991993003419));
#15720=CARTESIAN_POINT('Ctrl Pts',(150.205258925593,90.1366537758824,-18.8973705372033));
#15721=CARTESIAN_POINT('Ctrl Pts',(148.76552947101,90.7104333503185,-19.6172352644949));
#15722=CARTESIAN_POINT('Ctrl Pts',(148.100232605041,91.4015199799067,-19.9498836974794));
#15723=CARTESIAN_POINT('Ctrl Pts',(148.,91.850400349829,-20.));
#15724=CARTESIAN_POINT('Ctrl Pts',(148.,92.,-20.));
#15725=CARTESIAN_POINT('',(150.,92.,-22.));
#15726=CARTESIAN_POINT('Origin',(148.,92.,-22.));
#15727=CARTESIAN_POINT('',(152.,90.,-18.));
#15728=CARTESIAN_POINT('Origin',(152.,92.,-18.));
#15729=CARTESIAN_POINT('Origin',(152.,92.,-18.));
#15730=CARTESIAN_POINT('Origin',(148.,100.,-22.));
#15731=CARTESIAN_POINT('',(150.,98.,-22.));
#15732=CARTESIAN_POINT('Origin',(148.,98.,-22.));
#15733=CARTESIAN_POINT('',(150.,100.,-22.));
#15734=CARTESIAN_POINT('Ctrl Pts',(150.,98.,-22.));
#15735=CARTESIAN_POINT('Ctrl Pts',(150.,98.1495996501709,-22.));
#15736=CARTESIAN_POINT('Ctrl Pts',(150.050116268139,98.5984798431684,-21.8997674637215));
#15737=CARTESIAN_POINT('Ctrl Pts',(150.382764695928,99.2895663785996,-21.2344706081436));
#15738=CARTESIAN_POINT('Ctrl Pts',(151.102629433603,99.8633457368844,-19.7947411327936));
#15739=CARTESIAN_POINT('Ctrl Pts',(151.700800699658,100.,-18.5983986006838));
#15740=CARTESIAN_POINT('Ctrl Pts',(152.,100.,-18.));
#15741=CARTESIAN_POINT('Ctrl Pts',(150.,98.,-21.4016013993162));
#15742=CARTESIAN_POINT('Ctrl Pts',(150.,98.1041532569272,-21.4016013993162));
#15743=CARTESIAN_POINT('Ctrl Pts',(150.016032614996,98.4117993467297,-21.3388205295549));
#15744=CARTESIAN_POINT('Ctrl Pts',(150.202156656426,99.0680433058968,-20.8605123850183));
#15745=CARTESIAN_POINT('Ctrl Pts',(150.929571361702,99.8090081715439,-19.6248204977347));
#15746=CARTESIAN_POINT('Ctrl Pts',(151.643810356736,100.,-18.5414082577615));
#15747=CARTESIAN_POINT('Ctrl Pts',(152.,100.,-18.));
#15748=CARTESIAN_POINT('Ctrl Pts',(149.497800650867,98.,-20.3656678725299));
#15749=CARTESIAN_POINT('Ctrl Pts',(149.497800650867,98.065104606313,-20.3656678725299));
#15750=CARTESIAN_POINT('Ctrl Pts',(149.504352516997,98.2509111342058,-20.3655151326665));
#15751=CARTESIAN_POINT('Ctrl Pts',(149.704470605771,98.8903596435513,-20.2029983874963));
#15752=CARTESIAN_POINT('Ctrl Pts',(150.632521619414,99.7698865436326,-19.3249628316327));
#15753=CARTESIAN_POINT('Ctrl Pts',(151.544077256622,100.,-18.4416751576475));
#15754=CARTESIAN_POINT('Ctrl Pts',(152.,100.,-18.));
#15755=CARTESIAN_POINT('Ctrl Pts',(148.448798950513,98.,-20.));
#15756=CARTESIAN_POINT('Ctrl Pts',(148.448798950513,98.1159981839879,-20.));
#15757=CARTESIAN_POINT('Ctrl Pts',(148.521003770344,98.4603659508605,-19.975387822018));
#15758=CARTESIAN_POINT('Ctrl Pts',(149.047393179006,99.1244031649391,-19.7512040754823));
#15759=CARTESIAN_POINT('Ctrl Pts',(150.333651379699,99.8223383919732,-19.0261418351473));
#15760=CARTESIAN_POINT('Ctrl Pts',(151.444344156508,100.,-18.3419420575336));
#15761=CARTESIAN_POINT('Ctrl Pts',(152.,100.,-18.));
#15762=CARTESIAN_POINT('Ctrl Pts',(148.,98.,-20.));
#15763=CARTESIAN_POINT('Ctrl Pts',(148.,98.1495996501709,-20.));
#15764=CARTESIAN_POINT('Ctrl Pts',(148.100232536278,98.5984798431684,-19.9498837318607));
#15765=CARTESIAN_POINT('Ctrl Pts',(148.765529391856,99.2895663785995,-19.6172353040718));
#15766=CARTESIAN_POINT('Ctrl Pts',(150.205258867206,99.8633457368844,-18.8973705663968));
#15767=CARTESIAN_POINT('Ctrl Pts',(151.401601399316,100.,-18.2991993003419));
#15768=CARTESIAN_POINT('Ctrl Pts',(152.,100.,-18.));
#15769=CARTESIAN_POINT('Origin',(152.,98.,-18.));
#15770=CARTESIAN_POINT('Origin',(75.,92.,-18.));
#15771=CARTESIAN_POINT('',(75.,90.,-18.));
#15772=CARTESIAN_POINT('Origin',(152.,92.,-85.));
#15773=CARTESIAN_POINT('',(150.,92.,-78.));
#15774=CARTESIAN_POINT('',(150.,92.,-85.));
#15775=CARTESIAN_POINT('',(152.,90.,-82.));
#15776=CARTESIAN_POINT('Origin',(152.,92.,-82.));
#15777=CARTESIAN_POINT('',(152.,90.,-85.));
#15778=CARTESIAN_POINT('Ctrl Pts',(152.,100.,-82.));
#15779=CARTESIAN_POINT('Ctrl Pts',(151.551201049487,100.,-81.1024020989743));
#15780=CARTESIAN_POINT('Ctrl Pts',(150.806005791095,99.7375683541531,-79.612011582189));
#15781=CARTESIAN_POINT('Ctrl Pts',(150.136908164415,98.8964494327373,-78.2738163288293));
#15782=CARTESIAN_POINT('Ctrl Pts',(150.,98.2991993003419,-78.));
#15783=CARTESIAN_POINT('Ctrl Pts',(150.,98.,-78.));
#15784=CARTESIAN_POINT('Ctrl Pts',(152.,100.,-82.));
#15785=CARTESIAN_POINT('Ctrl Pts',(151.465715535104,100.,-81.1878876133577));
#15786=CARTESIAN_POINT('Ctrl Pts',(150.579461319215,99.617668404341,-79.8374509067156));
#15787=CARTESIAN_POINT('Ctrl Pts',(150.035158513369,98.6487672915185,-78.7659567747546));
#15788=CARTESIAN_POINT('Ctrl Pts',(150.,98.2083065138543,-78.5983986006838));
#15789=CARTESIAN_POINT('Ctrl Pts',(150.,98.,-78.5983986006838));
#15790=CARTESIAN_POINT('Ctrl Pts',(152.,100.,-82.));
#15791=CARTESIAN_POINT('Ctrl Pts',(151.316115884933,100.,-81.3374872635287));
#15792=CARTESIAN_POINT('Ctrl Pts',(150.180741877751,99.5301059569264,-80.2384187908352));
#15793=CARTESIAN_POINT('Ctrl Pts',(149.50691434561,98.4415295709405,-79.6248235878884));
#15794=CARTESIAN_POINT('Ctrl Pts',(149.497780466752,98.130209212626,-79.6343153141165));
#15795=CARTESIAN_POINT('Ctrl Pts',(149.497780466752,98.,-79.6343153141165));
#15796=CARTESIAN_POINT('Ctrl Pts',(152.,100.,-82.));
#15797=CARTESIAN_POINT('Ctrl Pts',(151.166516234762,100.,-81.4870869136996));
#15798=CARTESIAN_POINT('Ctrl Pts',(149.783112165715,99.6473189717983,-80.6382641618416));
#15799=CARTESIAN_POINT('Ctrl Pts',(148.643569289022,98.7126423204006,-80.0612780332327));
#15800=CARTESIAN_POINT('Ctrl Pts',(148.448798950513,98.2319963679758,-80.));
#15801=CARTESIAN_POINT('Ctrl Pts',(148.448798950513,98.,-80.));
#15802=CARTESIAN_POINT('Ctrl Pts',(152.,100.,-82.));
#15803=CARTESIAN_POINT('Ctrl Pts',(151.102402098974,100.,-81.5512010494872));
#15804=CARTESIAN_POINT('Ctrl Pts',(149.612011582189,99.7375683541531,-80.8060057910945));
#15805=CARTESIAN_POINT('Ctrl Pts',(148.273816328829,98.8964494327373,-80.1369081644146));
#15806=CARTESIAN_POINT('Ctrl Pts',(148.,98.2991993003419,-80.));
#15807=CARTESIAN_POINT('Ctrl Pts',(148.,98.,-80.));
#15808=CARTESIAN_POINT('',(150.,98.,-78.));
#15809=CARTESIAN_POINT('Origin',(148.,98.,-78.));
#15810=CARTESIAN_POINT('Origin',(152.,98.,-82.));
#15811=CARTESIAN_POINT('Origin',(148.,100.,-78.));
#15812=CARTESIAN_POINT('',(148.,92.,-80.));
#15813=CARTESIAN_POINT('',(148.,100.,-80.));
#15814=CARTESIAN_POINT('Origin',(148.,92.,-78.));
#15815=CARTESIAN_POINT('',(150.,100.,-78.));
#15816=CARTESIAN_POINT('Ctrl Pts',(152.,90.,-82.));
#15817=CARTESIAN_POINT('Ctrl Pts',(151.102402098974,90.,-81.5512010494872));
#15818=CARTESIAN_POINT('Ctrl Pts',(149.612009452831,90.2624291495865,-80.8060047264155));
#15819=CARTESIAN_POINT('Ctrl Pts',(148.273814813351,91.1035493138862,-80.1369074066755));
#15820=CARTESIAN_POINT('Ctrl Pts',(148.,91.7008006996581,-80.));
#15821=CARTESIAN_POINT('Ctrl Pts',(148.,92.,-80.));
#15822=CARTESIAN_POINT('Ctrl Pts',(152.,90.,-82.));
#15823=CARTESIAN_POINT('Ctrl Pts',(151.187887613358,90.,-81.4657155351038));
#15824=CARTESIAN_POINT('Ctrl Pts',(149.837455835423,90.3823255892995,-80.5794720508561));
#15825=CARTESIAN_POINT('Ctrl Pts',(148.765960529411,91.351229935907,-80.0351663436712));
#15826=CARTESIAN_POINT('Ctrl Pts',(148.598398600684,91.7916934861456,-80.));
#15827=CARTESIAN_POINT('Ctrl Pts',(148.598398600684,92.,-80.));
#15828=CARTESIAN_POINT('Ctrl Pts',(152.,90.,-82.));
#15829=CARTESIAN_POINT('Ctrl Pts',(151.337487263529,90.,-81.3161158849328));
#15830=CARTESIAN_POINT('Ctrl Pts',(150.2384253995,90.4698938739254,-80.1807476652684));
#15831=CARTESIAN_POINT('Ctrl Pts',(149.624830877906,91.5584778747371,-79.5069211156083));
#15832=CARTESIAN_POINT('Ctrl Pts',(149.634317553776,91.869790787374,-79.4977831554209));
#15833=CARTESIAN_POINT('Ctrl Pts',(149.634317553776,92.,-79.4977831554209));
#15834=CARTESIAN_POINT('Ctrl Pts',(152.,90.,-82.));
#15835=CARTESIAN_POINT('Ctrl Pts',(151.4870869137,90.,-81.1665162347619));
#15836=CARTESIAN_POINT('Ctrl Pts',(150.638267436198,90.3526776779526,-79.7831111117176));
#15837=CARTESIAN_POINT('Ctrl Pts',(150.061281124795,91.2873581661197,-78.6435692933974));
#15838=CARTESIAN_POINT('Ctrl Pts',(150.,91.7680036320241,-78.4487989505128));
#15839=CARTESIAN_POINT('Ctrl Pts',(150.,92.,-78.4487989505128));
#15840=CARTESIAN_POINT('Ctrl Pts',(152.,90.,-82.));
#15841=CARTESIAN_POINT('Ctrl Pts',(151.551201049487,90.,-81.1024020989743));
#15842=CARTESIAN_POINT('Ctrl Pts',(150.806004726415,90.2624291495865,-79.612009452831));
#15843=CARTESIAN_POINT('Ctrl Pts',(150.136907406676,91.1035493138862,-78.2738148133512));
#15844=CARTESIAN_POINT('Ctrl Pts',(150.,91.7008006996581,-78.));
#15845=CARTESIAN_POINT('Ctrl Pts',(150.,92.,-78.));
#15846=CARTESIAN_POINT('Origin',(152.,92.,-82.));
#15847=CARTESIAN_POINT('Origin',(1.44426461028793,92.,-82.));
#15848=CARTESIAN_POINT('',(1.44426461028793,90.,-82.));
#15849=CARTESIAN_POINT('',(1.44426461028793,92.,-80.));
#15850=CARTESIAN_POINT('Origin',(2.88852922057586,100.,-80.));
#15851=CARTESIAN_POINT('Origin',(152.,98.,-85.));
#15852=CARTESIAN_POINT('',(152.,100.,-85.));
#15853=CARTESIAN_POINT('',(150.,98.,-85.));
#15854=CARTESIAN_POINT('Origin',(150.,100.,-80.));
#15855=CARTESIAN_POINT('Origin',(160.,100.,-90.));
#15856=CARTESIAN_POINT('',(-5.60332018176837,100.,-88.));
#15857=CARTESIAN_POINT('',(160.,100.,-88.));
#15858=CARTESIAN_POINT('',(119.990795978941,100.,-88.));
#15859=CARTESIAN_POINT('',(-5.60332018176837,100.,-12.));
#15860=CARTESIAN_POINT('',(-5.60332018176837,100.,-90.));
#15861=CARTESIAN_POINT('',(160.,100.,-12.));
#15862=CARTESIAN_POINT('',(119.990795978941,100.,-12.));
#15863=CARTESIAN_POINT('',(160.,100.,-90.));
#15864=CARTESIAN_POINT('Origin',(180.944109906768,44.415505437032,-82.));
#15865=CARTESIAN_POINT('',(193.784605459755,-0.526228998424045,-80.));
#15866=CARTESIAN_POINT('',(195.864636856693,-0.526228998424044,-82.));
#15867=CARTESIAN_POINT('Origin',(193.784605459755,-0.526228998424045,-82.));
#15868=CARTESIAN_POINT('',(169.320236491612,92.3791722793592,-82.));
#15869=CARTESIAN_POINT('',(182.867157802049,44.9649476928268,-82.));
#15870=CARTESIAN_POINT('',(167.946630852125,89.9066821282828,-80.));
#15871=CARTESIAN_POINT('Origin',(167.39718859633,91.8297300235645,-82.));
#15872=CARTESIAN_POINT('',(180.944109906768,44.415505437032,-80.));
#15873=CARTESIAN_POINT('Origin',(169.869678747406,90.4561243840776,-80.));
#15874=CARTESIAN_POINT('',(162.54744362382,88.3640572059101,-80.));
#15875=CARTESIAN_POINT('',(169.869678747406,90.4561243840776,-80.));
#15876=CARTESIAN_POINT('',(172.080031396937,55.,-80.));
#15877=CARTESIAN_POINT('',(162.235245759551,89.4567497308524,-80.));
#15878=CARTESIAN_POINT('',(168.091240189805,55.,-80.));
#15879=CARTESIAN_POINT('',(169.934839373703,55.,-80.));
#15880=CARTESIAN_POINT('',(170.014288085086,53.5494422557947,-80.));
#15881=CARTESIAN_POINT('Origin',(168.091240189805,53.,-80.));
#15882=CARTESIAN_POINT('',(171.728573799372,47.5494422557947,-80.));
#15883=CARTESIAN_POINT('',(160.254439270998,87.7089131051038,-80.));
#15884=CARTESIAN_POINT('',(169.80552590409,45.,-80.));
#15885=CARTESIAN_POINT('Origin',(169.80552590409,47.,-80.));
#15886=CARTESIAN_POINT('',(174.93717425408,45.,-80.));
#15887=CARTESIAN_POINT('',(78.5062679451317,45.,-80.));
#15888=CARTESIAN_POINT('',(187.94466825363,-0.526228998424045,-80.));
#15889=CARTESIAN_POINT('',(168.663817188122,66.9567497308524,-80.));
#15890=CARTESIAN_POINT('',(189.491031217206,-0.526228998424045,-80.));
#15891=CARTESIAN_POINT('Origin',(119.990795978941,98.,-88.));
#15892=CARTESIAN_POINT('',(160.010019038896,98.,-90.));
#15893=CARTESIAN_POINT('Ctrl Pts',(160.,100.,-88.));
#15894=CARTESIAN_POINT('Ctrl Pts',(160.000237814595,100.,-88.0745696859694));
#15895=CARTESIAN_POINT('Ctrl Pts',(160.00047562919,99.9958251786662,-88.1491391775073));
#15896=CARTESIAN_POINT('Ctrl Pts',(160.000713443785,99.9875016035819,-88.2232428627287));
#15897=CARTESIAN_POINT('Ctrl Pts',(160.000951250507,99.9791783040301,-88.2973440949208));
#15898=CARTESIAN_POINT('Ctrl Pts',(160.00118905723,99.9667065690786,-88.3709791652786));
#15899=CARTESIAN_POINT('Ctrl Pts',(160.001426863952,99.9501642670912,-88.4436883268249));
#15900=CARTESIAN_POINT('Ctrl Pts',(160.001664663385,99.9336224722309,-88.5163952593714));
#15901=CARTESIAN_POINT('Ctrl Pts',(160.001902462817,99.9130104464113,-88.5881759608645));
#15902=CARTESIAN_POINT('Ctrl Pts',(160.002140262249,99.8884568747357,-88.6585822896673));
#15903=CARTESIAN_POINT('Ctrl Pts',(160.002378054973,99.8639039957327,-88.7289866322609));
#15904=CARTESIAN_POINT('Ctrl Pts',(160.002615847697,99.8354099214845,-88.7980163127653));
#15905=CARTESIAN_POINT('Ctrl Pts',(160.002853640421,99.8031525363209,-88.8652403890014));
#15906=CARTESIAN_POINT('Ctrl Pts',(160.003091427018,99.7708959822836,-88.9324627331784));
#15907=CARTESIAN_POINT('Ctrl Pts',(160.003329213615,99.7348764795943,-88.9978792158301));
#15908=CARTESIAN_POINT('Ctrl Pts',(160.003567000212,99.6953188811638,-89.0610814724466));
#15909=CARTESIAN_POINT('Ctrl Pts',(160.003804781263,99.6557622052451,-89.1242822551409));
#15910=CARTESIAN_POINT('Ctrl Pts',(160.004042562315,99.6126678049462,-89.1852685857783));
#15911=CARTESIAN_POINT('Ctrl Pts',(160.004280343367,99.5663046859315,-89.2436597729399));
#15912=CARTESIAN_POINT('Ctrl Pts',(160.00451945568,99.5196819942408,-89.3023778741881));
#15913=CARTESIAN_POINT('Ctrl Pts',(160.004758567994,99.469754088162,-89.3584713508668));
#15914=CARTESIAN_POINT('Ctrl Pts',(160.004997680308,99.4168361226946,-89.4115861296526));
#15915=CARTESIAN_POINT('Ctrl Pts',(160.005235495174,99.3642052954613,-89.4644127022754));
#15916=CARTESIAN_POINT('Ctrl Pts',(160.00547331004,99.3086170798679,-89.5142925704857));
#15917=CARTESIAN_POINT('Ctrl Pts',(160.005711124906,99.2504185695078,-89.5609142836908));
#15918=CARTESIAN_POINT('Ctrl Pts',(160.005948924571,99.1922237792768,-89.6075330167717));
#15919=CARTESIAN_POINT('Ctrl Pts',(160.006186724235,99.131419331747,-89.6508937687305));
#15920=CARTESIAN_POINT('Ctrl Pts',(160.0064245239,99.0683848422921,-89.6907258289742));
#15921=CARTESIAN_POINT('Ctrl Pts',(160.006662310691,99.0053537654127,-89.7305557327807));
#15922=CARTESIAN_POINT('Ctrl Pts',(160.006900097481,98.9400932168783,-89.7668571197098));
#15923=CARTESIAN_POINT('Ctrl Pts',(160.007137884272,98.8730105884372,-89.7994033768103));
#15924=CARTESIAN_POINT('Ctrl Pts',(160.007377980491,98.80527644145,-89.8322657290103));
#15925=CARTESIAN_POINT('Ctrl Pts',(160.007618076709,98.7356849740164,-89.8612994030695));
#15926=CARTESIAN_POINT('Ctrl Pts',(160.007858172928,98.6646790770986,-89.8863196241537));
#15927=CARTESIAN_POINT('Ctrl Pts',(160.008095972865,98.5943522810061,-89.911100551693));
#15928=CARTESIAN_POINT('Ctrl Pts',(160.008333772802,98.5226383812479,-89.9319443768041));
#15929=CARTESIAN_POINT('Ctrl Pts',(160.008571572739,98.4499851043012,-89.9487209666617));
#15930=CARTESIAN_POINT('Ctrl Pts',(160.008812817099,98.3762794781134,-89.9657405576936));
#15931=CARTESIAN_POINT('Ctrl Pts',(160.009054061458,98.3016074338827,-89.9785740172249));
#15932=CARTESIAN_POINT('Ctrl Pts',(160.009295305818,98.2264487432914,-89.9871388896254));
#15933=CARTESIAN_POINT('Ctrl Pts',(160.009536550177,98.1512900527002,-89.995703762026));
#15934=CARTESIAN_POINT('Ctrl Pts',(160.009777794537,98.0756451307794,-90.));
#15935=CARTESIAN_POINT('Ctrl Pts',(160.010019038896,98.,-90.));
#15936=CARTESIAN_POINT('',(-5.60332018176835,98.,-90.));
#15937=CARTESIAN_POINT('',(119.990795978941,98.,-90.));
#15938=CARTESIAN_POINT('Origin',(-5.60332018176835,98.,-88.));
#15939=CARTESIAN_POINT('Origin',(-5.60332018176836,98.,-88.));
#15940=CARTESIAN_POINT('',(-7.52620961298735,98.5499965775405,-88.));
#15941=CARTESIAN_POINT('Origin',(-5.60332018176835,98.,-88.));
#15942=CARTESIAN_POINT('Origin',(-5.60332018176837,98.,-88.));
#15943=CARTESIAN_POINT('Origin',(123.324158551369,97.6324244850283,-88.));
#15944=CARTESIAN_POINT('',(165.598161554604,100.056091013673,-88.));
#15945=CARTESIAN_POINT('',(123.304120473576,99.6323241013687,-88.));
#15946=CARTESIAN_POINT('',(165.618199632396,98.0561913973329,-90.));
#15947=CARTESIAN_POINT('Origin',(165.618199632396,98.0561913973329,-88.));
#15948=CARTESIAN_POINT('',(123.324158551369,97.6324244850283,-90.));
#15949=CARTESIAN_POINT('Origin',(165.618199632396,98.0561913973329,-90.));
#15950=CARTESIAN_POINT('',(165.598161554604,100.056091013673,-10.));
#15951=CARTESIAN_POINT('',(167.541247527678,98.6056336531277,-10.));
#15952=CARTESIAN_POINT('Origin',(165.618199632396,98.0561913973329,-10.));
#15953=CARTESIAN_POINT('',(167.541247527678,98.6056336531277,-88.));
#15954=CARTESIAN_POINT('',(167.541247527678,98.6056336531277,-90.));
#15955=CARTESIAN_POINT('Origin',(165.618199632396,98.0561913973329,-88.));
#15956=CARTESIAN_POINT('',(165.598161554604,100.056091013673,-90.));
#15957=CARTESIAN_POINT('Origin',(165.618199632396,98.0561913973329,-88.));
#15958=CARTESIAN_POINT('Origin',(165.618199632396,98.0561913973329,-88.));
#15959=CARTESIAN_POINT('Origin',(79.9815919578828,49.7081392836205,-90.));
#15960=CARTESIAN_POINT('',(193.784605459755,-0.526228998424045,-90.));
#15961=CARTESIAN_POINT('',(182.933915984582,37.4511841646824,-90.));
#15962=CARTESIAN_POINT('',(187.94466825363,-0.526228998424045,-90.));
#15963=CARTESIAN_POINT('',(185.864636856693,-0.526228998424045,-90.));
#15964=CARTESIAN_POINT('',(174.365745682652,47.,-90.));
#15965=CARTESIAN_POINT('',(170.653623265937,59.9924284585028,-90.));
#15966=CARTESIAN_POINT('',(-14.3657456826516,47.,-90.));
#15967=CARTESIAN_POINT('',(33.5622245503699,47.,-90.));
#15968=CARTESIAN_POINT('',(-27.9814843378644,-0.655085293244753,-90.));
#15969=CARTESIAN_POINT('',(-17.1771675940261,37.160023310189,-90.));
#15970=CARTESIAN_POINT('',(-33.8212501299603,-0.655085293244753,-90.));
#15971=CARTESIAN_POINT('',(-25.9014529409271,-0.655085293244753,-90.));
#15972=CARTESIAN_POINT('',(-8.54389053891748,87.7192239144416,-90.));
#15973=CARTESIAN_POINT('',(172.651459968366,53.,-90.));
#15974=CARTESIAN_POINT('',(-12.6514599683659,53.,-90.));
#15975=CARTESIAN_POINT('',(124.990795978941,53.,-90.));
#15976=CARTESIAN_POINT('',(161.508602825509,92.,-90.));
#15977=CARTESIAN_POINT('',(164.225051837365,82.4924284585027,-90.));
#15978=CARTESIAN_POINT('',(-1.50860282550872,92.,-90.));
#15979=CARTESIAN_POINT('',(39.9907959789414,92.,-90.));
#15980=CARTESIAN_POINT('',(-9.22644112356261,64.9875659568114,-90.));
#15981=CARTESIAN_POINT('Origin',(182.933915984582,37.4511841646824,-88.));
#15982=CARTESIAN_POINT('',(195.864636856693,-0.526228998424045,-88.));
#15983=CARTESIAN_POINT('',(184.856963879864,38.0006264204771,-88.));
#15984=CARTESIAN_POINT('Origin',(193.784605459755,-0.526228998424045,-88.));
#15985=CARTESIAN_POINT('Origin',(195.864636856693,-0.526228998424045,-90.));
#15986=CARTESIAN_POINT('',(195.864636856693,-0.526228998424045,-90.));
#15987=CARTESIAN_POINT('',(195.864636856693,-0.526228998424028,-9.99999999999998));
#15988=CARTESIAN_POINT('',(195.864636856693,-0.526228998424028,-9.99999999999998));
#15989=CARTESIAN_POINT('',(195.864636856693,-0.526228998424029,-18.));
#15990=CARTESIAN_POINT('',(195.864636856693,-0.526228998424045,-90.));
#15991=CARTESIAN_POINT('',(169.320236491612,92.3791722793592,-18.));
#15992=CARTESIAN_POINT('',(194.491031217206,4.2813907397801,-18.));
#15993=CARTESIAN_POINT('',(169.320236491612,92.3791722793592,-55.));
#15994=CARTESIAN_POINT('Origin',(79.9815919578828,49.7081392836205,-9.99999999999998));
#15995=CARTESIAN_POINT('',(-5.50558222903774,98.3417099014963,-9.99999999999999));
#15996=CARTESIAN_POINT('',(167.122467468433,100.071363860486,-10.));
#15997=CARTESIAN_POINT('',(-33.8212501299603,-0.655085293244735,-9.99999999999998));
#15998=CARTESIAN_POINT('',(-8.54389053891749,87.7192239144416,-9.99999999999999));
#15999=CARTESIAN_POINT('',(-27.9814843378644,-0.655085293244735,-9.99999999999998));
#16000=CARTESIAN_POINT('',(-25.9014529409271,-0.655085293244735,-9.99999999999998));
#16001=CARTESIAN_POINT('',(-14.3657456826516,47.,-9.99999999999998));
#16002=CARTESIAN_POINT('',(-17.1771675940261,37.1600233101891,-9.99999999999998));
#16003=CARTESIAN_POINT('',(174.365745682652,47.,-9.99999999999998));
#16004=CARTESIAN_POINT('',(33.5622245503699,47.,-9.99999999999998));
#16005=CARTESIAN_POINT('',(187.94466825363,-0.526228998424028,-9.99999999999998));
#16006=CARTESIAN_POINT('',(170.653623265937,59.9924284585028,-9.99999999999998));
#16007=CARTESIAN_POINT('',(185.864636856693,-0.526228998424028,-9.99999999999998));
#16008=CARTESIAN_POINT('',(159.428571428571,92.,-9.99999999999999));
#16009=CARTESIAN_POINT('',(170.571428571429,53.,-9.99999999999998));
#16010=CARTESIAN_POINT('',(160.,90.,-10.));
#16011=CARTESIAN_POINT('',(-12.6514599683659,53.,-9.99999999999998));
#16012=CARTESIAN_POINT('',(124.990795978941,53.,-9.99999999999998));
#16013=CARTESIAN_POINT('',(-1.50860282550873,92.,-9.99999999999999));
#16014=CARTESIAN_POINT('',(-9.22644112356262,64.9875659568114,-9.99999999999999));
#16015=CARTESIAN_POINT('',(39.9907959789414,92.,-9.99999999999999));
#16016=CARTESIAN_POINT('Origin',(-17.1771675940261,37.160023310189,-88.));
#16017=CARTESIAN_POINT('',(-25.9014529409271,-0.655085293244752,-88.));
#16018=CARTESIAN_POINT('Origin',(-27.9814843378644,-0.655085293244753,-88.));
#16019=CARTESIAN_POINT('',(-12.8571428571429,45.,-88.));
#16020=CARTESIAN_POINT('Origin',(-14.3657456826516,47.,-88.));
#16021=CARTESIAN_POINT('',(-15.2541196987445,36.6105810543943,-88.));
#16022=CARTESIAN_POINT('Origin',(-25.9014529409271,-0.655085293244735,-90.));
#16023=CARTESIAN_POINT('',(-12.8571428571429,45.,-82.));
#16024=CARTESIAN_POINT('',(-12.8571428571429,45.,-90.));
#16025=CARTESIAN_POINT('',(-23.9097199798091,6.31598007066816,-82.));
#16026=CARTESIAN_POINT('',(-24.9052058490767,2.83177952823158,-82.));
#16027=CARTESIAN_POINT('',(-23.9097199798091,6.31598007066814,-81.9711187813093));
#16028=CARTESIAN_POINT('',(-23.9097199798091,6.31598007066815,-55.));
#16029=CARTESIAN_POINT('',(-25.9014529409271,-0.655085293244751,-81.9711187813093));
#16030=CARTESIAN_POINT('',(-26.2788114314931,-1.97584001022588,-81.9711187813093));
#16031=CARTESIAN_POINT('',(-25.9014529409271,-0.655085293244753,-90.));
#16032=CARTESIAN_POINT('Origin',(-26.8282537443583,3.38122178402636,-19.1907316384281));
#16033=CARTESIAN_POINT('',(-25.8326094909202,6.86597667105995,-21.1907316384281));
#16034=CARTESIAN_POINT('',(-23.9097199798091,6.31598007066816,-19.1907316384281));
#16035=CARTESIAN_POINT('Origin',(-25.8326094909202,6.86597667105995,-19.1907316384281));
#16036=CARTESIAN_POINT('',(-25.9014529409271,-0.655085293244737,-19.1907316384281));
#16037=CARTESIAN_POINT('',(-24.9052058490767,2.8317795282316,-19.1907316384281));
#16038=CARTESIAN_POINT('',(-27.9814843378644,-0.655085293244735,-21.1907316384281));
#16039=CARTESIAN_POINT('Origin',(-27.9814843378644,-0.655085293244737,-19.1907316384281));
#16040=CARTESIAN_POINT('',(-26.8282537443583,3.38122178402636,-21.1907316384281));
#16041=CARTESIAN_POINT('Origin',(-25.9014529409271,-0.655085293244735,-90.));
#16042=CARTESIAN_POINT('',(-23.9097199798091,6.31598007066817,-18.));
#16043=CARTESIAN_POINT('',(-23.9097199798091,6.31598007066815,-55.));
#16044=CARTESIAN_POINT('',(-12.8571428571429,45.,-18.));
#16045=CARTESIAN_POINT('',(-13.2719347238016,43.5482284666944,-18.));
#16046=CARTESIAN_POINT('',(-12.8571428571429,45.,-12.));
#16047=CARTESIAN_POINT('',(-12.8571428571429,45.,-90.));
#16048=CARTESIAN_POINT('',(-25.9014529409271,-0.655085293244735,-12.));
#16049=CARTESIAN_POINT('',(-15.2541196987445,36.6105810543943,-12.));
#16050=CARTESIAN_POINT('',(-25.9014529409271,-0.655085293244753,-90.));
#16051=CARTESIAN_POINT('Origin',(-33.1514700532243,8.9593618628502,-20.));
#16052=CARTESIAN_POINT('',(-31.2285806220053,8.40936528530964,-21.1907316384281));
#16053=CARTESIAN_POINT('',(-33.1514700532243,8.9593618628502,-21.1907316384281));
#16054=CARTESIAN_POINT('',(-33.1514700532243,8.95936186285019,-19.1907316384281));
#16055=CARTESIAN_POINT('Origin',(-31.2285806220053,8.40936528530965,-19.1907316384281));
#16056=CARTESIAN_POINT('',(-33.1514700532243,8.95936186285018,-18.));
#16057=CARTESIAN_POINT('',(-33.1514700532243,8.95936186285018,-55.));
#16058=CARTESIAN_POINT('',(-31.2285806220053,8.40936528530964,-20.));
#16059=CARTESIAN_POINT('Origin',(-31.2285806220053,8.40936528530964,-18.));
#16060=CARTESIAN_POINT('',(-25.8326094909202,6.86597667105995,-20.));
#16061=CARTESIAN_POINT('',(-33.1514700532243,8.9593618628502,-20.));
#16062=CARTESIAN_POINT('Origin',(-25.8326094909202,6.86597667105994,-18.));
#16063=CARTESIAN_POINT('Origin',(-18.2085809851052,53.9296843538845,-19.1907316384281));
#16064=CARTESIAN_POINT('',(-33.8212501299603,-0.655085293244735,-21.1907316384281));
#16065=CARTESIAN_POINT('',(-35.9014529409271,-0.655085293244737,-19.1907316384281));
#16066=CARTESIAN_POINT('Origin',(-33.8212501299603,-0.655085293244735,-19.1907316384281));
#16067=CARTESIAN_POINT('',(-20.1314704163242,54.4796809314251,-19.1907316384281));
#16068=CARTESIAN_POINT('',(-18.2085809851052,53.9296843538845,-21.1907316384281));
#16069=CARTESIAN_POINT('Origin',(-7.11147077942414,100.,-90.));
#16070=CARTESIAN_POINT('',(-35.9014529409271,-0.655085293244735,-12.));
#16071=CARTESIAN_POINT('',(-35.9014529409271,-0.655085293244753,-90.));
#16072=CARTESIAN_POINT('',(-7.52620961298735,98.5499965775406,-12.));
#16073=CARTESIAN_POINT('',(-10.4667799701365,88.2692204919822,-12.));
#16074=CARTESIAN_POINT('',(-7.52620961298735,98.5499965775405,-90.));
#16075=CARTESIAN_POINT('',(-35.9014529409271,-0.655085293244752,-88.));
#16076=CARTESIAN_POINT('',(-10.4667799701365,88.2692204919821,-88.));
#16077=CARTESIAN_POINT('',(-35.9014529409271,-0.655085293244751,-81.9711187813093));
#16078=CARTESIAN_POINT('',(-35.9014529409271,-0.655085293244753,-90.));
#16079=CARTESIAN_POINT('',(-33.1514700532243,8.95936186285018,-81.9711187813093));
#16080=CARTESIAN_POINT('',(-21.5064618601756,49.6724573533776,-81.9711187813093));
#16081=CARTESIAN_POINT('',(-33.1514700532243,8.95936186285019,-82.));
#16082=CARTESIAN_POINT('',(-33.1514700532243,8.95936186285018,-55.));
#16083=CARTESIAN_POINT('',(-9.31145708958636,92.308442275124,-82.));
#16084=CARTESIAN_POINT('',(-20.1314704163242,54.4796809314251,-82.));
#16085=CARTESIAN_POINT('',(-9.31145708958636,92.3084422751241,-18.));
#16086=CARTESIAN_POINT('',(-9.31145708958636,92.308442275124,-85.));
#16087=CARTESIAN_POINT('',(-8.48646222327553,95.1927764219525,-18.));
#16088=CARTESIAN_POINT('Origin',(-6.56357279205654,94.642779844412,-18.));
#16089=CARTESIAN_POINT('',(-7.93856423590792,89.8355562663645,-20.));
#16090=CARTESIAN_POINT('Origin',(-7.38856765836737,91.7584456975835,-18.));
#16091=CARTESIAN_POINT('',(-6.56357279205654,94.642779844412,-20.));
#16092=CARTESIAN_POINT('Origin',(-9.86145366712691,90.3855528439051,-20.));
#16093=CARTESIAN_POINT('',(-2.56606530701646,88.2988813147229,-20.));
#16094=CARTESIAN_POINT('',(-9.86145366712691,90.3855528439051,-20.));
#16095=CARTESIAN_POINT('',(-12.0800313969373,55.,-20.));
#16096=CARTESIAN_POINT('',(-7.24425614861973,71.9252133691115,-20.));
#16097=CARTESIAN_POINT('',(-8.07348092643158,55.,-20.));
#16098=CARTESIAN_POINT('',(80.0692731664365,55.,-20.));
#16099=CARTESIAN_POINT('',(-9.99637035765058,53.5499965775405,-20.));
#16100=CARTESIAN_POINT('Origin',(-8.07348092643158,53.,-20.));
#16101=CARTESIAN_POINT('',(-11.7125269975835,47.5499965775406,-20.));
#16102=CARTESIAN_POINT('',(-0.247006511031988,87.6355699562023,-20.));
#16103=CARTESIAN_POINT('',(-9.78963756636451,45.,-20.));
#16104=CARTESIAN_POINT('Origin',(-9.78963756636451,47.,-20.));
#16105=CARTESIAN_POINT('',(-14.9371742540802,45.,-20.));
#16106=CARTESIAN_POINT('',(-11.3592982621349,45.,-20.));
#16107=CARTESIAN_POINT('',(-15.1949826190833,44.0976707224891,-20.));
#16108=CARTESIAN_POINT('Origin',(-28.2018593267748,-1.42639775443112,-81.9711187813093));
#16109=CARTESIAN_POINT('',(-27.9814843378644,-0.655085293244753,-79.9711187813093));
#16110=CARTESIAN_POINT('Origin',(-27.9814843378644,-0.655085293244751,-81.9711187813093));
#16111=CARTESIAN_POINT('',(-25.8326094909202,6.86597667105993,-79.9711187813093));
#16112=CARTESIAN_POINT('Origin',(-25.8326094909202,6.86597667105993,-81.9711187813093));
#16113=CARTESIAN_POINT('',(-28.2018593267748,-1.42639775443112,-79.9711187813093));
#16114=CARTESIAN_POINT('Origin',(-35.9014529409271,-0.655085293244753,-79.9711187813093));
#16115=CARTESIAN_POINT('',(-31.2285806220053,8.40936528530963,-79.9711187813093));
#16116=CARTESIAN_POINT('',(-33.1514700532243,8.95936186285018,-79.9711187813093));
#16117=CARTESIAN_POINT('',(-33.8212501299603,-0.655085293244753,-79.9711187813093));
#16118=CARTESIAN_POINT('',(-19.5835724289566,49.1224607758371,-79.9711187813093));
#16119=CARTESIAN_POINT('',(-35.9014529409271,-0.655085293244753,-79.9711187813093));
#16120=CARTESIAN_POINT('Origin',(-33.1514700532243,8.9593618628502,-20.));
#16121=CARTESIAN_POINT('',(-25.8326094909202,6.86597667105993,-80.));
#16122=CARTESIAN_POINT('Origin',(-25.8326094909202,6.86597667105993,-82.));
#16123=CARTESIAN_POINT('',(-31.2285806220053,8.40936528530963,-80.));
#16124=CARTESIAN_POINT('',(-33.1514700532243,8.95936186285018,-80.));
#16125=CARTESIAN_POINT('Origin',(-31.2285806220053,8.40936528530964,-82.));
#16126=CARTESIAN_POINT('Origin',(-31.2285806220053,8.40936528530962,-81.9711187813093));
#16127=CARTESIAN_POINT('Origin',(-26.8282537443583,3.38122178402634,-82.));
#16128=CARTESIAN_POINT('',(-14.9371742540802,45.,-80.));
#16129=CARTESIAN_POINT('Origin',(-14.9371742540802,45.,-82.));
#16130=CARTESIAN_POINT('',(-26.8282537443583,3.38122178402634,-80.));
#16131=CARTESIAN_POINT('Origin',(-33.1514700532243,8.95936186285018,-80.));
#16132=CARTESIAN_POINT('',(-9.78963756636451,45.,-80.));
#16133=CARTESIAN_POINT('',(-23.0043064551836,45.,-80.));
#16134=CARTESIAN_POINT('',(-11.7125269975835,47.5499965775406,-80.));
#16135=CARTESIAN_POINT('Origin',(-9.78963756636451,47.,-80.));
#16136=CARTESIAN_POINT('',(-9.99637035765058,53.5499965775405,-80.));
#16137=CARTESIAN_POINT('',(-23.5370228971294,6.20937897514741,-80.));
#16138=CARTESIAN_POINT('',(-8.07348092643158,55.,-80.));
#16139=CARTESIAN_POINT('Origin',(-8.07348092643158,53.,-80.));
#16140=CARTESIAN_POINT('',(-12.0800313969373,55.,-80.));
#16141=CARTESIAN_POINT('',(68.4242649733878,55.,-80.));
#16142=CARTESIAN_POINT('',(-2.56606530701646,88.2988813147229,-80.));
#16143=CARTESIAN_POINT('',(-18.8775272738948,31.2087644306487,-80.));
#16144=CARTESIAN_POINT('',(-7.93856423590792,89.8355562663645,-80.));
#16145=CARTESIAN_POINT('',(-9.86145366712691,90.385552843905,-80.));
#16146=CARTESIAN_POINT('',(-18.2085809851052,53.9296843538845,-80.));
#16147=CARTESIAN_POINT('Origin',(-19.5835724289566,49.1224607758371,-81.9711187813093));
#16148=CARTESIAN_POINT('Origin',(-33.8212501299603,-0.655085293244753,-81.9711187813093));
#16149=CARTESIAN_POINT('Origin',(-7.38856765836737,91.7584456975835,-85.));
#16150=CARTESIAN_POINT('',(-7.93856423590792,89.8355562663645,-85.));
#16151=CARTESIAN_POINT('Origin',(-7.38856765836737,91.7584456975835,-82.));
#16152=CARTESIAN_POINT('Origin',(-18.2085809851052,53.9296843538845,-82.));
#16153=CARTESIAN_POINT('Origin',(-9.86145366712691,90.385552843905,-80.));
#16154=CARTESIAN_POINT('',(-0.643175795905397,87.7488847143311,-82.));
#16155=CARTESIAN_POINT('Origin',(-2.56606530701646,88.2988813147229,-82.));
#16156=CARTESIAN_POINT('',(-0.643175795905393,87.7488847143311,-18.));
#16157=CARTESIAN_POINT('',(-0.643175795905392,87.7488847143311,-85.));
#16158=CARTESIAN_POINT('Origin',(-2.56606530701646,88.2988813147229,-18.));
#16159=CARTESIAN_POINT('Origin',(119.990795978941,98.,-12.));
#16160=CARTESIAN_POINT('',(-5.60332018176836,98.340730611994,-10.0292380534295));
#16161=CARTESIAN_POINT('Origin',(-39.6099263673812,98.,-12.));
#16162=CARTESIAN_POINT('Origin',(-5.60332018176837,98.,-12.));
#16163=CARTESIAN_POINT('Origin',(-8.54389053891748,87.7192239144416,-88.));
#16164=CARTESIAN_POINT('Origin',(-33.8212501299603,-0.655085293244753,-88.));
#16165=CARTESIAN_POINT('Origin',(-5.60332018176837,98.,-90.));
#16166=CARTESIAN_POINT('Origin',(-5.60332018176837,98.,-12.));
#16167=CARTESIAN_POINT('Origin',(-5.60332018176836,98.,-12.));
#16168=CARTESIAN_POINT('',(-6.75425961890234,98.3291987261997,-10.3978244132686));
#16169=CARTESIAN_POINT('Origin',(-5.60673380367852,98.3406964090666,-12.));
#16170=CARTESIAN_POINT('Origin',(-5.60332018176836,98.,-12.));
#16171=CARTESIAN_POINT('Origin',(-8.54389053891749,87.7192239144416,-12.));
#16172=CARTESIAN_POINT('Origin',(-5.50558222903774,98.3417099014963,-12.));
#16173=CARTESIAN_POINT('Origin',(-33.8212501299603,-0.655085293244735,-12.));
#16174=CARTESIAN_POINT('Origin',(167.122467468433,100.071363860486,-90.));
#16175=CARTESIAN_POINT('Origin',(170.653623265937,59.9924284585028,-88.));
#16176=CARTESIAN_POINT('',(185.864636856693,-0.526228998424045,-88.));
#16177=CARTESIAN_POINT('Origin',(187.94466825363,-0.526228998424045,-88.));
#16178=CARTESIAN_POINT('',(172.857142857143,45.,-88.));
#16179=CARTESIAN_POINT('',(168.730575370655,59.442986202708,-88.));
#16180=CARTESIAN_POINT('Origin',(174.365745682652,47.,-88.));
#16181=CARTESIAN_POINT('Origin',(168.663817188122,66.9567497308524,-82.));
#16182=CARTESIAN_POINT('',(185.864636856693,-0.526228998424044,-82.));
#16183=CARTESIAN_POINT('Origin',(187.94466825363,-0.526228998424045,-82.));
#16184=CARTESIAN_POINT('',(172.857142857143,45.,-82.));
#16185=CARTESIAN_POINT('Origin',(174.93717425408,45.,-82.));
#16186=CARTESIAN_POINT('',(166.740769292841,66.4073074750577,-82.));
#16187=CARTESIAN_POINT('Origin',(172.857142857143,45.,-90.));
#16188=CARTESIAN_POINT('',(185.864636856693,-0.526228998424045,-90.));
#16189=CARTESIAN_POINT('',(172.857142857143,45.,-90.));
#16190=CARTESIAN_POINT('Origin',(170.653623265937,59.9924284585028,-12.));
#16191=CARTESIAN_POINT('',(185.864636856693,-0.526228998424028,-12.));
#16192=CARTESIAN_POINT('Origin',(187.94466825363,-0.526228998424028,-12.));
#16193=CARTESIAN_POINT('',(172.857142857143,45.,-12.));
#16194=CARTESIAN_POINT('Origin',(174.365745682652,47.,-12.));
#16195=CARTESIAN_POINT('',(168.730575370655,59.442986202708,-12.));
#16196=CARTESIAN_POINT('Origin',(185.864636856693,-0.526228998424045,-90.));
#16197=CARTESIAN_POINT('',(185.864636856693,-0.526228998424029,-18.));
#16198=CARTESIAN_POINT('',(185.864636856693,-0.526228998424045,-90.));
#16199=CARTESIAN_POINT('',(187.94466825363,-0.526228998424028,-20.));
#16200=CARTESIAN_POINT('Origin',(187.94466825363,-0.526228998424028,-18.));
#16201=CARTESIAN_POINT('',(193.784605459755,-0.526228998424028,-20.));
#16202=CARTESIAN_POINT('',(190.864636856693,-0.526228998424028,-20.));
#16203=CARTESIAN_POINT('Origin',(193.784605459755,-0.526228998424029,-18.));
#16204=CARTESIAN_POINT('Origin',(180.287690603278,26.2731927778057,-18.));
#16205=CARTESIAN_POINT('',(172.857142857143,45.,-18.));
#16206=CARTESIAN_POINT('',(178.364642707997,25.723750522011,-18.));
#16207=CARTESIAN_POINT('',(174.93717425408,45.,-20.));
#16208=CARTESIAN_POINT('Origin',(174.93717425408,45.,-18.));
#16209=CARTESIAN_POINT('',(180.287690603278,26.2731927778057,-20.));
#16210=CARTESIAN_POINT('Origin',(193.117425577719,9.08901047798423,-20.));
#16211=CARTESIAN_POINT('',(169.80552590409,45.,-20.));
#16212=CARTESIAN_POINT('',(90.130141360288,45.,-20.));
#16213=CARTESIAN_POINT('',(171.728573799372,47.5494422557947,-20.));
#16214=CARTESIAN_POINT('Origin',(169.80552590409,47.,-20.));
#16215=CARTESIAN_POINT('',(170.014288085086,53.5494422557948,-20.));
#16216=CARTESIAN_POINT('',(183.502186101311,6.34179919901042,-20.));
#16217=CARTESIAN_POINT('',(168.091240189805,55.,-20.));
#16218=CARTESIAN_POINT('Origin',(168.091240189805,53.,-20.));
#16219=CARTESIAN_POINT('',(172.080031396937,55.,-20.));
#16220=CARTESIAN_POINT('',(181.558712788859,55.,-20.));
#16221=CARTESIAN_POINT('',(162.54744362382,88.3640572059101,-20.));
#16222=CARTESIAN_POINT('',(173.859119174707,48.7731927778057,-20.));
#16223=CARTESIAN_POINT('',(167.946630852125,89.9066821282828,-20.));
#16224=CARTESIAN_POINT('',(169.869678747406,90.4561243840776,-20.));
#16225=CARTESIAN_POINT('',(192.567983321924,3.73194848398534,-20.));
#16226=CARTESIAN_POINT('Origin',(173.859119174707,48.7731927778057,-18.));
#16227=CARTESIAN_POINT('',(160.074953472744,89.737662845397,-18.));
#16228=CARTESIAN_POINT('Origin',(161.998001368025,90.2871051011918,-18.));
#16229=CARTESIAN_POINT('',(170.,55.,-18.));
#16230=CARTESIAN_POINT('Origin',(172.080031396937,55.,-18.));
#16231=CARTESIAN_POINT('',(171.936071279425,48.223750522011,-18.));
#16232=CARTESIAN_POINT('Origin',(192.567983321924,3.73194848398534,-18.));
#16233=CARTESIAN_POINT('Origin',(167.39718859633,91.8297300235645,-18.));
#16234=CARTESIAN_POINT('Origin',(0.888529220575861,92.,-55.));
#16235=CARTESIAN_POINT('',(0.888529220575861,90.,-55.));
#16236=CARTESIAN_POINT('Origin',(0.,90.,-90.));
#16237=CARTESIAN_POINT('',(160.,90.,-88.));
#16238=CARTESIAN_POINT('',(-1.38777878078145E-17,90.,-88.));
#16239=CARTESIAN_POINT('',(39.9907959789414,90.,-88.));
#16240=CARTESIAN_POINT('',(160.,90.,-12.));
#16241=CARTESIAN_POINT('',(160.,90.,-90.));
#16242=CARTESIAN_POINT('',(-5.41233724504764E-16,90.,-12.));
#16243=CARTESIAN_POINT('',(39.9907959789414,90.,-12.));
#16244=CARTESIAN_POINT('',(0.,90.,-90.));
#16245=CARTESIAN_POINT('Origin',(-18.8775272738948,31.2087644306487,-82.));
#16246=CARTESIAN_POINT('',(-10.,55.,-82.));
#16247=CARTESIAN_POINT('Origin',(-12.0800313969373,55.,-82.));
#16248=CARTESIAN_POINT('',(-16.9544793786132,30.6593221748539,-82.));
#16249=CARTESIAN_POINT('Origin',(162.235245759551,89.4567497308524,-82.));
#16250=CARTESIAN_POINT('',(170.,55.,-82.));
#16251=CARTESIAN_POINT('Origin',(172.080031396937,55.,-82.));
#16252=CARTESIAN_POINT('',(160.074953472744,89.737662845397,-82.));
#16253=CARTESIAN_POINT('Origin',(161.998001368025,90.2871051011918,-82.));
#16254=CARTESIAN_POINT('',(160.312197864269,88.9073074750577,-82.));
#16255=CARTESIAN_POINT('Origin',(39.9907959789414,92.,-88.));
#16256=CARTESIAN_POINT('Origin',(-1.50860282550873,92.,-88.));
#16257=CARTESIAN_POINT('Origin',(161.508602825509,92.,-88.));
#16258=CARTESIAN_POINT('Origin',(-9.22644112356261,64.9875659568114,-88.));
#16259=CARTESIAN_POINT('',(-10.,55.,-88.));
#16260=CARTESIAN_POINT('',(-7.30339322828096,64.4381237010166,-88.));
#16261=CARTESIAN_POINT('Origin',(-12.6514599683659,53.,-88.));
#16262=CARTESIAN_POINT('Origin',(164.225051837365,82.4924284585027,-88.));
#16263=CARTESIAN_POINT('',(170.,55.,-88.));
#16264=CARTESIAN_POINT('Origin',(172.651459968366,53.,-88.));
#16265=CARTESIAN_POINT('',(162.302003942083,81.942986202708,-88.));
#16266=CARTESIAN_POINT('Origin',(-10.,55.,-90.));
#16267=CARTESIAN_POINT('',(-10.,55.,-90.));
#16268=CARTESIAN_POINT('',(-10.,55.,-12.));
#16269=CARTESIAN_POINT('',(-7.30339322828096,64.4381237010167,-12.));
#16270=CARTESIAN_POINT('',(-10.,55.,-18.));
#16271=CARTESIAN_POINT('',(-10.,55.,-90.));
#16272=CARTESIAN_POINT('',(-5.32120825333808,71.3757711133167,-18.));
#16273=CARTESIAN_POINT('Origin',(160.,90.,-90.));
#16274=CARTESIAN_POINT('',(170.,55.,-12.));
#16275=CARTESIAN_POINT('',(170.,55.,-90.));
#16276=CARTESIAN_POINT('Origin',(170.571428571429,53.,-12.));
#16277=CARTESIAN_POINT('Origin',(159.428571428571,92.,-12.));
#16278=CARTESIAN_POINT('',(170.,55.,-90.));
#16279=CARTESIAN_POINT('',(160.074953472744,89.737662845397,-55.));
#16280=CARTESIAN_POINT('Origin',(161.998001368025,90.2871051011918,-55.));
#16281=CARTESIAN_POINT('',(162.54744362382,88.3640572059101,-55.));
#16282=CARTESIAN_POINT('Origin',(169.869678747406,90.4561243840776,-20.));
#16283=CARTESIAN_POINT('',(167.946630852125,89.9066821282828,-55.));
#16284=CARTESIAN_POINT('Origin',(167.39718859633,91.8297300235645,-55.));
#16285=CARTESIAN_POINT('Origin',(39.9907959789414,92.,-12.));
#16286=CARTESIAN_POINT('Origin',(-1.50860282550873,92.,-12.));
#16287=CARTESIAN_POINT('Origin',(-7.24425614861973,71.9252133691115,-18.));
#16288=CARTESIAN_POINT('Origin',(-12.0800313969373,55.,-18.));
#16289=CARTESIAN_POINT('Origin',(-15.1949826190833,44.0976707224891,-18.));
#16290=CARTESIAN_POINT('Origin',(-14.9371742540802,45.,-18.));
#16291=CARTESIAN_POINT('Origin',(-17.1771675940261,37.1600233101891,-12.));
#16292=CARTESIAN_POINT('Origin',(-27.9814843378644,-0.655085293244735,-12.));
#16293=CARTESIAN_POINT('Origin',(-14.3657456826516,47.,-12.));
#16294=CARTESIAN_POINT('Origin',(-35.9014529409271,-0.655085293244753,-90.));
#16295=CARTESIAN_POINT('',(-34.5264614970757,-0.655085293244735,-21.1907316384281));
#16296=CARTESIAN_POINT('Origin',(-9.22644112356262,64.9875659568114,-12.));
#16297=CARTESIAN_POINT('Origin',(-12.6514599683659,53.,-12.));
#16298=CARTESIAN_POINT('Origin',(-9.78963756636451,47.,-70.));
#16299=CARTESIAN_POINT('',(-11.7125269975835,47.5499965775405,-70.));
#16300=CARTESIAN_POINT('',(-9.78963756636451,45.,-70.));
#16301=CARTESIAN_POINT('Origin',(-11.8920147040807,46.9224744656748,-50.));
#16302=CARTESIAN_POINT('',(-9.99637035765056,53.5499965775405,-70.));
#16303=CARTESIAN_POINT('Origin',(33.5622245503699,47.,-88.));
#16304=CARTESIAN_POINT('',(33.5622245503699,45.,-88.));
#16305=CARTESIAN_POINT('Origin',(-12.8571428571429,45.,-90.));
#16306=CARTESIAN_POINT('',(169.80552590409,45.,-70.));
#16307=CARTESIAN_POINT('',(172.857142857143,45.,-90.));
#16308=CARTESIAN_POINT('',(33.5622245503699,45.,-12.));
#16309=CARTESIAN_POINT('',(157.284337994759,45.,-50.5156320843699));
#16310=CARTESIAN_POINT('',(163.284333696361,45.,-50.5228140589657));
#16311=CARTESIAN_POINT('',(72.2373507517472,45.,-50.4138311278017));
#16312=CARTESIAN_POINT('',(166.278111774712,45.,-55.7225537464482));
#16313=CARTESIAN_POINT('',(149.89310611016,45.,-27.2642772797738));
#16314=CARTESIAN_POINT('',(163.271894151462,45.,-60.915111459335));
#16315=CARTESIAN_POINT('',(136.361771445411,45.,-107.39623249706));
#16316=CARTESIAN_POINT('',(157.27189844986,45.,-60.9079294847392));
#16317=CARTESIAN_POINT('',(75.2249090576496,45.,-60.8097195154689));
#16318=CARTESIAN_POINT('',(154.278120371509,45.,-55.7081897972566));
#16319=CARTESIAN_POINT('',(142.383781824484,45.,-35.049522861806));
#16320=CARTESIAN_POINT('',(125.864888853832,45.,-104.785589691425));
#16321=CARTESIAN_POINT('',(143.951004661426,45.,-26.5156320843699));
#16322=CARTESIAN_POINT('',(149.951000363027,45.,-26.5228140589657));
#16323=CARTESIAN_POINT('',(65.5850384719894,45.,-26.4218282874443));
#16324=CARTESIAN_POINT('',(152.944778441379,45.,-31.7225537464482));
#16325=CARTESIAN_POINT('',(143.408488929337,45.,-15.1594613096193));
#16326=CARTESIAN_POINT('',(149.938560818129,45.,-36.915111459335));
#16327=CARTESIAN_POINT('',(119.498700905992,45.,-89.493051307572));
#16328=CARTESIAN_POINT('',(143.938565116527,45.,-36.9079294847392));
#16329=CARTESIAN_POINT('',(68.5725967778917,45.,-36.8177166751115));
#16330=CARTESIAN_POINT('',(140.944787038175,45.,-31.7081897972566));
#16331=CARTESIAN_POINT('',(135.89916464366,45.,-22.9447068916516));
#16332=CARTESIAN_POINT('',(109.001818314413,45.,-86.882408501937));
#16333=CARTESIAN_POINT('',(143.951004661426,45.,-62.5156320843699));
#16334=CARTESIAN_POINT('',(149.951000363027,45.,-62.5228140589657));
#16335=CARTESIAN_POINT('',(65.5634925636375,45.,-62.4218024970648));
#16336=CARTESIAN_POINT('',(152.944778441379,45.,-67.7225537464482));
#16337=CARTESIAN_POINT('',(135.625055584577,45.,-37.6408149008287));
#16338=CARTESIAN_POINT('',(149.938560818129,45.,-72.915111459335));
#16339=CARTESIAN_POINT('',(127.303680159104,45.,-112.011723506742));
#16340=CARTESIAN_POINT('',(143.938565116527,45.,-72.9079294847392));
#16341=CARTESIAN_POINT('',(68.5510508695398,45.,-72.817690884732));
#16342=CARTESIAN_POINT('',(140.944787038175,45.,-67.7081897972566));
#16343=CARTESIAN_POINT('',(128.1157312989,45.,-45.4260604828611));
#16344=CARTESIAN_POINT('',(116.806797567525,45.,-109.401080701107));
#16345=CARTESIAN_POINT('',(130.617671328092,45.,-50.5156320843699));
#16346=CARTESIAN_POINT('',(136.617667029694,45.,-50.5228140589657));
#16347=CARTESIAN_POINT('',(58.903998314429,45.,-50.4297910599142));
#16348=CARTESIAN_POINT('',(139.611445108046,45.,-55.7225537464482));
#16349=CARTESIAN_POINT('',(126.545960622167,45.,-33.0297834610775));
#16350=CARTESIAN_POINT('',(136.605227484796,45.,-60.915111459335));
#16351=CARTESIAN_POINT('',(113.042269370722,45.,-101.614766383644));
#16352=CARTESIAN_POINT('',(130.605231783194,45.,-60.9079294847392));
#16353=CARTESIAN_POINT('',(61.8915566203314,45.,-60.8256794475814));
#16354=CARTESIAN_POINT('',(127.611453704842,45.,-55.7081897972566));
#16355=CARTESIAN_POINT('',(119.036636336491,45.,-40.8150290431098));
#16356=CARTESIAN_POINT('',(102.545386779143,45.,-99.0041235780089));
#16357=CARTESIAN_POINT('',(117.284337994759,45.,-14.5156320843699));
#16358=CARTESIAN_POINT('',(123.284333696361,45.,-14.5228140589657));
#16359=CARTESIAN_POINT('',(52.2588680041218,45.,-14.43779681635));
#16360=CARTESIAN_POINT('',(126.278111774712,45.,-19.7225537464482));
#16361=CARTESIAN_POINT('',(122.65582122293,45.,-13.4311829605199));
#16362=CARTESIAN_POINT('',(123.271894151462,45.,-24.915111459335));
#16363=CARTESIAN_POINT('',(93.5775390802655,45.,-76.2053611277656));
#16364=CARTESIAN_POINT('',(117.27189844986,45.,-24.9079294847392));
#16365=CARTESIAN_POINT('',(55.2464263100242,45.,-24.8336852040172));
#16366=CARTESIAN_POINT('',(114.278120371509,45.,-19.7081897972566));
#16367=CARTESIAN_POINT('',(115.146496937254,45.,-21.2164285425523));
#16368=CARTESIAN_POINT('',(83.0806564886868,45.,-73.5947183221306));
#16369=CARTESIAN_POINT('',(117.284337994759,45.,-62.5156320843699));
#16370=CARTESIAN_POINT('',(123.284333696361,45.,-62.5228140589657));
#16371=CARTESIAN_POINT('',(52.2301401263193,45.,-62.4377624291773));
#16372=CARTESIAN_POINT('',(126.278111774712,45.,-67.7225537464482));
#16373=CARTESIAN_POINT('',(112.277910096584,45.,-43.4063210821326));
#16374=CARTESIAN_POINT('',(123.271894151462,45.,-72.915111459335));
#16375=CARTESIAN_POINT('',(103.984178084415,45.,-106.230257393326));
#16376=CARTESIAN_POINT('',(117.27189844986,45.,-72.9079294847392));
#16377=CARTESIAN_POINT('',(55.2176984322217,45.,-72.8336508168445));
#16378=CARTESIAN_POINT('',(114.278120371509,45.,-67.7081897972566));
#16379=CARTESIAN_POINT('',(104.768585810907,45.,-51.1915666641649));
#16380=CARTESIAN_POINT('',(93.4872954928362,45.,-103.619614587691));
#16381=CARTESIAN_POINT('',(103.951004661426,45.,-50.5156320843699));
#16382=CARTESIAN_POINT('',(109.951000363027,45.,-50.5228140589657));
#16383=CARTESIAN_POINT('',(45.5706458771108,45.,-50.4457509920267));
#16384=CARTESIAN_POINT('',(112.944778441379,45.,-55.7225537464482));
#16385=CARTESIAN_POINT('',(103.198815134174,45.,-38.7952896423813));
#16386=CARTESIAN_POINT('',(109.938560818129,45.,-60.915111459335));
#16387=CARTESIAN_POINT('',(89.7227672960332,45.,-95.8333002702276));
#16388=CARTESIAN_POINT('',(103.938565116527,45.,-60.9079294847392));
#16389=CARTESIAN_POINT('',(48.5582041830132,45.,-60.8416393796939));
#16390=CARTESIAN_POINT('',(100.944787038175,45.,-55.7081897972566));
#16391=CARTESIAN_POINT('',(95.6894908484976,45.,-46.5805352244136));
#16392=CARTESIAN_POINT('',(79.2258847044544,45.,-93.2226574645926));
#16393=CARTESIAN_POINT('',(90.6176713280922,45.,-14.5156320843699));
#16394=CARTESIAN_POINT('',(96.6176670296941,45.,-14.5228140589657));
#16395=CARTESIAN_POINT('',(38.9255155668036,45.,-14.4537567484625));
#16396=CARTESIAN_POINT('',(99.6114451080458,45.,-19.7225537464482));
#16397=CARTESIAN_POINT('',(99.3086757349374,45.,-19.1966891418238));
#16398=CARTESIAN_POINT('',(96.6052274847955,45.,-24.915111459335));
#16399=CARTESIAN_POINT('',(70.2580370055767,45.,-70.4238950143493));
#16400=CARTESIAN_POINT('',(90.6052317831937,45.,-24.9079294847392));
#16401=CARTESIAN_POINT('',(41.913073872706,45.,-24.8496451361297));
#16402=CARTESIAN_POINT('',(87.611453704842,45.,-19.7081897972566));
#16403=CARTESIAN_POINT('',(91.7993514492612,45.,-26.9819347238561));
#16404=CARTESIAN_POINT('',(59.761154413998,45.,-67.8132522087143));
#16405=CARTESIAN_POINT('',(90.6176713280922,45.,-62.5156320843699));
#16406=CARTESIAN_POINT('',(96.6176670296941,45.,-62.5228140589657));
#16407=CARTESIAN_POINT('',(38.8967876890011,45.,-62.4537223612898));
#16408=CARTESIAN_POINT('',(99.6114451080458,45.,-67.7225537464482));
#16409=CARTESIAN_POINT('',(88.9307646085905,45.,-49.1718272634364));
#16410=CARTESIAN_POINT('',(96.6052274847955,45.,-72.915111459335));
#16411=CARTESIAN_POINT('',(80.6646760097261,45.,-100.448791279909));
#16412=CARTESIAN_POINT('',(90.6052317831937,45.,-72.9079294847392));
#16413=CARTESIAN_POINT('',(41.8843459949035,45.,-72.849610748957));
#16414=CARTESIAN_POINT('',(87.611453704842,45.,-67.7081897972566));
#16415=CARTESIAN_POINT('',(81.4214403229143,45.,-56.9570728454687));
#16416=CARTESIAN_POINT('',(70.1677934181474,45.,-97.8381484742745));
#16417=CARTESIAN_POINT('',(77.2843379947589,45.,-50.5156320843699));
#16418=CARTESIAN_POINT('',(83.2843336963608,45.,-50.5228140589657));
#16419=CARTESIAN_POINT('',(32.2372934397927,45.,-50.4617109241392));
#16420=CARTESIAN_POINT('',(86.2781117747124,45.,-55.7225537464482));
#16421=CARTESIAN_POINT('',(79.8516696461808,45.,-44.5607958236852));
#16422=CARTESIAN_POINT('',(83.2718941514622,45.,-60.915111459335));
#16423=CARTESIAN_POINT('',(66.4032652213444,45.,-90.0518341568112));
#16424=CARTESIAN_POINT('',(77.2718984498603,45.,-60.9079294847392));
#16425=CARTESIAN_POINT('',(35.224851745695,45.,-60.8575993118064));
#16426=CARTESIAN_POINT('',(74.2781203715087,45.,-55.7081897972566));
#16427=CARTESIAN_POINT('',(72.3423453605046,45.,-52.3460414057176));
#16428=CARTESIAN_POINT('',(55.9063826297658,45.,-87.4411913511763));
#16429=CARTESIAN_POINT('',(63.9510046614256,45.,-14.5156320843699));
#16430=CARTESIAN_POINT('',(69.9510003630274,45.,-14.5228140589657));
#16431=CARTESIAN_POINT('',(25.5921631294854,45.,-14.469716680575));
#16432=CARTESIAN_POINT('',(72.9447784413791,45.,-19.7225537464482));
#16433=CARTESIAN_POINT('',(75.9615302469444,45.,-24.9621953231276));
#16434=CARTESIAN_POINT('',(69.9385608181289,45.,-24.915111459335));
#16435=CARTESIAN_POINT('',(46.9385349308879,45.,-64.6424289009329));
#16436=CARTESIAN_POINT('',(63.938565116527,45.,-24.9079294847392));
#16437=CARTESIAN_POINT('',(28.5797214353878,45.,-24.8656050682422));
#16438=CARTESIAN_POINT('',(60.9447870381754,45.,-19.7081897972566));
#16439=CARTESIAN_POINT('',(68.4522059612682,45.,-32.7474409051601));
#16440=CARTESIAN_POINT('',(36.4416523393093,45.,-62.031786095298));
#16441=CARTESIAN_POINT('',(63.9510046614256,45.,-62.5156320843699));
#16442=CARTESIAN_POINT('',(69.9510003630274,45.,-62.5228140589657));
#16443=CARTESIAN_POINT('',(25.5634352516829,45.,-62.4696822934023));
#16444=CARTESIAN_POINT('',(72.9447784413791,45.,-67.7225537464482));
#16445=CARTESIAN_POINT('',(65.5836191205975,45.,-54.9373334447402));
#16446=CARTESIAN_POINT('',(69.9385608181289,45.,-72.915111459335));
#16447=CARTESIAN_POINT('',(57.3451739350373,45.,-94.6673251664931));
#16448=CARTESIAN_POINT('',(63.938565116527,45.,-72.9079294847392));
#16449=CARTESIAN_POINT('',(28.5509935575853,45.,-72.8655706810695));
#16450=CARTESIAN_POINT('',(60.9447870381754,45.,-67.7081897972566));
#16451=CARTESIAN_POINT('',(58.0742948349214,45.,-62.7225790267726));
#16452=CARTESIAN_POINT('',(46.8482913434587,45.,-92.0566823608581));
#16453=CARTESIAN_POINT('',(50.6176713280922,45.,-50.5156320843699));
#16454=CARTESIAN_POINT('',(56.6176670296941,45.,-50.5228140589657));
#16455=CARTESIAN_POINT('',(18.9039410024745,45.,-50.4776708562517));
#16456=CARTESIAN_POINT('',(59.6114451080458,45.,-55.7225537464482));
#16457=CARTESIAN_POINT('',(56.5045241581878,45.,-50.326302004989));
#16458=CARTESIAN_POINT('',(56.6052274847955,45.,-60.915111459335));
#16459=CARTESIAN_POINT('',(43.0837631466556,45.,-84.2703680433949));
#16460=CARTESIAN_POINT('',(50.6052317831937,45.,-60.9079294847392));
#16461=CARTESIAN_POINT('',(21.8914993083768,45.,-60.8735592439189));
#16462=CARTESIAN_POINT('',(47.611453704842,45.,-55.7081897972566));
#16463=CARTESIAN_POINT('',(48.9951998725116,45.,-58.1115475870214));
#16464=CARTESIAN_POINT('',(32.586880555077,45.,-81.6597252377599));
#16465=CARTESIAN_POINT('',(37.2843379947589,45.,-14.5156320843699));
#16466=CARTESIAN_POINT('',(43.2843336963608,45.,-14.5228140589657));
#16467=CARTESIAN_POINT('',(12.2588106921673,45.,-14.4856766126875));
#16468=CARTESIAN_POINT('',(46.2781117747124,45.,-19.7225537464482));
#16469=CARTESIAN_POINT('',(52.6143847589515,45.,-30.7277015044314));
#16470=CARTESIAN_POINT('',(43.2718941514622,45.,-24.915111459335));
#16471=CARTESIAN_POINT('',(23.6190328561991,45.,-58.8609627875166));
#16472=CARTESIAN_POINT('',(37.2718984498603,45.,-24.9079294847392));
#16473=CARTESIAN_POINT('',(15.2463689980696,45.,-24.8815650003547));
#16474=CARTESIAN_POINT('',(34.2781203715087,45.,-19.7081897972566));
#16475=CARTESIAN_POINT('',(45.1050604732752,45.,-38.5129470864639));
#16476=CARTESIAN_POINT('',(13.1221502646206,45.,-56.2503199818817));
#16477=CARTESIAN_POINT('',(37.2843379947589,45.,-62.5156320843699));
#16478=CARTESIAN_POINT('',(43.2843336963608,45.,-62.5228140589657));
#16479=CARTESIAN_POINT('',(12.2300828143648,45.,-62.4856422255148));
#16480=CARTESIAN_POINT('',(46.2781117747124,45.,-67.7225537464482));
#16481=CARTESIAN_POINT('',(42.2364736326046,45.,-60.7028396260441));
#16482=CARTESIAN_POINT('',(43.2718941514622,45.,-72.915111459335));
#16483=CARTESIAN_POINT('',(34.0256718603485,45.,-88.8858590530768));
#16484=CARTESIAN_POINT('',(37.2718984498603,45.,-72.9079294847392));
#16485=CARTESIAN_POINT('',(15.2176411202671,45.,-72.881530613182));
#16486=CARTESIAN_POINT('',(34.2781203715087,45.,-67.7081897972566));
#16487=CARTESIAN_POINT('',(34.7271493469284,45.,-68.4880852080764));
#16488=CARTESIAN_POINT('',(23.5287892687699,45.,-86.2752162474418));
#16489=CARTESIAN_POINT('',(23.9510046614256,45.,-50.5156320843699));
#16490=CARTESIAN_POINT('',(29.9510003630275,45.,-50.5228140589657));
#16491=CARTESIAN_POINT('',(5.57058856515629,45.,-50.4936307883642));
#16492=CARTESIAN_POINT('',(32.9447784413791,45.,-55.7225537464482));
#16493=CARTESIAN_POINT('',(33.1573786701948,45.,-56.0918081862928));
#16494=CARTESIAN_POINT('',(29.9385608181289,45.,-60.915111459335));
#16495=CARTESIAN_POINT('',(19.7642610719668,45.,-78.4889019299786));
#16496=CARTESIAN_POINT('',(23.938565116527,45.,-60.9079294847392));
#16497=CARTESIAN_POINT('',(8.55814687105864,45.,-60.8895191760315));
#16498=CARTESIAN_POINT('',(20.9447870381754,45.,-55.7081897972566));
#16499=CARTESIAN_POINT('',(25.6480543845185,45.,-63.8770537683251));
#16500=CARTESIAN_POINT('',(9.26737848038815,45.,-75.8782591243436));
#16501=CARTESIAN_POINT('',(10.6176713280922,45.,-14.5156320843699));
#16502=CARTESIAN_POINT('',(16.6176670296941,45.,-14.5228140589657));
#16503=CARTESIAN_POINT('',(-1.07454174515092,45.,-14.5016365448));
#16504=CARTESIAN_POINT('',(19.6114451080458,45.,-19.7225537464482));
#16505=CARTESIAN_POINT('',(29.2672392709585,45.,-36.4932076857353));
#16506=CARTESIAN_POINT('',(16.6052274847955,45.,-24.915111459335));
#16507=CARTESIAN_POINT('',(0.299530781510372,45.,-53.0794966741003));
#16508=CARTESIAN_POINT('',(10.6052317831937,45.,-24.9079294847392));
#16509=CARTESIAN_POINT('',(1.91301656075144,45.,-24.8975249324673));
#16510=CARTESIAN_POINT('',(7.61145370484202,45.,-19.7081897972566));
#16511=CARTESIAN_POINT('',(21.7579149852822,45.,-44.2784532677676));
#16512=CARTESIAN_POINT('',(-10.1973518100683,45.,-50.4688538684653));
#16513=CARTESIAN_POINT('',(10.6176713280922,45.,-62.5156320843699));
#16514=CARTESIAN_POINT('',(16.6176670296941,45.,-62.5228140589657));
#16515=CARTESIAN_POINT('',(-1.10326962295343,45.,-62.5016021576273));
#16516=CARTESIAN_POINT('',(19.6114451080458,45.,-67.7225537464482));
#16517=CARTESIAN_POINT('',(18.8893281446116,45.,-66.4683458073479));
#16518=CARTESIAN_POINT('',(16.6052274847955,45.,-72.915111459335));
#16519=CARTESIAN_POINT('',(10.7061697856597,45.,-83.1043929396605));
#16520=CARTESIAN_POINT('',(10.6052317831937,45.,-72.9079294847392));
#16521=CARTESIAN_POINT('',(1.88428868294892,45.,-72.8974905452945));
#16522=CARTESIAN_POINT('',(7.61145370484202,45.,-67.7081897972566));
#16523=CARTESIAN_POINT('',(11.3800038589353,45.,-74.2535913893802));
#16524=CARTESIAN_POINT('',(0.209287194081102,45.,-80.4937501340255));
#16525=CARTESIAN_POINT('',(-2.71566200524108,45.,-50.5156320843699));
#16526=CARTESIAN_POINT('',(3.28433369636079,45.,-50.5228140589657));
#16527=CARTESIAN_POINT('',(-7.76276387216189,45.,-50.5095907204767));
#16528=CARTESIAN_POINT('',(6.27811177471244,45.,-55.7225537464482));
#16529=CARTESIAN_POINT('',(9.81023318220181,45.,-61.8573143675967));
#16530=CARTESIAN_POINT('',(3.27189415146221,45.,-60.915111459335));
#16531=CARTESIAN_POINT('',(-3.555241002722,45.,-72.7074358165623));
#16532=CARTESIAN_POINT('',(-2.72810155013967,45.,-60.9079294847392));
#16533=CARTESIAN_POINT('',(-4.77520556625954,45.,-60.905479108144));
#16534=CARTESIAN_POINT('',(-5.72187962849131,45.,-55.7081897972566));
#16535=CARTESIAN_POINT('',(2.30090889652552,45.,-69.642559949629));
#16536=CARTESIAN_POINT('',(-14.0521235943006,45.,-70.0967930109273));
#16537=CARTESIAN_POINT('',(3.28433369636079,45.,-14.5228140589657));
#16538=CARTESIAN_POINT('',(6.27811177471244,45.,-19.7225537464482));
#16539=CARTESIAN_POINT('',(17.593666526962,45.,-39.3759607763872));
#16540=CARTESIAN_POINT('',(3.27189415146221,45.,-24.915111459335));
#16541=CARTESIAN_POINT('',(-11.360220255834,45.,-50.1887636173922));
#16542=CARTESIAN_POINT('',(-2.72810155013967,45.,-24.9079294847392));
#16543=CARTESIAN_POINT('',(-4.75365965790766,45.,-24.9055048985235));
#16544=CARTESIAN_POINT('',(-5.72187962849131,45.,-19.7081897972566));
#16545=CARTESIAN_POINT('',(10.0843422412857,45.,-47.1612063584195));
#16546=CARTESIAN_POINT('',(-2.71566200524108,45.,-14.5156320843699));
#16547=CARTESIAN_POINT('',(-21.8571028474127,45.,-47.5781208117572));
#16548=CARTESIAN_POINT('',(-7.74121796381001,45.,-14.5096165108563));
#16549=CARTESIAN_POINT('',(-2.71566200524108,45.,-62.5156320843699));
#16550=CARTESIAN_POINT('',(3.28433369636079,45.,-62.5228140589657));
#16551=CARTESIAN_POINT('',(-7.76994584161252,45.,-62.5095821236836));
#16552=CARTESIAN_POINT('',(6.27811177471244,45.,-67.7225537464482));
#16553=CARTESIAN_POINT('',(7.21575540061509,45.,-69.3510988979998));
#16554=CARTESIAN_POINT('',(3.27189415146221,45.,-72.915111459335));
#16555=CARTESIAN_POINT('',(-0.953581251684657,45.,-80.2136598829523));
#16556=CARTESIAN_POINT('',(-2.72810155013967,45.,-72.9079294847392));
#16557=CARTESIAN_POINT('',(-4.78238753571017,45.,-72.9054705113508));
#16558=CARTESIAN_POINT('',(-5.72187962849131,45.,-67.7081897972566));
#16559=CARTESIAN_POINT('',(-0.293568885061188,45.,-77.1363444800321));
#16560=CARTESIAN_POINT('',(-11.4504638432633,45.,-77.6030170773173));
#16561=CARTESIAN_POINT('',(10.6176713280922,45.,-50.5156320843699));
#16562=CARTESIAN_POINT('',(16.6176670296941,45.,-50.5228140589657));
#16563=CARTESIAN_POINT('',(-1.0960876535028,45.,-50.5016107544205));
#16564=CARTESIAN_POINT('',(19.6114451080458,45.,-55.7225537464482));
#16565=CARTESIAN_POINT('',(21.4838059261983,45.,-58.9745612769447));
#16566=CARTESIAN_POINT('',(16.6052274847955,45.,-60.915111459335));
#16567=CARTESIAN_POINT('',(8.1045100346224,45.,-75.5981688732704));
#16568=CARTESIAN_POINT('',(10.6052317831937,45.,-60.9079294847392));
#16569=CARTESIAN_POINT('',(1.89147065239955,45.,-60.8974991420877));
#16570=CARTESIAN_POINT('',(7.61145370484202,45.,-55.7081897972566));
#16571=CARTESIAN_POINT('',(13.974481640522,45.,-66.759806858977));
#16572=CARTESIAN_POINT('',(-2.39237255695624,45.,-72.9875260676355));
#16573=CARTESIAN_POINT('',(23.9510046614256,45.,-14.5156320843699));
#16574=CARTESIAN_POINT('',(29.9510003630275,45.,-14.5228140589657));
#16575=CARTESIAN_POINT('',(5.59213447350817,45.,-14.4936565787438));
#16576=CARTESIAN_POINT('',(32.9447784413791,45.,-19.7225537464482));
#16577=CARTESIAN_POINT('',(40.940812014955,45.,-33.6104545950834));
#16578=CARTESIAN_POINT('',(29.9385608181289,45.,-24.915111459335));
#16579=CARTESIAN_POINT('',(11.9592818188548,45.,-55.9702297308085));
#16580=CARTESIAN_POINT('',(23.938565116527,45.,-24.9079294847392));
#16581=CARTESIAN_POINT('',(8.57969277941053,45.,-24.889544966411));
#16582=CARTESIAN_POINT('',(20.9447870381754,45.,-19.7081897972566));
#16583=CARTESIAN_POINT('',(33.4314877292787,45.,-41.3957001771157));
#16584=CARTESIAN_POINT('',(1.46239922727612,45.,-53.3595869251735));
#16585=CARTESIAN_POINT('',(23.9510046614256,45.,-62.5156320843699));
#16586=CARTESIAN_POINT('',(29.9510003630275,45.,-62.5228140589657));
#16587=CARTESIAN_POINT('',(5.56340659570566,45.,-62.4936221915711));
#16588=CARTESIAN_POINT('',(32.9447784413791,45.,-67.7225537464482));
#16589=CARTESIAN_POINT('',(30.5629008886081,45.,-63.585592716696));
#16590=CARTESIAN_POINT('',(29.9385608181289,45.,-72.915111459335));
#16591=CARTESIAN_POINT('',(22.3659208230042,45.,-85.9951259963686));
#16592=CARTESIAN_POINT('',(23.938565116527,45.,-72.9079294847392));
#16593=CARTESIAN_POINT('',(8.55096490160801,45.,-72.8895105792383));
#16594=CARTESIAN_POINT('',(20.9447870381754,45.,-67.7081897972566));
#16595=CARTESIAN_POINT('',(23.0535766029318,45.,-71.3708382987283));
#16596=CARTESIAN_POINT('',(11.8690382314255,45.,-83.3844831907337));
#16597=CARTESIAN_POINT('',(37.2843379947589,45.,-50.5156320843699));
#16598=CARTESIAN_POINT('',(43.2843336963608,45.,-50.5228140589657));
#16599=CARTESIAN_POINT('',(12.2372647838154,45.,-50.485650822308));
#16600=CARTESIAN_POINT('',(46.2781117747124,45.,-55.7225537464482));
#16601=CARTESIAN_POINT('',(44.8309514141913,45.,-53.2090550956409));
#16602=CARTESIAN_POINT('',(43.2718941514622,45.,-60.915111459335));
#16603=CARTESIAN_POINT('',(31.4240121093112,45.,-81.3796349866868));
#16604=CARTESIAN_POINT('',(37.2718984498603,45.,-60.9079294847392));
#16605=CARTESIAN_POINT('',(15.2248230897177,45.,-60.8815392099752));
#16606=CARTESIAN_POINT('',(34.2781203715087,45.,-55.7081897972566));
#16607=CARTESIAN_POINT('',(37.3216271285151,45.,-60.9943006776733));
#16608=CARTESIAN_POINT('',(20.9271295177326,45.,-78.7689921810518));
#16609=CARTESIAN_POINT('',(50.6176713280922,45.,-14.5156320843699));
#16610=CARTESIAN_POINT('',(56.6176670296941,45.,-14.5228140589657));
#16611=CARTESIAN_POINT('',(18.9254869108264,45.,-14.4776966466313));
#16612=CARTESIAN_POINT('',(59.6114451080458,45.,-19.7225537464482));
#16613=CARTESIAN_POINT('',(64.287957502948,45.,-27.8449484137796));
#16614=CARTESIAN_POINT('',(56.6052274847955,45.,-24.915111459335));
#16615=CARTESIAN_POINT('',(35.2787838935436,45.,-61.7516958442248));
#16616=CARTESIAN_POINT('',(50.6052317831937,45.,-24.9079294847392));
#16617=CARTESIAN_POINT('',(21.9130452167287,45.,-24.8735850342985));
#16618=CARTESIAN_POINT('',(47.611453704842,45.,-19.7081897972566));
#16619=CARTESIAN_POINT('',(56.7786332172717,45.,-35.630193995812));
#16620=CARTESIAN_POINT('',(24.781901301965,45.,-59.1410530385898));
#16621=CARTESIAN_POINT('',(50.6176713280922,45.,-62.5156320843699));
#16622=CARTESIAN_POINT('',(56.6176670296941,45.,-62.5228140589657));
#16623=CARTESIAN_POINT('',(18.8967590330238,45.,-62.4776622594585));
#16624=CARTESIAN_POINT('',(59.6114451080458,45.,-67.7225537464482));
#16625=CARTESIAN_POINT('',(53.9100463766011,45.,-57.8200865353922));
#16626=CARTESIAN_POINT('',(56.6052274847955,45.,-72.915111459335));
#16627=CARTESIAN_POINT('',(45.685422897693,45.,-91.7765921097849));
#16628=CARTESIAN_POINT('',(50.6052317831937,45.,-72.9079294847392));
#16629=CARTESIAN_POINT('',(21.8843173389262,45.,-72.8735506471258));
#16630=CARTESIAN_POINT('',(47.611453704842,45.,-67.7081897972566));
#16631=CARTESIAN_POINT('',(46.4007220909249,45.,-65.6053321174245));
#16632=CARTESIAN_POINT('',(35.1885403061143,45.,-89.16594930415));
#16633=CARTESIAN_POINT('',(63.9510046614256,45.,-50.5156320843699));
#16634=CARTESIAN_POINT('',(69.9510003630274,45.,-50.5228140589657));
#16635=CARTESIAN_POINT('',(25.5706172211336,45.,-50.4696908901955));
#16636=CARTESIAN_POINT('',(72.9447784413791,45.,-55.7225537464482));
#16637=CARTESIAN_POINT('',(68.1780969021843,45.,-47.4435489143371));
#16638=CARTESIAN_POINT('',(69.9385608181289,45.,-60.915111459335));
#16639=CARTESIAN_POINT('',(54.743514184,45.,-87.1611011001031));
#16640=CARTESIAN_POINT('',(63.938565116527,45.,-60.9079294847392));
#16641=CARTESIAN_POINT('',(28.5581755270359,45.,-60.8655792778627));
#16642=CARTESIAN_POINT('',(60.9447870381754,45.,-55.7081897972566));
#16643=CARTESIAN_POINT('',(60.6687726165081,45.,-55.2287944963695));
#16644=CARTESIAN_POINT('',(44.2466315924214,45.,-84.5504582944681));
#16645=CARTESIAN_POINT('',(77.2843379947589,45.,-14.5156320843699));
#16646=CARTESIAN_POINT('',(83.2843336963608,45.,-14.5228140589657));
#16647=CARTESIAN_POINT('',(32.2588393481445,45.,-14.4617367145188));
#16648=CARTESIAN_POINT('',(86.2781117747124,45.,-19.7225537464482));
#16649=CARTESIAN_POINT('',(87.6351029909409,45.,-22.0794422324757));
#16650=CARTESIAN_POINT('',(83.2718941514622,45.,-24.915111459335));
#16651=CARTESIAN_POINT('',(58.5982859682323,45.,-67.5331619576411));
#16652=CARTESIAN_POINT('',(77.2718984498603,45.,-24.9079294847392));
#16653=CARTESIAN_POINT('',(35.2463976540469,45.,-24.857625102186));
#16654=CARTESIAN_POINT('',(74.2781203715087,45.,-19.7081897972566));
#16655=CARTESIAN_POINT('',(80.1257787052647,45.,-29.8646878145082));
#16656=CARTESIAN_POINT('',(48.1014033766538,45.,-64.9225191520061));
#16657=CARTESIAN_POINT('',(77.2843379947589,45.,-62.5156320843699));
#16658=CARTESIAN_POINT('',(83.2843336963608,45.,-62.5228140589657));
#16659=CARTESIAN_POINT('',(32.230111470342,45.,-62.461702327346));
#16660=CARTESIAN_POINT('',(86.2781117747124,45.,-67.7225537464482));
#16661=CARTESIAN_POINT('',(77.257191864594,45.,-52.0545803540883));
#16662=CARTESIAN_POINT('',(83.2718941514622,45.,-72.915111459335));
#16663=CARTESIAN_POINT('',(69.0049249723817,45.,-97.5580582232013));
#16664=CARTESIAN_POINT('',(77.2718984498603,45.,-72.9079294847392));
#16665=CARTESIAN_POINT('',(35.2176697762444,45.,-72.8575907150132));
#16666=CARTESIAN_POINT('',(74.2781203715087,45.,-67.7081897972566));
#16667=CARTESIAN_POINT('',(69.7478675789179,45.,-59.8398259361207));
#16668=CARTESIAN_POINT('',(58.5080423808031,45.,-94.9474154175663));
#16669=CARTESIAN_POINT('',(90.6176713280922,45.,-50.5156320843699));
#16670=CARTESIAN_POINT('',(96.6176670296941,45.,-50.5228140589657));
#16671=CARTESIAN_POINT('',(38.9039696584517,45.,-50.453730958083));
#16672=CARTESIAN_POINT('',(99.6114451080458,45.,-55.7225537464482));
#16673=CARTESIAN_POINT('',(91.5252423901773,45.,-41.6780427330332));
#16674=CARTESIAN_POINT('',(96.6052274847955,45.,-60.915111459335));
#16675=CARTESIAN_POINT('',(78.0630162586887,45.,-92.9425672135194));
#16676=CARTESIAN_POINT('',(90.6052317831937,45.,-60.9079294847392));
#16677=CARTESIAN_POINT('',(41.8915279643541,45.,-60.8496193457502));
#16678=CARTESIAN_POINT('',(87.611453704842,45.,-55.7081897972566));
#16679=CARTESIAN_POINT('',(84.0159181045011,45.,-49.4632883150656));
#16680=CARTESIAN_POINT('',(67.5661336671101,45.,-90.3319244078844));
#16681=CARTESIAN_POINT('',(103.951004661426,45.,-14.5156320843699));
#16682=CARTESIAN_POINT('',(109.951000363027,45.,-14.5228140589657));
#16683=CARTESIAN_POINT('',(45.5921917854627,45.,-14.4457767824063));
#16684=CARTESIAN_POINT('',(112.944778441379,45.,-19.7225537464482));
#16685=CARTESIAN_POINT('',(110.982248478934,45.,-16.3139360511719));
#16686=CARTESIAN_POINT('',(109.938560818129,45.,-24.915111459335));
#16687=CARTESIAN_POINT('',(81.9177880429211,45.,-73.3146280710574));
#16688=CARTESIAN_POINT('',(103.938565116527,45.,-24.9079294847392));
#16689=CARTESIAN_POINT('',(48.5797500913651,45.,-24.8416651700735));
#16690=CARTESIAN_POINT('',(100.944787038175,45.,-19.7081897972566));
#16691=CARTESIAN_POINT('',(103.472924193258,45.,-24.0991816332042));
#16692=CARTESIAN_POINT('',(71.4209054513424,45.,-70.7039852654225));
#16693=CARTESIAN_POINT('',(103.951004661426,45.,-62.5156320843699));
#16694=CARTESIAN_POINT('',(109.951000363027,45.,-62.5228140589657));
#16695=CARTESIAN_POINT('',(45.5634639076602,45.,-62.4457423952335));
#16696=CARTESIAN_POINT('',(112.944778441379,45.,-67.7225537464482));
#16697=CARTESIAN_POINT('',(100.604337352587,45.,-46.2890741727845));
#16698=CARTESIAN_POINT('',(109.938560818129,45.,-72.915111459335));
#16699=CARTESIAN_POINT('',(92.3244270470705,45.,-103.339524336618));
#16700=CARTESIAN_POINT('',(103.938565116527,45.,-72.9079294847392));
#16701=CARTESIAN_POINT('',(48.5510222135626,45.,-72.8416307829008));
#16702=CARTESIAN_POINT('',(100.944787038175,45.,-67.7081897972566));
#16703=CARTESIAN_POINT('',(93.0950130669108,45.,-54.0743197548168));
#16704=CARTESIAN_POINT('',(81.8275444554918,45.,-100.728881530983));
#16705=CARTESIAN_POINT('',(117.284337994759,45.,-50.5156320843699));
#16706=CARTESIAN_POINT('',(123.284333696361,45.,-50.5228140589657));
#16707=CARTESIAN_POINT('',(52.2373220957699,45.,-50.4377710259704));
#16708=CARTESIAN_POINT('',(126.278111774712,45.,-55.7225537464482));
#16709=CARTESIAN_POINT('',(114.87238787817,45.,-35.9125365517294));
#16710=CARTESIAN_POINT('',(123.271894151462,45.,-60.915111459335));
#16711=CARTESIAN_POINT('',(101.382518333378,45.,-98.7240333269357));
#16712=CARTESIAN_POINT('',(117.27189844986,45.,-60.9079294847392));
#16713=CARTESIAN_POINT('',(55.2248804016723,45.,-60.8336594136377));
#16714=CARTESIAN_POINT('',(114.278120371509,45.,-55.7081897972566));
#16715=CARTESIAN_POINT('',(107.363063592494,45.,-43.6977821337617));
#16716=CARTESIAN_POINT('',(90.8856357417988,45.,-96.1133905213008));
#16717=CARTESIAN_POINT('',(130.617671328092,45.,-14.5156320843699));
#16718=CARTESIAN_POINT('',(136.617667029694,45.,-14.5228140589657));
#16719=CARTESIAN_POINT('',(58.9255442227809,45.,-14.4298168502937));
#16720=CARTESIAN_POINT('',(139.611445108046,45.,-19.7225537464482));
#16721=CARTESIAN_POINT('',(134.329393966927,45.,-10.548429869868));
#16722=CARTESIAN_POINT('',(136.605227484796,45.,-24.915111459335));
#16723=CARTESIAN_POINT('',(105.23729011761,45.,-79.0960941844738));
#16724=CARTESIAN_POINT('',(130.605231783194,45.,-24.9079294847392));
#16725=CARTESIAN_POINT('',(61.9131025286833,45.,-24.825705237961));
#16726=CARTESIAN_POINT('',(127.611453704842,45.,-19.7081897972566));
#16727=CARTESIAN_POINT('',(126.820069681251,45.,-18.3336754519004));
#16728=CARTESIAN_POINT('',(94.7404075260312,45.,-76.4854513788388));
#16729=CARTESIAN_POINT('',(130.617671328092,45.,-62.5156320843699));
#16730=CARTESIAN_POINT('',(136.617667029694,45.,-62.5228140589657));
#16731=CARTESIAN_POINT('',(58.8968163449784,45.,-62.429782463121));
#16732=CARTESIAN_POINT('',(139.611445108046,45.,-67.7225537464482));
#16733=CARTESIAN_POINT('',(123.95148284058,45.,-40.5235679914807));
#16734=CARTESIAN_POINT('',(136.605227484796,45.,-72.915111459335));
#16735=CARTESIAN_POINT('',(115.643929121759,45.,-109.120990450034));
#16736=CARTESIAN_POINT('',(130.605231783194,45.,-72.9079294847392));
#16737=CARTESIAN_POINT('',(61.8843746508807,45.,-72.8256708507882));
#16738=CARTESIAN_POINT('',(127.611453704842,45.,-67.7081897972566));
#16739=CARTESIAN_POINT('',(116.442158554904,45.,-48.308813573513));
#16740=CARTESIAN_POINT('',(105.147046530181,45.,-106.510347644399));
#16741=CARTESIAN_POINT('',(143.951004661426,45.,-50.5156320843699));
#16742=CARTESIAN_POINT('',(149.951000363027,45.,-50.5228140589657));
#16743=CARTESIAN_POINT('',(65.5706745330881,45.,-50.4218110938579));
#16744=CARTESIAN_POINT('',(152.944778441379,45.,-55.7225537464482));
#16745=CARTESIAN_POINT('',(138.219533366163,45.,-30.1470303704256));
#16746=CARTESIAN_POINT('',(149.938560818129,45.,-60.915111459335));
#16747=CARTESIAN_POINT('',(124.702020408066,45.,-104.505499440352));
#16748=CARTESIAN_POINT('',(143.938565116527,45.,-60.9079294847392));
#16749=CARTESIAN_POINT('',(68.5582328389904,45.,-60.8176994815252));
#16750=CARTESIAN_POINT('',(140.944787038175,45.,-55.7081897972566));
#16751=CARTESIAN_POINT('',(130.710209080487,45.,-37.9322759524579));
#16752=CARTESIAN_POINT('',(114.205137816488,45.,-101.894856634717));
#16753=CARTESIAN_POINT('',(157.284337994759,45.,-14.5156320843699));
#16754=CARTESIAN_POINT('',(163.284333696361,45.,-14.5228140589657));
#16755=CARTESIAN_POINT('',(72.2588966600991,45.,-14.4138569181812));
#16756=CARTESIAN_POINT('',(166.278111774712,45.,-19.7225537464482));
#16757=CARTESIAN_POINT('',(157.67653945492,45.,-4.7829236885644));
#16758=CARTESIAN_POINT('',(163.271894151462,45.,-24.915111459335));
#16759=CARTESIAN_POINT('',(128.556792192299,45.,-84.87756029789));
#16760=CARTESIAN_POINT('',(157.27189844986,45.,-24.9079294847392));
#16761=CARTESIAN_POINT('',(75.2464549660015,45.,-24.8097453058485));
#16762=CARTESIAN_POINT('',(154.278120371509,45.,-19.7081897972566));
#16763=CARTESIAN_POINT('',(150.167215169244,45.,-12.5681692705966));
#16764=CARTESIAN_POINT('',(118.05990960072,45.,-82.2669174922551));
#16765=CARTESIAN_POINT('',(157.284337994759,45.,-62.5156320843699));
#16766=CARTESIAN_POINT('',(163.284333696361,45.,-62.5228140589657));
#16767=CARTESIAN_POINT('',(72.2301687822966,45.,-62.4138225310085));
#16768=CARTESIAN_POINT('',(166.278111774712,45.,-67.7225537464482));
#16769=CARTESIAN_POINT('',(147.298628328573,45.,-34.758061810177));
#16770=CARTESIAN_POINT('',(163.271894151462,45.,-72.915111459335));
#16771=CARTESIAN_POINT('',(138.963431196448,45.,-114.90245656345));
#16772=CARTESIAN_POINT('',(157.27189844986,45.,-72.9079294847392));
#16773=CARTESIAN_POINT('',(75.2177270881989,45.,-72.8097109186757));
#16774=CARTESIAN_POINT('',(154.278120371509,45.,-67.7081897972566));
#16775=CARTESIAN_POINT('',(139.789304042897,45.,-42.5433073922092));
#16776=CARTESIAN_POINT('',(128.466548604869,45.,-112.291813757815));
#16777=CARTESIAN_POINT('',(157.284337994759,45.,-38.5156320843699));
#16778=CARTESIAN_POINT('',(163.284333696361,45.,-38.5228140589657));
#16779=CARTESIAN_POINT('',(72.2445327211978,45.,-38.413839724595));
#16780=CARTESIAN_POINT('',(166.278111774712,45.,-43.7225537464482));
#16781=CARTESIAN_POINT('',(152.487583891747,45.,-19.7704927493707));
#16782=CARTESIAN_POINT('',(163.271894151462,45.,-48.915111459335));
#16783=CARTESIAN_POINT('',(133.760111694374,45.,-99.8900084306701));
#16784=CARTESIAN_POINT('',(157.27189844986,45.,-48.9079294847392));
#16785=CARTESIAN_POINT('',(75.2320910271002,45.,-48.8097281122622));
#16786=CARTESIAN_POINT('',(154.278120371509,45.,-43.7081897972566));
#16787=CARTESIAN_POINT('',(144.97825960607,45.,-27.5557383314029));
#16788=CARTESIAN_POINT('',(123.263229102795,45.,-97.2793656250352));
#16789=CARTESIAN_POINT('',(143.951004661426,45.,-14.5156320843699));
#16790=CARTESIAN_POINT('',(149.951000363027,45.,-14.5228140589657));
#16791=CARTESIAN_POINT('',(65.59222044144,45.,-14.4218368842375));
#16792=CARTESIAN_POINT('',(152.944778441379,45.,-19.7225537464482));
#16793=CARTESIAN_POINT('',(146.002966710923,45.,-7.66567677921611));
#16794=CARTESIAN_POINT('',(149.938560818129,45.,-24.915111459335));
#16795=CARTESIAN_POINT('',(116.897041154954,45.,-81.9868272411819));
#16796=CARTESIAN_POINT('',(143.938565116527,45.,-24.9079294847392));
#16797=CARTESIAN_POINT('',(68.5797787473423,45.,-24.8177252719047));
#16798=CARTESIAN_POINT('',(140.944787038175,45.,-19.7081897972566));
#16799=CARTESIAN_POINT('',(138.493642425247,45.,-15.4509223612485));
#16800=CARTESIAN_POINT('',(106.400158563376,45.,-79.376184435547));
#16801=CARTESIAN_POINT('',(143.951004661426,45.,-74.5156320843699));
#16802=CARTESIAN_POINT('',(149.951000363027,45.,-74.5228140589657));
#16803=CARTESIAN_POINT('',(65.5563105941869,45.,-74.4217939002716));
#16804=CARTESIAN_POINT('',(152.944778441379,45.,-79.7225537464482));
#16805=CARTESIAN_POINT('',(133.03057780299,45.,-45.1345994312319));
#16806=CARTESIAN_POINT('',(149.938560818129,45.,-84.915111459335));
#16807=CARTESIAN_POINT('',(129.905339910141,45.,-119.517947573132));
#16808=CARTESIAN_POINT('',(143.938565116527,45.,-84.9079294847392));
#16809=CARTESIAN_POINT('',(68.5438689000892,45.,-84.8176822879388));
#16810=CARTESIAN_POINT('',(140.944787038175,45.,-79.7081897972566));
#16811=CARTESIAN_POINT('',(125.521253517314,45.,-52.9198450132642));
#16812=CARTESIAN_POINT('',(119.408457318562,45.,-116.907304767497));
#16813=CARTESIAN_POINT('',(130.617671328092,45.,-38.5156320843699));
#16814=CARTESIAN_POINT('',(136.617667029694,45.,-38.5228140589657));
#16815=CARTESIAN_POINT('',(58.9111802838796,45.,-38.4297996567075));
#16816=CARTESIAN_POINT('',(139.611445108046,45.,-43.7225537464482));
#16817=CARTESIAN_POINT('',(129.140438403753,45.,-25.5359989306744));
#16818=CARTESIAN_POINT('',(136.605227484796,45.,-48.915111459335));
#16819=CARTESIAN_POINT('',(110.440609619685,45.,-94.1085423172539));
#16820=CARTESIAN_POINT('',(130.605231783194,45.,-48.9079294847392));
#16821=CARTESIAN_POINT('',(61.898738589782,45.,-48.8256880443747));
#16822=CARTESIAN_POINT('',(127.611453704842,45.,-43.7081897972566));
#16823=CARTESIAN_POINT('',(121.631114118077,45.,-33.3212445127067));
#16824=CARTESIAN_POINT('',(99.9437270281058,45.,-91.4978995116189));
#16825=CARTESIAN_POINT('',(117.284337994759,45.,-26.5156320843699));
#16826=CARTESIAN_POINT('',(123.284333696361,45.,-26.5228140589657));
#16827=CARTESIAN_POINT('',(52.2516860346712,45.,-26.4377882195568));
#16828=CARTESIAN_POINT('',(126.278111774712,45.,-31.7225537464482));
#16829=CARTESIAN_POINT('',(120.061343441344,45.,-20.9249674909231));
#16830=CARTESIAN_POINT('',(123.271894151462,45.,-36.915111459335));
#16831=CARTESIAN_POINT('',(96.1791988313029,45.,-83.7115851941556));
#16832=CARTESIAN_POINT('',(117.27189844986,45.,-36.9079294847392));
#16833=CARTESIAN_POINT('',(55.2392443405735,45.,-36.833676607224));
#16834=CARTESIAN_POINT('',(114.278120371509,45.,-31.7081897972566));
#16835=CARTESIAN_POINT('',(112.552019155667,45.,-28.7102130729554));
#16836=CARTESIAN_POINT('',(85.6823162397241,45.,-81.1009423885207));
#16837=CARTESIAN_POINT('',(117.284337994759,45.,-74.5156320843699));
#16838=CARTESIAN_POINT('',(123.284333696361,45.,-74.5228140589657));
#16839=CARTESIAN_POINT('',(52.2229581568687,45.,-74.4377538323841));
#16840=CARTESIAN_POINT('',(126.278111774712,45.,-79.7225537464482));
#16841=CARTESIAN_POINT('',(109.683432314997,45.,-50.9001056125357));
#16842=CARTESIAN_POINT('',(123.271894151462,45.,-84.915111459335));
#16843=CARTESIAN_POINT('',(106.585837835452,45.,-113.736481459716));
#16844=CARTESIAN_POINT('',(117.27189844986,45.,-84.9079294847392));
#16845=CARTESIAN_POINT('',(55.210516462771,45.,-84.8336422200513));
#16846=CARTESIAN_POINT('',(114.278120371509,45.,-79.7081897972566));
#16847=CARTESIAN_POINT('',(102.174108029321,45.,-58.685351194568));
#16848=CARTESIAN_POINT('',(96.0889552438735,45.,-111.125838654081));
#16849=CARTESIAN_POINT('',(103.951004661426,45.,-38.5156320843699));
#16850=CARTESIAN_POINT('',(109.951000363027,45.,-38.5228140589657));
#16851=CARTESIAN_POINT('',(45.5778278465614,45.,-38.44575958882));
#16852=CARTESIAN_POINT('',(112.944778441379,45.,-43.7225537464482));
#16853=CARTESIAN_POINT('',(105.793292915761,45.,-31.3015051119782));
#16854=CARTESIAN_POINT('',(109.938560818129,45.,-48.915111459335));
#16855=CARTESIAN_POINT('',(87.1211075449958,45.,-88.3270762038375));
#16856=CARTESIAN_POINT('',(103.938565116527,45.,-48.9079294847392));
#16857=CARTESIAN_POINT('',(48.5653861524638,45.,-48.8416479764872));
#16858=CARTESIAN_POINT('',(100.944787038175,45.,-43.7081897972566));
#16859=CARTESIAN_POINT('',(98.2839686300843,45.,-39.0867506940105));
#16860=CARTESIAN_POINT('',(76.624224953417,45.,-85.7164333982026));
#16861=CARTESIAN_POINT('',(90.6176713280922,45.,-26.5156320843699));
#16862=CARTESIAN_POINT('',(96.6176670296941,45.,-26.5228140589657));
#16863=CARTESIAN_POINT('',(38.918333597353,45.,-26.4537481516693));
#16864=CARTESIAN_POINT('',(99.6114451080458,45.,-31.7225537464482));
#16865=CARTESIAN_POINT('',(96.7141979533507,45.,-26.6904736722269));
#16866=CARTESIAN_POINT('',(96.6052274847955,45.,-36.915111459335));
#16867=CARTESIAN_POINT('',(72.8596967566141,45.,-77.9301190807393));
#16868=CARTESIAN_POINT('',(90.6052317831937,45.,-36.9079294847392));
#16869=CARTESIAN_POINT('',(41.9058919032554,45.,-36.8496365393365));
#16870=CARTESIAN_POINT('',(87.611453704842,45.,-31.7081897972566));
#16871=CARTESIAN_POINT('',(89.2048736676745,45.,-34.4757192542593));
#16872=CARTESIAN_POINT('',(62.3628141650353,45.,-75.3194762751043));
#16873=CARTESIAN_POINT('',(90.6176713280922,45.,-74.5156320843699));
#16874=CARTESIAN_POINT('',(96.6176670296941,45.,-74.5228140589657));
#16875=CARTESIAN_POINT('',(38.8896057195505,45.,-74.4537137644966));
#16876=CARTESIAN_POINT('',(99.6114451080458,45.,-79.7225537464482));
#16877=CARTESIAN_POINT('',(86.3362868270038,45.,-56.6656117938396));
#16878=CARTESIAN_POINT('',(96.6052274847955,45.,-84.915111459335));
#16879=CARTESIAN_POINT('',(83.2663357607634,45.,-107.955015346299));
#16880=CARTESIAN_POINT('',(90.6052317831937,45.,-84.9079294847392));
#16881=CARTESIAN_POINT('',(41.8771640254528,45.,-84.8496021521638));
#16882=CARTESIAN_POINT('',(87.611453704842,45.,-79.7081897972566));
#16883=CARTESIAN_POINT('',(78.8269625413276,45.,-64.4508573758719));
#16884=CARTESIAN_POINT('',(72.7694531691847,45.,-105.344372540665));
#16885=CARTESIAN_POINT('',(77.2843379947589,45.,-38.5156320843699));
#16886=CARTESIAN_POINT('',(83.2843336963608,45.,-38.5228140589657));
#16887=CARTESIAN_POINT('',(32.2444754092432,45.,-38.4617195209325));
#16888=CARTESIAN_POINT('',(86.2781117747124,45.,-43.7225537464482));
#16889=CARTESIAN_POINT('',(82.4461474277675,45.,-37.067011293282));
#16890=CARTESIAN_POINT('',(83.2718941514622,45.,-48.915111459335));
#16891=CARTESIAN_POINT('',(63.801605470307,45.,-82.5456100904212));
#16892=CARTESIAN_POINT('',(77.2718984498603,45.,-48.9079294847392));
#16893=CARTESIAN_POINT('',(35.2320337151456,45.,-48.8576079085997));
#16894=CARTESIAN_POINT('',(74.2781203715087,45.,-43.7081897972566));
#16895=CARTESIAN_POINT('',(74.9368231420914,45.,-44.8522568753145));
#16896=CARTESIAN_POINT('',(53.3047228787284,45.,-79.9349672847862));
#16897=CARTESIAN_POINT('',(63.9510046614256,45.,-26.5156320843699));
#16898=CARTESIAN_POINT('',(69.9510003630274,45.,-26.5228140589657));
#16899=CARTESIAN_POINT('',(25.5849811600348,45.,-26.4697080837818));
#16900=CARTESIAN_POINT('',(72.9447784413791,45.,-31.7225537464482));
#16901=CARTESIAN_POINT('',(73.3670524653577,45.,-32.4559798535308));
#16902=CARTESIAN_POINT('',(69.9385608181289,45.,-36.915111459335));
#16903=CARTESIAN_POINT('',(49.5401946819253,45.,-72.148652967323));
#16904=CARTESIAN_POINT('',(63.938565116527,45.,-36.9079294847392));
#16905=CARTESIAN_POINT('',(28.5725394659372,45.,-36.8655964714491));
#16906=CARTESIAN_POINT('',(60.9447870381754,45.,-31.7081897972566));
#16907=CARTESIAN_POINT('',(65.8577281796815,45.,-40.2412254355632));
#16908=CARTESIAN_POINT('',(39.0433120903467,45.,-69.538010161688));
#16909=CARTESIAN_POINT('',(63.9510046614256,45.,-74.5156320843699));
#16910=CARTESIAN_POINT('',(69.9510003630274,45.,-74.5228140589657));
#16911=CARTESIAN_POINT('',(25.5562532822323,45.,-74.4696736966091));
#16912=CARTESIAN_POINT('',(72.9447784413791,45.,-79.7225537464482));
#16913=CARTESIAN_POINT('',(62.9891413390108,45.,-62.4311179751434));
#16914=CARTESIAN_POINT('',(69.9385608181289,45.,-84.915111459335));
#16915=CARTESIAN_POINT('',(59.9468336860747,45.,-102.173549232883));
#16916=CARTESIAN_POINT('',(63.938565116527,45.,-84.9079294847392));
#16917=CARTESIAN_POINT('',(28.5438115881347,45.,-84.8655620842763));
#16918=CARTESIAN_POINT('',(60.9447870381754,45.,-79.7081897972566));
#16919=CARTESIAN_POINT('',(55.4798170533347,45.,-70.2163635571757));
#16920=CARTESIAN_POINT('',(49.4499510944961,45.,-99.5629064272482));
#16921=CARTESIAN_POINT('',(50.6176713280922,45.,-38.5156320843699));
#16922=CARTESIAN_POINT('',(56.6176670296941,45.,-38.5228140589657));
#16923=CARTESIAN_POINT('',(18.9111229719251,45.,-38.477679453045));
#16924=CARTESIAN_POINT('',(59.6114451080458,45.,-43.7225537464482));
#16925=CARTESIAN_POINT('',(59.0990019397745,45.,-42.8325174745859));
#16926=CARTESIAN_POINT('',(56.6052274847955,45.,-48.915111459335));
#16927=CARTESIAN_POINT('',(40.4821033956183,45.,-76.7641439770049));
#16928=CARTESIAN_POINT('',(50.6052317831937,45.,-48.9079294847392));
#16929=CARTESIAN_POINT('',(21.8986812778274,45.,-48.8735678407122));
#16930=CARTESIAN_POINT('',(47.611453704842,45.,-43.7081897972566));
#16931=CARTESIAN_POINT('',(51.5896776540983,45.,-50.6177630566183));
#16932=CARTESIAN_POINT('',(29.9852208040396,45.,-74.1535011713699));
#16933=CARTESIAN_POINT('',(37.2843379947589,45.,-26.5156320843699));
#16934=CARTESIAN_POINT('',(43.2843336963608,45.,-26.5228140589657));
#16935=CARTESIAN_POINT('',(12.2516287227166,45.,-26.4856680158943));
#16936=CARTESIAN_POINT('',(46.2781117747124,45.,-31.7225537464482));
#16937=CARTESIAN_POINT('',(50.0199069773647,45.,-38.2214860348346));
#16938=CARTESIAN_POINT('',(43.2718941514622,45.,-36.915111459335));
#16939=CARTESIAN_POINT('',(26.2206926072365,45.,-66.3671868539067));
#16940=CARTESIAN_POINT('',(37.2718984498603,45.,-36.9079294847392));
#16941=CARTESIAN_POINT('',(15.239187028619,45.,-36.8815564035616));
#16942=CARTESIAN_POINT('',(34.2781203715087,45.,-31.7081897972566));
#16943=CARTESIAN_POINT('',(42.5105826916885,45.,-46.006731616867));
#16944=CARTESIAN_POINT('',(15.7238100156579,45.,-63.7565440482717));
#16945=CARTESIAN_POINT('',(37.2843379947589,45.,-74.5156320843699));
#16946=CARTESIAN_POINT('',(43.2843336963608,45.,-74.5228140589657));
#16947=CARTESIAN_POINT('',(12.2229008449141,45.,-74.4856336287216));
#16948=CARTESIAN_POINT('',(46.2781117747124,45.,-79.7225537464482));
#16949=CARTESIAN_POINT('',(39.6419958510178,45.,-68.1966241564472));
#16950=CARTESIAN_POINT('',(43.2718941514622,45.,-84.915111459335));
#16951=CARTESIAN_POINT('',(36.6273316113859,45.,-96.3920831194668));
#16952=CARTESIAN_POINT('',(37.2718984498603,45.,-84.9079294847392));
#16953=CARTESIAN_POINT('',(15.2104591508165,45.,-84.8815220163888));
#16954=CARTESIAN_POINT('',(34.2781203715087,45.,-79.7081897972566));
#16955=CARTESIAN_POINT('',(32.1326715653417,45.,-75.9818697384795));
#16956=CARTESIAN_POINT('',(26.1304490198073,45.,-93.7814403138319));
#16957=CARTESIAN_POINT('',(23.9510046614256,45.,-38.5156320843699));
#16958=CARTESIAN_POINT('',(29.9510003630275,45.,-38.5228140589657));
#16959=CARTESIAN_POINT('',(5.57777053460688,45.,-38.4936393851574));
#16960=CARTESIAN_POINT('',(32.9447784413791,45.,-43.7225537464482));
#16961=CARTESIAN_POINT('',(35.7518564517815,45.,-48.5980236558897));
#16962=CARTESIAN_POINT('',(29.9385608181289,45.,-48.915111459335));
#16963=CARTESIAN_POINT('',(17.1626013209295,45.,-70.9826778635885));
#16964=CARTESIAN_POINT('',(23.938565116527,45.,-48.9079294847392));
#16965=CARTESIAN_POINT('',(8.56532884050924,45.,-48.8895277728247));
#16966=CARTESIAN_POINT('',(20.9447870381754,45.,-43.7081897972566));
#16967=CARTESIAN_POINT('',(28.2425321661053,45.,-56.383269237922));
#16968=CARTESIAN_POINT('',(6.66571872935079,45.,-68.3720350579536));
#16969=CARTESIAN_POINT('',(10.6176713280922,45.,-26.5156320843699));
#16970=CARTESIAN_POINT('',(16.6176670296941,45.,-26.5228140589657));
#16971=CARTESIAN_POINT('',(-1.08172371460155,45.,-26.5016279480069));
#16972=CARTESIAN_POINT('',(19.6114451080458,45.,-31.7225537464482));
#16973=CARTESIAN_POINT('',(26.6727614893717,45.,-43.9869922161385));
#16974=CARTESIAN_POINT('',(16.6052274847955,45.,-36.915111459335));
#16975=CARTESIAN_POINT('',(2.90119053254772,45.,-60.5857207404904));
#16976=CARTESIAN_POINT('',(10.6052317831937,45.,-36.9079294847392));
#16977=CARTESIAN_POINT('',(1.90583459130081,45.,-36.8975163356741));
#16978=CARTESIAN_POINT('',(7.61145370484202,45.,-31.7081897972566));
#16979=CARTESIAN_POINT('',(19.1634372036955,45.,-51.7722377981708));
#16980=CARTESIAN_POINT('',(-7.59569205903093,45.,-57.9750779348554));
#16981=CARTESIAN_POINT('',(10.6176713280922,45.,-74.5156320843699));
#16982=CARTESIAN_POINT('',(16.6176670296941,45.,-74.5228140589657));
#16983=CARTESIAN_POINT('',(-1.11045159240406,45.,-74.5015935608341));
#16984=CARTESIAN_POINT('',(19.6114451080458,45.,-79.7225537464482));
#16985=CARTESIAN_POINT('',(16.2948503630249,45.,-73.962130337751));
#16986=CARTESIAN_POINT('',(16.6052274847955,45.,-84.915111459335));
#16987=CARTESIAN_POINT('',(13.3078295366971,45.,-90.6106170060505));
#16988=CARTESIAN_POINT('',(10.6052317831937,45.,-84.9079294847392));
#16989=CARTESIAN_POINT('',(1.87710671349829,45.,-84.8974819485014));
#16990=CARTESIAN_POINT('',(7.61145370484202,45.,-79.7081897972566));
#16991=CARTESIAN_POINT('',(8.78552607734861,45.,-81.7473759197833));
#16992=CARTESIAN_POINT('',(2.81094694511845,45.,-87.9999742004156));
#16993=CARTESIAN_POINT('',(-2.71566200524108,45.,-38.5156320843699));
#16994=CARTESIAN_POINT('',(3.28433369636079,45.,-38.5228140589657));
#16995=CARTESIAN_POINT('',(-7.7555819027113,45.,-38.5095993172699));
#16996=CARTESIAN_POINT('',(6.27811177471244,45.,-43.7225537464482));
#16997=CARTESIAN_POINT('',(12.4047109637885,45.,-54.3635298371935));
#16998=CARTESIAN_POINT('',(3.27189415146221,45.,-48.915111459335));
#16999=CARTESIAN_POINT('',(-6.15690075375935,45.,-65.2012117501722));
#17000=CARTESIAN_POINT('',(-2.72810155013967,45.,-48.9079294847392));
#17001=CARTESIAN_POINT('',(-4.76802359680894,45.,-48.9054877049372));
#17002=CARTESIAN_POINT('',(-5.72187962849131,45.,-43.7081897972566));
#17003=CARTESIAN_POINT('',(4.89538667811223,45.,-62.1487754192258));
#17004=CARTESIAN_POINT('',(-16.653783345338,45.,-62.5905689445372));
#17005=CARTESIAN_POINT('',(-2.71566200524108,45.,-26.5156320843699));
#17006=CARTESIAN_POINT('',(3.28433369636079,45.,-26.5228140589657));
#17007=CARTESIAN_POINT('',(-7.74839993326064,45.,-26.5096079140631));
#17008=CARTESIAN_POINT('',(6.27811177471244,45.,-31.7225537464482));
#17009=CARTESIAN_POINT('',(14.9991887453752,45.,-46.8697453067904));
#17010=CARTESIAN_POINT('',(3.27189415146221,45.,-36.915111459335));
#17011=CARTESIAN_POINT('',(-8.75856050479668,45.,-57.6949876837822));
#17012=CARTESIAN_POINT('',(-2.72810155013967,45.,-36.9079294847392));
#17013=CARTESIAN_POINT('',(-4.76084162735828,45.,-36.9054963017303));
#17014=CARTESIAN_POINT('',(-5.72187962849131,45.,-31.7081897972566));
#17015=CARTESIAN_POINT('',(7.48986445969895,45.,-54.6549908888227));
#17016=CARTESIAN_POINT('',(-19.2554430963753,45.,-55.0843448781472));
#17017=CARTESIAN_POINT('',(-2.71566200524108,45.,-74.5156320843699));
#17018=CARTESIAN_POINT('',(3.28433369636079,45.,-74.5228140589657));
#17019=CARTESIAN_POINT('',(-7.77712781106315,45.,-74.5095735268904));
#17020=CARTESIAN_POINT('',(6.27811177471244,45.,-79.7225537464482));
#17021=CARTESIAN_POINT('',(4.62127761902837,45.,-76.844883428403));
#17022=CARTESIAN_POINT('',(3.27189415146221,45.,-84.915111459335));
#17023=CARTESIAN_POINT('',(1.64807849935268,45.,-87.7198839493423));
#17024=CARTESIAN_POINT('',(-2.72810155013967,45.,-84.9079294847392));
#17025=CARTESIAN_POINT('',(-4.7895695051608,45.,-84.9054619145576));
#17026=CARTESIAN_POINT('',(-5.72187962849131,45.,-79.7081897972566));
#17027=CARTESIAN_POINT('',(-2.8880466666479,45.,-84.6301290104352));
#17028=CARTESIAN_POINT('',(-8.84880409222595,45.,-85.1092411437074));
#17029=CARTESIAN_POINT('',(10.6176713280922,45.,-38.5156320843699));
#17030=CARTESIAN_POINT('',(16.6176670296941,45.,-38.5228140589657));
#17031=CARTESIAN_POINT('',(-1.08890568405221,45.,-38.5016193512137));
#17032=CARTESIAN_POINT('',(19.6114451080458,45.,-43.7225537464482));
#17033=CARTESIAN_POINT('',(24.078283707785,45.,-51.4807767465416));
#17034=CARTESIAN_POINT('',(16.6052274847955,45.,-48.915111459335));
#17035=CARTESIAN_POINT('',(5.50285028358504,45.,-68.0919448068804));
#17036=CARTESIAN_POINT('',(10.6052317831937,45.,-48.9079294847392));
#17037=CARTESIAN_POINT('',(1.89865262185015,45.,-48.8975077388809));
#17038=CARTESIAN_POINT('',(7.61145370484202,45.,-43.7081897972566));
#17039=CARTESIAN_POINT('',(16.5689594221087,45.,-59.2660223285739));
#17040=CARTESIAN_POINT('',(-4.9940323079936,45.,-65.4813020012454));
#17041=CARTESIAN_POINT('',(23.9510046614256,45.,-26.5156320843699));
#17042=CARTESIAN_POINT('',(29.9510003630275,45.,-26.5228140589657));
#17043=CARTESIAN_POINT('',(5.58495250405755,45.,-26.4936479819506));
#17044=CARTESIAN_POINT('',(32.9447784413791,45.,-31.7225537464482));
#17045=CARTESIAN_POINT('',(38.3463342333682,45.,-41.1042391254866));
#17046=CARTESIAN_POINT('',(29.9385608181289,45.,-36.915111459335));
#17047=CARTESIAN_POINT('',(14.5609415698921,45.,-63.4764537971985));
#17048=CARTESIAN_POINT('',(23.938565116527,45.,-36.9079294847392));
#17049=CARTESIAN_POINT('',(8.5725108099599,45.,-36.8895363696178));
#17050=CARTESIAN_POINT('',(20.9447870381754,45.,-31.7081897972566));
#17051=CARTESIAN_POINT('',(30.837009947692,45.,-48.8894847075189));
#17052=CARTESIAN_POINT('',(4.06405897831347,45.,-60.8658109915635));
#17053=CARTESIAN_POINT('',(23.9510046614256,45.,-74.5156320843699));
#17054=CARTESIAN_POINT('',(29.9510003630275,45.,-74.5228140589657));
#17055=CARTESIAN_POINT('',(5.55622462625503,45.,-74.4936135947779));
#17056=CARTESIAN_POINT('',(32.9447784413791,45.,-79.7225537464482));
#17057=CARTESIAN_POINT('',(27.9684231070214,45.,-71.0793772470991));
#17058=CARTESIAN_POINT('',(29.9385608181289,45.,-84.915111459335));
#17059=CARTESIAN_POINT('',(24.9675805740415,45.,-93.5013500627587));
#17060=CARTESIAN_POINT('',(23.938565116527,45.,-84.9079294847392));
#17061=CARTESIAN_POINT('',(8.54378293215738,45.,-84.8895019824451));
#17062=CARTESIAN_POINT('',(20.9447870381754,45.,-79.7081897972566));
#17063=CARTESIAN_POINT('',(20.4590988213451,45.,-78.8646228291314));
#17064=CARTESIAN_POINT('',(14.4706979824628,45.,-90.8907072571237));
#17065=CARTESIAN_POINT('',(37.2843379947589,45.,-38.5156320843699));
#17066=CARTESIAN_POINT('',(43.2843336963608,45.,-38.5228140589657));
#17067=CARTESIAN_POINT('',(12.244446753266,45.,-38.4856594191012));
#17068=CARTESIAN_POINT('',(46.2781117747124,45.,-43.7225537464482));
#17069=CARTESIAN_POINT('',(47.425429195778,45.,-45.7152705652378));
#17070=CARTESIAN_POINT('',(43.2718941514622,45.,-48.915111459335));
#17071=CARTESIAN_POINT('',(28.8223523582738,45.,-73.8734109202967));
#17072=CARTESIAN_POINT('',(37.2718984498603,45.,-48.9079294847392));
#17073=CARTESIAN_POINT('',(15.2320050591683,45.,-48.8815478067684));
#17074=CARTESIAN_POINT('',(34.2781203715087,45.,-43.7081897972566));
#17075=CARTESIAN_POINT('',(39.9161049101018,45.,-53.5005161472701));
#17076=CARTESIAN_POINT('',(18.3254697666952,45.,-71.2627681146617));
#17077=CARTESIAN_POINT('',(50.6176713280922,45.,-26.5156320843699));
#17078=CARTESIAN_POINT('',(56.6176670296941,45.,-26.5228140589657));
#17079=CARTESIAN_POINT('',(18.9183049413757,45.,-26.4776880498381));
#17080=CARTESIAN_POINT('',(59.6114451080458,45.,-31.7225537464482));
#17081=CARTESIAN_POINT('',(61.6934797213612,45.,-35.3387329441827));
#17082=CARTESIAN_POINT('',(56.6052274847955,45.,-36.915111459335));
#17083=CARTESIAN_POINT('',(37.8804436445809,45.,-69.2579199106148));
#17084=CARTESIAN_POINT('',(50.6052317831937,45.,-36.9079294847392));
#17085=CARTESIAN_POINT('',(21.9058632472781,45.,-36.8735764375053));
#17086=CARTESIAN_POINT('',(47.611453704842,45.,-31.7081897972566));
#17087=CARTESIAN_POINT('',(54.184155435685,45.,-43.1239785262151));
#17088=CARTESIAN_POINT('',(27.3835610530023,45.,-66.6472771049799));
#17089=CARTESIAN_POINT('',(50.6176713280922,45.,-74.5156320843699));
#17090=CARTESIAN_POINT('',(56.6176670296941,45.,-74.5228140589657));
#17091=CARTESIAN_POINT('',(18.8895770635732,45.,-74.4776536626654));
#17092=CARTESIAN_POINT('',(59.6114451080458,45.,-79.7225537464482));
#17093=CARTESIAN_POINT('',(51.3155685950144,45.,-65.3138710657953));
#17094=CARTESIAN_POINT('',(56.6052274847955,45.,-84.915111459335));
#17095=CARTESIAN_POINT('',(48.2870826487303,45.,-99.282816176175));
#17096=CARTESIAN_POINT('',(50.6052317831937,45.,-84.9079294847392));
#17097=CARTESIAN_POINT('',(21.8771353694756,45.,-84.8735420503326));
#17098=CARTESIAN_POINT('',(47.611453704842,45.,-79.7081897972566));
#17099=CARTESIAN_POINT('',(43.8062443093382,45.,-73.0991166478276));
#17100=CARTESIAN_POINT('',(37.7902000571517,45.,-96.67217337054));
#17101=CARTESIAN_POINT('',(63.9510046614256,45.,-38.5156320843699));
#17102=CARTESIAN_POINT('',(69.9510003630274,45.,-38.5228140589657));
#17103=CARTESIAN_POINT('',(25.5777991905842,45.,-38.4696994869887));
#17104=CARTESIAN_POINT('',(72.9447784413791,45.,-43.7225537464482));
#17105=CARTESIAN_POINT('',(70.772574683771,45.,-39.9497643839339));
#17106=CARTESIAN_POINT('',(69.9385608181289,45.,-48.915111459335));
#17107=CARTESIAN_POINT('',(52.1418544329626,45.,-79.654877033713));
#17108=CARTESIAN_POINT('',(63.938565116527,45.,-48.9079294847392));
#17109=CARTESIAN_POINT('',(28.5653574964865,45.,-48.8655878746559));
#17110=CARTESIAN_POINT('',(60.9447870381754,45.,-43.7081897972566));
#17111=CARTESIAN_POINT('',(63.2632503980948,45.,-47.7350099659664));
#17112=CARTESIAN_POINT('',(41.644971841384,45.,-77.0442342280781));
#17113=CARTESIAN_POINT('',(77.2843379947589,45.,-26.5156320843699));
#17114=CARTESIAN_POINT('',(83.2843336963608,45.,-26.5228140589657));
#17115=CARTESIAN_POINT('',(32.2516573786939,45.,-26.4617281177256));
#17116=CARTESIAN_POINT('',(86.2781117747124,45.,-31.7225537464482));
#17117=CARTESIAN_POINT('',(85.0406252093542,45.,-29.5732267628788));
#17118=CARTESIAN_POINT('',(83.2718941514622,45.,-36.915111459335));
#17119=CARTESIAN_POINT('',(61.1999457192697,45.,-75.0393860240312));
#17120=CARTESIAN_POINT('',(77.2718984498603,45.,-36.9079294847392));
#17121=CARTESIAN_POINT('',(35.2392156845963,45.,-36.8576165053928));
#17122=CARTESIAN_POINT('',(74.2781203715087,45.,-31.7081897972566));
#17123=CARTESIAN_POINT('',(77.531300923678,45.,-37.3584723449113));
#17124=CARTESIAN_POINT('',(50.7030631276911,45.,-72.4287432183962));
#17125=CARTESIAN_POINT('',(77.2843379947589,45.,-74.5156320843699));
#17126=CARTESIAN_POINT('',(83.2843336963608,45.,-74.5228140589657));
#17127=CARTESIAN_POINT('',(32.2229295008914,45.,-74.4616937305529));
#17128=CARTESIAN_POINT('',(86.2781117747124,45.,-79.7225537464482));
#17129=CARTESIAN_POINT('',(74.6627140830073,45.,-59.5483648844915));
#17130=CARTESIAN_POINT('',(83.2718941514622,45.,-84.915111459335));
#17131=CARTESIAN_POINT('',(71.6065847234191,45.,-105.064282289591));
#17132=CARTESIAN_POINT('',(77.2718984498603,45.,-84.9079294847392));
#17133=CARTESIAN_POINT('',(35.2104878067938,45.,-84.8575821182201));
#17134=CARTESIAN_POINT('',(74.2781203715087,45.,-79.7081897972566));
#17135=CARTESIAN_POINT('',(67.1533897973312,45.,-67.3336104665238));
#17136=CARTESIAN_POINT('',(61.1097021318405,45.,-102.453639483956));
#17137=CARTESIAN_POINT('',(90.6176713280922,45.,-38.5156320843699));
#17138=CARTESIAN_POINT('',(96.6176670296941,45.,-38.5228140589657));
#17139=CARTESIAN_POINT('',(38.9111516279023,45.,-38.4537395548762));
#17140=CARTESIAN_POINT('',(99.6114451080458,45.,-43.7225537464482));
#17141=CARTESIAN_POINT('',(94.119720171764,45.,-34.1842582026301));
#17142=CARTESIAN_POINT('',(96.6052274847955,45.,-48.915111459335));
#17143=CARTESIAN_POINT('',(75.4613565076514,45.,-85.4363431471293));
#17144=CARTESIAN_POINT('',(90.6052317831937,45.,-48.9079294847392));
#17145=CARTESIAN_POINT('',(41.8987099338047,45.,-48.8496279425434));
#17146=CARTESIAN_POINT('',(87.611453704842,45.,-43.7081897972566));
#17147=CARTESIAN_POINT('',(86.6103958860878,45.,-41.9695037846625));
#17148=CARTESIAN_POINT('',(64.9644739160726,45.,-82.8257003414944));
#17149=CARTESIAN_POINT('',(103.951004661426,45.,-26.5156320843699));
#17150=CARTESIAN_POINT('',(109.951000363027,45.,-26.5228140589657));
#17151=CARTESIAN_POINT('',(45.5850098160121,45.,-26.4457681856131));
#17152=CARTESIAN_POINT('',(112.944778441379,45.,-31.7225537464482));
#17153=CARTESIAN_POINT('',(108.387770697347,45.,-23.807720581575));
#17154=CARTESIAN_POINT('',(109.938560818129,45.,-36.915111459335));
#17155=CARTESIAN_POINT('',(84.5194477939585,45.,-80.8208521374475));
#17156=CARTESIAN_POINT('',(103.938565116527,45.,-36.9079294847392));
#17157=CARTESIAN_POINT('',(48.5725681219144,45.,-36.8416565732803));
#17158=CARTESIAN_POINT('',(100.944787038175,45.,-31.7081897972566));
#17159=CARTESIAN_POINT('',(100.878446411671,45.,-31.5929661636074));
#17160=CARTESIAN_POINT('',(74.0225652023797,45.,-78.2102093318125));
#17161=CARTESIAN_POINT('',(103.951004661426,45.,-74.5156320843699));
#17162=CARTESIAN_POINT('',(109.951000363027,45.,-74.5228140589657));
#17163=CARTESIAN_POINT('',(45.5562819382096,45.,-74.4457337984403));
#17164=CARTESIAN_POINT('',(112.944778441379,45.,-79.7225537464482));
#17165=CARTESIAN_POINT('',(98.0098595710003,45.,-53.7828587031876));
#17166=CARTESIAN_POINT('',(109.938560818129,45.,-84.915111459335));
#17167=CARTESIAN_POINT('',(94.9260867981078,45.,-110.845748403008));
#17168=CARTESIAN_POINT('',(103.938565116527,45.,-84.9079294847392));
#17169=CARTESIAN_POINT('',(48.5438402441119,45.,-84.8416221861076));
#17170=CARTESIAN_POINT('',(100.944787038175,45.,-79.7081897972566));
#17171=CARTESIAN_POINT('',(90.5005352853241,45.,-61.5681042852199));
#17172=CARTESIAN_POINT('',(84.4292042065291,45.,-108.235105597373));
#17173=CARTESIAN_POINT('',(117.284337994759,45.,-38.5156320843699));
#17174=CARTESIAN_POINT('',(123.284333696361,45.,-38.5228140589657));
#17175=CARTESIAN_POINT('',(52.2445040652205,45.,-38.4377796227637));
#17176=CARTESIAN_POINT('',(126.278111774712,45.,-43.7225537464482));
#17177=CARTESIAN_POINT('',(117.466865659757,45.,-28.4187520213263));
#17178=CARTESIAN_POINT('',(123.271894151462,45.,-48.915111459335));
#17179=CARTESIAN_POINT('',(98.7808585823402,45.,-91.2178092605457));
#17180=CARTESIAN_POINT('',(117.27189844986,45.,-48.9079294847392));
#17181=CARTESIAN_POINT('',(55.2320623711229,45.,-48.8336680104309));
#17182=CARTESIAN_POINT('',(114.278120371509,45.,-43.7081897972566));
#17183=CARTESIAN_POINT('',(109.957541374081,45.,-36.2039976033586));
#17184=CARTESIAN_POINT('',(88.2839759907614,45.,-88.6071664549107));
#17185=CARTESIAN_POINT('',(130.617671328092,45.,-26.5156320843699));
#17186=CARTESIAN_POINT('',(136.617667029694,45.,-26.5228140589657));
#17187=CARTESIAN_POINT('',(58.9183622533303,45.,-26.4298082535006));
#17188=CARTESIAN_POINT('',(139.611445108046,45.,-31.7225537464482));
#17189=CARTESIAN_POINT('',(131.73491618534,45.,-18.0422144002712));
#17190=CARTESIAN_POINT('',(136.605227484796,45.,-36.915111459335));
#17191=CARTESIAN_POINT('',(107.838949868647,45.,-86.6023182508638));
#17192=CARTESIAN_POINT('',(130.605231783194,45.,-36.9079294847392));
#17193=CARTESIAN_POINT('',(61.9059205592326,45.,-36.8256966411678));
#17194=CARTESIAN_POINT('',(127.611453704842,45.,-31.7081897972566));
#17195=CARTESIAN_POINT('',(124.225591899664,45.,-25.8274599823035));
#17196=CARTESIAN_POINT('',(97.3420672770685,45.,-83.9916754452288));
#17197=CARTESIAN_POINT('',(130.617671328092,45.,-74.5156320843699));
#17198=CARTESIAN_POINT('',(136.617667029694,45.,-74.5228140589657));
#17199=CARTESIAN_POINT('',(58.8896343755278,45.,-74.4297738663278));
#17200=CARTESIAN_POINT('',(139.611445108046,45.,-79.7225537464482));
#17201=CARTESIAN_POINT('',(121.357005058993,45.,-48.0173525218838));
#17202=CARTESIAN_POINT('',(136.605227484796,45.,-84.915111459335));
#17203=CARTESIAN_POINT('',(118.245588872797,45.,-116.627214516424));
#17204=CARTESIAN_POINT('',(130.605231783194,45.,-84.9079294847392));
#17205=CARTESIAN_POINT('',(61.8771926814301,45.,-84.8256622539951));
#17206=CARTESIAN_POINT('',(127.611453704842,45.,-79.7081897972566));
#17207=CARTESIAN_POINT('',(113.847680773317,45.,-55.8025981039161));
#17208=CARTESIAN_POINT('',(107.748706281218,45.,-114.016571710789));
#17209=CARTESIAN_POINT('',(143.951004661426,45.,-38.5156320843699));
#17210=CARTESIAN_POINT('',(149.951000363027,45.,-38.5228140589657));
#17211=CARTESIAN_POINT('',(65.5778565025387,45.,-38.4218196906512));
#17212=CARTESIAN_POINT('',(152.944778441379,45.,-43.7225537464482));
#17213=CARTESIAN_POINT('',(140.81401114775,45.,-22.6532458400225));
#17214=CARTESIAN_POINT('',(149.938560818129,45.,-48.915111459335));
#17215=CARTESIAN_POINT('',(122.100360657029,45.,-96.999275373962));
#17216=CARTESIAN_POINT('',(143.938565116527,45.,-48.9079294847392));
#17217=CARTESIAN_POINT('',(68.5654148084411,45.,-48.8177080783185));
#17218=CARTESIAN_POINT('',(140.944787038175,45.,-43.7081897972566));
#17219=CARTESIAN_POINT('',(133.304686862074,45.,-30.4384914220548));
#17220=CARTESIAN_POINT('',(111.60347806545,45.,-94.3886325683271));
#17221=CARTESIAN_POINT('',(157.284337994759,45.,-26.5156320843699));
#17222=CARTESIAN_POINT('',(163.284333696361,45.,-26.5228140589657));
#17223=CARTESIAN_POINT('',(72.2517146906485,45.,-26.4138483213881));
#17224=CARTESIAN_POINT('',(166.278111774712,45.,-31.7225537464482));
#17225=CARTESIAN_POINT('',(155.082061673333,45.,-12.2767082189675));
#17226=CARTESIAN_POINT('',(163.271894151462,45.,-36.915111459335));
#17227=CARTESIAN_POINT('',(131.158451943336,45.,-92.3837843642801));
#17228=CARTESIAN_POINT('',(157.27189844986,45.,-36.9079294847392));
#17229=CARTESIAN_POINT('',(75.2392729965508,45.,-36.8097367090553));
#17230=CARTESIAN_POINT('',(154.278120371509,45.,-31.7081897972566));
#17231=CARTESIAN_POINT('',(147.572737387657,45.,-20.0619538009997));
#17232=CARTESIAN_POINT('',(120.661569351757,45.,-89.7731415586452));
#17233=CARTESIAN_POINT('',(157.284337994759,45.,-74.5156320843699));
#17234=CARTESIAN_POINT('',(163.284333696361,45.,-74.5228140589657));
#17235=CARTESIAN_POINT('',(72.2229868128459,45.,-74.4138139342153));
#17236=CARTESIAN_POINT('',(166.278111774712,45.,-79.7225537464482));
#17237=CARTESIAN_POINT('',(144.704150546986,45.,-42.2518463405801));
#17238=CARTESIAN_POINT('',(163.271894151462,45.,-84.915111459335));
#17239=CARTESIAN_POINT('',(141.565090947486,45.,-122.40868062984));
#17240=CARTESIAN_POINT('',(157.27189844986,45.,-84.9079294847392));
#17241=CARTESIAN_POINT('',(75.2105451187483,45.,-84.8097023218825));
#17242=CARTESIAN_POINT('',(154.278120371509,45.,-79.7081897972566));
#17243=CARTESIAN_POINT('',(137.19482626131,45.,-50.0370919226123));
#17244=CARTESIAN_POINT('',(131.068208355907,45.,-119.798037824205));
#17245=CARTESIAN_POINT('Origin',(33.5622245503699,47.,-12.));
#17246=CARTESIAN_POINT('Origin',(169.80552590409,47.,-70.));
#17247=CARTESIAN_POINT('',(171.728573799372,47.5494422557947,-70.));
#17248=CARTESIAN_POINT('Origin',(171.878312686154,47.0253561520571,-50.));
#17249=CARTESIAN_POINT('',(170.014288085086,53.5494422557947,-70.));
#17250=CARTESIAN_POINT('Origin',(168.091240189805,53.,-70.));
#17251=CARTESIAN_POINT('',(168.091240189805,55.,-70.));
#17252=CARTESIAN_POINT('Origin',(124.990795978941,53.,-88.));
#17253=CARTESIAN_POINT('',(124.990795978941,55.,-88.));
#17254=CARTESIAN_POINT('Origin',(-8.07348092643158,53.,-70.));
#17255=CARTESIAN_POINT('',(-8.07348092643158,55.,-70.));
#17256=CARTESIAN_POINT('Origin',(124.990795978941,53.,-12.));
#17257=CARTESIAN_POINT('',(124.990795978941,55.,-12.));
#17258=CARTESIAN_POINT('Origin',(170.,55.,-90.));
#17259=CARTESIAN_POINT('',(163.284333696361,55.,-74.5228140589657));
#17260=CARTESIAN_POINT('',(157.284337994759,55.,-74.5156320843699));
#17261=CARTESIAN_POINT('',(163.651427242664,55.,-74.5232534687011));
#17262=CARTESIAN_POINT('',(154.278120371509,55.,-79.7081897972566));
#17263=CARTESIAN_POINT('',(154.020194129469,55.,-80.1536987607791));
#17264=CARTESIAN_POINT('',(157.27189844986,55.,-84.9079294847392));
#17265=CARTESIAN_POINT('',(159.957257200787,55.,-89.5719914515528));
#17266=CARTESIAN_POINT('',(163.271894151462,55.,-84.915111459335));
#17267=CARTESIAN_POINT('',(166.638985548566,55.,-84.9191418563683));
#17268=CARTESIAN_POINT('',(166.278111774712,55.,-79.7225537464482));
#17269=CARTESIAN_POINT('',(164.517076721048,55.,-82.7643415664141));
#17270=CARTESIAN_POINT('',(167.466581486463,55.,-81.7867458695205));
#17271=CARTESIAN_POINT('',(163.284333696361,55.,-26.5228140589657));
#17272=CARTESIAN_POINT('',(157.284337994759,55.,-26.5156320843699));
#17273=CARTESIAN_POINT('',(163.680155120467,55.,-26.5232878558738));
#17274=CARTESIAN_POINT('',(154.278120371509,55.,-31.7081897972566));
#17275=CARTESIAN_POINT('',(143.61355512532,55.,-50.1288024952189));
#17276=CARTESIAN_POINT('',(157.27189844986,55.,-36.9079294847392));
#17277=CARTESIAN_POINT('',(170.335168327134,55.,-59.5968533299402));
#17278=CARTESIAN_POINT('',(163.271894151462,55.,-36.915111459335));
#17279=CARTESIAN_POINT('',(166.667713426369,55.,-36.9191762435411));
#17280=CARTESIAN_POINT('',(166.278111774712,55.,-31.7225537464482));
#17281=CARTESIAN_POINT('',(154.110437716899,55.,-52.739445300854));
#17282=CARTESIAN_POINT('',(177.84449261281,55.,-51.811607747908));
#17283=CARTESIAN_POINT('',(149.951000363027,55.,-38.5228140589657));
#17284=CARTESIAN_POINT('',(143.951004661426,55.,-38.5156320843699));
#17285=CARTESIAN_POINT('',(157.006296932357,55.,-38.5312592251369));
#17286=CARTESIAN_POINT('',(140.944787038175,55.,-43.7081897972566));
#17287=CARTESIAN_POINT('',(134.555463839013,55.,-54.7442935049008));
#17288=CARTESIAN_POINT('',(143.938565116527,55.,-48.9079294847392));
#17289=CARTESIAN_POINT('',(156.06711780155,55.,-69.9733909509953));
#17290=CARTESIAN_POINT('',(149.938560818129,55.,-48.915111459335));
#17291=CARTESIAN_POINT('',(159.993855238259,55.,-48.9271476128041));
#17292=CARTESIAN_POINT('',(152.944778441379,55.,-43.7225537464482));
#17293=CARTESIAN_POINT('',(145.052346430592,55.,-57.3549363105358));
#17294=CARTESIAN_POINT('',(163.576442087227,55.,-62.188145368963));
#17295=CARTESIAN_POINT('',(136.617667029694,55.,-74.5228140589657));
#17296=CARTESIAN_POINT('',(130.617671328092,55.,-74.5156320843699));
#17297=CARTESIAN_POINT('',(150.318074805346,55.,-74.5392134008136));
#17298=CARTESIAN_POINT('',(127.611453704842,55.,-79.7081897972566));
#17299=CARTESIAN_POINT('',(130.700692054781,55.,-74.3722326473628));
#17300=CARTESIAN_POINT('',(130.605231783194,55.,-84.9079294847392));
#17301=CARTESIAN_POINT('',(136.610111712794,55.,-95.3374976328566));
#17302=CARTESIAN_POINT('',(136.605227484796,55.,-84.915111459335));
#17303=CARTESIAN_POINT('',(153.305633111248,55.,-84.9351017884808));
#17304=CARTESIAN_POINT('',(139.611445108046,55.,-79.7225537464482));
#17305=CARTESIAN_POINT('',(141.197574646359,55.,-76.9828754529978));
#17306=CARTESIAN_POINT('',(144.11943599847,55.,-87.5522520508244));
#17307=CARTESIAN_POINT('',(136.617667029694,55.,-26.5228140589657));
#17308=CARTESIAN_POINT('',(130.617671328092,55.,-26.5156320843699));
#17309=CARTESIAN_POINT('',(150.346802683148,55.,-26.5392477879863));
#17310=CARTESIAN_POINT('',(127.611453704842,55.,-31.7081897972566));
#17311=CARTESIAN_POINT('',(120.294053050631,55.,-44.3473363818026));
#17312=CARTESIAN_POINT('',(130.605231783194,55.,-36.9079294847392));
#17313=CARTESIAN_POINT('',(146.988022839141,55.,-65.362359511244));
#17314=CARTESIAN_POINT('',(136.605227484796,55.,-36.915111459335));
#17315=CARTESIAN_POINT('',(153.334360989051,55.,-36.9351361756536));
#17316=CARTESIAN_POINT('',(139.611445108046,55.,-31.7225537464482));
#17317=CARTESIAN_POINT('',(130.79093564221,55.,-46.9579791874376));
#17318=CARTESIAN_POINT('',(154.497347124817,55.,-57.5771139292117));
#17319=CARTESIAN_POINT('',(123.284333696361,55.,-38.5228140589657));
#17320=CARTESIAN_POINT('',(117.284337994759,55.,-38.5156320843699));
#17321=CARTESIAN_POINT('',(143.672944495039,55.,-38.5472191572494));
#17322=CARTESIAN_POINT('',(114.278120371509,55.,-43.7081897972566));
#17323=CARTESIAN_POINT('',(111.235961764324,55.,-48.9628273914844));
#17324=CARTESIAN_POINT('',(117.27189844986,55.,-48.9079294847392));
#17325=CARTESIAN_POINT('',(132.719972313557,55.,-75.7388971322991));
#17326=CARTESIAN_POINT('',(123.271894151462,55.,-48.915111459335));
#17327=CARTESIAN_POINT('',(146.660502800941,55.,-48.9431075449166));
#17328=CARTESIAN_POINT('',(126.278111774712,55.,-43.7225537464482));
#17329=CARTESIAN_POINT('',(121.732844355903,55.,-51.5734701971194));
#17330=CARTESIAN_POINT('',(140.229296599234,55.,-67.9536515502668));
#17331=CARTESIAN_POINT('',(109.951000363027,55.,-74.5228140589657));
#17332=CARTESIAN_POINT('',(103.951004661426,55.,-74.5156320843699));
#17333=CARTESIAN_POINT('',(136.984722368028,55.,-74.5551733329261));
#17334=CARTESIAN_POINT('',(100.944787038175,55.,-79.7081897972566));
#17335=CARTESIAN_POINT('',(107.381189980092,55.,-68.5907665339464));
#17336=CARTESIAN_POINT('',(103.938565116527,55.,-84.9079294847392));
#17337=CARTESIAN_POINT('',(113.262966224801,55.,-101.10300381416));
#17338=CARTESIAN_POINT('',(109.938560818129,55.,-84.915111459335));
#17339=CARTESIAN_POINT('',(139.97228067393,55.,-84.9510617205933));
#17340=CARTESIAN_POINT('',(112.944778441379,55.,-79.7225537464482));
#17341=CARTESIAN_POINT('',(117.87807257167,55.,-71.2014093395814));
#17342=CARTESIAN_POINT('',(120.772290510477,55.,-93.3177582321282));
#17343=CARTESIAN_POINT('',(109.951000363027,55.,-26.5228140589657));
#17344=CARTESIAN_POINT('',(103.951004661426,55.,-26.5156320843699));
#17345=CARTESIAN_POINT('',(137.01345024583,55.,-26.5552077200989));
#17346=CARTESIAN_POINT('',(100.944787038175,55.,-31.7081897972566));
#17347=CARTESIAN_POINT('',(96.9745509759424,55.,-38.5658702683862));
#17348=CARTESIAN_POINT('',(103.938565116527,55.,-36.9079294847392));
#17349=CARTESIAN_POINT('',(123.640877351148,55.,-71.1278656925478));
#17350=CARTESIAN_POINT('',(109.938560818129,55.,-36.915111459335));
#17351=CARTESIAN_POINT('',(140.001008551733,55.,-36.9510961077661));
#17352=CARTESIAN_POINT('',(112.944778441379,55.,-31.7225537464482));
#17353=CARTESIAN_POINT('',(107.471433567521,55.,-41.1765130740213));
#17354=CARTESIAN_POINT('',(131.150201636824,55.,-63.3426201105156));
#17355=CARTESIAN_POINT('',(96.6176670296941,55.,-38.5228140589657));
#17356=CARTESIAN_POINT('',(90.6176713280922,55.,-38.5156320843699));
#17357=CARTESIAN_POINT('',(130.33959205772,55.,-38.5631790893619));
#17358=CARTESIAN_POINT('',(87.611453704842,55.,-43.7081897972566));
#17359=CARTESIAN_POINT('',(87.9164596896354,55.,-43.1813612780681));
#17360=CARTESIAN_POINT('',(90.6052317831937,55.,-48.9079294847392));
#17361=CARTESIAN_POINT('',(109.372826825564,55.,-81.5044033136029));
#17362=CARTESIAN_POINT('',(96.6052274847955,55.,-48.915111459335));
#17363=CARTESIAN_POINT('',(133.327150363623,55.,-48.9590674770291));
#17364=CARTESIAN_POINT('',(99.6114451080458,55.,-43.7225537464482));
#17365=CARTESIAN_POINT('',(98.413342281214,55.,-45.7920040837031));
#17366=CARTESIAN_POINT('',(116.882151111241,55.,-73.7191577315706));
#17367=CARTESIAN_POINT('',(83.2843336963608,55.,-74.5228140589657));
#17368=CARTESIAN_POINT('',(77.2843379947589,55.,-74.5156320843699));
#17369=CARTESIAN_POINT('',(123.65136993071,55.,-74.5711332650386));
#17370=CARTESIAN_POINT('',(74.2781203715087,55.,-79.7081897972566));
#17371=CARTESIAN_POINT('',(84.0616879054029,55.,-62.8093004205302));
#17372=CARTESIAN_POINT('',(77.2718984498603,55.,-84.9079294847392));
#17373=CARTESIAN_POINT('',(89.9158207368075,55.,-106.868509995464));
#17374=CARTESIAN_POINT('',(83.2718941514622,55.,-84.915111459335));
#17375=CARTESIAN_POINT('',(126.638928236612,55.,-84.9670216527058));
#17376=CARTESIAN_POINT('',(86.2781117747124,55.,-79.7225537464482));
#17377=CARTESIAN_POINT('',(94.5585704969816,55.,-65.4199432261651));
#17378=CARTESIAN_POINT('',(97.425145022484,55.,-99.083264413432));
#17379=CARTESIAN_POINT('',(83.2843336963608,55.,-26.5228140589657));
#17380=CARTESIAN_POINT('',(77.2843379947589,55.,-26.5156320843699));
#17381=CARTESIAN_POINT('',(123.680097808512,55.,-26.5711676522114));
#17382=CARTESIAN_POINT('',(74.2781203715087,55.,-31.7081897972566));
#17383=CARTESIAN_POINT('',(73.6550489012536,55.,-32.78440415497));
#17384=CARTESIAN_POINT('',(77.2718984498603,55.,-36.9079294847392));
#17385=CARTESIAN_POINT('',(100.293731863154,55.,-76.8933718738516));
#17386=CARTESIAN_POINT('',(83.2718941514622,55.,-36.915111459335));
#17387=CARTESIAN_POINT('',(126.667656114414,55.,-36.9670560398786));
#17388=CARTESIAN_POINT('',(86.2781117747124,55.,-31.7225537464482));
#17389=CARTESIAN_POINT('',(84.1519314928322,55.,-35.3950469606049));
#17390=CARTESIAN_POINT('',(107.803056148831,55.,-69.1081262918194));
#17391=CARTESIAN_POINT('',(69.9510003630274,55.,-38.5228140589657));
#17392=CARTESIAN_POINT('',(63.9510046614256,55.,-38.5156320843699));
#17393=CARTESIAN_POINT('',(117.006239620402,55.,-38.5791390214744));
#17394=CARTESIAN_POINT('',(60.9447870381754,55.,-43.7081897972566));
#17395=CARTESIAN_POINT('',(64.5969576149465,55.,-37.3998951646519));
#17396=CARTESIAN_POINT('',(63.938565116527,55.,-48.9079294847392));
#17397=CARTESIAN_POINT('',(86.0256813375711,55.,-87.2699094949067));
#17398=CARTESIAN_POINT('',(69.9385608181289,55.,-48.915111459335));
#17399=CARTESIAN_POINT('',(119.993797926305,55.,-48.9750274091416));
#17400=CARTESIAN_POINT('',(72.9447784413791,55.,-43.7225537464482));
#17401=CARTESIAN_POINT('',(75.0938402065252,55.,-40.0105379702868));
#17402=CARTESIAN_POINT('',(93.5350056232476,55.,-79.4846639128745));
#17403=CARTESIAN_POINT('',(56.6176670296941,55.,-74.5228140589657));
#17404=CARTESIAN_POINT('',(50.6176713280922,55.,-74.5156320843699));
#17405=CARTESIAN_POINT('',(110.318017493391,55.,-74.5870931971511));
#17406=CARTESIAN_POINT('',(47.611453704842,55.,-79.7081897972566));
#17407=CARTESIAN_POINT('',(60.7421858307141,55.,-57.0278343071138));
#17408=CARTESIAN_POINT('',(50.6052317831937,55.,-84.9079294847392));
#17409=CARTESIAN_POINT('',(66.5686752488145,55.,-112.634016176768));
#17410=CARTESIAN_POINT('',(56.6052274847955,55.,-84.915111459335));
#17411=CARTESIAN_POINT('',(113.305575799294,55.,-84.9829815848184));
#17412=CARTESIAN_POINT('',(59.6114451080458,55.,-79.7225537464482));
#17413=CARTESIAN_POINT('',(71.2390684222927,55.,-59.6384771127488));
#17414=CARTESIAN_POINT('',(74.0779995344909,55.,-104.848770594736));
#17415=CARTESIAN_POINT('',(56.6176670296941,55.,-26.5228140589657));
#17416=CARTESIAN_POINT('',(50.6176713280922,55.,-26.5156320843699));
#17417=CARTESIAN_POINT('',(110.346745371194,55.,-26.5871275843239));
#17418=CARTESIAN_POINT('',(47.611453704842,55.,-31.7081897972566));
#17419=CARTESIAN_POINT('',(50.3355468265648,55.,-27.0029380415537));
#17420=CARTESIAN_POINT('',(50.6052317831937,55.,-36.9079294847392));
#17421=CARTESIAN_POINT('',(76.9465863751613,55.,-82.6588780551554));
#17422=CARTESIAN_POINT('',(56.6052274847955,55.,-36.915111459335));
#17423=CARTESIAN_POINT('',(113.334303677096,55.,-36.9830159719911));
#17424=CARTESIAN_POINT('',(59.6114451080458,55.,-31.7225537464482));
#17425=CARTESIAN_POINT('',(60.8324294181434,55.,-29.6135808471887));
#17426=CARTESIAN_POINT('',(84.4559106608378,55.,-74.8736324731232));
#17427=CARTESIAN_POINT('',(43.2843336963608,55.,-38.5228140589657));
#17428=CARTESIAN_POINT('',(37.2843379947589,55.,-38.5156320843699));
#17429=CARTESIAN_POINT('',(103.672887183084,55.,-38.5950989535868));
#17430=CARTESIAN_POINT('',(34.2781203715087,55.,-43.7081897972566));
#17431=CARTESIAN_POINT('',(41.2774555402577,55.,-31.6184290512355));
#17432=CARTESIAN_POINT('',(37.2718984498603,55.,-48.9079294847392));
#17433=CARTESIAN_POINT('',(62.6785358495781,55.,-93.0354156762105));
#17434=CARTESIAN_POINT('',(43.2718941514622,55.,-48.915111459335));
#17435=CARTESIAN_POINT('',(106.660445488987,55.,-48.9909873412541));
#17436=CARTESIAN_POINT('',(46.2781117747124,55.,-43.7225537464482));
#17437=CARTESIAN_POINT('',(51.7743381318364,55.,-34.2290718568705));
#17438=CARTESIAN_POINT('',(70.1878601352546,55.,-85.2501700941783));
#17439=CARTESIAN_POINT('',(29.9510003630275,55.,-74.5228140589657));
#17440=CARTESIAN_POINT('',(23.9510046614256,55.,-74.5156320843699));
#17441=CARTESIAN_POINT('',(96.9846650560732,55.,-74.6030531292636));
#17442=CARTESIAN_POINT('',(20.9447870381754,55.,-79.7081897972566));
#17443=CARTESIAN_POINT('',(37.4226837560254,55.,-51.2463681936975));
#17444=CARTESIAN_POINT('',(23.938565116527,55.,-84.9079294847392));
#17445=CARTESIAN_POINT('',(43.2215297608216,55.,-118.399522358072));
#17446=CARTESIAN_POINT('',(29.9385608181289,55.,-84.915111459335));
#17447=CARTESIAN_POINT('',(99.9722233619756,55.,-84.9989415169309));
#17448=CARTESIAN_POINT('',(32.9447784413791,55.,-79.7225537464482));
#17449=CARTESIAN_POINT('',(47.9195663476039,55.,-53.8570109993325));
#17450=CARTESIAN_POINT('',(50.7308540464979,55.,-110.61427677604));
#17451=CARTESIAN_POINT('',(29.9510003630275,55.,-26.5228140589657));
#17452=CARTESIAN_POINT('',(23.9510046614256,55.,-26.5156320843699));
#17453=CARTESIAN_POINT('',(97.0133929338757,55.,-26.6030875164364));
#17454=CARTESIAN_POINT('',(20.9447870381754,55.,-31.7081897972566));
#17455=CARTESIAN_POINT('',(27.016044751876,55.,-21.2214719281374));
#17456=CARTESIAN_POINT('',(23.938565116527,55.,-36.9079294847392));
#17457=CARTESIAN_POINT('',(53.5994408871684,55.,-88.4243842364593));
#17458=CARTESIAN_POINT('',(29.9385608181289,55.,-36.915111459335));
#17459=CARTESIAN_POINT('',(100.000951239778,55.,-36.9989759041036));
#17460=CARTESIAN_POINT('',(32.9447784413791,55.,-31.7225537464482));
#17461=CARTESIAN_POINT('',(37.5129273434546,55.,-23.8321147337724));
#17462=CARTESIAN_POINT('',(61.1087651728448,55.,-80.639138654427));
#17463=CARTESIAN_POINT('',(16.6176670296941,55.,-38.5228140589657));
#17464=CARTESIAN_POINT('',(10.6176713280922,55.,-38.5156320843699));
#17465=CARTESIAN_POINT('',(90.339534745766,55.,-38.6110588856993));
#17466=CARTESIAN_POINT('',(7.61145370484202,55.,-43.7081897972566));
#17467=CARTESIAN_POINT('',(17.957953465569,55.,-25.8369629378192));
#17468=CARTESIAN_POINT('',(10.6052317831937,55.,-48.9079294847392));
#17469=CARTESIAN_POINT('',(39.3313903615851,55.,-98.8009218575143));
#17470=CARTESIAN_POINT('',(16.6052274847955,55.,-48.915111459335));
#17471=CARTESIAN_POINT('',(93.3270930516683,55.,-49.0069472733666));
#17472=CARTESIAN_POINT('',(19.6114451080458,55.,-43.7225537464482));
#17473=CARTESIAN_POINT('',(28.4548360571476,55.,-28.4476057434542));
#17474=CARTESIAN_POINT('',(46.8407146472616,55.,-91.0156762754821));
#17475=CARTESIAN_POINT('',(3.28433369636079,55.,-74.5228140589657));
#17476=CARTESIAN_POINT('',(-2.71566200524108,55.,-74.5156320843699));
#17477=CARTESIAN_POINT('',(83.651312618755,55.,-74.6190130613762));
#17478=CARTESIAN_POINT('',(-5.72187962849131,55.,-79.7081897972566));
#17479=CARTESIAN_POINT('',(14.1031816813365,55.,-45.4649020802812));
#17480=CARTESIAN_POINT('',(-2.72810155013967,55.,-84.9079294847392));
#17481=CARTESIAN_POINT('',(19.8743842728285,55.,-124.165028539376));
#17482=CARTESIAN_POINT('',(3.27189415146221,55.,-84.915111459335));
#17483=CARTESIAN_POINT('',(86.6388709246574,55.,-85.0149014490434));
#17484=CARTESIAN_POINT('',(6.27811177471244,55.,-79.7225537464482));
#17485=CARTESIAN_POINT('',(24.6000642729152,55.,-48.0755448859162));
#17486=CARTESIAN_POINT('',(27.383708558505,55.,-116.379782957343));
#17487=CARTESIAN_POINT('',(3.28433369636079,55.,-26.5228140589657));
#17488=CARTESIAN_POINT('',(-2.71566200524108,55.,-26.5156320843699));
#17489=CARTESIAN_POINT('',(83.6800404965575,55.,-26.6190474485489));
#17490=CARTESIAN_POINT('',(-5.72187962849131,55.,-31.7081897972566));
#17491=CARTESIAN_POINT('',(3.69654267718717,55.,-15.440005814721));
#17492=CARTESIAN_POINT('',(-2.72810155013967,55.,-36.9079294847392));
#17493=CARTESIAN_POINT('',(30.2522953991753,55.,-94.1898904177631));
#17494=CARTESIAN_POINT('',(3.27189415146221,55.,-36.915111459335));
#17495=CARTESIAN_POINT('',(86.6675988024599,55.,-37.0149358362161));
#17496=CARTESIAN_POINT('',(6.27811177471244,55.,-31.7225537464482));
#17497=CARTESIAN_POINT('',(14.1934252687658,55.,-18.050648620356));
#17498=CARTESIAN_POINT('',(37.7616196848518,55.,-86.4046448357308));
#17499=CARTESIAN_POINT('',(3.28433369636079,55.,-38.5228140589657));
#17500=CARTESIAN_POINT('',(-2.71566200524108,55.,-38.5156320843699));
#17501=CARTESIAN_POINT('',(83.6728585271069,55.,-38.6190388517556));
#17502=CARTESIAN_POINT('',(-5.72187962849131,55.,-43.7081897972566));
#17503=CARTESIAN_POINT('',(6.29820242822454,55.,-22.946229881111));
#17504=CARTESIAN_POINT('',(-2.72810155013967,55.,-48.9079294847392));
#17505=CARTESIAN_POINT('',(27.6578176175886,55.,-101.683674948166));
#17506=CARTESIAN_POINT('',(3.27189415146221,55.,-48.915111459335));
#17507=CARTESIAN_POINT('',(86.6604168330092,55.,-49.0149272394228));
#17508=CARTESIAN_POINT('',(6.27811177471244,55.,-43.7225537464482));
#17509=CARTESIAN_POINT('',(16.7950850198032,55.,-25.556872686746));
#17510=CARTESIAN_POINT('',(35.1671419032651,55.,-93.898429366134));
#17511=CARTESIAN_POINT('',(16.6176670296941,55.,-74.5228140589657));
#17512=CARTESIAN_POINT('',(10.6176713280922,55.,-74.5156320843699));
#17513=CARTESIAN_POINT('',(90.3179888374141,55.,-74.6110330953199));
#17514=CARTESIAN_POINT('',(7.61145370484202,55.,-79.7081897972566));
#17515=CARTESIAN_POINT('',(25.762932718681,55.,-48.3556351369894));
#17516=CARTESIAN_POINT('',(10.6052317831937,55.,-84.9079294847392));
#17517=CARTESIAN_POINT('',(31.547957016825,55.,-121.282275448724));
#17518=CARTESIAN_POINT('',(16.6052274847955,55.,-84.915111459335));
#17519=CARTESIAN_POINT('',(93.3055471433165,55.,-85.0069214829871));
#17520=CARTESIAN_POINT('',(19.6114451080458,55.,-79.7225537464482));
#17521=CARTESIAN_POINT('',(36.2598153102595,55.,-50.9662779426243));
#17522=CARTESIAN_POINT('',(39.0572813025015,55.,-113.497029866692));
#17523=CARTESIAN_POINT('',(16.6176670296941,55.,-26.5228140589657));
#17524=CARTESIAN_POINT('',(10.6176713280922,55.,-26.5156320843699));
#17525=CARTESIAN_POINT('',(90.3467167152166,55.,-26.6110674824926));
#17526=CARTESIAN_POINT('',(7.61145370484202,55.,-31.7081897972566));
#17527=CARTESIAN_POINT('',(15.3562937145316,55.,-18.3307388714292));
#17528=CARTESIAN_POINT('',(10.6052317831937,55.,-36.9079294847392));
#17529=CARTESIAN_POINT('',(41.9258681431719,55.,-91.3071373271111));
#17530=CARTESIAN_POINT('',(16.6052274847955,55.,-36.915111459335));
#17531=CARTESIAN_POINT('',(93.334275021119,55.,-37.0069558701598));
#17532=CARTESIAN_POINT('',(19.6114451080458,55.,-31.7225537464482));
#17533=CARTESIAN_POINT('',(25.8531763061102,55.,-20.9413816770642));
#17534=CARTESIAN_POINT('',(49.4351924288483,55.,-83.5218917450789));
#17535=CARTESIAN_POINT('',(29.9510003630275,55.,-38.5228140589657));
#17536=CARTESIAN_POINT('',(23.9510046614256,55.,-38.5156320843699));
#17537=CARTESIAN_POINT('',(97.0062109644251,55.,-38.6030789196431));
#17538=CARTESIAN_POINT('',(20.9447870381754,55.,-43.7081897972566));
#17539=CARTESIAN_POINT('',(29.6177045029134,55.,-28.7276959945273));
#17540=CARTESIAN_POINT('',(23.938565116527,55.,-48.9079294847392));
#17541=CARTESIAN_POINT('',(51.0049631055816,55.,-95.9181687668624));
#17542=CARTESIAN_POINT('',(29.9385608181289,55.,-48.915111459335));
#17543=CARTESIAN_POINT('',(99.9937692703274,55.,-48.9989673073103));
#17544=CARTESIAN_POINT('',(32.9447784413791,55.,-43.7225537464482));
#17545=CARTESIAN_POINT('',(40.1145870944919,55.,-31.3383388001624));
#17546=CARTESIAN_POINT('',(58.514287391258,55.,-88.1329231848302));
#17547=CARTESIAN_POINT('',(43.2843336963608,55.,-74.5228140589657));
#17548=CARTESIAN_POINT('',(37.2843379947589,55.,-74.5156320843699));
#17549=CARTESIAN_POINT('',(103.651341274732,55.,-74.5950731632074));
#17550=CARTESIAN_POINT('',(34.2781203715087,55.,-79.7081897972566));
#17551=CARTESIAN_POINT('',(49.0824347933697,55.,-54.1371012504057));
#17552=CARTESIAN_POINT('',(37.2718984498603,55.,-84.9079294847392));
#17553=CARTESIAN_POINT('',(54.895102504818,55.,-115.51676926742));
#17554=CARTESIAN_POINT('',(43.2718941514622,55.,-84.915111459335));
#17555=CARTESIAN_POINT('',(106.638899580635,55.,-84.9909615508746));
#17556=CARTESIAN_POINT('',(46.2781117747124,55.,-79.7225537464482));
#17557=CARTESIAN_POINT('',(59.5793173849484,55.,-56.7477440560406));
#17558=CARTESIAN_POINT('',(62.4044267904945,55.,-107.731523685388));
#17559=CARTESIAN_POINT('',(43.2843336963608,55.,-26.5228140589657));
#17560=CARTESIAN_POINT('',(37.2843379947589,55.,-26.5156320843699));
#17561=CARTESIAN_POINT('',(103.680069152535,55.,-26.5951075503801));
#17562=CARTESIAN_POINT('',(34.2781203715087,55.,-31.7081897972566));
#17563=CARTESIAN_POINT('',(38.6757957892204,55.,-24.1122049848456));
#17564=CARTESIAN_POINT('',(37.2718984498603,55.,-36.9079294847392));
#17565=CARTESIAN_POINT('',(65.2730136311648,55.,-85.5416311458073));
#17566=CARTESIAN_POINT('',(43.2718941514622,55.,-36.915111459335));
#17567=CARTESIAN_POINT('',(106.667627458437,55.,-36.9909959380473));
#17568=CARTESIAN_POINT('',(46.2781117747124,55.,-31.7225537464482));
#17569=CARTESIAN_POINT('',(49.172678380799,55.,-26.7228477904805));
#17570=CARTESIAN_POINT('',(72.7823379168414,55.,-77.7563855637751));
#17571=CARTESIAN_POINT('',(56.6176670296941,55.,-38.5228140589657));
#17572=CARTESIAN_POINT('',(50.6176713280922,55.,-38.5156320843699));
#17573=CARTESIAN_POINT('',(110.339563401743,55.,-38.5871189875306));
#17574=CARTESIAN_POINT('',(47.611453704842,55.,-43.7081897972566));
#17575=CARTESIAN_POINT('',(52.9372065776021,55.,-34.5091621079437));
#17576=CARTESIAN_POINT('',(50.6052317831937,55.,-48.9079294847392));
#17577=CARTESIAN_POINT('',(74.3521085935746,55.,-90.1526625855586));
#17578=CARTESIAN_POINT('',(56.6052274847955,55.,-48.915111459335));
#17579=CARTESIAN_POINT('',(113.327121707646,55.,-48.9830073751978));
#17580=CARTESIAN_POINT('',(59.6114451080458,55.,-43.7225537464482));
#17581=CARTESIAN_POINT('',(63.4340891691808,55.,-37.1198049135787));
#17582=CARTESIAN_POINT('',(81.8614328792511,55.,-82.3674170035264));
#17583=CARTESIAN_POINT('',(69.9510003630274,55.,-74.5228140589657));
#17584=CARTESIAN_POINT('',(63.9510046614256,55.,-74.5156320843699));
#17585=CARTESIAN_POINT('',(116.98469371205,55.,-74.5791132310949));
#17586=CARTESIAN_POINT('',(60.9447870381754,55.,-79.7081897972566));
#17587=CARTESIAN_POINT('',(72.4019368680585,55.,-59.918567363822));
#17588=CARTESIAN_POINT('',(63.938565116527,55.,-84.9079294847392));
#17589=CARTESIAN_POINT('',(78.242247992811,55.,-109.751263086116));
#17590=CARTESIAN_POINT('',(69.9385608181289,55.,-84.915111459335));
#17591=CARTESIAN_POINT('',(119.972252017953,55.,-84.9750016187621));
#17592=CARTESIAN_POINT('',(72.9447784413791,55.,-79.7225537464482));
#17593=CARTESIAN_POINT('',(82.8988194596372,55.,-62.529210169457));
#17594=CARTESIAN_POINT('',(85.7515722784875,55.,-101.966017504084));
#17595=CARTESIAN_POINT('',(69.9510003630274,55.,-26.5228140589657));
#17596=CARTESIAN_POINT('',(63.9510046614256,55.,-26.5156320843699));
#17597=CARTESIAN_POINT('',(117.013421589853,55.,-26.5791476182676));
#17598=CARTESIAN_POINT('',(60.9447870381754,55.,-31.7081897972566));
#17599=CARTESIAN_POINT('',(61.9952978639092,55.,-29.8936710982619));
#17600=CARTESIAN_POINT('',(63.938565116527,55.,-36.9079294847392));
#17601=CARTESIAN_POINT('',(88.6201591191579,55.,-79.7761249645035));
#17602=CARTESIAN_POINT('',(69.9385608181289,55.,-36.915111459335));
#17603=CARTESIAN_POINT('',(120.000979895755,55.,-36.9750360059348));
#17604=CARTESIAN_POINT('',(72.9447784413791,55.,-31.7225537464482));
#17605=CARTESIAN_POINT('',(72.4921804554878,55.,-32.5043139038968));
#17606=CARTESIAN_POINT('',(96.1294834048344,55.,-71.9908793824713));
#17607=CARTESIAN_POINT('',(83.2843336963608,55.,-38.5228140589657));
#17608=CARTESIAN_POINT('',(77.2843379947589,55.,-38.5156320843699));
#17609=CARTESIAN_POINT('',(123.672915839061,55.,-38.5711590554181));
#17610=CARTESIAN_POINT('',(74.2781203715087,55.,-43.7081897972566));
#17611=CARTESIAN_POINT('',(76.2567086522909,55.,-40.29062822136));
#17612=CARTESIAN_POINT('',(77.2718984498603,55.,-48.9079294847392));
#17613=CARTESIAN_POINT('',(97.6992540815676,55.,-84.3871564042548));
#17614=CARTESIAN_POINT('',(83.2718941514622,55.,-48.915111459335));
#17615=CARTESIAN_POINT('',(126.660474144964,55.,-48.9670474430853));
#17616=CARTESIAN_POINT('',(86.2781117747124,55.,-43.7225537464482));
#17617=CARTESIAN_POINT('',(86.7535912438696,55.,-42.9012710269949));
#17618=CARTESIAN_POINT('',(105.208578367244,55.,-76.6019108222225));
#17619=CARTESIAN_POINT('',(96.6176670296941,55.,-74.5228140589657));
#17620=CARTESIAN_POINT('',(90.6176713280922,55.,-74.5156320843699));
#17621=CARTESIAN_POINT('',(130.318046149369,55.,-74.5631532989824));
#17622=CARTESIAN_POINT('',(87.611453704842,55.,-79.7081897972566));
#17623=CARTESIAN_POINT('',(95.7214389427474,55.,-65.7000334772383));
#17624=CARTESIAN_POINT('',(90.6052317831937,55.,-84.9079294847392));
#17625=CARTESIAN_POINT('',(101.589393480804,55.,-103.985756904812));
#17626=CARTESIAN_POINT('',(96.6052274847955,55.,-84.915111459335));
#17627=CARTESIAN_POINT('',(133.305604455271,55.,-84.9590416866496));
#17628=CARTESIAN_POINT('',(99.6114451080458,55.,-79.7225537464482));
#17629=CARTESIAN_POINT('',(106.218321534326,55.,-68.3106762828733));
#17630=CARTESIAN_POINT('',(109.09871776648,55.,-96.2005113227801));
#17631=CARTESIAN_POINT('',(96.6176670296941,55.,-26.5228140589657));
#17632=CARTESIAN_POINT('',(90.6176713280922,55.,-26.5156320843699));
#17633=CARTESIAN_POINT('',(130.346774027171,55.,-26.5631876861551));
#17634=CARTESIAN_POINT('',(87.611453704842,55.,-31.7081897972566));
#17635=CARTESIAN_POINT('',(85.314799938598,55.,-35.6751372116781));
#17636=CARTESIAN_POINT('',(90.6052317831937,55.,-36.9079294847392));
#17637=CARTESIAN_POINT('',(111.967304607151,55.,-74.0106187831997));
#17638=CARTESIAN_POINT('',(96.6052274847955,55.,-36.915111459335));
#17639=CARTESIAN_POINT('',(133.334332333074,55.,-36.9590760738223));
#17640=CARTESIAN_POINT('',(99.6114451080458,55.,-31.7225537464482));
#17641=CARTESIAN_POINT('',(95.8116825301766,55.,-38.2857800173131));
#17642=CARTESIAN_POINT('',(119.476628892827,55.,-66.2253732011675));
#17643=CARTESIAN_POINT('',(109.951000363027,55.,-38.5228140589657));
#17644=CARTESIAN_POINT('',(103.951004661426,55.,-38.5156320843699));
#17645=CARTESIAN_POINT('',(137.00626827638,55.,-38.5551991233056));
#17646=CARTESIAN_POINT('',(100.944787038175,55.,-43.7081897972566));
#17647=CARTESIAN_POINT('',(99.5762107269798,55.,-46.0720943347763));
#17648=CARTESIAN_POINT('',(103.938565116527,55.,-48.9079294847392));
#17649=CARTESIAN_POINT('',(121.046399569561,55.,-78.621650222951));
#17650=CARTESIAN_POINT('',(109.938560818129,55.,-48.915111459335));
#17651=CARTESIAN_POINT('',(139.993826582282,55.,-48.9510875109728));
#17652=CARTESIAN_POINT('',(112.944778441379,55.,-43.7225537464482));
#17653=CARTESIAN_POINT('',(110.073093318558,55.,-48.6827371404113));
#17654=CARTESIAN_POINT('',(128.555723855237,55.,-70.8364046409187));
#17655=CARTESIAN_POINT('',(123.284333696361,55.,-74.5228140589657));
#17656=CARTESIAN_POINT('',(117.284337994759,55.,-74.5156320843699));
#17657=CARTESIAN_POINT('',(143.651398586687,55.,-74.5471933668699));
#17658=CARTESIAN_POINT('',(114.278120371509,55.,-79.7081897972566));
#17659=CARTESIAN_POINT('',(119.040941017436,55.,-71.4814995906546));
#17660=CARTESIAN_POINT('',(117.27189844986,55.,-84.9079294847392));
#17661=CARTESIAN_POINT('',(124.936538968797,55.,-98.2202507235085));
#17662=CARTESIAN_POINT('',(123.271894151462,55.,-84.915111459335));
#17663=CARTESIAN_POINT('',(146.638956892589,55.,-84.9430817545371));
#17664=CARTESIAN_POINT('',(126.278111774712,55.,-79.7225537464482));
#17665=CARTESIAN_POINT('',(129.537823609015,55.,-74.0921423962896));
#17666=CARTESIAN_POINT('',(132.445863254473,55.,-90.4350051414763));
#17667=CARTESIAN_POINT('',(123.284333696361,55.,-26.5228140589657));
#17668=CARTESIAN_POINT('',(117.284337994759,55.,-26.5156320843699));
#17669=CARTESIAN_POINT('',(143.680126464489,55.,-26.5472277540426));
#17670=CARTESIAN_POINT('',(114.278120371509,55.,-31.7081897972566));
#17671=CARTESIAN_POINT('',(108.634302013287,55.,-41.4566033250944));
#17672=CARTESIAN_POINT('',(117.27189844986,55.,-36.9079294847392));
#17673=CARTESIAN_POINT('',(135.314450095144,55.,-68.2451126018959));
#17674=CARTESIAN_POINT('',(123.271894151462,55.,-36.915111459335));
#17675=CARTESIAN_POINT('',(146.667684770392,55.,-36.9431161417098));
#17676=CARTESIAN_POINT('',(126.278111774712,55.,-31.7225537464482));
#17677=CARTESIAN_POINT('',(119.131184604865,55.,-44.0672461307294));
#17678=CARTESIAN_POINT('',(142.82377438082,55.,-60.4598670198636));
#17679=CARTESIAN_POINT('',(136.617667029694,55.,-38.5228140589657));
#17680=CARTESIAN_POINT('',(130.617671328092,55.,-38.5156320843699));
#17681=CARTESIAN_POINT('',(150.339620713698,55.,-38.5392391911931));
#17682=CARTESIAN_POINT('',(127.611453704842,55.,-43.7081897972566));
#17683=CARTESIAN_POINT('',(122.895712801669,55.,-51.8535604481926));
#17684=CARTESIAN_POINT('',(130.605231783194,55.,-48.9079294847392));
#17685=CARTESIAN_POINT('',(144.393545057554,55.,-72.8561440416472));
#17686=CARTESIAN_POINT('',(136.605227484796,55.,-48.915111459335));
#17687=CARTESIAN_POINT('',(153.3271790196,55.,-48.9351275788604));
#17688=CARTESIAN_POINT('',(139.611445108046,55.,-43.7225537464482));
#17689=CARTESIAN_POINT('',(133.392595393247,55.,-54.4642032538276));
#17690=CARTESIAN_POINT('',(151.90286934323,55.,-65.0708984596149));
#17691=CARTESIAN_POINT('',(149.951000363027,55.,-74.5228140589657));
#17692=CARTESIAN_POINT('',(143.951004661426,55.,-74.5156320843699));
#17693=CARTESIAN_POINT('',(156.984751024005,55.,-74.5312334347574));
#17694=CARTESIAN_POINT('',(140.944787038175,55.,-79.7081897972566));
#17695=CARTESIAN_POINT('',(142.360443092125,55.,-77.2629657040709));
#17696=CARTESIAN_POINT('',(143.938565116527,55.,-84.9079294847392));
#17697=CARTESIAN_POINT('',(148.28368445679,55.,-92.4547445422047));
#17698=CARTESIAN_POINT('',(149.938560818129,55.,-84.915111459335));
#17699=CARTESIAN_POINT('',(159.972309329907,55.,-84.9271218224246));
#17700=CARTESIAN_POINT('',(152.944778441379,55.,-79.7225537464482));
#17701=CARTESIAN_POINT('',(152.857325683704,55.,-79.8736085097059));
#17702=CARTESIAN_POINT('',(155.793008742466,55.,-84.6694989601724));
#17703=CARTESIAN_POINT('',(149.951000363027,55.,-14.5228140589657));
#17704=CARTESIAN_POINT('',(143.951004661426,55.,-14.5156320843699));
#17705=CARTESIAN_POINT('',(157.020660871258,55.,-14.5312764187233));
#17706=CARTESIAN_POINT('',(140.944787038175,55.,-19.7081897972566));
#17707=CARTESIAN_POINT('',(129.352144336938,55.,-39.7318453721207));
#17708=CARTESIAN_POINT('',(143.938565116527,55.,-24.9079294847392));
#17709=CARTESIAN_POINT('',(161.256073364724,55.,-54.9858218901889));
#17710=CARTESIAN_POINT('',(149.938560818129,55.,-24.915111459335));
#17711=CARTESIAN_POINT('',(160.008219177161,55.,-24.9271648063905));
#17712=CARTESIAN_POINT('',(152.944778441379,55.,-19.7225537464482));
#17713=CARTESIAN_POINT('',(139.849026928517,55.,-42.3424881777557));
#17714=CARTESIAN_POINT('',(168.7653976504,55.,-47.2005763081567));
#17715=CARTESIAN_POINT('',(163.284333696361,55.,-38.5228140589657));
#17716=CARTESIAN_POINT('',(157.284337994759,55.,-38.5156320843699));
#17717=CARTESIAN_POINT('',(163.672973151016,55.,-38.5232792590806));
#17718=CARTESIAN_POINT('',(154.278120371509,55.,-43.7081897972566));
#17719=CARTESIAN_POINT('',(146.215214876357,55.,-57.6350265616089));
#17720=CARTESIAN_POINT('',(157.27189844986,55.,-48.9079294847392));
#17721=CARTESIAN_POINT('',(167.740690545547,55.,-67.0906378603433));
#17722=CARTESIAN_POINT('',(163.271894151462,55.,-48.915111459335));
#17723=CARTESIAN_POINT('',(166.660531456918,55.,-48.9191676467479));
#17724=CARTESIAN_POINT('',(166.278111774712,55.,-43.7225537464482));
#17725=CARTESIAN_POINT('',(156.712097467936,55.,-60.245669367244));
#17726=CARTESIAN_POINT('',(175.250014831223,55.,-59.3053922783111));
#17727=CARTESIAN_POINT('',(163.284333696361,55.,-62.5228140589657));
#17728=CARTESIAN_POINT('',(157.284337994759,55.,-62.5156320843699));
#17729=CARTESIAN_POINT('',(163.658609212115,55.,-62.5232620654943));
#17730=CARTESIAN_POINT('',(154.278120371509,55.,-67.7081897972566));
#17731=CARTESIAN_POINT('',(151.418534378432,55.,-72.647474694389));
#17732=CARTESIAN_POINT('',(157.27189844986,55.,-72.9079294847392));
#17733=CARTESIAN_POINT('',(162.551734982373,55.,-82.0782069211496));
#17734=CARTESIAN_POINT('',(163.271894151462,55.,-72.915111459335));
#17735=CARTESIAN_POINT('',(166.646167518017,55.,-72.9191504531615));
#17736=CARTESIAN_POINT('',(166.278111774712,55.,-67.7225537464482));
#17737=CARTESIAN_POINT('',(161.915416970011,55.,-75.2581175000241));
#17738=CARTESIAN_POINT('',(170.06105926805,55.,-74.2929613391174));
#17739=CARTESIAN_POINT('',(163.284333696361,55.,-14.5228140589657));
#17740=CARTESIAN_POINT('',(157.284337994759,55.,-14.5156320843699));
#17741=CARTESIAN_POINT('',(163.687337089917,55.,-14.523296452667));
#17742=CARTESIAN_POINT('',(154.278120371509,55.,-19.7081897972566));
#17743=CARTESIAN_POINT('',(141.011895374283,55.,-42.6225784288288));
#17744=CARTESIAN_POINT('',(157.27189844986,55.,-24.9079294847392));
#17745=CARTESIAN_POINT('',(172.92964610872,55.,-52.103068799537));
#17746=CARTESIAN_POINT('',(163.271894151462,55.,-24.915111459335));
#17747=CARTESIAN_POINT('',(166.67489539582,55.,-24.9191848403342));
#17748=CARTESIAN_POINT('',(166.278111774712,55.,-19.7225537464482));
#17749=CARTESIAN_POINT('',(151.508777965861,55.,-45.2332212344639));
#17750=CARTESIAN_POINT('',(180.438970394397,55.,-44.3178232175048));
#17751=CARTESIAN_POINT('',(149.951000363027,55.,-50.5228140589657));
#17752=CARTESIAN_POINT('',(143.951004661426,55.,-50.5156320843699));
#17753=CARTESIAN_POINT('',(156.999114962906,55.,-50.5312506283437));
#17754=CARTESIAN_POINT('',(140.944787038175,55.,-55.7081897972566));
#17755=CARTESIAN_POINT('',(137.15712359005,55.,-62.2505175712908));
#17756=CARTESIAN_POINT('',(143.938565116527,55.,-60.9079294847392));
#17757=CARTESIAN_POINT('',(153.472640019964,55.,-77.4671754813984));
#17758=CARTESIAN_POINT('',(149.938560818129,55.,-60.915111459335));
#17759=CARTESIAN_POINT('',(159.986673268809,55.,-60.9271390160109));
#17760=CARTESIAN_POINT('',(152.944778441379,55.,-55.7225537464482));
#17761=CARTESIAN_POINT('',(147.654006181629,55.,-64.8611603769258));
#17762=CARTESIAN_POINT('',(160.98196430564,55.,-69.6819298993661));
#17763=CARTESIAN_POINT('',(136.617667029694,55.,-62.5228140589657));
#17764=CARTESIAN_POINT('',(130.617671328092,55.,-62.5156320843699));
#17765=CARTESIAN_POINT('',(150.325256774797,55.,-62.5392219976068));
#17766=CARTESIAN_POINT('',(127.611453704842,55.,-67.7081897972566));
#17767=CARTESIAN_POINT('',(128.099032303743,55.,-66.8660085809727));
#17768=CARTESIAN_POINT('',(130.605231783194,55.,-72.9079294847392));
#17769=CARTESIAN_POINT('',(139.20458949438,55.,-87.8437131024535));
#17770=CARTESIAN_POINT('',(136.605227484796,55.,-72.915111459335));
#17771=CARTESIAN_POINT('',(153.312815080699,55.,-72.935110385274));
#17772=CARTESIAN_POINT('',(139.611445108046,55.,-67.7225537464482));
#17773=CARTESIAN_POINT('',(138.595914895322,55.,-69.4766513866077));
#17774=CARTESIAN_POINT('',(146.713913780057,55.,-80.0584675204212));
#17775=CARTESIAN_POINT('',(136.617667029694,55.,-14.5228140589657));
#17776=CARTESIAN_POINT('',(130.617671328092,55.,-14.5156320843699));
#17777=CARTESIAN_POINT('',(150.353984652599,55.,-14.5392563847795));
#17778=CARTESIAN_POINT('',(127.611453704842,55.,-19.7081897972566));
#17779=CARTESIAN_POINT('',(117.692393299594,55.,-36.8411123154125));
#17780=CARTESIAN_POINT('',(130.605231783194,55.,-24.9079294847392));
#17781=CARTESIAN_POINT('',(149.582500620727,55.,-57.8685749808409));
#17782=CARTESIAN_POINT('',(136.605227484796,55.,-24.915111459335));
#17783=CARTESIAN_POINT('',(153.341542958501,55.,-24.9351447724467));
#17784=CARTESIAN_POINT('',(139.611445108046,55.,-19.7225537464482));
#17785=CARTESIAN_POINT('',(128.189275891172,55.,-39.4517551210475));
#17786=CARTESIAN_POINT('',(157.091824906404,55.,-50.0833293988086));
#17787=CARTESIAN_POINT('',(123.284333696361,55.,-50.5228140589657));
#17788=CARTESIAN_POINT('',(117.284337994759,55.,-50.5156320843699));
#17789=CARTESIAN_POINT('',(143.665762525588,55.,-50.5472105604562));
#17790=CARTESIAN_POINT('',(114.278120371509,55.,-55.7081897972566));
#17791=CARTESIAN_POINT('',(113.837621515361,55.,-56.4690514578745));
#17792=CARTESIAN_POINT('',(117.27189844986,55.,-60.9079294847392));
#17793=CARTESIAN_POINT('',(130.125494531971,55.,-83.2326816627022));
#17794=CARTESIAN_POINT('',(123.271894151462,55.,-60.915111459335));
#17795=CARTESIAN_POINT('',(146.65332083149,55.,-60.9430989481234));
#17796=CARTESIAN_POINT('',(126.278111774712,55.,-55.7225537464482));
#17797=CARTESIAN_POINT('',(124.33450410694,55.,-59.0796942635095));
#17798=CARTESIAN_POINT('',(137.634818817647,55.,-75.4474360806699));
#17799=CARTESIAN_POINT('',(109.951000363027,55.,-62.5228140589657));
#17800=CARTESIAN_POINT('',(103.951004661426,55.,-62.5156320843699));
#17801=CARTESIAN_POINT('',(136.991904337478,55.,-62.5551819297193));
#17802=CARTESIAN_POINT('',(100.944787038175,55.,-67.7081897972566));
#17803=CARTESIAN_POINT('',(104.779530229054,55.,-61.0845424675564));
#17804=CARTESIAN_POINT('',(103.938565116527,55.,-72.9079294847392));
#17805=CARTESIAN_POINT('',(115.857444006387,55.,-93.6092192837573));
#17806=CARTESIAN_POINT('',(109.938560818129,55.,-72.915111459335));
#17807=CARTESIAN_POINT('',(139.979462643381,55.,-72.9510703173865));
#17808=CARTESIAN_POINT('',(112.944778441379,55.,-67.7225537464482));
#17809=CARTESIAN_POINT('',(115.276412820633,55.,-63.6951852731914));
#17810=CARTESIAN_POINT('',(123.366768292064,55.,-85.823973701725));
#17811=CARTESIAN_POINT('',(109.951000363027,55.,-14.5228140589657));
#17812=CARTESIAN_POINT('',(103.951004661426,55.,-14.5156320843699));
#17813=CARTESIAN_POINT('',(137.020632215281,55.,-14.555216316892));
#17814=CARTESIAN_POINT('',(100.944787038175,55.,-19.7081897972566));
#17815=CARTESIAN_POINT('',(94.3728912249051,55.,-31.0596462019962));
#17816=CARTESIAN_POINT('',(103.938565116527,55.,-24.9079294847392));
#17817=CARTESIAN_POINT('',(126.235355132734,55.,-63.6340811621447));
#17818=CARTESIAN_POINT('',(109.938560818129,55.,-24.915111459335));
#17819=CARTESIAN_POINT('',(140.008190521183,55.,-24.9511047045592));
#17820=CARTESIAN_POINT('',(112.944778441379,55.,-19.7225537464482));
#17821=CARTESIAN_POINT('',(104.869773816484,55.,-33.6702890076312));
#17822=CARTESIAN_POINT('',(133.744679418411,55.,-55.8488355801124));
#17823=CARTESIAN_POINT('',(96.6176670296941,55.,-50.5228140589657));
#17824=CARTESIAN_POINT('',(90.6176713280922,55.,-50.5156320843699));
#17825=CARTESIAN_POINT('',(130.33241008827,55.,-50.5631704925687));
#17826=CARTESIAN_POINT('',(87.611453704842,55.,-55.7081897972566));
#17827=CARTESIAN_POINT('',(90.5181194406727,55.,-50.6875853444582));
#17828=CARTESIAN_POINT('',(90.6052317831937,55.,-60.9079294847392));
#17829=CARTESIAN_POINT('',(106.778349043978,55.,-88.998187844006));
#17830=CARTESIAN_POINT('',(96.6052274847955,55.,-60.915111459335));
#17831=CARTESIAN_POINT('',(133.319968394172,55.,-60.959058880236));
#17832=CARTESIAN_POINT('',(99.6114451080458,55.,-55.7225537464482));
#17833=CARTESIAN_POINT('',(101.015002032251,55.,-53.2982281500932));
#17834=CARTESIAN_POINT('',(114.287673329654,55.,-81.2129422619738));
#17835=CARTESIAN_POINT('',(83.2843336963608,55.,-62.5228140589657));
#17836=CARTESIAN_POINT('',(77.2843379947589,55.,-62.5156320843699));
#17837=CARTESIAN_POINT('',(123.65855190016,55.,-62.5711418618318));
#17838=CARTESIAN_POINT('',(74.2781203715087,55.,-67.7081897972566));
#17839=CARTESIAN_POINT('',(81.4600281543656,55.,-55.3030763541401));
#17840=CARTESIAN_POINT('',(77.2718984498603,55.,-72.9079294847392));
#17841=CARTESIAN_POINT('',(92.5102985183943,55.,-99.374725465061));
#17842=CARTESIAN_POINT('',(83.2718941514622,55.,-72.915111459335));
#17843=CARTESIAN_POINT('',(126.646110206063,55.,-72.967030249499));
#17844=CARTESIAN_POINT('',(86.2781117747124,55.,-67.7225537464482));
#17845=CARTESIAN_POINT('',(91.9569107459443,55.,-57.9137191597751));
#17846=CARTESIAN_POINT('',(100.019622804071,55.,-91.5894798830288));
#17847=CARTESIAN_POINT('',(83.2843336963608,55.,-14.5228140589657));
#17848=CARTESIAN_POINT('',(77.2843379947589,55.,-14.5156320843699));
#17849=CARTESIAN_POINT('',(123.687279777963,55.,-14.5711762490045));
#17850=CARTESIAN_POINT('',(74.2781203715087,55.,-19.7081897972566));
#17851=CARTESIAN_POINT('',(71.0533891502162,55.,-25.27818008858));
#17852=CARTESIAN_POINT('',(77.2718984498603,55.,-24.9079294847392));
#17853=CARTESIAN_POINT('',(102.888209644741,55.,-69.3995873434485));
#17854=CARTESIAN_POINT('',(83.2718941514622,55.,-24.915111459335));
#17855=CARTESIAN_POINT('',(126.674838083865,55.,-24.9670646366718));
#17856=CARTESIAN_POINT('',(86.2781117747124,55.,-19.7225537464482));
#17857=CARTESIAN_POINT('',(81.5502717417949,55.,-27.8888228942149));
#17858=CARTESIAN_POINT('',(110.397533930418,55.,-61.6143417614162));
#17859=CARTESIAN_POINT('',(69.9510003630274,55.,-50.5228140589657));
#17860=CARTESIAN_POINT('',(63.9510046614256,55.,-50.5156320843699));
#17861=CARTESIAN_POINT('',(116.999057650952,55.,-50.5791304246812));
#17862=CARTESIAN_POINT('',(60.9447870381754,55.,-55.7081897972566));
#17863=CARTESIAN_POINT('',(67.1986173659839,55.,-44.9061192310419));
#17864=CARTESIAN_POINT('',(63.938565116527,55.,-60.9079294847392));
#17865=CARTESIAN_POINT('',(83.4312035559845,55.,-94.7636940253098));
#17866=CARTESIAN_POINT('',(69.9385608181289,55.,-60.915111459335));
#17867=CARTESIAN_POINT('',(119.986615956854,55.,-60.9750188123485));
#17868=CARTESIAN_POINT('',(72.9447784413791,55.,-55.7225537464482));
#17869=CARTESIAN_POINT('',(77.6954999575625,55.,-47.5167620366769));
#17870=CARTESIAN_POINT('',(90.9405278416609,55.,-86.9784484432776));
#17871=CARTESIAN_POINT('',(56.6176670296941,55.,-62.5228140589657));
#17872=CARTESIAN_POINT('',(50.6176713280922,55.,-62.5156320843699));
#17873=CARTESIAN_POINT('',(110.325199462842,55.,-62.5871017939443));
#17874=CARTESIAN_POINT('',(47.611453704842,55.,-67.7081897972566));
#17875=CARTESIAN_POINT('',(58.1405260796768,55.,-49.5216102407238));
#17876=CARTESIAN_POINT('',(50.6052317831937,55.,-72.9079294847392));
#17877=CARTESIAN_POINT('',(69.1631530304012,55.,-105.140231646365));
#17878=CARTESIAN_POINT('',(56.6052274847955,55.,-72.915111459335));
#17879=CARTESIAN_POINT('',(113.312757768744,55.,-72.9829901816115));
#17880=CARTESIAN_POINT('',(59.6114451080458,55.,-67.7225537464482));
#17881=CARTESIAN_POINT('',(68.6374086712554,55.,-52.1322530463588));
#17882=CARTESIAN_POINT('',(76.6724773160777,55.,-97.3549860643327));
#17883=CARTESIAN_POINT('',(56.6176670296941,55.,-14.5228140589657));
#17884=CARTESIAN_POINT('',(50.6176713280922,55.,-14.5156320843699));
#17885=CARTESIAN_POINT('',(110.353927340645,55.,-14.587136181117));
#17886=CARTESIAN_POINT('',(47.611453704842,55.,-19.7081897972566));
#17887=CARTESIAN_POINT('',(47.7338870755274,55.,-19.4967139751637));
#17888=CARTESIAN_POINT('',(50.6052317831937,55.,-24.9079294847392));
#17889=CARTESIAN_POINT('',(79.5410641567481,55.,-75.1650935247523));
#17890=CARTESIAN_POINT('',(56.6052274847955,55.,-24.915111459335));
#17891=CARTESIAN_POINT('',(113.341485646547,55.,-24.9830245687843));
#17892=CARTESIAN_POINT('',(59.6114451080458,55.,-19.7225537464482));
#17893=CARTESIAN_POINT('',(58.230769667106,55.,-22.1073567807986));
#17894=CARTESIAN_POINT('',(87.0503884424245,55.,-67.3798479427201));
#17895=CARTESIAN_POINT('',(43.2843336963608,55.,-50.5228140589657));
#17896=CARTESIAN_POINT('',(37.2843379947589,55.,-50.5156320843699));
#17897=CARTESIAN_POINT('',(103.665705213634,55.,-50.5950903567938));
#17898=CARTESIAN_POINT('',(34.2781203715087,55.,-55.7081897972566));
#17899=CARTESIAN_POINT('',(43.879115291295,55.,-39.1246531176256));
#17900=CARTESIAN_POINT('',(37.2718984498603,55.,-60.9079294847392));
#17901=CARTESIAN_POINT('',(60.0840580679914,55.,-100.529200206614));
#17902=CARTESIAN_POINT('',(43.2718941514622,55.,-60.915111459335));
#17903=CARTESIAN_POINT('',(106.653263519536,55.,-60.990978744461));
#17904=CARTESIAN_POINT('',(46.2781117747124,55.,-55.7225537464482));
#17905=CARTESIAN_POINT('',(54.3759978828737,55.,-41.7352959232605));
#17906=CARTESIAN_POINT('',(67.593382353668,55.,-92.7439546245814));
#17907=CARTESIAN_POINT('',(29.9510003630275,55.,-62.5228140589657));
#17908=CARTESIAN_POINT('',(23.9510046614256,55.,-62.5156320843699));
#17909=CARTESIAN_POINT('',(96.9918470255238,55.,-62.6030617260568));
#17910=CARTESIAN_POINT('',(20.9447870381754,55.,-67.7081897972566));
#17911=CARTESIAN_POINT('',(34.821024004988,55.,-43.7401441273075));
#17912=CARTESIAN_POINT('',(23.938565116527,55.,-72.9079294847392));
#17913=CARTESIAN_POINT('',(45.8160075424083,55.,-110.905737827669));
#17914=CARTESIAN_POINT('',(29.9385608181289,55.,-72.915111459335));
#17915=CARTESIAN_POINT('',(99.9794053314262,55.,-72.998950113724));
#17916=CARTESIAN_POINT('',(32.9447784413791,55.,-67.7225537464482));
#17917=CARTESIAN_POINT('',(45.3179065965666,55.,-46.3507869329425));
#17918=CARTESIAN_POINT('',(53.3253318280846,55.,-103.120492245636));
#17919=CARTESIAN_POINT('',(29.9510003630275,55.,-14.5228140589657));
#17920=CARTESIAN_POINT('',(23.9510046614256,55.,-14.5156320843699));
#17921=CARTESIAN_POINT('',(97.0205749033263,55.,-14.6030961132296));
#17922=CARTESIAN_POINT('',(20.9447870381754,55.,-19.7081897972566));
#17923=CARTESIAN_POINT('',(24.4143850008386,55.,-13.7152478617473));
#17924=CARTESIAN_POINT('',(23.938565116527,55.,-24.9079294847392));
#17925=CARTESIAN_POINT('',(56.1939186687551,55.,-80.9305997060561));
#17926=CARTESIAN_POINT('',(29.9385608181289,55.,-24.915111459335));
#17927=CARTESIAN_POINT('',(100.008133209229,55.,-24.9989845008968));
#17928=CARTESIAN_POINT('',(32.9447784413791,55.,-19.7225537464482));
#17929=CARTESIAN_POINT('',(34.9112675924172,55.,-16.3258906673823));
#17930=CARTESIAN_POINT('',(63.7032429544315,55.,-73.1453541240239));
#17931=CARTESIAN_POINT('',(16.6176670296941,55.,-50.5228140589657));
#17932=CARTESIAN_POINT('',(10.6176713280922,55.,-50.5156320843699));
#17933=CARTESIAN_POINT('',(90.3323527763154,55.,-50.6110502889063));
#17934=CARTESIAN_POINT('',(7.61145370484202,55.,-55.7081897972566));
#17935=CARTESIAN_POINT('',(20.5596132166063,55.,-33.3431870042093));
#17936=CARTESIAN_POINT('',(10.6052317831937,55.,-60.9079294847392));
#17937=CARTESIAN_POINT('',(36.7369125799984,55.,-106.294706387917));
#17938=CARTESIAN_POINT('',(16.6052274847955,55.,-60.915111459335));
#17939=CARTESIAN_POINT('',(93.3199110822177,55.,-61.0069386765735));
#17940=CARTESIAN_POINT('',(19.6114451080458,55.,-55.7225537464482));
#17941=CARTESIAN_POINT('',(31.0564958081849,55.,-35.9538298098443));
#17942=CARTESIAN_POINT('',(44.2462368656749,55.,-98.5094608058852));
#17943=CARTESIAN_POINT('',(3.28433369636079,55.,-62.5228140589657));
#17944=CARTESIAN_POINT('',(-2.71566200524108,55.,-62.5156320843699));
#17945=CARTESIAN_POINT('',(83.6584945882056,55.,-62.6190216581693));
#17946=CARTESIAN_POINT('',(-5.72187962849131,55.,-67.7081897972566));
#17947=CARTESIAN_POINT('',(11.5015219302992,55.,-37.9586780138912));
#17948=CARTESIAN_POINT('',(-2.72810155013967,55.,-72.9079294847392));
#17949=CARTESIAN_POINT('',(22.4688620544152,55.,-116.671244008972));
#17950=CARTESIAN_POINT('',(3.27189415146221,55.,-72.915111459335));
#17951=CARTESIAN_POINT('',(86.646052894108,55.,-73.0149100458366));
#17952=CARTESIAN_POINT('',(6.27811177471244,55.,-67.7225537464482));
#17953=CARTESIAN_POINT('',(21.9984045218778,55.,-40.5693208195262));
#17954=CARTESIAN_POINT('',(29.9781863400917,55.,-108.88599842694));
#17955=CARTESIAN_POINT('',(6.27811177471244,55.,-19.7225537464482));
#17956=CARTESIAN_POINT('',(3.28433369636079,55.,-14.5228140589657));
#17957=CARTESIAN_POINT('',(40.3560974664386,55.,-78.9108603053277));
#17958=CARTESIAN_POINT('',(-2.71566200524108,55.,-14.5156320843699));
#17959=CARTESIAN_POINT('',(83.6872224660082,55.,-14.6190560453421));
#17960=CARTESIAN_POINT('',(-5.72187962849131,55.,-19.7081897972566));
#17961=CARTESIAN_POINT('',(1.09488292614982,55.,-7.933781748331));
#17962=CARTESIAN_POINT('',(-2.72810155013967,55.,-24.9079294847392));
#17963=CARTESIAN_POINT('',(32.846773180762,55.,-86.6961058873599));
#17964=CARTESIAN_POINT('',(3.27189415146221,55.,-24.915111459335));
#17965=CARTESIAN_POINT('',(86.6747807719105,55.,-25.0149444330093));
#17966=CARTESIAN_POINT('',(11.5917655177284,55.,-10.544424553966));
#17967=CARTESIAN_POINT('',(3.28433369636079,55.,-50.5228140589657));
#17968=CARTESIAN_POINT('',(-2.71566200524108,55.,-50.5156320843699));
#17969=CARTESIAN_POINT('',(83.6656765576563,55.,-50.6190302549625));
#17970=CARTESIAN_POINT('',(-5.72187962849131,55.,-55.7081897972566));
#17971=CARTESIAN_POINT('',(8.89986217926186,55.,-30.4524539475011));
#17972=CARTESIAN_POINT('',(-2.72810155013967,55.,-60.9079294847392));
#17973=CARTESIAN_POINT('',(25.0633398360019,55.,-109.177459478569));
#17974=CARTESIAN_POINT('',(3.27189415146221,55.,-60.915111459335));
#17975=CARTESIAN_POINT('',(86.6532348635586,55.,-61.0149186426297));
#17976=CARTESIAN_POINT('',(6.27811177471244,55.,-55.7225537464482));
#17977=CARTESIAN_POINT('',(19.3967447708405,55.,-33.0630967531361));
#17978=CARTESIAN_POINT('',(32.5726641216784,55.,-101.392213896537));
#17979=CARTESIAN_POINT('',(16.6176670296941,55.,-62.5228140589657));
#17980=CARTESIAN_POINT('',(10.6176713280922,55.,-62.5156320843699));
#17981=CARTESIAN_POINT('',(90.3251708068647,55.,-62.6110416921131));
#17982=CARTESIAN_POINT('',(7.61145370484202,55.,-67.7081897972566));
#17983=CARTESIAN_POINT('',(23.1612729676436,55.,-40.8494110705993));
#17984=CARTESIAN_POINT('',(10.6052317831937,55.,-72.9079294847392));
#17985=CARTESIAN_POINT('',(34.1424347984117,55.,-113.788490918321));
#17986=CARTESIAN_POINT('',(16.6052274847955,55.,-72.915111459335));
#17987=CARTESIAN_POINT('',(93.3127291127671,55.,-73.0069300797803));
#17988=CARTESIAN_POINT('',(19.6114451080458,55.,-67.7225537464482));
#17989=CARTESIAN_POINT('',(33.6581555592222,55.,-43.4600538762343));
#17990=CARTESIAN_POINT('',(41.6517590840882,55.,-106.003245336288));
#17991=CARTESIAN_POINT('',(16.6176670296941,55.,-14.5228140589657));
#17992=CARTESIAN_POINT('',(10.6176713280922,55.,-14.5156320843699));
#17993=CARTESIAN_POINT('',(90.3538986846673,55.,-14.6110760792858));
#17994=CARTESIAN_POINT('',(7.61145370484202,55.,-19.7081897972566));
#17995=CARTESIAN_POINT('',(12.7546339634942,55.,-10.8245148050392));
#17996=CARTESIAN_POINT('',(10.6052317831937,55.,-24.9079294847392));
#17997=CARTESIAN_POINT('',(44.5203459247586,55.,-83.813352796708));
#17998=CARTESIAN_POINT('',(16.6052274847955,55.,-24.915111459335));
#17999=CARTESIAN_POINT('',(93.3414569905696,55.,-25.006964466953));
#18000=CARTESIAN_POINT('',(19.6114451080458,55.,-19.7225537464482));
#18001=CARTESIAN_POINT('',(23.2515165550728,55.,-13.4351576106741));
#18002=CARTESIAN_POINT('',(52.0296702104351,55.,-76.0281072146758));
#18003=CARTESIAN_POINT('',(29.9510003630275,55.,-50.5228140589657));
#18004=CARTESIAN_POINT('',(23.9510046614256,55.,-50.5156320843699));
#18005=CARTESIAN_POINT('',(96.9990289949745,55.,-50.60307032285));
#18006=CARTESIAN_POINT('',(20.9447870381754,55.,-55.7081897972566));
#18007=CARTESIAN_POINT('',(32.2193642539507,55.,-36.2339200609174));
#18008=CARTESIAN_POINT('',(23.938565116527,55.,-60.9079294847392));
#18009=CARTESIAN_POINT('',(48.410485323995,55.,-103.411953297266));
#18010=CARTESIAN_POINT('',(29.9385608181289,55.,-60.915111459335));
#18011=CARTESIAN_POINT('',(99.9865873008768,55.,-60.9989587105172));
#18012=CARTESIAN_POINT('',(32.9447784413791,55.,-55.7225537464482));
#18013=CARTESIAN_POINT('',(42.7162468455292,55.,-38.8445628665524));
#18014=CARTESIAN_POINT('',(55.9198096096714,55.,-95.6267077152333));
#18015=CARTESIAN_POINT('',(43.2843336963608,55.,-62.5228140589657));
#18016=CARTESIAN_POINT('',(37.2843379947589,55.,-62.5156320843699));
#18017=CARTESIAN_POINT('',(103.658523244183,55.,-62.5950817600006));
#18018=CARTESIAN_POINT('',(34.2781203715087,55.,-67.7081897972566));
#18019=CARTESIAN_POINT('',(46.4807750423324,55.,-46.6308771840157));
#18020=CARTESIAN_POINT('',(37.2718984498603,55.,-72.9079294847392));
#18021=CARTESIAN_POINT('',(57.4895802864047,55.,-108.022984737017));
#18022=CARTESIAN_POINT('',(43.2718941514622,55.,-72.915111459335));
#18023=CARTESIAN_POINT('',(106.646081550085,55.,-72.9909701476678));
#18024=CARTESIAN_POINT('',(46.2781117747124,55.,-67.7225537464482));
#18025=CARTESIAN_POINT('',(56.9776576339111,55.,-49.2415199896506));
#18026=CARTESIAN_POINT('',(64.9989045720812,55.,-100.237739154985));
#18027=CARTESIAN_POINT('',(43.2843336963608,55.,-14.5228140589657));
#18028=CARTESIAN_POINT('',(37.2843379947589,55.,-14.5156320843699));
#18029=CARTESIAN_POINT('',(103.687251121985,55.,-14.5951161471733));
#18030=CARTESIAN_POINT('',(34.2781203715087,55.,-19.7081897972566));
#18031=CARTESIAN_POINT('',(36.074136038183,55.,-16.6059809184555));
#18032=CARTESIAN_POINT('',(37.2718984498603,55.,-24.9079294847392));
#18033=CARTESIAN_POINT('',(67.8674914127515,55.,-78.0478466154042));
#18034=CARTESIAN_POINT('',(43.2718941514622,55.,-24.915111459335));
#18035=CARTESIAN_POINT('',(106.674809427888,55.,-24.9910045348405));
#18036=CARTESIAN_POINT('',(46.2781117747124,55.,-19.7225537464482));
#18037=CARTESIAN_POINT('',(46.5710186297617,55.,-19.2166237240904));
#18038=CARTESIAN_POINT('',(75.3768156984281,55.,-70.262601033372));
#18039=CARTESIAN_POINT('',(56.6176670296941,55.,-50.5228140589657));
#18040=CARTESIAN_POINT('',(50.6176713280922,55.,-50.5156320843699));
#18041=CARTESIAN_POINT('',(110.332381432293,55.,-50.5871103907375));
#18042=CARTESIAN_POINT('',(47.611453704842,55.,-55.7081897972566));
#18043=CARTESIAN_POINT('',(55.5388663286394,55.,-42.0153861743338));
#18044=CARTESIAN_POINT('',(50.6052317831937,55.,-60.9079294847392));
#18045=CARTESIAN_POINT('',(71.7576308119879,55.,-97.6464471159617));
#18046=CARTESIAN_POINT('',(56.6052274847955,55.,-60.915111459335));
#18047=CARTESIAN_POINT('',(113.319939738195,55.,-60.9829987784047));
#18048=CARTESIAN_POINT('',(59.6114451080458,55.,-55.7225537464482));
#18049=CARTESIAN_POINT('',(66.0357489202181,55.,-44.6260289799687));
#18050=CARTESIAN_POINT('',(79.2669550976644,55.,-89.8612015339295));
#18051=CARTESIAN_POINT('',(69.9510003630274,55.,-62.5228140589657));
#18052=CARTESIAN_POINT('',(63.9510046614256,55.,-62.5156320843699));
#18053=CARTESIAN_POINT('',(116.991875681501,55.,-62.5791218278881));
#18054=CARTESIAN_POINT('',(60.9447870381754,55.,-67.7081897972566));
#18055=CARTESIAN_POINT('',(69.8002771170212,55.,-52.412343297432));
#18056=CARTESIAN_POINT('',(63.938565116527,55.,-72.9079294847392));
#18057=CARTESIAN_POINT('',(80.8367257743977,55.,-102.257478555713));
#18058=CARTESIAN_POINT('',(69.9385608181289,55.,-72.915111459335));
#18059=CARTESIAN_POINT('',(119.979433987403,55.,-72.9750102155553));
#18060=CARTESIAN_POINT('',(72.9447784413791,55.,-67.7225537464482));
#18061=CARTESIAN_POINT('',(80.2971597085998,55.,-55.0229861030669));
#18062=CARTESIAN_POINT('',(88.3460500600742,55.,-94.4722329736808));
#18063=CARTESIAN_POINT('',(69.9510003630274,55.,-14.5228140589657));
#18064=CARTESIAN_POINT('',(63.9510046614256,55.,-14.5156320843699));
#18065=CARTESIAN_POINT('',(117.020603559304,55.,-14.5791562150608));
#18066=CARTESIAN_POINT('',(60.9447870381754,55.,-19.7081897972566));
#18067=CARTESIAN_POINT('',(59.3936381128718,55.,-22.3874470318718));
#18068=CARTESIAN_POINT('',(63.938565116527,55.,-24.9079294847392));
#18069=CARTESIAN_POINT('',(91.2146369007446,55.,-72.2823404341004));
#18070=CARTESIAN_POINT('',(69.9385608181289,55.,-24.915111459335));
#18071=CARTESIAN_POINT('',(120.008161865206,55.,-24.975044602728));
#18072=CARTESIAN_POINT('',(72.9447784413791,55.,-19.7225537464482));
#18073=CARTESIAN_POINT('',(69.8905207044505,55.,-24.9980898375067));
#18074=CARTESIAN_POINT('',(98.7239611864211,55.,-64.4970948520681));
#18075=CARTESIAN_POINT('',(83.2843336963608,55.,-50.5228140589657));
#18076=CARTESIAN_POINT('',(77.2843379947589,55.,-50.5156320843699));
#18077=CARTESIAN_POINT('',(123.665733869611,55.,-50.571150458625));
#18078=CARTESIAN_POINT('',(74.2781203715087,55.,-55.7081897972566));
#18079=CARTESIAN_POINT('',(78.8583684033283,55.,-47.7968522877501));
#18080=CARTESIAN_POINT('',(77.2718984498603,55.,-60.9079294847392));
#18081=CARTESIAN_POINT('',(95.104776299981,55.,-91.8809409346579));
#18082=CARTESIAN_POINT('',(83.2718941514622,55.,-60.915111459335));
#18083=CARTESIAN_POINT('',(126.653292175513,55.,-60.9670388462922));
#18084=CARTESIAN_POINT('',(86.2781117747124,55.,-55.7225537464482));
#18085=CARTESIAN_POINT('',(89.3552509949069,55.,-50.407495093385));
#18086=CARTESIAN_POINT('',(102.614100585657,55.,-84.0956953526257));
#18087=CARTESIAN_POINT('',(96.6176670296941,55.,-62.5228140589657));
#18088=CARTESIAN_POINT('',(90.6176713280922,55.,-62.5156320843699));
#18089=CARTESIAN_POINT('',(130.325228118819,55.,-62.5631618957756));
#18090=CARTESIAN_POINT('',(87.611453704842,55.,-67.7081897972566));
#18091=CARTESIAN_POINT('',(93.1197791917101,55.,-58.1938094108482));
#18092=CARTESIAN_POINT('',(90.6052317831937,55.,-72.9079294847392));
#18093=CARTESIAN_POINT('',(104.183871262391,55.,-96.4919723744092));
#18094=CARTESIAN_POINT('',(96.6052274847955,55.,-72.915111459335));
#18095=CARTESIAN_POINT('',(133.312786424722,55.,-72.9590502834428));
#18096=CARTESIAN_POINT('',(99.6114451080458,55.,-67.7225537464482));
#18097=CARTESIAN_POINT('',(103.616661783289,55.,-60.8044522164832));
#18098=CARTESIAN_POINT('',(111.693195548067,55.,-88.7067267923769));
#18099=CARTESIAN_POINT('',(96.6176670296941,55.,-14.5228140589657));
#18100=CARTESIAN_POINT('',(90.6176713280922,55.,-14.5156320843699));
#18101=CARTESIAN_POINT('',(130.353955996622,55.,-14.5631962829483));
#18102=CARTESIAN_POINT('',(87.611453704842,55.,-19.7081897972566));
#18103=CARTESIAN_POINT('',(82.7131401875607,55.,-28.168913145288));
#18104=CARTESIAN_POINT('',(90.6052317831937,55.,-24.9079294847392));
#18105=CARTESIAN_POINT('',(114.561782388738,55.,-66.5168342527966));
#18106=CARTESIAN_POINT('',(96.6052274847955,55.,-24.915111459335));
#18107=CARTESIAN_POINT('',(133.341514302524,55.,-24.9590846706155));
#18108=CARTESIAN_POINT('',(99.6114451080458,55.,-19.7225537464482));
#18109=CARTESIAN_POINT('',(93.2100227791393,55.,-30.779555950923));
#18110=CARTESIAN_POINT('',(122.071106674414,55.,-58.7315886707643));
#18111=CARTESIAN_POINT('',(109.951000363027,55.,-50.5228140589657));
#18112=CARTESIAN_POINT('',(103.951004661426,55.,-50.5156320843699));
#18113=CARTESIAN_POINT('',(136.999086306929,55.,-50.5551905265125));
#18114=CARTESIAN_POINT('',(100.944787038175,55.,-55.7081897972566));
#18115=CARTESIAN_POINT('',(102.177870478017,55.,-53.5783184011663));
#18116=CARTESIAN_POINT('',(103.938565116527,55.,-60.9079294847392));
#18117=CARTESIAN_POINT('',(118.451921787974,55.,-86.1154347533541));
#18118=CARTESIAN_POINT('',(109.938560818129,55.,-60.915111459335));
#18119=CARTESIAN_POINT('',(139.986644612831,55.,-60.9510789141797));
#18120=CARTESIAN_POINT('',(112.944778441379,55.,-55.7225537464482));
#18121=CARTESIAN_POINT('',(112.674753069596,55.,-56.1889612068013));
#18122=CARTESIAN_POINT('',(125.96124607365,55.,-78.3301891713219));
#18123=CARTESIAN_POINT('',(123.284333696361,55.,-62.5228140589657));
#18124=CARTESIAN_POINT('',(117.284337994759,55.,-62.5156320843699));
#18125=CARTESIAN_POINT('',(143.658580556138,55.,-62.5472019636631));
#18126=CARTESIAN_POINT('',(114.278120371509,55.,-67.7081897972566));
#18127=CARTESIAN_POINT('',(116.439281266399,55.,-63.9752755242645));
#18128=CARTESIAN_POINT('',(117.27189844986,55.,-72.9079294847392));
#18129=CARTESIAN_POINT('',(127.531016750384,55.,-90.7264661931054));
#18130=CARTESIAN_POINT('',(123.271894151462,55.,-72.915111459335));
#18131=CARTESIAN_POINT('',(146.64613886204,55.,-72.9430903513303));
#18132=CARTESIAN_POINT('',(126.278111774712,55.,-67.7225537464482));
#18133=CARTESIAN_POINT('',(126.936163857977,55.,-66.5859183298995));
#18134=CARTESIAN_POINT('',(135.04034103606,55.,-82.9412206110731));
#18135=CARTESIAN_POINT('',(123.284333696361,55.,-14.5228140589657));
#18136=CARTESIAN_POINT('',(117.284337994759,55.,-14.5156320843699));
#18137=CARTESIAN_POINT('',(143.68730843394,55.,-14.5472363508358));
#18138=CARTESIAN_POINT('',(114.278120371509,55.,-19.7081897972566));
#18139=CARTESIAN_POINT('',(106.032642262249,55.,-33.9503792587043));
#18140=CARTESIAN_POINT('',(117.27189844986,55.,-24.9079294847392));
#18141=CARTESIAN_POINT('',(137.908927876731,55.,-60.7513280714928));
#18142=CARTESIAN_POINT('',(123.271894151462,55.,-24.915111459335));
#18143=CARTESIAN_POINT('',(146.674866739842,55.,-24.943124738503));
#18144=CARTESIAN_POINT('',(126.278111774712,55.,-19.7225537464482));
#18145=CARTESIAN_POINT('',(116.529524853828,55.,-36.5610220643394));
#18146=CARTESIAN_POINT('',(145.418252162407,55.,-52.9660824894605));
#18147=CARTESIAN_POINT('',(136.617667029694,55.,-50.5228140589657));
#18148=CARTESIAN_POINT('',(130.617671328092,55.,-50.5156320843699));
#18149=CARTESIAN_POINT('',(150.332438744247,55.,-50.5392305944));
#18150=CARTESIAN_POINT('',(127.611453704842,55.,-55.7081897972566));
#18151=CARTESIAN_POINT('',(125.497372552706,55.,-59.3597845145827));
#18152=CARTESIAN_POINT('',(130.605231783194,55.,-60.9079294847392));
#18153=CARTESIAN_POINT('',(141.799067275967,55.,-80.3499285720503));
#18154=CARTESIAN_POINT('',(136.605227484796,55.,-60.915111459335));
#18155=CARTESIAN_POINT('',(153.31999705015,55.,-60.9351189820672));
#18156=CARTESIAN_POINT('',(139.611445108046,55.,-55.7225537464482));
#18157=CARTESIAN_POINT('',(135.994255144284,55.,-61.9704273202177));
#18158=CARTESIAN_POINT('',(149.308391561643,55.,-72.564682990018));
#18159=CARTESIAN_POINT('',(149.951000363027,55.,-62.5228140589657));
#18160=CARTESIAN_POINT('',(143.951004661426,55.,-62.5156320843699));
#18161=CARTESIAN_POINT('',(156.991932993456,55.,-62.5312420315505));
#18162=CARTESIAN_POINT('',(140.944787038175,55.,-67.7081897972566));
#18163=CARTESIAN_POINT('',(139.758783341088,55.,-69.7567416376809));
#18164=CARTESIAN_POINT('',(143.938565116527,55.,-72.9079294847392));
#18165=CARTESIAN_POINT('',(150.878162238377,55.,-84.9609600118015));
#18166=CARTESIAN_POINT('',(149.938560818129,55.,-72.915111459335));
#18167=CARTESIAN_POINT('',(159.979491299358,55.,-72.9271304192177));
#18168=CARTESIAN_POINT('',(152.944778441379,55.,-67.7225537464482));
#18169=CARTESIAN_POINT('',(150.255665932666,55.,-72.3673844433159));
#18170=CARTESIAN_POINT('',(158.387486524053,55.,-77.1757144297693));
#18171=CARTESIAN_POINT('',(149.951000363027,55.,-26.5228140589657));
#18172=CARTESIAN_POINT('',(143.951004661426,55.,-26.5156320843699));
#18173=CARTESIAN_POINT('',(157.013478901808,55.,-26.5312678219301));
#18174=CARTESIAN_POINT('',(140.944787038175,55.,-31.7081897972566));
#18175=CARTESIAN_POINT('',(131.953804087976,55.,-47.2380694385107));
#18176=CARTESIAN_POINT('',(143.938565116527,55.,-36.9079294847392));
#18177=CARTESIAN_POINT('',(158.661595583137,55.,-62.4796064205921));
#18178=CARTESIAN_POINT('',(149.938560818129,55.,-36.915111459335));
#18179=CARTESIAN_POINT('',(160.00103720771,55.,-36.9271562095973));
#18180=CARTESIAN_POINT('',(152.944778441379,55.,-31.7225537464482));
#18181=CARTESIAN_POINT('',(142.450686679554,55.,-49.8487122441458));
#18182=CARTESIAN_POINT('',(166.170919868813,55.,-54.6943608385598));
#18183=CARTESIAN_POINT('',(163.284333696361,55.,-50.5228140589657));
#18184=CARTESIAN_POINT('',(157.284337994759,55.,-50.5156320843699));
#18185=CARTESIAN_POINT('',(163.665791181565,55.,-50.5232706622875));
#18186=CARTESIAN_POINT('',(154.278120371509,55.,-55.7081897972566));
#18187=CARTESIAN_POINT('',(148.816874627395,55.,-65.141250627999));
#18188=CARTESIAN_POINT('',(157.27189844986,55.,-60.9079294847392));
#18189=CARTESIAN_POINT('',(165.14621276396,55.,-74.5844223907465));
#18190=CARTESIAN_POINT('',(163.271894151462,55.,-60.915111459335));
#18191=CARTESIAN_POINT('',(166.653349487468,55.,-60.9191590499547));
#18192=CARTESIAN_POINT('',(166.278111774712,55.,-55.7225537464482));
#18193=CARTESIAN_POINT('',(159.313757218973,55.,-67.751893433634));
#18194=CARTESIAN_POINT('',(172.655537049636,55.,-66.7991768087143));
#18195=CARTESIAN_POINT('Origin',(-33.1514700532243,8.9593618628502,-21.1907316384281));
#18196=CARTESIAN_POINT('Origin',(-35.9014529409271,-0.655085293244753,-90.));
#18197=CARTESIAN_POINT('Origin',(185.864636856693,-0.526228998424045,-90.));
#18198=CARTESIAN_POINT('Origin',(172.857142857143,45.,-90.));
#18199=CARTESIAN_POINT('Origin',(163.271894151462,45.,-60.915111459335));
#18200=CARTESIAN_POINT('',(157.27189844986,45.,-60.9079294847392));
#18201=CARTESIAN_POINT('',(163.271894151462,45.,-60.915111459335));
#18202=CARTESIAN_POINT('Origin',(166.278111774712,45.,-55.7225537464482));
#18203=CARTESIAN_POINT('',(166.278111774712,45.,-55.7225537464482));
#18204=CARTESIAN_POINT('Origin',(163.284333696361,45.,-50.5228140589657));
#18205=CARTESIAN_POINT('',(163.284333696361,45.,-50.5228140589657));
#18206=CARTESIAN_POINT('Origin',(157.284337994759,45.,-50.5156320843699));
#18207=CARTESIAN_POINT('',(157.284337994759,45.,-50.5156320843699));
#18208=CARTESIAN_POINT('Origin',(154.278120371509,45.,-55.7081897972566));
#18209=CARTESIAN_POINT('',(154.278120371509,45.,-55.7081897972566));
#18210=CARTESIAN_POINT('Origin',(157.27189844986,45.,-60.9079294847392));
#18211=CARTESIAN_POINT('Origin',(149.938560818129,45.,-36.915111459335));
#18212=CARTESIAN_POINT('',(143.938565116527,45.,-36.9079294847392));
#18213=CARTESIAN_POINT('',(149.938560818129,45.,-36.915111459335));
#18214=CARTESIAN_POINT('Origin',(152.944778441379,45.,-31.7225537464482));
#18215=CARTESIAN_POINT('',(152.944778441379,45.,-31.7225537464482));
#18216=CARTESIAN_POINT('Origin',(149.951000363027,45.,-26.5228140589657));
#18217=CARTESIAN_POINT('',(149.951000363027,45.,-26.5228140589657));
#18218=CARTESIAN_POINT('Origin',(143.951004661426,45.,-26.5156320843699));
#18219=CARTESIAN_POINT('',(143.951004661426,45.,-26.5156320843699));
#18220=CARTESIAN_POINT('Origin',(140.944787038175,45.,-31.7081897972566));
#18221=CARTESIAN_POINT('',(140.944787038175,45.,-31.7081897972566));
#18222=CARTESIAN_POINT('Origin',(143.938565116527,45.,-36.9079294847392));
#18223=CARTESIAN_POINT('Origin',(149.938560818129,45.,-72.915111459335));
#18224=CARTESIAN_POINT('',(143.938565116527,45.,-72.9079294847392));
#18225=CARTESIAN_POINT('',(149.938560818129,45.,-72.915111459335));
#18226=CARTESIAN_POINT('Origin',(152.944778441379,45.,-67.7225537464482));
#18227=CARTESIAN_POINT('',(152.944778441379,45.,-67.7225537464482));
#18228=CARTESIAN_POINT('Origin',(149.951000363027,45.,-62.5228140589657));
#18229=CARTESIAN_POINT('',(149.951000363027,45.,-62.5228140589657));
#18230=CARTESIAN_POINT('Origin',(143.951004661426,45.,-62.5156320843699));
#18231=CARTESIAN_POINT('',(143.951004661426,45.,-62.5156320843699));
#18232=CARTESIAN_POINT('Origin',(140.944787038175,45.,-67.7081897972566));
#18233=CARTESIAN_POINT('',(140.944787038175,45.,-67.7081897972566));
#18234=CARTESIAN_POINT('Origin',(143.938565116527,45.,-72.9079294847392));
#18235=CARTESIAN_POINT('Origin',(136.605227484796,45.,-60.915111459335));
#18236=CARTESIAN_POINT('',(130.605231783194,45.,-60.9079294847392));
#18237=CARTESIAN_POINT('',(136.605227484796,45.,-60.915111459335));
#18238=CARTESIAN_POINT('Origin',(139.611445108046,45.,-55.7225537464482));
#18239=CARTESIAN_POINT('',(139.611445108046,45.,-55.7225537464482));
#18240=CARTESIAN_POINT('Origin',(136.617667029694,45.,-50.5228140589657));
#18241=CARTESIAN_POINT('',(136.617667029694,45.,-50.5228140589657));
#18242=CARTESIAN_POINT('Origin',(130.617671328092,45.,-50.5156320843699));
#18243=CARTESIAN_POINT('',(130.617671328092,45.,-50.5156320843699));
#18244=CARTESIAN_POINT('Origin',(127.611453704842,45.,-55.7081897972566));
#18245=CARTESIAN_POINT('',(127.611453704842,45.,-55.7081897972566));
#18246=CARTESIAN_POINT('Origin',(130.605231783194,45.,-60.9079294847392));
#18247=CARTESIAN_POINT('Origin',(123.271894151462,45.,-24.915111459335));
#18248=CARTESIAN_POINT('',(117.27189844986,45.,-24.9079294847392));
#18249=CARTESIAN_POINT('',(123.271894151462,45.,-24.915111459335));
#18250=CARTESIAN_POINT('Origin',(126.278111774712,45.,-19.7225537464482));
#18251=CARTESIAN_POINT('',(126.278111774712,45.,-19.7225537464482));
#18252=CARTESIAN_POINT('Origin',(123.284333696361,45.,-14.5228140589657));
#18253=CARTESIAN_POINT('',(123.284333696361,45.,-14.5228140589657));
#18254=CARTESIAN_POINT('Origin',(117.284337994759,45.,-14.5156320843699));
#18255=CARTESIAN_POINT('',(117.284337994759,45.,-14.5156320843699));
#18256=CARTESIAN_POINT('Origin',(114.278120371509,45.,-19.7081897972566));
#18257=CARTESIAN_POINT('',(114.278120371509,45.,-19.7081897972566));
#18258=CARTESIAN_POINT('Origin',(117.27189844986,45.,-24.9079294847392));
#18259=CARTESIAN_POINT('Origin',(123.271894151462,45.,-72.915111459335));
#18260=CARTESIAN_POINT('',(117.27189844986,45.,-72.9079294847392));
#18261=CARTESIAN_POINT('',(123.271894151462,45.,-72.915111459335));
#18262=CARTESIAN_POINT('Origin',(126.278111774712,45.,-67.7225537464482));
#18263=CARTESIAN_POINT('',(126.278111774712,45.,-67.7225537464482));
#18264=CARTESIAN_POINT('Origin',(123.284333696361,45.,-62.5228140589657));
#18265=CARTESIAN_POINT('',(123.284333696361,45.,-62.5228140589657));
#18266=CARTESIAN_POINT('Origin',(117.284337994759,45.,-62.5156320843699));
#18267=CARTESIAN_POINT('',(117.284337994759,45.,-62.5156320843699));
#18268=CARTESIAN_POINT('Origin',(114.278120371509,45.,-67.7081897972566));
#18269=CARTESIAN_POINT('',(114.278120371509,45.,-67.7081897972566));
#18270=CARTESIAN_POINT('Origin',(117.27189844986,45.,-72.9079294847392));
#18271=CARTESIAN_POINT('Origin',(109.938560818129,45.,-60.915111459335));
#18272=CARTESIAN_POINT('',(103.938565116527,45.,-60.9079294847392));
#18273=CARTESIAN_POINT('',(109.938560818129,45.,-60.915111459335));
#18274=CARTESIAN_POINT('Origin',(112.944778441379,45.,-55.7225537464482));
#18275=CARTESIAN_POINT('',(112.944778441379,45.,-55.7225537464482));
#18276=CARTESIAN_POINT('Origin',(109.951000363027,45.,-50.5228140589657));
#18277=CARTESIAN_POINT('',(109.951000363027,45.,-50.5228140589657));
#18278=CARTESIAN_POINT('Origin',(103.951004661426,45.,-50.5156320843699));
#18279=CARTESIAN_POINT('',(103.951004661426,45.,-50.5156320843699));
#18280=CARTESIAN_POINT('Origin',(100.944787038175,45.,-55.7081897972566));
#18281=CARTESIAN_POINT('',(100.944787038175,45.,-55.7081897972566));
#18282=CARTESIAN_POINT('Origin',(103.938565116527,45.,-60.9079294847392));
#18283=CARTESIAN_POINT('Origin',(96.6052274847955,45.,-24.915111459335));
#18284=CARTESIAN_POINT('',(90.6052317831937,45.,-24.9079294847392));
#18285=CARTESIAN_POINT('',(96.6052274847955,45.,-24.915111459335));
#18286=CARTESIAN_POINT('Origin',(99.6114451080458,45.,-19.7225537464482));
#18287=CARTESIAN_POINT('',(99.6114451080458,45.,-19.7225537464482));
#18288=CARTESIAN_POINT('Origin',(96.6176670296941,45.,-14.5228140589657));
#18289=CARTESIAN_POINT('',(96.6176670296941,45.,-14.5228140589657));
#18290=CARTESIAN_POINT('Origin',(90.6176713280922,45.,-14.5156320843699));
#18291=CARTESIAN_POINT('',(90.6176713280922,45.,-14.5156320843699));
#18292=CARTESIAN_POINT('Origin',(87.611453704842,45.,-19.7081897972566));
#18293=CARTESIAN_POINT('',(87.611453704842,45.,-19.7081897972566));
#18294=CARTESIAN_POINT('Origin',(90.6052317831937,45.,-24.9079294847392));
#18295=CARTESIAN_POINT('Origin',(96.6052274847955,45.,-72.915111459335));
#18296=CARTESIAN_POINT('',(90.6052317831937,45.,-72.9079294847392));
#18297=CARTESIAN_POINT('',(96.6052274847955,45.,-72.915111459335));
#18298=CARTESIAN_POINT('Origin',(99.6114451080458,45.,-67.7225537464482));
#18299=CARTESIAN_POINT('',(99.6114451080458,45.,-67.7225537464482));
#18300=CARTESIAN_POINT('Origin',(96.6176670296941,45.,-62.5228140589657));
#18301=CARTESIAN_POINT('',(96.6176670296941,45.,-62.5228140589657));
#18302=CARTESIAN_POINT('Origin',(90.6176713280922,45.,-62.5156320843699));
#18303=CARTESIAN_POINT('',(90.6176713280922,45.,-62.5156320843699));
#18304=CARTESIAN_POINT('Origin',(87.611453704842,45.,-67.7081897972566));
#18305=CARTESIAN_POINT('',(87.611453704842,45.,-67.7081897972566));
#18306=CARTESIAN_POINT('Origin',(90.6052317831937,45.,-72.9079294847392));
#18307=CARTESIAN_POINT('Origin',(83.2718941514622,45.,-60.915111459335));
#18308=CARTESIAN_POINT('',(77.2718984498603,45.,-60.9079294847392));
#18309=CARTESIAN_POINT('',(83.2718941514622,45.,-60.915111459335));
#18310=CARTESIAN_POINT('Origin',(86.2781117747124,45.,-55.7225537464482));
#18311=CARTESIAN_POINT('',(86.2781117747124,45.,-55.7225537464482));
#18312=CARTESIAN_POINT('Origin',(83.2843336963608,45.,-50.5228140589657));
#18313=CARTESIAN_POINT('',(83.2843336963608,45.,-50.5228140589657));
#18314=CARTESIAN_POINT('Origin',(77.2843379947589,45.,-50.5156320843699));
#18315=CARTESIAN_POINT('',(77.2843379947589,45.,-50.5156320843699));
#18316=CARTESIAN_POINT('Origin',(74.2781203715087,45.,-55.7081897972566));
#18317=CARTESIAN_POINT('',(74.2781203715087,45.,-55.7081897972566));
#18318=CARTESIAN_POINT('Origin',(77.2718984498603,45.,-60.9079294847392));
#18319=CARTESIAN_POINT('Origin',(69.9385608181289,45.,-24.915111459335));
#18320=CARTESIAN_POINT('',(63.938565116527,45.,-24.9079294847392));
#18321=CARTESIAN_POINT('',(69.9385608181289,45.,-24.915111459335));
#18322=CARTESIAN_POINT('Origin',(72.9447784413791,45.,-19.7225537464482));
#18323=CARTESIAN_POINT('',(72.9447784413791,45.,-19.7225537464482));
#18324=CARTESIAN_POINT('Origin',(69.9510003630274,45.,-14.5228140589657));
#18325=CARTESIAN_POINT('',(69.9510003630274,45.,-14.5228140589657));
#18326=CARTESIAN_POINT('Origin',(63.9510046614256,45.,-14.5156320843699));
#18327=CARTESIAN_POINT('',(63.9510046614256,45.,-14.5156320843699));
#18328=CARTESIAN_POINT('Origin',(60.9447870381754,45.,-19.7081897972566));
#18329=CARTESIAN_POINT('',(60.9447870381754,45.,-19.7081897972566));
#18330=CARTESIAN_POINT('Origin',(63.938565116527,45.,-24.9079294847392));
#18331=CARTESIAN_POINT('Origin',(69.9385608181289,45.,-72.915111459335));
#18332=CARTESIAN_POINT('',(63.938565116527,45.,-72.9079294847392));
#18333=CARTESIAN_POINT('',(69.9385608181289,45.,-72.915111459335));
#18334=CARTESIAN_POINT('Origin',(72.9447784413791,45.,-67.7225537464482));
#18335=CARTESIAN_POINT('',(72.9447784413791,45.,-67.7225537464482));
#18336=CARTESIAN_POINT('Origin',(69.9510003630274,45.,-62.5228140589657));
#18337=CARTESIAN_POINT('',(69.9510003630274,45.,-62.5228140589657));
#18338=CARTESIAN_POINT('Origin',(63.9510046614256,45.,-62.5156320843699));
#18339=CARTESIAN_POINT('',(63.9510046614256,45.,-62.5156320843699));
#18340=CARTESIAN_POINT('Origin',(60.9447870381754,45.,-67.7081897972566));
#18341=CARTESIAN_POINT('',(60.9447870381754,45.,-67.7081897972566));
#18342=CARTESIAN_POINT('Origin',(63.938565116527,45.,-72.9079294847392));
#18343=CARTESIAN_POINT('Origin',(56.6052274847955,45.,-60.915111459335));
#18344=CARTESIAN_POINT('',(50.6052317831937,45.,-60.9079294847392));
#18345=CARTESIAN_POINT('',(56.6052274847955,45.,-60.915111459335));
#18346=CARTESIAN_POINT('Origin',(59.6114451080458,45.,-55.7225537464482));
#18347=CARTESIAN_POINT('',(59.6114451080458,45.,-55.7225537464482));
#18348=CARTESIAN_POINT('Origin',(56.6176670296941,45.,-50.5228140589657));
#18349=CARTESIAN_POINT('',(56.6176670296941,45.,-50.5228140589657));
#18350=CARTESIAN_POINT('Origin',(50.6176713280922,45.,-50.5156320843699));
#18351=CARTESIAN_POINT('',(50.6176713280922,45.,-50.5156320843699));
#18352=CARTESIAN_POINT('Origin',(47.611453704842,45.,-55.7081897972566));
#18353=CARTESIAN_POINT('',(47.611453704842,45.,-55.7081897972566));
#18354=CARTESIAN_POINT('Origin',(50.6052317831937,45.,-60.9079294847392));
#18355=CARTESIAN_POINT('Origin',(43.2718941514622,45.,-24.915111459335));
#18356=CARTESIAN_POINT('',(37.2718984498603,45.,-24.9079294847392));
#18357=CARTESIAN_POINT('',(43.2718941514622,45.,-24.915111459335));
#18358=CARTESIAN_POINT('Origin',(46.2781117747124,45.,-19.7225537464482));
#18359=CARTESIAN_POINT('',(46.2781117747124,45.,-19.7225537464482));
#18360=CARTESIAN_POINT('Origin',(43.2843336963608,45.,-14.5228140589657));
#18361=CARTESIAN_POINT('',(43.2843336963608,45.,-14.5228140589657));
#18362=CARTESIAN_POINT('Origin',(37.2843379947589,45.,-14.5156320843699));
#18363=CARTESIAN_POINT('',(37.2843379947589,45.,-14.5156320843699));
#18364=CARTESIAN_POINT('Origin',(34.2781203715087,45.,-19.7081897972566));
#18365=CARTESIAN_POINT('',(34.2781203715087,45.,-19.7081897972566));
#18366=CARTESIAN_POINT('Origin',(37.2718984498603,45.,-24.9079294847392));
#18367=CARTESIAN_POINT('Origin',(43.2718941514622,45.,-72.915111459335));
#18368=CARTESIAN_POINT('',(37.2718984498603,45.,-72.9079294847392));
#18369=CARTESIAN_POINT('',(43.2718941514622,45.,-72.915111459335));
#18370=CARTESIAN_POINT('Origin',(46.2781117747124,45.,-67.7225537464482));
#18371=CARTESIAN_POINT('',(46.2781117747124,45.,-67.7225537464482));
#18372=CARTESIAN_POINT('Origin',(43.2843336963608,45.,-62.5228140589657));
#18373=CARTESIAN_POINT('',(43.2843336963608,45.,-62.5228140589657));
#18374=CARTESIAN_POINT('Origin',(37.2843379947589,45.,-62.5156320843699));
#18375=CARTESIAN_POINT('',(37.2843379947589,45.,-62.5156320843699));
#18376=CARTESIAN_POINT('Origin',(34.2781203715087,45.,-67.7081897972566));
#18377=CARTESIAN_POINT('',(34.2781203715087,45.,-67.7081897972566));
#18378=CARTESIAN_POINT('Origin',(37.2718984498603,45.,-72.9079294847392));
#18379=CARTESIAN_POINT('Origin',(29.9385608181289,45.,-60.915111459335));
#18380=CARTESIAN_POINT('',(23.938565116527,45.,-60.9079294847392));
#18381=CARTESIAN_POINT('',(29.9385608181289,45.,-60.915111459335));
#18382=CARTESIAN_POINT('Origin',(32.9447784413791,45.,-55.7225537464482));
#18383=CARTESIAN_POINT('',(32.9447784413791,45.,-55.7225537464482));
#18384=CARTESIAN_POINT('Origin',(29.9510003630275,45.,-50.5228140589657));
#18385=CARTESIAN_POINT('',(29.9510003630275,45.,-50.5228140589657));
#18386=CARTESIAN_POINT('Origin',(23.9510046614256,45.,-50.5156320843699));
#18387=CARTESIAN_POINT('',(23.9510046614256,45.,-50.5156320843699));
#18388=CARTESIAN_POINT('Origin',(20.9447870381754,45.,-55.7081897972566));
#18389=CARTESIAN_POINT('',(20.9447870381754,45.,-55.7081897972566));
#18390=CARTESIAN_POINT('Origin',(23.938565116527,45.,-60.9079294847392));
#18391=CARTESIAN_POINT('Origin',(16.6052274847955,45.,-24.915111459335));
#18392=CARTESIAN_POINT('',(10.6052317831937,45.,-24.9079294847392));
#18393=CARTESIAN_POINT('',(16.6052274847955,45.,-24.915111459335));
#18394=CARTESIAN_POINT('Origin',(19.6114451080458,45.,-19.7225537464482));
#18395=CARTESIAN_POINT('',(19.6114451080458,45.,-19.7225537464482));
#18396=CARTESIAN_POINT('Origin',(16.6176670296941,45.,-14.5228140589657));
#18397=CARTESIAN_POINT('',(16.6176670296941,45.,-14.5228140589657));
#18398=CARTESIAN_POINT('Origin',(10.6176713280922,45.,-14.5156320843699));
#18399=CARTESIAN_POINT('',(10.6176713280922,45.,-14.5156320843699));
#18400=CARTESIAN_POINT('Origin',(7.61145370484202,45.,-19.7081897972566));
#18401=CARTESIAN_POINT('',(7.61145370484202,45.,-19.7081897972566));
#18402=CARTESIAN_POINT('Origin',(10.6052317831937,45.,-24.9079294847392));
#18403=CARTESIAN_POINT('Origin',(16.6052274847955,45.,-72.915111459335));
#18404=CARTESIAN_POINT('',(10.6052317831937,45.,-72.9079294847392));
#18405=CARTESIAN_POINT('',(16.6052274847955,45.,-72.915111459335));
#18406=CARTESIAN_POINT('Origin',(19.6114451080458,45.,-67.7225537464482));
#18407=CARTESIAN_POINT('',(19.6114451080458,45.,-67.7225537464482));
#18408=CARTESIAN_POINT('Origin',(16.6176670296941,45.,-62.5228140589657));
#18409=CARTESIAN_POINT('',(16.6176670296941,45.,-62.5228140589657));
#18410=CARTESIAN_POINT('Origin',(10.6176713280922,45.,-62.5156320843699));
#18411=CARTESIAN_POINT('',(10.6176713280922,45.,-62.5156320843699));
#18412=CARTESIAN_POINT('Origin',(7.61145370484202,45.,-67.7081897972566));
#18413=CARTESIAN_POINT('',(7.61145370484202,45.,-67.7081897972566));
#18414=CARTESIAN_POINT('Origin',(10.6052317831937,45.,-72.9079294847392));
#18415=CARTESIAN_POINT('Origin',(3.27189415146221,45.,-60.915111459335));
#18416=CARTESIAN_POINT('',(-2.72810155013967,45.,-60.9079294847392));
#18417=CARTESIAN_POINT('',(3.27189415146221,45.,-60.915111459335));
#18418=CARTESIAN_POINT('Origin',(6.27811177471244,45.,-55.7225537464482));
#18419=CARTESIAN_POINT('',(6.27811177471244,45.,-55.7225537464482));
#18420=CARTESIAN_POINT('Origin',(3.28433369636079,45.,-50.5228140589657));
#18421=CARTESIAN_POINT('',(3.28433369636079,45.,-50.5228140589657));
#18422=CARTESIAN_POINT('Origin',(-2.71566200524108,45.,-50.5156320843699));
#18423=CARTESIAN_POINT('',(-2.71566200524108,45.,-50.5156320843699));
#18424=CARTESIAN_POINT('Origin',(-5.72187962849131,45.,-55.7081897972566));
#18425=CARTESIAN_POINT('',(-5.72187962849131,45.,-55.7081897972566));
#18426=CARTESIAN_POINT('Origin',(-2.72810155013967,45.,-60.9079294847392));
#18427=CARTESIAN_POINT('Origin',(-2.72810155013967,45.,-24.9079294847392));
#18428=CARTESIAN_POINT('',(-5.72187962849131,45.,-19.7081897972566));
#18429=CARTESIAN_POINT('',(-2.72810155013967,45.,-24.9079294847392));
#18430=CARTESIAN_POINT('Origin',(3.27189415146221,45.,-24.915111459335));
#18431=CARTESIAN_POINT('',(3.27189415146221,45.,-24.915111459335));
#18432=CARTESIAN_POINT('Origin',(6.27811177471244,45.,-19.7225537464482));
#18433=CARTESIAN_POINT('',(6.27811177471244,45.,-19.7225537464482));
#18434=CARTESIAN_POINT('Origin',(3.28433369636079,45.,-14.5228140589657));
#18435=CARTESIAN_POINT('',(3.28433369636079,45.,-14.5228140589657));
#18436=CARTESIAN_POINT('Origin',(-2.71566200524108,45.,-14.5156320843699));
#18437=CARTESIAN_POINT('',(-2.71566200524108,45.,-14.5156320843699));
#18438=CARTESIAN_POINT('Origin',(-5.72187962849131,45.,-19.7081897972566));
#18439=CARTESIAN_POINT('Origin',(3.27189415146221,45.,-72.915111459335));
#18440=CARTESIAN_POINT('',(-2.72810155013967,45.,-72.9079294847392));
#18441=CARTESIAN_POINT('',(3.27189415146221,45.,-72.915111459335));
#18442=CARTESIAN_POINT('Origin',(6.27811177471244,45.,-67.7225537464482));
#18443=CARTESIAN_POINT('',(6.27811177471244,45.,-67.7225537464482));
#18444=CARTESIAN_POINT('Origin',(3.28433369636079,45.,-62.5228140589657));
#18445=CARTESIAN_POINT('',(3.28433369636079,45.,-62.5228140589657));
#18446=CARTESIAN_POINT('Origin',(-2.71566200524108,45.,-62.5156320843699));
#18447=CARTESIAN_POINT('',(-2.71566200524108,45.,-62.5156320843699));
#18448=CARTESIAN_POINT('Origin',(-5.72187962849131,45.,-67.7081897972566));
#18449=CARTESIAN_POINT('',(-5.72187962849131,45.,-67.7081897972566));
#18450=CARTESIAN_POINT('Origin',(-2.72810155013967,45.,-72.9079294847392));
#18451=CARTESIAN_POINT('Origin',(16.6052274847955,45.,-60.915111459335));
#18452=CARTESIAN_POINT('',(10.6052317831937,45.,-60.9079294847392));
#18453=CARTESIAN_POINT('',(16.6052274847955,45.,-60.915111459335));
#18454=CARTESIAN_POINT('Origin',(19.6114451080458,45.,-55.7225537464482));
#18455=CARTESIAN_POINT('',(19.6114451080458,45.,-55.7225537464482));
#18456=CARTESIAN_POINT('Origin',(16.6176670296941,45.,-50.5228140589657));
#18457=CARTESIAN_POINT('',(16.6176670296941,45.,-50.5228140589657));
#18458=CARTESIAN_POINT('Origin',(10.6176713280922,45.,-50.5156320843699));
#18459=CARTESIAN_POINT('',(10.6176713280922,45.,-50.5156320843699));
#18460=CARTESIAN_POINT('Origin',(7.61145370484202,45.,-55.7081897972566));
#18461=CARTESIAN_POINT('',(7.61145370484202,45.,-55.7081897972566));
#18462=CARTESIAN_POINT('Origin',(10.6052317831937,45.,-60.9079294847392));
#18463=CARTESIAN_POINT('Origin',(29.9385608181289,45.,-24.915111459335));
#18464=CARTESIAN_POINT('',(23.938565116527,45.,-24.9079294847392));
#18465=CARTESIAN_POINT('',(29.9385608181289,45.,-24.915111459335));
#18466=CARTESIAN_POINT('Origin',(32.9447784413791,45.,-19.7225537464482));
#18467=CARTESIAN_POINT('',(32.9447784413791,45.,-19.7225537464482));
#18468=CARTESIAN_POINT('Origin',(29.9510003630275,45.,-14.5228140589657));
#18469=CARTESIAN_POINT('',(29.9510003630275,45.,-14.5228140589657));
#18470=CARTESIAN_POINT('Origin',(23.9510046614256,45.,-14.5156320843699));
#18471=CARTESIAN_POINT('',(23.9510046614256,45.,-14.5156320843699));
#18472=CARTESIAN_POINT('Origin',(20.9447870381754,45.,-19.7081897972566));
#18473=CARTESIAN_POINT('',(20.9447870381754,45.,-19.7081897972566));
#18474=CARTESIAN_POINT('Origin',(23.938565116527,45.,-24.9079294847392));
#18475=CARTESIAN_POINT('Origin',(29.9385608181289,45.,-72.915111459335));
#18476=CARTESIAN_POINT('',(23.938565116527,45.,-72.9079294847392));
#18477=CARTESIAN_POINT('',(29.9385608181289,45.,-72.915111459335));
#18478=CARTESIAN_POINT('Origin',(32.9447784413791,45.,-67.7225537464482));
#18479=CARTESIAN_POINT('',(32.9447784413791,45.,-67.7225537464482));
#18480=CARTESIAN_POINT('Origin',(29.9510003630275,45.,-62.5228140589657));
#18481=CARTESIAN_POINT('',(29.9510003630275,45.,-62.5228140589657));
#18482=CARTESIAN_POINT('Origin',(23.9510046614256,45.,-62.5156320843699));
#18483=CARTESIAN_POINT('',(23.9510046614256,45.,-62.5156320843699));
#18484=CARTESIAN_POINT('Origin',(20.9447870381754,45.,-67.7081897972566));
#18485=CARTESIAN_POINT('',(20.9447870381754,45.,-67.7081897972566));
#18486=CARTESIAN_POINT('Origin',(23.938565116527,45.,-72.9079294847392));
#18487=CARTESIAN_POINT('Origin',(43.2718941514622,45.,-60.915111459335));
#18488=CARTESIAN_POINT('',(37.2718984498603,45.,-60.9079294847392));
#18489=CARTESIAN_POINT('',(43.2718941514622,45.,-60.915111459335));
#18490=CARTESIAN_POINT('Origin',(46.2781117747124,45.,-55.7225537464482));
#18491=CARTESIAN_POINT('',(46.2781117747124,45.,-55.7225537464482));
#18492=CARTESIAN_POINT('Origin',(43.2843336963608,45.,-50.5228140589657));
#18493=CARTESIAN_POINT('',(43.2843336963608,45.,-50.5228140589657));
#18494=CARTESIAN_POINT('Origin',(37.2843379947589,45.,-50.5156320843699));
#18495=CARTESIAN_POINT('',(37.2843379947589,45.,-50.5156320843699));
#18496=CARTESIAN_POINT('Origin',(34.2781203715087,45.,-55.7081897972566));
#18497=CARTESIAN_POINT('',(34.2781203715087,45.,-55.7081897972566));
#18498=CARTESIAN_POINT('Origin',(37.2718984498603,45.,-60.9079294847392));
#18499=CARTESIAN_POINT('Origin',(56.6052274847955,45.,-24.915111459335));
#18500=CARTESIAN_POINT('',(50.6052317831937,45.,-24.9079294847392));
#18501=CARTESIAN_POINT('',(56.6052274847955,45.,-24.915111459335));
#18502=CARTESIAN_POINT('Origin',(59.6114451080458,45.,-19.7225537464482));
#18503=CARTESIAN_POINT('',(59.6114451080458,45.,-19.7225537464482));
#18504=CARTESIAN_POINT('Origin',(56.6176670296941,45.,-14.5228140589657));
#18505=CARTESIAN_POINT('',(56.6176670296941,45.,-14.5228140589657));
#18506=CARTESIAN_POINT('Origin',(50.6176713280922,45.,-14.5156320843699));
#18507=CARTESIAN_POINT('',(50.6176713280922,45.,-14.5156320843699));
#18508=CARTESIAN_POINT('Origin',(47.611453704842,45.,-19.7081897972566));
#18509=CARTESIAN_POINT('',(47.611453704842,45.,-19.7081897972566));
#18510=CARTESIAN_POINT('Origin',(50.6052317831937,45.,-24.9079294847392));
#18511=CARTESIAN_POINT('Origin',(56.6052274847955,45.,-72.915111459335));
#18512=CARTESIAN_POINT('',(50.6052317831937,45.,-72.9079294847392));
#18513=CARTESIAN_POINT('',(56.6052274847955,45.,-72.915111459335));
#18514=CARTESIAN_POINT('Origin',(59.6114451080458,45.,-67.7225537464482));
#18515=CARTESIAN_POINT('',(59.6114451080458,45.,-67.7225537464482));
#18516=CARTESIAN_POINT('Origin',(56.6176670296941,45.,-62.5228140589657));
#18517=CARTESIAN_POINT('',(56.6176670296941,45.,-62.5228140589657));
#18518=CARTESIAN_POINT('Origin',(50.6176713280922,45.,-62.5156320843699));
#18519=CARTESIAN_POINT('',(50.6176713280922,45.,-62.5156320843699));
#18520=CARTESIAN_POINT('Origin',(47.611453704842,45.,-67.7081897972566));
#18521=CARTESIAN_POINT('',(47.611453704842,45.,-67.7081897972566));
#18522=CARTESIAN_POINT('Origin',(50.6052317831937,45.,-72.9079294847392));
#18523=CARTESIAN_POINT('Origin',(69.9385608181289,45.,-60.915111459335));
#18524=CARTESIAN_POINT('',(63.938565116527,45.,-60.9079294847392));
#18525=CARTESIAN_POINT('',(69.9385608181289,45.,-60.915111459335));
#18526=CARTESIAN_POINT('Origin',(72.9447784413791,45.,-55.7225537464482));
#18527=CARTESIAN_POINT('',(72.9447784413791,45.,-55.7225537464482));
#18528=CARTESIAN_POINT('Origin',(69.9510003630274,45.,-50.5228140589657));
#18529=CARTESIAN_POINT('',(69.9510003630274,45.,-50.5228140589657));
#18530=CARTESIAN_POINT('Origin',(63.9510046614256,45.,-50.5156320843699));
#18531=CARTESIAN_POINT('',(63.9510046614256,45.,-50.5156320843699));
#18532=CARTESIAN_POINT('Origin',(60.9447870381754,45.,-55.7081897972566));
#18533=CARTESIAN_POINT('',(60.9447870381754,45.,-55.7081897972566));
#18534=CARTESIAN_POINT('Origin',(63.938565116527,45.,-60.9079294847392));
#18535=CARTESIAN_POINT('Origin',(83.2718941514622,45.,-24.915111459335));
#18536=CARTESIAN_POINT('',(77.2718984498603,45.,-24.9079294847392));
#18537=CARTESIAN_POINT('',(83.2718941514622,45.,-24.915111459335));
#18538=CARTESIAN_POINT('Origin',(86.2781117747124,45.,-19.7225537464482));
#18539=CARTESIAN_POINT('',(86.2781117747124,45.,-19.7225537464482));
#18540=CARTESIAN_POINT('Origin',(83.2843336963608,45.,-14.5228140589657));
#18541=CARTESIAN_POINT('',(83.2843336963608,45.,-14.5228140589657));
#18542=CARTESIAN_POINT('Origin',(77.2843379947589,45.,-14.5156320843699));
#18543=CARTESIAN_POINT('',(77.2843379947589,45.,-14.5156320843699));
#18544=CARTESIAN_POINT('Origin',(74.2781203715087,45.,-19.7081897972566));
#18545=CARTESIAN_POINT('',(74.2781203715087,45.,-19.7081897972566));
#18546=CARTESIAN_POINT('Origin',(77.2718984498603,45.,-24.9079294847392));
#18547=CARTESIAN_POINT('Origin',(83.2718941514622,45.,-72.915111459335));
#18548=CARTESIAN_POINT('',(77.2718984498603,45.,-72.9079294847392));
#18549=CARTESIAN_POINT('',(83.2718941514622,45.,-72.915111459335));
#18550=CARTESIAN_POINT('Origin',(86.2781117747124,45.,-67.7225537464482));
#18551=CARTESIAN_POINT('',(86.2781117747124,45.,-67.7225537464482));
#18552=CARTESIAN_POINT('Origin',(83.2843336963608,45.,-62.5228140589657));
#18553=CARTESIAN_POINT('',(83.2843336963608,45.,-62.5228140589657));
#18554=CARTESIAN_POINT('Origin',(77.2843379947589,45.,-62.5156320843699));
#18555=CARTESIAN_POINT('',(77.2843379947589,45.,-62.5156320843699));
#18556=CARTESIAN_POINT('Origin',(74.2781203715087,45.,-67.7081897972566));
#18557=CARTESIAN_POINT('',(74.2781203715087,45.,-67.7081897972566));
#18558=CARTESIAN_POINT('Origin',(77.2718984498603,45.,-72.9079294847392));
#18559=CARTESIAN_POINT('Origin',(96.6052274847955,45.,-60.915111459335));
#18560=CARTESIAN_POINT('',(90.6052317831937,45.,-60.9079294847392));
#18561=CARTESIAN_POINT('',(96.6052274847955,45.,-60.915111459335));
#18562=CARTESIAN_POINT('Origin',(99.6114451080458,45.,-55.7225537464482));
#18563=CARTESIAN_POINT('',(99.6114451080458,45.,-55.7225537464482));
#18564=CARTESIAN_POINT('Origin',(96.6176670296941,45.,-50.5228140589657));
#18565=CARTESIAN_POINT('',(96.6176670296941,45.,-50.5228140589657));
#18566=CARTESIAN_POINT('Origin',(90.6176713280922,45.,-50.5156320843699));
#18567=CARTESIAN_POINT('',(90.6176713280922,45.,-50.5156320843699));
#18568=CARTESIAN_POINT('Origin',(87.611453704842,45.,-55.7081897972566));
#18569=CARTESIAN_POINT('',(87.611453704842,45.,-55.7081897972566));
#18570=CARTESIAN_POINT('Origin',(90.6052317831937,45.,-60.9079294847392));
#18571=CARTESIAN_POINT('Origin',(109.938560818129,45.,-24.915111459335));
#18572=CARTESIAN_POINT('',(103.938565116527,45.,-24.9079294847392));
#18573=CARTESIAN_POINT('',(109.938560818129,45.,-24.915111459335));
#18574=CARTESIAN_POINT('Origin',(112.944778441379,45.,-19.7225537464482));
#18575=CARTESIAN_POINT('',(112.944778441379,45.,-19.7225537464482));
#18576=CARTESIAN_POINT('Origin',(109.951000363027,45.,-14.5228140589657));
#18577=CARTESIAN_POINT('',(109.951000363027,45.,-14.5228140589657));
#18578=CARTESIAN_POINT('Origin',(103.951004661426,45.,-14.5156320843699));
#18579=CARTESIAN_POINT('',(103.951004661426,45.,-14.5156320843699));
#18580=CARTESIAN_POINT('Origin',(100.944787038175,45.,-19.7081897972566));
#18581=CARTESIAN_POINT('',(100.944787038175,45.,-19.7081897972566));
#18582=CARTESIAN_POINT('Origin',(103.938565116527,45.,-24.9079294847392));
#18583=CARTESIAN_POINT('Origin',(109.938560818129,45.,-72.915111459335));
#18584=CARTESIAN_POINT('',(103.938565116527,45.,-72.9079294847392));
#18585=CARTESIAN_POINT('',(109.938560818129,45.,-72.915111459335));
#18586=CARTESIAN_POINT('Origin',(112.944778441379,45.,-67.7225537464482));
#18587=CARTESIAN_POINT('',(112.944778441379,45.,-67.7225537464482));
#18588=CARTESIAN_POINT('Origin',(109.951000363027,45.,-62.5228140589657));
#18589=CARTESIAN_POINT('',(109.951000363027,45.,-62.5228140589657));
#18590=CARTESIAN_POINT('Origin',(103.951004661426,45.,-62.5156320843699));
#18591=CARTESIAN_POINT('',(103.951004661426,45.,-62.5156320843699));
#18592=CARTESIAN_POINT('Origin',(100.944787038175,45.,-67.7081897972566));
#18593=CARTESIAN_POINT('',(100.944787038175,45.,-67.7081897972566));
#18594=CARTESIAN_POINT('Origin',(103.938565116527,45.,-72.9079294847392));
#18595=CARTESIAN_POINT('Origin',(123.271894151462,45.,-60.915111459335));
#18596=CARTESIAN_POINT('',(117.27189844986,45.,-60.9079294847392));
#18597=CARTESIAN_POINT('',(123.271894151462,45.,-60.915111459335));
#18598=CARTESIAN_POINT('Origin',(126.278111774712,45.,-55.7225537464482));
#18599=CARTESIAN_POINT('',(126.278111774712,45.,-55.7225537464482));
#18600=CARTESIAN_POINT('Origin',(123.284333696361,45.,-50.5228140589657));
#18601=CARTESIAN_POINT('',(123.284333696361,45.,-50.5228140589657));
#18602=CARTESIAN_POINT('Origin',(117.284337994759,45.,-50.5156320843699));
#18603=CARTESIAN_POINT('',(117.284337994759,45.,-50.5156320843699));
#18604=CARTESIAN_POINT('Origin',(114.278120371509,45.,-55.7081897972566));
#18605=CARTESIAN_POINT('',(114.278120371509,45.,-55.7081897972566));
#18606=CARTESIAN_POINT('Origin',(117.27189844986,45.,-60.9079294847392));
#18607=CARTESIAN_POINT('Origin',(136.605227484796,45.,-24.915111459335));
#18608=CARTESIAN_POINT('',(130.605231783194,45.,-24.9079294847392));
#18609=CARTESIAN_POINT('',(136.605227484796,45.,-24.915111459335));
#18610=CARTESIAN_POINT('Origin',(139.611445108046,45.,-19.7225537464482));
#18611=CARTESIAN_POINT('',(139.611445108046,45.,-19.7225537464482));
#18612=CARTESIAN_POINT('Origin',(136.617667029694,45.,-14.5228140589657));
#18613=CARTESIAN_POINT('',(136.617667029694,45.,-14.5228140589657));
#18614=CARTESIAN_POINT('Origin',(130.617671328092,45.,-14.5156320843699));
#18615=CARTESIAN_POINT('',(130.617671328092,45.,-14.5156320843699));
#18616=CARTESIAN_POINT('Origin',(127.611453704842,45.,-19.7081897972566));
#18617=CARTESIAN_POINT('',(127.611453704842,45.,-19.7081897972566));
#18618=CARTESIAN_POINT('Origin',(130.605231783194,45.,-24.9079294847392));
#18619=CARTESIAN_POINT('Origin',(136.605227484796,45.,-72.915111459335));
#18620=CARTESIAN_POINT('',(130.605231783194,45.,-72.9079294847392));
#18621=CARTESIAN_POINT('',(136.605227484796,45.,-72.915111459335));
#18622=CARTESIAN_POINT('Origin',(139.611445108046,45.,-67.7225537464482));
#18623=CARTESIAN_POINT('',(139.611445108046,45.,-67.7225537464482));
#18624=CARTESIAN_POINT('Origin',(136.617667029694,45.,-62.5228140589657));
#18625=CARTESIAN_POINT('',(136.617667029694,45.,-62.5228140589657));
#18626=CARTESIAN_POINT('Origin',(130.617671328092,45.,-62.5156320843699));
#18627=CARTESIAN_POINT('',(130.617671328092,45.,-62.5156320843699));
#18628=CARTESIAN_POINT('Origin',(127.611453704842,45.,-67.7081897972566));
#18629=CARTESIAN_POINT('',(127.611453704842,45.,-67.7081897972566));
#18630=CARTESIAN_POINT('Origin',(130.605231783194,45.,-72.9079294847392));
#18631=CARTESIAN_POINT('Origin',(149.938560818129,45.,-60.915111459335));
#18632=CARTESIAN_POINT('',(143.938565116527,45.,-60.9079294847392));
#18633=CARTESIAN_POINT('',(149.938560818129,45.,-60.915111459335));
#18634=CARTESIAN_POINT('Origin',(152.944778441379,45.,-55.7225537464482));
#18635=CARTESIAN_POINT('',(152.944778441379,45.,-55.7225537464482));
#18636=CARTESIAN_POINT('Origin',(149.951000363027,45.,-50.5228140589657));
#18637=CARTESIAN_POINT('',(149.951000363027,45.,-50.5228140589657));
#18638=CARTESIAN_POINT('Origin',(143.951004661426,45.,-50.5156320843699));
#18639=CARTESIAN_POINT('',(143.951004661426,45.,-50.5156320843699));
#18640=CARTESIAN_POINT('Origin',(140.944787038175,45.,-55.7081897972566));
#18641=CARTESIAN_POINT('',(140.944787038175,45.,-55.7081897972566));
#18642=CARTESIAN_POINT('Origin',(143.938565116527,45.,-60.9079294847392));
#18643=CARTESIAN_POINT('Origin',(163.271894151462,45.,-24.915111459335));
#18644=CARTESIAN_POINT('',(157.27189844986,45.,-24.9079294847392));
#18645=CARTESIAN_POINT('',(163.271894151462,45.,-24.915111459335));
#18646=CARTESIAN_POINT('Origin',(166.278111774712,45.,-19.7225537464482));
#18647=CARTESIAN_POINT('',(166.278111774712,45.,-19.7225537464482));
#18648=CARTESIAN_POINT('Origin',(163.284333696361,45.,-14.5228140589657));
#18649=CARTESIAN_POINT('',(163.284333696361,45.,-14.5228140589657));
#18650=CARTESIAN_POINT('Origin',(157.284337994759,45.,-14.5156320843699));
#18651=CARTESIAN_POINT('',(157.284337994759,45.,-14.5156320843699));
#18652=CARTESIAN_POINT('Origin',(154.278120371509,45.,-19.7081897972566));
#18653=CARTESIAN_POINT('',(154.278120371509,45.,-19.7081897972566));
#18654=CARTESIAN_POINT('Origin',(157.27189844986,45.,-24.9079294847392));
#18655=CARTESIAN_POINT('Origin',(163.271894151462,45.,-72.915111459335));
#18656=CARTESIAN_POINT('',(157.27189844986,45.,-72.9079294847392));
#18657=CARTESIAN_POINT('',(163.271894151462,45.,-72.915111459335));
#18658=CARTESIAN_POINT('Origin',(166.278111774712,45.,-67.7225537464482));
#18659=CARTESIAN_POINT('',(166.278111774712,45.,-67.7225537464482));
#18660=CARTESIAN_POINT('Origin',(163.284333696361,45.,-62.5228140589657));
#18661=CARTESIAN_POINT('',(163.284333696361,45.,-62.5228140589657));
#18662=CARTESIAN_POINT('Origin',(157.284337994759,45.,-62.5156320843699));
#18663=CARTESIAN_POINT('',(157.284337994759,45.,-62.5156320843699));
#18664=CARTESIAN_POINT('Origin',(154.278120371509,45.,-67.7081897972566));
#18665=CARTESIAN_POINT('',(154.278120371509,45.,-67.7081897972566));
#18666=CARTESIAN_POINT('Origin',(157.27189844986,45.,-72.9079294847392));
#18667=CARTESIAN_POINT('Origin',(163.271894151462,45.,-48.915111459335));
#18668=CARTESIAN_POINT('',(157.27189844986,45.,-48.9079294847392));
#18669=CARTESIAN_POINT('',(163.271894151462,45.,-48.915111459335));
#18670=CARTESIAN_POINT('Origin',(166.278111774712,45.,-43.7225537464482));
#18671=CARTESIAN_POINT('',(166.278111774712,45.,-43.7225537464482));
#18672=CARTESIAN_POINT('Origin',(163.284333696361,45.,-38.5228140589657));
#18673=CARTESIAN_POINT('',(163.284333696361,45.,-38.5228140589657));
#18674=CARTESIAN_POINT('Origin',(157.284337994759,45.,-38.5156320843699));
#18675=CARTESIAN_POINT('',(157.284337994759,45.,-38.5156320843699));
#18676=CARTESIAN_POINT('Origin',(154.278120371509,45.,-43.7081897972566));
#18677=CARTESIAN_POINT('',(154.278120371509,45.,-43.7081897972566));
#18678=CARTESIAN_POINT('Origin',(157.27189844986,45.,-48.9079294847392));
#18679=CARTESIAN_POINT('Origin',(149.938560818129,45.,-24.915111459335));
#18680=CARTESIAN_POINT('',(143.938565116527,45.,-24.9079294847392));
#18681=CARTESIAN_POINT('',(149.938560818129,45.,-24.915111459335));
#18682=CARTESIAN_POINT('Origin',(152.944778441379,45.,-19.7225537464482));
#18683=CARTESIAN_POINT('',(152.944778441379,45.,-19.7225537464482));
#18684=CARTESIAN_POINT('Origin',(149.951000363027,45.,-14.5228140589657));
#18685=CARTESIAN_POINT('',(149.951000363027,45.,-14.5228140589657));
#18686=CARTESIAN_POINT('Origin',(143.951004661426,45.,-14.5156320843699));
#18687=CARTESIAN_POINT('',(143.951004661426,45.,-14.5156320843699));
#18688=CARTESIAN_POINT('Origin',(140.944787038175,45.,-19.7081897972566));
#18689=CARTESIAN_POINT('',(140.944787038175,45.,-19.7081897972566));
#18690=CARTESIAN_POINT('Origin',(143.938565116527,45.,-24.9079294847392));
#18691=CARTESIAN_POINT('Origin',(149.938560818129,45.,-84.915111459335));
#18692=CARTESIAN_POINT('',(143.938565116527,45.,-84.9079294847392));
#18693=CARTESIAN_POINT('',(149.938560818129,45.,-84.915111459335));
#18694=CARTESIAN_POINT('Origin',(152.944778441379,45.,-79.7225537464482));
#18695=CARTESIAN_POINT('',(152.944778441379,45.,-79.7225537464482));
#18696=CARTESIAN_POINT('Origin',(149.951000363027,45.,-74.5228140589657));
#18697=CARTESIAN_POINT('',(149.951000363027,45.,-74.5228140589657));
#18698=CARTESIAN_POINT('Origin',(143.951004661426,45.,-74.5156320843699));
#18699=CARTESIAN_POINT('',(143.951004661426,45.,-74.5156320843699));
#18700=CARTESIAN_POINT('Origin',(140.944787038175,45.,-79.7081897972566));
#18701=CARTESIAN_POINT('',(140.944787038175,45.,-79.7081897972566));
#18702=CARTESIAN_POINT('Origin',(143.938565116527,45.,-84.9079294847392));
#18703=CARTESIAN_POINT('Origin',(136.605227484796,45.,-48.915111459335));
#18704=CARTESIAN_POINT('',(130.605231783194,45.,-48.9079294847392));
#18705=CARTESIAN_POINT('',(136.605227484796,45.,-48.915111459335));
#18706=CARTESIAN_POINT('Origin',(139.611445108046,45.,-43.7225537464482));
#18707=CARTESIAN_POINT('',(139.611445108046,45.,-43.7225537464482));
#18708=CARTESIAN_POINT('Origin',(136.617667029694,45.,-38.5228140589657));
#18709=CARTESIAN_POINT('',(136.617667029694,45.,-38.5228140589657));
#18710=CARTESIAN_POINT('Origin',(130.617671328092,45.,-38.5156320843699));
#18711=CARTESIAN_POINT('',(130.617671328092,45.,-38.5156320843699));
#18712=CARTESIAN_POINT('Origin',(127.611453704842,45.,-43.7081897972566));
#18713=CARTESIAN_POINT('',(127.611453704842,45.,-43.7081897972566));
#18714=CARTESIAN_POINT('Origin',(130.605231783194,45.,-48.9079294847392));
#18715=CARTESIAN_POINT('Origin',(123.271894151462,45.,-36.915111459335));
#18716=CARTESIAN_POINT('',(117.27189844986,45.,-36.9079294847392));
#18717=CARTESIAN_POINT('',(123.271894151462,45.,-36.915111459335));
#18718=CARTESIAN_POINT('Origin',(126.278111774712,45.,-31.7225537464482));
#18719=CARTESIAN_POINT('',(126.278111774712,45.,-31.7225537464482));
#18720=CARTESIAN_POINT('Origin',(123.284333696361,45.,-26.5228140589657));
#18721=CARTESIAN_POINT('',(123.284333696361,45.,-26.5228140589657));
#18722=CARTESIAN_POINT('Origin',(117.284337994759,45.,-26.5156320843699));
#18723=CARTESIAN_POINT('',(117.284337994759,45.,-26.5156320843699));
#18724=CARTESIAN_POINT('Origin',(114.278120371509,45.,-31.7081897972566));
#18725=CARTESIAN_POINT('',(114.278120371509,45.,-31.7081897972566));
#18726=CARTESIAN_POINT('Origin',(117.27189844986,45.,-36.9079294847392));
#18727=CARTESIAN_POINT('Origin',(123.271894151462,45.,-84.915111459335));
#18728=CARTESIAN_POINT('',(117.27189844986,45.,-84.9079294847392));
#18729=CARTESIAN_POINT('',(123.271894151462,45.,-84.915111459335));
#18730=CARTESIAN_POINT('Origin',(126.278111774712,45.,-79.7225537464482));
#18731=CARTESIAN_POINT('',(126.278111774712,45.,-79.7225537464482));
#18732=CARTESIAN_POINT('Origin',(123.284333696361,45.,-74.5228140589657));
#18733=CARTESIAN_POINT('',(123.284333696361,45.,-74.5228140589657));
#18734=CARTESIAN_POINT('Origin',(117.284337994759,45.,-74.5156320843699));
#18735=CARTESIAN_POINT('',(117.284337994759,45.,-74.5156320843699));
#18736=CARTESIAN_POINT('Origin',(114.278120371509,45.,-79.7081897972566));
#18737=CARTESIAN_POINT('',(114.278120371509,45.,-79.7081897972566));
#18738=CARTESIAN_POINT('Origin',(117.27189844986,45.,-84.9079294847392));
#18739=CARTESIAN_POINT('Origin',(109.938560818129,45.,-48.915111459335));
#18740=CARTESIAN_POINT('',(103.938565116527,45.,-48.9079294847392));
#18741=CARTESIAN_POINT('',(109.938560818129,45.,-48.915111459335));
#18742=CARTESIAN_POINT('Origin',(112.944778441379,45.,-43.7225537464482));
#18743=CARTESIAN_POINT('',(112.944778441379,45.,-43.7225537464482));
#18744=CARTESIAN_POINT('Origin',(109.951000363027,45.,-38.5228140589657));
#18745=CARTESIAN_POINT('',(109.951000363027,45.,-38.5228140589657));
#18746=CARTESIAN_POINT('Origin',(103.951004661426,45.,-38.5156320843699));
#18747=CARTESIAN_POINT('',(103.951004661426,45.,-38.5156320843699));
#18748=CARTESIAN_POINT('Origin',(100.944787038175,45.,-43.7081897972566));
#18749=CARTESIAN_POINT('',(100.944787038175,45.,-43.7081897972566));
#18750=CARTESIAN_POINT('Origin',(103.938565116527,45.,-48.9079294847392));
#18751=CARTESIAN_POINT('Origin',(96.6052274847955,45.,-36.915111459335));
#18752=CARTESIAN_POINT('',(90.6052317831937,45.,-36.9079294847392));
#18753=CARTESIAN_POINT('',(96.6052274847955,45.,-36.915111459335));
#18754=CARTESIAN_POINT('Origin',(99.6114451080458,45.,-31.7225537464482));
#18755=CARTESIAN_POINT('',(99.6114451080458,45.,-31.7225537464482));
#18756=CARTESIAN_POINT('Origin',(96.6176670296941,45.,-26.5228140589657));
#18757=CARTESIAN_POINT('',(96.6176670296941,45.,-26.5228140589657));
#18758=CARTESIAN_POINT('Origin',(90.6176713280922,45.,-26.5156320843699));
#18759=CARTESIAN_POINT('',(90.6176713280922,45.,-26.5156320843699));
#18760=CARTESIAN_POINT('Origin',(87.611453704842,45.,-31.7081897972566));
#18761=CARTESIAN_POINT('',(87.611453704842,45.,-31.7081897972566));
#18762=CARTESIAN_POINT('Origin',(90.6052317831937,45.,-36.9079294847392));
#18763=CARTESIAN_POINT('Origin',(96.6052274847955,45.,-84.915111459335));
#18764=CARTESIAN_POINT('',(90.6052317831937,45.,-84.9079294847392));
#18765=CARTESIAN_POINT('',(96.6052274847955,45.,-84.915111459335));
#18766=CARTESIAN_POINT('Origin',(99.6114451080458,45.,-79.7225537464482));
#18767=CARTESIAN_POINT('',(99.6114451080458,45.,-79.7225537464482));
#18768=CARTESIAN_POINT('Origin',(96.6176670296941,45.,-74.5228140589657));
#18769=CARTESIAN_POINT('',(96.6176670296941,45.,-74.5228140589657));
#18770=CARTESIAN_POINT('Origin',(90.6176713280922,45.,-74.5156320843699));
#18771=CARTESIAN_POINT('',(90.6176713280922,45.,-74.5156320843699));
#18772=CARTESIAN_POINT('Origin',(87.611453704842,45.,-79.7081897972566));
#18773=CARTESIAN_POINT('',(87.611453704842,45.,-79.7081897972566));
#18774=CARTESIAN_POINT('Origin',(90.6052317831937,45.,-84.9079294847392));
#18775=CARTESIAN_POINT('Origin',(83.2718941514622,45.,-48.915111459335));
#18776=CARTESIAN_POINT('',(77.2718984498603,45.,-48.9079294847392));
#18777=CARTESIAN_POINT('',(83.2718941514622,45.,-48.915111459335));
#18778=CARTESIAN_POINT('Origin',(86.2781117747124,45.,-43.7225537464482));
#18779=CARTESIAN_POINT('',(86.2781117747124,45.,-43.7225537464482));
#18780=CARTESIAN_POINT('Origin',(83.2843336963608,45.,-38.5228140589657));
#18781=CARTESIAN_POINT('',(83.2843336963608,45.,-38.5228140589657));
#18782=CARTESIAN_POINT('Origin',(77.2843379947589,45.,-38.5156320843699));
#18783=CARTESIAN_POINT('',(77.2843379947589,45.,-38.5156320843699));
#18784=CARTESIAN_POINT('Origin',(74.2781203715087,45.,-43.7081897972566));
#18785=CARTESIAN_POINT('',(74.2781203715087,45.,-43.7081897972566));
#18786=CARTESIAN_POINT('Origin',(77.2718984498603,45.,-48.9079294847392));
#18787=CARTESIAN_POINT('Origin',(69.9385608181289,45.,-36.915111459335));
#18788=CARTESIAN_POINT('',(63.938565116527,45.,-36.9079294847392));
#18789=CARTESIAN_POINT('',(69.9385608181289,45.,-36.915111459335));
#18790=CARTESIAN_POINT('Origin',(72.9447784413791,45.,-31.7225537464482));
#18791=CARTESIAN_POINT('',(72.9447784413791,45.,-31.7225537464482));
#18792=CARTESIAN_POINT('Origin',(69.9510003630274,45.,-26.5228140589657));
#18793=CARTESIAN_POINT('',(69.9510003630274,45.,-26.5228140589657));
#18794=CARTESIAN_POINT('Origin',(63.9510046614256,45.,-26.5156320843699));
#18795=CARTESIAN_POINT('',(63.9510046614256,45.,-26.5156320843699));
#18796=CARTESIAN_POINT('Origin',(60.9447870381754,45.,-31.7081897972566));
#18797=CARTESIAN_POINT('',(60.9447870381754,45.,-31.7081897972566));
#18798=CARTESIAN_POINT('Origin',(63.938565116527,45.,-36.9079294847392));
#18799=CARTESIAN_POINT('Origin',(69.9385608181289,45.,-84.915111459335));
#18800=CARTESIAN_POINT('',(63.938565116527,45.,-84.9079294847392));
#18801=CARTESIAN_POINT('',(69.9385608181289,45.,-84.915111459335));
#18802=CARTESIAN_POINT('Origin',(72.9447784413791,45.,-79.7225537464482));
#18803=CARTESIAN_POINT('',(72.9447784413791,45.,-79.7225537464482));
#18804=CARTESIAN_POINT('Origin',(69.9510003630274,45.,-74.5228140589657));
#18805=CARTESIAN_POINT('',(69.9510003630274,45.,-74.5228140589657));
#18806=CARTESIAN_POINT('Origin',(63.9510046614256,45.,-74.5156320843699));
#18807=CARTESIAN_POINT('',(63.9510046614256,45.,-74.5156320843699));
#18808=CARTESIAN_POINT('Origin',(60.9447870381754,45.,-79.7081897972566));
#18809=CARTESIAN_POINT('',(60.9447870381754,45.,-79.7081897972566));
#18810=CARTESIAN_POINT('Origin',(63.938565116527,45.,-84.9079294847392));
#18811=CARTESIAN_POINT('Origin',(56.6052274847955,45.,-48.915111459335));
#18812=CARTESIAN_POINT('',(50.6052317831937,45.,-48.9079294847392));
#18813=CARTESIAN_POINT('',(56.6052274847955,45.,-48.915111459335));
#18814=CARTESIAN_POINT('Origin',(59.6114451080458,45.,-43.7225537464482));
#18815=CARTESIAN_POINT('',(59.6114451080458,45.,-43.7225537464482));
#18816=CARTESIAN_POINT('Origin',(56.6176670296941,45.,-38.5228140589657));
#18817=CARTESIAN_POINT('',(56.6176670296941,45.,-38.5228140589657));
#18818=CARTESIAN_POINT('Origin',(50.6176713280922,45.,-38.5156320843699));
#18819=CARTESIAN_POINT('',(50.6176713280922,45.,-38.5156320843699));
#18820=CARTESIAN_POINT('Origin',(47.611453704842,45.,-43.7081897972566));
#18821=CARTESIAN_POINT('',(47.611453704842,45.,-43.7081897972566));
#18822=CARTESIAN_POINT('Origin',(50.6052317831937,45.,-48.9079294847392));
#18823=CARTESIAN_POINT('Origin',(43.2718941514622,45.,-36.915111459335));
#18824=CARTESIAN_POINT('',(37.2718984498603,45.,-36.9079294847392));
#18825=CARTESIAN_POINT('',(43.2718941514622,45.,-36.915111459335));
#18826=CARTESIAN_POINT('Origin',(46.2781117747124,45.,-31.7225537464482));
#18827=CARTESIAN_POINT('',(46.2781117747124,45.,-31.7225537464482));
#18828=CARTESIAN_POINT('Origin',(43.2843336963608,45.,-26.5228140589657));
#18829=CARTESIAN_POINT('',(43.2843336963608,45.,-26.5228140589657));
#18830=CARTESIAN_POINT('Origin',(37.2843379947589,45.,-26.5156320843699));
#18831=CARTESIAN_POINT('',(37.2843379947589,45.,-26.5156320843699));
#18832=CARTESIAN_POINT('Origin',(34.2781203715087,45.,-31.7081897972566));
#18833=CARTESIAN_POINT('',(34.2781203715087,45.,-31.7081897972566));
#18834=CARTESIAN_POINT('Origin',(37.2718984498603,45.,-36.9079294847392));
#18835=CARTESIAN_POINT('Origin',(43.2718941514622,45.,-84.915111459335));
#18836=CARTESIAN_POINT('',(37.2718984498603,45.,-84.9079294847392));
#18837=CARTESIAN_POINT('',(43.2718941514622,45.,-84.915111459335));
#18838=CARTESIAN_POINT('Origin',(46.2781117747124,45.,-79.7225537464482));
#18839=CARTESIAN_POINT('',(46.2781117747124,45.,-79.7225537464482));
#18840=CARTESIAN_POINT('Origin',(43.2843336963608,45.,-74.5228140589657));
#18841=CARTESIAN_POINT('',(43.2843336963608,45.,-74.5228140589657));
#18842=CARTESIAN_POINT('Origin',(37.2843379947589,45.,-74.5156320843699));
#18843=CARTESIAN_POINT('',(37.2843379947589,45.,-74.5156320843699));
#18844=CARTESIAN_POINT('Origin',(34.2781203715087,45.,-79.7081897972566));
#18845=CARTESIAN_POINT('',(34.2781203715087,45.,-79.7081897972566));
#18846=CARTESIAN_POINT('Origin',(37.2718984498603,45.,-84.9079294847392));
#18847=CARTESIAN_POINT('Origin',(29.9385608181289,45.,-48.915111459335));
#18848=CARTESIAN_POINT('',(23.938565116527,45.,-48.9079294847392));
#18849=CARTESIAN_POINT('',(29.9385608181289,45.,-48.915111459335));
#18850=CARTESIAN_POINT('Origin',(32.9447784413791,45.,-43.7225537464482));
#18851=CARTESIAN_POINT('',(32.9447784413791,45.,-43.7225537464482));
#18852=CARTESIAN_POINT('Origin',(29.9510003630275,45.,-38.5228140589657));
#18853=CARTESIAN_POINT('',(29.9510003630275,45.,-38.5228140589657));
#18854=CARTESIAN_POINT('Origin',(23.9510046614256,45.,-38.5156320843699));
#18855=CARTESIAN_POINT('',(23.9510046614256,45.,-38.5156320843699));
#18856=CARTESIAN_POINT('Origin',(20.9447870381754,45.,-43.7081897972566));
#18857=CARTESIAN_POINT('',(20.9447870381754,45.,-43.7081897972566));
#18858=CARTESIAN_POINT('Origin',(23.938565116527,45.,-48.9079294847392));
#18859=CARTESIAN_POINT('Origin',(16.6052274847955,45.,-36.915111459335));
#18860=CARTESIAN_POINT('',(10.6052317831937,45.,-36.9079294847392));
#18861=CARTESIAN_POINT('',(16.6052274847955,45.,-36.915111459335));
#18862=CARTESIAN_POINT('Origin',(19.6114451080458,45.,-31.7225537464482));
#18863=CARTESIAN_POINT('',(19.6114451080458,45.,-31.7225537464482));
#18864=CARTESIAN_POINT('Origin',(16.6176670296941,45.,-26.5228140589657));
#18865=CARTESIAN_POINT('',(16.6176670296941,45.,-26.5228140589657));
#18866=CARTESIAN_POINT('Origin',(10.6176713280922,45.,-26.5156320843699));
#18867=CARTESIAN_POINT('',(10.6176713280922,45.,-26.5156320843699));
#18868=CARTESIAN_POINT('Origin',(7.61145370484202,45.,-31.7081897972566));
#18869=CARTESIAN_POINT('',(7.61145370484202,45.,-31.7081897972566));
#18870=CARTESIAN_POINT('Origin',(10.6052317831937,45.,-36.9079294847392));
#18871=CARTESIAN_POINT('Origin',(16.6052274847955,45.,-84.915111459335));
#18872=CARTESIAN_POINT('',(10.6052317831937,45.,-84.9079294847392));
#18873=CARTESIAN_POINT('',(16.6052274847955,45.,-84.915111459335));
#18874=CARTESIAN_POINT('Origin',(19.6114451080458,45.,-79.7225537464482));
#18875=CARTESIAN_POINT('',(19.6114451080458,45.,-79.7225537464482));
#18876=CARTESIAN_POINT('Origin',(16.6176670296941,45.,-74.5228140589657));
#18877=CARTESIAN_POINT('',(16.6176670296941,45.,-74.5228140589657));
#18878=CARTESIAN_POINT('Origin',(10.6176713280922,45.,-74.5156320843699));
#18879=CARTESIAN_POINT('',(10.6176713280922,45.,-74.5156320843699));
#18880=CARTESIAN_POINT('Origin',(7.61145370484202,45.,-79.7081897972566));
#18881=CARTESIAN_POINT('',(7.61145370484202,45.,-79.7081897972566));
#18882=CARTESIAN_POINT('Origin',(10.6052317831937,45.,-84.9079294847392));
#18883=CARTESIAN_POINT('Origin',(3.27189415146221,45.,-48.915111459335));
#18884=CARTESIAN_POINT('',(-2.72810155013967,45.,-48.9079294847392));
#18885=CARTESIAN_POINT('',(3.27189415146221,45.,-48.915111459335));
#18886=CARTESIAN_POINT('Origin',(6.27811177471244,45.,-43.7225537464482));
#18887=CARTESIAN_POINT('',(6.27811177471244,45.,-43.7225537464482));
#18888=CARTESIAN_POINT('Origin',(3.28433369636079,45.,-38.5228140589657));
#18889=CARTESIAN_POINT('',(3.28433369636079,45.,-38.5228140589657));
#18890=CARTESIAN_POINT('Origin',(-2.71566200524108,45.,-38.5156320843699));
#18891=CARTESIAN_POINT('',(-2.71566200524108,45.,-38.5156320843699));
#18892=CARTESIAN_POINT('Origin',(-5.72187962849131,45.,-43.7081897972566));
#18893=CARTESIAN_POINT('',(-5.72187962849131,45.,-43.7081897972566));
#18894=CARTESIAN_POINT('Origin',(-2.72810155013967,45.,-48.9079294847392));
#18895=CARTESIAN_POINT('Origin',(3.27189415146221,45.,-36.915111459335));
#18896=CARTESIAN_POINT('',(-2.72810155013967,45.,-36.9079294847392));
#18897=CARTESIAN_POINT('',(3.27189415146221,45.,-36.915111459335));
#18898=CARTESIAN_POINT('Origin',(6.27811177471244,45.,-31.7225537464482));
#18899=CARTESIAN_POINT('',(6.27811177471244,45.,-31.7225537464482));
#18900=CARTESIAN_POINT('Origin',(3.28433369636079,45.,-26.5228140589657));
#18901=CARTESIAN_POINT('',(3.28433369636079,45.,-26.5228140589657));
#18902=CARTESIAN_POINT('Origin',(-2.71566200524108,45.,-26.5156320843699));
#18903=CARTESIAN_POINT('',(-2.71566200524108,45.,-26.5156320843699));
#18904=CARTESIAN_POINT('Origin',(-5.72187962849131,45.,-31.7081897972566));
#18905=CARTESIAN_POINT('',(-5.72187962849131,45.,-31.7081897972566));
#18906=CARTESIAN_POINT('Origin',(-2.72810155013967,45.,-36.9079294847392));
#18907=CARTESIAN_POINT('Origin',(3.27189415146221,45.,-84.915111459335));
#18908=CARTESIAN_POINT('',(-2.72810155013967,45.,-84.9079294847392));
#18909=CARTESIAN_POINT('',(3.27189415146221,45.,-84.915111459335));
#18910=CARTESIAN_POINT('Origin',(6.27811177471244,45.,-79.7225537464482));
#18911=CARTESIAN_POINT('',(6.27811177471244,45.,-79.7225537464482));
#18912=CARTESIAN_POINT('Origin',(3.28433369636079,45.,-74.5228140589657));
#18913=CARTESIAN_POINT('',(3.28433369636079,45.,-74.5228140589657));
#18914=CARTESIAN_POINT('Origin',(-2.71566200524108,45.,-74.5156320843699));
#18915=CARTESIAN_POINT('',(-2.71566200524108,45.,-74.5156320843699));
#18916=CARTESIAN_POINT('Origin',(-5.72187962849131,45.,-79.7081897972566));
#18917=CARTESIAN_POINT('',(-5.72187962849131,45.,-79.7081897972566));
#18918=CARTESIAN_POINT('Origin',(-2.72810155013967,45.,-84.9079294847392));
#18919=CARTESIAN_POINT('Origin',(16.6052274847955,45.,-48.915111459335));
#18920=CARTESIAN_POINT('',(10.6052317831937,45.,-48.9079294847392));
#18921=CARTESIAN_POINT('',(16.6052274847955,45.,-48.915111459335));
#18922=CARTESIAN_POINT('Origin',(19.6114451080458,45.,-43.7225537464482));
#18923=CARTESIAN_POINT('',(19.6114451080458,45.,-43.7225537464482));
#18924=CARTESIAN_POINT('Origin',(16.6176670296941,45.,-38.5228140589657));
#18925=CARTESIAN_POINT('',(16.6176670296941,45.,-38.5228140589657));
#18926=CARTESIAN_POINT('Origin',(10.6176713280922,45.,-38.5156320843699));
#18927=CARTESIAN_POINT('',(10.6176713280922,45.,-38.5156320843699));
#18928=CARTESIAN_POINT('Origin',(7.61145370484202,45.,-43.7081897972566));
#18929=CARTESIAN_POINT('',(7.61145370484202,45.,-43.7081897972566));
#18930=CARTESIAN_POINT('Origin',(10.6052317831937,45.,-48.9079294847392));
#18931=CARTESIAN_POINT('Origin',(29.9385608181289,45.,-36.915111459335));
#18932=CARTESIAN_POINT('',(23.938565116527,45.,-36.9079294847392));
#18933=CARTESIAN_POINT('',(29.9385608181289,45.,-36.915111459335));
#18934=CARTESIAN_POINT('Origin',(32.9447784413791,45.,-31.7225537464482));
#18935=CARTESIAN_POINT('',(32.9447784413791,45.,-31.7225537464482));
#18936=CARTESIAN_POINT('Origin',(29.9510003630275,45.,-26.5228140589657));
#18937=CARTESIAN_POINT('',(29.9510003630275,45.,-26.5228140589657));
#18938=CARTESIAN_POINT('Origin',(23.9510046614256,45.,-26.5156320843699));
#18939=CARTESIAN_POINT('',(23.9510046614256,45.,-26.5156320843699));
#18940=CARTESIAN_POINT('Origin',(20.9447870381754,45.,-31.7081897972566));
#18941=CARTESIAN_POINT('',(20.9447870381754,45.,-31.7081897972566));
#18942=CARTESIAN_POINT('Origin',(23.938565116527,45.,-36.9079294847392));
#18943=CARTESIAN_POINT('Origin',(29.9385608181289,45.,-84.915111459335));
#18944=CARTESIAN_POINT('',(23.938565116527,45.,-84.9079294847392));
#18945=CARTESIAN_POINT('',(29.9385608181289,45.,-84.915111459335));
#18946=CARTESIAN_POINT('Origin',(32.9447784413791,45.,-79.7225537464482));
#18947=CARTESIAN_POINT('',(32.9447784413791,45.,-79.7225537464482));
#18948=CARTESIAN_POINT('Origin',(29.9510003630275,45.,-74.5228140589657));
#18949=CARTESIAN_POINT('',(29.9510003630275,45.,-74.5228140589657));
#18950=CARTESIAN_POINT('Origin',(23.9510046614256,45.,-74.5156320843699));
#18951=CARTESIAN_POINT('',(23.9510046614256,45.,-74.5156320843699));
#18952=CARTESIAN_POINT('Origin',(20.9447870381754,45.,-79.7081897972566));
#18953=CARTESIAN_POINT('',(20.9447870381754,45.,-79.7081897972566));
#18954=CARTESIAN_POINT('Origin',(23.938565116527,45.,-84.9079294847392));
#18955=CARTESIAN_POINT('Origin',(43.2718941514622,45.,-48.915111459335));
#18956=CARTESIAN_POINT('',(37.2718984498603,45.,-48.9079294847392));
#18957=CARTESIAN_POINT('',(43.2718941514622,45.,-48.915111459335));
#18958=CARTESIAN_POINT('Origin',(46.2781117747124,45.,-43.7225537464482));
#18959=CARTESIAN_POINT('',(46.2781117747124,45.,-43.7225537464482));
#18960=CARTESIAN_POINT('Origin',(43.2843336963608,45.,-38.5228140589657));
#18961=CARTESIAN_POINT('',(43.2843336963608,45.,-38.5228140589657));
#18962=CARTESIAN_POINT('Origin',(37.2843379947589,45.,-38.5156320843699));
#18963=CARTESIAN_POINT('',(37.2843379947589,45.,-38.5156320843699));
#18964=CARTESIAN_POINT('Origin',(34.2781203715087,45.,-43.7081897972566));
#18965=CARTESIAN_POINT('',(34.2781203715087,45.,-43.7081897972566));
#18966=CARTESIAN_POINT('Origin',(37.2718984498603,45.,-48.9079294847392));
#18967=CARTESIAN_POINT('Origin',(56.6052274847955,45.,-36.915111459335));
#18968=CARTESIAN_POINT('',(50.6052317831937,45.,-36.9079294847392));
#18969=CARTESIAN_POINT('',(56.6052274847955,45.,-36.915111459335));
#18970=CARTESIAN_POINT('Origin',(59.6114451080458,45.,-31.7225537464482));
#18971=CARTESIAN_POINT('',(59.6114451080458,45.,-31.7225537464482));
#18972=CARTESIAN_POINT('Origin',(56.6176670296941,45.,-26.5228140589657));
#18973=CARTESIAN_POINT('',(56.6176670296941,45.,-26.5228140589657));
#18974=CARTESIAN_POINT('Origin',(50.6176713280922,45.,-26.5156320843699));
#18975=CARTESIAN_POINT('',(50.6176713280922,45.,-26.5156320843699));
#18976=CARTESIAN_POINT('Origin',(47.611453704842,45.,-31.7081897972566));
#18977=CARTESIAN_POINT('',(47.611453704842,45.,-31.7081897972566));
#18978=CARTESIAN_POINT('Origin',(50.6052317831937,45.,-36.9079294847392));
#18979=CARTESIAN_POINT('Origin',(56.6052274847955,45.,-84.915111459335));
#18980=CARTESIAN_POINT('',(50.6052317831937,45.,-84.9079294847392));
#18981=CARTESIAN_POINT('',(56.6052274847955,45.,-84.915111459335));
#18982=CARTESIAN_POINT('Origin',(59.6114451080458,45.,-79.7225537464482));
#18983=CARTESIAN_POINT('',(59.6114451080458,45.,-79.7225537464482));
#18984=CARTESIAN_POINT('Origin',(56.6176670296941,45.,-74.5228140589657));
#18985=CARTESIAN_POINT('',(56.6176670296941,45.,-74.5228140589657));
#18986=CARTESIAN_POINT('Origin',(50.6176713280922,45.,-74.5156320843699));
#18987=CARTESIAN_POINT('',(50.6176713280922,45.,-74.5156320843699));
#18988=CARTESIAN_POINT('Origin',(47.611453704842,45.,-79.7081897972566));
#18989=CARTESIAN_POINT('',(47.611453704842,45.,-79.7081897972566));
#18990=CARTESIAN_POINT('Origin',(50.6052317831937,45.,-84.9079294847392));
#18991=CARTESIAN_POINT('Origin',(69.9385608181289,45.,-48.915111459335));
#18992=CARTESIAN_POINT('',(63.938565116527,45.,-48.9079294847392));
#18993=CARTESIAN_POINT('',(69.9385608181289,45.,-48.915111459335));
#18994=CARTESIAN_POINT('Origin',(72.9447784413791,45.,-43.7225537464482));
#18995=CARTESIAN_POINT('',(72.9447784413791,45.,-43.7225537464482));
#18996=CARTESIAN_POINT('Origin',(69.9510003630274,45.,-38.5228140589657));
#18997=CARTESIAN_POINT('',(69.9510003630274,45.,-38.5228140589657));
#18998=CARTESIAN_POINT('Origin',(63.9510046614256,45.,-38.5156320843699));
#18999=CARTESIAN_POINT('',(63.9510046614256,45.,-38.5156320843699));
#19000=CARTESIAN_POINT('Origin',(60.9447870381754,45.,-43.7081897972566));
#19001=CARTESIAN_POINT('',(60.9447870381754,45.,-43.7081897972566));
#19002=CARTESIAN_POINT('Origin',(63.938565116527,45.,-48.9079294847392));
#19003=CARTESIAN_POINT('Origin',(83.2718941514622,45.,-36.915111459335));
#19004=CARTESIAN_POINT('',(77.2718984498603,45.,-36.9079294847392));
#19005=CARTESIAN_POINT('',(83.2718941514622,45.,-36.915111459335));
#19006=CARTESIAN_POINT('Origin',(86.2781117747124,45.,-31.7225537464482));
#19007=CARTESIAN_POINT('',(86.2781117747124,45.,-31.7225537464482));
#19008=CARTESIAN_POINT('Origin',(83.2843336963608,45.,-26.5228140589657));
#19009=CARTESIAN_POINT('',(83.2843336963608,45.,-26.5228140589657));
#19010=CARTESIAN_POINT('Origin',(77.2843379947589,45.,-26.5156320843699));
#19011=CARTESIAN_POINT('',(77.2843379947589,45.,-26.5156320843699));
#19012=CARTESIAN_POINT('Origin',(74.2781203715087,45.,-31.7081897972566));
#19013=CARTESIAN_POINT('',(74.2781203715087,45.,-31.7081897972566));
#19014=CARTESIAN_POINT('Origin',(77.2718984498603,45.,-36.9079294847392));
#19015=CARTESIAN_POINT('Origin',(83.2718941514622,45.,-84.915111459335));
#19016=CARTESIAN_POINT('',(77.2718984498603,45.,-84.9079294847392));
#19017=CARTESIAN_POINT('',(83.2718941514622,45.,-84.915111459335));
#19018=CARTESIAN_POINT('Origin',(86.2781117747124,45.,-79.7225537464482));
#19019=CARTESIAN_POINT('',(86.2781117747124,45.,-79.7225537464482));
#19020=CARTESIAN_POINT('Origin',(83.2843336963608,45.,-74.5228140589657));
#19021=CARTESIAN_POINT('',(83.2843336963608,45.,-74.5228140589657));
#19022=CARTESIAN_POINT('Origin',(77.2843379947589,45.,-74.5156320843699));
#19023=CARTESIAN_POINT('',(77.2843379947589,45.,-74.5156320843699));
#19024=CARTESIAN_POINT('Origin',(74.2781203715087,45.,-79.7081897972566));
#19025=CARTESIAN_POINT('',(74.2781203715087,45.,-79.7081897972566));
#19026=CARTESIAN_POINT('Origin',(77.2718984498603,45.,-84.9079294847392));
#19027=CARTESIAN_POINT('Origin',(96.6052274847955,45.,-48.915111459335));
#19028=CARTESIAN_POINT('',(90.6052317831937,45.,-48.9079294847392));
#19029=CARTESIAN_POINT('',(96.6052274847955,45.,-48.915111459335));
#19030=CARTESIAN_POINT('Origin',(99.6114451080458,45.,-43.7225537464482));
#19031=CARTESIAN_POINT('',(99.6114451080458,45.,-43.7225537464482));
#19032=CARTESIAN_POINT('Origin',(96.6176670296941,45.,-38.5228140589657));
#19033=CARTESIAN_POINT('',(96.6176670296941,45.,-38.5228140589657));
#19034=CARTESIAN_POINT('Origin',(90.6176713280922,45.,-38.5156320843699));
#19035=CARTESIAN_POINT('',(90.6176713280922,45.,-38.5156320843699));
#19036=CARTESIAN_POINT('Origin',(87.611453704842,45.,-43.7081897972566));
#19037=CARTESIAN_POINT('',(87.611453704842,45.,-43.7081897972566));
#19038=CARTESIAN_POINT('Origin',(90.6052317831937,45.,-48.9079294847392));
#19039=CARTESIAN_POINT('Origin',(109.938560818129,45.,-36.915111459335));
#19040=CARTESIAN_POINT('',(103.938565116527,45.,-36.9079294847392));
#19041=CARTESIAN_POINT('',(109.938560818129,45.,-36.915111459335));
#19042=CARTESIAN_POINT('Origin',(112.944778441379,45.,-31.7225537464482));
#19043=CARTESIAN_POINT('',(112.944778441379,45.,-31.7225537464482));
#19044=CARTESIAN_POINT('Origin',(109.951000363027,45.,-26.5228140589657));
#19045=CARTESIAN_POINT('',(109.951000363027,45.,-26.5228140589657));
#19046=CARTESIAN_POINT('Origin',(103.951004661426,45.,-26.5156320843699));
#19047=CARTESIAN_POINT('',(103.951004661426,45.,-26.5156320843699));
#19048=CARTESIAN_POINT('Origin',(100.944787038175,45.,-31.7081897972566));
#19049=CARTESIAN_POINT('',(100.944787038175,45.,-31.7081897972566));
#19050=CARTESIAN_POINT('Origin',(103.938565116527,45.,-36.9079294847392));
#19051=CARTESIAN_POINT('Origin',(109.938560818129,45.,-84.915111459335));
#19052=CARTESIAN_POINT('',(103.938565116527,45.,-84.9079294847392));
#19053=CARTESIAN_POINT('',(109.938560818129,45.,-84.915111459335));
#19054=CARTESIAN_POINT('Origin',(112.944778441379,45.,-79.7225537464482));
#19055=CARTESIAN_POINT('',(112.944778441379,45.,-79.7225537464482));
#19056=CARTESIAN_POINT('Origin',(109.951000363027,45.,-74.5228140589657));
#19057=CARTESIAN_POINT('',(109.951000363027,45.,-74.5228140589657));
#19058=CARTESIAN_POINT('Origin',(103.951004661426,45.,-74.5156320843699));
#19059=CARTESIAN_POINT('',(103.951004661426,45.,-74.5156320843699));
#19060=CARTESIAN_POINT('Origin',(100.944787038175,45.,-79.7081897972566));
#19061=CARTESIAN_POINT('',(100.944787038175,45.,-79.7081897972566));
#19062=CARTESIAN_POINT('Origin',(103.938565116527,45.,-84.9079294847392));
#19063=CARTESIAN_POINT('Origin',(123.271894151462,45.,-48.915111459335));
#19064=CARTESIAN_POINT('',(117.27189844986,45.,-48.9079294847392));
#19065=CARTESIAN_POINT('',(123.271894151462,45.,-48.915111459335));
#19066=CARTESIAN_POINT('Origin',(126.278111774712,45.,-43.7225537464482));
#19067=CARTESIAN_POINT('',(126.278111774712,45.,-43.7225537464482));
#19068=CARTESIAN_POINT('Origin',(123.284333696361,45.,-38.5228140589657));
#19069=CARTESIAN_POINT('',(123.284333696361,45.,-38.5228140589657));
#19070=CARTESIAN_POINT('Origin',(117.284337994759,45.,-38.5156320843699));
#19071=CARTESIAN_POINT('',(117.284337994759,45.,-38.5156320843699));
#19072=CARTESIAN_POINT('Origin',(114.278120371509,45.,-43.7081897972566));
#19073=CARTESIAN_POINT('',(114.278120371509,45.,-43.7081897972566));
#19074=CARTESIAN_POINT('Origin',(117.27189844986,45.,-48.9079294847392));
#19075=CARTESIAN_POINT('Origin',(136.605227484796,45.,-36.915111459335));
#19076=CARTESIAN_POINT('',(130.605231783194,45.,-36.9079294847392));
#19077=CARTESIAN_POINT('',(136.605227484796,45.,-36.915111459335));
#19078=CARTESIAN_POINT('Origin',(139.611445108046,45.,-31.7225537464482));
#19079=CARTESIAN_POINT('',(139.611445108046,45.,-31.7225537464482));
#19080=CARTESIAN_POINT('Origin',(136.617667029694,45.,-26.5228140589657));
#19081=CARTESIAN_POINT('',(136.617667029694,45.,-26.5228140589657));
#19082=CARTESIAN_POINT('Origin',(130.617671328092,45.,-26.5156320843699));
#19083=CARTESIAN_POINT('',(130.617671328092,45.,-26.5156320843699));
#19084=CARTESIAN_POINT('Origin',(127.611453704842,45.,-31.7081897972566));
#19085=CARTESIAN_POINT('',(127.611453704842,45.,-31.7081897972566));
#19086=CARTESIAN_POINT('Origin',(130.605231783194,45.,-36.9079294847392));
#19087=CARTESIAN_POINT('Origin',(136.605227484796,45.,-84.915111459335));
#19088=CARTESIAN_POINT('',(130.605231783194,45.,-84.9079294847392));
#19089=CARTESIAN_POINT('',(136.605227484796,45.,-84.915111459335));
#19090=CARTESIAN_POINT('Origin',(139.611445108046,45.,-79.7225537464482));
#19091=CARTESIAN_POINT('',(139.611445108046,45.,-79.7225537464482));
#19092=CARTESIAN_POINT('Origin',(136.617667029694,45.,-74.5228140589657));
#19093=CARTESIAN_POINT('',(136.617667029694,45.,-74.5228140589657));
#19094=CARTESIAN_POINT('Origin',(130.617671328092,45.,-74.5156320843699));
#19095=CARTESIAN_POINT('',(130.617671328092,45.,-74.5156320843699));
#19096=CARTESIAN_POINT('Origin',(127.611453704842,45.,-79.7081897972566));
#19097=CARTESIAN_POINT('',(127.611453704842,45.,-79.7081897972566));
#19098=CARTESIAN_POINT('Origin',(130.605231783194,45.,-84.9079294847392));
#19099=CARTESIAN_POINT('Origin',(149.938560818129,45.,-48.915111459335));
#19100=CARTESIAN_POINT('',(143.938565116527,45.,-48.9079294847392));
#19101=CARTESIAN_POINT('',(149.938560818129,45.,-48.915111459335));
#19102=CARTESIAN_POINT('Origin',(152.944778441379,45.,-43.7225537464482));
#19103=CARTESIAN_POINT('',(152.944778441379,45.,-43.7225537464482));
#19104=CARTESIAN_POINT('Origin',(149.951000363027,45.,-38.5228140589657));
#19105=CARTESIAN_POINT('',(149.951000363027,45.,-38.5228140589657));
#19106=CARTESIAN_POINT('Origin',(143.951004661426,45.,-38.5156320843699));
#19107=CARTESIAN_POINT('',(143.951004661426,45.,-38.5156320843699));
#19108=CARTESIAN_POINT('Origin',(140.944787038175,45.,-43.7081897972566));
#19109=CARTESIAN_POINT('',(140.944787038175,45.,-43.7081897972566));
#19110=CARTESIAN_POINT('Origin',(143.938565116527,45.,-48.9079294847392));
#19111=CARTESIAN_POINT('Origin',(163.271894151462,45.,-36.915111459335));
#19112=CARTESIAN_POINT('',(157.27189844986,45.,-36.9079294847392));
#19113=CARTESIAN_POINT('',(163.271894151462,45.,-36.915111459335));
#19114=CARTESIAN_POINT('Origin',(166.278111774712,45.,-31.7225537464482));
#19115=CARTESIAN_POINT('',(166.278111774712,45.,-31.7225537464482));
#19116=CARTESIAN_POINT('Origin',(163.284333696361,45.,-26.5228140589657));
#19117=CARTESIAN_POINT('',(163.284333696361,45.,-26.5228140589657));
#19118=CARTESIAN_POINT('Origin',(157.284337994759,45.,-26.5156320843699));
#19119=CARTESIAN_POINT('',(157.284337994759,45.,-26.5156320843699));
#19120=CARTESIAN_POINT('Origin',(154.278120371509,45.,-31.7081897972566));
#19121=CARTESIAN_POINT('',(154.278120371509,45.,-31.7081897972566));
#19122=CARTESIAN_POINT('Origin',(157.27189844986,45.,-36.9079294847392));
#19123=CARTESIAN_POINT('Origin',(163.271894151462,45.,-84.915111459335));
#19124=CARTESIAN_POINT('',(157.27189844986,45.,-84.9079294847392));
#19125=CARTESIAN_POINT('',(163.271894151462,45.,-84.915111459335));
#19126=CARTESIAN_POINT('Origin',(166.278111774712,45.,-79.7225537464482));
#19127=CARTESIAN_POINT('',(166.278111774712,45.,-79.7225537464482));
#19128=CARTESIAN_POINT('Origin',(163.284333696361,45.,-74.5228140589657));
#19129=CARTESIAN_POINT('',(163.284333696361,45.,-74.5228140589657));
#19130=CARTESIAN_POINT('Origin',(157.284337994759,45.,-74.5156320843699));
#19131=CARTESIAN_POINT('',(157.284337994759,45.,-74.5156320843699));
#19132=CARTESIAN_POINT('Origin',(154.278120371509,45.,-79.7081897972566));
#19133=CARTESIAN_POINT('',(154.278120371509,45.,-79.7081897972566));
#19134=CARTESIAN_POINT('Origin',(157.27189844986,45.,-84.9079294847392));
#19135=UNCERTAINTY_MEASURE_WITH_UNIT(LENGTH_MEASURE(0.01),#19139,
'DISTANCE_ACCURACY_VALUE',
'Maximum model space distance between geometric entities at asserted c
onnectivities');
#19136=UNCERTAINTY_MEASURE_WITH_UNIT(LENGTH_MEASURE(0.01),#19139,
'DISTANCE_ACCURACY_VALUE',
'Maximum model space distance between geometric entities at asserted c
onnectivities');
#19137=(
GEOMETRIC_REPRESENTATION_CONTEXT(3)
GLOBAL_UNCERTAINTY_ASSIGNED_CONTEXT((#19135))
GLOBAL_UNIT_ASSIGNED_CONTEXT((#19139,#19141,#19142))
REPRESENTATION_CONTEXT('','3D')
);
#19138=(
GEOMETRIC_REPRESENTATION_CONTEXT(3)
GLOBAL_UNCERTAINTY_ASSIGNED_CONTEXT((#19136))
GLOBAL_UNIT_ASSIGNED_CONTEXT((#19139,#19141,#19142))
REPRESENTATION_CONTEXT('','3D')
);
#19139=(
LENGTH_UNIT()
NAMED_UNIT(*)
SI_UNIT(.MILLI.,.METRE.)
);
#19140=(
LENGTH_UNIT()
NAMED_UNIT(*)
SI_UNIT($,.METRE.)
);
#19141=(
NAMED_UNIT(*)
PLANE_ANGLE_UNIT()
SI_UNIT($,.RADIAN.)
);
#19142=(
NAMED_UNIT(*)
SI_UNIT($,.STERADIAN.)
SOLID_ANGLE_UNIT()
);
#19143=SHAPE_DEFINITION_REPRESENTATION(#19144,#19145);
#19144=PRODUCT_DEFINITION_SHAPE('',$,#19147);
#19145=SHAPE_REPRESENTATION('',(#11961),#19137);
#19146=PRODUCT_DEFINITION_CONTEXT('part definition',#19151,'design');
#19147=PRODUCT_DEFINITION('2026-03-18-23-45-34-608','copy 3',#19148,#19146);
#19148=PRODUCT_DEFINITION_FORMATION('',$,#19153);
#19149=PRODUCT_RELATED_PRODUCT_CATEGORY('copy 3','copy 3',(#19153));
#19150=APPLICATION_PROTOCOL_DEFINITION('international standard',
'automotive_design',2009,#19151);
#19151=APPLICATION_CONTEXT(
'Core Data for Automotive Mechanical Design Process');
#19152=PRODUCT_CONTEXT('part definition',#19151,'mechanical');
#19153=PRODUCT('2026-03-18-23-45-34-608','copy 3',$,(#19152));
#19154=PRESENTATION_STYLE_ASSIGNMENT((#19155));
#19155=SURFACE_STYLE_USAGE(.BOTH.,#19156);
#19156=SURFACE_SIDE_STYLE('',(#19157));
#19157=SURFACE_STYLE_FILL_AREA(#19158);
#19158=FILL_AREA_STYLE('Steel - Satin',(#19159));
#19159=FILL_AREA_STYLE_COLOUR('Steel - Satin',#19160);
#19160=COLOUR_RGB('Steel - Satin',0.627450980392157,0.627450980392157,0.627450980392157);
ENDSEC;
END-ISO-10303-21;
