ISO-10303-21;
HEADER;
/* Generated by software containing ST-Developer
 * from STEP Tools, Inc. (www.steptools.com) 
 */

FILE_DESCRIPTION(
/* description */ (''),
/* implementation_level */ '2;1');

FILE_NAME(
/* name */ 'Main frame.step',
/* time_stamp */ '2026-03-31T17:30:10+02:00',
/* author */ (''),
/* organization */ (''),
/* preprocessor_version */ 'ST-DEVELOPER v20.1',
/* originating_system */ 'Autodesk Translation Framework v14.24.0.0',
/* authorisation */ '');

FILE_SCHEMA (('AUTOMOTIVE_DESIGN { 1 0 10303 214 3 1 1 }'));
ENDSEC;

DATA;
#10=MECHANICAL_DESIGN_GEOMETRIC_PRESENTATION_REPRESENTATION('',(#13),#5481);
#11=SHAPE_REPRESENTATION_RELATIONSHIP('SRR','None',#5488,#12);
#12=ADVANCED_BREP_SHAPE_REPRESENTATION('',(#14),#5480);
#13=STYLED_ITEM('',(#5498),#14);
#14=MANIFOLD_SOLID_BREP('Body8',#2982);
#15=TOROIDAL_SURFACE('',#3136,15.,2.);
#16=TOROIDAL_SURFACE('',#3174,15.,2.);
#17=TOROIDAL_SURFACE('',#3180,22.0000000000002,2.);
#18=TOROIDAL_SURFACE('',#3186,22.0000000000002,2.);
#19=TOROIDAL_SURFACE('',#3194,15.,2.);
#20=TOROIDAL_SURFACE('',#3196,15.,2.);
#21=TOROIDAL_SURFACE('',#3202,22.,2.);
#22=TOROIDAL_SURFACE('',#3207,31.9999999999999,2.);
#23=TOROIDAL_SURFACE('',#3220,31.9999999999999,2.);
#24=TOROIDAL_SURFACE('',#3225,22.,2.);
#25=TOROIDAL_SURFACE('',#3229,15.,2.);
#26=TOROIDAL_SURFACE('',#3231,15.,2.);
#27=TOROIDAL_SURFACE('',#3237,12.0000000000003,2.);
#28=TOROIDAL_SURFACE('',#3242,12.,2.);
#29=TOROIDAL_SURFACE('',#3246,15.,2.);
#30=TOROIDAL_SURFACE('',#3257,15.,2.);
#31=TOROIDAL_SURFACE('',#3261,12.0000000000003,2.);
#32=TOROIDAL_SURFACE('',#3266,12.,2.);
#33=TOROIDAL_SURFACE('',#3272,32.0000000000001,2.);
#34=TOROIDAL_SURFACE('',#3277,22.,2.);
#35=TOROIDAL_SURFACE('',#3290,22.,2.);
#36=TOROIDAL_SURFACE('',#3295,32.0000000000001,2.);
#37=B_SPLINE_CURVE_WITH_KNOTS('',3,(#4543,#4544,#4545,#4546,#4547,#4548,
#4549,#4550,#4551,#4552,#4553,#4554,#4555,#4556,#4557,#4558,#4559,#4560),
 .UNSPECIFIED.,.F.,.F.,(4,2,2,2,2,2,2,2,4),(0.,0.127799367487125,0.255598734974251,
0.382165296774802,0.508731858575354,0.635298420375899,0.761864982176443,
0.889664349663566,1.01746371715069),.UNSPECIFIED.);
#38=B_SPLINE_CURVE_WITH_KNOTS('',3,(#4561,#4562,#4563,#4564,#4565,#4566,
#4567,#4568,#4569,#4570,#4571,#4572,#4573,#4574,#4575,#4576,#4577,#4578),
 .UNSPECIFIED.,.F.,.F.,(4,2,2,2,2,2,2,2,4),(1.01746371715069,1.14526308463781,
1.27306245212493,1.39962901392548,1.52619557572602,1.65276213752657,1.77932869932713,
1.90712806681425,2.03492743430138),.UNSPECIFIED.);
#39=B_SPLINE_CURVE_WITH_KNOTS('',3,(#4609,#4610,#4611,#4612,#4613,#4614,
#4615,#4616,#4617,#4618,#4619,#4620,#4621,#4622,#4623,#4624,#4625,#4626),
 .UNSPECIFIED.,.F.,.F.,(4,2,2,2,2,2,2,2,4),(0.,0.127799367487124,0.255598734974248,
0.38216529677479,0.508731858575333,0.635298420375884,0.761864982176435,
0.889664349663561,1.01746371715069),.UNSPECIFIED.);
#40=B_SPLINE_CURVE_WITH_KNOTS('',3,(#4627,#4628,#4629,#4630,#4631,#4632,
#4633,#4634,#4635,#4636,#4637,#4638,#4639,#4640,#4641,#4642,#4643,#4644),
 .UNSPECIFIED.,.F.,.F.,(4,2,2,2,2,2,2,2,4),(1.01746371715069,1.14526308463781,
1.27306245212494,1.39962901392549,1.52619557572604,1.65276213752658,1.77932869932713,
1.90712806681425,2.03492743430137),.UNSPECIFIED.);
#41=B_SPLINE_CURVE_WITH_KNOTS('',3,(#4671,#4672,#4673,#4674,#4675,#4676,
#4677,#4678,#4679,#4680,#4681,#4682,#4683,#4684,#4685,#4686,#4687,#4688),
 .UNSPECIFIED.,.F.,.F.,(4,2,2,2,2,2,2,2,4),(0.,0.127799367487124,0.255598734974248,
0.382165296774796,0.508731858575344,0.635298420375893,0.761864982176442,
0.889664349663566,1.01746371715069),.UNSPECIFIED.);
#42=B_SPLINE_CURVE_WITH_KNOTS('',3,(#4689,#4690,#4691,#4692,#4693,#4694,
#4695,#4696,#4697,#4698,#4699,#4700,#4701,#4702,#4703,#4704,#4705,#4706),
 .UNSPECIFIED.,.F.,.F.,(4,2,2,2,2,2,2,2,4),(1.01746371715069,1.14526308463781,
1.27306245212494,1.39962901392549,1.52619557572604,1.65276213752658,1.77932869932713,
1.90712806681426,2.03492743430138),.UNSPECIFIED.);
#43=B_SPLINE_CURVE_WITH_KNOTS('',3,(#4720,#4721,#4722,#4723,#4724,#4725,
#4726,#4727,#4728,#4729,#4730,#4731,#4732,#4733,#4734,#4735,#4736,#4737),
 .UNSPECIFIED.,.F.,.F.,(4,2,2,2,2,2,2,2,4),(0.,0.127799367487124,0.255598734974248,
0.382165296774796,0.508731858575345,0.635298420375892,0.761864982176439,
0.889664349663564,1.01746371715069),.UNSPECIFIED.);
#44=B_SPLINE_CURVE_WITH_KNOTS('',3,(#4738,#4739,#4740,#4741,#4742,#4743,
#4744,#4745,#4746,#4747,#4748,#4749,#4750,#4751,#4752,#4753,#4754,#4755),
 .UNSPECIFIED.,.F.,.F.,(4,2,2,2,2,2,2,2,4),(1.01746371715069,1.14526308463781,
1.27306245212494,1.39962901392548,1.52619557572603,1.65276213752658,1.77932869932713,
1.90712806681425,2.03492743430138),.UNSPECIFIED.);
#45=B_SPLINE_CURVE_WITH_KNOTS('',3,(#4807,#4808,#4809,#4810,#4811,#4812,
#4813,#4814,#4815,#4816,#4817,#4818,#4819,#4820),.UNSPECIFIED.,.F.,.F.,
(4,2,2,2,2,2,4),(-0.000670518198848851,0.,0.0427306468630288,0.0853472355844483,
0.16465399151228,0.24204824229061,0.31852970529264),.UNSPECIFIED.);
#46=B_SPLINE_CURVE_WITH_KNOTS('',3,(#4824,#4825,#4826,#4827,#4828,#4829,
#4830,#4831,#4832,#4833,#4834,#4835,#4836,#4837),.UNSPECIFIED.,.F.,.F.,
(4,2,2,2,2,2,4),(0.321334660364126,0.396765202397118,0.473661237160651,
0.553676787722831,0.59807160418486,0.642669320730946,0.643342179060492),
 .UNSPECIFIED.);
#47=B_SPLINE_CURVE_WITH_KNOTS('',3,(#4936,#4937,#4938,#4939,#4940,#4941,
#4942,#4943,#4944,#4945,#4946,#4947,#4948,#4949),.UNSPECIFIED.,.F.,.F.,
(4,2,2,2,2,2,4),(0.318529705219396,0.395011168203526,0.472405418963765,
0.551712174873067,0.59432876358452,0.63705941043916,0.637729928637712),
 .UNSPECIFIED.);
#48=B_SPLINE_CURVE_WITH_KNOTS('',3,(#4953,#4954,#4955,#4956,#4957,#4958,
#4959,#4960,#4961,#4962,#4963,#4964,#4965,#4966),.UNSPECIFIED.,.F.,.F.,
(4,2,2,2,2,2,4),(-0.000672858330340581,0.,0.0445977165591943,0.0889925330392921,
0.169008083634033,0.245904118428848,0.321334660492529),.UNSPECIFIED.);
#49=B_SPLINE_CURVE_WITH_KNOTS('',3,(#4981,#4982,#4983,#4984,#4985,#4986,
#4987,#4988,#4989,#4990,#4991,#4992,#4993,#4994),.UNSPECIFIED.,.F.,.F.,
(4,2,2,2,2,2,4),(-0.321291844175193,-0.24586857123766,-0.169007083271081,
-0.0890469123208373,-0.0446117442116289,0.,0.000714658967902164),
 .UNSPECIFIED.);
#50=B_SPLINE_CURVE_WITH_KNOTS('',3,(#5011,#5012,#5013,#5014,#5015,#5016,
#5017,#5018,#5019,#5020,#5021,#5022,#5023,#5024),.UNSPECIFIED.,.F.,.F.,
(4,2,2,2,2,2,4),(-0.321515193674506,-0.320801625115703,-0.276257948384647,
-0.231890578343975,-0.152052408623409,-0.0753081939934431,0.),
 .UNSPECIFIED.);
#51=B_SPLINE_CURVE_WITH_KNOTS('',3,(#5035,#5036,#5037,#5038,#5039,#5040,
#5041,#5042,#5043,#5044,#5045,#5046,#5047,#5048),.UNSPECIFIED.,.F.,.F.,
(4,2,2,2,2,2,4),(0.318529705104649,0.395011168060254,0.472405418791553,
0.551712174671163,0.594328763366702,0.637059410206281,0.637729928404923),
 .UNSPECIFIED.);
#52=B_SPLINE_CURVE_WITH_KNOTS('',3,(#5054,#5055,#5056,#5057,#5058,#5059,
#5060,#5061,#5062,#5063,#5064,#5065,#5066,#5067),.UNSPECIFIED.,.F.,.F.,
(4,2,2,2,2,2,4),(-0.000670518198003409,0.,0.0427306468281607,0.0853472355081062,
0.164653991358727,0.24204824206171,0.318529704989368),.UNSPECIFIED.);
#53=B_SPLINE_CURVE_WITH_KNOTS('',3,(#5075,#5076,#5077,#5078,#5079,#5080,
#5081,#5082,#5083,#5084,#5085,#5086,#5087,#5088),.UNSPECIFIED.,.F.,.F.,
(4,2,2,2,2,2,4),(-0.320031615115117,-0.244147160945415,-0.1670654827934,
-0.0874135569947604,-0.043774752089475,0.,0.000731700807999724),
 .UNSPECIFIED.);
#54=B_SPLINE_CURVE_WITH_KNOTS('',3,(#5142,#5143,#5144,#5145,#5146,#5147,
#5148,#5149,#5150,#5151,#5152,#5153,#5154,#5155),.UNSPECIFIED.,.F.,.F.,
(4,2,2,2,2,2,4),(-0.320355296346677,-0.319624526281917,-0.275905456855147,
-0.232322161685068,-0.152771555281388,-0.0757879271001191,0.),
 .UNSPECIFIED.);
#55=B_SPLINE_CURVE_WITH_KNOTS('',3,(#5159,#5160,#5161,#5162,#5163,#5164,
#5165,#5166,#5167,#5168,#5169,#5170,#5171,#5172),.UNSPECIFIED.,.F.,.F.,
(4,2,2,2,2,2,4),(0.319733213333269,0.39576033129848,0.472941992347659,0.552559365153509,
0.595937489315685,0.639466426664942,0.640136891668383),.UNSPECIFIED.);
#56=B_SPLINE_CURVE_WITH_KNOTS('',3,(#5178,#5179,#5180,#5181,#5182,#5183,
#5184,#5185,#5186,#5187,#5188,#5189,#5190,#5191),.UNSPECIFIED.,.F.,.F.,
(4,2,2,2,2,2,4),(-0.00067046500333186,0.,0.0435289373513648,0.0869070615134872,
0.166524434319266,0.243706095368369,0.319733213333503),.UNSPECIFIED.);
#57=B_SPLINE_CURVE_WITH_KNOTS('',3,(#5214,#5215,#5216,#5217,#5218,#5219,
#5220,#5221,#5222,#5223,#5224,#5225,#5226,#5227),.UNSPECIFIED.,.F.,.F.,
(4,2,2,2,2,2,4),(-0.000670465003685253,0.,0.0435289373572321,0.0869070615262982,
0.166524434344821,0.243706095406281,0.319733213383618),.UNSPECIFIED.);
#58=B_SPLINE_CURVE_WITH_KNOTS('',3,(#5230,#5231,#5232,#5233,#5234,#5235,
#5236,#5237,#5238,#5239,#5240,#5241,#5242,#5243),.UNSPECIFIED.,.F.,.F.,
(4,2,2,2,2,2,4),(0.320056577988913,0.395944636931317,0.473043331177815,
0.552721977594572,0.596343394028194,0.640113155977496,0.640820381037788),
 .UNSPECIFIED.);
#59=B_SPLINE_CURVE_WITH_KNOTS('',3,(#5271,#5272,#5273,#5274,#5275,#5276,
#5277,#5278,#5279,#5280,#5281,#5282,#5283,#5284),.UNSPECIFIED.,.F.,.F.,
(4,2,2,2,2,2,4),(-0.000707225060714438,0.,0.0437697619635323,0.0873911784130171,
0.16706982485875,0.244168519133289,0.320056578103294),.UNSPECIFIED.);
#60=B_SPLINE_CURVE_WITH_KNOTS('',3,(#5287,#5288,#5289,#5290,#5291,#5292,
#5293,#5294,#5295,#5296,#5297,#5298,#5299,#5300),.UNSPECIFIED.,.F.,.F.,
(4,2,2,2,2,2,4),(-0.640136891512116,-0.639466426508992,-0.595937489166849,
-0.552559365015689,-0.472941992230041,-0.39576033120045,-0.319733213254506),
 .UNSPECIFIED.);
#61=FACE_BOUND('',#365,.T.);
#62=FACE_BOUND('',#370,.T.);
#63=FACE_BOUND('',#402,.T.);
#64=FACE_BOUND('',#403,.T.);
#65=FACE_BOUND('',#404,.T.);
#66=FACE_BOUND('',#405,.T.);
#67=FACE_BOUND('',#406,.T.);
#68=FACE_BOUND('',#407,.T.);
#69=FACE_BOUND('',#408,.T.);
#70=FACE_BOUND('',#409,.T.);
#71=FACE_BOUND('',#410,.T.);
#72=FACE_BOUND('',#411,.T.);
#73=FACE_BOUND('',#412,.T.);
#74=FACE_BOUND('',#413,.T.);
#75=FACE_BOUND('',#414,.T.);
#76=FACE_BOUND('',#415,.T.);
#77=FACE_BOUND('',#416,.T.);
#78=FACE_BOUND('',#417,.T.);
#79=FACE_BOUND('',#418,.T.);
#80=FACE_BOUND('',#419,.T.);
#81=FACE_BOUND('',#420,.T.);
#82=FACE_BOUND('',#421,.T.);
#83=FACE_BOUND('',#422,.T.);
#84=FACE_BOUND('',#423,.T.);
#85=FACE_BOUND('',#424,.T.);
#86=FACE_BOUND('',#425,.T.);
#87=FACE_BOUND('',#426,.T.);
#88=FACE_BOUND('',#427,.T.);
#89=FACE_BOUND('',#428,.T.);
#90=FACE_BOUND('',#429,.T.);
#91=FACE_BOUND('',#506,.T.);
#92=FACE_BOUND('',#510,.T.);
#93=FACE_BOUND('',#514,.T.);
#94=FACE_BOUND('',#518,.T.);
#95=FACE_BOUND('',#526,.T.);
#96=FACE_BOUND('',#527,.T.);
#97=FACE_BOUND('',#528,.T.);
#98=FACE_BOUND('',#529,.T.);
#99=FACE_BOUND('',#530,.T.);
#100=FACE_BOUND('',#531,.T.);
#101=FACE_BOUND('',#532,.T.);
#102=FACE_BOUND('',#533,.T.);
#103=FACE_BOUND('',#534,.T.);
#104=FACE_BOUND('',#535,.T.);
#105=FACE_BOUND('',#536,.T.);
#106=FACE_BOUND('',#537,.T.);
#107=FACE_BOUND('',#538,.T.);
#108=FACE_BOUND('',#539,.T.);
#109=FACE_BOUND('',#540,.T.);
#110=FACE_BOUND('',#541,.T.);
#111=FACE_BOUND('',#542,.T.);
#112=FACE_BOUND('',#543,.T.);
#113=FACE_BOUND('',#544,.T.);
#114=FACE_BOUND('',#545,.T.);
#115=FACE_BOUND('',#546,.T.);
#116=FACE_BOUND('',#547,.T.);
#117=FACE_BOUND('',#548,.T.);
#118=FACE_BOUND('',#549,.T.);
#119=FACE_BOUND('',#550,.T.);
#120=FACE_BOUND('',#551,.T.);
#121=FACE_BOUND('',#552,.T.);
#122=FACE_BOUND('',#553,.T.);
#123=FACE_BOUND('',#554,.T.);
#124=FACE_BOUND('',#555,.T.);
#125=FACE_BOUND('',#556,.T.);
#126=PLANE('',#3026);
#127=PLANE('',#3027);
#128=PLANE('',#3028);
#129=PLANE('',#3029);
#130=PLANE('',#3031);
#131=PLANE('',#3032);
#132=PLANE('',#3034);
#133=PLANE('',#3035);
#134=PLANE('',#3036);
#135=PLANE('',#3037);
#136=PLANE('',#3039);
#137=PLANE('',#3040);
#138=PLANE('',#3044);
#139=PLANE('',#3045);
#140=PLANE('',#3046);
#141=PLANE('',#3047);
#142=PLANE('',#3048);
#143=PLANE('',#3049);
#144=PLANE('',#3050);
#145=PLANE('',#3051);
#146=PLANE('',#3055);
#147=PLANE('',#3056);
#148=PLANE('',#3060);
#149=PLANE('',#3064);
#150=PLANE('',#3071);
#151=PLANE('',#3072);
#152=PLANE('',#3073);
#153=PLANE('',#3074);
#154=PLANE('',#3082);
#155=PLANE('',#3089);
#156=PLANE('',#3097);
#157=PLANE('',#3100);
#158=PLANE('',#3108);
#159=PLANE('',#3111);
#160=PLANE('',#3119);
#161=PLANE('',#3128);
#162=PLANE('',#3132);
#163=PLANE('',#3139);
#164=PLANE('',#3191);
#165=PLANE('',#3193);
#166=PLANE('',#3211);
#167=PLANE('',#3214);
#168=PLANE('',#3217);
#169=PLANE('',#3248);
#170=PLANE('',#3251);
#171=PLANE('',#3254);
#172=PLANE('',#3281);
#173=PLANE('',#3284);
#174=PLANE('',#3287);
#175=PLANE('',#3327);
#176=PLANE('',#3328);
#177=PLANE('',#3349);
#178=FACE_OUTER_BOUND('',#335,.T.);
#179=FACE_OUTER_BOUND('',#336,.T.);
#180=FACE_OUTER_BOUND('',#337,.T.);
#181=FACE_OUTER_BOUND('',#338,.T.);
#182=FACE_OUTER_BOUND('',#339,.T.);
#183=FACE_OUTER_BOUND('',#340,.T.);
#184=FACE_OUTER_BOUND('',#341,.T.);
#185=FACE_OUTER_BOUND('',#342,.T.);
#186=FACE_OUTER_BOUND('',#343,.T.);
#187=FACE_OUTER_BOUND('',#344,.T.);
#188=FACE_OUTER_BOUND('',#345,.T.);
#189=FACE_OUTER_BOUND('',#346,.T.);
#190=FACE_OUTER_BOUND('',#347,.T.);
#191=FACE_OUTER_BOUND('',#348,.T.);
#192=FACE_OUTER_BOUND('',#349,.T.);
#193=FACE_OUTER_BOUND('',#350,.T.);
#194=FACE_OUTER_BOUND('',#351,.T.);
#195=FACE_OUTER_BOUND('',#352,.T.);
#196=FACE_OUTER_BOUND('',#353,.T.);
#197=FACE_OUTER_BOUND('',#354,.T.);
#198=FACE_OUTER_BOUND('',#355,.T.);
#199=FACE_OUTER_BOUND('',#356,.T.);
#200=FACE_OUTER_BOUND('',#357,.T.);
#201=FACE_OUTER_BOUND('',#358,.T.);
#202=FACE_OUTER_BOUND('',#359,.T.);
#203=FACE_OUTER_BOUND('',#360,.T.);
#204=FACE_OUTER_BOUND('',#361,.T.);
#205=FACE_OUTER_BOUND('',#362,.T.);
#206=FACE_OUTER_BOUND('',#363,.T.);
#207=FACE_OUTER_BOUND('',#364,.T.);
#208=FACE_OUTER_BOUND('',#366,.T.);
#209=FACE_OUTER_BOUND('',#367,.T.);
#210=FACE_OUTER_BOUND('',#368,.T.);
#211=FACE_OUTER_BOUND('',#369,.T.);
#212=FACE_OUTER_BOUND('',#371,.T.);
#213=FACE_OUTER_BOUND('',#372,.T.);
#214=FACE_OUTER_BOUND('',#373,.T.);
#215=FACE_OUTER_BOUND('',#374,.T.);
#216=FACE_OUTER_BOUND('',#375,.T.);
#217=FACE_OUTER_BOUND('',#376,.T.);
#218=FACE_OUTER_BOUND('',#377,.T.);
#219=FACE_OUTER_BOUND('',#378,.T.);
#220=FACE_OUTER_BOUND('',#379,.T.);
#221=FACE_OUTER_BOUND('',#380,.T.);
#222=FACE_OUTER_BOUND('',#381,.T.);
#223=FACE_OUTER_BOUND('',#382,.T.);
#224=FACE_OUTER_BOUND('',#383,.T.);
#225=FACE_OUTER_BOUND('',#384,.T.);
#226=FACE_OUTER_BOUND('',#385,.T.);
#227=FACE_OUTER_BOUND('',#386,.T.);
#228=FACE_OUTER_BOUND('',#387,.T.);
#229=FACE_OUTER_BOUND('',#388,.T.);
#230=FACE_OUTER_BOUND('',#389,.T.);
#231=FACE_OUTER_BOUND('',#390,.T.);
#232=FACE_OUTER_BOUND('',#391,.T.);
#233=FACE_OUTER_BOUND('',#392,.T.);
#234=FACE_OUTER_BOUND('',#393,.T.);
#235=FACE_OUTER_BOUND('',#394,.T.);
#236=FACE_OUTER_BOUND('',#395,.T.);
#237=FACE_OUTER_BOUND('',#396,.T.);
#238=FACE_OUTER_BOUND('',#397,.T.);
#239=FACE_OUTER_BOUND('',#398,.T.);
#240=FACE_OUTER_BOUND('',#399,.T.);
#241=FACE_OUTER_BOUND('',#400,.T.);
#242=FACE_OUTER_BOUND('',#401,.T.);
#243=FACE_OUTER_BOUND('',#430,.T.);
#244=FACE_OUTER_BOUND('',#431,.T.);
#245=FACE_OUTER_BOUND('',#432,.T.);
#246=FACE_OUTER_BOUND('',#433,.T.);
#247=FACE_OUTER_BOUND('',#434,.T.);
#248=FACE_OUTER_BOUND('',#435,.T.);
#249=FACE_OUTER_BOUND('',#436,.T.);
#250=FACE_OUTER_BOUND('',#437,.T.);
#251=FACE_OUTER_BOUND('',#438,.T.);
#252=FACE_OUTER_BOUND('',#439,.T.);
#253=FACE_OUTER_BOUND('',#440,.T.);
#254=FACE_OUTER_BOUND('',#441,.T.);
#255=FACE_OUTER_BOUND('',#442,.T.);
#256=FACE_OUTER_BOUND('',#443,.T.);
#257=FACE_OUTER_BOUND('',#444,.T.);
#258=FACE_OUTER_BOUND('',#445,.T.);
#259=FACE_OUTER_BOUND('',#446,.T.);
#260=FACE_OUTER_BOUND('',#447,.T.);
#261=FACE_OUTER_BOUND('',#448,.T.);
#262=FACE_OUTER_BOUND('',#449,.T.);
#263=FACE_OUTER_BOUND('',#450,.T.);
#264=FACE_OUTER_BOUND('',#451,.T.);
#265=FACE_OUTER_BOUND('',#452,.T.);
#266=FACE_OUTER_BOUND('',#453,.T.);
#267=FACE_OUTER_BOUND('',#454,.T.);
#268=FACE_OUTER_BOUND('',#455,.T.);
#269=FACE_OUTER_BOUND('',#456,.T.);
#270=FACE_OUTER_BOUND('',#457,.T.);
#271=FACE_OUTER_BOUND('',#458,.T.);
#272=FACE_OUTER_BOUND('',#459,.T.);
#273=FACE_OUTER_BOUND('',#460,.T.);
#274=FACE_OUTER_BOUND('',#461,.T.);
#275=FACE_OUTER_BOUND('',#462,.T.);
#276=FACE_OUTER_BOUND('',#463,.T.);
#277=FACE_OUTER_BOUND('',#464,.T.);
#278=FACE_OUTER_BOUND('',#465,.T.);
#279=FACE_OUTER_BOUND('',#466,.T.);
#280=FACE_OUTER_BOUND('',#467,.T.);
#281=FACE_OUTER_BOUND('',#468,.T.);
#282=FACE_OUTER_BOUND('',#469,.T.);
#283=FACE_OUTER_BOUND('',#470,.T.);
#284=FACE_OUTER_BOUND('',#471,.T.);
#285=FACE_OUTER_BOUND('',#472,.T.);
#286=FACE_OUTER_BOUND('',#473,.T.);
#287=FACE_OUTER_BOUND('',#474,.T.);
#288=FACE_OUTER_BOUND('',#475,.T.);
#289=FACE_OUTER_BOUND('',#476,.T.);
#290=FACE_OUTER_BOUND('',#477,.T.);
#291=FACE_OUTER_BOUND('',#478,.T.);
#292=FACE_OUTER_BOUND('',#479,.T.);
#293=FACE_OUTER_BOUND('',#480,.T.);
#294=FACE_OUTER_BOUND('',#481,.T.);
#295=FACE_OUTER_BOUND('',#482,.T.);
#296=FACE_OUTER_BOUND('',#483,.T.);
#297=FACE_OUTER_BOUND('',#484,.T.);
#298=FACE_OUTER_BOUND('',#485,.T.);
#299=FACE_OUTER_BOUND('',#486,.T.);
#300=FACE_OUTER_BOUND('',#487,.T.);
#301=FACE_OUTER_BOUND('',#488,.T.);
#302=FACE_OUTER_BOUND('',#489,.T.);
#303=FACE_OUTER_BOUND('',#490,.T.);
#304=FACE_OUTER_BOUND('',#491,.T.);
#305=FACE_OUTER_BOUND('',#492,.T.);
#306=FACE_OUTER_BOUND('',#493,.T.);
#307=FACE_OUTER_BOUND('',#494,.T.);
#308=FACE_OUTER_BOUND('',#495,.T.);
#309=FACE_OUTER_BOUND('',#496,.T.);
#310=FACE_OUTER_BOUND('',#497,.T.);
#311=FACE_OUTER_BOUND('',#498,.T.);
#312=FACE_OUTER_BOUND('',#499,.T.);
#313=FACE_OUTER_BOUND('',#500,.T.);
#314=FACE_OUTER_BOUND('',#501,.T.);
#315=FACE_OUTER_BOUND('',#502,.T.);
#316=FACE_OUTER_BOUND('',#503,.T.);
#317=FACE_OUTER_BOUND('',#504,.T.);
#318=FACE_OUTER_BOUND('',#505,.T.);
#319=FACE_OUTER_BOUND('',#507,.T.);
#320=FACE_OUTER_BOUND('',#508,.T.);
#321=FACE_OUTER_BOUND('',#509,.T.);
#322=FACE_OUTER_BOUND('',#511,.T.);
#323=FACE_OUTER_BOUND('',#512,.T.);
#324=FACE_OUTER_BOUND('',#513,.T.);
#325=FACE_OUTER_BOUND('',#515,.T.);
#326=FACE_OUTER_BOUND('',#516,.T.);
#327=FACE_OUTER_BOUND('',#517,.T.);
#328=FACE_OUTER_BOUND('',#519,.T.);
#329=FACE_OUTER_BOUND('',#520,.T.);
#330=FACE_OUTER_BOUND('',#521,.T.);
#331=FACE_OUTER_BOUND('',#522,.T.);
#332=FACE_OUTER_BOUND('',#523,.T.);
#333=FACE_OUTER_BOUND('',#524,.T.);
#334=FACE_OUTER_BOUND('',#525,.T.);
#335=EDGE_LOOP('',(#1880,#1881,#1882,#1883,#1884,#1885,#1886,#1887,#1888));
#336=EDGE_LOOP('',(#1889,#1890,#1891));
#337=EDGE_LOOP('',(#1892,#1893,#1894,#1895,#1896,#1897,#1898,#1899,#1900,
#1901,#1902,#1903));
#338=EDGE_LOOP('',(#1904,#1905,#1906,#1907,#1908,#1909,#1910,#1911,#1912,
#1913,#1914,#1915));
#339=EDGE_LOOP('',(#1916,#1917,#1918,#1919));
#340=EDGE_LOOP('',(#1920,#1921,#1922,#1923));
#341=EDGE_LOOP('',(#1924,#1925,#1926,#1927,#1928,#1929,#1930));
#342=EDGE_LOOP('',(#1931,#1932,#1933,#1934));
#343=EDGE_LOOP('',(#1935,#1936,#1937,#1938));
#344=EDGE_LOOP('',(#1939,#1940,#1941,#1942));
#345=EDGE_LOOP('',(#1943,#1944,#1945,#1946));
#346=EDGE_LOOP('',(#1947,#1948,#1949,#1950,#1951,#1952));
#347=EDGE_LOOP('',(#1953,#1954,#1955,#1956));
#348=EDGE_LOOP('',(#1957,#1958,#1959,#1960,#1961));
#349=EDGE_LOOP('',(#1962,#1963,#1964,#1965,#1966,#1967,#1968));
#350=EDGE_LOOP('',(#1969,#1970,#1971,#1972));
#351=EDGE_LOOP('',(#1973,#1974,#1975,#1976));
#352=EDGE_LOOP('',(#1977,#1978,#1979,#1980,#1981));
#353=EDGE_LOOP('',(#1982,#1983,#1984,#1985,#1986,#1987));
#354=EDGE_LOOP('',(#1988,#1989,#1990,#1991));
#355=EDGE_LOOP('',(#1992,#1993,#1994,#1995,#1996));
#356=EDGE_LOOP('',(#1997,#1998,#1999,#2000,#2001,#2002,#2003));
#357=EDGE_LOOP('',(#2004,#2005,#2006,#2007));
#358=EDGE_LOOP('',(#2008,#2009,#2010,#2011,#2012));
#359=EDGE_LOOP('',(#2013,#2014,#2015,#2016,#2017,#2018));
#360=EDGE_LOOP('',(#2019,#2020,#2021,#2022));
#361=EDGE_LOOP('',(#2023,#2024,#2025,#2026,#2027,#2028));
#362=EDGE_LOOP('',(#2029,#2030,#2031,#2032,#2033,#2034));
#363=EDGE_LOOP('',(#2035,#2036,#2037,#2038,#2039));
#364=EDGE_LOOP('',(#2040,#2041,#2042,#2043));
#365=EDGE_LOOP('',(#2044));
#366=EDGE_LOOP('',(#2045,#2046,#2047,#2048));
#367=EDGE_LOOP('',(#2049,#2050,#2051,#2052));
#368=EDGE_LOOP('',(#2053,#2054,#2055,#2056));
#369=EDGE_LOOP('',(#2057,#2058,#2059,#2060));
#370=EDGE_LOOP('',(#2061));
#371=EDGE_LOOP('',(#2062,#2063,#2064,#2065,#2066,#2067));
#372=EDGE_LOOP('',(#2068,#2069,#2070,#2071,#2072));
#373=EDGE_LOOP('',(#2073,#2074,#2075,#2076));
#374=EDGE_LOOP('',(#2077,#2078,#2079,#2080,#2081,#2082,#2083));
#375=EDGE_LOOP('',(#2084,#2085,#2086,#2087,#2088,#2089,#2090,#2091,#2092,
#2093,#2094,#2095,#2096,#2097));
#376=EDGE_LOOP('',(#2098,#2099,#2100,#2101,#2102));
#377=EDGE_LOOP('',(#2103,#2104,#2105,#2106,#2107,#2108,#2109,#2110,#2111));
#378=EDGE_LOOP('',(#2112,#2113));
#379=EDGE_LOOP('',(#2114,#2115,#2116,#2117,#2118,#2119,#2120));
#380=EDGE_LOOP('',(#2121,#2122,#2123,#2124,#2125,#2126,#2127,#2128,#2129,
#2130,#2131,#2132,#2133));
#381=EDGE_LOOP('',(#2134,#2135,#2136,#2137,#2138));
#382=EDGE_LOOP('',(#2139,#2140,#2141,#2142,#2143,#2144,#2145,#2146));
#383=EDGE_LOOP('',(#2147,#2148));
#384=EDGE_LOOP('',(#2149,#2150,#2151,#2152,#2153,#2154,#2155,#2156,#2157,
#2158));
#385=EDGE_LOOP('',(#2159,#2160,#2161,#2162,#2163));
#386=EDGE_LOOP('',(#2164,#2165,#2166,#2167,#2168,#2169,#2170,#2171));
#387=EDGE_LOOP('',(#2172,#2173));
#388=EDGE_LOOP('',(#2174,#2175,#2176,#2177,#2178,#2179,#2180,#2181,#2182,
#2183));
#389=EDGE_LOOP('',(#2184,#2185));
#390=EDGE_LOOP('',(#2186,#2187,#2188,#2189,#2190,#2191,#2192));
#391=EDGE_LOOP('',(#2193,#2194,#2195,#2196,#2197,#2198,#2199,#2200,#2201,
#2202,#2203,#2204,#2205));
#392=EDGE_LOOP('',(#2206,#2207,#2208,#2209,#2210));
#393=EDGE_LOOP('',(#2211,#2212,#2213));
#394=EDGE_LOOP('',(#2214,#2215,#2216,#2217));
#395=EDGE_LOOP('',(#2218,#2219,#2220,#2221));
#396=EDGE_LOOP('',(#2222,#2223,#2224,#2225));
#397=EDGE_LOOP('',(#2226,#2227,#2228,#2229));
#398=EDGE_LOOP('',(#2230,#2231,#2232,#2233));
#399=EDGE_LOOP('',(#2234,#2235,#2236,#2237));
#400=EDGE_LOOP('',(#2238,#2239,#2240,#2241));
#401=EDGE_LOOP('',(#2242,#2243,#2244,#2245,#2246,#2247,#2248,#2249,#2250,
#2251,#2252,#2253,#2254,#2255,#2256,#2257,#2258,#2259,#2260,#2261,#2262,
#2263));
#402=EDGE_LOOP('',(#2264,#2265,#2266,#2267,#2268,#2269,#2270,#2271,#2272,
#2273,#2274,#2275,#2276,#2277,#2278,#2279));
#403=EDGE_LOOP('',(#2280));
#404=EDGE_LOOP('',(#2281));
#405=EDGE_LOOP('',(#2282,#2283,#2284,#2285));
#406=EDGE_LOOP('',(#2286));
#407=EDGE_LOOP('',(#2287));
#408=EDGE_LOOP('',(#2288));
#409=EDGE_LOOP('',(#2289));
#410=EDGE_LOOP('',(#2290));
#411=EDGE_LOOP('',(#2291));
#412=EDGE_LOOP('',(#2292));
#413=EDGE_LOOP('',(#2293));
#414=EDGE_LOOP('',(#2294));
#415=EDGE_LOOP('',(#2295,#2296,#2297));
#416=EDGE_LOOP('',(#2298));
#417=EDGE_LOOP('',(#2299));
#418=EDGE_LOOP('',(#2300));
#419=EDGE_LOOP('',(#2301));
#420=EDGE_LOOP('',(#2302));
#421=EDGE_LOOP('',(#2303));
#422=EDGE_LOOP('',(#2304));
#423=EDGE_LOOP('',(#2305));
#424=EDGE_LOOP('',(#2306));
#425=EDGE_LOOP('',(#2307));
#426=EDGE_LOOP('',(#2308));
#427=EDGE_LOOP('',(#2309));
#428=EDGE_LOOP('',(#2310));
#429=EDGE_LOOP('',(#2311));
#430=EDGE_LOOP('',(#2312,#2313,#2314,#2315));
#431=EDGE_LOOP('',(#2316,#2317,#2318,#2319));
#432=EDGE_LOOP('',(#2320,#2321,#2322,#2323));
#433=EDGE_LOOP('',(#2324,#2325,#2326,#2327));
#434=EDGE_LOOP('',(#2328,#2329,#2330,#2331));
#435=EDGE_LOOP('',(#2332,#2333,#2334,#2335));
#436=EDGE_LOOP('',(#2336,#2337,#2338,#2339));
#437=EDGE_LOOP('',(#2340,#2341,#2342,#2343));
#438=EDGE_LOOP('',(#2344,#2345,#2346,#2347));
#439=EDGE_LOOP('',(#2348,#2349,#2350,#2351));
#440=EDGE_LOOP('',(#2352,#2353,#2354,#2355));
#441=EDGE_LOOP('',(#2356,#2357,#2358,#2359));
#442=EDGE_LOOP('',(#2360,#2361,#2362,#2363));
#443=EDGE_LOOP('',(#2364,#2365,#2366,#2367));
#444=EDGE_LOOP('',(#2368,#2369,#2370,#2371));
#445=EDGE_LOOP('',(#2372,#2373,#2374,#2375));
#446=EDGE_LOOP('',(#2376,#2377,#2378,#2379));
#447=EDGE_LOOP('',(#2380,#2381,#2382,#2383));
#448=EDGE_LOOP('',(#2384,#2385,#2386,#2387));
#449=EDGE_LOOP('',(#2388,#2389,#2390,#2391));
#450=EDGE_LOOP('',(#2392,#2393,#2394,#2395));
#451=EDGE_LOOP('',(#2396,#2397,#2398,#2399));
#452=EDGE_LOOP('',(#2400,#2401,#2402,#2403));
#453=EDGE_LOOP('',(#2404,#2405,#2406,#2407));
#454=EDGE_LOOP('',(#2408,#2409,#2410,#2411));
#455=EDGE_LOOP('',(#2412,#2413,#2414,#2415));
#456=EDGE_LOOP('',(#2416,#2417,#2418,#2419));
#457=EDGE_LOOP('',(#2420,#2421,#2422,#2423));
#458=EDGE_LOOP('',(#2424,#2425,#2426,#2427));
#459=EDGE_LOOP('',(#2428,#2429,#2430,#2431));
#460=EDGE_LOOP('',(#2432,#2433,#2434,#2435));
#461=EDGE_LOOP('',(#2436,#2437,#2438,#2439));
#462=EDGE_LOOP('',(#2440,#2441,#2442,#2443));
#463=EDGE_LOOP('',(#2444,#2445,#2446,#2447));
#464=EDGE_LOOP('',(#2448,#2449,#2450,#2451));
#465=EDGE_LOOP('',(#2452,#2453,#2454,#2455));
#466=EDGE_LOOP('',(#2456,#2457,#2458,#2459));
#467=EDGE_LOOP('',(#2460,#2461,#2462,#2463));
#468=EDGE_LOOP('',(#2464,#2465,#2466,#2467));
#469=EDGE_LOOP('',(#2468,#2469,#2470,#2471));
#470=EDGE_LOOP('',(#2472,#2473,#2474,#2475));
#471=EDGE_LOOP('',(#2476,#2477,#2478,#2479));
#472=EDGE_LOOP('',(#2480,#2481,#2482,#2483));
#473=EDGE_LOOP('',(#2484,#2485,#2486,#2487));
#474=EDGE_LOOP('',(#2488,#2489,#2490,#2491));
#475=EDGE_LOOP('',(#2492,#2493,#2494,#2495));
#476=EDGE_LOOP('',(#2496,#2497,#2498,#2499));
#477=EDGE_LOOP('',(#2500,#2501,#2502,#2503));
#478=EDGE_LOOP('',(#2504,#2505,#2506,#2507));
#479=EDGE_LOOP('',(#2508,#2509,#2510,#2511));
#480=EDGE_LOOP('',(#2512,#2513,#2514,#2515));
#481=EDGE_LOOP('',(#2516,#2517,#2518,#2519));
#482=EDGE_LOOP('',(#2520,#2521,#2522,#2523));
#483=EDGE_LOOP('',(#2524,#2525,#2526,#2527));
#484=EDGE_LOOP('',(#2528,#2529,#2530,#2531));
#485=EDGE_LOOP('',(#2532,#2533,#2534,#2535));
#486=EDGE_LOOP('',(#2536,#2537,#2538,#2539));
#487=EDGE_LOOP('',(#2540,#2541,#2542,#2543));
#488=EDGE_LOOP('',(#2544,#2545,#2546,#2547));
#489=EDGE_LOOP('',(#2548,#2549,#2550,#2551));
#490=EDGE_LOOP('',(#2552,#2553,#2554,#2555));
#491=EDGE_LOOP('',(#2556,#2557,#2558,#2559));
#492=EDGE_LOOP('',(#2560,#2561,#2562,#2563));
#493=EDGE_LOOP('',(#2564,#2565,#2566,#2567));
#494=EDGE_LOOP('',(#2568,#2569,#2570,#2571));
#495=EDGE_LOOP('',(#2572,#2573,#2574,#2575));
#496=EDGE_LOOP('',(#2576,#2577,#2578,#2579));
#497=EDGE_LOOP('',(#2580,#2581,#2582,#2583));
#498=EDGE_LOOP('',(#2584,#2585,#2586,#2587));
#499=EDGE_LOOP('',(#2588,#2589,#2590,#2591));
#500=EDGE_LOOP('',(#2592,#2593,#2594,#2595));
#501=EDGE_LOOP('',(#2596,#2597,#2598,#2599));
#502=EDGE_LOOP('',(#2600,#2601,#2602,#2603));
#503=EDGE_LOOP('',(#2604,#2605,#2606,#2607));
#504=EDGE_LOOP('',(#2608,#2609,#2610,#2611));
#505=EDGE_LOOP('',(#2612,#2613,#2614,#2615));
#506=EDGE_LOOP('',(#2616,#2617));
#507=EDGE_LOOP('',(#2618,#2619,#2620,#2621));
#508=EDGE_LOOP('',(#2622,#2623,#2624,#2625));
#509=EDGE_LOOP('',(#2626,#2627,#2628,#2629));
#510=EDGE_LOOP('',(#2630,#2631));
#511=EDGE_LOOP('',(#2632,#2633,#2634,#2635));
#512=EDGE_LOOP('',(#2636,#2637,#2638,#2639));
#513=EDGE_LOOP('',(#2640,#2641,#2642,#2643));
#514=EDGE_LOOP('',(#2644,#2645));
#515=EDGE_LOOP('',(#2646,#2647,#2648,#2649));
#516=EDGE_LOOP('',(#2650,#2651,#2652,#2653));
#517=EDGE_LOOP('',(#2654,#2655,#2656,#2657));
#518=EDGE_LOOP('',(#2658,#2659));
#519=EDGE_LOOP('',(#2660,#2661,#2662,#2663));
#520=EDGE_LOOP('',(#2664,#2665,#2666,#2667));
#521=EDGE_LOOP('',(#2668,#2669,#2670,#2671));
#522=EDGE_LOOP('',(#2672,#2673,#2674,#2675));
#523=EDGE_LOOP('',(#2676,#2677,#2678,#2679));
#524=EDGE_LOOP('',(#2680,#2681,#2682,#2683));
#525=EDGE_LOOP('',(#2684,#2685,#2686,#2687,#2688,#2689,#2690,#2691,#2692,
#2693,#2694,#2695,#2696,#2697,#2698,#2699,#2700,#2701,#2702,#2703,#2704,
#2705));
#526=EDGE_LOOP('',(#2706));
#527=EDGE_LOOP('',(#2707));
#528=EDGE_LOOP('',(#2708));
#529=EDGE_LOOP('',(#2709));
#530=EDGE_LOOP('',(#2710));
#531=EDGE_LOOP('',(#2711));
#532=EDGE_LOOP('',(#2712,#2713,#2714,#2715));
#533=EDGE_LOOP('',(#2716));
#534=EDGE_LOOP('',(#2717));
#535=EDGE_LOOP('',(#2718));
#536=EDGE_LOOP('',(#2719));
#537=EDGE_LOOP('',(#2720));
#538=EDGE_LOOP('',(#2721));
#539=EDGE_LOOP('',(#2722));
#540=EDGE_LOOP('',(#2723));
#541=EDGE_LOOP('',(#2724));
#542=EDGE_LOOP('',(#2725,#2726,#2727));
#543=EDGE_LOOP('',(#2728));
#544=EDGE_LOOP('',(#2729));
#545=EDGE_LOOP('',(#2730));
#546=EDGE_LOOP('',(#2731));
#547=EDGE_LOOP('',(#2732));
#548=EDGE_LOOP('',(#2733));
#549=EDGE_LOOP('',(#2734));
#550=EDGE_LOOP('',(#2735));
#551=EDGE_LOOP('',(#2736));
#552=EDGE_LOOP('',(#2737));
#553=EDGE_LOOP('',(#2738));
#554=EDGE_LOOP('',(#2739));
#555=EDGE_LOOP('',(#2740));
#556=EDGE_LOOP('',(#2741));
#557=ELLIPSE('',#2998,4.59619407771256,3.25);
#558=ELLIPSE('',#2999,4.59619407771256,3.25);
#559=ELLIPSE('',#3001,4.59619407771256,3.25);
#560=ELLIPSE('',#3002,4.59619407771256,3.25);
#561=ELLIPSE('',#3005,4.59619407771256,3.25);
#562=ELLIPSE('',#3077,4.59619407771256,3.25);
#563=ELLIPSE('',#3078,4.59619407771256,3.25);
#564=ELLIPSE('',#3080,4.59619407771256,3.25);
#565=ELLIPSE('',#3081,4.59619407771256,3.25);
#566=ELLIPSE('',#3085,3.30135212566167,3.25);
#567=ELLIPSE('',#3086,3.30135212566167,3.25);
#568=ELLIPSE('',#3087,3.30135212566168,3.25);
#569=ELLIPSE('',#3093,4.59619407771258,3.25);
#570=ELLIPSE('',#3094,4.59619407771258,3.25);
#571=ELLIPSE('',#3096,4.59619407771258,3.25);
#572=ELLIPSE('',#3104,4.59619407771255,3.25);
#573=ELLIPSE('',#3105,4.59619407771255,3.25);
#574=ELLIPSE('',#3107,4.59619407771255,3.25);
#575=ELLIPSE('',#3114,3.30135212566168,3.25);
#576=ELLIPSE('',#3115,3.30135212566168,3.25);
#577=ELLIPSE('',#3116,3.30135212566167,3.25);
#578=ELLIPSE('',#3118,4.59619407771256,3.25);
#579=CIRCLE('',#2997,3.25);
#580=CIRCLE('',#3000,3.25);
#581=CIRCLE('',#3004,3.25);
#582=CIRCLE('',#3007,2.1);
#583=CIRCLE('',#3008,2.1);
#584=CIRCLE('',#3009,2.1);
#585=CIRCLE('',#3010,2.1);
#586=CIRCLE('',#3011,2.1);
#587=CIRCLE('',#3012,2.1);
#588=CIRCLE('',#3014,2.1);
#589=CIRCLE('',#3015,2.1);
#590=CIRCLE('',#3016,2.1);
#591=CIRCLE('',#3017,2.1);
#592=CIRCLE('',#3018,2.1);
#593=CIRCLE('',#3019,2.1);
#594=CIRCLE('',#3021,2.1);
#595=CIRCLE('',#3022,2.1);
#596=CIRCLE('',#3024,2.1);
#597=CIRCLE('',#3025,2.1);
#598=CIRCLE('',#3030,2.00000000000001);
#599=CIRCLE('',#3033,1.99999999999999);
#600=CIRCLE('',#3038,2.00000000000001);
#601=CIRCLE('',#3042,2.00000000000001);
#602=CIRCLE('',#3043,2.00000000000001);
#603=CIRCLE('',#3053,1.99999999999999);
#604=CIRCLE('',#3054,1.99999999999999);
#605=CIRCLE('',#3058,2.);
#606=CIRCLE('',#3059,2.);
#607=CIRCLE('',#3062,2.00000000000001);
#608=CIRCLE('',#3063,2.00000000000001);
#609=CIRCLE('',#3066,2.00000000000001);
#610=CIRCLE('',#3067,2.00000000000001);
#611=CIRCLE('',#3069,2.00000000000001);
#612=CIRCLE('',#3070,2.00000000000001);
#613=CIRCLE('',#3075,3.25);
#614=CIRCLE('',#3079,3.25);
#615=CIRCLE('',#3083,3.25);
#616=CIRCLE('',#3090,3.25);
#617=CIRCLE('',#3091,3.25);
#618=CIRCLE('',#3095,3.25);
#619=CIRCLE('',#3098,3.25);
#620=CIRCLE('',#3101,3.25);
#621=CIRCLE('',#3102,3.25);
#622=CIRCLE('',#3106,3.25);
#623=CIRCLE('',#3109,3.25);
#624=CIRCLE('',#3112,3.25);
#625=CIRCLE('',#3120,3.25);
#626=CIRCLE('',#3123,0.85);
#627=CIRCLE('',#3124,0.85);
#628=CIRCLE('',#3126,0.85);
#629=CIRCLE('',#3127,0.85);
#630=CIRCLE('',#3130,2.);
#631=CIRCLE('',#3131,2.);
#632=CIRCLE('',#3134,2.);
#633=CIRCLE('',#3135,2.);
#634=CIRCLE('',#3137,15.);
#635=CIRCLE('',#3138,17.);
#636=CIRCLE('',#3140,32.0000000000001);
#637=CIRCLE('',#3141,22.);
#638=CIRCLE('',#3142,15.);
#639=CIRCLE('',#3143,12.);
#640=CIRCLE('',#3144,12.0000000000003);
#641=CIRCLE('',#3145,15.);
#642=CIRCLE('',#3146,22.);
#643=CIRCLE('',#3147,31.9999999999999);
#644=CIRCLE('',#3148,15.);
#645=CIRCLE('',#3149,22.0000000000002);
#646=CIRCLE('',#3150,1.6);
#647=CIRCLE('',#3151,1.6);
#648=CIRCLE('',#3152,1.6);
#649=CIRCLE('',#3153,1.6);
#650=CIRCLE('',#3154,1.6);
#651=CIRCLE('',#3155,1.6);
#652=CIRCLE('',#3156,5.);
#653=CIRCLE('',#3157,1.6);
#654=CIRCLE('',#3158,1.6);
#655=CIRCLE('',#3159,5.);
#656=CIRCLE('',#3160,5.);
#657=CIRCLE('',#3161,1.6);
#658=CIRCLE('',#3162,1.6);
#659=CIRCLE('',#3163,5.);
#660=CIRCLE('',#3164,1.6);
#661=CIRCLE('',#3165,1.6);
#662=CIRCLE('',#3166,1.6);
#663=CIRCLE('',#3167,1.6);
#664=CIRCLE('',#3168,1.6);
#665=CIRCLE('',#3169,1.6);
#666=CIRCLE('',#3170,1.6);
#667=CIRCLE('',#3171,1.6);
#668=CIRCLE('',#3172,1.6);
#669=CIRCLE('',#3173,1.6);
#670=CIRCLE('',#3175,17.);
#671=CIRCLE('',#3176,15.);
#672=CIRCLE('',#3179,2.);
#673=CIRCLE('',#3181,2.);
#674=CIRCLE('',#3182,20.0000000000002);
#675=CIRCLE('',#3185,2.00000000000004);
#676=CIRCLE('',#3187,2.00000000000001);
#677=CIRCLE('',#3188,22.0000000000002);
#678=CIRCLE('',#3189,20.0000000000002);
#679=CIRCLE('',#3195,17.);
#680=CIRCLE('',#3197,17.);
#681=CIRCLE('',#3198,15.);
#682=CIRCLE('',#3201,2.);
#683=CIRCLE('',#3203,2.);
#684=CIRCLE('',#3204,20.);
#685=CIRCLE('',#3206,2.);
#686=CIRCLE('',#3208,2.);
#687=CIRCLE('',#3209,29.9999999999999);
#688=CIRCLE('',#3213,29.9999999999999);
#689=CIRCLE('',#3216,20.);
#690=CIRCLE('',#3219,2.00000000000001);
#691=CIRCLE('',#3221,2.00000000000001);
#692=CIRCLE('',#3222,31.9999999999999);
#693=CIRCLE('',#3224,2.);
#694=CIRCLE('',#3226,2.00000000000001);
#695=CIRCLE('',#3227,22.);
#696=CIRCLE('',#3230,17.);
#697=CIRCLE('',#3232,17.);
#698=CIRCLE('',#3233,15.);
#699=CIRCLE('',#3236,2.);
#700=CIRCLE('',#3238,2.);
#701=CIRCLE('',#3239,10.0000000000003);
#702=CIRCLE('',#3241,2.);
#703=CIRCLE('',#3243,2.);
#704=CIRCLE('',#3244,10.);
#705=CIRCLE('',#3247,17.);
#706=CIRCLE('',#3250,10.0000000000003);
#707=CIRCLE('',#3253,10.);
#708=CIRCLE('',#3256,17.);
#709=CIRCLE('',#3258,15.);
#710=CIRCLE('',#3260,2.00000000000001);
#711=CIRCLE('',#3262,1.99999999999999);
#712=CIRCLE('',#3263,12.0000000000003);
#713=CIRCLE('',#3265,1.99999999999999);
#714=CIRCLE('',#3267,2.00000000000001);
#715=CIRCLE('',#3268,12.);
#716=CIRCLE('',#3271,2.);
#717=CIRCLE('',#3273,2.00000000000001);
#718=CIRCLE('',#3274,30.0000000000001);
#719=CIRCLE('',#3276,2.00000000000001);
#720=CIRCLE('',#3278,2.);
#721=CIRCLE('',#3279,20.);
#722=CIRCLE('',#3283,20.);
#723=CIRCLE('',#3286,30.0000000000001);
#724=CIRCLE('',#3289,2.00000000000001);
#725=CIRCLE('',#3291,2.);
#726=CIRCLE('',#3292,22.);
#727=CIRCLE('',#3294,2.);
#728=CIRCLE('',#3296,2.00000000000001);
#729=CIRCLE('',#3297,32.0000000000001);
#730=CIRCLE('',#3300,1.6);
#731=CIRCLE('',#3302,1.6);
#732=CIRCLE('',#3304,1.6);
#733=CIRCLE('',#3306,1.6);
#734=CIRCLE('',#3308,1.6);
#735=CIRCLE('',#3310,1.6);
#736=CIRCLE('',#3312,1.6);
#737=CIRCLE('',#3314,1.6);
#738=CIRCLE('',#3316,1.6);
#739=CIRCLE('',#3318,1.6);
#740=CIRCLE('',#3320,5.);
#741=CIRCLE('',#3322,1.6);
#742=CIRCLE('',#3324,1.6);
#743=CIRCLE('',#3326,5.);
#744=CIRCLE('',#3330,5.);
#745=CIRCLE('',#3332,1.6);
#746=CIRCLE('',#3334,1.6);
#747=CIRCLE('',#3336,5.);
#748=CIRCLE('',#3338,1.6);
#749=CIRCLE('',#3340,1.6);
#750=CIRCLE('',#3342,1.6);
#751=CIRCLE('',#3344,1.6);
#752=CIRCLE('',#3346,1.6);
#753=CIRCLE('',#3348,1.6);
#754=LINE('',#4274,#964);
#755=LINE('',#4282,#965);
#756=LINE('',#4290,#966);
#757=LINE('',#4298,#967);
#758=LINE('',#4302,#968);
#759=LINE('',#4306,#969);
#760=LINE('',#4310,#970);
#761=LINE('',#4314,#971);
#762=LINE('',#4319,#972);
#763=LINE('',#4323,#973);
#764=LINE('',#4327,#974);
#765=LINE('',#4331,#975);
#766=LINE('',#4336,#976);
#767=LINE('',#4342,#977);
#768=LINE('',#4348,#978);
#769=LINE('',#4352,#979);
#770=LINE('',#4354,#980);
#771=LINE('',#4356,#981);
#772=LINE('',#4358,#982);
#773=LINE('',#4359,#983);
#774=LINE('',#4362,#984);
#775=LINE('',#4363,#985);
#776=LINE('',#4366,#986);
#777=LINE('',#4367,#987);
#778=LINE('',#4370,#988);
#779=LINE('',#4374,#989);
#780=LINE('',#4376,#990);
#781=LINE('',#4377,#991);
#782=LINE('',#4380,#992);
#783=LINE('',#4382,#993);
#784=LINE('',#4384,#994);
#785=LINE('',#4387,#995);
#786=LINE('',#4390,#996);
#787=LINE('',#4391,#997);
#788=LINE('',#4394,#998);
#789=LINE('',#4395,#999);
#790=LINE('',#4398,#1000);
#791=LINE('',#4400,#1001);
#792=LINE('',#4402,#1002);
#793=LINE('',#4404,#1003);
#794=LINE('',#4405,#1004);
#795=LINE('',#4409,#1005);
#796=LINE('',#4412,#1006);
#797=LINE('',#4413,#1007);
#798=LINE('',#4416,#1008);
#799=LINE('',#4420,#1009);
#800=LINE('',#4424,#1010);
#801=LINE('',#4426,#1011);
#802=LINE('',#4428,#1012);
#803=LINE('',#4429,#1013);
#804=LINE('',#4432,#1014);
#805=LINE('',#4433,#1015);
#806=LINE('',#4436,#1016);
#807=LINE('',#4438,#1017);
#808=LINE('',#4440,#1018);
#809=LINE('',#4441,#1019);
#810=LINE('',#4444,#1020);
#811=LINE('',#4445,#1021);
#812=LINE('',#4447,#1022);
#813=LINE('',#4449,#1023);
#814=LINE('',#4452,#1024);
#815=LINE('',#4454,#1025);
#816=LINE('',#4455,#1026);
#817=LINE('',#4457,#1027);
#818=LINE('',#4462,#1028);
#819=LINE('',#4465,#1029);
#820=LINE('',#4468,#1030);
#821=LINE('',#4469,#1031);
#822=LINE('',#4472,#1032);
#823=LINE('',#4474,#1033);
#824=LINE('',#4475,#1034);
#825=LINE('',#4481,#1035);
#826=LINE('',#4484,#1036);
#827=LINE('',#4486,#1037);
#828=LINE('',#4487,#1038);
#829=LINE('',#4493,#1039);
#830=LINE('',#4496,#1040);
#831=LINE('',#4498,#1041);
#832=LINE('',#4499,#1042);
#833=LINE('',#4508,#1043);
#834=LINE('',#4510,#1044);
#835=LINE('',#4511,#1045);
#836=LINE('',#4513,#1046);
#837=LINE('',#4518,#1047);
#838=LINE('',#4520,#1048);
#839=LINE('',#4521,#1049);
#840=LINE('',#4529,#1050);
#841=LINE('',#4541,#1051);
#842=LINE('',#4583,#1052);
#843=LINE('',#4587,#1053);
#844=LINE('',#4589,#1054);
#845=LINE('',#4591,#1055);
#846=LINE('',#4601,#1056);
#847=LINE('',#4645,#1057);
#848=LINE('',#4649,#1058);
#849=LINE('',#4651,#1059);
#850=LINE('',#4653,#1060);
#851=LINE('',#4663,#1061);
#852=LINE('',#4707,#1062);
#853=LINE('',#4711,#1063);
#854=LINE('',#4718,#1064);
#855=LINE('',#4761,#1065);
#856=LINE('',#4763,#1066);
#857=LINE('',#4764,#1067);
#858=LINE('',#4772,#1068);
#859=LINE('',#4778,#1069);
#860=LINE('',#4783,#1070);
#861=LINE('',#4785,#1071);
#862=LINE('',#4787,#1072);
#863=LINE('',#4788,#1073);
#864=LINE('',#4793,#1074);
#865=LINE('',#4797,#1075);
#866=LINE('',#4799,#1076);
#867=LINE('',#4800,#1077);
#868=LINE('',#4841,#1078);
#869=LINE('',#4843,#1079);
#870=LINE('',#4847,#1080);
#871=LINE('',#4851,#1081);
#872=LINE('',#4855,#1082);
#873=LINE('',#4859,#1083);
#874=LINE('',#4863,#1084);
#875=LINE('',#4867,#1085);
#876=LINE('',#4871,#1086);
#877=LINE('',#4875,#1087);
#878=LINE('',#4879,#1088);
#879=LINE('',#4903,#1089);
#880=LINE('',#4904,#1090);
#881=LINE('',#4969,#1091);
#882=LINE('',#4970,#1092);
#883=LINE('',#4974,#1093);
#884=LINE('',#4995,#1094);
#885=LINE('',#5000,#1095);
#886=LINE('',#5001,#1096);
#887=LINE('',#5025,#1097);
#888=LINE('',#5026,#1098);
#889=LINE('',#5028,#1099);
#890=LINE('',#5029,#1100);
#891=LINE('',#5031,#1101);
#892=LINE('',#5070,#1102);
#893=LINE('',#5089,#1103);
#894=LINE('',#5097,#1104);
#895=LINE('',#5103,#1105);
#896=LINE('',#5106,#1106);
#897=LINE('',#5107,#1107);
#898=LINE('',#5110,#1108);
#899=LINE('',#5114,#1109);
#900=LINE('',#5115,#1110);
#901=LINE('',#5118,#1111);
#902=LINE('',#5122,#1112);
#903=LINE('',#5123,#1113);
#904=LINE('',#5127,#1114);
#905=LINE('',#5135,#1115);
#906=LINE('',#5156,#1116);
#907=LINE('',#5194,#1117);
#908=LINE('',#5198,#1118);
#909=LINE('',#5206,#1119);
#910=LINE('',#5213,#1120);
#911=LINE('',#5247,#1121);
#912=LINE('',#5248,#1122);
#913=LINE('',#5251,#1123);
#914=LINE('',#5255,#1124);
#915=LINE('',#5256,#1125);
#916=LINE('',#5259,#1126);
#917=LINE('',#5263,#1127);
#918=LINE('',#5264,#1128);
#919=LINE('',#5267,#1129);
#920=LINE('',#5304,#1130);
#921=LINE('',#5312,#1131);
#922=LINE('',#5318,#1132);
#923=LINE('',#5322,#1133);
#924=LINE('',#5330,#1134);
#925=LINE('',#5336,#1135);
#926=LINE('',#5339,#1136);
#927=LINE('',#5340,#1137);
#928=LINE('',#5343,#1138);
#929=LINE('',#5347,#1139);
#930=LINE('',#5348,#1140);
#931=LINE('',#5351,#1141);
#932=LINE('',#5354,#1142);
#933=LINE('',#5358,#1143);
#934=LINE('',#5366,#1144);
#935=LINE('',#5372,#1145);
#936=LINE('',#5376,#1146);
#937=LINE('',#5380,#1147);
#938=LINE('',#5384,#1148);
#939=LINE('',#5388,#1149);
#940=LINE('',#5392,#1150);
#941=LINE('',#5396,#1151);
#942=LINE('',#5400,#1152);
#943=LINE('',#5404,#1153);
#944=LINE('',#5408,#1154);
#945=LINE('',#5412,#1155);
#946=LINE('',#5416,#1156);
#947=LINE('',#5420,#1157);
#948=LINE('',#5424,#1158);
#949=LINE('',#5428,#1159);
#950=LINE('',#5431,#1160);
#951=LINE('',#5433,#1161);
#952=LINE('',#5434,#1162);
#953=LINE('',#5437,#1163);
#954=LINE('',#5438,#1164);
#955=LINE('',#5444,#1165);
#956=LINE('',#5448,#1166);
#957=LINE('',#5452,#1167);
#958=LINE('',#5456,#1168);
#959=LINE('',#5460,#1169);
#960=LINE('',#5464,#1170);
#961=LINE('',#5468,#1171);
#962=LINE('',#5472,#1172);
#963=LINE('',#5476,#1173);
#964=VECTOR('',#3354,3.25);
#965=VECTOR('',#3361,3.25);
#966=VECTOR('',#3370,3.25);
#967=VECTOR('',#3379,2.1);
#968=VECTOR('',#3382,10.);
#969=VECTOR('',#3385,10.);
#970=VECTOR('',#3388,2.1);
#971=VECTOR('',#3391,10.);
#972=VECTOR('',#3396,2.1);
#973=VECTOR('',#3399,10.);
#974=VECTOR('',#3402,10.);
#975=VECTOR('',#3405,2.1);
#976=VECTOR('',#3410,10.);
#977=VECTOR('',#3417,10.);
#978=VECTOR('',#3424,10.);
#979=VECTOR('',#3429,10.);
#980=VECTOR('',#3430,10.);
#981=VECTOR('',#3431,10.);
#982=VECTOR('',#3432,10.);
#983=VECTOR('',#3433,10.);
#984=VECTOR('',#3436,10.);
#985=VECTOR('',#3437,10.);
#986=VECTOR('',#3440,10.);
#987=VECTOR('',#3441,10.);
#988=VECTOR('',#3444,10.);
#989=VECTOR('',#3449,10.);
#990=VECTOR('',#3450,10.);
#991=VECTOR('',#3451,10.);
#992=VECTOR('',#3454,10.);
#993=VECTOR('',#3455,10.);
#994=VECTOR('',#3456,10.);
#995=VECTOR('',#3459,10.);
#996=VECTOR('',#3462,10.);
#997=VECTOR('',#3463,10.);
#998=VECTOR('',#3466,10.);
#999=VECTOR('',#3467,10.);
#1000=VECTOR('',#3470,10.);
#1001=VECTOR('',#3471,10.);
#1002=VECTOR('',#3472,10.);
#1003=VECTOR('',#3473,10.);
#1004=VECTOR('',#3474,10.);
#1005=VECTOR('',#3481,10.);
#1006=VECTOR('',#3484,10.);
#1007=VECTOR('',#3485,10.);
#1008=VECTOR('',#3488,10.);
#1009=VECTOR('',#3491,10.);
#1010=VECTOR('',#3496,10.);
#1011=VECTOR('',#3497,10.);
#1012=VECTOR('',#3498,10.);
#1013=VECTOR('',#3499,10.);
#1014=VECTOR('',#3502,10.);
#1015=VECTOR('',#3503,10.);
#1016=VECTOR('',#3506,10.);
#1017=VECTOR('',#3507,10.);
#1018=VECTOR('',#3508,10.);
#1019=VECTOR('',#3509,10.);
#1020=VECTOR('',#3512,10.);
#1021=VECTOR('',#3513,10.);
#1022=VECTOR('',#3516,10.);
#1023=VECTOR('',#3519,10.);
#1024=VECTOR('',#3522,10.);
#1025=VECTOR('',#3523,10.);
#1026=VECTOR('',#3524,10.);
#1027=VECTOR('',#3527,10.);
#1028=VECTOR('',#3532,10.);
#1029=VECTOR('',#3535,10.);
#1030=VECTOR('',#3538,10.);
#1031=VECTOR('',#3539,10.);
#1032=VECTOR('',#3542,10.);
#1033=VECTOR('',#3543,10.);
#1034=VECTOR('',#3544,10.);
#1035=VECTOR('',#3551,10.);
#1036=VECTOR('',#3554,10.);
#1037=VECTOR('',#3555,10.);
#1038=VECTOR('',#3556,10.);
#1039=VECTOR('',#3563,10.);
#1040=VECTOR('',#3566,10.);
#1041=VECTOR('',#3567,10.);
#1042=VECTOR('',#3568,10.);
#1043=VECTOR('',#3581,10.);
#1044=VECTOR('',#3584,10.);
#1045=VECTOR('',#3585,10.);
#1046=VECTOR('',#3588,10.);
#1047=VECTOR('',#3593,10.);
#1048=VECTOR('',#3594,10.);
#1049=VECTOR('',#3595,10.);
#1050=VECTOR('',#3604,3.25);
#1051=VECTOR('',#3619,3.25);
#1052=VECTOR('',#3626,3.25);
#1053=VECTOR('',#3629,10.);
#1054=VECTOR('',#3630,10.);
#1055=VECTOR('',#3631,10.);
#1056=VECTOR('',#3642,3.25);
#1057=VECTOR('',#3653,3.25);
#1058=VECTOR('',#3656,10.);
#1059=VECTOR('',#3657,10.);
#1060=VECTOR('',#3658,10.);
#1061=VECTOR('',#3669,3.25);
#1062=VECTOR('',#3680,3.25);
#1063=VECTOR('',#3683,10.);
#1064=VECTOR('',#3690,3.25);
#1065=VECTOR('',#3697,10.);
#1066=VECTOR('',#3700,3.25);
#1067=VECTOR('',#3701,10.);
#1068=VECTOR('',#3712,0.85);
#1069=VECTOR('',#3719,0.85);
#1070=VECTOR('',#3724,10.);
#1071=VECTOR('',#3725,10.);
#1072=VECTOR('',#3726,10.);
#1073=VECTOR('',#3727,10.);
#1074=VECTOR('',#3732,10.);
#1075=VECTOR('',#3737,10.);
#1076=VECTOR('',#3738,10.);
#1077=VECTOR('',#3739,10.);
#1078=VECTOR('',#3754,10.);
#1079=VECTOR('',#3755,10.);
#1080=VECTOR('',#3758,10.);
#1081=VECTOR('',#3761,10.);
#1082=VECTOR('',#3764,10.);
#1083=VECTOR('',#3767,10.);
#1084=VECTOR('',#3770,10.);
#1085=VECTOR('',#3773,10.);
#1086=VECTOR('',#3776,10.);
#1087=VECTOR('',#3779,10.);
#1088=VECTOR('',#3782,10.);
#1089=VECTOR('',#3805,10.);
#1090=VECTOR('',#3806,10.);
#1091=VECTOR('',#3843,10.);
#1092=VECTOR('',#3844,10.);
#1093=VECTOR('',#3849,10.);
#1094=VECTOR('',#3858,10.);
#1095=VECTOR('',#3863,10.);
#1096=VECTOR('',#3864,10.);
#1097=VECTOR('',#3875,10.);
#1098=VECTOR('',#3876,10.);
#1099=VECTOR('',#3879,10.);
#1100=VECTOR('',#3880,10.);
#1101=VECTOR('',#3883,10.);
#1102=VECTOR('',#3898,10.);
#1103=VECTOR('',#3903,10.);
#1104=VECTOR('',#3914,10.);
#1105=VECTOR('',#3923,10.);
#1106=VECTOR('',#3926,10.);
#1107=VECTOR('',#3927,10.);
#1108=VECTOR('',#3930,10.);
#1109=VECTOR('',#3935,10.);
#1110=VECTOR('',#3936,10.);
#1111=VECTOR('',#3939,10.);
#1112=VECTOR('',#3944,10.);
#1113=VECTOR('',#3945,10.);
#1114=VECTOR('',#3950,10.);
#1115=VECTOR('',#3961,10.);
#1116=VECTOR('',#3970,10.);
#1117=VECTOR('',#3983,10.);
#1118=VECTOR('',#3988,10.);
#1119=VECTOR('',#3999,10.);
#1120=VECTOR('',#4008,10.);
#1121=VECTOR('',#4015,10.);
#1122=VECTOR('',#4016,10.);
#1123=VECTOR('',#4019,10.);
#1124=VECTOR('',#4024,10.);
#1125=VECTOR('',#4025,10.);
#1126=VECTOR('',#4028,10.);
#1127=VECTOR('',#4033,10.);
#1128=VECTOR('',#4034,10.);
#1129=VECTOR('',#4037,10.);
#1130=VECTOR('',#4048,10.);
#1131=VECTOR('',#4059,10.);
#1132=VECTOR('',#4068,10.);
#1133=VECTOR('',#4073,10.);
#1134=VECTOR('',#4084,10.);
#1135=VECTOR('',#4093,10.);
#1136=VECTOR('',#4096,10.);
#1137=VECTOR('',#4097,10.);
#1138=VECTOR('',#4100,10.);
#1139=VECTOR('',#4105,10.);
#1140=VECTOR('',#4106,10.);
#1141=VECTOR('',#4109,10.);
#1142=VECTOR('',#4114,10.);
#1143=VECTOR('',#4119,10.);
#1144=VECTOR('',#4130,10.);
#1145=VECTOR('',#4139,10.);
#1146=VECTOR('',#4144,1.6);
#1147=VECTOR('',#4149,1.6);
#1148=VECTOR('',#4154,1.6);
#1149=VECTOR('',#4159,1.6);
#1150=VECTOR('',#4164,1.6);
#1151=VECTOR('',#4169,1.6);
#1152=VECTOR('',#4174,1.6);
#1153=VECTOR('',#4179,1.6);
#1154=VECTOR('',#4184,1.6);
#1155=VECTOR('',#4189,1.6);
#1156=VECTOR('',#4194,5.);
#1157=VECTOR('',#4199,1.6);
#1158=VECTOR('',#4204,1.6);
#1159=VECTOR('',#4209,5.);
#1160=VECTOR('',#4212,10.);
#1161=VECTOR('',#4213,10.);
#1162=VECTOR('',#4214,10.);
#1163=VECTOR('',#4217,10.);
#1164=VECTOR('',#4218,10.);
#1165=VECTOR('',#4227,1.6);
#1166=VECTOR('',#4232,1.6);
#1167=VECTOR('',#4237,5.);
#1168=VECTOR('',#4242,1.6);
#1169=VECTOR('',#4247,1.6);
#1170=VECTOR('',#4252,1.6);
#1171=VECTOR('',#4257,1.6);
#1172=VECTOR('',#4262,1.6);
#1173=VECTOR('',#4267,1.6);
#1174=VERTEX_POINT('',#4272);
#1175=VERTEX_POINT('',#4273);
#1176=VERTEX_POINT('',#4275);
#1177=VERTEX_POINT('',#4277);
#1178=VERTEX_POINT('',#4279);
#1179=VERTEX_POINT('',#4281);
#1180=VERTEX_POINT('',#4284);
#1181=VERTEX_POINT('',#4288);
#1182=VERTEX_POINT('',#4289);
#1183=VERTEX_POINT('',#4291);
#1184=VERTEX_POINT('',#4295);
#1185=VERTEX_POINT('',#4297);
#1186=VERTEX_POINT('',#4299);
#1187=VERTEX_POINT('',#4301);
#1188=VERTEX_POINT('',#4303);
#1189=VERTEX_POINT('',#4305);
#1190=VERTEX_POINT('',#4307);
#1191=VERTEX_POINT('',#4309);
#1192=VERTEX_POINT('',#4311);
#1193=VERTEX_POINT('',#4313);
#1194=VERTEX_POINT('',#4317);
#1195=VERTEX_POINT('',#4318);
#1196=VERTEX_POINT('',#4320);
#1197=VERTEX_POINT('',#4322);
#1198=VERTEX_POINT('',#4324);
#1199=VERTEX_POINT('',#4326);
#1200=VERTEX_POINT('',#4328);
#1201=VERTEX_POINT('',#4330);
#1202=VERTEX_POINT('',#4333);
#1203=VERTEX_POINT('',#4335);
#1204=VERTEX_POINT('',#4339);
#1205=VERTEX_POINT('',#4341);
#1206=VERTEX_POINT('',#4345);
#1207=VERTEX_POINT('',#4347);
#1208=VERTEX_POINT('',#4351);
#1209=VERTEX_POINT('',#4353);
#1210=VERTEX_POINT('',#4355);
#1211=VERTEX_POINT('',#4357);
#1212=VERTEX_POINT('',#4361);
#1213=VERTEX_POINT('',#4365);
#1214=VERTEX_POINT('',#4369);
#1215=VERTEX_POINT('',#4373);
#1216=VERTEX_POINT('',#4375);
#1217=VERTEX_POINT('',#4379);
#1218=VERTEX_POINT('',#4381);
#1219=VERTEX_POINT('',#4383);
#1220=VERTEX_POINT('',#4385);
#1221=VERTEX_POINT('',#4389);
#1222=VERTEX_POINT('',#4393);
#1223=VERTEX_POINT('',#4397);
#1224=VERTEX_POINT('',#4399);
#1225=VERTEX_POINT('',#4401);
#1226=VERTEX_POINT('',#4403);
#1227=VERTEX_POINT('',#4411);
#1228=VERTEX_POINT('',#4415);
#1229=VERTEX_POINT('',#4417);
#1230=VERTEX_POINT('',#4419);
#1231=VERTEX_POINT('',#4423);
#1232=VERTEX_POINT('',#4425);
#1233=VERTEX_POINT('',#4427);
#1234=VERTEX_POINT('',#4431);
#1235=VERTEX_POINT('',#4435);
#1236=VERTEX_POINT('',#4437);
#1237=VERTEX_POINT('',#4439);
#1238=VERTEX_POINT('',#4443);
#1239=VERTEX_POINT('',#4451);
#1240=VERTEX_POINT('',#4453);
#1241=VERTEX_POINT('',#4459);
#1242=VERTEX_POINT('',#4461);
#1243=VERTEX_POINT('',#4463);
#1244=VERTEX_POINT('',#4467);
#1245=VERTEX_POINT('',#4471);
#1246=VERTEX_POINT('',#4473);
#1247=VERTEX_POINT('',#4477);
#1248=VERTEX_POINT('',#4479);
#1249=VERTEX_POINT('',#4483);
#1250=VERTEX_POINT('',#4485);
#1251=VERTEX_POINT('',#4489);
#1252=VERTEX_POINT('',#4491);
#1253=VERTEX_POINT('',#4495);
#1254=VERTEX_POINT('',#4497);
#1255=VERTEX_POINT('',#4504);
#1256=VERTEX_POINT('',#4506);
#1257=VERTEX_POINT('',#4516);
#1258=VERTEX_POINT('',#4517);
#1259=VERTEX_POINT('',#4519);
#1260=VERTEX_POINT('',#4524);
#1261=VERTEX_POINT('',#4526);
#1262=VERTEX_POINT('',#4528);
#1263=VERTEX_POINT('',#4531);
#1264=VERTEX_POINT('',#4537);
#1265=VERTEX_POINT('',#4538);
#1266=VERTEX_POINT('',#4540);
#1267=VERTEX_POINT('',#4542);
#1268=VERTEX_POINT('',#4579);
#1269=VERTEX_POINT('',#4585);
#1270=VERTEX_POINT('',#4586);
#1271=VERTEX_POINT('',#4588);
#1272=VERTEX_POINT('',#4590);
#1273=VERTEX_POINT('',#4592);
#1274=VERTEX_POINT('',#4596);
#1275=VERTEX_POINT('',#4597);
#1276=VERTEX_POINT('',#4600);
#1277=VERTEX_POINT('',#4607);
#1278=VERTEX_POINT('',#4608);
#1279=VERTEX_POINT('',#4647);
#1280=VERTEX_POINT('',#4648);
#1281=VERTEX_POINT('',#4650);
#1282=VERTEX_POINT('',#4652);
#1283=VERTEX_POINT('',#4654);
#1284=VERTEX_POINT('',#4658);
#1285=VERTEX_POINT('',#4659);
#1286=VERTEX_POINT('',#4662);
#1287=VERTEX_POINT('',#4669);
#1288=VERTEX_POINT('',#4670);
#1289=VERTEX_POINT('',#4709);
#1290=VERTEX_POINT('',#4710);
#1291=VERTEX_POINT('',#4714);
#1292=VERTEX_POINT('',#4715);
#1293=VERTEX_POINT('',#4717);
#1294=VERTEX_POINT('',#4719);
#1295=VERTEX_POINT('',#4756);
#1296=VERTEX_POINT('',#4760);
#1297=VERTEX_POINT('',#4769);
#1298=VERTEX_POINT('',#4771);
#1299=VERTEX_POINT('',#4775);
#1300=VERTEX_POINT('',#4777);
#1301=VERTEX_POINT('',#4781);
#1302=VERTEX_POINT('',#4782);
#1303=VERTEX_POINT('',#4784);
#1304=VERTEX_POINT('',#4786);
#1305=VERTEX_POINT('',#4790);
#1306=VERTEX_POINT('',#4792);
#1307=VERTEX_POINT('',#4796);
#1308=VERTEX_POINT('',#4798);
#1309=VERTEX_POINT('',#4805);
#1310=VERTEX_POINT('',#4806);
#1311=VERTEX_POINT('',#4821);
#1312=VERTEX_POINT('',#4823);
#1313=VERTEX_POINT('',#4840);
#1314=VERTEX_POINT('',#4842);
#1315=VERTEX_POINT('',#4844);
#1316=VERTEX_POINT('',#4846);
#1317=VERTEX_POINT('',#4848);
#1318=VERTEX_POINT('',#4850);
#1319=VERTEX_POINT('',#4852);
#1320=VERTEX_POINT('',#4854);
#1321=VERTEX_POINT('',#4856);
#1322=VERTEX_POINT('',#4858);
#1323=VERTEX_POINT('',#4860);
#1324=VERTEX_POINT('',#4862);
#1325=VERTEX_POINT('',#4864);
#1326=VERTEX_POINT('',#4866);
#1327=VERTEX_POINT('',#4868);
#1328=VERTEX_POINT('',#4870);
#1329=VERTEX_POINT('',#4872);
#1330=VERTEX_POINT('',#4874);
#1331=VERTEX_POINT('',#4876);
#1332=VERTEX_POINT('',#4878);
#1333=VERTEX_POINT('',#4881);
#1334=VERTEX_POINT('',#4883);
#1335=VERTEX_POINT('',#4885);
#1336=VERTEX_POINT('',#4887);
#1337=VERTEX_POINT('',#4889);
#1338=VERTEX_POINT('',#4891);
#1339=VERTEX_POINT('',#4893);
#1340=VERTEX_POINT('',#4895);
#1341=VERTEX_POINT('',#4897);
#1342=VERTEX_POINT('',#4899);
#1343=VERTEX_POINT('',#4900);
#1344=VERTEX_POINT('',#4902);
#1345=VERTEX_POINT('',#4905);
#1346=VERTEX_POINT('',#4907);
#1347=VERTEX_POINT('',#4909);
#1348=VERTEX_POINT('',#4911);
#1349=VERTEX_POINT('',#4913);
#1350=VERTEX_POINT('',#4915);
#1351=VERTEX_POINT('',#4917);
#1352=VERTEX_POINT('',#4919);
#1353=VERTEX_POINT('',#4921);
#1354=VERTEX_POINT('',#4923);
#1355=VERTEX_POINT('',#4925);
#1356=VERTEX_POINT('',#4927);
#1357=VERTEX_POINT('',#4929);
#1358=VERTEX_POINT('',#4931);
#1359=VERTEX_POINT('',#4934);
#1360=VERTEX_POINT('',#4935);
#1361=VERTEX_POINT('',#4950);
#1362=VERTEX_POINT('',#4952);
#1363=VERTEX_POINT('',#4972);
#1364=VERTEX_POINT('',#4976);
#1365=VERTEX_POINT('',#4980);
#1366=VERTEX_POINT('',#4997);
#1367=VERTEX_POINT('',#4998);
#1368=VERTEX_POINT('',#5003);
#1369=VERTEX_POINT('',#5004);
#1370=VERTEX_POINT('',#5009);
#1371=VERTEX_POINT('',#5010);
#1372=VERTEX_POINT('',#5034);
#1373=VERTEX_POINT('',#5051);
#1374=VERTEX_POINT('',#5053);
#1375=VERTEX_POINT('',#5072);
#1376=VERTEX_POINT('',#5074);
#1377=VERTEX_POINT('',#5091);
#1378=VERTEX_POINT('',#5095);
#1379=VERTEX_POINT('',#5099);
#1380=VERTEX_POINT('',#5105);
#1381=VERTEX_POINT('',#5109);
#1382=VERTEX_POINT('',#5113);
#1383=VERTEX_POINT('',#5117);
#1384=VERTEX_POINT('',#5121);
#1385=VERTEX_POINT('',#5125);
#1386=VERTEX_POINT('',#5129);
#1387=VERTEX_POINT('',#5133);
#1388=VERTEX_POINT('',#5137);
#1389=VERTEX_POINT('',#5141);
#1390=VERTEX_POINT('',#5158);
#1391=VERTEX_POINT('',#5175);
#1392=VERTEX_POINT('',#5177);
#1393=VERTEX_POINT('',#5196);
#1394=VERTEX_POINT('',#5200);
#1395=VERTEX_POINT('',#5204);
#1396=VERTEX_POINT('',#5208);
#1397=VERTEX_POINT('',#5212);
#1398=VERTEX_POINT('',#5229);
#1399=VERTEX_POINT('',#5246);
#1400=VERTEX_POINT('',#5250);
#1401=VERTEX_POINT('',#5254);
#1402=VERTEX_POINT('',#5258);
#1403=VERTEX_POINT('',#5262);
#1404=VERTEX_POINT('',#5266);
#1405=VERTEX_POINT('',#5270);
#1406=VERTEX_POINT('',#5285);
#1407=VERTEX_POINT('',#5302);
#1408=VERTEX_POINT('',#5306);
#1409=VERTEX_POINT('',#5310);
#1410=VERTEX_POINT('',#5314);
#1411=VERTEX_POINT('',#5320);
#1412=VERTEX_POINT('',#5324);
#1413=VERTEX_POINT('',#5328);
#1414=VERTEX_POINT('',#5332);
#1415=VERTEX_POINT('',#5338);
#1416=VERTEX_POINT('',#5342);
#1417=VERTEX_POINT('',#5346);
#1418=VERTEX_POINT('',#5350);
#1419=VERTEX_POINT('',#5356);
#1420=VERTEX_POINT('',#5360);
#1421=VERTEX_POINT('',#5364);
#1422=VERTEX_POINT('',#5368);
#1423=VERTEX_POINT('',#5374);
#1424=VERTEX_POINT('',#5378);
#1425=VERTEX_POINT('',#5382);
#1426=VERTEX_POINT('',#5386);
#1427=VERTEX_POINT('',#5390);
#1428=VERTEX_POINT('',#5394);
#1429=VERTEX_POINT('',#5398);
#1430=VERTEX_POINT('',#5402);
#1431=VERTEX_POINT('',#5406);
#1432=VERTEX_POINT('',#5410);
#1433=VERTEX_POINT('',#5414);
#1434=VERTEX_POINT('',#5418);
#1435=VERTEX_POINT('',#5422);
#1436=VERTEX_POINT('',#5426);
#1437=VERTEX_POINT('',#5430);
#1438=VERTEX_POINT('',#5432);
#1439=VERTEX_POINT('',#5436);
#1440=VERTEX_POINT('',#5442);
#1441=VERTEX_POINT('',#5446);
#1442=VERTEX_POINT('',#5450);
#1443=VERTEX_POINT('',#5454);
#1444=VERTEX_POINT('',#5458);
#1445=VERTEX_POINT('',#5462);
#1446=VERTEX_POINT('',#5466);
#1447=VERTEX_POINT('',#5470);
#1448=VERTEX_POINT('',#5474);
#1449=EDGE_CURVE('',#1174,#1175,#754,.T.);
#1450=EDGE_CURVE('',#1174,#1176,#579,.T.);
#1451=EDGE_CURVE('',#1176,#1177,#557,.T.);
#1452=EDGE_CURVE('',#1177,#1178,#558,.T.);
#1453=EDGE_CURVE('',#1178,#1179,#755,.T.);
#1454=EDGE_CURVE('',#1179,#1179,#580,.T.);
#1455=EDGE_CURVE('',#1178,#1180,#559,.T.);
#1456=EDGE_CURVE('',#1180,#1175,#560,.T.);
#1457=EDGE_CURVE('',#1181,#1182,#756,.T.);
#1458=EDGE_CURVE('',#1181,#1183,#581,.T.);
#1459=EDGE_CURVE('',#1182,#1183,#561,.T.);
#1460=EDGE_CURVE('',#1184,#1184,#582,.T.);
#1461=EDGE_CURVE('',#1184,#1185,#757,.T.);
#1462=EDGE_CURVE('',#1186,#1185,#583,.T.);
#1463=EDGE_CURVE('',#1187,#1186,#758,.T.);
#1464=EDGE_CURVE('',#1188,#1187,#584,.T.);
#1465=EDGE_CURVE('',#1189,#1188,#759,.T.);
#1466=EDGE_CURVE('',#1190,#1189,#585,.T.);
#1467=EDGE_CURVE('',#1191,#1190,#760,.T.);
#1468=EDGE_CURVE('',#1192,#1191,#586,.T.);
#1469=EDGE_CURVE('',#1193,#1192,#761,.T.);
#1470=EDGE_CURVE('',#1185,#1193,#587,.T.);
#1471=EDGE_CURVE('',#1194,#1195,#762,.T.);
#1472=EDGE_CURVE('',#1196,#1194,#588,.T.);
#1473=EDGE_CURVE('',#1197,#1196,#763,.T.);
#1474=EDGE_CURVE('',#1198,#1197,#589,.T.);
#1475=EDGE_CURVE('',#1199,#1198,#764,.T.);
#1476=EDGE_CURVE('',#1200,#1199,#590,.T.);
#1477=EDGE_CURVE('',#1200,#1201,#765,.T.);
#1478=EDGE_CURVE('',#1201,#1201,#591,.T.);
#1479=EDGE_CURVE('',#1202,#1200,#592,.T.);
#1480=EDGE_CURVE('',#1203,#1202,#766,.T.);
#1481=EDGE_CURVE('',#1195,#1203,#593,.T.);
#1482=EDGE_CURVE('',#1204,#1195,#594,.T.);
#1483=EDGE_CURVE('',#1205,#1204,#767,.T.);
#1484=EDGE_CURVE('',#1194,#1205,#595,.T.);
#1485=EDGE_CURVE('',#1206,#1190,#596,.T.);
#1486=EDGE_CURVE('',#1207,#1206,#768,.T.);
#1487=EDGE_CURVE('',#1191,#1207,#597,.T.);
#1488=EDGE_CURVE('',#1189,#1208,#769,.T.);
#1489=EDGE_CURVE('',#1208,#1209,#770,.T.);
#1490=EDGE_CURVE('',#1210,#1209,#771,.T.);
#1491=EDGE_CURVE('',#1211,#1210,#772,.T.);
#1492=EDGE_CURVE('',#1211,#1206,#773,.T.);
#1493=EDGE_CURVE('',#1212,#1188,#774,.T.);
#1494=EDGE_CURVE('',#1208,#1212,#775,.T.);
#1495=EDGE_CURVE('',#1187,#1213,#776,.T.);
#1496=EDGE_CURVE('',#1212,#1213,#777,.T.);
#1497=EDGE_CURVE('',#1186,#1214,#778,.T.);
#1498=EDGE_CURVE('',#1213,#1214,#598,.T.);
#1499=EDGE_CURVE('',#1215,#1196,#779,.T.);
#1500=EDGE_CURVE('',#1216,#1215,#780,.T.);
#1501=EDGE_CURVE('',#1197,#1216,#781,.T.);
#1502=EDGE_CURVE('',#1217,#1204,#782,.T.);
#1503=EDGE_CURVE('',#1217,#1218,#783,.T.);
#1504=EDGE_CURVE('',#1219,#1218,#784,.T.);
#1505=EDGE_CURVE('',#1220,#1219,#599,.T.);
#1506=EDGE_CURVE('',#1205,#1220,#785,.T.);
#1507=EDGE_CURVE('',#1216,#1221,#786,.T.);
#1508=EDGE_CURVE('',#1221,#1198,#787,.T.);
#1509=EDGE_CURVE('',#1203,#1222,#788,.T.);
#1510=EDGE_CURVE('',#1222,#1217,#789,.T.);
#1511=EDGE_CURVE('',#1199,#1223,#790,.T.);
#1512=EDGE_CURVE('',#1224,#1223,#791,.T.);
#1513=EDGE_CURVE('',#1225,#1224,#792,.T.);
#1514=EDGE_CURVE('',#1225,#1226,#793,.T.);
#1515=EDGE_CURVE('',#1226,#1202,#794,.T.);
#1516=EDGE_CURVE('',#1223,#1221,#600,.T.);
#1517=EDGE_CURVE('',#1226,#1222,#795,.T.);
#1518=EDGE_CURVE('',#1213,#1227,#796,.T.);
#1519=EDGE_CURVE('',#1209,#1227,#797,.T.);
#1520=EDGE_CURVE('',#1221,#1228,#798,.T.);
#1521=EDGE_CURVE('',#1229,#1228,#601,.T.);
#1522=EDGE_CURVE('',#1230,#1229,#799,.T.);
#1523=EDGE_CURVE('',#1224,#1230,#602,.T.);
#1524=EDGE_CURVE('',#1231,#1211,#800,.T.);
#1525=EDGE_CURVE('',#1231,#1232,#801,.T.);
#1526=EDGE_CURVE('',#1232,#1233,#802,.T.);
#1527=EDGE_CURVE('',#1211,#1233,#803,.T.);
#1528=EDGE_CURVE('',#1233,#1234,#804,.T.);
#1529=EDGE_CURVE('',#1207,#1234,#805,.T.);
#1530=EDGE_CURVE('',#1235,#1193,#806,.T.);
#1531=EDGE_CURVE('',#1235,#1236,#807,.T.);
#1532=EDGE_CURVE('',#1236,#1237,#808,.T.);
#1533=EDGE_CURVE('',#1214,#1237,#809,.T.);
#1534=EDGE_CURVE('',#1238,#1192,#810,.T.);
#1535=EDGE_CURVE('',#1238,#1235,#811,.T.);
#1536=EDGE_CURVE('',#1234,#1238,#812,.T.);
#1537=EDGE_CURVE('',#1236,#1232,#813,.T.);
#1538=EDGE_CURVE('',#1219,#1239,#814,.T.);
#1539=EDGE_CURVE('',#1218,#1240,#815,.T.);
#1540=EDGE_CURVE('',#1239,#1240,#816,.T.);
#1541=EDGE_CURVE('',#1240,#1225,#817,.T.);
#1542=EDGE_CURVE('',#1241,#1239,#603,.T.);
#1543=EDGE_CURVE('',#1241,#1242,#818,.T.);
#1544=EDGE_CURVE('',#1243,#1242,#604,.T.);
#1545=EDGE_CURVE('',#1220,#1243,#819,.T.);
#1546=EDGE_CURVE('',#1215,#1244,#820,.T.);
#1547=EDGE_CURVE('',#1228,#1244,#821,.T.);
#1548=EDGE_CURVE('',#1230,#1245,#822,.T.);
#1549=EDGE_CURVE('',#1246,#1229,#823,.T.);
#1550=EDGE_CURVE('',#1245,#1246,#824,.T.);
#1551=EDGE_CURVE('',#1245,#1247,#605,.T.);
#1552=EDGE_CURVE('',#1248,#1246,#606,.T.);
#1553=EDGE_CURVE('',#1247,#1248,#825,.T.);
#1554=EDGE_CURVE('',#1247,#1249,#826,.T.);
#1555=EDGE_CURVE('',#1250,#1248,#827,.T.);
#1556=EDGE_CURVE('',#1249,#1250,#828,.T.);
#1557=EDGE_CURVE('',#1249,#1251,#607,.T.);
#1558=EDGE_CURVE('',#1252,#1250,#608,.T.);
#1559=EDGE_CURVE('',#1251,#1252,#829,.T.);
#1560=EDGE_CURVE('',#1251,#1253,#830,.T.);
#1561=EDGE_CURVE('',#1254,#1252,#831,.T.);
#1562=EDGE_CURVE('',#1253,#1254,#832,.T.);
#1563=EDGE_CURVE('',#1253,#1237,#609,.T.);
#1564=EDGE_CURVE('',#1227,#1254,#610,.T.);
#1565=EDGE_CURVE('',#1231,#1255,#611,.T.);
#1566=EDGE_CURVE('',#1256,#1210,#612,.T.);
#1567=EDGE_CURVE('',#1255,#1256,#833,.T.);
#1568=EDGE_CURVE('',#1255,#1241,#834,.T.);
#1569=EDGE_CURVE('',#1242,#1256,#835,.T.);
#1570=EDGE_CURVE('',#1244,#1243,#836,.T.);
#1571=EDGE_CURVE('',#1257,#1258,#837,.T.);
#1572=EDGE_CURVE('',#1259,#1257,#838,.T.);
#1573=EDGE_CURVE('',#1183,#1259,#839,.T.);
#1574=EDGE_CURVE('',#1258,#1181,#613,.T.);
#1575=EDGE_CURVE('',#1260,#1182,#562,.T.);
#1576=EDGE_CURVE('',#1261,#1260,#563,.T.);
#1577=EDGE_CURVE('',#1261,#1262,#840,.T.);
#1578=EDGE_CURVE('',#1262,#1262,#614,.T.);
#1579=EDGE_CURVE('',#1263,#1261,#564,.T.);
#1580=EDGE_CURVE('',#1258,#1263,#565,.T.);
#1581=EDGE_CURVE('',#1257,#1259,#615,.T.);
#1582=EDGE_CURVE('',#1264,#1265,#566,.T.);
#1583=EDGE_CURVE('',#1265,#1266,#841,.T.);
#1584=EDGE_CURVE('',#1267,#1266,#37,.T.);
#1585=EDGE_CURVE('',#1266,#1267,#38,.T.);
#1586=EDGE_CURVE('',#1265,#1268,#567,.T.);
#1587=EDGE_CURVE('',#1268,#1264,#568,.T.);
#1588=EDGE_CURVE('',#1263,#1265,#842,.T.);
#1589=EDGE_CURVE('',#1269,#1270,#843,.T.);
#1590=EDGE_CURVE('',#1271,#1269,#844,.T.);
#1591=EDGE_CURVE('',#1272,#1271,#845,.T.);
#1592=EDGE_CURVE('',#1273,#1272,#616,.T.);
#1593=EDGE_CURVE('',#1270,#1273,#617,.T.);
#1594=EDGE_CURVE('',#1274,#1275,#569,.T.);
#1595=EDGE_CURVE('',#1270,#1274,#570,.T.);
#1596=EDGE_CURVE('',#1273,#1276,#846,.T.);
#1597=EDGE_CURVE('',#1276,#1276,#618,.T.);
#1598=EDGE_CURVE('',#1275,#1272,#571,.T.);
#1599=EDGE_CURVE('',#1271,#1269,#619,.T.);
#1600=EDGE_CURVE('',#1277,#1278,#39,.T.);
#1601=EDGE_CURVE('',#1278,#1277,#40,.T.);
#1602=EDGE_CURVE('',#1278,#1275,#847,.T.);
#1603=EDGE_CURVE('',#1279,#1280,#848,.T.);
#1604=EDGE_CURVE('',#1281,#1279,#849,.T.);
#1605=EDGE_CURVE('',#1282,#1281,#850,.T.);
#1606=EDGE_CURVE('',#1283,#1282,#620,.T.);
#1607=EDGE_CURVE('',#1280,#1283,#621,.T.);
#1608=EDGE_CURVE('',#1284,#1285,#572,.T.);
#1609=EDGE_CURVE('',#1280,#1284,#573,.T.);
#1610=EDGE_CURVE('',#1283,#1286,#851,.T.);
#1611=EDGE_CURVE('',#1286,#1286,#622,.T.);
#1612=EDGE_CURVE('',#1285,#1282,#574,.T.);
#1613=EDGE_CURVE('',#1281,#1279,#623,.T.);
#1614=EDGE_CURVE('',#1287,#1288,#41,.T.);
#1615=EDGE_CURVE('',#1288,#1287,#42,.T.);
#1616=EDGE_CURVE('',#1288,#1285,#852,.T.);
#1617=EDGE_CURVE('',#1289,#1290,#853,.T.);
#1618=EDGE_CURVE('',#1289,#1290,#624,.T.);
#1619=EDGE_CURVE('',#1291,#1292,#575,.T.);
#1620=EDGE_CURVE('',#1292,#1293,#854,.T.);
#1621=EDGE_CURVE('',#1294,#1293,#43,.T.);
#1622=EDGE_CURVE('',#1293,#1294,#44,.T.);
#1623=EDGE_CURVE('',#1292,#1295,#576,.T.);
#1624=EDGE_CURVE('',#1295,#1291,#577,.T.);
#1625=EDGE_CURVE('',#1296,#1289,#855,.T.);
#1626=EDGE_CURVE('',#1175,#1296,#578,.T.);
#1627=EDGE_CURVE('',#1180,#1292,#856,.T.);
#1628=EDGE_CURVE('',#1290,#1176,#857,.T.);
#1629=EDGE_CURVE('',#1296,#1174,#625,.T.);
#1630=EDGE_CURVE('',#1297,#1297,#626,.T.);
#1631=EDGE_CURVE('',#1297,#1298,#858,.T.);
#1632=EDGE_CURVE('',#1298,#1298,#627,.T.);
#1633=EDGE_CURVE('',#1299,#1299,#628,.T.);
#1634=EDGE_CURVE('',#1299,#1300,#859,.T.);
#1635=EDGE_CURVE('',#1300,#1300,#629,.T.);
#1636=EDGE_CURVE('',#1301,#1302,#860,.T.);
#1637=EDGE_CURVE('',#1301,#1303,#861,.T.);
#1638=EDGE_CURVE('',#1304,#1303,#862,.T.);
#1639=EDGE_CURVE('',#1302,#1304,#863,.T.);
#1640=EDGE_CURVE('',#1305,#1301,#630,.T.);
#1641=EDGE_CURVE('',#1305,#1306,#864,.T.);
#1642=EDGE_CURVE('',#1303,#1306,#631,.T.);
#1643=EDGE_CURVE('',#1307,#1305,#865,.T.);
#1644=EDGE_CURVE('',#1307,#1308,#866,.T.);
#1645=EDGE_CURVE('',#1306,#1308,#867,.T.);
#1646=EDGE_CURVE('',#1302,#1307,#632,.T.);
#1647=EDGE_CURVE('',#1308,#1304,#633,.T.);
#1648=EDGE_CURVE('',#1309,#1310,#45,.F.);
#1649=EDGE_CURVE('',#1310,#1311,#634,.T.);
#1650=EDGE_CURVE('',#1311,#1312,#46,.F.);
#1651=EDGE_CURVE('',#1312,#1309,#635,.T.);
#1652=EDGE_CURVE('',#1311,#1313,#868,.T.);
#1653=EDGE_CURVE('',#1314,#1310,#869,.T.);
#1654=EDGE_CURVE('',#1315,#1314,#636,.T.);
#1655=EDGE_CURVE('',#1316,#1315,#870,.T.);
#1656=EDGE_CURVE('',#1317,#1316,#637,.T.);
#1657=EDGE_CURVE('',#1318,#1317,#871,.T.);
#1658=EDGE_CURVE('',#1319,#1318,#638,.T.);
#1659=EDGE_CURVE('',#1320,#1319,#872,.T.);
#1660=EDGE_CURVE('',#1321,#1320,#639,.T.);
#1661=EDGE_CURVE('',#1322,#1321,#873,.T.);
#1662=EDGE_CURVE('',#1323,#1322,#640,.T.);
#1663=EDGE_CURVE('',#1324,#1323,#874,.T.);
#1664=EDGE_CURVE('',#1325,#1324,#641,.T.);
#1665=EDGE_CURVE('',#1326,#1325,#875,.T.);
#1666=EDGE_CURVE('',#1327,#1326,#642,.T.);
#1667=EDGE_CURVE('',#1328,#1327,#876,.T.);
#1668=EDGE_CURVE('',#1329,#1328,#643,.T.);
#1669=EDGE_CURVE('',#1330,#1329,#877,.T.);
#1670=EDGE_CURVE('',#1331,#1330,#644,.T.);
#1671=EDGE_CURVE('',#1332,#1331,#878,.T.);
#1672=EDGE_CURVE('',#1313,#1332,#645,.T.);
#1673=EDGE_CURVE('',#1333,#1333,#646,.T.);
#1674=EDGE_CURVE('',#1334,#1334,#647,.T.);
#1675=EDGE_CURVE('',#1335,#1335,#648,.T.);
#1676=EDGE_CURVE('',#1336,#1336,#649,.T.);
#1677=EDGE_CURVE('',#1337,#1337,#650,.T.);
#1678=EDGE_CURVE('',#1338,#1338,#651,.T.);
#1679=EDGE_CURVE('',#1339,#1339,#652,.T.);
#1680=EDGE_CURVE('',#1340,#1340,#653,.T.);
#1681=EDGE_CURVE('',#1341,#1341,#654,.T.);
#1682=EDGE_CURVE('',#1342,#1343,#655,.T.);
#1683=EDGE_CURVE('',#1344,#1342,#879,.T.);
#1684=EDGE_CURVE('',#1343,#1344,#880,.T.);
#1685=EDGE_CURVE('',#1345,#1345,#656,.T.);
#1686=EDGE_CURVE('',#1346,#1346,#657,.T.);
#1687=EDGE_CURVE('',#1347,#1347,#658,.T.);
#1688=EDGE_CURVE('',#1348,#1348,#659,.T.);
#1689=EDGE_CURVE('',#1349,#1349,#660,.T.);
#1690=EDGE_CURVE('',#1350,#1350,#661,.T.);
#1691=EDGE_CURVE('',#1351,#1351,#662,.T.);
#1692=EDGE_CURVE('',#1352,#1352,#663,.T.);
#1693=EDGE_CURVE('',#1353,#1353,#664,.T.);
#1694=EDGE_CURVE('',#1354,#1354,#665,.T.);
#1695=EDGE_CURVE('',#1355,#1355,#666,.T.);
#1696=EDGE_CURVE('',#1356,#1356,#667,.T.);
#1697=EDGE_CURVE('',#1357,#1357,#668,.T.);
#1698=EDGE_CURVE('',#1358,#1358,#669,.T.);
#1699=EDGE_CURVE('',#1359,#1360,#47,.F.);
#1700=EDGE_CURVE('',#1360,#1361,#670,.T.);
#1701=EDGE_CURVE('',#1361,#1362,#48,.F.);
#1702=EDGE_CURVE('',#1362,#1359,#671,.T.);
#1703=EDGE_CURVE('',#1312,#1361,#881,.T.);
#1704=EDGE_CURVE('',#1309,#1360,#882,.T.);
#1705=EDGE_CURVE('',#1313,#1363,#672,.T.);
#1706=EDGE_CURVE('',#1363,#1312,#883,.T.);
#1707=EDGE_CURVE('',#1332,#1364,#673,.T.);
#1708=EDGE_CURVE('',#1364,#1363,#674,.T.);
#1709=EDGE_CURVE('',#1331,#1365,#49,.F.);
#1710=EDGE_CURVE('',#1365,#1364,#884,.T.);
#1711=EDGE_CURVE('',#1366,#1367,#675,.T.);
#1712=EDGE_CURVE('',#1367,#1362,#885,.T.);
#1713=EDGE_CURVE('',#1361,#1366,#886,.T.);
#1714=EDGE_CURVE('',#1368,#1369,#676,.T.);
#1715=EDGE_CURVE('',#1369,#1367,#677,.T.);
#1716=EDGE_CURVE('',#1366,#1368,#678,.T.);
#1717=EDGE_CURVE('',#1370,#1371,#50,.F.);
#1718=EDGE_CURVE('',#1371,#1369,#887,.T.);
#1719=EDGE_CURVE('',#1368,#1370,#888,.T.);
#1720=EDGE_CURVE('',#1365,#1370,#889,.T.);
#1721=EDGE_CURVE('',#1364,#1368,#890,.T.);
#1722=EDGE_CURVE('',#1363,#1366,#891,.T.);
#1723=EDGE_CURVE('',#1330,#1372,#51,.F.);
#1724=EDGE_CURVE('',#1372,#1365,#679,.T.);
#1725=EDGE_CURVE('',#1370,#1373,#680,.T.);
#1726=EDGE_CURVE('',#1373,#1374,#52,.F.);
#1727=EDGE_CURVE('',#1374,#1371,#681,.T.);
#1728=EDGE_CURVE('',#1372,#1373,#892,.T.);
#1729=EDGE_CURVE('',#1375,#1326,#682,.T.);
#1730=EDGE_CURVE('',#1325,#1376,#53,.F.);
#1731=EDGE_CURVE('',#1376,#1375,#893,.T.);
#1732=EDGE_CURVE('',#1377,#1327,#683,.T.);
#1733=EDGE_CURVE('',#1375,#1377,#684,.T.);
#1734=EDGE_CURVE('',#1378,#1328,#685,.T.);
#1735=EDGE_CURVE('',#1377,#1378,#894,.T.);
#1736=EDGE_CURVE('',#1379,#1329,#686,.T.);
#1737=EDGE_CURVE('',#1378,#1379,#687,.T.);
#1738=EDGE_CURVE('',#1379,#1372,#895,.T.);
#1739=EDGE_CURVE('',#1379,#1380,#896,.T.);
#1740=EDGE_CURVE('',#1373,#1380,#897,.T.);
#1741=EDGE_CURVE('',#1378,#1381,#898,.T.);
#1742=EDGE_CURVE('',#1380,#1381,#688,.T.);
#1743=EDGE_CURVE('',#1377,#1382,#899,.T.);
#1744=EDGE_CURVE('',#1381,#1382,#900,.T.);
#1745=EDGE_CURVE('',#1375,#1383,#901,.T.);
#1746=EDGE_CURVE('',#1382,#1383,#689,.T.);
#1747=EDGE_CURVE('',#1376,#1384,#902,.T.);
#1748=EDGE_CURVE('',#1383,#1384,#903,.T.);
#1749=EDGE_CURVE('',#1380,#1385,#690,.T.);
#1750=EDGE_CURVE('',#1385,#1374,#904,.T.);
#1751=EDGE_CURVE('',#1381,#1386,#691,.T.);
#1752=EDGE_CURVE('',#1386,#1385,#692,.T.);
#1753=EDGE_CURVE('',#1382,#1387,#693,.T.);
#1754=EDGE_CURVE('',#1387,#1386,#905,.T.);
#1755=EDGE_CURVE('',#1383,#1388,#694,.T.);
#1756=EDGE_CURVE('',#1388,#1387,#695,.T.);
#1757=EDGE_CURVE('',#1384,#1389,#54,.F.);
#1758=EDGE_CURVE('',#1389,#1388,#906,.T.);
#1759=EDGE_CURVE('',#1324,#1390,#55,.F.);
#1760=EDGE_CURVE('',#1390,#1376,#696,.T.);
#1761=EDGE_CURVE('',#1384,#1391,#697,.T.);
#1762=EDGE_CURVE('',#1391,#1392,#56,.F.);
#1763=EDGE_CURVE('',#1392,#1389,#698,.T.);
#1764=EDGE_CURVE('',#1390,#1391,#907,.T.);
#1765=EDGE_CURVE('',#1323,#1393,#699,.T.);
#1766=EDGE_CURVE('',#1393,#1390,#908,.T.);
#1767=EDGE_CURVE('',#1322,#1394,#700,.T.);
#1768=EDGE_CURVE('',#1394,#1393,#701,.T.);
#1769=EDGE_CURVE('',#1321,#1395,#702,.T.);
#1770=EDGE_CURVE('',#1395,#1394,#909,.T.);
#1771=EDGE_CURVE('',#1320,#1396,#703,.T.);
#1772=EDGE_CURVE('',#1396,#1395,#704,.T.);
#1773=EDGE_CURVE('',#1397,#1396,#910,.T.);
#1774=EDGE_CURVE('',#1319,#1397,#57,.T.);
#1775=EDGE_CURVE('',#1318,#1398,#58,.F.);
#1776=EDGE_CURVE('',#1398,#1397,#705,.T.);
#1777=EDGE_CURVE('',#1393,#1399,#911,.T.);
#1778=EDGE_CURVE('',#1391,#1399,#912,.T.);
#1779=EDGE_CURVE('',#1394,#1400,#913,.T.);
#1780=EDGE_CURVE('',#1399,#1400,#706,.T.);
#1781=EDGE_CURVE('',#1395,#1401,#914,.T.);
#1782=EDGE_CURVE('',#1400,#1401,#915,.T.);
#1783=EDGE_CURVE('',#1396,#1402,#916,.T.);
#1784=EDGE_CURVE('',#1401,#1402,#707,.T.);
#1785=EDGE_CURVE('',#1397,#1403,#917,.T.);
#1786=EDGE_CURVE('',#1402,#1403,#918,.T.);
#1787=EDGE_CURVE('',#1398,#1404,#919,.T.);
#1788=EDGE_CURVE('',#1403,#1404,#708,.T.);
#1789=EDGE_CURVE('',#1404,#1405,#59,.F.);
#1790=EDGE_CURVE('',#1405,#1406,#709,.T.);
#1791=EDGE_CURVE('',#1406,#1403,#60,.T.);
#1792=EDGE_CURVE('',#1399,#1407,#710,.T.);
#1793=EDGE_CURVE('',#1407,#1392,#920,.T.);
#1794=EDGE_CURVE('',#1400,#1408,#711,.T.);
#1795=EDGE_CURVE('',#1408,#1407,#712,.T.);
#1796=EDGE_CURVE('',#1401,#1409,#713,.T.);
#1797=EDGE_CURVE('',#1409,#1408,#921,.T.);
#1798=EDGE_CURVE('',#1402,#1410,#714,.T.);
#1799=EDGE_CURVE('',#1410,#1409,#715,.T.);
#1800=EDGE_CURVE('',#1406,#1410,#922,.T.);
#1801=EDGE_CURVE('',#1411,#1314,#716,.T.);
#1802=EDGE_CURVE('',#1309,#1411,#923,.T.);
#1803=EDGE_CURVE('',#1412,#1315,#717,.T.);
#1804=EDGE_CURVE('',#1411,#1412,#718,.T.);
#1805=EDGE_CURVE('',#1413,#1316,#719,.T.);
#1806=EDGE_CURVE('',#1412,#1413,#924,.T.);
#1807=EDGE_CURVE('',#1414,#1317,#720,.T.);
#1808=EDGE_CURVE('',#1413,#1414,#721,.T.);
#1809=EDGE_CURVE('',#1414,#1398,#925,.T.);
#1810=EDGE_CURVE('',#1414,#1415,#926,.T.);
#1811=EDGE_CURVE('',#1404,#1415,#927,.T.);
#1812=EDGE_CURVE('',#1413,#1416,#928,.T.);
#1813=EDGE_CURVE('',#1415,#1416,#722,.T.);
#1814=EDGE_CURVE('',#1412,#1417,#929,.T.);
#1815=EDGE_CURVE('',#1416,#1417,#930,.T.);
#1816=EDGE_CURVE('',#1411,#1418,#931,.T.);
#1817=EDGE_CURVE('',#1417,#1418,#723,.T.);
#1818=EDGE_CURVE('',#1418,#1360,#932,.T.);
#1819=EDGE_CURVE('',#1415,#1419,#724,.T.);
#1820=EDGE_CURVE('',#1419,#1405,#933,.T.);
#1821=EDGE_CURVE('',#1416,#1420,#725,.T.);
#1822=EDGE_CURVE('',#1420,#1419,#726,.T.);
#1823=EDGE_CURVE('',#1417,#1421,#727,.T.);
#1824=EDGE_CURVE('',#1421,#1420,#934,.T.);
#1825=EDGE_CURVE('',#1418,#1422,#728,.T.);
#1826=EDGE_CURVE('',#1422,#1421,#729,.T.);
#1827=EDGE_CURVE('',#1359,#1422,#935,.T.);
#1828=EDGE_CURVE('',#1423,#1423,#730,.T.);
#1829=EDGE_CURVE('',#1423,#1358,#936,.T.);
#1830=EDGE_CURVE('',#1424,#1424,#731,.T.);
#1831=EDGE_CURVE('',#1424,#1357,#937,.T.);
#1832=EDGE_CURVE('',#1425,#1425,#732,.T.);
#1833=EDGE_CURVE('',#1425,#1356,#938,.T.);
#1834=EDGE_CURVE('',#1426,#1426,#733,.T.);
#1835=EDGE_CURVE('',#1426,#1355,#939,.T.);
#1836=EDGE_CURVE('',#1427,#1427,#734,.T.);
#1837=EDGE_CURVE('',#1427,#1354,#940,.T.);
#1838=EDGE_CURVE('',#1428,#1428,#735,.T.);
#1839=EDGE_CURVE('',#1428,#1353,#941,.T.);
#1840=EDGE_CURVE('',#1429,#1429,#736,.T.);
#1841=EDGE_CURVE('',#1429,#1352,#942,.T.);
#1842=EDGE_CURVE('',#1430,#1430,#737,.T.);
#1843=EDGE_CURVE('',#1430,#1351,#943,.T.);
#1844=EDGE_CURVE('',#1431,#1431,#738,.T.);
#1845=EDGE_CURVE('',#1431,#1350,#944,.T.);
#1846=EDGE_CURVE('',#1432,#1432,#739,.T.);
#1847=EDGE_CURVE('',#1432,#1349,#945,.T.);
#1848=EDGE_CURVE('',#1433,#1433,#740,.T.);
#1849=EDGE_CURVE('',#1433,#1348,#946,.T.);
#1850=EDGE_CURVE('',#1434,#1434,#741,.T.);
#1851=EDGE_CURVE('',#1434,#1347,#947,.T.);
#1852=EDGE_CURVE('',#1435,#1435,#742,.T.);
#1853=EDGE_CURVE('',#1435,#1346,#948,.T.);
#1854=EDGE_CURVE('',#1436,#1436,#743,.T.);
#1855=EDGE_CURVE('',#1436,#1345,#949,.T.);
#1856=EDGE_CURVE('',#1342,#1437,#950,.T.);
#1857=EDGE_CURVE('',#1438,#1437,#951,.T.);
#1858=EDGE_CURVE('',#1344,#1438,#952,.T.);
#1859=EDGE_CURVE('',#1439,#1438,#953,.T.);
#1860=EDGE_CURVE('',#1343,#1439,#954,.T.);
#1861=EDGE_CURVE('',#1437,#1439,#744,.T.);
#1862=EDGE_CURVE('',#1440,#1440,#745,.T.);
#1863=EDGE_CURVE('',#1440,#1341,#955,.T.);
#1864=EDGE_CURVE('',#1441,#1441,#746,.T.);
#1865=EDGE_CURVE('',#1441,#1340,#956,.T.);
#1866=EDGE_CURVE('',#1442,#1442,#747,.T.);
#1867=EDGE_CURVE('',#1442,#1339,#957,.T.);
#1868=EDGE_CURVE('',#1443,#1443,#748,.T.);
#1869=EDGE_CURVE('',#1443,#1338,#958,.T.);
#1870=EDGE_CURVE('',#1444,#1444,#749,.T.);
#1871=EDGE_CURVE('',#1444,#1337,#959,.T.);
#1872=EDGE_CURVE('',#1445,#1445,#750,.T.);
#1873=EDGE_CURVE('',#1445,#1336,#960,.T.);
#1874=EDGE_CURVE('',#1446,#1446,#751,.T.);
#1875=EDGE_CURVE('',#1446,#1335,#961,.T.);
#1876=EDGE_CURVE('',#1447,#1447,#752,.T.);
#1877=EDGE_CURVE('',#1447,#1334,#962,.T.);
#1878=EDGE_CURVE('',#1448,#1448,#753,.T.);
#1879=EDGE_CURVE('',#1448,#1333,#963,.T.);
#1880=ORIENTED_EDGE('',*,*,#1449,.F.);
#1881=ORIENTED_EDGE('',*,*,#1450,.T.);
#1882=ORIENTED_EDGE('',*,*,#1451,.T.);
#1883=ORIENTED_EDGE('',*,*,#1452,.T.);
#1884=ORIENTED_EDGE('',*,*,#1453,.T.);
#1885=ORIENTED_EDGE('',*,*,#1454,.F.);
#1886=ORIENTED_EDGE('',*,*,#1453,.F.);
#1887=ORIENTED_EDGE('',*,*,#1455,.T.);
#1888=ORIENTED_EDGE('',*,*,#1456,.T.);
#1889=ORIENTED_EDGE('',*,*,#1457,.F.);
#1890=ORIENTED_EDGE('',*,*,#1458,.T.);
#1891=ORIENTED_EDGE('',*,*,#1459,.F.);
#1892=ORIENTED_EDGE('',*,*,#1460,.F.);
#1893=ORIENTED_EDGE('',*,*,#1461,.T.);
#1894=ORIENTED_EDGE('',*,*,#1462,.F.);
#1895=ORIENTED_EDGE('',*,*,#1463,.F.);
#1896=ORIENTED_EDGE('',*,*,#1464,.F.);
#1897=ORIENTED_EDGE('',*,*,#1465,.F.);
#1898=ORIENTED_EDGE('',*,*,#1466,.F.);
#1899=ORIENTED_EDGE('',*,*,#1467,.F.);
#1900=ORIENTED_EDGE('',*,*,#1468,.F.);
#1901=ORIENTED_EDGE('',*,*,#1469,.F.);
#1902=ORIENTED_EDGE('',*,*,#1470,.F.);
#1903=ORIENTED_EDGE('',*,*,#1461,.F.);
#1904=ORIENTED_EDGE('',*,*,#1471,.F.);
#1905=ORIENTED_EDGE('',*,*,#1472,.F.);
#1906=ORIENTED_EDGE('',*,*,#1473,.F.);
#1907=ORIENTED_EDGE('',*,*,#1474,.F.);
#1908=ORIENTED_EDGE('',*,*,#1475,.F.);
#1909=ORIENTED_EDGE('',*,*,#1476,.F.);
#1910=ORIENTED_EDGE('',*,*,#1477,.T.);
#1911=ORIENTED_EDGE('',*,*,#1478,.F.);
#1912=ORIENTED_EDGE('',*,*,#1477,.F.);
#1913=ORIENTED_EDGE('',*,*,#1479,.F.);
#1914=ORIENTED_EDGE('',*,*,#1480,.F.);
#1915=ORIENTED_EDGE('',*,*,#1481,.F.);
#1916=ORIENTED_EDGE('',*,*,#1471,.T.);
#1917=ORIENTED_EDGE('',*,*,#1482,.F.);
#1918=ORIENTED_EDGE('',*,*,#1483,.F.);
#1919=ORIENTED_EDGE('',*,*,#1484,.F.);
#1920=ORIENTED_EDGE('',*,*,#1467,.T.);
#1921=ORIENTED_EDGE('',*,*,#1485,.F.);
#1922=ORIENTED_EDGE('',*,*,#1486,.F.);
#1923=ORIENTED_EDGE('',*,*,#1487,.F.);
#1924=ORIENTED_EDGE('',*,*,#1485,.T.);
#1925=ORIENTED_EDGE('',*,*,#1466,.T.);
#1926=ORIENTED_EDGE('',*,*,#1488,.T.);
#1927=ORIENTED_EDGE('',*,*,#1489,.T.);
#1928=ORIENTED_EDGE('',*,*,#1490,.F.);
#1929=ORIENTED_EDGE('',*,*,#1491,.F.);
#1930=ORIENTED_EDGE('',*,*,#1492,.T.);
#1931=ORIENTED_EDGE('',*,*,#1465,.T.);
#1932=ORIENTED_EDGE('',*,*,#1493,.F.);
#1933=ORIENTED_EDGE('',*,*,#1494,.F.);
#1934=ORIENTED_EDGE('',*,*,#1488,.F.);
#1935=ORIENTED_EDGE('',*,*,#1464,.T.);
#1936=ORIENTED_EDGE('',*,*,#1495,.T.);
#1937=ORIENTED_EDGE('',*,*,#1496,.F.);
#1938=ORIENTED_EDGE('',*,*,#1493,.T.);
#1939=ORIENTED_EDGE('',*,*,#1463,.T.);
#1940=ORIENTED_EDGE('',*,*,#1497,.T.);
#1941=ORIENTED_EDGE('',*,*,#1498,.F.);
#1942=ORIENTED_EDGE('',*,*,#1495,.F.);
#1943=ORIENTED_EDGE('',*,*,#1473,.T.);
#1944=ORIENTED_EDGE('',*,*,#1499,.F.);
#1945=ORIENTED_EDGE('',*,*,#1500,.F.);
#1946=ORIENTED_EDGE('',*,*,#1501,.F.);
#1947=ORIENTED_EDGE('',*,*,#1483,.T.);
#1948=ORIENTED_EDGE('',*,*,#1502,.F.);
#1949=ORIENTED_EDGE('',*,*,#1503,.T.);
#1950=ORIENTED_EDGE('',*,*,#1504,.F.);
#1951=ORIENTED_EDGE('',*,*,#1505,.F.);
#1952=ORIENTED_EDGE('',*,*,#1506,.F.);
#1953=ORIENTED_EDGE('',*,*,#1474,.T.);
#1954=ORIENTED_EDGE('',*,*,#1501,.T.);
#1955=ORIENTED_EDGE('',*,*,#1507,.T.);
#1956=ORIENTED_EDGE('',*,*,#1508,.T.);
#1957=ORIENTED_EDGE('',*,*,#1482,.T.);
#1958=ORIENTED_EDGE('',*,*,#1481,.T.);
#1959=ORIENTED_EDGE('',*,*,#1509,.T.);
#1960=ORIENTED_EDGE('',*,*,#1510,.T.);
#1961=ORIENTED_EDGE('',*,*,#1502,.T.);
#1962=ORIENTED_EDGE('',*,*,#1479,.T.);
#1963=ORIENTED_EDGE('',*,*,#1476,.T.);
#1964=ORIENTED_EDGE('',*,*,#1511,.T.);
#1965=ORIENTED_EDGE('',*,*,#1512,.F.);
#1966=ORIENTED_EDGE('',*,*,#1513,.F.);
#1967=ORIENTED_EDGE('',*,*,#1514,.T.);
#1968=ORIENTED_EDGE('',*,*,#1515,.T.);
#1969=ORIENTED_EDGE('',*,*,#1475,.T.);
#1970=ORIENTED_EDGE('',*,*,#1508,.F.);
#1971=ORIENTED_EDGE('',*,*,#1516,.F.);
#1972=ORIENTED_EDGE('',*,*,#1511,.F.);
#1973=ORIENTED_EDGE('',*,*,#1480,.T.);
#1974=ORIENTED_EDGE('',*,*,#1515,.F.);
#1975=ORIENTED_EDGE('',*,*,#1517,.T.);
#1976=ORIENTED_EDGE('',*,*,#1509,.F.);
#1977=ORIENTED_EDGE('',*,*,#1494,.T.);
#1978=ORIENTED_EDGE('',*,*,#1496,.T.);
#1979=ORIENTED_EDGE('',*,*,#1518,.T.);
#1980=ORIENTED_EDGE('',*,*,#1519,.F.);
#1981=ORIENTED_EDGE('',*,*,#1489,.F.);
#1982=ORIENTED_EDGE('',*,*,#1512,.T.);
#1983=ORIENTED_EDGE('',*,*,#1516,.T.);
#1984=ORIENTED_EDGE('',*,*,#1520,.T.);
#1985=ORIENTED_EDGE('',*,*,#1521,.F.);
#1986=ORIENTED_EDGE('',*,*,#1522,.F.);
#1987=ORIENTED_EDGE('',*,*,#1523,.F.);
#1988=ORIENTED_EDGE('',*,*,#1524,.F.);
#1989=ORIENTED_EDGE('',*,*,#1525,.T.);
#1990=ORIENTED_EDGE('',*,*,#1526,.T.);
#1991=ORIENTED_EDGE('',*,*,#1527,.F.);
#1992=ORIENTED_EDGE('',*,*,#1486,.T.);
#1993=ORIENTED_EDGE('',*,*,#1492,.F.);
#1994=ORIENTED_EDGE('',*,*,#1527,.T.);
#1995=ORIENTED_EDGE('',*,*,#1528,.T.);
#1996=ORIENTED_EDGE('',*,*,#1529,.F.);
#1997=ORIENTED_EDGE('',*,*,#1462,.T.);
#1998=ORIENTED_EDGE('',*,*,#1470,.T.);
#1999=ORIENTED_EDGE('',*,*,#1530,.F.);
#2000=ORIENTED_EDGE('',*,*,#1531,.T.);
#2001=ORIENTED_EDGE('',*,*,#1532,.T.);
#2002=ORIENTED_EDGE('',*,*,#1533,.F.);
#2003=ORIENTED_EDGE('',*,*,#1497,.F.);
#2004=ORIENTED_EDGE('',*,*,#1469,.T.);
#2005=ORIENTED_EDGE('',*,*,#1534,.F.);
#2006=ORIENTED_EDGE('',*,*,#1535,.T.);
#2007=ORIENTED_EDGE('',*,*,#1530,.T.);
#2008=ORIENTED_EDGE('',*,*,#1468,.T.);
#2009=ORIENTED_EDGE('',*,*,#1487,.T.);
#2010=ORIENTED_EDGE('',*,*,#1529,.T.);
#2011=ORIENTED_EDGE('',*,*,#1536,.T.);
#2012=ORIENTED_EDGE('',*,*,#1534,.T.);
#2013=ORIENTED_EDGE('',*,*,#1536,.F.);
#2014=ORIENTED_EDGE('',*,*,#1528,.F.);
#2015=ORIENTED_EDGE('',*,*,#1526,.F.);
#2016=ORIENTED_EDGE('',*,*,#1537,.F.);
#2017=ORIENTED_EDGE('',*,*,#1531,.F.);
#2018=ORIENTED_EDGE('',*,*,#1535,.F.);
#2019=ORIENTED_EDGE('',*,*,#1538,.F.);
#2020=ORIENTED_EDGE('',*,*,#1504,.T.);
#2021=ORIENTED_EDGE('',*,*,#1539,.T.);
#2022=ORIENTED_EDGE('',*,*,#1540,.F.);
#2023=ORIENTED_EDGE('',*,*,#1510,.F.);
#2024=ORIENTED_EDGE('',*,*,#1517,.F.);
#2025=ORIENTED_EDGE('',*,*,#1514,.F.);
#2026=ORIENTED_EDGE('',*,*,#1541,.F.);
#2027=ORIENTED_EDGE('',*,*,#1539,.F.);
#2028=ORIENTED_EDGE('',*,*,#1503,.F.);
#2029=ORIENTED_EDGE('',*,*,#1505,.T.);
#2030=ORIENTED_EDGE('',*,*,#1538,.T.);
#2031=ORIENTED_EDGE('',*,*,#1542,.F.);
#2032=ORIENTED_EDGE('',*,*,#1543,.T.);
#2033=ORIENTED_EDGE('',*,*,#1544,.F.);
#2034=ORIENTED_EDGE('',*,*,#1545,.F.);
#2035=ORIENTED_EDGE('',*,*,#1500,.T.);
#2036=ORIENTED_EDGE('',*,*,#1546,.T.);
#2037=ORIENTED_EDGE('',*,*,#1547,.F.);
#2038=ORIENTED_EDGE('',*,*,#1520,.F.);
#2039=ORIENTED_EDGE('',*,*,#1507,.F.);
#2040=ORIENTED_EDGE('',*,*,#1548,.F.);
#2041=ORIENTED_EDGE('',*,*,#1522,.T.);
#2042=ORIENTED_EDGE('',*,*,#1549,.F.);
#2043=ORIENTED_EDGE('',*,*,#1550,.F.);
#2044=ORIENTED_EDGE('',*,*,#1478,.T.);
#2045=ORIENTED_EDGE('',*,*,#1551,.F.);
#2046=ORIENTED_EDGE('',*,*,#1550,.T.);
#2047=ORIENTED_EDGE('',*,*,#1552,.F.);
#2048=ORIENTED_EDGE('',*,*,#1553,.F.);
#2049=ORIENTED_EDGE('',*,*,#1554,.F.);
#2050=ORIENTED_EDGE('',*,*,#1553,.T.);
#2051=ORIENTED_EDGE('',*,*,#1555,.F.);
#2052=ORIENTED_EDGE('',*,*,#1556,.F.);
#2053=ORIENTED_EDGE('',*,*,#1557,.F.);
#2054=ORIENTED_EDGE('',*,*,#1556,.T.);
#2055=ORIENTED_EDGE('',*,*,#1558,.F.);
#2056=ORIENTED_EDGE('',*,*,#1559,.F.);
#2057=ORIENTED_EDGE('',*,*,#1560,.F.);
#2058=ORIENTED_EDGE('',*,*,#1559,.T.);
#2059=ORIENTED_EDGE('',*,*,#1561,.F.);
#2060=ORIENTED_EDGE('',*,*,#1562,.F.);
#2061=ORIENTED_EDGE('',*,*,#1460,.T.);
#2062=ORIENTED_EDGE('',*,*,#1533,.T.);
#2063=ORIENTED_EDGE('',*,*,#1563,.F.);
#2064=ORIENTED_EDGE('',*,*,#1562,.T.);
#2065=ORIENTED_EDGE('',*,*,#1564,.F.);
#2066=ORIENTED_EDGE('',*,*,#1518,.F.);
#2067=ORIENTED_EDGE('',*,*,#1498,.T.);
#2068=ORIENTED_EDGE('',*,*,#1565,.F.);
#2069=ORIENTED_EDGE('',*,*,#1524,.T.);
#2070=ORIENTED_EDGE('',*,*,#1491,.T.);
#2071=ORIENTED_EDGE('',*,*,#1566,.F.);
#2072=ORIENTED_EDGE('',*,*,#1567,.F.);
#2073=ORIENTED_EDGE('',*,*,#1568,.F.);
#2074=ORIENTED_EDGE('',*,*,#1567,.T.);
#2075=ORIENTED_EDGE('',*,*,#1569,.F.);
#2076=ORIENTED_EDGE('',*,*,#1543,.F.);
#2077=ORIENTED_EDGE('',*,*,#1472,.T.);
#2078=ORIENTED_EDGE('',*,*,#1484,.T.);
#2079=ORIENTED_EDGE('',*,*,#1506,.T.);
#2080=ORIENTED_EDGE('',*,*,#1545,.T.);
#2081=ORIENTED_EDGE('',*,*,#1570,.F.);
#2082=ORIENTED_EDGE('',*,*,#1546,.F.);
#2083=ORIENTED_EDGE('',*,*,#1499,.T.);
#2084=ORIENTED_EDGE('',*,*,#1570,.T.);
#2085=ORIENTED_EDGE('',*,*,#1544,.T.);
#2086=ORIENTED_EDGE('',*,*,#1569,.T.);
#2087=ORIENTED_EDGE('',*,*,#1566,.T.);
#2088=ORIENTED_EDGE('',*,*,#1490,.T.);
#2089=ORIENTED_EDGE('',*,*,#1519,.T.);
#2090=ORIENTED_EDGE('',*,*,#1564,.T.);
#2091=ORIENTED_EDGE('',*,*,#1561,.T.);
#2092=ORIENTED_EDGE('',*,*,#1558,.T.);
#2093=ORIENTED_EDGE('',*,*,#1555,.T.);
#2094=ORIENTED_EDGE('',*,*,#1552,.T.);
#2095=ORIENTED_EDGE('',*,*,#1549,.T.);
#2096=ORIENTED_EDGE('',*,*,#1521,.T.);
#2097=ORIENTED_EDGE('',*,*,#1547,.T.);
#2098=ORIENTED_EDGE('',*,*,#1571,.F.);
#2099=ORIENTED_EDGE('',*,*,#1572,.F.);
#2100=ORIENTED_EDGE('',*,*,#1573,.F.);
#2101=ORIENTED_EDGE('',*,*,#1458,.F.);
#2102=ORIENTED_EDGE('',*,*,#1574,.F.);
#2103=ORIENTED_EDGE('',*,*,#1457,.T.);
#2104=ORIENTED_EDGE('',*,*,#1575,.F.);
#2105=ORIENTED_EDGE('',*,*,#1576,.F.);
#2106=ORIENTED_EDGE('',*,*,#1577,.T.);
#2107=ORIENTED_EDGE('',*,*,#1578,.F.);
#2108=ORIENTED_EDGE('',*,*,#1577,.F.);
#2109=ORIENTED_EDGE('',*,*,#1579,.F.);
#2110=ORIENTED_EDGE('',*,*,#1580,.F.);
#2111=ORIENTED_EDGE('',*,*,#1574,.T.);
#2112=ORIENTED_EDGE('',*,*,#1572,.T.);
#2113=ORIENTED_EDGE('',*,*,#1581,.T.);
#2114=ORIENTED_EDGE('',*,*,#1582,.T.);
#2115=ORIENTED_EDGE('',*,*,#1583,.T.);
#2116=ORIENTED_EDGE('',*,*,#1584,.F.);
#2117=ORIENTED_EDGE('',*,*,#1585,.F.);
#2118=ORIENTED_EDGE('',*,*,#1583,.F.);
#2119=ORIENTED_EDGE('',*,*,#1586,.T.);
#2120=ORIENTED_EDGE('',*,*,#1587,.T.);
#2121=ORIENTED_EDGE('',*,*,#1580,.T.);
#2122=ORIENTED_EDGE('',*,*,#1588,.T.);
#2123=ORIENTED_EDGE('',*,*,#1582,.F.);
#2124=ORIENTED_EDGE('',*,*,#1587,.F.);
#2125=ORIENTED_EDGE('',*,*,#1586,.F.);
#2126=ORIENTED_EDGE('',*,*,#1588,.F.);
#2127=ORIENTED_EDGE('',*,*,#1579,.T.);
#2128=ORIENTED_EDGE('',*,*,#1576,.T.);
#2129=ORIENTED_EDGE('',*,*,#1575,.T.);
#2130=ORIENTED_EDGE('',*,*,#1459,.T.);
#2131=ORIENTED_EDGE('',*,*,#1573,.T.);
#2132=ORIENTED_EDGE('',*,*,#1581,.F.);
#2133=ORIENTED_EDGE('',*,*,#1571,.T.);
#2134=ORIENTED_EDGE('',*,*,#1589,.F.);
#2135=ORIENTED_EDGE('',*,*,#1590,.F.);
#2136=ORIENTED_EDGE('',*,*,#1591,.F.);
#2137=ORIENTED_EDGE('',*,*,#1592,.F.);
#2138=ORIENTED_EDGE('',*,*,#1593,.F.);
#2139=ORIENTED_EDGE('',*,*,#1594,.F.);
#2140=ORIENTED_EDGE('',*,*,#1595,.F.);
#2141=ORIENTED_EDGE('',*,*,#1593,.T.);
#2142=ORIENTED_EDGE('',*,*,#1596,.T.);
#2143=ORIENTED_EDGE('',*,*,#1597,.F.);
#2144=ORIENTED_EDGE('',*,*,#1596,.F.);
#2145=ORIENTED_EDGE('',*,*,#1592,.T.);
#2146=ORIENTED_EDGE('',*,*,#1598,.F.);
#2147=ORIENTED_EDGE('',*,*,#1590,.T.);
#2148=ORIENTED_EDGE('',*,*,#1599,.F.);
#2149=ORIENTED_EDGE('',*,*,#1600,.F.);
#2150=ORIENTED_EDGE('',*,*,#1601,.F.);
#2151=ORIENTED_EDGE('',*,*,#1602,.T.);
#2152=ORIENTED_EDGE('',*,*,#1598,.T.);
#2153=ORIENTED_EDGE('',*,*,#1591,.T.);
#2154=ORIENTED_EDGE('',*,*,#1599,.T.);
#2155=ORIENTED_EDGE('',*,*,#1589,.T.);
#2156=ORIENTED_EDGE('',*,*,#1595,.T.);
#2157=ORIENTED_EDGE('',*,*,#1594,.T.);
#2158=ORIENTED_EDGE('',*,*,#1602,.F.);
#2159=ORIENTED_EDGE('',*,*,#1603,.F.);
#2160=ORIENTED_EDGE('',*,*,#1604,.F.);
#2161=ORIENTED_EDGE('',*,*,#1605,.F.);
#2162=ORIENTED_EDGE('',*,*,#1606,.F.);
#2163=ORIENTED_EDGE('',*,*,#1607,.F.);
#2164=ORIENTED_EDGE('',*,*,#1608,.F.);
#2165=ORIENTED_EDGE('',*,*,#1609,.F.);
#2166=ORIENTED_EDGE('',*,*,#1607,.T.);
#2167=ORIENTED_EDGE('',*,*,#1610,.T.);
#2168=ORIENTED_EDGE('',*,*,#1611,.F.);
#2169=ORIENTED_EDGE('',*,*,#1610,.F.);
#2170=ORIENTED_EDGE('',*,*,#1606,.T.);
#2171=ORIENTED_EDGE('',*,*,#1612,.F.);
#2172=ORIENTED_EDGE('',*,*,#1604,.T.);
#2173=ORIENTED_EDGE('',*,*,#1613,.F.);
#2174=ORIENTED_EDGE('',*,*,#1614,.F.);
#2175=ORIENTED_EDGE('',*,*,#1615,.F.);
#2176=ORIENTED_EDGE('',*,*,#1616,.T.);
#2177=ORIENTED_EDGE('',*,*,#1612,.T.);
#2178=ORIENTED_EDGE('',*,*,#1605,.T.);
#2179=ORIENTED_EDGE('',*,*,#1613,.T.);
#2180=ORIENTED_EDGE('',*,*,#1603,.T.);
#2181=ORIENTED_EDGE('',*,*,#1609,.T.);
#2182=ORIENTED_EDGE('',*,*,#1608,.T.);
#2183=ORIENTED_EDGE('',*,*,#1616,.F.);
#2184=ORIENTED_EDGE('',*,*,#1617,.F.);
#2185=ORIENTED_EDGE('',*,*,#1618,.T.);
#2186=ORIENTED_EDGE('',*,*,#1619,.T.);
#2187=ORIENTED_EDGE('',*,*,#1620,.T.);
#2188=ORIENTED_EDGE('',*,*,#1621,.F.);
#2189=ORIENTED_EDGE('',*,*,#1622,.F.);
#2190=ORIENTED_EDGE('',*,*,#1620,.F.);
#2191=ORIENTED_EDGE('',*,*,#1623,.T.);
#2192=ORIENTED_EDGE('',*,*,#1624,.T.);
#2193=ORIENTED_EDGE('',*,*,#1625,.F.);
#2194=ORIENTED_EDGE('',*,*,#1626,.F.);
#2195=ORIENTED_EDGE('',*,*,#1456,.F.);
#2196=ORIENTED_EDGE('',*,*,#1627,.T.);
#2197=ORIENTED_EDGE('',*,*,#1619,.F.);
#2198=ORIENTED_EDGE('',*,*,#1624,.F.);
#2199=ORIENTED_EDGE('',*,*,#1623,.F.);
#2200=ORIENTED_EDGE('',*,*,#1627,.F.);
#2201=ORIENTED_EDGE('',*,*,#1455,.F.);
#2202=ORIENTED_EDGE('',*,*,#1452,.F.);
#2203=ORIENTED_EDGE('',*,*,#1451,.F.);
#2204=ORIENTED_EDGE('',*,*,#1628,.F.);
#2205=ORIENTED_EDGE('',*,*,#1618,.F.);
#2206=ORIENTED_EDGE('',*,*,#1625,.T.);
#2207=ORIENTED_EDGE('',*,*,#1617,.T.);
#2208=ORIENTED_EDGE('',*,*,#1628,.T.);
#2209=ORIENTED_EDGE('',*,*,#1450,.F.);
#2210=ORIENTED_EDGE('',*,*,#1629,.F.);
#2211=ORIENTED_EDGE('',*,*,#1449,.T.);
#2212=ORIENTED_EDGE('',*,*,#1626,.T.);
#2213=ORIENTED_EDGE('',*,*,#1629,.T.);
#2214=ORIENTED_EDGE('',*,*,#1630,.F.);
#2215=ORIENTED_EDGE('',*,*,#1631,.T.);
#2216=ORIENTED_EDGE('',*,*,#1632,.F.);
#2217=ORIENTED_EDGE('',*,*,#1631,.F.);
#2218=ORIENTED_EDGE('',*,*,#1633,.F.);
#2219=ORIENTED_EDGE('',*,*,#1634,.T.);
#2220=ORIENTED_EDGE('',*,*,#1635,.F.);
#2221=ORIENTED_EDGE('',*,*,#1634,.F.);
#2222=ORIENTED_EDGE('',*,*,#1636,.F.);
#2223=ORIENTED_EDGE('',*,*,#1637,.T.);
#2224=ORIENTED_EDGE('',*,*,#1638,.F.);
#2225=ORIENTED_EDGE('',*,*,#1639,.F.);
#2226=ORIENTED_EDGE('',*,*,#1640,.F.);
#2227=ORIENTED_EDGE('',*,*,#1641,.T.);
#2228=ORIENTED_EDGE('',*,*,#1642,.F.);
#2229=ORIENTED_EDGE('',*,*,#1637,.F.);
#2230=ORIENTED_EDGE('',*,*,#1643,.F.);
#2231=ORIENTED_EDGE('',*,*,#1644,.T.);
#2232=ORIENTED_EDGE('',*,*,#1645,.F.);
#2233=ORIENTED_EDGE('',*,*,#1641,.F.);
#2234=ORIENTED_EDGE('',*,*,#1646,.F.);
#2235=ORIENTED_EDGE('',*,*,#1639,.T.);
#2236=ORIENTED_EDGE('',*,*,#1647,.F.);
#2237=ORIENTED_EDGE('',*,*,#1644,.F.);
#2238=ORIENTED_EDGE('',*,*,#1648,.T.);
#2239=ORIENTED_EDGE('',*,*,#1649,.T.);
#2240=ORIENTED_EDGE('',*,*,#1650,.T.);
#2241=ORIENTED_EDGE('',*,*,#1651,.T.);
#2242=ORIENTED_EDGE('',*,*,#1652,.F.);
#2243=ORIENTED_EDGE('',*,*,#1649,.F.);
#2244=ORIENTED_EDGE('',*,*,#1653,.F.);
#2245=ORIENTED_EDGE('',*,*,#1654,.F.);
#2246=ORIENTED_EDGE('',*,*,#1655,.F.);
#2247=ORIENTED_EDGE('',*,*,#1656,.F.);
#2248=ORIENTED_EDGE('',*,*,#1657,.F.);
#2249=ORIENTED_EDGE('',*,*,#1658,.F.);
#2250=ORIENTED_EDGE('',*,*,#1659,.F.);
#2251=ORIENTED_EDGE('',*,*,#1660,.F.);
#2252=ORIENTED_EDGE('',*,*,#1661,.F.);
#2253=ORIENTED_EDGE('',*,*,#1662,.F.);
#2254=ORIENTED_EDGE('',*,*,#1663,.F.);
#2255=ORIENTED_EDGE('',*,*,#1664,.F.);
#2256=ORIENTED_EDGE('',*,*,#1665,.F.);
#2257=ORIENTED_EDGE('',*,*,#1666,.F.);
#2258=ORIENTED_EDGE('',*,*,#1667,.F.);
#2259=ORIENTED_EDGE('',*,*,#1668,.F.);
#2260=ORIENTED_EDGE('',*,*,#1669,.F.);
#2261=ORIENTED_EDGE('',*,*,#1670,.F.);
#2262=ORIENTED_EDGE('',*,*,#1671,.F.);
#2263=ORIENTED_EDGE('',*,*,#1672,.F.);
#2264=ORIENTED_EDGE('',*,*,#1523,.T.);
#2265=ORIENTED_EDGE('',*,*,#1548,.T.);
#2266=ORIENTED_EDGE('',*,*,#1551,.T.);
#2267=ORIENTED_EDGE('',*,*,#1554,.T.);
#2268=ORIENTED_EDGE('',*,*,#1557,.T.);
#2269=ORIENTED_EDGE('',*,*,#1560,.T.);
#2270=ORIENTED_EDGE('',*,*,#1563,.T.);
#2271=ORIENTED_EDGE('',*,*,#1532,.F.);
#2272=ORIENTED_EDGE('',*,*,#1537,.T.);
#2273=ORIENTED_EDGE('',*,*,#1525,.F.);
#2274=ORIENTED_EDGE('',*,*,#1565,.T.);
#2275=ORIENTED_EDGE('',*,*,#1568,.T.);
#2276=ORIENTED_EDGE('',*,*,#1542,.T.);
#2277=ORIENTED_EDGE('',*,*,#1540,.T.);
#2278=ORIENTED_EDGE('',*,*,#1541,.T.);
#2279=ORIENTED_EDGE('',*,*,#1513,.T.);
#2280=ORIENTED_EDGE('',*,*,#1630,.T.);
#2281=ORIENTED_EDGE('',*,*,#1633,.T.);
#2282=ORIENTED_EDGE('',*,*,#1636,.T.);
#2283=ORIENTED_EDGE('',*,*,#1646,.T.);
#2284=ORIENTED_EDGE('',*,*,#1643,.T.);
#2285=ORIENTED_EDGE('',*,*,#1640,.T.);
#2286=ORIENTED_EDGE('',*,*,#1673,.F.);
#2287=ORIENTED_EDGE('',*,*,#1674,.F.);
#2288=ORIENTED_EDGE('',*,*,#1675,.F.);
#2289=ORIENTED_EDGE('',*,*,#1676,.F.);
#2290=ORIENTED_EDGE('',*,*,#1677,.F.);
#2291=ORIENTED_EDGE('',*,*,#1678,.F.);
#2292=ORIENTED_EDGE('',*,*,#1679,.F.);
#2293=ORIENTED_EDGE('',*,*,#1680,.F.);
#2294=ORIENTED_EDGE('',*,*,#1681,.F.);
#2295=ORIENTED_EDGE('',*,*,#1682,.F.);
#2296=ORIENTED_EDGE('',*,*,#1683,.F.);
#2297=ORIENTED_EDGE('',*,*,#1684,.F.);
#2298=ORIENTED_EDGE('',*,*,#1685,.F.);
#2299=ORIENTED_EDGE('',*,*,#1686,.F.);
#2300=ORIENTED_EDGE('',*,*,#1687,.F.);
#2301=ORIENTED_EDGE('',*,*,#1688,.F.);
#2302=ORIENTED_EDGE('',*,*,#1689,.F.);
#2303=ORIENTED_EDGE('',*,*,#1690,.F.);
#2304=ORIENTED_EDGE('',*,*,#1691,.F.);
#2305=ORIENTED_EDGE('',*,*,#1692,.F.);
#2306=ORIENTED_EDGE('',*,*,#1693,.F.);
#2307=ORIENTED_EDGE('',*,*,#1694,.F.);
#2308=ORIENTED_EDGE('',*,*,#1695,.F.);
#2309=ORIENTED_EDGE('',*,*,#1696,.F.);
#2310=ORIENTED_EDGE('',*,*,#1697,.F.);
#2311=ORIENTED_EDGE('',*,*,#1698,.F.);
#2312=ORIENTED_EDGE('',*,*,#1699,.T.);
#2313=ORIENTED_EDGE('',*,*,#1700,.T.);
#2314=ORIENTED_EDGE('',*,*,#1701,.T.);
#2315=ORIENTED_EDGE('',*,*,#1702,.T.);
#2316=ORIENTED_EDGE('',*,*,#1651,.F.);
#2317=ORIENTED_EDGE('',*,*,#1703,.T.);
#2318=ORIENTED_EDGE('',*,*,#1700,.F.);
#2319=ORIENTED_EDGE('',*,*,#1704,.F.);
#2320=ORIENTED_EDGE('',*,*,#1705,.T.);
#2321=ORIENTED_EDGE('',*,*,#1706,.T.);
#2322=ORIENTED_EDGE('',*,*,#1650,.F.);
#2323=ORIENTED_EDGE('',*,*,#1652,.T.);
#2324=ORIENTED_EDGE('',*,*,#1707,.T.);
#2325=ORIENTED_EDGE('',*,*,#1708,.T.);
#2326=ORIENTED_EDGE('',*,*,#1705,.F.);
#2327=ORIENTED_EDGE('',*,*,#1672,.T.);
#2328=ORIENTED_EDGE('',*,*,#1709,.T.);
#2329=ORIENTED_EDGE('',*,*,#1710,.T.);
#2330=ORIENTED_EDGE('',*,*,#1707,.F.);
#2331=ORIENTED_EDGE('',*,*,#1671,.T.);
#2332=ORIENTED_EDGE('',*,*,#1711,.T.);
#2333=ORIENTED_EDGE('',*,*,#1712,.T.);
#2334=ORIENTED_EDGE('',*,*,#1701,.F.);
#2335=ORIENTED_EDGE('',*,*,#1713,.T.);
#2336=ORIENTED_EDGE('',*,*,#1714,.T.);
#2337=ORIENTED_EDGE('',*,*,#1715,.T.);
#2338=ORIENTED_EDGE('',*,*,#1711,.F.);
#2339=ORIENTED_EDGE('',*,*,#1716,.T.);
#2340=ORIENTED_EDGE('',*,*,#1717,.T.);
#2341=ORIENTED_EDGE('',*,*,#1718,.T.);
#2342=ORIENTED_EDGE('',*,*,#1714,.F.);
#2343=ORIENTED_EDGE('',*,*,#1719,.T.);
#2344=ORIENTED_EDGE('',*,*,#1710,.F.);
#2345=ORIENTED_EDGE('',*,*,#1720,.T.);
#2346=ORIENTED_EDGE('',*,*,#1719,.F.);
#2347=ORIENTED_EDGE('',*,*,#1721,.F.);
#2348=ORIENTED_EDGE('',*,*,#1708,.F.);
#2349=ORIENTED_EDGE('',*,*,#1721,.T.);
#2350=ORIENTED_EDGE('',*,*,#1716,.F.);
#2351=ORIENTED_EDGE('',*,*,#1722,.F.);
#2352=ORIENTED_EDGE('',*,*,#1706,.F.);
#2353=ORIENTED_EDGE('',*,*,#1722,.T.);
#2354=ORIENTED_EDGE('',*,*,#1713,.F.);
#2355=ORIENTED_EDGE('',*,*,#1703,.F.);
#2356=ORIENTED_EDGE('',*,*,#1670,.T.);
#2357=ORIENTED_EDGE('',*,*,#1723,.T.);
#2358=ORIENTED_EDGE('',*,*,#1724,.T.);
#2359=ORIENTED_EDGE('',*,*,#1709,.F.);
#2360=ORIENTED_EDGE('',*,*,#1725,.T.);
#2361=ORIENTED_EDGE('',*,*,#1726,.T.);
#2362=ORIENTED_EDGE('',*,*,#1727,.T.);
#2363=ORIENTED_EDGE('',*,*,#1717,.F.);
#2364=ORIENTED_EDGE('',*,*,#1724,.F.);
#2365=ORIENTED_EDGE('',*,*,#1728,.T.);
#2366=ORIENTED_EDGE('',*,*,#1725,.F.);
#2367=ORIENTED_EDGE('',*,*,#1720,.F.);
#2368=ORIENTED_EDGE('',*,*,#1729,.T.);
#2369=ORIENTED_EDGE('',*,*,#1665,.T.);
#2370=ORIENTED_EDGE('',*,*,#1730,.T.);
#2371=ORIENTED_EDGE('',*,*,#1731,.T.);
#2372=ORIENTED_EDGE('',*,*,#1732,.T.);
#2373=ORIENTED_EDGE('',*,*,#1666,.T.);
#2374=ORIENTED_EDGE('',*,*,#1729,.F.);
#2375=ORIENTED_EDGE('',*,*,#1733,.T.);
#2376=ORIENTED_EDGE('',*,*,#1734,.T.);
#2377=ORIENTED_EDGE('',*,*,#1667,.T.);
#2378=ORIENTED_EDGE('',*,*,#1732,.F.);
#2379=ORIENTED_EDGE('',*,*,#1735,.T.);
#2380=ORIENTED_EDGE('',*,*,#1736,.T.);
#2381=ORIENTED_EDGE('',*,*,#1668,.T.);
#2382=ORIENTED_EDGE('',*,*,#1734,.F.);
#2383=ORIENTED_EDGE('',*,*,#1737,.T.);
#2384=ORIENTED_EDGE('',*,*,#1669,.T.);
#2385=ORIENTED_EDGE('',*,*,#1736,.F.);
#2386=ORIENTED_EDGE('',*,*,#1738,.T.);
#2387=ORIENTED_EDGE('',*,*,#1723,.F.);
#2388=ORIENTED_EDGE('',*,*,#1738,.F.);
#2389=ORIENTED_EDGE('',*,*,#1739,.T.);
#2390=ORIENTED_EDGE('',*,*,#1740,.F.);
#2391=ORIENTED_EDGE('',*,*,#1728,.F.);
#2392=ORIENTED_EDGE('',*,*,#1737,.F.);
#2393=ORIENTED_EDGE('',*,*,#1741,.T.);
#2394=ORIENTED_EDGE('',*,*,#1742,.F.);
#2395=ORIENTED_EDGE('',*,*,#1739,.F.);
#2396=ORIENTED_EDGE('',*,*,#1735,.F.);
#2397=ORIENTED_EDGE('',*,*,#1743,.T.);
#2398=ORIENTED_EDGE('',*,*,#1744,.F.);
#2399=ORIENTED_EDGE('',*,*,#1741,.F.);
#2400=ORIENTED_EDGE('',*,*,#1733,.F.);
#2401=ORIENTED_EDGE('',*,*,#1745,.T.);
#2402=ORIENTED_EDGE('',*,*,#1746,.F.);
#2403=ORIENTED_EDGE('',*,*,#1743,.F.);
#2404=ORIENTED_EDGE('',*,*,#1731,.F.);
#2405=ORIENTED_EDGE('',*,*,#1747,.T.);
#2406=ORIENTED_EDGE('',*,*,#1748,.F.);
#2407=ORIENTED_EDGE('',*,*,#1745,.F.);
#2408=ORIENTED_EDGE('',*,*,#1749,.T.);
#2409=ORIENTED_EDGE('',*,*,#1750,.T.);
#2410=ORIENTED_EDGE('',*,*,#1726,.F.);
#2411=ORIENTED_EDGE('',*,*,#1740,.T.);
#2412=ORIENTED_EDGE('',*,*,#1751,.T.);
#2413=ORIENTED_EDGE('',*,*,#1752,.T.);
#2414=ORIENTED_EDGE('',*,*,#1749,.F.);
#2415=ORIENTED_EDGE('',*,*,#1742,.T.);
#2416=ORIENTED_EDGE('',*,*,#1753,.T.);
#2417=ORIENTED_EDGE('',*,*,#1754,.T.);
#2418=ORIENTED_EDGE('',*,*,#1751,.F.);
#2419=ORIENTED_EDGE('',*,*,#1744,.T.);
#2420=ORIENTED_EDGE('',*,*,#1755,.T.);
#2421=ORIENTED_EDGE('',*,*,#1756,.T.);
#2422=ORIENTED_EDGE('',*,*,#1753,.F.);
#2423=ORIENTED_EDGE('',*,*,#1746,.T.);
#2424=ORIENTED_EDGE('',*,*,#1757,.T.);
#2425=ORIENTED_EDGE('',*,*,#1758,.T.);
#2426=ORIENTED_EDGE('',*,*,#1755,.F.);
#2427=ORIENTED_EDGE('',*,*,#1748,.T.);
#2428=ORIENTED_EDGE('',*,*,#1664,.T.);
#2429=ORIENTED_EDGE('',*,*,#1759,.T.);
#2430=ORIENTED_EDGE('',*,*,#1760,.T.);
#2431=ORIENTED_EDGE('',*,*,#1730,.F.);
#2432=ORIENTED_EDGE('',*,*,#1761,.T.);
#2433=ORIENTED_EDGE('',*,*,#1762,.T.);
#2434=ORIENTED_EDGE('',*,*,#1763,.T.);
#2435=ORIENTED_EDGE('',*,*,#1757,.F.);
#2436=ORIENTED_EDGE('',*,*,#1760,.F.);
#2437=ORIENTED_EDGE('',*,*,#1764,.T.);
#2438=ORIENTED_EDGE('',*,*,#1761,.F.);
#2439=ORIENTED_EDGE('',*,*,#1747,.F.);
#2440=ORIENTED_EDGE('',*,*,#1765,.T.);
#2441=ORIENTED_EDGE('',*,*,#1766,.T.);
#2442=ORIENTED_EDGE('',*,*,#1759,.F.);
#2443=ORIENTED_EDGE('',*,*,#1663,.T.);
#2444=ORIENTED_EDGE('',*,*,#1767,.T.);
#2445=ORIENTED_EDGE('',*,*,#1768,.T.);
#2446=ORIENTED_EDGE('',*,*,#1765,.F.);
#2447=ORIENTED_EDGE('',*,*,#1662,.T.);
#2448=ORIENTED_EDGE('',*,*,#1769,.T.);
#2449=ORIENTED_EDGE('',*,*,#1770,.T.);
#2450=ORIENTED_EDGE('',*,*,#1767,.F.);
#2451=ORIENTED_EDGE('',*,*,#1661,.T.);
#2452=ORIENTED_EDGE('',*,*,#1771,.T.);
#2453=ORIENTED_EDGE('',*,*,#1772,.T.);
#2454=ORIENTED_EDGE('',*,*,#1769,.F.);
#2455=ORIENTED_EDGE('',*,*,#1660,.T.);
#2456=ORIENTED_EDGE('',*,*,#1773,.T.);
#2457=ORIENTED_EDGE('',*,*,#1771,.F.);
#2458=ORIENTED_EDGE('',*,*,#1659,.T.);
#2459=ORIENTED_EDGE('',*,*,#1774,.T.);
#2460=ORIENTED_EDGE('',*,*,#1658,.T.);
#2461=ORIENTED_EDGE('',*,*,#1775,.T.);
#2462=ORIENTED_EDGE('',*,*,#1776,.T.);
#2463=ORIENTED_EDGE('',*,*,#1774,.F.);
#2464=ORIENTED_EDGE('',*,*,#1766,.F.);
#2465=ORIENTED_EDGE('',*,*,#1777,.T.);
#2466=ORIENTED_EDGE('',*,*,#1778,.F.);
#2467=ORIENTED_EDGE('',*,*,#1764,.F.);
#2468=ORIENTED_EDGE('',*,*,#1768,.F.);
#2469=ORIENTED_EDGE('',*,*,#1779,.T.);
#2470=ORIENTED_EDGE('',*,*,#1780,.F.);
#2471=ORIENTED_EDGE('',*,*,#1777,.F.);
#2472=ORIENTED_EDGE('',*,*,#1770,.F.);
#2473=ORIENTED_EDGE('',*,*,#1781,.T.);
#2474=ORIENTED_EDGE('',*,*,#1782,.F.);
#2475=ORIENTED_EDGE('',*,*,#1779,.F.);
#2476=ORIENTED_EDGE('',*,*,#1772,.F.);
#2477=ORIENTED_EDGE('',*,*,#1783,.T.);
#2478=ORIENTED_EDGE('',*,*,#1784,.F.);
#2479=ORIENTED_EDGE('',*,*,#1781,.F.);
#2480=ORIENTED_EDGE('',*,*,#1773,.F.);
#2481=ORIENTED_EDGE('',*,*,#1785,.T.);
#2482=ORIENTED_EDGE('',*,*,#1786,.F.);
#2483=ORIENTED_EDGE('',*,*,#1783,.F.);
#2484=ORIENTED_EDGE('',*,*,#1776,.F.);
#2485=ORIENTED_EDGE('',*,*,#1787,.T.);
#2486=ORIENTED_EDGE('',*,*,#1788,.F.);
#2487=ORIENTED_EDGE('',*,*,#1785,.F.);
#2488=ORIENTED_EDGE('',*,*,#1788,.T.);
#2489=ORIENTED_EDGE('',*,*,#1789,.T.);
#2490=ORIENTED_EDGE('',*,*,#1790,.T.);
#2491=ORIENTED_EDGE('',*,*,#1791,.T.);
#2492=ORIENTED_EDGE('',*,*,#1792,.T.);
#2493=ORIENTED_EDGE('',*,*,#1793,.T.);
#2494=ORIENTED_EDGE('',*,*,#1762,.F.);
#2495=ORIENTED_EDGE('',*,*,#1778,.T.);
#2496=ORIENTED_EDGE('',*,*,#1794,.T.);
#2497=ORIENTED_EDGE('',*,*,#1795,.T.);
#2498=ORIENTED_EDGE('',*,*,#1792,.F.);
#2499=ORIENTED_EDGE('',*,*,#1780,.T.);
#2500=ORIENTED_EDGE('',*,*,#1796,.T.);
#2501=ORIENTED_EDGE('',*,*,#1797,.T.);
#2502=ORIENTED_EDGE('',*,*,#1794,.F.);
#2503=ORIENTED_EDGE('',*,*,#1782,.T.);
#2504=ORIENTED_EDGE('',*,*,#1798,.T.);
#2505=ORIENTED_EDGE('',*,*,#1799,.T.);
#2506=ORIENTED_EDGE('',*,*,#1796,.F.);
#2507=ORIENTED_EDGE('',*,*,#1784,.T.);
#2508=ORIENTED_EDGE('',*,*,#1800,.T.);
#2509=ORIENTED_EDGE('',*,*,#1798,.F.);
#2510=ORIENTED_EDGE('',*,*,#1786,.T.);
#2511=ORIENTED_EDGE('',*,*,#1791,.F.);
#2512=ORIENTED_EDGE('',*,*,#1801,.T.);
#2513=ORIENTED_EDGE('',*,*,#1653,.T.);
#2514=ORIENTED_EDGE('',*,*,#1648,.F.);
#2515=ORIENTED_EDGE('',*,*,#1802,.T.);
#2516=ORIENTED_EDGE('',*,*,#1803,.T.);
#2517=ORIENTED_EDGE('',*,*,#1654,.T.);
#2518=ORIENTED_EDGE('',*,*,#1801,.F.);
#2519=ORIENTED_EDGE('',*,*,#1804,.T.);
#2520=ORIENTED_EDGE('',*,*,#1805,.T.);
#2521=ORIENTED_EDGE('',*,*,#1655,.T.);
#2522=ORIENTED_EDGE('',*,*,#1803,.F.);
#2523=ORIENTED_EDGE('',*,*,#1806,.T.);
#2524=ORIENTED_EDGE('',*,*,#1807,.T.);
#2525=ORIENTED_EDGE('',*,*,#1656,.T.);
#2526=ORIENTED_EDGE('',*,*,#1805,.F.);
#2527=ORIENTED_EDGE('',*,*,#1808,.T.);
#2528=ORIENTED_EDGE('',*,*,#1657,.T.);
#2529=ORIENTED_EDGE('',*,*,#1807,.F.);
#2530=ORIENTED_EDGE('',*,*,#1809,.T.);
#2531=ORIENTED_EDGE('',*,*,#1775,.F.);
#2532=ORIENTED_EDGE('',*,*,#1809,.F.);
#2533=ORIENTED_EDGE('',*,*,#1810,.T.);
#2534=ORIENTED_EDGE('',*,*,#1811,.F.);
#2535=ORIENTED_EDGE('',*,*,#1787,.F.);
#2536=ORIENTED_EDGE('',*,*,#1808,.F.);
#2537=ORIENTED_EDGE('',*,*,#1812,.T.);
#2538=ORIENTED_EDGE('',*,*,#1813,.F.);
#2539=ORIENTED_EDGE('',*,*,#1810,.F.);
#2540=ORIENTED_EDGE('',*,*,#1806,.F.);
#2541=ORIENTED_EDGE('',*,*,#1814,.T.);
#2542=ORIENTED_EDGE('',*,*,#1815,.F.);
#2543=ORIENTED_EDGE('',*,*,#1812,.F.);
#2544=ORIENTED_EDGE('',*,*,#1804,.F.);
#2545=ORIENTED_EDGE('',*,*,#1816,.T.);
#2546=ORIENTED_EDGE('',*,*,#1817,.F.);
#2547=ORIENTED_EDGE('',*,*,#1814,.F.);
#2548=ORIENTED_EDGE('',*,*,#1802,.F.);
#2549=ORIENTED_EDGE('',*,*,#1704,.T.);
#2550=ORIENTED_EDGE('',*,*,#1818,.F.);
#2551=ORIENTED_EDGE('',*,*,#1816,.F.);
#2552=ORIENTED_EDGE('',*,*,#1819,.T.);
#2553=ORIENTED_EDGE('',*,*,#1820,.T.);
#2554=ORIENTED_EDGE('',*,*,#1789,.F.);
#2555=ORIENTED_EDGE('',*,*,#1811,.T.);
#2556=ORIENTED_EDGE('',*,*,#1821,.T.);
#2557=ORIENTED_EDGE('',*,*,#1822,.T.);
#2558=ORIENTED_EDGE('',*,*,#1819,.F.);
#2559=ORIENTED_EDGE('',*,*,#1813,.T.);
#2560=ORIENTED_EDGE('',*,*,#1823,.T.);
#2561=ORIENTED_EDGE('',*,*,#1824,.T.);
#2562=ORIENTED_EDGE('',*,*,#1821,.F.);
#2563=ORIENTED_EDGE('',*,*,#1815,.T.);
#2564=ORIENTED_EDGE('',*,*,#1825,.T.);
#2565=ORIENTED_EDGE('',*,*,#1826,.T.);
#2566=ORIENTED_EDGE('',*,*,#1823,.F.);
#2567=ORIENTED_EDGE('',*,*,#1817,.T.);
#2568=ORIENTED_EDGE('',*,*,#1827,.T.);
#2569=ORIENTED_EDGE('',*,*,#1825,.F.);
#2570=ORIENTED_EDGE('',*,*,#1818,.T.);
#2571=ORIENTED_EDGE('',*,*,#1699,.F.);
#2572=ORIENTED_EDGE('',*,*,#1828,.F.);
#2573=ORIENTED_EDGE('',*,*,#1829,.T.);
#2574=ORIENTED_EDGE('',*,*,#1698,.T.);
#2575=ORIENTED_EDGE('',*,*,#1829,.F.);
#2576=ORIENTED_EDGE('',*,*,#1830,.F.);
#2577=ORIENTED_EDGE('',*,*,#1831,.T.);
#2578=ORIENTED_EDGE('',*,*,#1697,.T.);
#2579=ORIENTED_EDGE('',*,*,#1831,.F.);
#2580=ORIENTED_EDGE('',*,*,#1832,.F.);
#2581=ORIENTED_EDGE('',*,*,#1833,.T.);
#2582=ORIENTED_EDGE('',*,*,#1696,.T.);
#2583=ORIENTED_EDGE('',*,*,#1833,.F.);
#2584=ORIENTED_EDGE('',*,*,#1834,.F.);
#2585=ORIENTED_EDGE('',*,*,#1835,.T.);
#2586=ORIENTED_EDGE('',*,*,#1695,.T.);
#2587=ORIENTED_EDGE('',*,*,#1835,.F.);
#2588=ORIENTED_EDGE('',*,*,#1836,.F.);
#2589=ORIENTED_EDGE('',*,*,#1837,.T.);
#2590=ORIENTED_EDGE('',*,*,#1694,.T.);
#2591=ORIENTED_EDGE('',*,*,#1837,.F.);
#2592=ORIENTED_EDGE('',*,*,#1838,.F.);
#2593=ORIENTED_EDGE('',*,*,#1839,.T.);
#2594=ORIENTED_EDGE('',*,*,#1693,.T.);
#2595=ORIENTED_EDGE('',*,*,#1839,.F.);
#2596=ORIENTED_EDGE('',*,*,#1840,.F.);
#2597=ORIENTED_EDGE('',*,*,#1841,.T.);
#2598=ORIENTED_EDGE('',*,*,#1692,.T.);
#2599=ORIENTED_EDGE('',*,*,#1841,.F.);
#2600=ORIENTED_EDGE('',*,*,#1842,.F.);
#2601=ORIENTED_EDGE('',*,*,#1843,.T.);
#2602=ORIENTED_EDGE('',*,*,#1691,.T.);
#2603=ORIENTED_EDGE('',*,*,#1843,.F.);
#2604=ORIENTED_EDGE('',*,*,#1844,.F.);
#2605=ORIENTED_EDGE('',*,*,#1845,.T.);
#2606=ORIENTED_EDGE('',*,*,#1690,.T.);
#2607=ORIENTED_EDGE('',*,*,#1845,.F.);
#2608=ORIENTED_EDGE('',*,*,#1846,.F.);
#2609=ORIENTED_EDGE('',*,*,#1847,.T.);
#2610=ORIENTED_EDGE('',*,*,#1689,.T.);
#2611=ORIENTED_EDGE('',*,*,#1847,.F.);
#2612=ORIENTED_EDGE('',*,*,#1848,.F.);
#2613=ORIENTED_EDGE('',*,*,#1849,.T.);
#2614=ORIENTED_EDGE('',*,*,#1688,.T.);
#2615=ORIENTED_EDGE('',*,*,#1849,.F.);
#2616=ORIENTED_EDGE('',*,*,#1614,.T.);
#2617=ORIENTED_EDGE('',*,*,#1615,.T.);
#2618=ORIENTED_EDGE('',*,*,#1850,.F.);
#2619=ORIENTED_EDGE('',*,*,#1851,.T.);
#2620=ORIENTED_EDGE('',*,*,#1687,.T.);
#2621=ORIENTED_EDGE('',*,*,#1851,.F.);
#2622=ORIENTED_EDGE('',*,*,#1852,.F.);
#2623=ORIENTED_EDGE('',*,*,#1853,.T.);
#2624=ORIENTED_EDGE('',*,*,#1686,.T.);
#2625=ORIENTED_EDGE('',*,*,#1853,.F.);
#2626=ORIENTED_EDGE('',*,*,#1854,.F.);
#2627=ORIENTED_EDGE('',*,*,#1855,.T.);
#2628=ORIENTED_EDGE('',*,*,#1685,.T.);
#2629=ORIENTED_EDGE('',*,*,#1855,.F.);
#2630=ORIENTED_EDGE('',*,*,#1621,.T.);
#2631=ORIENTED_EDGE('',*,*,#1622,.T.);
#2632=ORIENTED_EDGE('',*,*,#1683,.T.);
#2633=ORIENTED_EDGE('',*,*,#1856,.T.);
#2634=ORIENTED_EDGE('',*,*,#1857,.F.);
#2635=ORIENTED_EDGE('',*,*,#1858,.F.);
#2636=ORIENTED_EDGE('',*,*,#1684,.T.);
#2637=ORIENTED_EDGE('',*,*,#1858,.T.);
#2638=ORIENTED_EDGE('',*,*,#1859,.F.);
#2639=ORIENTED_EDGE('',*,*,#1860,.F.);
#2640=ORIENTED_EDGE('',*,*,#1682,.T.);
#2641=ORIENTED_EDGE('',*,*,#1860,.T.);
#2642=ORIENTED_EDGE('',*,*,#1861,.F.);
#2643=ORIENTED_EDGE('',*,*,#1856,.F.);
#2644=ORIENTED_EDGE('',*,*,#1600,.T.);
#2645=ORIENTED_EDGE('',*,*,#1601,.T.);
#2646=ORIENTED_EDGE('',*,*,#1862,.F.);
#2647=ORIENTED_EDGE('',*,*,#1863,.T.);
#2648=ORIENTED_EDGE('',*,*,#1681,.T.);
#2649=ORIENTED_EDGE('',*,*,#1863,.F.);
#2650=ORIENTED_EDGE('',*,*,#1864,.F.);
#2651=ORIENTED_EDGE('',*,*,#1865,.T.);
#2652=ORIENTED_EDGE('',*,*,#1680,.T.);
#2653=ORIENTED_EDGE('',*,*,#1865,.F.);
#2654=ORIENTED_EDGE('',*,*,#1866,.F.);
#2655=ORIENTED_EDGE('',*,*,#1867,.T.);
#2656=ORIENTED_EDGE('',*,*,#1679,.T.);
#2657=ORIENTED_EDGE('',*,*,#1867,.F.);
#2658=ORIENTED_EDGE('',*,*,#1584,.T.);
#2659=ORIENTED_EDGE('',*,*,#1585,.T.);
#2660=ORIENTED_EDGE('',*,*,#1868,.F.);
#2661=ORIENTED_EDGE('',*,*,#1869,.T.);
#2662=ORIENTED_EDGE('',*,*,#1678,.T.);
#2663=ORIENTED_EDGE('',*,*,#1869,.F.);
#2664=ORIENTED_EDGE('',*,*,#1870,.F.);
#2665=ORIENTED_EDGE('',*,*,#1871,.T.);
#2666=ORIENTED_EDGE('',*,*,#1677,.T.);
#2667=ORIENTED_EDGE('',*,*,#1871,.F.);
#2668=ORIENTED_EDGE('',*,*,#1872,.F.);
#2669=ORIENTED_EDGE('',*,*,#1873,.T.);
#2670=ORIENTED_EDGE('',*,*,#1676,.T.);
#2671=ORIENTED_EDGE('',*,*,#1873,.F.);
#2672=ORIENTED_EDGE('',*,*,#1874,.F.);
#2673=ORIENTED_EDGE('',*,*,#1875,.T.);
#2674=ORIENTED_EDGE('',*,*,#1675,.T.);
#2675=ORIENTED_EDGE('',*,*,#1875,.F.);
#2676=ORIENTED_EDGE('',*,*,#1876,.F.);
#2677=ORIENTED_EDGE('',*,*,#1877,.T.);
#2678=ORIENTED_EDGE('',*,*,#1674,.T.);
#2679=ORIENTED_EDGE('',*,*,#1877,.F.);
#2680=ORIENTED_EDGE('',*,*,#1878,.F.);
#2681=ORIENTED_EDGE('',*,*,#1879,.T.);
#2682=ORIENTED_EDGE('',*,*,#1673,.T.);
#2683=ORIENTED_EDGE('',*,*,#1879,.F.);
#2684=ORIENTED_EDGE('',*,*,#1712,.F.);
#2685=ORIENTED_EDGE('',*,*,#1715,.F.);
#2686=ORIENTED_EDGE('',*,*,#1718,.F.);
#2687=ORIENTED_EDGE('',*,*,#1727,.F.);
#2688=ORIENTED_EDGE('',*,*,#1750,.F.);
#2689=ORIENTED_EDGE('',*,*,#1752,.F.);
#2690=ORIENTED_EDGE('',*,*,#1754,.F.);
#2691=ORIENTED_EDGE('',*,*,#1756,.F.);
#2692=ORIENTED_EDGE('',*,*,#1758,.F.);
#2693=ORIENTED_EDGE('',*,*,#1763,.F.);
#2694=ORIENTED_EDGE('',*,*,#1793,.F.);
#2695=ORIENTED_EDGE('',*,*,#1795,.F.);
#2696=ORIENTED_EDGE('',*,*,#1797,.F.);
#2697=ORIENTED_EDGE('',*,*,#1799,.F.);
#2698=ORIENTED_EDGE('',*,*,#1800,.F.);
#2699=ORIENTED_EDGE('',*,*,#1790,.F.);
#2700=ORIENTED_EDGE('',*,*,#1820,.F.);
#2701=ORIENTED_EDGE('',*,*,#1822,.F.);
#2702=ORIENTED_EDGE('',*,*,#1824,.F.);
#2703=ORIENTED_EDGE('',*,*,#1826,.F.);
#2704=ORIENTED_EDGE('',*,*,#1827,.F.);
#2705=ORIENTED_EDGE('',*,*,#1702,.F.);
#2706=ORIENTED_EDGE('',*,*,#1578,.T.);
#2707=ORIENTED_EDGE('',*,*,#1597,.T.);
#2708=ORIENTED_EDGE('',*,*,#1611,.T.);
#2709=ORIENTED_EDGE('',*,*,#1454,.T.);
#2710=ORIENTED_EDGE('',*,*,#1632,.T.);
#2711=ORIENTED_EDGE('',*,*,#1635,.T.);
#2712=ORIENTED_EDGE('',*,*,#1638,.T.);
#2713=ORIENTED_EDGE('',*,*,#1642,.T.);
#2714=ORIENTED_EDGE('',*,*,#1645,.T.);
#2715=ORIENTED_EDGE('',*,*,#1647,.T.);
#2716=ORIENTED_EDGE('',*,*,#1878,.T.);
#2717=ORIENTED_EDGE('',*,*,#1876,.T.);
#2718=ORIENTED_EDGE('',*,*,#1874,.T.);
#2719=ORIENTED_EDGE('',*,*,#1872,.T.);
#2720=ORIENTED_EDGE('',*,*,#1870,.T.);
#2721=ORIENTED_EDGE('',*,*,#1868,.T.);
#2722=ORIENTED_EDGE('',*,*,#1866,.T.);
#2723=ORIENTED_EDGE('',*,*,#1864,.T.);
#2724=ORIENTED_EDGE('',*,*,#1862,.T.);
#2725=ORIENTED_EDGE('',*,*,#1861,.T.);
#2726=ORIENTED_EDGE('',*,*,#1859,.T.);
#2727=ORIENTED_EDGE('',*,*,#1857,.T.);
#2728=ORIENTED_EDGE('',*,*,#1854,.T.);
#2729=ORIENTED_EDGE('',*,*,#1852,.T.);
#2730=ORIENTED_EDGE('',*,*,#1850,.T.);
#2731=ORIENTED_EDGE('',*,*,#1848,.T.);
#2732=ORIENTED_EDGE('',*,*,#1846,.T.);
#2733=ORIENTED_EDGE('',*,*,#1844,.T.);
#2734=ORIENTED_EDGE('',*,*,#1842,.T.);
#2735=ORIENTED_EDGE('',*,*,#1840,.T.);
#2736=ORIENTED_EDGE('',*,*,#1838,.T.);
#2737=ORIENTED_EDGE('',*,*,#1836,.T.);
#2738=ORIENTED_EDGE('',*,*,#1834,.T.);
#2739=ORIENTED_EDGE('',*,*,#1832,.T.);
#2740=ORIENTED_EDGE('',*,*,#1830,.T.);
#2741=ORIENTED_EDGE('',*,*,#1828,.T.);
#2742=CYLINDRICAL_SURFACE('',#2996,3.25);
#2743=CYLINDRICAL_SURFACE('',#3003,3.25);
#2744=CYLINDRICAL_SURFACE('',#3006,2.1);
#2745=CYLINDRICAL_SURFACE('',#3013,2.1);
#2746=CYLINDRICAL_SURFACE('',#3020,2.1);
#2747=CYLINDRICAL_SURFACE('',#3023,2.1);
#2748=CYLINDRICAL_SURFACE('',#3041,2.00000000000001);
#2749=CYLINDRICAL_SURFACE('',#3052,1.99999999999999);
#2750=CYLINDRICAL_SURFACE('',#3057,2.);
#2751=CYLINDRICAL_SURFACE('',#3061,2.00000000000001);
#2752=CYLINDRICAL_SURFACE('',#3065,2.00000000000001);
#2753=CYLINDRICAL_SURFACE('',#3068,2.00000000000001);
#2754=CYLINDRICAL_SURFACE('',#3076,3.25);
#2755=CYLINDRICAL_SURFACE('',#3084,3.25);
#2756=CYLINDRICAL_SURFACE('',#3088,3.25);
#2757=CYLINDRICAL_SURFACE('',#3092,3.25);
#2758=CYLINDRICAL_SURFACE('',#3099,3.25);
#2759=CYLINDRICAL_SURFACE('',#3103,3.25);
#2760=CYLINDRICAL_SURFACE('',#3110,3.25);
#2761=CYLINDRICAL_SURFACE('',#3113,3.25);
#2762=CYLINDRICAL_SURFACE('',#3117,3.25);
#2763=CYLINDRICAL_SURFACE('',#3121,3.25);
#2764=CYLINDRICAL_SURFACE('',#3122,0.85);
#2765=CYLINDRICAL_SURFACE('',#3125,0.85);
#2766=CYLINDRICAL_SURFACE('',#3129,2.);
#2767=CYLINDRICAL_SURFACE('',#3133,2.);
#2768=CYLINDRICAL_SURFACE('',#3177,17.);
#2769=CYLINDRICAL_SURFACE('',#3178,2.);
#2770=CYLINDRICAL_SURFACE('',#3183,2.);
#2771=CYLINDRICAL_SURFACE('',#3184,2.);
#2772=CYLINDRICAL_SURFACE('',#3190,2.);
#2773=CYLINDRICAL_SURFACE('',#3192,20.0000000000002);
#2774=CYLINDRICAL_SURFACE('',#3199,17.);
#2775=CYLINDRICAL_SURFACE('',#3200,2.);
#2776=CYLINDRICAL_SURFACE('',#3205,2.);
#2777=CYLINDRICAL_SURFACE('',#3210,2.);
#2778=CYLINDRICAL_SURFACE('',#3212,29.9999999999999);
#2779=CYLINDRICAL_SURFACE('',#3215,20.);
#2780=CYLINDRICAL_SURFACE('',#3218,2.);
#2781=CYLINDRICAL_SURFACE('',#3223,2.);
#2782=CYLINDRICAL_SURFACE('',#3228,2.);
#2783=CYLINDRICAL_SURFACE('',#3234,17.);
#2784=CYLINDRICAL_SURFACE('',#3235,2.);
#2785=CYLINDRICAL_SURFACE('',#3240,2.);
#2786=CYLINDRICAL_SURFACE('',#3245,2.);
#2787=CYLINDRICAL_SURFACE('',#3249,10.0000000000003);
#2788=CYLINDRICAL_SURFACE('',#3252,10.);
#2789=CYLINDRICAL_SURFACE('',#3255,17.);
#2790=CYLINDRICAL_SURFACE('',#3259,2.);
#2791=CYLINDRICAL_SURFACE('',#3264,2.);
#2792=CYLINDRICAL_SURFACE('',#3269,2.);
#2793=CYLINDRICAL_SURFACE('',#3270,2.);
#2794=CYLINDRICAL_SURFACE('',#3275,2.);
#2795=CYLINDRICAL_SURFACE('',#3280,2.);
#2796=CYLINDRICAL_SURFACE('',#3282,20.);
#2797=CYLINDRICAL_SURFACE('',#3285,30.0000000000001);
#2798=CYLINDRICAL_SURFACE('',#3288,2.);
#2799=CYLINDRICAL_SURFACE('',#3293,2.);
#2800=CYLINDRICAL_SURFACE('',#3298,2.);
#2801=CYLINDRICAL_SURFACE('',#3299,1.6);
#2802=CYLINDRICAL_SURFACE('',#3301,1.6);
#2803=CYLINDRICAL_SURFACE('',#3303,1.6);
#2804=CYLINDRICAL_SURFACE('',#3305,1.6);
#2805=CYLINDRICAL_SURFACE('',#3307,1.6);
#2806=CYLINDRICAL_SURFACE('',#3309,1.6);
#2807=CYLINDRICAL_SURFACE('',#3311,1.6);
#2808=CYLINDRICAL_SURFACE('',#3313,1.6);
#2809=CYLINDRICAL_SURFACE('',#3315,1.6);
#2810=CYLINDRICAL_SURFACE('',#3317,1.6);
#2811=CYLINDRICAL_SURFACE('',#3319,5.);
#2812=CYLINDRICAL_SURFACE('',#3321,1.6);
#2813=CYLINDRICAL_SURFACE('',#3323,1.6);
#2814=CYLINDRICAL_SURFACE('',#3325,5.);
#2815=CYLINDRICAL_SURFACE('',#3329,5.);
#2816=CYLINDRICAL_SURFACE('',#3331,1.6);
#2817=CYLINDRICAL_SURFACE('',#3333,1.6);
#2818=CYLINDRICAL_SURFACE('',#3335,5.);
#2819=CYLINDRICAL_SURFACE('',#3337,1.6);
#2820=CYLINDRICAL_SURFACE('',#3339,1.6);
#2821=CYLINDRICAL_SURFACE('',#3341,1.6);
#2822=CYLINDRICAL_SURFACE('',#3343,1.6);
#2823=CYLINDRICAL_SURFACE('',#3345,1.6);
#2824=CYLINDRICAL_SURFACE('',#3347,1.6);
#2825=ADVANCED_FACE('',(#178),#2742,.F.);
#2826=ADVANCED_FACE('',(#179),#2743,.F.);
#2827=ADVANCED_FACE('',(#180),#2744,.F.);
#2828=ADVANCED_FACE('',(#181),#2745,.F.);
#2829=ADVANCED_FACE('',(#182),#2746,.F.);
#2830=ADVANCED_FACE('',(#183),#2747,.F.);
#2831=ADVANCED_FACE('',(#184),#126,.T.);
#2832=ADVANCED_FACE('',(#185),#127,.F.);
#2833=ADVANCED_FACE('',(#186),#128,.F.);
#2834=ADVANCED_FACE('',(#187),#129,.F.);
#2835=ADVANCED_FACE('',(#188),#130,.F.);
#2836=ADVANCED_FACE('',(#189),#131,.F.);
#2837=ADVANCED_FACE('',(#190),#132,.F.);
#2838=ADVANCED_FACE('',(#191),#133,.F.);
#2839=ADVANCED_FACE('',(#192),#134,.F.);
#2840=ADVANCED_FACE('',(#193),#135,.F.);
#2841=ADVANCED_FACE('',(#194),#136,.F.);
#2842=ADVANCED_FACE('',(#195),#137,.T.);
#2843=ADVANCED_FACE('',(#196),#2748,.T.);
#2844=ADVANCED_FACE('',(#197),#138,.F.);
#2845=ADVANCED_FACE('',(#198),#139,.F.);
#2846=ADVANCED_FACE('',(#199),#140,.F.);
#2847=ADVANCED_FACE('',(#200),#141,.F.);
#2848=ADVANCED_FACE('',(#201),#142,.F.);
#2849=ADVANCED_FACE('',(#202),#143,.F.);
#2850=ADVANCED_FACE('',(#203),#144,.F.);
#2851=ADVANCED_FACE('',(#204),#145,.F.);
#2852=ADVANCED_FACE('',(#205),#2749,.F.);
#2853=ADVANCED_FACE('',(#206),#146,.T.);
#2854=ADVANCED_FACE('',(#207,#61),#147,.T.);
#2855=ADVANCED_FACE('',(#208),#2750,.T.);
#2856=ADVANCED_FACE('',(#209),#148,.T.);
#2857=ADVANCED_FACE('',(#210),#2751,.T.);
#2858=ADVANCED_FACE('',(#211,#62),#149,.T.);
#2859=ADVANCED_FACE('',(#212),#2752,.T.);
#2860=ADVANCED_FACE('',(#213),#2753,.F.);
#2861=ADVANCED_FACE('',(#214),#150,.T.);
#2862=ADVANCED_FACE('',(#215),#151,.T.);
#2863=ADVANCED_FACE('',(#216),#152,.T.);
#2864=ADVANCED_FACE('',(#217),#153,.T.);
#2865=ADVANCED_FACE('',(#218),#2754,.F.);
#2866=ADVANCED_FACE('',(#219),#154,.T.);
#2867=ADVANCED_FACE('',(#220),#2755,.F.);
#2868=ADVANCED_FACE('',(#221),#2756,.F.);
#2869=ADVANCED_FACE('',(#222),#155,.T.);
#2870=ADVANCED_FACE('',(#223),#2757,.F.);
#2871=ADVANCED_FACE('',(#224),#156,.F.);
#2872=ADVANCED_FACE('',(#225),#2758,.F.);
#2873=ADVANCED_FACE('',(#226),#157,.T.);
#2874=ADVANCED_FACE('',(#227),#2759,.F.);
#2875=ADVANCED_FACE('',(#228),#158,.F.);
#2876=ADVANCED_FACE('',(#229),#2760,.F.);
#2877=ADVANCED_FACE('',(#230),#159,.T.);
#2878=ADVANCED_FACE('',(#231),#2761,.F.);
#2879=ADVANCED_FACE('',(#232),#2762,.F.);
#2880=ADVANCED_FACE('',(#233),#160,.T.);
#2881=ADVANCED_FACE('',(#234),#2763,.F.);
#2882=ADVANCED_FACE('',(#235),#2764,.F.);
#2883=ADVANCED_FACE('',(#236),#2765,.F.);
#2884=ADVANCED_FACE('',(#237),#161,.F.);
#2885=ADVANCED_FACE('',(#238),#2766,.F.);
#2886=ADVANCED_FACE('',(#239),#162,.F.);
#2887=ADVANCED_FACE('',(#240),#2767,.F.);
#2888=ADVANCED_FACE('',(#241),#15,.T.);
#2889=ADVANCED_FACE('',(#242,#63,#64,#65,#66,#67,#68,#69,#70,#71,#72,#73,
#74,#75,#76,#77,#78,#79,#80,#81,#82,#83,#84,#85,#86,#87,#88,#89,#90),#163,
 .F.);
#2890=ADVANCED_FACE('',(#243),#16,.T.);
#2891=ADVANCED_FACE('',(#244),#2768,.T.);
#2892=ADVANCED_FACE('',(#245),#2769,.T.);
#2893=ADVANCED_FACE('',(#246),#17,.T.);
#2894=ADVANCED_FACE('',(#247),#2770,.T.);
#2895=ADVANCED_FACE('',(#248),#2771,.T.);
#2896=ADVANCED_FACE('',(#249),#18,.T.);
#2897=ADVANCED_FACE('',(#250),#2772,.T.);
#2898=ADVANCED_FACE('',(#251),#164,.T.);
#2899=ADVANCED_FACE('',(#252),#2773,.F.);
#2900=ADVANCED_FACE('',(#253),#165,.T.);
#2901=ADVANCED_FACE('',(#254),#19,.T.);
#2902=ADVANCED_FACE('',(#255),#20,.T.);
#2903=ADVANCED_FACE('',(#256),#2774,.T.);
#2904=ADVANCED_FACE('',(#257),#2775,.T.);
#2905=ADVANCED_FACE('',(#258),#21,.T.);
#2906=ADVANCED_FACE('',(#259),#2776,.T.);
#2907=ADVANCED_FACE('',(#260),#22,.T.);
#2908=ADVANCED_FACE('',(#261),#2777,.T.);
#2909=ADVANCED_FACE('',(#262),#166,.T.);
#2910=ADVANCED_FACE('',(#263),#2778,.F.);
#2911=ADVANCED_FACE('',(#264),#167,.T.);
#2912=ADVANCED_FACE('',(#265),#2779,.F.);
#2913=ADVANCED_FACE('',(#266),#168,.T.);
#2914=ADVANCED_FACE('',(#267),#2780,.T.);
#2915=ADVANCED_FACE('',(#268),#23,.T.);
#2916=ADVANCED_FACE('',(#269),#2781,.T.);
#2917=ADVANCED_FACE('',(#270),#24,.T.);
#2918=ADVANCED_FACE('',(#271),#2782,.T.);
#2919=ADVANCED_FACE('',(#272),#25,.T.);
#2920=ADVANCED_FACE('',(#273),#26,.T.);
#2921=ADVANCED_FACE('',(#274),#2783,.T.);
#2922=ADVANCED_FACE('',(#275),#2784,.T.);
#2923=ADVANCED_FACE('',(#276),#27,.T.);
#2924=ADVANCED_FACE('',(#277),#2785,.T.);
#2925=ADVANCED_FACE('',(#278),#28,.T.);
#2926=ADVANCED_FACE('',(#279),#2786,.T.);
#2927=ADVANCED_FACE('',(#280),#29,.T.);
#2928=ADVANCED_FACE('',(#281),#169,.T.);
#2929=ADVANCED_FACE('',(#282),#2787,.F.);
#2930=ADVANCED_FACE('',(#283),#170,.T.);
#2931=ADVANCED_FACE('',(#284),#2788,.F.);
#2932=ADVANCED_FACE('',(#285),#171,.T.);
#2933=ADVANCED_FACE('',(#286),#2789,.T.);
#2934=ADVANCED_FACE('',(#287),#30,.T.);
#2935=ADVANCED_FACE('',(#288),#2790,.T.);
#2936=ADVANCED_FACE('',(#289),#31,.T.);
#2937=ADVANCED_FACE('',(#290),#2791,.T.);
#2938=ADVANCED_FACE('',(#291),#32,.T.);
#2939=ADVANCED_FACE('',(#292),#2792,.T.);
#2940=ADVANCED_FACE('',(#293),#2793,.T.);
#2941=ADVANCED_FACE('',(#294),#33,.T.);
#2942=ADVANCED_FACE('',(#295),#2794,.T.);
#2943=ADVANCED_FACE('',(#296),#34,.T.);
#2944=ADVANCED_FACE('',(#297),#2795,.T.);
#2945=ADVANCED_FACE('',(#298),#172,.T.);
#2946=ADVANCED_FACE('',(#299),#2796,.F.);
#2947=ADVANCED_FACE('',(#300),#173,.T.);
#2948=ADVANCED_FACE('',(#301),#2797,.F.);
#2949=ADVANCED_FACE('',(#302),#174,.T.);
#2950=ADVANCED_FACE('',(#303),#2798,.T.);
#2951=ADVANCED_FACE('',(#304),#35,.T.);
#2952=ADVANCED_FACE('',(#305),#2799,.T.);
#2953=ADVANCED_FACE('',(#306),#36,.T.);
#2954=ADVANCED_FACE('',(#307),#2800,.T.);
#2955=ADVANCED_FACE('',(#308),#2801,.F.);
#2956=ADVANCED_FACE('',(#309),#2802,.F.);
#2957=ADVANCED_FACE('',(#310),#2803,.F.);
#2958=ADVANCED_FACE('',(#311),#2804,.F.);
#2959=ADVANCED_FACE('',(#312),#2805,.F.);
#2960=ADVANCED_FACE('',(#313),#2806,.F.);
#2961=ADVANCED_FACE('',(#314),#2807,.F.);
#2962=ADVANCED_FACE('',(#315),#2808,.F.);
#2963=ADVANCED_FACE('',(#316),#2809,.F.);
#2964=ADVANCED_FACE('',(#317),#2810,.F.);
#2965=ADVANCED_FACE('',(#318,#91),#2811,.F.);
#2966=ADVANCED_FACE('',(#319),#2812,.F.);
#2967=ADVANCED_FACE('',(#320),#2813,.F.);
#2968=ADVANCED_FACE('',(#321,#92),#2814,.F.);
#2969=ADVANCED_FACE('',(#322),#175,.T.);
#2970=ADVANCED_FACE('',(#323),#176,.T.);
#2971=ADVANCED_FACE('',(#324,#93),#2815,.F.);
#2972=ADVANCED_FACE('',(#325),#2816,.F.);
#2973=ADVANCED_FACE('',(#326),#2817,.F.);
#2974=ADVANCED_FACE('',(#327,#94),#2818,.F.);
#2975=ADVANCED_FACE('',(#328),#2819,.F.);
#2976=ADVANCED_FACE('',(#329),#2820,.F.);
#2977=ADVANCED_FACE('',(#330),#2821,.F.);
#2978=ADVANCED_FACE('',(#331),#2822,.F.);
#2979=ADVANCED_FACE('',(#332),#2823,.F.);
#2980=ADVANCED_FACE('',(#333),#2824,.F.);
#2981=ADVANCED_FACE('',(#334,#95,#96,#97,#98,#99,#100,#101,#102,#103,#104,
#105,#106,#107,#108,#109,#110,#111,#112,#113,#114,#115,#116,#117,#118,#119,
#120,#121,#122,#123,#124,#125),#177,.T.);
#2982=CLOSED_SHELL('',(#2825,#2826,#2827,#2828,#2829,#2830,#2831,#2832,
#2833,#2834,#2835,#2836,#2837,#2838,#2839,#2840,#2841,#2842,#2843,#2844,
#2845,#2846,#2847,#2848,#2849,#2850,#2851,#2852,#2853,#2854,#2855,#2856,
#2857,#2858,#2859,#2860,#2861,#2862,#2863,#2864,#2865,#2866,#2867,#2868,
#2869,#2870,#2871,#2872,#2873,#2874,#2875,#2876,#2877,#2878,#2879,#2880,
#2881,#2882,#2883,#2884,#2885,#2886,#2887,#2888,#2889,#2890,#2891,#2892,
#2893,#2894,#2895,#2896,#2897,#2898,#2899,#2900,#2901,#2902,#2903,#2904,
#2905,#2906,#2907,#2908,#2909,#2910,#2911,#2912,#2913,#2914,#2915,#2916,
#2917,#2918,#2919,#2920,#2921,#2922,#2923,#2924,#2925,#2926,#2927,#2928,
#2929,#2930,#2931,#2932,#2933,#2934,#2935,#2936,#2937,#2938,#2939,#2940,
#2941,#2942,#2943,#2944,#2945,#2946,#2947,#2948,#2949,#2950,#2951,#2952,
#2953,#2954,#2955,#2956,#2957,#2958,#2959,#2960,#2961,#2962,#2963,#2964,
#2965,#2966,#2967,#2968,#2969,#2970,#2971,#2972,#2973,#2974,#2975,#2976,
#2977,#2978,#2979,#2980,#2981));
#2983=DERIVED_UNIT_ELEMENT(#2985,1.);
#2984=DERIVED_UNIT_ELEMENT(#5483,-3.);
#2985=(
MASS_UNIT()
NAMED_UNIT(*)
SI_UNIT(.KILO.,.GRAM.)
);
#2986=DERIVED_UNIT((#2983,#2984));
#2987=MEASURE_REPRESENTATION_ITEM('density measure',
POSITIVE_RATIO_MEASURE(7850.),#2986);
#2988=PROPERTY_DEFINITION_REPRESENTATION(#2993,#2990);
#2989=PROPERTY_DEFINITION_REPRESENTATION(#2994,#2991);
#2990=REPRESENTATION('material name',(#2992),#5480);
#2991=REPRESENTATION('density',(#2987),#5480);
#2992=DESCRIPTIVE_REPRESENTATION_ITEM('Steel','Steel');
#2993=PROPERTY_DEFINITION('material property','material name',#5490);
#2994=PROPERTY_DEFINITION('material property','density of part',#5490);
#2995=AXIS2_PLACEMENT_3D('',#4270,#3350,#3351);
#2996=AXIS2_PLACEMENT_3D('',#4271,#3352,#3353);
#2997=AXIS2_PLACEMENT_3D('',#4276,#3355,#3356);
#2998=AXIS2_PLACEMENT_3D('',#4278,#3357,#3358);
#2999=AXIS2_PLACEMENT_3D('',#4280,#3359,#3360);
#3000=AXIS2_PLACEMENT_3D('',#4283,#3362,#3363);
#3001=AXIS2_PLACEMENT_3D('',#4285,#3364,#3365);
#3002=AXIS2_PLACEMENT_3D('',#4286,#3366,#3367);
#3003=AXIS2_PLACEMENT_3D('',#4287,#3368,#3369);
#3004=AXIS2_PLACEMENT_3D('',#4292,#3371,#3372);
#3005=AXIS2_PLACEMENT_3D('',#4293,#3373,#3374);
#3006=AXIS2_PLACEMENT_3D('',#4294,#3375,#3376);
#3007=AXIS2_PLACEMENT_3D('',#4296,#3377,#3378);
#3008=AXIS2_PLACEMENT_3D('',#4300,#3380,#3381);
#3009=AXIS2_PLACEMENT_3D('',#4304,#3383,#3384);
#3010=AXIS2_PLACEMENT_3D('',#4308,#3386,#3387);
#3011=AXIS2_PLACEMENT_3D('',#4312,#3389,#3390);
#3012=AXIS2_PLACEMENT_3D('',#4315,#3392,#3393);
#3013=AXIS2_PLACEMENT_3D('',#4316,#3394,#3395);
#3014=AXIS2_PLACEMENT_3D('',#4321,#3397,#3398);
#3015=AXIS2_PLACEMENT_3D('',#4325,#3400,#3401);
#3016=AXIS2_PLACEMENT_3D('',#4329,#3403,#3404);
#3017=AXIS2_PLACEMENT_3D('',#4332,#3406,#3407);
#3018=AXIS2_PLACEMENT_3D('',#4334,#3408,#3409);
#3019=AXIS2_PLACEMENT_3D('',#4337,#3411,#3412);
#3020=AXIS2_PLACEMENT_3D('',#4338,#3413,#3414);
#3021=AXIS2_PLACEMENT_3D('',#4340,#3415,#3416);
#3022=AXIS2_PLACEMENT_3D('',#4343,#3418,#3419);
#3023=AXIS2_PLACEMENT_3D('',#4344,#3420,#3421);
#3024=AXIS2_PLACEMENT_3D('',#4346,#3422,#3423);
#3025=AXIS2_PLACEMENT_3D('',#4349,#3425,#3426);
#3026=AXIS2_PLACEMENT_3D('',#4350,#3427,#3428);
#3027=AXIS2_PLACEMENT_3D('',#4360,#3434,#3435);
#3028=AXIS2_PLACEMENT_3D('',#4364,#3438,#3439);
#3029=AXIS2_PLACEMENT_3D('',#4368,#3442,#3443);
#3030=AXIS2_PLACEMENT_3D('',#4371,#3445,#3446);
#3031=AXIS2_PLACEMENT_3D('',#4372,#3447,#3448);
#3032=AXIS2_PLACEMENT_3D('',#4378,#3452,#3453);
#3033=AXIS2_PLACEMENT_3D('',#4386,#3457,#3458);
#3034=AXIS2_PLACEMENT_3D('',#4388,#3460,#3461);
#3035=AXIS2_PLACEMENT_3D('',#4392,#3464,#3465);
#3036=AXIS2_PLACEMENT_3D('',#4396,#3468,#3469);
#3037=AXIS2_PLACEMENT_3D('',#4406,#3475,#3476);
#3038=AXIS2_PLACEMENT_3D('',#4407,#3477,#3478);
#3039=AXIS2_PLACEMENT_3D('',#4408,#3479,#3480);
#3040=AXIS2_PLACEMENT_3D('',#4410,#3482,#3483);
#3041=AXIS2_PLACEMENT_3D('',#4414,#3486,#3487);
#3042=AXIS2_PLACEMENT_3D('',#4418,#3489,#3490);
#3043=AXIS2_PLACEMENT_3D('',#4421,#3492,#3493);
#3044=AXIS2_PLACEMENT_3D('',#4422,#3494,#3495);
#3045=AXIS2_PLACEMENT_3D('',#4430,#3500,#3501);
#3046=AXIS2_PLACEMENT_3D('',#4434,#3504,#3505);
#3047=AXIS2_PLACEMENT_3D('',#4442,#3510,#3511);
#3048=AXIS2_PLACEMENT_3D('',#4446,#3514,#3515);
#3049=AXIS2_PLACEMENT_3D('',#4448,#3517,#3518);
#3050=AXIS2_PLACEMENT_3D('',#4450,#3520,#3521);
#3051=AXIS2_PLACEMENT_3D('',#4456,#3525,#3526);
#3052=AXIS2_PLACEMENT_3D('',#4458,#3528,#3529);
#3053=AXIS2_PLACEMENT_3D('',#4460,#3530,#3531);
#3054=AXIS2_PLACEMENT_3D('',#4464,#3533,#3534);
#3055=AXIS2_PLACEMENT_3D('',#4466,#3536,#3537);
#3056=AXIS2_PLACEMENT_3D('',#4470,#3540,#3541);
#3057=AXIS2_PLACEMENT_3D('',#4476,#3545,#3546);
#3058=AXIS2_PLACEMENT_3D('',#4478,#3547,#3548);
#3059=AXIS2_PLACEMENT_3D('',#4480,#3549,#3550);
#3060=AXIS2_PLACEMENT_3D('',#4482,#3552,#3553);
#3061=AXIS2_PLACEMENT_3D('',#4488,#3557,#3558);
#3062=AXIS2_PLACEMENT_3D('',#4490,#3559,#3560);
#3063=AXIS2_PLACEMENT_3D('',#4492,#3561,#3562);
#3064=AXIS2_PLACEMENT_3D('',#4494,#3564,#3565);
#3065=AXIS2_PLACEMENT_3D('',#4500,#3569,#3570);
#3066=AXIS2_PLACEMENT_3D('',#4501,#3571,#3572);
#3067=AXIS2_PLACEMENT_3D('',#4502,#3573,#3574);
#3068=AXIS2_PLACEMENT_3D('',#4503,#3575,#3576);
#3069=AXIS2_PLACEMENT_3D('',#4505,#3577,#3578);
#3070=AXIS2_PLACEMENT_3D('',#4507,#3579,#3580);
#3071=AXIS2_PLACEMENT_3D('',#4509,#3582,#3583);
#3072=AXIS2_PLACEMENT_3D('',#4512,#3586,#3587);
#3073=AXIS2_PLACEMENT_3D('',#4514,#3589,#3590);
#3074=AXIS2_PLACEMENT_3D('',#4515,#3591,#3592);
#3075=AXIS2_PLACEMENT_3D('',#4522,#3596,#3597);
#3076=AXIS2_PLACEMENT_3D('',#4523,#3598,#3599);
#3077=AXIS2_PLACEMENT_3D('',#4525,#3600,#3601);
#3078=AXIS2_PLACEMENT_3D('',#4527,#3602,#3603);
#3079=AXIS2_PLACEMENT_3D('',#4530,#3605,#3606);
#3080=AXIS2_PLACEMENT_3D('',#4532,#3607,#3608);
#3081=AXIS2_PLACEMENT_3D('',#4533,#3609,#3610);
#3082=AXIS2_PLACEMENT_3D('',#4534,#3611,#3612);
#3083=AXIS2_PLACEMENT_3D('',#4535,#3613,#3614);
#3084=AXIS2_PLACEMENT_3D('',#4536,#3615,#3616);
#3085=AXIS2_PLACEMENT_3D('',#4539,#3617,#3618);
#3086=AXIS2_PLACEMENT_3D('',#4580,#3620,#3621);
#3087=AXIS2_PLACEMENT_3D('',#4581,#3622,#3623);
#3088=AXIS2_PLACEMENT_3D('',#4582,#3624,#3625);
#3089=AXIS2_PLACEMENT_3D('',#4584,#3627,#3628);
#3090=AXIS2_PLACEMENT_3D('',#4593,#3632,#3633);
#3091=AXIS2_PLACEMENT_3D('',#4594,#3634,#3635);
#3092=AXIS2_PLACEMENT_3D('',#4595,#3636,#3637);
#3093=AXIS2_PLACEMENT_3D('',#4598,#3638,#3639);
#3094=AXIS2_PLACEMENT_3D('',#4599,#3640,#3641);
#3095=AXIS2_PLACEMENT_3D('',#4602,#3643,#3644);
#3096=AXIS2_PLACEMENT_3D('',#4603,#3645,#3646);
#3097=AXIS2_PLACEMENT_3D('',#4604,#3647,#3648);
#3098=AXIS2_PLACEMENT_3D('',#4605,#3649,#3650);
#3099=AXIS2_PLACEMENT_3D('',#4606,#3651,#3652);
#3100=AXIS2_PLACEMENT_3D('',#4646,#3654,#3655);
#3101=AXIS2_PLACEMENT_3D('',#4655,#3659,#3660);
#3102=AXIS2_PLACEMENT_3D('',#4656,#3661,#3662);
#3103=AXIS2_PLACEMENT_3D('',#4657,#3663,#3664);
#3104=AXIS2_PLACEMENT_3D('',#4660,#3665,#3666);
#3105=AXIS2_PLACEMENT_3D('',#4661,#3667,#3668);
#3106=AXIS2_PLACEMENT_3D('',#4664,#3670,#3671);
#3107=AXIS2_PLACEMENT_3D('',#4665,#3672,#3673);
#3108=AXIS2_PLACEMENT_3D('',#4666,#3674,#3675);
#3109=AXIS2_PLACEMENT_3D('',#4667,#3676,#3677);
#3110=AXIS2_PLACEMENT_3D('',#4668,#3678,#3679);
#3111=AXIS2_PLACEMENT_3D('',#4708,#3681,#3682);
#3112=AXIS2_PLACEMENT_3D('',#4712,#3684,#3685);
#3113=AXIS2_PLACEMENT_3D('',#4713,#3686,#3687);
#3114=AXIS2_PLACEMENT_3D('',#4716,#3688,#3689);
#3115=AXIS2_PLACEMENT_3D('',#4757,#3691,#3692);
#3116=AXIS2_PLACEMENT_3D('',#4758,#3693,#3694);
#3117=AXIS2_PLACEMENT_3D('',#4759,#3695,#3696);
#3118=AXIS2_PLACEMENT_3D('',#4762,#3698,#3699);
#3119=AXIS2_PLACEMENT_3D('',#4765,#3702,#3703);
#3120=AXIS2_PLACEMENT_3D('',#4766,#3704,#3705);
#3121=AXIS2_PLACEMENT_3D('',#4767,#3706,#3707);
#3122=AXIS2_PLACEMENT_3D('',#4768,#3708,#3709);
#3123=AXIS2_PLACEMENT_3D('',#4770,#3710,#3711);
#3124=AXIS2_PLACEMENT_3D('',#4773,#3713,#3714);
#3125=AXIS2_PLACEMENT_3D('',#4774,#3715,#3716);
#3126=AXIS2_PLACEMENT_3D('',#4776,#3717,#3718);
#3127=AXIS2_PLACEMENT_3D('',#4779,#3720,#3721);
#3128=AXIS2_PLACEMENT_3D('',#4780,#3722,#3723);
#3129=AXIS2_PLACEMENT_3D('',#4789,#3728,#3729);
#3130=AXIS2_PLACEMENT_3D('',#4791,#3730,#3731);
#3131=AXIS2_PLACEMENT_3D('',#4794,#3733,#3734);
#3132=AXIS2_PLACEMENT_3D('',#4795,#3735,#3736);
#3133=AXIS2_PLACEMENT_3D('',#4801,#3740,#3741);
#3134=AXIS2_PLACEMENT_3D('',#4802,#3742,#3743);
#3135=AXIS2_PLACEMENT_3D('',#4803,#3744,#3745);
#3136=AXIS2_PLACEMENT_3D('',#4804,#3746,#3747);
#3137=AXIS2_PLACEMENT_3D('',#4822,#3748,#3749);
#3138=AXIS2_PLACEMENT_3D('',#4838,#3750,#3751);
#3139=AXIS2_PLACEMENT_3D('',#4839,#3752,#3753);
#3140=AXIS2_PLACEMENT_3D('',#4845,#3756,#3757);
#3141=AXIS2_PLACEMENT_3D('',#4849,#3759,#3760);
#3142=AXIS2_PLACEMENT_3D('',#4853,#3762,#3763);
#3143=AXIS2_PLACEMENT_3D('',#4857,#3765,#3766);
#3144=AXIS2_PLACEMENT_3D('',#4861,#3768,#3769);
#3145=AXIS2_PLACEMENT_3D('',#4865,#3771,#3772);
#3146=AXIS2_PLACEMENT_3D('',#4869,#3774,#3775);
#3147=AXIS2_PLACEMENT_3D('',#4873,#3777,#3778);
#3148=AXIS2_PLACEMENT_3D('',#4877,#3780,#3781);
#3149=AXIS2_PLACEMENT_3D('',#4880,#3783,#3784);
#3150=AXIS2_PLACEMENT_3D('',#4882,#3785,#3786);
#3151=AXIS2_PLACEMENT_3D('',#4884,#3787,#3788);
#3152=AXIS2_PLACEMENT_3D('',#4886,#3789,#3790);
#3153=AXIS2_PLACEMENT_3D('',#4888,#3791,#3792);
#3154=AXIS2_PLACEMENT_3D('',#4890,#3793,#3794);
#3155=AXIS2_PLACEMENT_3D('',#4892,#3795,#3796);
#3156=AXIS2_PLACEMENT_3D('',#4894,#3797,#3798);
#3157=AXIS2_PLACEMENT_3D('',#4896,#3799,#3800);
#3158=AXIS2_PLACEMENT_3D('',#4898,#3801,#3802);
#3159=AXIS2_PLACEMENT_3D('',#4901,#3803,#3804);
#3160=AXIS2_PLACEMENT_3D('',#4906,#3807,#3808);
#3161=AXIS2_PLACEMENT_3D('',#4908,#3809,#3810);
#3162=AXIS2_PLACEMENT_3D('',#4910,#3811,#3812);
#3163=AXIS2_PLACEMENT_3D('',#4912,#3813,#3814);
#3164=AXIS2_PLACEMENT_3D('',#4914,#3815,#3816);
#3165=AXIS2_PLACEMENT_3D('',#4916,#3817,#3818);
#3166=AXIS2_PLACEMENT_3D('',#4918,#3819,#3820);
#3167=AXIS2_PLACEMENT_3D('',#4920,#3821,#3822);
#3168=AXIS2_PLACEMENT_3D('',#4922,#3823,#3824);
#3169=AXIS2_PLACEMENT_3D('',#4924,#3825,#3826);
#3170=AXIS2_PLACEMENT_3D('',#4926,#3827,#3828);
#3171=AXIS2_PLACEMENT_3D('',#4928,#3829,#3830);
#3172=AXIS2_PLACEMENT_3D('',#4930,#3831,#3832);
#3173=AXIS2_PLACEMENT_3D('',#4932,#3833,#3834);
#3174=AXIS2_PLACEMENT_3D('',#4933,#3835,#3836);
#3175=AXIS2_PLACEMENT_3D('',#4951,#3837,#3838);
#3176=AXIS2_PLACEMENT_3D('',#4967,#3839,#3840);
#3177=AXIS2_PLACEMENT_3D('',#4968,#3841,#3842);
#3178=AXIS2_PLACEMENT_3D('',#4971,#3845,#3846);
#3179=AXIS2_PLACEMENT_3D('',#4973,#3847,#3848);
#3180=AXIS2_PLACEMENT_3D('',#4975,#3850,#3851);
#3181=AXIS2_PLACEMENT_3D('',#4977,#3852,#3853);
#3182=AXIS2_PLACEMENT_3D('',#4978,#3854,#3855);
#3183=AXIS2_PLACEMENT_3D('',#4979,#3856,#3857);
#3184=AXIS2_PLACEMENT_3D('',#4996,#3859,#3860);
#3185=AXIS2_PLACEMENT_3D('',#4999,#3861,#3862);
#3186=AXIS2_PLACEMENT_3D('',#5002,#3865,#3866);
#3187=AXIS2_PLACEMENT_3D('',#5005,#3867,#3868);
#3188=AXIS2_PLACEMENT_3D('',#5006,#3869,#3870);
#3189=AXIS2_PLACEMENT_3D('',#5007,#3871,#3872);
#3190=AXIS2_PLACEMENT_3D('',#5008,#3873,#3874);
#3191=AXIS2_PLACEMENT_3D('',#5027,#3877,#3878);
#3192=AXIS2_PLACEMENT_3D('',#5030,#3881,#3882);
#3193=AXIS2_PLACEMENT_3D('',#5032,#3884,#3885);
#3194=AXIS2_PLACEMENT_3D('',#5033,#3886,#3887);
#3195=AXIS2_PLACEMENT_3D('',#5049,#3888,#3889);
#3196=AXIS2_PLACEMENT_3D('',#5050,#3890,#3891);
#3197=AXIS2_PLACEMENT_3D('',#5052,#3892,#3893);
#3198=AXIS2_PLACEMENT_3D('',#5068,#3894,#3895);
#3199=AXIS2_PLACEMENT_3D('',#5069,#3896,#3897);
#3200=AXIS2_PLACEMENT_3D('',#5071,#3899,#3900);
#3201=AXIS2_PLACEMENT_3D('',#5073,#3901,#3902);
#3202=AXIS2_PLACEMENT_3D('',#5090,#3904,#3905);
#3203=AXIS2_PLACEMENT_3D('',#5092,#3906,#3907);
#3204=AXIS2_PLACEMENT_3D('',#5093,#3908,#3909);
#3205=AXIS2_PLACEMENT_3D('',#5094,#3910,#3911);
#3206=AXIS2_PLACEMENT_3D('',#5096,#3912,#3913);
#3207=AXIS2_PLACEMENT_3D('',#5098,#3915,#3916);
#3208=AXIS2_PLACEMENT_3D('',#5100,#3917,#3918);
#3209=AXIS2_PLACEMENT_3D('',#5101,#3919,#3920);
#3210=AXIS2_PLACEMENT_3D('',#5102,#3921,#3922);
#3211=AXIS2_PLACEMENT_3D('',#5104,#3924,#3925);
#3212=AXIS2_PLACEMENT_3D('',#5108,#3928,#3929);
#3213=AXIS2_PLACEMENT_3D('',#5111,#3931,#3932);
#3214=AXIS2_PLACEMENT_3D('',#5112,#3933,#3934);
#3215=AXIS2_PLACEMENT_3D('',#5116,#3937,#3938);
#3216=AXIS2_PLACEMENT_3D('',#5119,#3940,#3941);
#3217=AXIS2_PLACEMENT_3D('',#5120,#3942,#3943);
#3218=AXIS2_PLACEMENT_3D('',#5124,#3946,#3947);
#3219=AXIS2_PLACEMENT_3D('',#5126,#3948,#3949);
#3220=AXIS2_PLACEMENT_3D('',#5128,#3951,#3952);
#3221=AXIS2_PLACEMENT_3D('',#5130,#3953,#3954);
#3222=AXIS2_PLACEMENT_3D('',#5131,#3955,#3956);
#3223=AXIS2_PLACEMENT_3D('',#5132,#3957,#3958);
#3224=AXIS2_PLACEMENT_3D('',#5134,#3959,#3960);
#3225=AXIS2_PLACEMENT_3D('',#5136,#3962,#3963);
#3226=AXIS2_PLACEMENT_3D('',#5138,#3964,#3965);
#3227=AXIS2_PLACEMENT_3D('',#5139,#3966,#3967);
#3228=AXIS2_PLACEMENT_3D('',#5140,#3968,#3969);
#3229=AXIS2_PLACEMENT_3D('',#5157,#3971,#3972);
#3230=AXIS2_PLACEMENT_3D('',#5173,#3973,#3974);
#3231=AXIS2_PLACEMENT_3D('',#5174,#3975,#3976);
#3232=AXIS2_PLACEMENT_3D('',#5176,#3977,#3978);
#3233=AXIS2_PLACEMENT_3D('',#5192,#3979,#3980);
#3234=AXIS2_PLACEMENT_3D('',#5193,#3981,#3982);
#3235=AXIS2_PLACEMENT_3D('',#5195,#3984,#3985);
#3236=AXIS2_PLACEMENT_3D('',#5197,#3986,#3987);
#3237=AXIS2_PLACEMENT_3D('',#5199,#3989,#3990);
#3238=AXIS2_PLACEMENT_3D('',#5201,#3991,#3992);
#3239=AXIS2_PLACEMENT_3D('',#5202,#3993,#3994);
#3240=AXIS2_PLACEMENT_3D('',#5203,#3995,#3996);
#3241=AXIS2_PLACEMENT_3D('',#5205,#3997,#3998);
#3242=AXIS2_PLACEMENT_3D('',#5207,#4000,#4001);
#3243=AXIS2_PLACEMENT_3D('',#5209,#4002,#4003);
#3244=AXIS2_PLACEMENT_3D('',#5210,#4004,#4005);
#3245=AXIS2_PLACEMENT_3D('',#5211,#4006,#4007);
#3246=AXIS2_PLACEMENT_3D('',#5228,#4009,#4010);
#3247=AXIS2_PLACEMENT_3D('',#5244,#4011,#4012);
#3248=AXIS2_PLACEMENT_3D('',#5245,#4013,#4014);
#3249=AXIS2_PLACEMENT_3D('',#5249,#4017,#4018);
#3250=AXIS2_PLACEMENT_3D('',#5252,#4020,#4021);
#3251=AXIS2_PLACEMENT_3D('',#5253,#4022,#4023);
#3252=AXIS2_PLACEMENT_3D('',#5257,#4026,#4027);
#3253=AXIS2_PLACEMENT_3D('',#5260,#4029,#4030);
#3254=AXIS2_PLACEMENT_3D('',#5261,#4031,#4032);
#3255=AXIS2_PLACEMENT_3D('',#5265,#4035,#4036);
#3256=AXIS2_PLACEMENT_3D('',#5268,#4038,#4039);
#3257=AXIS2_PLACEMENT_3D('',#5269,#4040,#4041);
#3258=AXIS2_PLACEMENT_3D('',#5286,#4042,#4043);
#3259=AXIS2_PLACEMENT_3D('',#5301,#4044,#4045);
#3260=AXIS2_PLACEMENT_3D('',#5303,#4046,#4047);
#3261=AXIS2_PLACEMENT_3D('',#5305,#4049,#4050);
#3262=AXIS2_PLACEMENT_3D('',#5307,#4051,#4052);
#3263=AXIS2_PLACEMENT_3D('',#5308,#4053,#4054);
#3264=AXIS2_PLACEMENT_3D('',#5309,#4055,#4056);
#3265=AXIS2_PLACEMENT_3D('',#5311,#4057,#4058);
#3266=AXIS2_PLACEMENT_3D('',#5313,#4060,#4061);
#3267=AXIS2_PLACEMENT_3D('',#5315,#4062,#4063);
#3268=AXIS2_PLACEMENT_3D('',#5316,#4064,#4065);
#3269=AXIS2_PLACEMENT_3D('',#5317,#4066,#4067);
#3270=AXIS2_PLACEMENT_3D('',#5319,#4069,#4070);
#3271=AXIS2_PLACEMENT_3D('',#5321,#4071,#4072);
#3272=AXIS2_PLACEMENT_3D('',#5323,#4074,#4075);
#3273=AXIS2_PLACEMENT_3D('',#5325,#4076,#4077);
#3274=AXIS2_PLACEMENT_3D('',#5326,#4078,#4079);
#3275=AXIS2_PLACEMENT_3D('',#5327,#4080,#4081);
#3276=AXIS2_PLACEMENT_3D('',#5329,#4082,#4083);
#3277=AXIS2_PLACEMENT_3D('',#5331,#4085,#4086);
#3278=AXIS2_PLACEMENT_3D('',#5333,#4087,#4088);
#3279=AXIS2_PLACEMENT_3D('',#5334,#4089,#4090);
#3280=AXIS2_PLACEMENT_3D('',#5335,#4091,#4092);
#3281=AXIS2_PLACEMENT_3D('',#5337,#4094,#4095);
#3282=AXIS2_PLACEMENT_3D('',#5341,#4098,#4099);
#3283=AXIS2_PLACEMENT_3D('',#5344,#4101,#4102);
#3284=AXIS2_PLACEMENT_3D('',#5345,#4103,#4104);
#3285=AXIS2_PLACEMENT_3D('',#5349,#4107,#4108);
#3286=AXIS2_PLACEMENT_3D('',#5352,#4110,#4111);
#3287=AXIS2_PLACEMENT_3D('',#5353,#4112,#4113);
#3288=AXIS2_PLACEMENT_3D('',#5355,#4115,#4116);
#3289=AXIS2_PLACEMENT_3D('',#5357,#4117,#4118);
#3290=AXIS2_PLACEMENT_3D('',#5359,#4120,#4121);
#3291=AXIS2_PLACEMENT_3D('',#5361,#4122,#4123);
#3292=AXIS2_PLACEMENT_3D('',#5362,#4124,#4125);
#3293=AXIS2_PLACEMENT_3D('',#5363,#4126,#4127);
#3294=AXIS2_PLACEMENT_3D('',#5365,#4128,#4129);
#3295=AXIS2_PLACEMENT_3D('',#5367,#4131,#4132);
#3296=AXIS2_PLACEMENT_3D('',#5369,#4133,#4134);
#3297=AXIS2_PLACEMENT_3D('',#5370,#4135,#4136);
#3298=AXIS2_PLACEMENT_3D('',#5371,#4137,#4138);
#3299=AXIS2_PLACEMENT_3D('',#5373,#4140,#4141);
#3300=AXIS2_PLACEMENT_3D('',#5375,#4142,#4143);
#3301=AXIS2_PLACEMENT_3D('',#5377,#4145,#4146);
#3302=AXIS2_PLACEMENT_3D('',#5379,#4147,#4148);
#3303=AXIS2_PLACEMENT_3D('',#5381,#4150,#4151);
#3304=AXIS2_PLACEMENT_3D('',#5383,#4152,#4153);
#3305=AXIS2_PLACEMENT_3D('',#5385,#4155,#4156);
#3306=AXIS2_PLACEMENT_3D('',#5387,#4157,#4158);
#3307=AXIS2_PLACEMENT_3D('',#5389,#4160,#4161);
#3308=AXIS2_PLACEMENT_3D('',#5391,#4162,#4163);
#3309=AXIS2_PLACEMENT_3D('',#5393,#4165,#4166);
#3310=AXIS2_PLACEMENT_3D('',#5395,#4167,#4168);
#3311=AXIS2_PLACEMENT_3D('',#5397,#4170,#4171);
#3312=AXIS2_PLACEMENT_3D('',#5399,#4172,#4173);
#3313=AXIS2_PLACEMENT_3D('',#5401,#4175,#4176);
#3314=AXIS2_PLACEMENT_3D('',#5403,#4177,#4178);
#3315=AXIS2_PLACEMENT_3D('',#5405,#4180,#4181);
#3316=AXIS2_PLACEMENT_3D('',#5407,#4182,#4183);
#3317=AXIS2_PLACEMENT_3D('',#5409,#4185,#4186);
#3318=AXIS2_PLACEMENT_3D('',#5411,#4187,#4188);
#3319=AXIS2_PLACEMENT_3D('',#5413,#4190,#4191);
#3320=AXIS2_PLACEMENT_3D('',#5415,#4192,#4193);
#3321=AXIS2_PLACEMENT_3D('',#5417,#4195,#4196);
#3322=AXIS2_PLACEMENT_3D('',#5419,#4197,#4198);
#3323=AXIS2_PLACEMENT_3D('',#5421,#4200,#4201);
#3324=AXIS2_PLACEMENT_3D('',#5423,#4202,#4203);
#3325=AXIS2_PLACEMENT_3D('',#5425,#4205,#4206);
#3326=AXIS2_PLACEMENT_3D('',#5427,#4207,#4208);
#3327=AXIS2_PLACEMENT_3D('',#5429,#4210,#4211);
#3328=AXIS2_PLACEMENT_3D('',#5435,#4215,#4216);
#3329=AXIS2_PLACEMENT_3D('',#5439,#4219,#4220);
#3330=AXIS2_PLACEMENT_3D('',#5440,#4221,#4222);
#3331=AXIS2_PLACEMENT_3D('',#5441,#4223,#4224);
#3332=AXIS2_PLACEMENT_3D('',#5443,#4225,#4226);
#3333=AXIS2_PLACEMENT_3D('',#5445,#4228,#4229);
#3334=AXIS2_PLACEMENT_3D('',#5447,#4230,#4231);
#3335=AXIS2_PLACEMENT_3D('',#5449,#4233,#4234);
#3336=AXIS2_PLACEMENT_3D('',#5451,#4235,#4236);
#3337=AXIS2_PLACEMENT_3D('',#5453,#4238,#4239);
#3338=AXIS2_PLACEMENT_3D('',#5455,#4240,#4241);
#3339=AXIS2_PLACEMENT_3D('',#5457,#4243,#4244);
#3340=AXIS2_PLACEMENT_3D('',#5459,#4245,#4246);
#3341=AXIS2_PLACEMENT_3D('',#5461,#4248,#4249);
#3342=AXIS2_PLACEMENT_3D('',#5463,#4250,#4251);
#3343=AXIS2_PLACEMENT_3D('',#5465,#4253,#4254);
#3344=AXIS2_PLACEMENT_3D('',#5467,#4255,#4256);
#3345=AXIS2_PLACEMENT_3D('',#5469,#4258,#4259);
#3346=AXIS2_PLACEMENT_3D('',#5471,#4260,#4261);
#3347=AXIS2_PLACEMENT_3D('',#5473,#4263,#4264);
#3348=AXIS2_PLACEMENT_3D('',#5475,#4265,#4266);
#3349=AXIS2_PLACEMENT_3D('',#5477,#4268,#4269);
#3350=DIRECTION('axis',(0.,0.,1.));
#3351=DIRECTION('refdir',(1.,0.,0.));
#3352=DIRECTION('center_axis',(0.,0.,1.));
#3353=DIRECTION('ref_axis',(1.,0.,0.));
#3354=DIRECTION('',(0.,0.,1.));
#3355=DIRECTION('center_axis',(0.,0.,-1.));
#3356=DIRECTION('ref_axis',(1.,0.,0.));
#3357=DIRECTION('center_axis',(-0.285625015539634,-0.646852649757256,0.707106781186548));
#3358=DIRECTION('ref_axis',(0.285625015539634,0.646852649757257,0.707106781186547));
#3359=DIRECTION('center_axis',(-0.285625015539634,-0.646852649757256,-0.707106781186548));
#3360=DIRECTION('ref_axis',(-0.285625015539634,-0.646852649757257,0.707106781186547));
#3361=DIRECTION('',(0.,0.,1.));
#3362=DIRECTION('center_axis',(0.,0.,-1.));
#3363=DIRECTION('ref_axis',(1.,0.,0.));
#3364=DIRECTION('center_axis',(-0.285625015539634,-0.646852649757256,-0.707106781186548));
#3365=DIRECTION('ref_axis',(-0.285625015539634,-0.646852649757257,0.707106781186547));
#3366=DIRECTION('center_axis',(-0.285625015539634,-0.646852649757256,0.707106781186548));
#3367=DIRECTION('ref_axis',(0.285625015539634,0.646852649757257,0.707106781186547));
#3368=DIRECTION('center_axis',(0.,0.,1.));
#3369=DIRECTION('ref_axis',(1.,0.,0.));
#3370=DIRECTION('',(0.,0.,1.));
#3371=DIRECTION('center_axis',(0.,0.,-1.));
#3372=DIRECTION('ref_axis',(1.,0.,0.));
#3373=DIRECTION('center_axis',(0.285625015539635,-0.646852649757256,-0.707106781186548));
#3374=DIRECTION('ref_axis',(0.285625015539635,-0.646852649757256,0.707106781186547));
#3375=DIRECTION('center_axis',(0.,1.,0.));
#3376=DIRECTION('ref_axis',(1.,0.,0.));
#3377=DIRECTION('center_axis',(0.,1.,0.));
#3378=DIRECTION('ref_axis',(1.,0.,0.));
#3379=DIRECTION('',(0.,1.,0.));
#3380=DIRECTION('center_axis',(0.,-1.,0.));
#3381=DIRECTION('ref_axis',(1.,0.,0.));
#3382=DIRECTION('',(0.,-1.,0.));
#3383=DIRECTION('center_axis',(0.,1.,0.));
#3384=DIRECTION('ref_axis',(1.,0.,0.));
#3385=DIRECTION('',(0.,-1.,0.));
#3386=DIRECTION('center_axis',(-4.77515273670337E-17,-1.,0.));
#3387=DIRECTION('ref_axis',(1.,0.,0.));
#3388=DIRECTION('',(0.,1.,0.));
#3389=DIRECTION('center_axis',(0.,1.,0.));
#3390=DIRECTION('ref_axis',(1.,0.,0.));
#3391=DIRECTION('',(0.,1.,0.));
#3392=DIRECTION('center_axis',(0.,-1.,0.));
#3393=DIRECTION('ref_axis',(1.,0.,0.));
#3394=DIRECTION('center_axis',(0.,1.,0.));
#3395=DIRECTION('ref_axis',(1.,0.,0.));
#3396=DIRECTION('',(0.,1.,0.));
#3397=DIRECTION('center_axis',(-4.67462320658699E-17,1.,0.));
#3398=DIRECTION('ref_axis',(1.,0.,0.));
#3399=DIRECTION('',(0.,-1.,0.));
#3400=DIRECTION('center_axis',(0.,-1.,0.));
#3401=DIRECTION('ref_axis',(1.,0.,0.));
#3402=DIRECTION('',(0.,-1.,0.));
#3403=DIRECTION('center_axis',(0.,1.,0.));
#3404=DIRECTION('ref_axis',(1.,0.,0.));
#3405=DIRECTION('',(0.,1.,0.));
#3406=DIRECTION('center_axis',(0.,-1.,0.));
#3407=DIRECTION('ref_axis',(1.,0.,0.));
#3408=DIRECTION('center_axis',(0.,1.,0.));
#3409=DIRECTION('ref_axis',(1.,0.,0.));
#3410=DIRECTION('',(0.,1.,0.));
#3411=DIRECTION('center_axis',(0.,-1.,0.));
#3412=DIRECTION('ref_axis',(1.,0.,0.));
#3413=DIRECTION('center_axis',(0.,1.,0.));
#3414=DIRECTION('ref_axis',(1.,0.,0.));
#3415=DIRECTION('center_axis',(0.,-1.,0.));
#3416=DIRECTION('ref_axis',(1.,0.,0.));
#3417=DIRECTION('',(0.,1.,0.));
#3418=DIRECTION('center_axis',(-4.67462320658699E-17,1.,0.));
#3419=DIRECTION('ref_axis',(1.,0.,0.));
#3420=DIRECTION('center_axis',(0.,1.,0.));
#3421=DIRECTION('ref_axis',(1.,0.,0.));
#3422=DIRECTION('center_axis',(-4.77515273670337E-17,-1.,0.));
#3423=DIRECTION('ref_axis',(1.,0.,0.));
#3424=DIRECTION('',(0.,1.,0.));
#3425=DIRECTION('center_axis',(0.,1.,0.));
#3426=DIRECTION('ref_axis',(1.,0.,0.));
#3427=DIRECTION('center_axis',(4.77515273670337E-17,1.,0.));
#3428=DIRECTION('ref_axis',(1.,-4.77515273670337E-17,0.));
#3429=DIRECTION('',(1.,-4.77515273670337E-17,0.));
#3430=DIRECTION('',(0.,0.,-1.));
#3431=DIRECTION('',(1.,-4.77515273670337E-17,0.));
#3432=DIRECTION('',(0.,0.,-1.));
#3433=DIRECTION('',(1.,-4.77515273670337E-17,0.));
#3434=DIRECTION('center_axis',(0.,0.,-1.));
#3435=DIRECTION('ref_axis',(0.,-1.,0.));
#3436=DIRECTION('',(-1.,0.,0.));
#3437=DIRECTION('',(1.7763568394003E-14,-1.,0.));
#3438=DIRECTION('center_axis',(0.,1.,0.));
#3439=DIRECTION('ref_axis',(0.,0.,-1.));
#3440=DIRECTION('',(1.,0.,0.));
#3441=DIRECTION('',(0.,0.,-1.));
#3442=DIRECTION('center_axis',(0.,0.,-1.));
#3443=DIRECTION('ref_axis',(0.,-1.,0.));
#3444=DIRECTION('',(1.,0.,0.));
#3445=DIRECTION('center_axis',(0.,0.,-1.));
#3446=DIRECTION('ref_axis',(1.,0.,0.));
#3447=DIRECTION('center_axis',(0.,0.,-1.));
#3448=DIRECTION('ref_axis',(0.,-1.,0.));
#3449=DIRECTION('',(-1.,-4.67462320658699E-17,0.));
#3450=DIRECTION('',(0.,-1.,0.));
#3451=DIRECTION('',(1.,0.,0.));
#3452=DIRECTION('center_axis',(0.,0.,-1.));
#3453=DIRECTION('ref_axis',(0.,-1.,0.));
#3454=DIRECTION('',(1.,0.,0.));
#3455=DIRECTION('',(0.,-1.,0.));
#3456=DIRECTION('',(-1.,0.,0.));
#3457=DIRECTION('center_axis',(0.,0.,1.));
#3458=DIRECTION('ref_axis',(-1.,0.,0.));
#3459=DIRECTION('',(-1.,-4.67462320658699E-17,0.));
#3460=DIRECTION('center_axis',(0.,-1.,0.));
#3461=DIRECTION('ref_axis',(0.,0.,1.));
#3462=DIRECTION('',(0.,0.,-1.));
#3463=DIRECTION('',(-1.,0.,0.));
#3464=DIRECTION('center_axis',(0.,-1.,0.));
#3465=DIRECTION('ref_axis',(0.,0.,1.));
#3466=DIRECTION('',(-1.,0.,0.));
#3467=DIRECTION('',(0.,0.,1.));
#3468=DIRECTION('center_axis',(0.,1.,0.));
#3469=DIRECTION('ref_axis',(0.,0.,-1.));
#3470=DIRECTION('',(1.,0.,0.));
#3471=DIRECTION('',(0.,0.,-1.));
#3472=DIRECTION('',(1.,0.,0.));
#3473=DIRECTION('',(0.,0.,-1.));
#3474=DIRECTION('',(1.,0.,0.));
#3475=DIRECTION('center_axis',(0.,0.,-1.));
#3476=DIRECTION('ref_axis',(0.,-1.,0.));
#3477=DIRECTION('center_axis',(0.,0.,-1.));
#3478=DIRECTION('ref_axis',(0.,1.,0.));
#3479=DIRECTION('center_axis',(0.,0.,-1.));
#3480=DIRECTION('ref_axis',(0.,-1.,0.));
#3481=DIRECTION('',(0.,-1.,0.));
#3482=DIRECTION('center_axis',(1.,1.7763568394003E-14,0.));
#3483=DIRECTION('ref_axis',(1.7763568394003E-14,-1.,0.));
#3484=DIRECTION('',(0.,0.,-1.));
#3485=DIRECTION('',(1.7763568394003E-14,-1.,0.));
#3486=DIRECTION('center_axis',(0.,0.,-1.));
#3487=DIRECTION('ref_axis',(0.,1.,0.));
#3488=DIRECTION('',(0.,0.,-1.));
#3489=DIRECTION('center_axis',(0.,0.,-1.));
#3490=DIRECTION('ref_axis',(0.,1.,0.));
#3491=DIRECTION('',(0.,0.,-1.));
#3492=DIRECTION('center_axis',(0.,0.,1.));
#3493=DIRECTION('ref_axis',(0.,1.,0.));
#3494=DIRECTION('center_axis',(0.,1.,0.));
#3495=DIRECTION('ref_axis',(0.,0.,-1.));
#3496=DIRECTION('',(0.,0.,-1.));
#3497=DIRECTION('',(-1.,0.,0.));
#3498=DIRECTION('',(0.,0.,-1.));
#3499=DIRECTION('',(-1.,0.,0.));
#3500=DIRECTION('center_axis',(0.,0.,-1.));
#3501=DIRECTION('ref_axis',(0.,-1.,0.));
#3502=DIRECTION('',(0.,-1.,0.));
#3503=DIRECTION('',(-1.,0.,0.));
#3504=DIRECTION('center_axis',(0.,-1.,0.));
#3505=DIRECTION('ref_axis',(0.,0.,1.));
#3506=DIRECTION('',(1.,0.,0.));
#3507=DIRECTION('',(0.,0.,1.));
#3508=DIRECTION('',(1.,0.,0.));
#3509=DIRECTION('',(0.,0.,1.));
#3510=DIRECTION('center_axis',(0.,0.,-1.));
#3511=DIRECTION('ref_axis',(0.,-1.,0.));
#3512=DIRECTION('',(1.,0.,0.));
#3513=DIRECTION('',(0.,-1.,0.));
#3514=DIRECTION('center_axis',(0.,1.,0.));
#3515=DIRECTION('ref_axis',(0.,0.,-1.));
#3516=DIRECTION('',(0.,0.,-1.));
#3517=DIRECTION('center_axis',(-1.,0.,0.));
#3518=DIRECTION('ref_axis',(0.,0.,1.));
#3519=DIRECTION('',(0.,1.,-2.26579993457322E-32));
#3520=DIRECTION('center_axis',(0.,-1.,0.));
#3521=DIRECTION('ref_axis',(0.,0.,1.));
#3522=DIRECTION('',(0.,0.,1.));
#3523=DIRECTION('',(0.,0.,1.));
#3524=DIRECTION('',(-1.,0.,0.));
#3525=DIRECTION('center_axis',(-1.,0.,0.));
#3526=DIRECTION('ref_axis',(0.,0.,1.));
#3527=DIRECTION('',(0.,1.,2.26579993457322E-32));
#3528=DIRECTION('center_axis',(0.,0.,-1.));
#3529=DIRECTION('ref_axis',(-1.,0.,0.));
#3530=DIRECTION('center_axis',(0.,0.,-1.));
#3531=DIRECTION('ref_axis',(-1.,0.,0.));
#3532=DIRECTION('',(0.,0.,-1.));
#3533=DIRECTION('center_axis',(0.,0.,1.));
#3534=DIRECTION('ref_axis',(-1.,0.,0.));
#3535=DIRECTION('',(0.,0.,-1.));
#3536=DIRECTION('center_axis',(1.,0.,0.));
#3537=DIRECTION('ref_axis',(0.,-1.,0.));
#3538=DIRECTION('',(0.,0.,-1.));
#3539=DIRECTION('',(0.,-1.,0.));
#3540=DIRECTION('center_axis',(0.,1.,0.));
#3541=DIRECTION('ref_axis',(1.,0.,0.));
#3542=DIRECTION('',(-1.,0.,0.));
#3543=DIRECTION('',(1.,0.,0.));
#3544=DIRECTION('',(0.,0.,-1.));
#3545=DIRECTION('center_axis',(0.,0.,-1.));
#3546=DIRECTION('ref_axis',(-1.,0.,0.));
#3547=DIRECTION('center_axis',(0.,0.,1.));
#3548=DIRECTION('ref_axis',(-1.,0.,0.));
#3549=DIRECTION('center_axis',(0.,0.,-1.));
#3550=DIRECTION('ref_axis',(-1.,0.,0.));
#3551=DIRECTION('',(0.,0.,-1.));
#3552=DIRECTION('center_axis',(-1.,0.,0.));
#3553=DIRECTION('ref_axis',(0.,1.,0.));
#3554=DIRECTION('',(0.,-1.,0.));
#3555=DIRECTION('',(0.,1.,0.));
#3556=DIRECTION('',(0.,0.,-1.));
#3557=DIRECTION('center_axis',(0.,0.,-1.));
#3558=DIRECTION('ref_axis',(0.,-1.,0.));
#3559=DIRECTION('center_axis',(0.,0.,1.));
#3560=DIRECTION('ref_axis',(0.,-1.,0.));
#3561=DIRECTION('center_axis',(0.,0.,-1.));
#3562=DIRECTION('ref_axis',(0.,-1.,0.));
#3563=DIRECTION('',(0.,0.,-1.));
#3564=DIRECTION('center_axis',(0.,-1.,0.));
#3565=DIRECTION('ref_axis',(-1.,0.,0.));
#3566=DIRECTION('',(1.,0.,0.));
#3567=DIRECTION('',(-1.,0.,0.));
#3568=DIRECTION('',(0.,0.,-1.));
#3569=DIRECTION('center_axis',(0.,0.,-1.));
#3570=DIRECTION('ref_axis',(1.,0.,0.));
#3571=DIRECTION('center_axis',(0.,0.,1.));
#3572=DIRECTION('ref_axis',(1.,0.,0.));
#3573=DIRECTION('center_axis',(0.,0.,-1.));
#3574=DIRECTION('ref_axis',(1.,0.,0.));
#3575=DIRECTION('center_axis',(0.,0.,-1.));
#3576=DIRECTION('ref_axis',(0.,-1.,0.));
#3577=DIRECTION('center_axis',(0.,0.,-1.));
#3578=DIRECTION('ref_axis',(0.,-1.,0.));
#3579=DIRECTION('center_axis',(0.,0.,1.));
#3580=DIRECTION('ref_axis',(0.,-1.,0.));
#3581=DIRECTION('',(0.,0.,-1.));
#3582=DIRECTION('center_axis',(1.,0.,0.));
#3583=DIRECTION('ref_axis',(0.,-1.,0.));
#3584=DIRECTION('',(0.,1.,0.));
#3585=DIRECTION('',(0.,-1.,0.));
#3586=DIRECTION('center_axis',(4.67462320658699E-17,-1.,0.));
#3587=DIRECTION('ref_axis',(-1.,-4.67462320658699E-17,0.));
#3588=DIRECTION('',(-1.,-4.67462320658699E-17,0.));
#3589=DIRECTION('center_axis',(0.,0.,-1.));
#3590=DIRECTION('ref_axis',(1.,0.,0.));
#3591=DIRECTION('center_axis',(0.,0.,1.));
#3592=DIRECTION('ref_axis',(1.,0.,0.));
#3593=DIRECTION('',(-0.403934770729178,0.914787790143685,0.));
#3594=DIRECTION('',(0.914787790143685,0.403934770729178,0.));
#3595=DIRECTION('',(0.403934770729178,-0.914787790143685,0.));
#3596=DIRECTION('center_axis',(0.,0.,-1.));
#3597=DIRECTION('ref_axis',(1.,0.,0.));
#3598=DIRECTION('center_axis',(0.,0.,1.));
#3599=DIRECTION('ref_axis',(1.,0.,0.));
#3600=DIRECTION('center_axis',(0.285625015539635,-0.646852649757256,-0.707106781186548));
#3601=DIRECTION('ref_axis',(0.285625015539635,-0.646852649757256,0.707106781186547));
#3602=DIRECTION('center_axis',(0.285625015539635,-0.646852649757256,0.707106781186547));
#3603=DIRECTION('ref_axis',(0.285625015539635,-0.646852649757256,-0.707106781186548));
#3604=DIRECTION('',(0.,0.,1.));
#3605=DIRECTION('center_axis',(0.,0.,-1.));
#3606=DIRECTION('ref_axis',(1.,0.,0.));
#3607=DIRECTION('center_axis',(0.285625015539635,-0.646852649757256,0.707106781186547));
#3608=DIRECTION('ref_axis',(0.285625015539635,-0.646852649757256,-0.707106781186548));
#3609=DIRECTION('center_axis',(0.285625015539635,-0.646852649757256,-0.707106781186548));
#3610=DIRECTION('ref_axis',(0.285625015539635,-0.646852649757256,0.707106781186547));
#3611=DIRECTION('center_axis',(-0.403934770729178,0.914787790143685,0.));
#3612=DIRECTION('ref_axis',(0.,0.,1.));
#3613=DIRECTION('center_axis',(-0.403934770729178,0.914787790143685,0.));
#3614=DIRECTION('ref_axis',(-0.914787790143685,-0.403934770729178,0.));
#3615=DIRECTION('center_axis',(-0.695440039203777,0.71858412998914,0.));
#3616=DIRECTION('ref_axis',(-0.71858412998914,-0.695440039203777,0.));
#3617=DIRECTION('center_axis',(0.558372825487855,-0.829590132388705,0.));
#3618=DIRECTION('ref_axis',(-0.829590132388705,-0.558372825487855,0.));
#3619=DIRECTION('',(-0.695440039203777,0.71858412998914,0.));
#3620=DIRECTION('center_axis',(0.558372825487855,-0.829590132388705,0.));
#3621=DIRECTION('ref_axis',(-0.829590132388705,-0.558372825487855,0.));
#3622=DIRECTION('center_axis',(0.558372825487846,-0.829590132388711,0.));
#3623=DIRECTION('ref_axis',(-0.829590132388711,-0.558372825487846,0.));
#3624=DIRECTION('center_axis',(-0.403934770729178,0.914787790143685,0.));
#3625=DIRECTION('ref_axis',(-0.914787790143685,-0.403934770729178,0.));
#3626=DIRECTION('',(-0.403934770729178,0.914787790143685,0.));
#3627=DIRECTION('center_axis',(0.,0.,1.));
#3628=DIRECTION('ref_axis',(1.,0.,0.));
#3629=DIRECTION('',(0.759330053394545,0.65070567080043,0.));
#3630=DIRECTION('',(0.65070567080043,-0.759330053394545,0.));
#3631=DIRECTION('',(-0.759330053394545,-0.65070567080043,0.));
#3632=DIRECTION('center_axis',(0.,0.,-1.));
#3633=DIRECTION('ref_axis',(1.,0.,0.));
#3634=DIRECTION('center_axis',(0.,0.,-1.));
#3635=DIRECTION('ref_axis',(1.,0.,0.));
#3636=DIRECTION('center_axis',(0.,0.,1.));
#3637=DIRECTION('ref_axis',(1.,0.,0.));
#3638=DIRECTION('center_axis',(-0.536927429914028,-0.460118392379527,0.707106781186545));
#3639=DIRECTION('ref_axis',(0.536927429914024,0.460118392379524,0.70710678118655));
#3640=DIRECTION('center_axis',(-0.536927429914028,-0.460118392379527,-0.707106781186545));
#3641=DIRECTION('ref_axis',(0.536927429914024,0.460118392379524,-0.70710678118655));
#3642=DIRECTION('',(0.,0.,1.));
#3643=DIRECTION('center_axis',(0.,0.,-1.));
#3644=DIRECTION('ref_axis',(1.,0.,0.));
#3645=DIRECTION('center_axis',(-0.536927429914028,-0.460118392379527,-0.707106781186545));
#3646=DIRECTION('ref_axis',(0.536927429914024,0.460118392379524,-0.70710678118655));
#3647=DIRECTION('center_axis',(-0.759330053394545,-0.65070567080043,0.));
#3648=DIRECTION('ref_axis',(0.,0.,1.));
#3649=DIRECTION('center_axis',(-0.759330053394545,-0.65070567080043,0.));
#3650=DIRECTION('ref_axis',(0.65070567080043,-0.759330053394545,0.));
#3651=DIRECTION('center_axis',(-0.759330053394545,-0.65070567080043,0.));
#3652=DIRECTION('ref_axis',(0.65070567080043,-0.759330053394545,0.));
#3653=DIRECTION('',(-0.759330053394545,-0.65070567080043,0.));
#3654=DIRECTION('center_axis',(0.,0.,1.));
#3655=DIRECTION('ref_axis',(1.,0.,0.));
#3656=DIRECTION('',(0.759330053394546,-0.650705670800428,0.));
#3657=DIRECTION('',(-0.650705670800428,-0.759330053394546,0.));
#3658=DIRECTION('',(-0.759330053394546,0.650705670800428,0.));
#3659=DIRECTION('center_axis',(0.,0.,-1.));
#3660=DIRECTION('ref_axis',(1.,0.,0.));
#3661=DIRECTION('center_axis',(0.,0.,-1.));
#3662=DIRECTION('ref_axis',(1.,0.,0.));
#3663=DIRECTION('center_axis',(0.,0.,1.));
#3664=DIRECTION('ref_axis',(1.,0.,0.));
#3665=DIRECTION('center_axis',(-0.536927429914026,0.460118392379523,0.707106781186549));
#3666=DIRECTION('ref_axis',(0.536927429914028,-0.460118392379525,0.707106781186546));
#3667=DIRECTION('center_axis',(-0.536927429914026,0.460118392379523,-0.707106781186549));
#3668=DIRECTION('ref_axis',(0.536927429914028,-0.460118392379525,-0.707106781186546));
#3669=DIRECTION('',(0.,0.,1.));
#3670=DIRECTION('center_axis',(0.,0.,-1.));
#3671=DIRECTION('ref_axis',(1.,0.,0.));
#3672=DIRECTION('center_axis',(-0.536927429914026,0.460118392379523,-0.707106781186549));
#3673=DIRECTION('ref_axis',(0.536927429914028,-0.460118392379525,-0.707106781186546));
#3674=DIRECTION('center_axis',(-0.759330053394546,0.650705670800428,0.));
#3675=DIRECTION('ref_axis',(0.,0.,1.));
#3676=DIRECTION('center_axis',(-0.759330053394546,0.650705670800428,0.));
#3677=DIRECTION('ref_axis',(-0.65070567080043,-0.759330053394545,0.));
#3678=DIRECTION('center_axis',(-0.759330053394547,0.650705670800428,0.));
#3679=DIRECTION('ref_axis',(-0.650705670800428,-0.759330053394546,0.));
#3680=DIRECTION('',(-0.759330053394546,0.650705670800428,0.));
#3681=DIRECTION('center_axis',(-0.403934770729177,-0.914787790143686,0.));
#3682=DIRECTION('ref_axis',(0.,0.,-1.));
#3683=DIRECTION('',(0.914787790143685,-0.403934770729177,0.));
#3684=DIRECTION('center_axis',(-0.403934770729177,-0.914787790143686,0.));
#3685=DIRECTION('ref_axis',(0.914787790143685,-0.403934770729177,0.));
#3686=DIRECTION('center_axis',(-0.695440039203775,-0.718584129989142,0.));
#3687=DIRECTION('ref_axis',(0.718584129989142,-0.695440039203775,0.));
#3688=DIRECTION('center_axis',(0.558372825487833,0.82959013238872,0.));
#3689=DIRECTION('ref_axis',(0.82959013238872,-0.558372825487833,0.));
#3690=DIRECTION('',(-0.695440039203775,-0.718584129989142,0.));
#3691=DIRECTION('center_axis',(0.558372825487833,0.82959013238872,0.));
#3692=DIRECTION('ref_axis',(0.82959013238872,-0.558372825487833,0.));
#3693=DIRECTION('center_axis',(0.558372825487853,0.829590132388707,0.));
#3694=DIRECTION('ref_axis',(0.829590132388707,-0.558372825487853,0.));
#3695=DIRECTION('center_axis',(-0.403934770729177,-0.914787790143685,0.));
#3696=DIRECTION('ref_axis',(0.914787790143685,-0.403934770729177,0.));
#3697=DIRECTION('',(0.403934770729177,0.914787790143685,0.));
#3698=DIRECTION('center_axis',(-0.285625015539634,-0.646852649757256,0.707106781186548));
#3699=DIRECTION('ref_axis',(0.285625015539634,0.646852649757257,0.707106781186547));
#3700=DIRECTION('',(-0.403934770729177,-0.914787790143685,0.));
#3701=DIRECTION('',(-0.403934770729177,-0.914787790143685,0.));
#3702=DIRECTION('center_axis',(0.,0.,1.));
#3703=DIRECTION('ref_axis',(1.,0.,0.));
#3704=DIRECTION('center_axis',(0.,0.,-1.));
#3705=DIRECTION('ref_axis',(1.,0.,0.));
#3706=DIRECTION('center_axis',(0.,0.,1.));
#3707=DIRECTION('ref_axis',(1.,0.,0.));
#3708=DIRECTION('center_axis',(0.,0.,1.));
#3709=DIRECTION('ref_axis',(1.,0.,0.));
#3710=DIRECTION('center_axis',(0.,0.,1.));
#3711=DIRECTION('ref_axis',(1.,0.,0.));
#3712=DIRECTION('',(0.,0.,1.));
#3713=DIRECTION('center_axis',(0.,0.,-1.));
#3714=DIRECTION('ref_axis',(1.,0.,0.));
#3715=DIRECTION('center_axis',(0.,0.,1.));
#3716=DIRECTION('ref_axis',(1.,0.,0.));
#3717=DIRECTION('center_axis',(0.,0.,1.));
#3718=DIRECTION('ref_axis',(1.,0.,0.));
#3719=DIRECTION('',(0.,0.,1.));
#3720=DIRECTION('center_axis',(0.,0.,-1.));
#3721=DIRECTION('ref_axis',(1.,0.,0.));
#3722=DIRECTION('center_axis',(-1.,0.,0.));
#3723=DIRECTION('ref_axis',(0.,-1.,0.));
#3724=DIRECTION('',(0.,-1.,0.));
#3725=DIRECTION('',(0.,0.,1.));
#3726=DIRECTION('',(0.,1.,0.));
#3727=DIRECTION('',(0.,0.,1.));
#3728=DIRECTION('center_axis',(0.,0.,1.));
#3729=DIRECTION('ref_axis',(1.,0.,0.));
#3730=DIRECTION('center_axis',(0.,0.,1.));
#3731=DIRECTION('ref_axis',(1.,0.,0.));
#3732=DIRECTION('',(0.,0.,1.));
#3733=DIRECTION('center_axis',(0.,0.,-1.));
#3734=DIRECTION('ref_axis',(1.,0.,0.));
#3735=DIRECTION('center_axis',(1.,0.,0.));
#3736=DIRECTION('ref_axis',(0.,1.,0.));
#3737=DIRECTION('',(0.,1.,0.));
#3738=DIRECTION('',(0.,0.,1.));
#3739=DIRECTION('',(0.,-1.,0.));
#3740=DIRECTION('center_axis',(0.,0.,1.));
#3741=DIRECTION('ref_axis',(-1.,0.,0.));
#3742=DIRECTION('center_axis',(0.,0.,1.));
#3743=DIRECTION('ref_axis',(-1.,0.,0.));
#3744=DIRECTION('center_axis',(0.,0.,-1.));
#3745=DIRECTION('ref_axis',(-1.,0.,0.));
#3746=DIRECTION('center_axis',(0.,0.,1.));
#3747=DIRECTION('ref_axis',(1.,0.,0.));
#3748=DIRECTION('center_axis',(0.,0.,1.));
#3749=DIRECTION('ref_axis',(0.720101000886696,-0.693869258954436,0.));
#3750=DIRECTION('center_axis',(0.,0.,-1.));
#3751=DIRECTION('ref_axis',(0.720101000886696,-0.693869258954436,0.));
#3752=DIRECTION('center_axis',(0.,0.,1.));
#3753=DIRECTION('ref_axis',(1.,0.,0.));
#3754=DIRECTION('',(-0.638666898684494,0.769483328295507,0.));
#3755=DIRECTION('',(0.735407436077647,-0.67762519357068,0.));
#3756=DIRECTION('center_axis',(0.,0.,-1.));
#3757=DIRECTION('ref_axis',(0.363725558575663,0.931506155663409,0.));
#3758=DIRECTION('',(1.,0.,0.));
#3759=DIRECTION('center_axis',(0.,0.,-1.));
#3760=DIRECTION('ref_axis',(-0.517165556595466,0.8558853819708,0.));
#3761=DIRECTION('',(0.465079574142605,0.885268879897703,0.));
#3762=DIRECTION('center_axis',(0.,0.,1.));
#3763=DIRECTION('ref_axis',(-0.293183210737216,-0.956056277078822,0.));
#3764=DIRECTION('',(-0.326915938292244,-0.945053421395056,0.));
#3765=DIRECTION('center_axis',(0.,0.,-1.));
#3766=DIRECTION('ref_axis',(0.986167688934051,-0.165750684168943,0.));
#3767=DIRECTION('',(0.,-1.,0.));
#3768=DIRECTION('center_axis',(0.,0.,-1.));
#3769=DIRECTION('ref_axis',(0.986167688934051,0.165750684168943,0.));
#3770=DIRECTION('',(0.326915938292244,-0.945053421395056,0.));
#3771=DIRECTION('center_axis',(0.,0.,1.));
#3772=DIRECTION('ref_axis',(-0.484472568568162,0.874806453054027,0.));
#3773=DIRECTION('',(-0.465079574142605,0.885268879897703,0.));
#3774=DIRECTION('center_axis',(0.,0.,-1.));
#3775=DIRECTION('ref_axis',(-0.517165556595465,-0.8558853819708,0.));
#3776=DIRECTION('',(-1.,0.,0.));
#3777=DIRECTION('center_axis',(0.,0.,-1.));
#3778=DIRECTION('ref_axis',(0.363725558575662,-0.931506155663409,0.));
#3779=DIRECTION('',(-0.735407436077647,-0.67762519357068,0.));
#3780=DIRECTION('center_axis',(0.,0.,1.));
#3781=DIRECTION('ref_axis',(0.64946440852051,0.760391992373081,0.));
#3782=DIRECTION('',(0.638666898684494,0.769483328295507,0.));
#3783=DIRECTION('center_axis',(0.,0.,-1.));
#3784=DIRECTION('ref_axis',(-1.,4.05231403988177E-15,0.));
#3785=DIRECTION('center_axis',(0.,0.,-1.));
#3786=DIRECTION('ref_axis',(1.,0.,0.));
#3787=DIRECTION('center_axis',(0.,0.,-1.));
#3788=DIRECTION('ref_axis',(1.,0.,0.));
#3789=DIRECTION('center_axis',(0.,0.,-1.));
#3790=DIRECTION('ref_axis',(1.,0.,0.));
#3791=DIRECTION('center_axis',(0.,0.,-1.));
#3792=DIRECTION('ref_axis',(1.,0.,0.));
#3793=DIRECTION('center_axis',(0.,0.,-1.));
#3794=DIRECTION('ref_axis',(1.,0.,0.));
#3795=DIRECTION('center_axis',(0.,0.,-1.));
#3796=DIRECTION('ref_axis',(1.,0.,0.));
#3797=DIRECTION('center_axis',(0.,0.,-1.));
#3798=DIRECTION('ref_axis',(1.,0.,0.));
#3799=DIRECTION('center_axis',(0.,0.,-1.));
#3800=DIRECTION('ref_axis',(1.,0.,0.));
#3801=DIRECTION('center_axis',(0.,0.,-1.));
#3802=DIRECTION('ref_axis',(1.,0.,0.));
#3803=DIRECTION('center_axis',(0.,0.,-1.));
#3804=DIRECTION('ref_axis',(1.,0.,0.));
#3805=DIRECTION('',(-0.705872022889773,0.708339387088915,0.));
#3806=DIRECTION('',(0.705870426172594,-0.70834097824065,0.));
#3807=DIRECTION('center_axis',(0.,0.,-1.));
#3808=DIRECTION('ref_axis',(1.,0.,0.));
#3809=DIRECTION('center_axis',(0.,0.,-1.));
#3810=DIRECTION('ref_axis',(1.,0.,0.));
#3811=DIRECTION('center_axis',(0.,0.,-1.));
#3812=DIRECTION('ref_axis',(1.,0.,0.));
#3813=DIRECTION('center_axis',(0.,0.,-1.));
#3814=DIRECTION('ref_axis',(1.,0.,0.));
#3815=DIRECTION('center_axis',(0.,0.,-1.));
#3816=DIRECTION('ref_axis',(1.,0.,0.));
#3817=DIRECTION('center_axis',(0.,0.,-1.));
#3818=DIRECTION('ref_axis',(1.,0.,0.));
#3819=DIRECTION('center_axis',(0.,0.,-1.));
#3820=DIRECTION('ref_axis',(1.,0.,0.));
#3821=DIRECTION('center_axis',(0.,0.,-1.));
#3822=DIRECTION('ref_axis',(1.,0.,0.));
#3823=DIRECTION('center_axis',(0.,0.,-1.));
#3824=DIRECTION('ref_axis',(1.,0.,0.));
#3825=DIRECTION('center_axis',(0.,0.,-1.));
#3826=DIRECTION('ref_axis',(1.,0.,0.));
#3827=DIRECTION('center_axis',(0.,0.,-1.));
#3828=DIRECTION('ref_axis',(1.,0.,0.));
#3829=DIRECTION('center_axis',(0.,0.,-1.));
#3830=DIRECTION('ref_axis',(1.,0.,0.));
#3831=DIRECTION('center_axis',(0.,0.,-1.));
#3832=DIRECTION('ref_axis',(1.,0.,0.));
#3833=DIRECTION('center_axis',(0.,0.,-1.));
#3834=DIRECTION('ref_axis',(1.,0.,0.));
#3835=DIRECTION('center_axis',(0.,0.,1.));
#3836=DIRECTION('ref_axis',(1.,0.,0.));
#3837=DIRECTION('center_axis',(0.,0.,1.));
#3838=DIRECTION('ref_axis',(0.720101000886696,-0.693869258954436,0.));
#3839=DIRECTION('center_axis',(0.,0.,-1.));
#3840=DIRECTION('ref_axis',(0.720101000886696,-0.693869258954436,0.));
#3841=DIRECTION('center_axis',(0.,0.,1.));
#3842=DIRECTION('ref_axis',(1.,0.,0.));
#3843=DIRECTION('',(0.,0.,1.));
#3844=DIRECTION('',(0.,0.,1.));
#3845=DIRECTION('center_axis',(-0.638666898684494,0.769483328295507,0.));
#3846=DIRECTION('ref_axis',(0.544106879447746,0.451605694979188,-0.707106781186548));
#3847=DIRECTION('center_axis',(0.638666898684492,-0.769483328295508,0.));
#3848=DIRECTION('ref_axis',(0.,0.,-1.));
#3849=DIRECTION('',(0.638666898684494,-0.769483328295507,0.));
#3850=DIRECTION('center_axis',(0.,0.,1.));
#3851=DIRECTION('ref_axis',(-1.,3.67517835871523E-15,0.));
#3852=DIRECTION('center_axis',(-0.63866689868449,-0.76948332829551,0.));
#3853=DIRECTION('ref_axis',(0.,0.,-1.));
#3854=DIRECTION('center_axis',(0.,0.,1.));
#3855=DIRECTION('ref_axis',(-1.,4.05231403988177E-15,0.));
#3856=DIRECTION('center_axis',(-0.638666898684494,-0.769483328295507,0.));
#3857=DIRECTION('ref_axis',(0.544106879447746,-0.451605694979188,-0.707106781186548));
#3858=DIRECTION('',(-0.638666898684494,-0.769483328295507,0.));
#3859=DIRECTION('center_axis',(-0.638666898684494,0.769483328295507,0.));
#3860=DIRECTION('ref_axis',(0.544106879447746,0.451605694979188,0.707106781186548));
#3861=DIRECTION('center_axis',(0.638666898684492,-0.769483328295508,0.));
#3862=DIRECTION('ref_axis',(0.769483328295508,0.638666898684492,0.));
#3863=DIRECTION('',(0.638666898684494,-0.769483328295507,0.));
#3864=DIRECTION('',(-0.638666898684494,0.769483328295507,0.));
#3865=DIRECTION('center_axis',(0.,0.,-1.));
#3866=DIRECTION('ref_axis',(-1.,0.,0.));
#3867=DIRECTION('center_axis',(-0.63866689868449,-0.76948332829551,0.));
#3868=DIRECTION('ref_axis',(0.76948332829551,-0.63866689868449,0.));
#3869=DIRECTION('center_axis',(0.,0.,1.));
#3870=DIRECTION('ref_axis',(-1.,4.05231403988177E-15,0.));
#3871=DIRECTION('center_axis',(0.,0.,-1.));
#3872=DIRECTION('ref_axis',(-1.,4.05231403988177E-15,0.));
#3873=DIRECTION('center_axis',(0.638666898684494,0.769483328295507,0.));
#3874=DIRECTION('ref_axis',(0.544106879447746,-0.451605694979188,0.707106781186548));
#3875=DIRECTION('',(-0.638666898684494,-0.769483328295507,0.));
#3876=DIRECTION('',(0.638666898684494,0.769483328295507,0.));
#3877=DIRECTION('center_axis',(0.769483328295507,-0.638666898684494,0.));
#3878=DIRECTION('ref_axis',(0.638666898684494,0.769483328295507,0.));
#3879=DIRECTION('',(0.,0.,1.));
#3880=DIRECTION('',(0.,0.,1.));
#3881=DIRECTION('center_axis',(0.,0.,1.));
#3882=DIRECTION('ref_axis',(-0.769483328295509,0.638666898684491,0.));
#3883=DIRECTION('',(0.,0.,1.));
#3884=DIRECTION('center_axis',(0.769483328295507,0.638666898684494,0.));
#3885=DIRECTION('ref_axis',(-0.638666898684494,0.769483328295507,0.));
#3886=DIRECTION('center_axis',(0.,0.,1.));
#3887=DIRECTION('ref_axis',(1.,0.,0.));
#3888=DIRECTION('center_axis',(0.,0.,-1.));
#3889=DIRECTION('ref_axis',(0.64946440852051,0.760391992373081,0.));
#3890=DIRECTION('center_axis',(0.,0.,1.));
#3891=DIRECTION('ref_axis',(1.,0.,0.));
#3892=DIRECTION('center_axis',(0.,0.,1.));
#3893=DIRECTION('ref_axis',(0.64946440852051,0.760391992373081,0.));
#3894=DIRECTION('center_axis',(0.,0.,-1.));
#3895=DIRECTION('ref_axis',(0.64946440852051,0.760391992373081,0.));
#3896=DIRECTION('center_axis',(0.,0.,1.));
#3897=DIRECTION('ref_axis',(1.,0.,0.));
#3898=DIRECTION('',(0.,0.,1.));
#3899=DIRECTION('center_axis',(0.465079574142605,-0.885268879897703,0.));
#3900=DIRECTION('ref_axis',(0.625979628149086,0.328860920667587,-0.707106781186547));
#3901=DIRECTION('center_axis',(-0.465079574142603,0.885268879897704,0.));
#3902=DIRECTION('ref_axis',(0.885268879897704,0.465079574142603,0.));
#3903=DIRECTION('',(0.465079574142605,-0.885268879897703,0.));
#3904=DIRECTION('center_axis',(0.,0.,1.));
#3905=DIRECTION('ref_axis',(1.,0.,0.));
#3906=DIRECTION('center_axis',(-1.,2.22044604925031E-15,0.));
#3907=DIRECTION('ref_axis',(2.22044604925031E-15,1.,0.));
#3908=DIRECTION('center_axis',(0.,0.,1.));
#3909=DIRECTION('ref_axis',(-0.517165556595465,-0.8558853819708,0.));
#3910=DIRECTION('center_axis',(1.,0.,0.));
#3911=DIRECTION('ref_axis',(0.,0.707106781186548,-0.707106781186547));
#3912=DIRECTION('center_axis',(-1.,0.,0.));
#3913=DIRECTION('ref_axis',(0.,1.,0.));
#3914=DIRECTION('',(1.,0.,0.));
#3915=DIRECTION('center_axis',(0.,0.,1.));
#3916=DIRECTION('ref_axis',(1.,0.,0.));
#3917=DIRECTION('center_axis',(-0.735407436077646,-0.677625193570681,0.));
#3918=DIRECTION('ref_axis',(-0.677625193570681,0.735407436077646,0.));
#3919=DIRECTION('center_axis',(0.,0.,1.));
#3920=DIRECTION('ref_axis',(0.363725558575662,-0.931506155663409,0.));
#3921=DIRECTION('center_axis',(-0.735407436077647,-0.67762519357068,0.));
#3922=DIRECTION('ref_axis',(-0.479153369476672,0.520011584985519,-0.707106781186547));
#3923=DIRECTION('',(0.735407436077647,0.67762519357068,0.));
#3924=DIRECTION('center_axis',(-0.67762519357068,0.735407436077647,0.));
#3925=DIRECTION('ref_axis',(-0.735407436077647,-0.67762519357068,0.));
#3926=DIRECTION('',(0.,0.,1.));
#3927=DIRECTION('',(-0.735407436077647,-0.67762519357068,0.));
#3928=DIRECTION('center_axis',(0.,0.,1.));
#3929=DIRECTION('ref_axis',(1.48029736616688E-16,-1.,0.));
#3930=DIRECTION('',(0.,0.,1.));
#3931=DIRECTION('center_axis',(0.,0.,-1.));
#3932=DIRECTION('ref_axis',(0.363725558575662,-0.931506155663409,0.));
#3933=DIRECTION('center_axis',(0.,1.,0.));
#3934=DIRECTION('ref_axis',(-1.,0.,0.));
#3935=DIRECTION('',(0.,0.,1.));
#3936=DIRECTION('',(-1.,0.,0.));
#3937=DIRECTION('center_axis',(0.,0.,1.));
#3938=DIRECTION('ref_axis',(-0.885268879897702,-0.465079574142606,0.));
#3939=DIRECTION('',(0.,0.,1.));
#3940=DIRECTION('center_axis',(0.,0.,-1.));
#3941=DIRECTION('ref_axis',(-0.517165556595465,-0.8558853819708,0.));
#3942=DIRECTION('center_axis',(0.885268879897703,0.465079574142605,0.));
#3943=DIRECTION('ref_axis',(-0.465079574142605,0.885268879897703,0.));
#3944=DIRECTION('',(0.,0.,1.));
#3945=DIRECTION('',(-0.465079574142605,0.885268879897703,0.));
#3946=DIRECTION('center_axis',(-0.735407436077647,-0.67762519357068,0.));
#3947=DIRECTION('ref_axis',(-0.479153369476672,0.520011584985519,0.707106781186547));
#3948=DIRECTION('center_axis',(0.735407436077648,0.677625193570679,0.));
#3949=DIRECTION('ref_axis',(-0.677625193570679,0.735407436077648,0.));
#3950=DIRECTION('',(0.735407436077647,0.67762519357068,0.));
#3951=DIRECTION('center_axis',(0.,0.,-1.));
#3952=DIRECTION('ref_axis',(-1.,0.,0.));
#3953=DIRECTION('center_axis',(1.,-2.22044604925031E-15,0.));
#3954=DIRECTION('ref_axis',(2.22044604925031E-15,1.,0.));
#3955=DIRECTION('center_axis',(0.,0.,1.));
#3956=DIRECTION('ref_axis',(0.363725558575662,-0.931506155663409,0.));
#3957=DIRECTION('center_axis',(-1.,0.,0.));
#3958=DIRECTION('ref_axis',(0.,0.707106781186548,0.707106781186547));
#3959=DIRECTION('center_axis',(1.,2.22044604925031E-15,0.));
#3960=DIRECTION('ref_axis',(-2.22044604925031E-15,1.,0.));
#3961=DIRECTION('',(1.,0.,0.));
#3962=DIRECTION('center_axis',(0.,0.,-1.));
#3963=DIRECTION('ref_axis',(-1.,0.,0.));
#3964=DIRECTION('center_axis',(0.465079574142607,-0.885268879897702,0.));
#3965=DIRECTION('ref_axis',(0.885268879897702,0.465079574142607,0.));
#3966=DIRECTION('center_axis',(0.,0.,1.));
#3967=DIRECTION('ref_axis',(-0.517165556595465,-0.8558853819708,0.));
#3968=DIRECTION('center_axis',(-0.465079574142605,0.885268879897703,0.));
#3969=DIRECTION('ref_axis',(0.625979628149086,0.328860920667587,0.707106781186547));
#3970=DIRECTION('',(0.465079574142605,-0.885268879897703,0.));
#3971=DIRECTION('center_axis',(0.,0.,1.));
#3972=DIRECTION('ref_axis',(-0.389509030110276,0.92102264655249,0.));
#3973=DIRECTION('center_axis',(0.,0.,-1.));
#3974=DIRECTION('ref_axis',(-0.484472568568162,0.874806453054027,0.));
#3975=DIRECTION('center_axis',(0.,0.,1.));
#3976=DIRECTION('ref_axis',(-0.389509030110276,0.92102264655249,0.));
#3977=DIRECTION('center_axis',(0.,0.,1.));
#3978=DIRECTION('ref_axis',(-0.484472568568162,0.874806453054027,0.));
#3979=DIRECTION('center_axis',(0.,0.,-1.));
#3980=DIRECTION('ref_axis',(-0.484472568568162,0.874806453054027,0.));
#3981=DIRECTION('center_axis',(0.,0.,1.));
#3982=DIRECTION('ref_axis',(-0.390002685771379,0.920813718995928,0.));
#3983=DIRECTION('',(0.,0.,1.));
#3984=DIRECTION('center_axis',(0.326915938292244,-0.945053421395056,0.));
#3985=DIRECTION('ref_axis',(-0.668253682851993,-0.23116447684441,-0.707106781186546));
#3986=DIRECTION('center_axis',(-0.326915938292245,0.945053421395056,0.));
#3987=DIRECTION('ref_axis',(0.,0.,-1.));
#3988=DIRECTION('',(-0.326915938292244,0.945053421395056,0.));
#3989=DIRECTION('center_axis',(0.,0.,1.));
#3990=DIRECTION('ref_axis',(1.,0.,0.));
#3991=DIRECTION('center_axis',(-7.21644966006354E-15,1.,0.));
#3992=DIRECTION('ref_axis',(0.,0.,-1.));
#3993=DIRECTION('center_axis',(0.,0.,1.));
#3994=DIRECTION('ref_axis',(0.986167688934051,0.165750684168943,0.));
#3995=DIRECTION('center_axis',(0.,1.,0.));
#3996=DIRECTION('ref_axis',(-0.707106781186546,0.,-0.707106781186549));
#3997=DIRECTION('center_axis',(5.5511151231258E-16,1.,0.));
#3998=DIRECTION('ref_axis',(0.,0.,-1.));
#3999=DIRECTION('',(0.,1.,0.));
#4000=DIRECTION('center_axis',(0.,0.,1.));
#4001=DIRECTION('ref_axis',(1.,0.,0.));
#4002=DIRECTION('center_axis',(0.326915938292245,0.945053421395056,0.));
#4003=DIRECTION('ref_axis',(0.,0.,-1.));
#4004=DIRECTION('center_axis',(0.,0.,1.));
#4005=DIRECTION('ref_axis',(0.986167688934051,-0.165750684168943,0.));
#4006=DIRECTION('center_axis',(0.326915938292244,0.945053421395056,0.));
#4007=DIRECTION('ref_axis',(-0.668253682851993,0.231164476844409,-0.707106781186547));
#4008=DIRECTION('',(0.326915938292244,0.945053421395056,0.));
#4009=DIRECTION('center_axis',(0.,0.,1.));
#4010=DIRECTION('ref_axis',(-0.389509030110275,-0.92102264655249,0.));
#4011=DIRECTION('center_axis',(0.,0.,-1.));
#4012=DIRECTION('ref_axis',(-0.293183210737216,-0.956056277078822,0.));
#4013=DIRECTION('center_axis',(-0.945053421395056,-0.326915938292244,0.));
#4014=DIRECTION('ref_axis',(0.326915938292244,-0.945053421395056,0.));
#4015=DIRECTION('',(0.,0.,1.));
#4016=DIRECTION('',(0.326915938292244,-0.945053421395056,0.));
#4017=DIRECTION('center_axis',(0.,0.,1.));
#4018=DIRECTION('ref_axis',(1.,6.77236045021325E-15,0.));
#4019=DIRECTION('',(0.,0.,1.));
#4020=DIRECTION('center_axis',(0.,0.,-1.));
#4021=DIRECTION('ref_axis',(0.986167688934051,0.165750684168943,0.));
#4022=DIRECTION('center_axis',(-1.,0.,0.));
#4023=DIRECTION('ref_axis',(0.,-1.,0.));
#4024=DIRECTION('',(0.,0.,1.));
#4025=DIRECTION('',(0.,-1.,0.));
#4026=DIRECTION('center_axis',(0.,0.,1.));
#4027=DIRECTION('ref_axis',(0.945053421395056,-0.326915938292246,0.));
#4028=DIRECTION('',(0.,0.,1.));
#4029=DIRECTION('center_axis',(0.,0.,-1.));
#4030=DIRECTION('ref_axis',(0.986167688934051,-0.165750684168943,0.));
#4031=DIRECTION('center_axis',(-0.945053421395056,0.326915938292244,0.));
#4032=DIRECTION('ref_axis',(-0.326915938292244,-0.945053421395056,0.));
#4033=DIRECTION('',(0.,0.,1.));
#4034=DIRECTION('',(-0.326915938292244,-0.945053421395056,0.));
#4035=DIRECTION('center_axis',(0.,0.,1.));
#4036=DIRECTION('ref_axis',(-0.39000268577138,-0.920813718995927,0.));
#4037=DIRECTION('',(0.,0.,1.));
#4038=DIRECTION('center_axis',(0.,0.,1.));
#4039=DIRECTION('ref_axis',(-0.293183210737216,-0.956056277078822,0.));
#4040=DIRECTION('center_axis',(0.,0.,1.));
#4041=DIRECTION('ref_axis',(-0.389509030110275,-0.92102264655249,0.));
#4042=DIRECTION('center_axis',(0.,0.,-1.));
#4043=DIRECTION('ref_axis',(-0.293183210737216,-0.956056277078822,0.));
#4044=DIRECTION('center_axis',(0.326915938292244,-0.945053421395056,0.));
#4045=DIRECTION('ref_axis',(-0.668253682851993,-0.23116447684441,0.707106781186546));
#4046=DIRECTION('center_axis',(-0.326915938292245,0.945053421395056,0.));
#4047=DIRECTION('ref_axis',(-0.945053421395056,-0.326915938292245,0.));
#4048=DIRECTION('',(-0.326915938292244,0.945053421395056,0.));
#4049=DIRECTION('center_axis',(0.,0.,-1.));
#4050=DIRECTION('ref_axis',(-1.,0.,0.));
#4051=DIRECTION('center_axis',(-7.21644966006354E-15,1.,0.));
#4052=DIRECTION('ref_axis',(-1.,-7.21644966006354E-15,0.));
#4053=DIRECTION('center_axis',(0.,0.,1.));
#4054=DIRECTION('ref_axis',(0.986167688934051,0.165750684168943,0.));
#4055=DIRECTION('center_axis',(0.,-1.,0.));
#4056=DIRECTION('ref_axis',(-0.707106781186546,0.,0.707106781186549));
#4057=DIRECTION('center_axis',(5.5511151231258E-16,1.,0.));
#4058=DIRECTION('ref_axis',(-1.,5.5511151231258E-16,0.));
#4059=DIRECTION('',(0.,1.,0.));
#4060=DIRECTION('center_axis',(0.,0.,-1.));
#4061=DIRECTION('ref_axis',(-1.,0.,0.));
#4062=DIRECTION('center_axis',(0.326915938292245,0.945053421395056,0.));
#4063=DIRECTION('ref_axis',(-0.945053421395056,0.326915938292245,0.));
#4064=DIRECTION('center_axis',(0.,0.,1.));
#4065=DIRECTION('ref_axis',(0.986167688934051,-0.165750684168943,0.));
#4066=DIRECTION('center_axis',(-0.326915938292244,-0.945053421395056,0.));
#4067=DIRECTION('ref_axis',(-0.668253682851993,0.231164476844409,0.707106781186546));
#4068=DIRECTION('',(0.326915938292244,0.945053421395056,0.));
#4069=DIRECTION('center_axis',(-0.735407436077647,0.67762519357068,0.));
#4070=DIRECTION('ref_axis',(-0.479153369476676,-0.520011584985516,-0.707106781186547));
#4071=DIRECTION('center_axis',(0.735407436077646,-0.677625193570681,0.));
#4072=DIRECTION('ref_axis',(-0.677625193570681,-0.735407436077646,0.));
#4073=DIRECTION('',(-0.735407436077647,0.67762519357068,0.));
#4074=DIRECTION('center_axis',(0.,0.,1.));
#4075=DIRECTION('ref_axis',(1.,0.,0.));
#4076=DIRECTION('center_axis',(1.,-2.22044604925031E-15,0.));
#4077=DIRECTION('ref_axis',(-2.22044604925031E-15,-1.,0.));
#4078=DIRECTION('center_axis',(0.,0.,1.));
#4079=DIRECTION('ref_axis',(0.363725558575663,0.931506155663409,0.));
#4080=DIRECTION('center_axis',(-1.,0.,0.));
#4081=DIRECTION('ref_axis',(0.,-0.707106781186548,-0.707106781186547));
#4082=DIRECTION('center_axis',(1.,0.,0.));
#4083=DIRECTION('ref_axis',(0.,-1.,0.));
#4084=DIRECTION('',(-1.,0.,0.));
#4085=DIRECTION('center_axis',(0.,0.,1.));
#4086=DIRECTION('ref_axis',(1.,0.,0.));
#4087=DIRECTION('center_axis',(0.465079574142603,0.885268879897704,0.));
#4088=DIRECTION('ref_axis',(0.885268879897704,-0.465079574142603,0.));
#4089=DIRECTION('center_axis',(0.,0.,1.));
#4090=DIRECTION('ref_axis',(-0.517165556595466,0.8558853819708,0.));
#4091=DIRECTION('center_axis',(0.465079574142605,0.885268879897703,0.));
#4092=DIRECTION('ref_axis',(0.625979628149089,-0.328860920667588,-0.707106781186544));
#4093=DIRECTION('',(-0.465079574142605,-0.885268879897703,0.));
#4094=DIRECTION('center_axis',(0.885268879897703,-0.465079574142605,0.));
#4095=DIRECTION('ref_axis',(0.465079574142605,0.885268879897703,0.));
#4096=DIRECTION('',(0.,0.,1.));
#4097=DIRECTION('',(0.465079574142605,0.885268879897703,0.));
#4098=DIRECTION('center_axis',(0.,0.,1.));
#4099=DIRECTION('ref_axis',(-8.88178419700124E-16,1.,0.));
#4100=DIRECTION('',(0.,0.,1.));
#4101=DIRECTION('center_axis',(0.,0.,-1.));
#4102=DIRECTION('ref_axis',(-0.517165556595466,0.8558853819708,0.));
#4103=DIRECTION('center_axis',(0.,-1.,0.));
#4104=DIRECTION('ref_axis',(1.,0.,0.));
#4105=DIRECTION('',(0.,0.,1.));
#4106=DIRECTION('',(1.,0.,0.));
#4107=DIRECTION('center_axis',(0.,0.,1.));
#4108=DIRECTION('ref_axis',(0.677625193570681,0.735407436077646,0.));
#4109=DIRECTION('',(0.,0.,1.));
#4110=DIRECTION('center_axis',(0.,0.,-1.));
#4111=DIRECTION('ref_axis',(0.363725558575663,0.931506155663409,0.));
#4112=DIRECTION('center_axis',(-0.67762519357068,-0.735407436077647,0.));
#4113=DIRECTION('ref_axis',(0.735407436077647,-0.67762519357068,0.));
#4114=DIRECTION('',(0.735407436077647,-0.67762519357068,0.));
#4115=DIRECTION('center_axis',(0.465079574142605,0.885268879897703,0.));
#4116=DIRECTION('ref_axis',(0.625979628149089,-0.328860920667588,0.707106781186543));
#4117=DIRECTION('center_axis',(-0.465079574142605,-0.885268879897703,0.));
#4118=DIRECTION('ref_axis',(0.885268879897703,-0.465079574142605,0.));
#4119=DIRECTION('',(-0.465079574142605,-0.885268879897703,0.));
#4120=DIRECTION('center_axis',(0.,0.,-1.));
#4121=DIRECTION('ref_axis',(-1.,0.,0.));
#4122=DIRECTION('center_axis',(-1.,-4.44089209850062E-15,0.));
#4123=DIRECTION('ref_axis',(4.44089209850062E-15,-1.,0.));
#4124=DIRECTION('center_axis',(0.,0.,1.));
#4125=DIRECTION('ref_axis',(-0.517165556595466,0.8558853819708,0.));
#4126=DIRECTION('center_axis',(1.,0.,0.));
#4127=DIRECTION('ref_axis',(0.,-0.707106781186548,0.707106781186547));
#4128=DIRECTION('center_axis',(-1.,-2.22044604925031E-15,0.));
#4129=DIRECTION('ref_axis',(2.22044604925031E-15,-1.,0.));
#4130=DIRECTION('',(-1.,0.,0.));
#4131=DIRECTION('center_axis',(0.,0.,-1.));
#4132=DIRECTION('ref_axis',(-1.,0.,0.));
#4133=DIRECTION('center_axis',(-0.735407436077648,0.677625193570679,0.));
#4134=DIRECTION('ref_axis',(-0.677625193570679,-0.735407436077648,0.));
#4135=DIRECTION('center_axis',(0.,0.,1.));
#4136=DIRECTION('ref_axis',(0.363725558575663,0.931506155663409,0.));
#4137=DIRECTION('center_axis',(0.735407436077647,-0.67762519357068,0.));
#4138=DIRECTION('ref_axis',(-0.479153369476676,-0.520011584985516,0.707106781186547));
#4139=DIRECTION('',(-0.735407436077647,0.67762519357068,0.));
#4140=DIRECTION('center_axis',(0.,0.,1.));
#4141=DIRECTION('ref_axis',(1.,0.,0.));
#4142=DIRECTION('center_axis',(0.,0.,-1.));
#4143=DIRECTION('ref_axis',(1.,0.,0.));
#4144=DIRECTION('',(0.,0.,-1.));
#4145=DIRECTION('center_axis',(0.,0.,1.));
#4146=DIRECTION('ref_axis',(1.,0.,0.));
#4147=DIRECTION('center_axis',(0.,0.,-1.));
#4148=DIRECTION('ref_axis',(1.,0.,0.));
#4149=DIRECTION('',(0.,0.,-1.));
#4150=DIRECTION('center_axis',(0.,0.,1.));
#4151=DIRECTION('ref_axis',(1.,0.,0.));
#4152=DIRECTION('center_axis',(0.,0.,-1.));
#4153=DIRECTION('ref_axis',(1.,0.,0.));
#4154=DIRECTION('',(0.,0.,-1.));
#4155=DIRECTION('center_axis',(0.,0.,1.));
#4156=DIRECTION('ref_axis',(1.,0.,0.));
#4157=DIRECTION('center_axis',(0.,0.,-1.));
#4158=DIRECTION('ref_axis',(1.,0.,0.));
#4159=DIRECTION('',(0.,0.,-1.));
#4160=DIRECTION('center_axis',(0.,0.,1.));
#4161=DIRECTION('ref_axis',(1.,0.,0.));
#4162=DIRECTION('center_axis',(0.,0.,-1.));
#4163=DIRECTION('ref_axis',(1.,0.,0.));
#4164=DIRECTION('',(0.,0.,-1.));
#4165=DIRECTION('center_axis',(0.,0.,1.));
#4166=DIRECTION('ref_axis',(1.,0.,0.));
#4167=DIRECTION('center_axis',(0.,0.,-1.));
#4168=DIRECTION('ref_axis',(1.,0.,0.));
#4169=DIRECTION('',(0.,0.,-1.));
#4170=DIRECTION('center_axis',(0.,0.,1.));
#4171=DIRECTION('ref_axis',(1.,0.,0.));
#4172=DIRECTION('center_axis',(0.,0.,-1.));
#4173=DIRECTION('ref_axis',(1.,0.,0.));
#4174=DIRECTION('',(0.,0.,-1.));
#4175=DIRECTION('center_axis',(0.,0.,1.));
#4176=DIRECTION('ref_axis',(1.,0.,0.));
#4177=DIRECTION('center_axis',(0.,0.,-1.));
#4178=DIRECTION('ref_axis',(1.,0.,0.));
#4179=DIRECTION('',(0.,0.,-1.));
#4180=DIRECTION('center_axis',(0.,0.,1.));
#4181=DIRECTION('ref_axis',(1.,0.,0.));
#4182=DIRECTION('center_axis',(0.,0.,-1.));
#4183=DIRECTION('ref_axis',(1.,0.,0.));
#4184=DIRECTION('',(0.,0.,-1.));
#4185=DIRECTION('center_axis',(0.,0.,1.));
#4186=DIRECTION('ref_axis',(1.,0.,0.));
#4187=DIRECTION('center_axis',(0.,0.,-1.));
#4188=DIRECTION('ref_axis',(1.,0.,0.));
#4189=DIRECTION('',(0.,0.,-1.));
#4190=DIRECTION('center_axis',(0.,0.,1.));
#4191=DIRECTION('ref_axis',(1.,0.,0.));
#4192=DIRECTION('center_axis',(0.,0.,-1.));
#4193=DIRECTION('ref_axis',(1.,0.,0.));
#4194=DIRECTION('',(0.,0.,-1.));
#4195=DIRECTION('center_axis',(0.,0.,1.));
#4196=DIRECTION('ref_axis',(1.,0.,0.));
#4197=DIRECTION('center_axis',(0.,0.,-1.));
#4198=DIRECTION('ref_axis',(1.,0.,0.));
#4199=DIRECTION('',(0.,0.,-1.));
#4200=DIRECTION('center_axis',(0.,0.,1.));
#4201=DIRECTION('ref_axis',(1.,0.,0.));
#4202=DIRECTION('center_axis',(0.,0.,-1.));
#4203=DIRECTION('ref_axis',(1.,0.,0.));
#4204=DIRECTION('',(0.,0.,-1.));
#4205=DIRECTION('center_axis',(0.,0.,1.));
#4206=DIRECTION('ref_axis',(1.,0.,0.));
#4207=DIRECTION('center_axis',(0.,0.,-1.));
#4208=DIRECTION('ref_axis',(1.,0.,0.));
#4209=DIRECTION('',(0.,0.,-1.));
#4210=DIRECTION('center_axis',(0.708339387088915,0.705872022889773,0.));
#4211=DIRECTION('ref_axis',(-0.705872022889773,0.708339387088915,0.));
#4212=DIRECTION('',(0.,0.,1.));
#4213=DIRECTION('',(-0.705872022889773,0.708339387088915,0.));
#4214=DIRECTION('',(0.,0.,1.));
#4215=DIRECTION('center_axis',(-0.70834097824065,-0.705870426172594,0.));
#4216=DIRECTION('ref_axis',(0.705870426172594,-0.70834097824065,0.));
#4217=DIRECTION('',(0.705870426172594,-0.70834097824065,0.));
#4218=DIRECTION('',(0.,0.,1.));
#4219=DIRECTION('center_axis',(0.,0.,1.));
#4220=DIRECTION('ref_axis',(-0.649469838843655,0.760387354203367,0.));
#4221=DIRECTION('center_axis',(0.,0.,-1.));
#4222=DIRECTION('ref_axis',(1.,0.,0.));
#4223=DIRECTION('center_axis',(0.,0.,1.));
#4224=DIRECTION('ref_axis',(1.,0.,0.));
#4225=DIRECTION('center_axis',(0.,0.,-1.));
#4226=DIRECTION('ref_axis',(1.,0.,0.));
#4227=DIRECTION('',(0.,0.,-1.));
#4228=DIRECTION('center_axis',(0.,0.,1.));
#4229=DIRECTION('ref_axis',(1.,0.,0.));
#4230=DIRECTION('center_axis',(0.,0.,-1.));
#4231=DIRECTION('ref_axis',(1.,0.,0.));
#4232=DIRECTION('',(0.,0.,-1.));
#4233=DIRECTION('center_axis',(0.,0.,1.));
#4234=DIRECTION('ref_axis',(1.,0.,0.));
#4235=DIRECTION('center_axis',(0.,0.,-1.));
#4236=DIRECTION('ref_axis',(1.,0.,0.));
#4237=DIRECTION('',(0.,0.,-1.));
#4238=DIRECTION('center_axis',(0.,0.,1.));
#4239=DIRECTION('ref_axis',(1.,0.,0.));
#4240=DIRECTION('center_axis',(0.,0.,-1.));
#4241=DIRECTION('ref_axis',(1.,0.,0.));
#4242=DIRECTION('',(0.,0.,-1.));
#4243=DIRECTION('center_axis',(0.,0.,1.));
#4244=DIRECTION('ref_axis',(1.,0.,0.));
#4245=DIRECTION('center_axis',(0.,0.,-1.));
#4246=DIRECTION('ref_axis',(1.,0.,0.));
#4247=DIRECTION('',(0.,0.,-1.));
#4248=DIRECTION('center_axis',(0.,0.,1.));
#4249=DIRECTION('ref_axis',(1.,0.,0.));
#4250=DIRECTION('center_axis',(0.,0.,-1.));
#4251=DIRECTION('ref_axis',(1.,0.,0.));
#4252=DIRECTION('',(0.,0.,-1.));
#4253=DIRECTION('center_axis',(0.,0.,1.));
#4254=DIRECTION('ref_axis',(1.,0.,0.));
#4255=DIRECTION('center_axis',(0.,0.,-1.));
#4256=DIRECTION('ref_axis',(1.,0.,0.));
#4257=DIRECTION('',(0.,0.,-1.));
#4258=DIRECTION('center_axis',(0.,0.,1.));
#4259=DIRECTION('ref_axis',(1.,0.,0.));
#4260=DIRECTION('center_axis',(0.,0.,-1.));
#4261=DIRECTION('ref_axis',(1.,0.,0.));
#4262=DIRECTION('',(0.,0.,-1.));
#4263=DIRECTION('center_axis',(0.,0.,1.));
#4264=DIRECTION('ref_axis',(1.,0.,0.));
#4265=DIRECTION('center_axis',(0.,0.,-1.));
#4266=DIRECTION('ref_axis',(1.,0.,0.));
#4267=DIRECTION('',(0.,0.,-1.));
#4268=DIRECTION('center_axis',(0.,0.,1.));
#4269=DIRECTION('ref_axis',(1.,0.,0.));
#4270=CARTESIAN_POINT('',(0.,0.,0.));
#4271=CARTESIAN_POINT('Origin',(-60.,-30.,5.));
#4272=CARTESIAN_POINT('',(-63.25,-30.,1.8));
#4273=CARTESIAN_POINT('',(-63.25,-30.,3.68721199513018));
#4274=CARTESIAN_POINT('',(-63.25,-30.,5.));
#4275=CARTESIAN_POINT('',(-60.7730916647251,-33.1567117825251,1.8));
#4276=CARTESIAN_POINT('Origin',(-60.,-30.,1.8));
#4277=CARTESIAN_POINT('',(-57.026939682033,-31.3127880048698,5.));
#4278=CARTESIAN_POINT('Origin',(-60.,-30.,5.));
#4279=CARTESIAN_POINT('',(-63.25,-30.,6.31278800486982));
#4280=CARTESIAN_POINT('Origin',(-60.,-30.,5.));
#4281=CARTESIAN_POINT('',(-63.25,-30.,10.));
#4282=CARTESIAN_POINT('',(-63.25,-30.,5.));
#4283=CARTESIAN_POINT('Origin',(-60.,-30.,10.));
#4284=CARTESIAN_POINT('',(-62.973060317967,-28.6872119951302,5.));
#4285=CARTESIAN_POINT('Origin',(-60.,-30.,5.));
#4286=CARTESIAN_POINT('Origin',(-60.,-30.,5.));
#4287=CARTESIAN_POINT('Origin',(-60.0000000000001,29.9999999999999,5.));
#4288=CARTESIAN_POINT('',(-63.2500000000001,29.9999999999999,1.8));
#4289=CARTESIAN_POINT('',(-63.2500000000001,29.9999999999999,3.68721199513017));
#4290=CARTESIAN_POINT('',(-63.2500000000001,29.9999999999999,5.));
#4291=CARTESIAN_POINT('',(-61.8120908679417,32.6979300743944,1.8));
#4292=CARTESIAN_POINT('Origin',(-60.0000000000001,29.9999999999999,1.8));
#4293=CARTESIAN_POINT('Origin',(-60.0000000000001,29.9999999999999,5.));
#4294=CARTESIAN_POINT('Origin',(44.9999988824129,-25.0000011175871,-3.));
#4295=CARTESIAN_POINT('',(42.8999988824129,-25.0000011175871,-3.));
#4296=CARTESIAN_POINT('Origin',(44.9999988824129,-25.0000011175871,-3.));
#4297=CARTESIAN_POINT('',(42.8999988824129,-24.1999994970858,-3.));
#4298=CARTESIAN_POINT('',(42.8999988824129,-25.0000011175871,-3.));
#4299=CARTESIAN_POINT('',(46.8466174136748,-24.1999994970858,-4.));
#4300=CARTESIAN_POINT('Origin',(44.9999988824129,-24.1999994970858,-3.));
#4301=CARTESIAN_POINT('',(46.8466174620914,-22.9999994859099,-3.99999991059303));
#4302=CARTESIAN_POINT('',(46.8466174136748,-25.0000011175871,-4.));
#4303=CARTESIAN_POINT('',(47.0396066659323,-22.9999994859099,-2.49999991059303));
#4304=CARTESIAN_POINT('Origin',(44.9999988824129,-22.9999994859099,-3.));
#4305=CARTESIAN_POINT('',(47.0396066659323,-22.5000011175871,-2.49999991059303));
#4306=CARTESIAN_POINT('',(47.0396066659323,-25.0000011175871,-2.49999991059303));
#4307=CARTESIAN_POINT('',(42.8999988824129,-22.5000011175871,-3.));
#4308=CARTESIAN_POINT('Origin',(44.9999988824129,-22.5000011175871,-3.));
#4309=CARTESIAN_POINT('',(42.8999988824129,-22.9999994859099,-3.));
#4310=CARTESIAN_POINT('',(42.8999988824129,-25.0000011175871,-3.));
#4311=CARTESIAN_POINT('',(43.1533803027344,-22.9999994859099,-3.99999991059303));
#4312=CARTESIAN_POINT('Origin',(44.9999988824129,-22.9999994859099,-3.));
#4313=CARTESIAN_POINT('',(43.153380351151,-24.1999994970858,-4.));
#4314=CARTESIAN_POINT('',(43.153380351151,-25.0000011175871,-4.));
#4315=CARTESIAN_POINT('Origin',(44.9999988824129,-24.1999994970858,-3.));
#4316=CARTESIAN_POINT('Origin',(44.9999988824129,-25.0000011175871,-3.));
#4317=CARTESIAN_POINT('',(42.8999988824129,22.5,-3.));
#4318=CARTESIAN_POINT('',(42.8999988824129,22.9999994859099,-3.));
#4319=CARTESIAN_POINT('',(42.8999988824129,-25.0000011175871,-3.));
#4320=CARTESIAN_POINT('',(47.0396066659323,22.5,-2.49999991059303));
#4321=CARTESIAN_POINT('Origin',(44.9999988824129,22.5,-3.));
#4322=CARTESIAN_POINT('',(47.0396066659323,22.9999994859099,-2.49999991059303));
#4323=CARTESIAN_POINT('',(47.0396066659323,-25.0000011175871,-2.49999991059303));
#4324=CARTESIAN_POINT('',(46.8466174620914,22.9999994859099,-3.99999991059303));
#4325=CARTESIAN_POINT('Origin',(44.9999988824129,22.9999994859099,-3.));
#4326=CARTESIAN_POINT('',(46.8466174136748,24.1999994970858,-4.));
#4327=CARTESIAN_POINT('',(46.8466174136748,-25.0000011175871,-4.));
#4328=CARTESIAN_POINT('',(42.8999988824129,24.1999994970858,-3.));
#4329=CARTESIAN_POINT('Origin',(44.9999988824129,24.1999994970858,-3.));
#4330=CARTESIAN_POINT('',(42.8999988824129,25.,-3.));
#4331=CARTESIAN_POINT('',(42.8999988824129,-25.0000011175871,-3.));
#4332=CARTESIAN_POINT('Origin',(44.9999988824129,25.,-3.));
#4333=CARTESIAN_POINT('',(43.153380351151,24.1999994970858,-4.));
#4334=CARTESIAN_POINT('Origin',(44.9999988824129,24.1999994970858,-3.));
#4335=CARTESIAN_POINT('',(43.1533803027344,22.9999994859099,-3.99999991059303));
#4336=CARTESIAN_POINT('',(43.153380351151,-25.0000011175871,-4.));
#4337=CARTESIAN_POINT('Origin',(44.9999988824129,22.9999994859099,-3.));
#4338=CARTESIAN_POINT('Origin',(44.9999988824129,-25.0000011175871,-3.));
#4339=CARTESIAN_POINT('',(42.9603910988935,22.9999994859099,-2.49999991059303));
#4340=CARTESIAN_POINT('Origin',(44.9999988824129,22.9999994859099,-3.));
#4341=CARTESIAN_POINT('',(42.9603910988935,22.5,-2.49999991059303));
#4342=CARTESIAN_POINT('',(42.9603910988935,-25.0000011175871,-2.49999991059303));
#4343=CARTESIAN_POINT('Origin',(44.9999988824129,22.5,-3.));
#4344=CARTESIAN_POINT('Origin',(44.9999988824129,-25.0000011175871,-3.));
#4345=CARTESIAN_POINT('',(42.9603910988935,-22.5000011175871,-2.49999991059303));
#4346=CARTESIAN_POINT('Origin',(44.9999988824129,-22.5000011175871,-3.));
#4347=CARTESIAN_POINT('',(42.9603910988935,-22.9999994859099,-2.49999991059303));
#4348=CARTESIAN_POINT('',(42.9603910988935,-25.0000011175871,-2.49999991059303));
#4349=CARTESIAN_POINT('Origin',(44.9999988824129,-22.9999994859099,-3.));
#4350=CARTESIAN_POINT('Origin',(-45.5000011175871,-22.5000011175871,0.));
#4351=CARTESIAN_POINT('',(49.9999988824129,-22.4999994970858,-2.49999991059303));
#4352=CARTESIAN_POINT('',(-22.7500011175871,-22.5000011175871,-2.49999991059303));
#4353=CARTESIAN_POINT('',(49.9999988824129,-22.5000011175871,-10.));
#4354=CARTESIAN_POINT('',(49.9999988824129,-22.5000011175871,0.));
#4355=CARTESIAN_POINT('',(-45.5000011175871,-22.5000011175871,-10.));
#4356=CARTESIAN_POINT('',(-45.5000011175871,-22.5000011175871,-10.));
#4357=CARTESIAN_POINT('',(-45.5000011175871,-22.5000011175871,-2.49999991059303));
#4358=CARTESIAN_POINT('',(-45.5000011175871,-22.5000011175871,0.));
#4359=CARTESIAN_POINT('',(-22.7500011175871,-22.5000011175871,-2.49999991059303));
#4360=CARTESIAN_POINT('Origin',(-1.11758708953857E-6,-22.4999994970858,
-2.49999991059303));
#4361=CARTESIAN_POINT('',(49.9999988824123,-22.9999994859099,-2.49999991059303));
#4362=CARTESIAN_POINT('',(-1.11758708953857E-6,-22.9999994859099,-2.49999991059303));
#4363=CARTESIAN_POINT('',(49.9999988824129,-22.7500003017481,-2.49999991059303));
#4364=CARTESIAN_POINT('Origin',(-1.11758708953857E-6,-22.9999994859099,
-2.49999991059303));
#4365=CARTESIAN_POINT('',(49.9999988824123,-22.9999994859099,-3.99999991059303));
#4366=CARTESIAN_POINT('',(-1.11758708953857E-6,-22.9999994859099,-3.99999991059303));
#4367=CARTESIAN_POINT('',(49.9999988824129,-23.0000011175871,0.));
#4368=CARTESIAN_POINT('Origin',(-1.11758708953857E-6,-22.9999994859099,
-4.));
#4369=CARTESIAN_POINT('',(49.6000000977876,-24.1999994970858,-4.));
#4370=CARTESIAN_POINT('',(-1.11758708953857E-6,-24.1999994970858,-4.));
#4371=CARTESIAN_POINT('Origin',(47.9999988824129,-23.0000011175871,-4.));
#4372=CARTESIAN_POINT('Origin',(-1.11758708953857E-6,22.9999994859099,-2.49999991059303));
#4373=CARTESIAN_POINT('',(49.9999988824129,22.4999994970858,-2.49999991059303));
#4374=CARTESIAN_POINT('',(24.9999988824129,22.5,-2.49999991059303));
#4375=CARTESIAN_POINT('',(49.9999988824129,22.9999994859099,-2.49999991059303));
#4376=CARTESIAN_POINT('',(49.9999988824129,22.7499994914979,-2.49999991059303));
#4377=CARTESIAN_POINT('',(-1.11758708953857E-6,22.9999994859099,-2.49999991059303));
#4378=CARTESIAN_POINT('Origin',(-1.11758708953857E-6,22.9999994859099,-2.49999991059303));
#4379=CARTESIAN_POINT('',(-47.5000011175871,22.9999994859099,-2.49999991059303));
#4380=CARTESIAN_POINT('',(-1.11758708953857E-6,22.9999994859099,-2.49999991059303));
#4381=CARTESIAN_POINT('',(-47.5000011175871,22.4999994970858,-2.49999991059303));
#4382=CARTESIAN_POINT('',(-47.5000011175871,22.9999994859099,-2.49999991059303));
#4383=CARTESIAN_POINT('',(-45.7356623699451,22.4999994970858,-2.49999991059303));
#4384=CARTESIAN_POINT('',(-1.11758708953857E-6,22.4999994970858,-2.49999991059303));
#4385=CARTESIAN_POINT('',(-45.2643398652291,22.4999994970858,-2.49999991059303));
#4386=CARTESIAN_POINT('Origin',(-45.5000011175871,20.5139320827876,-2.49999991059303));
#4387=CARTESIAN_POINT('',(24.9999988824129,22.5,-2.49999991059303));
#4388=CARTESIAN_POINT('Origin',(-1.11758708953857E-6,22.9999994859099,-3.99999991059303));
#4389=CARTESIAN_POINT('',(49.9999988824129,22.9999994859099,-3.99999991059303));
#4390=CARTESIAN_POINT('',(49.9999988824129,22.9999994859099,0.));
#4391=CARTESIAN_POINT('',(-1.11758708953857E-6,22.9999994859099,-3.99999991059303));
#4392=CARTESIAN_POINT('Origin',(-1.11758708953857E-6,22.9999994859099,-3.99999991059303));
#4393=CARTESIAN_POINT('',(-47.5000011175871,22.9999994859099,-3.99999991059303));
#4394=CARTESIAN_POINT('',(-1.11758708953857E-6,22.9999994859099,-3.99999991059303));
#4395=CARTESIAN_POINT('',(-47.5000011175871,22.9999994859099,-3.99999991059303));
#4396=CARTESIAN_POINT('Origin',(-1.11758708953857E-6,24.1999994970858,3.85185988877447E-32));
#4397=CARTESIAN_POINT('',(49.5999992595984,24.1999994970858,-4.));
#4398=CARTESIAN_POINT('',(-1.11758708953857E-6,24.1999994970858,-4.));
#4399=CARTESIAN_POINT('',(49.5999992595984,24.1999994970858,3.85185988877447E-32));
#4400=CARTESIAN_POINT('',(49.5999992595984,24.1999994970858,0.));
#4401=CARTESIAN_POINT('',(-47.5000011175871,24.1999994970858,0.));
#4402=CARTESIAN_POINT('',(-1.11758708953857E-6,24.1999994970858,3.85185988877447E-32));
#4403=CARTESIAN_POINT('',(-47.5000011175871,24.1999994970858,-4.));
#4404=CARTESIAN_POINT('',(-47.5000011175871,24.1999994970858,3.85185988877447E-32));
#4405=CARTESIAN_POINT('',(-1.11758708953857E-6,24.1999994970858,-4.));
#4406=CARTESIAN_POINT('Origin',(-1.11758708953857E-6,24.1999994970858,-4.));
#4407=CARTESIAN_POINT('Origin',(47.9999988824129,23.,-4.));
#4408=CARTESIAN_POINT('Origin',(-1.11758708953857E-6,24.1999994970858,-4.));
#4409=CARTESIAN_POINT('',(-47.5000011175871,24.1999994970858,-4.));
#4410=CARTESIAN_POINT('Origin',(49.9999988824129,-22.5000011175871,0.));
#4411=CARTESIAN_POINT('',(49.9999988824129,-23.0000011175871,-10.));
#4412=CARTESIAN_POINT('',(49.9999988824129,-23.0000011175871,0.));
#4413=CARTESIAN_POINT('',(49.9999988824129,-23.0000011175871,-10.));
#4414=CARTESIAN_POINT('Origin',(47.9999988824129,23.,0.));
#4415=CARTESIAN_POINT('',(49.9999988824129,22.9999994859099,-10.));
#4416=CARTESIAN_POINT('',(49.9999988824129,22.9999994859099,0.));
#4417=CARTESIAN_POINT('',(47.9999988824129,25.,-10.));
#4418=CARTESIAN_POINT('Origin',(47.9999988824129,23.,-10.));
#4419=CARTESIAN_POINT('',(47.9999988824129,25.,0.));
#4420=CARTESIAN_POINT('',(47.9999988824129,25.,0.));
#4421=CARTESIAN_POINT('Origin',(47.9999988824129,23.,0.));
#4422=CARTESIAN_POINT('Origin',(-1.11758708953857E-6,-22.4999994970858,
0.));
#4423=CARTESIAN_POINT('',(-45.5000011175871,-22.5000011175871,0.));
#4424=CARTESIAN_POINT('',(-45.5000011175871,-22.5000011175871,0.));
#4425=CARTESIAN_POINT('',(-47.5000011175871,-22.4999994970858,0.));
#4426=CARTESIAN_POINT('',(-1.11758708953857E-6,-22.4999994970858,0.));
#4427=CARTESIAN_POINT('',(-47.5000011175871,-22.4999994970858,-2.49999991059303));
#4428=CARTESIAN_POINT('',(-47.5000011175871,-22.4999994970858,-4.));
#4429=CARTESIAN_POINT('',(-1.11758708953857E-6,-22.4999994970858,-2.49999991059303));
#4430=CARTESIAN_POINT('Origin',(-1.11758708953857E-6,-22.4999994970858,
-2.49999991059303));
#4431=CARTESIAN_POINT('',(-47.5000011175871,-22.9999994859099,-2.49999991059303));
#4432=CARTESIAN_POINT('',(-47.5000011175871,-22.9999994859099,-2.49999991059303));
#4433=CARTESIAN_POINT('',(-1.11758708953857E-6,-22.9999994859099,-2.49999991059303));
#4434=CARTESIAN_POINT('Origin',(-1.11758708953857E-6,-24.1999994970858,
-4.));
#4435=CARTESIAN_POINT('',(-47.5000011175871,-24.1999994970858,-4.));
#4436=CARTESIAN_POINT('',(-1.11758708953857E-6,-24.1999994970858,-4.));
#4437=CARTESIAN_POINT('',(-47.5000011175871,-24.1999994970858,0.));
#4438=CARTESIAN_POINT('',(-47.5000011175871,-24.1999994970858,3.85185988877447E-32));
#4439=CARTESIAN_POINT('',(49.6000000977876,-24.1999994970858,3.85185988877447E-32));
#4440=CARTESIAN_POINT('',(-1.11758708953857E-6,-24.1999994970858,3.85185988877447E-32));
#4441=CARTESIAN_POINT('',(49.6000000977876,-24.1999994970858,0.));
#4442=CARTESIAN_POINT('Origin',(-1.11758708953857E-6,-22.9999994859099,
-4.));
#4443=CARTESIAN_POINT('',(-47.5000011175871,-22.9999994859099,-3.99999991059303));
#4444=CARTESIAN_POINT('',(-1.11758708953857E-6,-22.9999994859099,-3.99999991059303));
#4445=CARTESIAN_POINT('',(-47.5000011175871,-24.1999994970858,-4.));
#4446=CARTESIAN_POINT('Origin',(-1.11758708953857E-6,-22.9999994859099,
-2.49999991059303));
#4447=CARTESIAN_POINT('',(-47.5000011175871,-22.9999994859099,-3.99999991059303));
#4448=CARTESIAN_POINT('Origin',(-47.5000011175871,-23.3499994970858,-2.));
#4449=CARTESIAN_POINT('',(-47.5000011175871,-22.4999994970858,0.));
#4450=CARTESIAN_POINT('Origin',(-1.11758708953857E-6,22.4999994970858,-2.49999991059303));
#4451=CARTESIAN_POINT('',(-45.7356623699451,22.4999994970858,0.));
#4452=CARTESIAN_POINT('',(-45.7356623699451,22.4999994970858,0.));
#4453=CARTESIAN_POINT('',(-47.5000011175871,22.4999994970858,0.));
#4454=CARTESIAN_POINT('',(-47.5000011175871,22.4999994970858,-4.));
#4455=CARTESIAN_POINT('',(-1.11758708953857E-6,22.4999994970858,0.));
#4456=CARTESIAN_POINT('Origin',(-47.5000011175871,23.3499994970858,-2.));
#4457=CARTESIAN_POINT('',(-47.5000011175871,22.4999994970858,0.));
#4458=CARTESIAN_POINT('Origin',(-45.5000011175871,20.5139320827876,0.));
#4459=CARTESIAN_POINT('',(-47.5000011175871,20.5139320827876,0.));
#4460=CARTESIAN_POINT('Origin',(-45.5000011175871,20.5139320827876,0.));
#4461=CARTESIAN_POINT('',(-47.5000011175871,20.5139320827876,-10.));
#4462=CARTESIAN_POINT('',(-47.5000011175871,20.5139320827876,0.));
#4463=CARTESIAN_POINT('',(-45.2643441036458,22.5,-10.));
#4464=CARTESIAN_POINT('Origin',(-45.5000011175871,20.5139320827876,-10.));
#4465=CARTESIAN_POINT('',(-45.2643441036458,22.5,0.));
#4466=CARTESIAN_POINT('Origin',(49.9999988824129,22.9999994859099,0.));
#4467=CARTESIAN_POINT('',(49.9999988824129,22.5,-10.));
#4468=CARTESIAN_POINT('',(49.9999988824129,22.5,0.));
#4469=CARTESIAN_POINT('',(49.9999988824129,22.5,-10.));
#4470=CARTESIAN_POINT('Origin',(-48.0000011175871,25.,0.));
#4471=CARTESIAN_POINT('',(-48.0000011175871,25.,0.));
#4472=CARTESIAN_POINT('',(-13.0474591583337,25.,0.));
#4473=CARTESIAN_POINT('',(-48.0000011175871,25.,-10.));
#4474=CARTESIAN_POINT('',(47.9999988824129,25.,-10.));
#4475=CARTESIAN_POINT('',(-48.0000011175871,25.,0.));
#4476=CARTESIAN_POINT('Origin',(-48.0000011175871,23.,0.));
#4477=CARTESIAN_POINT('',(-50.0000011175871,23.,0.));
#4478=CARTESIAN_POINT('Origin',(-48.0000011175871,23.,0.));
#4479=CARTESIAN_POINT('',(-50.0000011175871,23.,-10.));
#4480=CARTESIAN_POINT('Origin',(-48.0000011175871,23.,-10.));
#4481=CARTESIAN_POINT('',(-50.0000011175871,23.,0.));
#4482=CARTESIAN_POINT('Origin',(-50.0000011175871,-23.0000011175871,0.));
#4483=CARTESIAN_POINT('',(-50.0000011175871,-23.0000011175871,0.));
#4484=CARTESIAN_POINT('',(-50.0000011175871,-11.5000005587936,0.));
#4485=CARTESIAN_POINT('',(-50.0000011175871,-23.0000011175871,-10.));
#4486=CARTESIAN_POINT('',(-50.0000011175871,23.,-10.));
#4487=CARTESIAN_POINT('',(-50.0000011175871,-23.0000011175871,0.));
#4488=CARTESIAN_POINT('Origin',(-48.0000011175871,-23.0000011175871,0.));
#4489=CARTESIAN_POINT('',(-48.0000011175871,-25.0000011175871,0.));
#4490=CARTESIAN_POINT('Origin',(-48.0000011175871,-23.0000011175871,0.));
#4491=CARTESIAN_POINT('',(-48.0000011175871,-25.0000011175871,-10.));
#4492=CARTESIAN_POINT('Origin',(-48.0000011175871,-23.0000011175871,-10.));
#4493=CARTESIAN_POINT('',(-48.0000011175871,-25.0000011175871,0.));
#4494=CARTESIAN_POINT('Origin',(47.9999988824129,-25.0000011175871,0.));
#4495=CARTESIAN_POINT('',(47.9999988824129,-25.0000011175871,0.));
#4496=CARTESIAN_POINT('',(34.9525408416663,-25.0000011175871,0.));
#4497=CARTESIAN_POINT('',(47.9999988824129,-25.0000011175871,-10.));
#4498=CARTESIAN_POINT('',(-48.0000011175871,-25.0000011175871,-10.));
#4499=CARTESIAN_POINT('',(47.9999988824129,-25.0000011175871,0.));
#4500=CARTESIAN_POINT('Origin',(47.9999988824129,-23.0000011175871,0.));
#4501=CARTESIAN_POINT('Origin',(47.9999988824129,-23.0000011175871,0.));
#4502=CARTESIAN_POINT('Origin',(47.9999988824129,-23.0000011175871,-10.));
#4503=CARTESIAN_POINT('Origin',(-45.5000011175871,-20.5000011175871,0.));
#4504=CARTESIAN_POINT('',(-47.5000011175871,-20.5000011175871,0.));
#4505=CARTESIAN_POINT('Origin',(-45.5000011175871,-20.5000011175871,0.));
#4506=CARTESIAN_POINT('',(-47.5000011175871,-20.5000011175871,-10.));
#4507=CARTESIAN_POINT('Origin',(-45.5000011175871,-20.5000011175871,-10.));
#4508=CARTESIAN_POINT('',(-47.5000011175871,-20.5000011175871,0.));
#4509=CARTESIAN_POINT('Origin',(-47.5000011175871,20.5139320827876,0.));
#4510=CARTESIAN_POINT('',(-47.5000011175871,10.2569660413938,0.));
#4511=CARTESIAN_POINT('',(-47.5000011175871,20.5139320827876,-10.));
#4512=CARTESIAN_POINT('Origin',(49.9999988824129,22.5,0.));
#4513=CARTESIAN_POINT('',(47.5,22.5,-10.));
#4514=CARTESIAN_POINT('Origin',(-1.11758708953857E-6,-5.58793562532856E-7,
-10.));
#4515=CARTESIAN_POINT('Origin',(-60.0000000000001,29.9999999999999,1.8));
#4516=CARTESIAN_POINT('',(-59.4805003983917,30.2293908540652,1.8));
#4517=CARTESIAN_POINT('',(-60.7730916647251,33.156711782525,1.8));
#4518=CARTESIAN_POINT('',(-59.4805003983917,30.2293908540652,1.8));
#4519=CARTESIAN_POINT('',(-60.5194996016084,29.7706091459346,1.8));
#4520=CARTESIAN_POINT('',(-60.0000000000001,29.9999999999999,1.8));
#4521=CARTESIAN_POINT('',(-60.5194996016084,29.7706091459346,1.8));
#4522=CARTESIAN_POINT('Origin',(-60.0000000000001,29.9999999999999,1.8));
#4523=CARTESIAN_POINT('Origin',(-60.0000000000001,29.9999999999999,5.));
#4524=CARTESIAN_POINT('',(-62.973060317967,28.68721199513,5.));
#4525=CARTESIAN_POINT('Origin',(-60.0000000000001,29.9999999999999,5.));
#4526=CARTESIAN_POINT('',(-63.2500000000001,29.9999999999999,6.31278800486983));
#4527=CARTESIAN_POINT('Origin',(-60.0000000000001,29.9999999999999,5.));
#4528=CARTESIAN_POINT('',(-63.2500000000001,29.9999999999999,10.));
#4529=CARTESIAN_POINT('',(-63.2500000000001,29.9999999999999,5.));
#4530=CARTESIAN_POINT('Origin',(-60.0000000000001,29.9999999999999,10.));
#4531=CARTESIAN_POINT('',(-57.0269396820331,31.3127880048697,5.));
#4532=CARTESIAN_POINT('Origin',(-60.0000000000001,29.9999999999999,5.));
#4533=CARTESIAN_POINT('Origin',(-60.0000000000001,29.9999999999999,5.));
#4534=CARTESIAN_POINT('Origin',(-60.0000000000001,29.9999999999999,5.));
#4535=CARTESIAN_POINT('Origin',(-60.0000000000001,29.9999999999999,5.));
#4536=CARTESIAN_POINT('Origin',(-108.472172487501,139.774534817242,5.));
#4537=CARTESIAN_POINT('',(-108.472172487502,139.774534817242,1.75));
#4538=CARTESIAN_POINT('',(-105.733403340512,141.617920131578,5.));
#4539=CARTESIAN_POINT('Origin',(-108.472172487501,139.774534817242,5.));
#4540=CARTESIAN_POINT('',(-116.064575400715,152.292911314353,5.));
#4541=CARTESIAN_POINT('',(-106.136774065037,142.034714944654,5.));
#4542=CARTESIAN_POINT('',(-120.735372245644,147.772551059528,5.));
#4543=CARTESIAN_POINT('Ctrl Pts',(-120.735372245644,147.772551059528,5.));
#4544=CARTESIAN_POINT('Ctrl Pts',(-120.735372245644,147.772551059528,4.57400210837625));
#4545=CARTESIAN_POINT('Ctrl Pts',(-120.617296323811,147.776844064154,4.13475048934679));
#4546=CARTESIAN_POINT('Ctrl Pts',(-120.202951732851,147.829666108638,3.34104636011001));
#4547=CARTESIAN_POINT('Ctrl Pts',(-119.910719355748,147.882467705695,2.98478300613868));
#4548=CARTESIAN_POINT('Ctrl Pts',(-119.303495980482,148.064640465132,2.42175169434969));
#4549=CARTESIAN_POINT('Ctrl Pts',(-118.943798608031,148.206175209081,2.17320750318127));
#4550=CARTESIAN_POINT('Ctrl Pts',(-118.225881818821,148.61136493228,1.83702561207802));
#4551=CARTESIAN_POINT('Ctrl Pts',(-117.868379412052,148.876795662028,1.75));
#4552=CARTESIAN_POINT('Ctrl Pts',(-117.262054594071,149.463592026698,1.75));
#4553=CARTESIAN_POINT('Ctrl Pts',(-116.985066309659,149.812216370997,1.83702561207801));
#4554=CARTESIAN_POINT('Ctrl Pts',(-116.556598862997,150.516488246886,2.17320750318124));
#4555=CARTESIAN_POINT('Ctrl Pts',(-116.403368366517,150.8713610388,2.42175169434966));
#4556=CARTESIAN_POINT('Ctrl Pts',(-116.201421011105,151.47229731445,2.98478300613866));
#4557=CARTESIAN_POINT('Ctrl Pts',(-116.13908401163,151.762645156487,3.34104636011));
#4558=CARTESIAN_POINT('Ctrl Pts',(-116.072730294279,152.175039133935,4.1347504893468));
#4559=CARTESIAN_POINT('Ctrl Pts',(-116.064575400714,152.292911314352,4.57400210837626));
#4560=CARTESIAN_POINT('Ctrl Pts',(-116.064575400714,152.292911314352,5.));
#4561=CARTESIAN_POINT('Ctrl Pts',(-116.064575400714,152.292911314352,5.));
#4562=CARTESIAN_POINT('Ctrl Pts',(-116.064575400714,152.292911314352,5.42599789162374));
#4563=CARTESIAN_POINT('Ctrl Pts',(-116.072730294279,152.175039133935,5.8652495106532));
#4564=CARTESIAN_POINT('Ctrl Pts',(-116.13908401163,151.762645156487,6.65895363989));
#4565=CARTESIAN_POINT('Ctrl Pts',(-116.201421011105,151.47229731445,7.01521699386134));
#4566=CARTESIAN_POINT('Ctrl Pts',(-116.403368366517,150.8713610388,7.57824830565034));
#4567=CARTESIAN_POINT('Ctrl Pts',(-116.556598862997,150.516488246886,7.82679249681876));
#4568=CARTESIAN_POINT('Ctrl Pts',(-116.985066309659,149.812216370997,8.16297438792199));
#4569=CARTESIAN_POINT('Ctrl Pts',(-117.262054594071,149.463592026698,8.25));
#4570=CARTESIAN_POINT('Ctrl Pts',(-117.868379412052,148.876795662028,8.25));
#4571=CARTESIAN_POINT('Ctrl Pts',(-118.225881818821,148.61136493228,8.16297438792198));
#4572=CARTESIAN_POINT('Ctrl Pts',(-118.943798608031,148.206175209081,7.82679249681873));
#4573=CARTESIAN_POINT('Ctrl Pts',(-119.303495980482,148.064640465132,7.57824830565031));
#4574=CARTESIAN_POINT('Ctrl Pts',(-119.910719355748,147.882467705695,7.01521699386132));
#4575=CARTESIAN_POINT('Ctrl Pts',(-120.202951732851,147.829666108638,6.65895363988999));
#4576=CARTESIAN_POINT('Ctrl Pts',(-120.617296323811,147.776844064154,5.86524951065321));
#4577=CARTESIAN_POINT('Ctrl Pts',(-120.735372245644,147.772551059528,5.42599789162375));
#4578=CARTESIAN_POINT('Ctrl Pts',(-120.735372245644,147.772551059528,5.));
#4579=CARTESIAN_POINT('',(-108.472172487502,139.774534817242,8.25));
#4580=CARTESIAN_POINT('Origin',(-108.472172487501,139.774534817242,5.));
#4581=CARTESIAN_POINT('Origin',(-108.472172487501,139.774534817242,5.));
#4582=CARTESIAN_POINT('Origin',(-60.0000000000001,29.9999999999999,5.));
#4583=CARTESIAN_POINT('',(-57.0269396820331,31.3127880048697,5.));
#4584=CARTESIAN_POINT('Origin',(59.9999999999999,35.0000000000001,1.8));
#4585=CARTESIAN_POINT('',(60.3695297864568,34.5687834222562,1.8));
#4586=CARTESIAN_POINT('',(62.7993859573193,36.6510415688176,1.8));
#4587=CARTESIAN_POINT('',(165.222112587376,124.421897916565,1.8));
#4588=CARTESIAN_POINT('',(59.6304702135431,35.4312165777441,1.8));
#4589=CARTESIAN_POINT('',(60.,35.0000000000002,1.8));
#4590=CARTESIAN_POINT('',(62.0603263844057,37.5134747243054,1.8));
#4591=CARTESIAN_POINT('',(164.483053014463,125.284331072053,1.8));
#4592=CARTESIAN_POINT('',(56.7499999999999,35.0000000000001,1.79999999999997));
#4593=CARTESIAN_POINT('Origin',(59.9999999999999,35.0000000000001,1.8));
#4594=CARTESIAN_POINT('Origin',(59.9999999999999,35.0000000000001,1.8));
#4595=CARTESIAN_POINT('Origin',(59.9999999999999,35.0000000000001,5.));
#4596=CARTESIAN_POINT('',(62.1147934301013,32.5321773264679,5.));
#4597=CARTESIAN_POINT('',(57.8852065698985,37.4678226735324,5.));
#4598=CARTESIAN_POINT('Origin',(59.9999999999999,35.0000000000001,5.));
#4599=CARTESIAN_POINT('Origin',(59.9999999999999,35.0000000000001,5.));
#4600=CARTESIAN_POINT('',(56.7499999999999,35.0000000000001,10.));
#4601=CARTESIAN_POINT('',(56.7499999999999,35.0000000000001,5.));
#4602=CARTESIAN_POINT('Origin',(59.9999999999999,35.0000000000001,10.));
#4603=CARTESIAN_POINT('Origin',(59.9999999999999,35.0000000000001,5.));
#4604=CARTESIAN_POINT('Origin',(60.,35.0000000000002,5.));
#4605=CARTESIAN_POINT('Origin',(60.,35.0000000000002,5.));
#4606=CARTESIAN_POINT('Origin',(164.852582800919,124.853114494309,5.));
#4607=CARTESIAN_POINT('',(164.082171818556,119.912824328919,5.));
#4608=CARTESIAN_POINT('',(159.852584958354,124.848469675984,5.));
#4609=CARTESIAN_POINT('Ctrl Pts',(164.082171818556,119.912824328919,5.));
#4610=CARTESIAN_POINT('Ctrl Pts',(164.082171818556,119.912824328919,5.42599789162375));
#4611=CARTESIAN_POINT('Ctrl Pts',(163.96500864865,119.928093409537,5.86524951065318));
#4612=CARTESIAN_POINT('Ctrl Pts',(163.557382828812,120.019267964337,6.65895363988999));
#4613=CARTESIAN_POINT('Ctrl Pts',(163.27133677675,120.099051590344,7.01521699386134));
#4614=CARTESIAN_POINT('Ctrl Pts',(162.683714763559,120.336974921195,7.57824830565033));
#4615=CARTESIAN_POINT('Ctrl Pts',(162.338759285356,120.511388227886,7.82679249681875));
#4616=CARTESIAN_POINT('Ctrl Pts',(161.661691180482,120.981666878665,8.16297438792198));
#4617=CARTESIAN_POINT('Ctrl Pts',(161.330457798938,121.279233493207,8.25));
#4618=CARTESIAN_POINT('Ctrl Pts',(160.781407268956,121.919938787407,8.25000000000001));
#4619=CARTESIAN_POINT('Ctrl Pts',(160.538084834986,122.292840431633,8.16297438792199));
#4620=CARTESIAN_POINT('Ctrl Pts',(160.177057757868,123.033949517804,7.82679249681874));
#4621=CARTESIAN_POINT('Ctrl Pts',(160.057537249062,123.401548662889,7.57824830565031));
#4622=CARTESIAN_POINT('Ctrl Pts',(159.912423927414,124.018678524126,7.01521699386132));
#4623=CARTESIAN_POINT('Ctrl Pts',(159.877393720758,124.313569445487,6.65895363988999));
#4624=CARTESIAN_POINT('Ctrl Pts',(159.849728664958,124.730350266937,5.86524951065321));
#4625=CARTESIAN_POINT('Ctrl Pts',(159.852584958354,124.848469675984,5.42599789162375));
#4626=CARTESIAN_POINT('Ctrl Pts',(159.852584958354,124.848469675984,5.));
#4627=CARTESIAN_POINT('Ctrl Pts',(159.852584958354,124.848469675984,5.));
#4628=CARTESIAN_POINT('Ctrl Pts',(159.852584958354,124.848469675984,4.57400210837625));
#4629=CARTESIAN_POINT('Ctrl Pts',(159.849728664958,124.730350266937,4.13475048934679));
#4630=CARTESIAN_POINT('Ctrl Pts',(159.877393720758,124.313569445487,3.34104636011001));
#4631=CARTESIAN_POINT('Ctrl Pts',(159.912423927414,124.018678524126,2.98478300613868));
#4632=CARTESIAN_POINT('Ctrl Pts',(160.057537249062,123.401548662889,2.42175169434969));
#4633=CARTESIAN_POINT('Ctrl Pts',(160.177057757868,123.033949517804,2.17320750318126));
#4634=CARTESIAN_POINT('Ctrl Pts',(160.538084834986,122.292840431633,1.83702561207801));
#4635=CARTESIAN_POINT('Ctrl Pts',(160.781407268956,121.919938787407,1.74999999999999));
#4636=CARTESIAN_POINT('Ctrl Pts',(161.330457798938,121.279233493207,1.75));
#4637=CARTESIAN_POINT('Ctrl Pts',(161.661691180482,120.981666878665,1.83702561207802));
#4638=CARTESIAN_POINT('Ctrl Pts',(162.338759285356,120.511388227886,2.17320750318125));
#4639=CARTESIAN_POINT('Ctrl Pts',(162.683714763559,120.336974921195,2.42175169434967));
#4640=CARTESIAN_POINT('Ctrl Pts',(163.27133677675,120.099051590344,2.98478300613866));
#4641=CARTESIAN_POINT('Ctrl Pts',(163.557382828812,120.019267964337,3.34104636011001));
#4642=CARTESIAN_POINT('Ctrl Pts',(163.96500864865,119.928093409537,4.13475048934682));
#4643=CARTESIAN_POINT('Ctrl Pts',(164.082171818556,119.912824328919,4.57400210837625));
#4644=CARTESIAN_POINT('Ctrl Pts',(164.082171818556,119.912824328919,5.));
#4645=CARTESIAN_POINT('',(162.737789370818,127.320937167842,5.));
#4646=CARTESIAN_POINT('Origin',(60.,-35.,1.8));
#4647=CARTESIAN_POINT('',(59.6304702135432,-35.4312165777439,1.8));
#4648=CARTESIAN_POINT('',(62.0603263844057,-37.5134747243053,1.8));
#4649=CARTESIAN_POINT('',(164.483053014463,-125.284331072053,1.8));
#4650=CARTESIAN_POINT('',(60.3695297864568,-34.568783422256,1.8));
#4651=CARTESIAN_POINT('',(60.,-35.,1.8));
#4652=CARTESIAN_POINT('',(62.7993859573194,-36.6510415688174,1.8));
#4653=CARTESIAN_POINT('',(165.222112587377,-124.421897916565,1.8));
#4654=CARTESIAN_POINT('',(56.75,-35.,1.8));
#4655=CARTESIAN_POINT('Origin',(60.,-35.,1.8));
#4656=CARTESIAN_POINT('Origin',(60.,-35.,1.8));
#4657=CARTESIAN_POINT('Origin',(60.,-35.,5.));
#4658=CARTESIAN_POINT('',(57.8852065698986,-37.4678226735323,5.));
#4659=CARTESIAN_POINT('',(62.1147934301014,-32.5321773264677,5.));
#4660=CARTESIAN_POINT('Origin',(60.,-35.,5.));
#4661=CARTESIAN_POINT('Origin',(60.,-35.,5.));
#4662=CARTESIAN_POINT('',(56.75,-35.,10.));
#4663=CARTESIAN_POINT('',(56.75,-35.,5.));
#4664=CARTESIAN_POINT('Origin',(60.,-35.,10.));
#4665=CARTESIAN_POINT('Origin',(60.,-35.,5.));
#4666=CARTESIAN_POINT('Origin',(60.,-35.,5.));
#4667=CARTESIAN_POINT('Origin',(60.,-35.,5.));
#4668=CARTESIAN_POINT('Origin',(164.85258280092,-124.853114494309,5.));
#4669=CARTESIAN_POINT('',(159.852584958354,-124.848469675983,5.));
#4670=CARTESIAN_POINT('',(164.082171818557,-119.912824328918,5.));
#4671=CARTESIAN_POINT('Ctrl Pts',(159.852584958354,-124.848469675983,5.));
#4672=CARTESIAN_POINT('Ctrl Pts',(159.852584958354,-124.848469675983,5.42599789162375));
#4673=CARTESIAN_POINT('Ctrl Pts',(159.849728664958,-124.730350266937,5.86524951065319));
#4674=CARTESIAN_POINT('Ctrl Pts',(159.877393720758,-124.313569445486,6.65895363988999));
#4675=CARTESIAN_POINT('Ctrl Pts',(159.912423927414,-124.018678524125,7.01521699386133));
#4676=CARTESIAN_POINT('Ctrl Pts',(160.057537249062,-123.401548662889,7.57824830565033));
#4677=CARTESIAN_POINT('Ctrl Pts',(160.177057757868,-123.033949517803,7.82679249681875));
#4678=CARTESIAN_POINT('Ctrl Pts',(160.538084834986,-122.292840431633,8.16297438792198));
#4679=CARTESIAN_POINT('Ctrl Pts',(160.781407268956,-121.919938787407,8.25));
#4680=CARTESIAN_POINT('Ctrl Pts',(161.330457798938,-121.279233493207,8.25));
#4681=CARTESIAN_POINT('Ctrl Pts',(161.661691180482,-120.981666878664,8.162974387922));
#4682=CARTESIAN_POINT('Ctrl Pts',(162.338759285357,-120.511388227886,7.82679249681876));
#4683=CARTESIAN_POINT('Ctrl Pts',(162.683714763559,-120.336974921194,7.57824830565033));
#4684=CARTESIAN_POINT('Ctrl Pts',(163.27133677675,-120.099051590344,7.01521699386133));
#4685=CARTESIAN_POINT('Ctrl Pts',(163.557382828813,-120.019267964337,6.65895363988999));
#4686=CARTESIAN_POINT('Ctrl Pts',(163.965008648651,-119.928093409537,5.86524951065321));
#4687=CARTESIAN_POINT('Ctrl Pts',(164.082171818557,-119.912824328918,5.42599789162375));
#4688=CARTESIAN_POINT('Ctrl Pts',(164.082171818557,-119.912824328918,5.));
#4689=CARTESIAN_POINT('Ctrl Pts',(164.082171818557,-119.912824328918,5.));
#4690=CARTESIAN_POINT('Ctrl Pts',(164.082171818557,-119.912824328918,4.57400210837625));
#4691=CARTESIAN_POINT('Ctrl Pts',(163.965008648651,-119.928093409537,4.13475048934679));
#4692=CARTESIAN_POINT('Ctrl Pts',(163.557382828813,-120.019267964337,3.34104636011001));
#4693=CARTESIAN_POINT('Ctrl Pts',(163.27133677675,-120.099051590344,2.98478300613867));
#4694=CARTESIAN_POINT('Ctrl Pts',(162.683714763559,-120.336974921194,2.42175169434967));
#4695=CARTESIAN_POINT('Ctrl Pts',(162.338759285357,-120.511388227886,2.17320750318124));
#4696=CARTESIAN_POINT('Ctrl Pts',(161.661691180482,-120.981666878664,1.837025612078));
#4697=CARTESIAN_POINT('Ctrl Pts',(161.330457798938,-121.279233493207,1.75));
#4698=CARTESIAN_POINT('Ctrl Pts',(160.781407268956,-121.919938787407,1.75));
#4699=CARTESIAN_POINT('Ctrl Pts',(160.538084834986,-122.292840431633,1.83702561207802));
#4700=CARTESIAN_POINT('Ctrl Pts',(160.177057757868,-123.033949517803,2.17320750318125));
#4701=CARTESIAN_POINT('Ctrl Pts',(160.057537249062,-123.401548662889,2.42175169434967));
#4702=CARTESIAN_POINT('Ctrl Pts',(159.912423927414,-124.018678524125,2.98478300613867));
#4703=CARTESIAN_POINT('Ctrl Pts',(159.877393720758,-124.313569445486,3.34104636011001));
#4704=CARTESIAN_POINT('Ctrl Pts',(159.849728664958,-124.730350266937,4.13475048934681));
#4705=CARTESIAN_POINT('Ctrl Pts',(159.852584958354,-124.848469675983,4.57400210837625));
#4706=CARTESIAN_POINT('Ctrl Pts',(159.852584958354,-124.848469675983,5.));
#4707=CARTESIAN_POINT('',(166.967376231021,-122.385291820777,5.));
#4708=CARTESIAN_POINT('Origin',(-60.,-30.,5.));
#4709=CARTESIAN_POINT('',(-60.5194996016083,-29.7706091459347,1.8));
#4710=CARTESIAN_POINT('',(-59.4805003983917,-30.2293908540653,1.8));
#4711=CARTESIAN_POINT('',(-60.,-30.,1.8));
#4712=CARTESIAN_POINT('Origin',(-60.,-30.,5.));
#4713=CARTESIAN_POINT('Origin',(-108.472172487501,-139.774534817242,5.));
#4714=CARTESIAN_POINT('',(-108.472172487501,-139.774534817242,1.75));
#4715=CARTESIAN_POINT('',(-111.210941634491,-137.931149502906,5.));
#4716=CARTESIAN_POINT('Origin',(-108.472172487501,-139.774534817242,5.));
#4717=CARTESIAN_POINT('',(-120.735372245644,-147.772551059528,5.));
#4718=CARTESIAN_POINT('',(-110.807570909966,-137.51435468983,5.));
#4719=CARTESIAN_POINT('',(-116.064575400714,-152.292911314353,5.));
#4720=CARTESIAN_POINT('Ctrl Pts',(-116.064575400714,-152.292911314353,5.));
#4721=CARTESIAN_POINT('Ctrl Pts',(-116.064575400714,-152.292911314353,4.57400210837625));
#4722=CARTESIAN_POINT('Ctrl Pts',(-116.072730294279,-152.175039133936,4.13475048934679));
#4723=CARTESIAN_POINT('Ctrl Pts',(-116.13908401163,-151.762645156488,3.34104636011));
#4724=CARTESIAN_POINT('Ctrl Pts',(-116.201421011105,-151.47229731445,2.98478300613867));
#4725=CARTESIAN_POINT('Ctrl Pts',(-116.403368366517,-150.871361038801,2.42175169434968));
#4726=CARTESIAN_POINT('Ctrl Pts',(-116.556598862997,-150.516488246886,2.17320750318125));
#4727=CARTESIAN_POINT('Ctrl Pts',(-116.985066309658,-149.812216370997,1.83702561207801));
#4728=CARTESIAN_POINT('Ctrl Pts',(-117.262054594071,-149.463592026698,1.75));
#4729=CARTESIAN_POINT('Ctrl Pts',(-117.868379412052,-148.876795662028,1.75));
#4730=CARTESIAN_POINT('Ctrl Pts',(-118.22588181882,-148.611364932281,1.83702561207802));
#4731=CARTESIAN_POINT('Ctrl Pts',(-118.943798608031,-148.206175209081,2.17320750318126));
#4732=CARTESIAN_POINT('Ctrl Pts',(-119.303495980482,-148.064640465133,2.42175169434968));
#4733=CARTESIAN_POINT('Ctrl Pts',(-119.910719355747,-147.882467705695,2.98478300613867));
#4734=CARTESIAN_POINT('Ctrl Pts',(-120.202951732851,-147.829666108638,3.34104636011002));
#4735=CARTESIAN_POINT('Ctrl Pts',(-120.617296323811,-147.776844064154,4.13475048934681));
#4736=CARTESIAN_POINT('Ctrl Pts',(-120.735372245644,-147.772551059528,4.57400210837625));
#4737=CARTESIAN_POINT('Ctrl Pts',(-120.735372245644,-147.772551059528,5.));
#4738=CARTESIAN_POINT('Ctrl Pts',(-120.735372245644,-147.772551059528,5.));
#4739=CARTESIAN_POINT('Ctrl Pts',(-120.735372245644,-147.772551059528,5.42599789162375));
#4740=CARTESIAN_POINT('Ctrl Pts',(-120.617296323811,-147.776844064154,5.86524951065319));
#4741=CARTESIAN_POINT('Ctrl Pts',(-120.202951732851,-147.829666108638,6.65895363988998));
#4742=CARTESIAN_POINT('Ctrl Pts',(-119.910719355747,-147.882467705695,7.01521699386133));
#4743=CARTESIAN_POINT('Ctrl Pts',(-119.303495980482,-148.064640465133,7.57824830565032));
#4744=CARTESIAN_POINT('Ctrl Pts',(-118.943798608031,-148.206175209081,7.82679249681874));
#4745=CARTESIAN_POINT('Ctrl Pts',(-118.22588181882,-148.611364932281,8.16297438792198));
#4746=CARTESIAN_POINT('Ctrl Pts',(-117.868379412052,-148.876795662028,8.25));
#4747=CARTESIAN_POINT('Ctrl Pts',(-117.262054594071,-149.463592026698,8.25));
#4748=CARTESIAN_POINT('Ctrl Pts',(-116.985066309658,-149.812216370997,8.16297438792198));
#4749=CARTESIAN_POINT('Ctrl Pts',(-116.556598862997,-150.516488246886,7.82679249681874));
#4750=CARTESIAN_POINT('Ctrl Pts',(-116.403368366517,-150.871361038801,7.57824830565033));
#4751=CARTESIAN_POINT('Ctrl Pts',(-116.201421011105,-151.47229731445,7.01521699386133));
#4752=CARTESIAN_POINT('Ctrl Pts',(-116.13908401163,-151.762645156488,6.65895363989));
#4753=CARTESIAN_POINT('Ctrl Pts',(-116.072730294279,-152.175039133936,5.8652495106532));
#4754=CARTESIAN_POINT('Ctrl Pts',(-116.064575400714,-152.292911314353,5.42599789162375));
#4755=CARTESIAN_POINT('Ctrl Pts',(-116.064575400714,-152.292911314353,5.));
#4756=CARTESIAN_POINT('',(-108.472172487501,-139.774534817242,8.25));
#4757=CARTESIAN_POINT('Origin',(-108.472172487501,-139.774534817242,5.));
#4758=CARTESIAN_POINT('Origin',(-108.472172487501,-139.774534817242,5.));
#4759=CARTESIAN_POINT('Origin',(-60.,-30.,5.));
#4760=CARTESIAN_POINT('',(-61.8120908679417,-32.6979300743945,1.8));
#4761=CARTESIAN_POINT('',(-60.5194996016083,-29.7706091459347,1.8));
#4762=CARTESIAN_POINT('Origin',(-60.,-30.,5.));
#4763=CARTESIAN_POINT('',(-62.973060317967,-28.6872119951302,5.));
#4764=CARTESIAN_POINT('',(-59.4805003983917,-30.2293908540653,1.8));
#4765=CARTESIAN_POINT('Origin',(-60.,-30.,1.8));
#4766=CARTESIAN_POINT('Origin',(-60.,-30.,1.8));
#4767=CARTESIAN_POINT('Origin',(-60.,-30.,5.));
#4768=CARTESIAN_POINT('Origin',(39.8839994142011,10.22,0.));
#4769=CARTESIAN_POINT('',(39.0339994142011,10.22,0.));
#4770=CARTESIAN_POINT('Origin',(39.8839994142011,10.22,0.));
#4771=CARTESIAN_POINT('',(39.0339994142011,10.22,10.));
#4772=CARTESIAN_POINT('',(39.0339994142011,10.22,0.));
#4773=CARTESIAN_POINT('Origin',(39.8839994142011,10.22,10.));
#4774=CARTESIAN_POINT('Origin',(39.8839994142011,-10.22,0.));
#4775=CARTESIAN_POINT('',(39.0339994142011,-10.22,0.));
#4776=CARTESIAN_POINT('Origin',(39.8839994142011,-10.22,0.));
#4777=CARTESIAN_POINT('',(39.0339994142011,-10.22,10.));
#4778=CARTESIAN_POINT('',(39.0339994142011,-10.22,0.));
#4779=CARTESIAN_POINT('Origin',(39.8839994142011,-10.22,10.));
#4780=CARTESIAN_POINT('Origin',(37.8839994142011,7.25,0.));
#4781=CARTESIAN_POINT('',(37.8839994142011,7.25,0.));
#4782=CARTESIAN_POINT('',(37.8839994142011,-7.25,0.));
#4783=CARTESIAN_POINT('',(37.8839994142011,3.625,0.));
#4784=CARTESIAN_POINT('',(37.8839994142011,7.25,10.));
#4785=CARTESIAN_POINT('',(37.8839994142011,7.25,0.));
#4786=CARTESIAN_POINT('',(37.8839994142011,-7.25,10.));
#4787=CARTESIAN_POINT('',(37.8839994142011,3.625,10.));
#4788=CARTESIAN_POINT('',(37.8839994142011,-7.25,0.));
#4789=CARTESIAN_POINT('Origin',(39.8839994142011,7.25,0.));
#4790=CARTESIAN_POINT('',(41.8839994142011,7.25,0.));
#4791=CARTESIAN_POINT('Origin',(39.8839994142011,7.25,0.));
#4792=CARTESIAN_POINT('',(41.8839994142011,7.25,10.));
#4793=CARTESIAN_POINT('',(41.8839994142011,7.25,0.));
#4794=CARTESIAN_POINT('Origin',(39.8839994142011,7.25,10.));
#4795=CARTESIAN_POINT('Origin',(41.8839994142011,-7.25,0.));
#4796=CARTESIAN_POINT('',(41.8839994142011,-7.25,0.));
#4797=CARTESIAN_POINT('',(41.8839994142011,-3.625,0.));
#4798=CARTESIAN_POINT('',(41.8839994142011,-7.25,10.));
#4799=CARTESIAN_POINT('',(41.8839994142011,-7.25,0.));
#4800=CARTESIAN_POINT('',(41.8839994142011,-3.625,10.));
#4801=CARTESIAN_POINT('Origin',(39.8839994142011,-7.25,0.));
#4802=CARTESIAN_POINT('Origin',(39.8839994142011,-7.25,0.));
#4803=CARTESIAN_POINT('Origin',(39.8839994142011,-7.25,10.));
#4804=CARTESIAN_POINT('Origin',(164.85258280092,-124.853114494309,2.));
#4805=CARTESIAN_POINT('',(149.145140707776,-131.35513440281,2.));
#4806=CARTESIAN_POINT('',(150.835172296556,-130.192796390467,0.));
#4807=CARTESIAN_POINT('Ctrl Pts',(150.835172296556,-130.192796390467,0.));
#4808=CARTESIAN_POINT('Ctrl Pts',(150.83332147789,-130.19404937348,-1.25468475374264E-16));
#4809=CARTESIAN_POINT('Ctrl Pts',(150.831470692283,-130.195302403214,3.54997344903385E-6));
#4810=CARTESIAN_POINT('Ctrl Pts',(150.711676035675,-130.276410954793,0.000463121466070219));
#4811=CARTESIAN_POINT('Ctrl Pts',(150.594159404037,-130.356260371641,0.0153322927161399));
#4812=CARTESIAN_POINT('Ctrl Pts',(150.364062813671,-130.513116403287,0.0735039082841644));
#4813=CARTESIAN_POINT('Ctrl Pts',(150.25199030088,-130.589775117645,0.116599219342666));
#4814=CARTESIAN_POINT('Ctrl Pts',(149.9446215635,-130.800621183454,0.278522060085962));
#4815=CARTESIAN_POINT('Ctrl Pts',(149.763419217855,-130.925684689039,0.429202050388357));
#4816=CARTESIAN_POINT('Ctrl Pts',(149.46303255621,-131.133706681681,0.802141305883745));
#4817=CARTESIAN_POINT('Ctrl Pts',(149.34531258923,-131.215612467383,1.01906789190531));
#4818=CARTESIAN_POINT('Ctrl Pts',(149.185973929296,-131.326606917434,1.49336117000062));
#4819=CARTESIAN_POINT('Ctrl Pts',(149.145140707776,-131.35513440281,1.74530268703818));
#4820=CARTESIAN_POINT('Ctrl Pts',(149.145140707776,-131.35513440281,2.));
#4821=CARTESIAN_POINT('',(169.083950764678,-110.462300578645,0.));
#4822=CARTESIAN_POINT('Origin',(164.85258280092,-124.853114494309,0.));
#4823=CARTESIAN_POINT('',(170.246587238976,-108.731553896084,2.));
#4824=CARTESIAN_POINT('Ctrl Pts',(170.246587238976,-108.731553896084,2.));
#4825=CARTESIAN_POINT('Ctrl Pts',(170.246587238976,-108.731553896084,1.74894890968737));
#4826=CARTESIAN_POINT('Ctrl Pts',(170.218801515019,-108.772080906778,1.50080805366726));
#4827=CARTESIAN_POINT('Ctrl Pts',(170.110560631085,-108.93053938427,1.03142897793158));
#4828=CARTESIAN_POINT('Ctrl Pts',(170.030343847029,-109.048150395895,0.816091034926621));
#4829=CARTESIAN_POINT('Ctrl Pts',(169.825559769941,-109.350189662997,0.441930699115146));
#4830=CARTESIAN_POINT('Ctrl Pts',(169.70144130097,-109.534050734348,0.289528072994728));
#4831=CARTESIAN_POINT('Ctrl Pts',(169.490226024729,-109.849416221405,0.122574240710387));
#4832=CARTESIAN_POINT('Ctrl Pts',(169.411773428516,-109.96700145429,0.0772743819571649));
#4833=CARTESIAN_POINT('Ctrl Pts',(169.251186219091,-110.20878441505,0.0160894893248469));
#4834=CARTESIAN_POINT('Ctrl Pts',(169.169374922739,-110.332501468767,0.000467938064882169));
#4835=CARTESIAN_POINT('Ctrl Pts',(169.086416617128,-110.458553410828,3.45174037148049E-6));
#4836=CARTESIAN_POINT('Ctrl Pts',(169.085183660521,-110.460426974165,3.82395799309561E-17));
#4837=CARTESIAN_POINT('Ctrl Pts',(169.083950764678,-110.462300578644,0.));
#4838=CARTESIAN_POINT('Origin',(164.85258280092,-124.853114494309,2.));
#4839=CARTESIAN_POINT('Origin',(21.9050828009198,0.,0.));
#4840=CARTESIAN_POINT('',(89.0628330829512,-14.0506717710588,0.));
#4841=CARTESIAN_POINT('',(111.736002001317,-41.3679251283975,0.));
#4842=CARTESIAN_POINT('',(59.9698949230394,-46.4669620455153,0.));
#4843=CARTESIAN_POINT('',(38.0987564178025,-26.3142769676105,0.));
#4844=CARTESIAN_POINT('',(38.2858887287776,-38.,0.));
#4845=CARTESIAN_POINT('Origin',(38.2858887287775,-70.0000000000001,0.));
#4846=CARTESIAN_POINT('',(-32.9150744366117,-38.,0.));
#4847=CARTESIAN_POINT('',(-5.50499581784596,-38.,0.));
#4848=CARTESIAN_POINT('',(-52.3909897943611,-49.7682493688627,0.));
#4849=CARTESIAN_POINT('Origin',(-32.9150744366116,-60.,0.));
#4850=CARTESIAN_POINT('',(-106.06523763738,-151.936015723554,0.));
#4851=CARTESIAN_POINT('',(-60.8235934261241,-65.8195274441778,0.));
#4852=CARTESIAN_POINT('',(-130.881564928297,-141.440960460617,0.));
#4853=CARTESIAN_POINT('Origin',(-121.04241719908,-152.763114494309,0.));
#4854=CARTESIAN_POINT('',(-85.9221478657645,-11.4716137813764,0.));
#4855=CARTESIAN_POINT('',(-78.3880875895869,10.3079589069191,0.));
#4856=CARTESIAN_POINT('',(-85.2627889225052,-7.54862252186947,0.));
#4857=CARTESIAN_POINT('Origin',(-97.2627889225052,-7.54862252186945,0.));
#4858=CARTESIAN_POINT('',(-85.2627889225052,7.54862252186952,0.));
#4859=CARTESIAN_POINT('',(-85.2627889225052,3.77431126093475,0.));
#4860=CARTESIAN_POINT('',(-85.9221478657645,11.4716137813764,0.));
#4861=CARTESIAN_POINT('Origin',(-97.2627889225055,7.54862252186944,0.));
#4862=CARTESIAN_POINT('',(-130.881564928297,141.440960460617,0.));
#4863=CARTESIAN_POINT('',(-100.78333783968,54.4325611864413,0.));
#4864=CARTESIAN_POINT('',(-106.06523763738,151.936015723554,0.));
#4865=CARTESIAN_POINT('Origin',(-121.04241719908,152.763114494309,0.));
#4866=CARTESIAN_POINT('',(-52.3909897943611,49.7682493688627,0.));
#4867=CARTESIAN_POINT('',(-34.1106027073615,14.9719291253026,0.));
#4868=CARTESIAN_POINT('',(-32.9150744366116,38.,0.));
#4869=CARTESIAN_POINT('Origin',(-32.9150744366116,60.,0.));
#4870=CARTESIAN_POINT('',(38.2858887287776,38.,0.));
#4871=CARTESIAN_POINT('',(30.0954857648487,38.,0.));
#4872=CARTESIAN_POINT('',(59.9698949230393,46.4669620455153,0.));
#4873=CARTESIAN_POINT('Origin',(38.2858887287776,69.9999999999999,0.));
#4874=CARTESIAN_POINT('',(150.835172296556,130.192796390467,0.));
#4875=CARTESIAN_POINT('',(83.3640045037416,68.0229557101801,0.));
#4876=CARTESIAN_POINT('',(169.083950764678,110.462300578645,0.));
#4877=CARTESIAN_POINT('Origin',(164.85258280092,124.853114494309,0.));
#4878=CARTESIAN_POINT('',(89.0628330829513,14.050671771059,0.));
#4879=CARTESIAN_POINT('',(71.9136082515997,-6.61118283279974,0.));
#4880=CARTESIAN_POINT('Origin',(105.991466305453,1.11022302462516E-14,0.));
#4881=CARTESIAN_POINT('',(-113.14241719908,153.06151192727,0.));
#4882=CARTESIAN_POINT('Origin',(-111.54241719908,153.06151192727,0.));
#4883=CARTESIAN_POINT('',(153.752813742386,125.111571453977,0.));
#4884=CARTESIAN_POINT('Origin',(155.352813742386,125.111571453977,0.));
#4885=CARTESIAN_POINT('',(172.752813742386,124.594657534641,0.));
#4886=CARTESIAN_POINT('Origin',(174.352813742386,124.594657534641,0.));
#4887=CARTESIAN_POINT('',(-132.137729672717,-152.464717061348,0.));
#4888=CARTESIAN_POINT('Origin',(-130.537729672717,-152.464717061348,0.));
#4889=CARTESIAN_POINT('',(-122.938544505229,162.263114494309,0.));
#4890=CARTESIAN_POINT('Origin',(-121.338544505228,162.263114494309,0.));
#4891=CARTESIAN_POINT('',(162.994356782718,115.353114494309,0.));
#4892=CARTESIAN_POINT('Origin',(164.594356782718,115.353114494309,0.));
#4893=CARTESIAN_POINT('',(-126.04241719908,152.763114494309,0.));
#4894=CARTESIAN_POINT('Origin',(-121.04241719908,152.763114494309,0.));
#4895=CARTESIAN_POINT('',(-132.137729672717,152.464717061348,0.));
#4896=CARTESIAN_POINT('Origin',(-130.537729672717,152.464717061348,0.));
#4897=CARTESIAN_POINT('',(-76.6,35.,0.));
#4898=CARTESIAN_POINT('Origin',(-75.,35.,0.));
#4899=CARTESIAN_POINT('',(168.099923775662,121.051170702804,0.));
#4900=CARTESIAN_POINT('',(168.099940214599,121.051184743798,0.));
#4901=CARTESIAN_POINT('Origin',(164.85258280092,124.853114494309,0.));
#4902=CARTESIAN_POINT('',(174.84983169944,114.277668585435,0.));
#4903=CARTESIAN_POINT('',(153.673671012747,135.527850198102,0.));
#4904=CARTESIAN_POINT('',(153.993646830543,135.206850266139,0.));
#4905=CARTESIAN_POINT('',(-126.04241719908,-152.763114494309,0.));
#4906=CARTESIAN_POINT('Origin',(-121.04241719908,-152.763114494309,0.));
#4907=CARTESIAN_POINT('',(-122.341602366569,143.263114494309,0.));
#4908=CARTESIAN_POINT('Origin',(-120.741602366569,143.263114494309,0.));
#4909=CARTESIAN_POINT('',(153.752813742386,-125.111571453977,0.));
#4910=CARTESIAN_POINT('Origin',(155.352813742386,-125.111571453977,0.));
#4911=CARTESIAN_POINT('',(159.85258280092,-124.853114494309,0.));
#4912=CARTESIAN_POINT('Origin',(164.85258280092,-124.853114494309,0.));
#4913=CARTESIAN_POINT('',(162.994356782718,-115.353114494309,0.));
#4914=CARTESIAN_POINT('Origin',(164.594356782718,-115.353114494309,0.));
#4915=CARTESIAN_POINT('',(172.752813742386,-124.594657534641,0.));
#4916=CARTESIAN_POINT('Origin',(174.352813742386,-124.594657534641,0.));
#4917=CARTESIAN_POINT('',(163.511270702053,134.353114494309,0.));
#4918=CARTESIAN_POINT('Origin',(165.111270702053,134.353114494309,0.));
#4919=CARTESIAN_POINT('',(73.4,-35.,0.));
#4920=CARTESIAN_POINT('Origin',(75.,-35.,0.));
#4921=CARTESIAN_POINT('',(-122.938544505229,-162.263114494309,0.));
#4922=CARTESIAN_POINT('Origin',(-121.338544505228,-162.263114494309,0.));
#4923=CARTESIAN_POINT('',(163.511270702053,-134.353114494309,0.));
#4924=CARTESIAN_POINT('Origin',(165.111270702053,-134.353114494309,0.));
#4925=CARTESIAN_POINT('',(-113.14241719908,-153.06151192727,0.));
#4926=CARTESIAN_POINT('Origin',(-111.54241719908,-153.06151192727,0.));
#4927=CARTESIAN_POINT('',(73.4,35.,0.));
#4928=CARTESIAN_POINT('Origin',(75.,35.,0.));
#4929=CARTESIAN_POINT('',(-76.6,-35.,0.));
#4930=CARTESIAN_POINT('Origin',(-75.,-35.,0.));
#4931=CARTESIAN_POINT('',(-122.341602366569,-143.263114494309,0.));
#4932=CARTESIAN_POINT('Origin',(-120.741602366569,-143.263114494309,0.));
#4933=CARTESIAN_POINT('Origin',(164.85258280092,-124.853114494309,8.));
#4934=CARTESIAN_POINT('',(150.835172296556,-130.192796390467,10.));
#4935=CARTESIAN_POINT('',(149.145140707776,-131.35513440281,8.));
#4936=CARTESIAN_POINT('Ctrl Pts',(149.145140707776,-131.35513440281,8.));
#4937=CARTESIAN_POINT('Ctrl Pts',(149.145140707776,-131.35513440281,8.25469731296186));
#4938=CARTESIAN_POINT('Ctrl Pts',(149.185973929296,-131.326606917434,8.50663882999944));
#4939=CARTESIAN_POINT('Ctrl Pts',(149.34531258923,-131.215612467383,8.98093210809471));
#4940=CARTESIAN_POINT('Ctrl Pts',(149.46303255621,-131.133706681681,9.19785869411628));
#4941=CARTESIAN_POINT('Ctrl Pts',(149.763419217855,-130.925684689039,9.57079794961164));
#4942=CARTESIAN_POINT('Ctrl Pts',(149.9446215635,-130.800621183454,9.72147793991404));
#4943=CARTESIAN_POINT('Ctrl Pts',(150.25199030088,-130.589775117645,9.88340078065733));
#4944=CARTESIAN_POINT('Ctrl Pts',(150.364062813671,-130.513116403287,9.92649609171583));
#4945=CARTESIAN_POINT('Ctrl Pts',(150.594159404041,-130.356260371638,9.98466770728495));
#4946=CARTESIAN_POINT('Ctrl Pts',(150.711676035695,-130.276410954772,9.99953687853401));
#4947=CARTESIAN_POINT('Ctrl Pts',(150.831470692282,-130.195302403215,9.99999645002655));
#4948=CARTESIAN_POINT('Ctrl Pts',(150.833321477891,-130.194049373479,10.));
#4949=CARTESIAN_POINT('Ctrl Pts',(150.835172296556,-130.192796390467,10.));
#4950=CARTESIAN_POINT('',(170.246587238976,-108.731553896084,8.));
#4951=CARTESIAN_POINT('Origin',(164.85258280092,-124.853114494309,8.));
#4952=CARTESIAN_POINT('',(169.083950764678,-110.462300578645,10.));
#4953=CARTESIAN_POINT('Ctrl Pts',(169.083950764678,-110.462300578645,10.));
#4954=CARTESIAN_POINT('Ctrl Pts',(169.085183660523,-110.460426974163,10.));
#4955=CARTESIAN_POINT('Ctrl Pts',(169.086416617125,-110.458553410831,9.99999654825964));
#4956=CARTESIAN_POINT('Ctrl Pts',(169.169374922796,-110.332501468699,9.99953206193486));
#4957=CARTESIAN_POINT('Ctrl Pts',(169.2511862191,-110.208784415037,9.98391051067168));
#4958=CARTESIAN_POINT('Ctrl Pts',(169.411773428516,-109.96700145429,9.92272561804284));
#4959=CARTESIAN_POINT('Ctrl Pts',(169.490226024729,-109.849416221405,9.87742575928962));
#4960=CARTESIAN_POINT('Ctrl Pts',(169.70144130097,-109.534050734348,9.71047192700525));
#4961=CARTESIAN_POINT('Ctrl Pts',(169.825559769941,-109.350189662997,9.55806930088483));
#4962=CARTESIAN_POINT('Ctrl Pts',(170.030343847029,-109.048150395895,9.18390896507341));
#4963=CARTESIAN_POINT('Ctrl Pts',(170.110560631086,-108.93053938427,8.96857102206844));
#4964=CARTESIAN_POINT('Ctrl Pts',(170.218801515019,-108.772080906778,8.49919194633271));
#4965=CARTESIAN_POINT('Ctrl Pts',(170.246587238976,-108.731553896084,8.25105109031261));
#4966=CARTESIAN_POINT('Ctrl Pts',(170.246587238976,-108.731553896084,8.));
#4967=CARTESIAN_POINT('Origin',(164.85258280092,-124.853114494309,10.));
#4968=CARTESIAN_POINT('Origin',(164.85258280092,-124.853114494309,0.));
#4969=CARTESIAN_POINT('',(170.246587238976,-108.731553896084,0.));
#4970=CARTESIAN_POINT('',(149.145140707776,-131.35513440281,0.));
#4971=CARTESIAN_POINT('Origin',(111.736002001317,-41.3679251283975,2.));
#4972=CARTESIAN_POINT('',(90.6017997395422,-12.7733379736898,2.));
#4973=CARTESIAN_POINT('Origin',(89.0628330829512,-14.0506717710588,2.));
#4974=CARTESIAN_POINT('',(113.274968657908,-40.0905913310285,2.));
#4975=CARTESIAN_POINT('Origin',(105.991466305453,1.11022302462516E-14,2.));
#4976=CARTESIAN_POINT('',(90.6017997395423,12.77333797369,2.));
#4977=CARTESIAN_POINT('Origin',(89.0628330829513,14.050671771059,2.));
#4978=CARTESIAN_POINT('Origin',(105.991466305453,1.11022302462516E-14,2.));
#4979=CARTESIAN_POINT('Origin',(71.9136082515997,-6.61118283279974,2.));
#4980=CARTESIAN_POINT('',(170.246587238976,108.731553896084,2.));
#4981=CARTESIAN_POINT('Ctrl Pts',(170.246587238976,108.731553896084,2.));
#4982=CARTESIAN_POINT('Ctrl Pts',(170.246587238976,108.731553896084,1.74897268668858));
#4983=CARTESIAN_POINT('Ctrl Pts',(170.218806779002,108.772073237317,1.50085478248048));
#4984=CARTESIAN_POINT('Ctrl Pts',(170.110604966891,108.930474441781,1.03159688616346));
#4985=CARTESIAN_POINT('Ctrl Pts',(170.030439542687,109.048010027215,0.816339529247746));
#4986=CARTESIAN_POINT('Ctrl Pts',(169.825814428018,109.349813259472,0.442319486449007));
#4987=CARTESIAN_POINT('Ctrl Pts',(169.701810986515,109.533502218455,0.289950799291112));
#4988=CARTESIAN_POINT('Ctrl Pts',(169.490660801588,109.848765144501,0.122845744746503));
#4989=CARTESIAN_POINT('Ctrl Pts',(169.412144543218,109.966444032721,0.077454622920874));
#4990=CARTESIAN_POINT('Ctrl Pts',(169.251466721939,110.208360749365,0.0161575113632998));
#4991=CARTESIAN_POINT('Ctrl Pts',(169.169630882899,110.332113647504,0.000497845230844473));
#4992=CARTESIAN_POINT('Ctrl Pts',(169.086569809669,110.458320624619,3.89393368041889E-6));
#4993=CARTESIAN_POINT('Ctrl Pts',(169.08526025292,110.460310578395,1.59512403572254E-16));
#4994=CARTESIAN_POINT('Ctrl Pts',(169.083950764678,110.462300578644,0.));
#4995=CARTESIAN_POINT('',(73.4525749081907,-7.88851663016873,2.));
#4996=CARTESIAN_POINT('Origin',(111.736002001317,-41.3679251283975,8.));
#4997=CARTESIAN_POINT('',(90.6017997395422,-12.7733379736898,8.));
#4998=CARTESIAN_POINT('',(89.0628330829512,-14.0506717710588,10.));
#4999=CARTESIAN_POINT('Origin',(89.0628330829512,-14.0506717710588,8.));
#5000=CARTESIAN_POINT('',(111.736002001317,-41.3679251283975,10.));
#5001=CARTESIAN_POINT('',(113.274968657908,-40.0905913310285,8.));
#5002=CARTESIAN_POINT('Origin',(105.991466305453,1.11022302462516E-14,8.));
#5003=CARTESIAN_POINT('',(90.6017997395423,12.77333797369,8.));
#5004=CARTESIAN_POINT('',(89.0628330829513,14.050671771059,10.));
#5005=CARTESIAN_POINT('Origin',(89.0628330829513,14.050671771059,8.));
#5006=CARTESIAN_POINT('Origin',(105.991466305453,1.11022302462516E-14,10.));
#5007=CARTESIAN_POINT('Origin',(105.991466305453,1.11022302462516E-14,8.));
#5008=CARTESIAN_POINT('Origin',(71.9136082515997,-6.61118283279974,8.));
#5009=CARTESIAN_POINT('',(170.246587238976,108.731553896084,8.));
#5010=CARTESIAN_POINT('',(169.083950764678,110.462300578645,10.));
#5011=CARTESIAN_POINT('Ctrl Pts',(169.083950764678,110.462300578644,10.));
#5012=CARTESIAN_POINT('Ctrl Pts',(169.085260252919,110.460310578397,10.));
#5013=CARTESIAN_POINT('Ctrl Pts',(169.086569809671,110.458320624617,9.99999610606631));
#5014=CARTESIAN_POINT('Ctrl Pts',(169.16963088286,110.332113647549,9.99950215476933));
#5015=CARTESIAN_POINT('Ctrl Pts',(169.251466721933,110.208360749374,9.98384248863901));
#5016=CARTESIAN_POINT('Ctrl Pts',(169.412144543218,109.966444032721,9.92254537707912));
#5017=CARTESIAN_POINT('Ctrl Pts',(169.490660801588,109.848765144501,9.87715425525349));
#5018=CARTESIAN_POINT('Ctrl Pts',(169.701810986515,109.533502218455,9.71004920070889));
#5019=CARTESIAN_POINT('Ctrl Pts',(169.825814428018,109.349813259472,9.557680513551));
#5020=CARTESIAN_POINT('Ctrl Pts',(170.030439542688,109.048010027215,9.18366047075215));
#5021=CARTESIAN_POINT('Ctrl Pts',(170.110604966891,108.930474441781,8.96840311383646));
#5022=CARTESIAN_POINT('Ctrl Pts',(170.218806779002,108.772073237317,8.49914521751962));
#5023=CARTESIAN_POINT('Ctrl Pts',(170.246587238976,108.731553896084,8.25102731331148));
#5024=CARTESIAN_POINT('Ctrl Pts',(170.246587238976,108.731553896084,8.));
#5025=CARTESIAN_POINT('',(71.9136082515997,-6.61118283279974,10.));
#5026=CARTESIAN_POINT('',(73.4525749081907,-7.88851663016873,8.));
#5027=CARTESIAN_POINT('Origin',(90.6017997395423,12.77333797369,0.));
#5028=CARTESIAN_POINT('',(170.246587238976,108.731553896084,0.));
#5029=CARTESIAN_POINT('',(90.6017997395423,12.77333797369,0.));
#5030=CARTESIAN_POINT('Origin',(105.991466305453,1.11022302462516E-14,0.));
#5031=CARTESIAN_POINT('',(90.6017997395422,-12.7733379736898,0.));
#5032=CARTESIAN_POINT('Origin',(170.246587238976,-108.731553896084,0.));
#5033=CARTESIAN_POINT('Origin',(164.85258280092,124.853114494309,2.));
#5034=CARTESIAN_POINT('',(149.145140707776,131.35513440281,2.));
#5035=CARTESIAN_POINT('Ctrl Pts',(149.145140707776,131.35513440281,2.));
#5036=CARTESIAN_POINT('Ctrl Pts',(149.145140707776,131.35513440281,1.7453026870382));
#5037=CARTESIAN_POINT('Ctrl Pts',(149.185973929296,131.326606917434,1.49336117000065));
#5038=CARTESIAN_POINT('Ctrl Pts',(149.34531258923,131.215612467383,1.01906789190532));
#5039=CARTESIAN_POINT('Ctrl Pts',(149.46303255621,131.133706681681,0.80214130588377));
#5040=CARTESIAN_POINT('Ctrl Pts',(149.763419217855,130.925684689039,0.429202050388215));
#5041=CARTESIAN_POINT('Ctrl Pts',(149.9446215635,130.800621183454,0.27852206008583));
#5042=CARTESIAN_POINT('Ctrl Pts',(150.25199030088,130.589775117644,0.116599219342565));
#5043=CARTESIAN_POINT('Ctrl Pts',(150.364062813671,130.513116403287,0.0735039082840971));
#5044=CARTESIAN_POINT('Ctrl Pts',(150.594159404044,130.356260371637,0.0153322927144559));
#5045=CARTESIAN_POINT('Ctrl Pts',(150.711676035706,130.276410954763,0.000463121465940132));
#5046=CARTESIAN_POINT('Ctrl Pts',(150.831470692283,130.195302403214,3.54997344936445E-6));
#5047=CARTESIAN_POINT('Ctrl Pts',(150.83332147789,130.19404937348,1.20904076927399E-16));
#5048=CARTESIAN_POINT('Ctrl Pts',(150.835172296556,130.192796390467,0.));
#5049=CARTESIAN_POINT('Origin',(164.85258280092,124.853114494309,2.));
#5050=CARTESIAN_POINT('Origin',(164.85258280092,124.853114494309,8.));
#5051=CARTESIAN_POINT('',(149.145140707776,131.35513440281,8.));
#5052=CARTESIAN_POINT('Origin',(164.85258280092,124.853114494309,8.));
#5053=CARTESIAN_POINT('',(150.835172296556,130.192796390467,10.));
#5054=CARTESIAN_POINT('Ctrl Pts',(150.835172296556,130.192796390467,10.));
#5055=CARTESIAN_POINT('Ctrl Pts',(150.833321477892,130.194049373478,10.));
#5056=CARTESIAN_POINT('Ctrl Pts',(150.831470692281,130.195302403217,9.99999645002654));
#5057=CARTESIAN_POINT('Ctrl Pts',(150.71167603576,130.276410954712,9.99953687853428));
#5058=CARTESIAN_POINT('Ctrl Pts',(150.594159404055,130.356260371629,9.98466770728842));
#5059=CARTESIAN_POINT('Ctrl Pts',(150.364062813671,130.513116403287,9.92649609171588));
#5060=CARTESIAN_POINT('Ctrl Pts',(150.25199030088,130.589775117644,9.88340078065741));
#5061=CARTESIAN_POINT('Ctrl Pts',(149.9446215635,130.800621183454,9.72147793991417));
#5062=CARTESIAN_POINT('Ctrl Pts',(149.763419217855,130.925684689039,9.57079794961179));
#5063=CARTESIAN_POINT('Ctrl Pts',(149.46303255621,131.133706681681,9.19785869411629));
#5064=CARTESIAN_POINT('Ctrl Pts',(149.34531258923,131.215612467383,8.98093210809472));
#5065=CARTESIAN_POINT('Ctrl Pts',(149.185973929296,131.326606917434,8.5066388299992));
#5066=CARTESIAN_POINT('Ctrl Pts',(149.145140707776,131.35513440281,8.25469731296172));
#5067=CARTESIAN_POINT('Ctrl Pts',(149.145140707776,131.35513440281,8.));
#5068=CARTESIAN_POINT('Origin',(164.85258280092,124.853114494309,10.));
#5069=CARTESIAN_POINT('Origin',(164.85258280092,124.853114494309,0.));
#5070=CARTESIAN_POINT('',(149.145140707776,131.35513440281,0.));
#5071=CARTESIAN_POINT('Origin',(-34.1106027073615,14.9719291253026,2.));
#5072=CARTESIAN_POINT('',(-50.6204520345657,50.6984085171479,2.));
#5073=CARTESIAN_POINT('Origin',(-52.3909897943611,49.7682493688627,2.));
#5074=CARTESIAN_POINT('',(-104.046433472091,152.393605154898,2.));
#5075=CARTESIAN_POINT('Ctrl Pts',(-104.046433472091,152.393605154898,2.));
#5076=CARTESIAN_POINT('Ctrl Pts',(-104.046433472091,152.393605154898,1.7473735763329));
#5077=CARTESIAN_POINT('Ctrl Pts',(-104.094538642205,152.38226556013,1.49759013815758));
#5078=CARTESIAN_POINT('Ctrl Pts',(-104.282297195973,152.338319024987,1.02617113983861));
#5079=CARTESIAN_POINT('Ctrl Pts',(-104.421293755249,152.305880245009,0.810213331299181));
#5080=CARTESIAN_POINT('Ctrl Pts',(-104.776797706787,152.22386300857,0.43671272178626));
#5081=CARTESIAN_POINT('Ctrl Pts',(-104.992136251326,152.174598513368,0.285091968652292));
#5082=CARTESIAN_POINT('Ctrl Pts',(-105.359340579022,152.091877004495,0.12021233092405));
#5083=CARTESIAN_POINT('Ctrl Pts',(-105.494961575877,152.061550714041,0.07580340218666));
#5084=CARTESIAN_POINT('Ctrl Pts',(-105.773340492557,151.999850506565,0.0158411479246098));
#5085=CARTESIAN_POINT('Ctrl Pts',(-105.915512110449,151.968608810161,0.000508454512329997));
#5086=CARTESIAN_POINT('Ctrl Pts',(-106.060471209606,151.937053070855,4.14539979562954E-6));
#5087=CARTESIAN_POINT('Ctrl Pts',(-106.062854414403,151.936534358667,4.71263698340727E-17));
#5088=CARTESIAN_POINT('Ctrl Pts',(-106.06523763738,151.936015723554,0.));
#5089=CARTESIAN_POINT('',(-32.3400649475661,15.9020882735878,2.));
#5090=CARTESIAN_POINT('Origin',(-32.9150744366116,60.,2.));
#5091=CARTESIAN_POINT('',(-32.9150744366116,40.,2.));
#5092=CARTESIAN_POINT('Origin',(-32.9150744366116,38.,2.));
#5093=CARTESIAN_POINT('Origin',(-32.9150744366116,60.,2.));
#5094=CARTESIAN_POINT('Origin',(30.0954857648487,38.,2.));
#5095=CARTESIAN_POINT('',(38.2858887287776,40.,2.));
#5096=CARTESIAN_POINT('Origin',(38.2858887287776,38.,2.));
#5097=CARTESIAN_POINT('',(30.0954857648487,40.,2.));
#5098=CARTESIAN_POINT('Origin',(38.2858887287776,69.9999999999999,2.));
#5099=CARTESIAN_POINT('',(58.614644535898,47.9377769176706,2.));
#5100=CARTESIAN_POINT('Origin',(59.9698949230393,46.4669620455153,2.));
#5101=CARTESIAN_POINT('Origin',(38.2858887287776,69.9999999999999,2.));
#5102=CARTESIAN_POINT('Origin',(83.3640045037416,68.0229557101801,2.));
#5103=CARTESIAN_POINT('',(82.0087541166003,69.4937705823354,2.));
#5104=CARTESIAN_POINT('Origin',(149.145140707776,131.35513440281,0.));
#5105=CARTESIAN_POINT('',(58.614644535898,47.9377769176706,8.));
#5106=CARTESIAN_POINT('',(58.614644535898,47.9377769176706,0.));
#5107=CARTESIAN_POINT('',(82.0087541166003,69.4937705823354,8.));
#5108=CARTESIAN_POINT('Origin',(38.2858887287776,69.9999999999999,0.));
#5109=CARTESIAN_POINT('',(38.2858887287776,40.,8.));
#5110=CARTESIAN_POINT('',(38.2858887287776,40.,0.));
#5111=CARTESIAN_POINT('Origin',(38.2858887287776,69.9999999999999,8.));
#5112=CARTESIAN_POINT('Origin',(38.2858887287776,40.,0.));
#5113=CARTESIAN_POINT('',(-32.9150744366116,40.,8.));
#5114=CARTESIAN_POINT('',(-32.9150744366116,40.,0.));
#5115=CARTESIAN_POINT('',(30.0954857648487,40.,8.));
#5116=CARTESIAN_POINT('Origin',(-32.9150744366116,60.,0.));
#5117=CARTESIAN_POINT('',(-50.6204520345657,50.6984085171479,8.));
#5118=CARTESIAN_POINT('',(-50.6204520345657,50.6984085171479,0.));
#5119=CARTESIAN_POINT('Origin',(-32.9150744366116,60.,8.));
#5120=CARTESIAN_POINT('Origin',(-50.6204520345657,50.6984085171479,0.));
#5121=CARTESIAN_POINT('',(-104.046433472091,152.393605154898,8.));
#5122=CARTESIAN_POINT('',(-104.046433472091,152.393605154898,0.));
#5123=CARTESIAN_POINT('',(-32.3400649475661,15.9020882735878,8.));
#5124=CARTESIAN_POINT('Origin',(83.3640045037416,68.0229557101801,8.));
#5125=CARTESIAN_POINT('',(59.9698949230393,46.4669620455153,10.));
#5126=CARTESIAN_POINT('Origin',(59.9698949230393,46.4669620455153,8.));
#5127=CARTESIAN_POINT('',(83.3640045037416,68.0229557101801,10.));
#5128=CARTESIAN_POINT('Origin',(38.2858887287776,69.9999999999999,8.));
#5129=CARTESIAN_POINT('',(38.2858887287776,38.,10.));
#5130=CARTESIAN_POINT('Origin',(38.2858887287776,38.,8.));
#5131=CARTESIAN_POINT('Origin',(38.2858887287776,69.9999999999999,10.));
#5132=CARTESIAN_POINT('Origin',(30.0954857648487,38.,8.));
#5133=CARTESIAN_POINT('',(-32.9150744366116,38.,10.));
#5134=CARTESIAN_POINT('Origin',(-32.9150744366116,38.,8.));
#5135=CARTESIAN_POINT('',(30.0954857648487,38.,10.));
#5136=CARTESIAN_POINT('Origin',(-32.9150744366116,60.,8.));
#5137=CARTESIAN_POINT('',(-52.3909897943611,49.7682493688627,10.));
#5138=CARTESIAN_POINT('Origin',(-52.3909897943611,49.7682493688627,8.));
#5139=CARTESIAN_POINT('Origin',(-32.9150744366116,60.,10.));
#5140=CARTESIAN_POINT('Origin',(-34.1106027073615,14.9719291253026,8.));
#5141=CARTESIAN_POINT('',(-106.06523763738,151.936015723554,10.));
#5142=CARTESIAN_POINT('Ctrl Pts',(-106.06523763738,151.936015723554,10.));
#5143=CARTESIAN_POINT('Ctrl Pts',(-106.062854414404,151.936534358667,10.));
#5144=CARTESIAN_POINT('Ctrl Pts',(-106.060471209605,151.937053070855,9.9999958546002));
#5145=CARTESIAN_POINT('Ctrl Pts',(-105.915512110466,151.968608810155,9.99949154548773));
#5146=CARTESIAN_POINT('Ctrl Pts',(-105.77334049256,151.999850506564,9.98415885207607));
#5147=CARTESIAN_POINT('Ctrl Pts',(-105.494961575877,152.061550714041,9.92419659781334));
#5148=CARTESIAN_POINT('Ctrl Pts',(-105.359340579022,152.091877004495,9.87978766907595));
#5149=CARTESIAN_POINT('Ctrl Pts',(-104.992136251326,152.174598513368,9.71490803134771));
#5150=CARTESIAN_POINT('Ctrl Pts',(-104.776797706787,152.22386300857,9.56328727821374));
#5151=CARTESIAN_POINT('Ctrl Pts',(-104.421293755249,152.305880245009,9.18978666870087));
#5152=CARTESIAN_POINT('Ctrl Pts',(-104.282297195973,152.338319024987,8.97382886016143));
#5153=CARTESIAN_POINT('Ctrl Pts',(-104.094538642205,152.38226556013,8.50240986184235));
#5154=CARTESIAN_POINT('Ctrl Pts',(-104.046433472091,152.393605154898,8.25262642366706));
#5155=CARTESIAN_POINT('Ctrl Pts',(-104.046433472091,152.393605154898,8.));
#5156=CARTESIAN_POINT('',(-34.1106027073615,14.9719291253026,10.));
#5157=CARTESIAN_POINT('Origin',(-121.04241719908,152.763114494309,2.));
#5158=CARTESIAN_POINT('',(-132.60275520874,140.298822091513,2.));
#5159=CARTESIAN_POINT('Ctrl Pts',(-132.60275520874,140.298822091513,2.));
#5160=CARTESIAN_POINT('Ctrl Pts',(-132.60275520874,140.298822091513,1.74688003727726));
#5161=CARTESIAN_POINT('Ctrl Pts',(-132.561266706214,140.325857870404,1.49658405340932));
#5162=CARTESIAN_POINT('Ctrl Pts',(-132.399563701254,140.431584877622,1.02440721604569));
#5163=CARTESIAN_POINT('Ctrl Pts',(-132.279957712455,140.509894400373,0.80816131607927));
#5164=CARTESIAN_POINT('Ctrl Pts',(-131.974916782178,140.71068905271,0.434674810638215));
#5165=CARTESIAN_POINT('Ctrl Pts',(-131.790619690552,140.832473900372,0.283242067917285));
#5166=CARTESIAN_POINT('Ctrl Pts',(-131.477860082174,141.040603244971,0.119153422588194));
#5167=CARTESIAN_POINT('Ctrl Pts',(-131.362950092354,141.117324997042,0.0751148614652964));
#5168=CARTESIAN_POINT('Ctrl Pts',(-131.127445190654,141.275181011144,0.0156551384667899));
#5169=CARTESIAN_POINT('Ctrl Pts',(-131.007350877087,141.355982509554,0.000464480546369424));
#5170=CARTESIAN_POINT('Ctrl Pts',(-130.885268593194,141.43845812752,3.49628161129346E-6));
#5171=CARTESIAN_POINT('Ctrl Pts',(-130.883416743144,141.439709267051,9.72053271293795E-18));
#5172=CARTESIAN_POINT('Ctrl Pts',(-130.881564928297,141.440960460617,0.));
#5173=CARTESIAN_POINT('Origin',(-121.04241719908,152.763114494309,2.));
#5174=CARTESIAN_POINT('Origin',(-121.04241719908,152.763114494309,8.));
#5175=CARTESIAN_POINT('',(-132.60275520874,140.298822091513,8.));
#5176=CARTESIAN_POINT('Origin',(-121.04241719908,152.763114494309,8.));
#5177=CARTESIAN_POINT('',(-130.881564928297,141.440960460617,10.));
#5178=CARTESIAN_POINT('Ctrl Pts',(-130.881564928297,141.440960460617,10.));
#5179=CARTESIAN_POINT('Ctrl Pts',(-130.883416743143,141.439709267051,10.));
#5180=CARTESIAN_POINT('Ctrl Pts',(-130.885268593195,141.43845812752,9.99999650371839));
#5181=CARTESIAN_POINT('Ctrl Pts',(-131.007350877054,141.355982509571,9.99953551945374));
#5182=CARTESIAN_POINT('Ctrl Pts',(-131.127445190648,141.275181011148,9.98434486153468));
#5183=CARTESIAN_POINT('Ctrl Pts',(-131.362950092354,141.117324997042,9.92488513853469));
#5184=CARTESIAN_POINT('Ctrl Pts',(-131.477860082174,141.040603244971,9.8808465774118));
#5185=CARTESIAN_POINT('Ctrl Pts',(-131.790619690552,140.832473900372,9.71675793208269));
#5186=CARTESIAN_POINT('Ctrl Pts',(-131.974916782178,140.71068905271,9.56532518936176));
#5187=CARTESIAN_POINT('Ctrl Pts',(-132.279957712455,140.509894400373,9.19183868392077));
#5188=CARTESIAN_POINT('Ctrl Pts',(-132.399563701254,140.431584877622,8.97559278395434));
#5189=CARTESIAN_POINT('Ctrl Pts',(-132.561266706214,140.325857870404,8.50341594659065));
#5190=CARTESIAN_POINT('Ctrl Pts',(-132.60275520874,140.298822091513,8.25311996272273));
#5191=CARTESIAN_POINT('Ctrl Pts',(-132.60275520874,140.298822091513,8.));
#5192=CARTESIAN_POINT('Origin',(-121.04241719908,152.763114494309,10.));
#5193=CARTESIAN_POINT('Origin',(-121.04241719908,152.763114494309,0.));
#5194=CARTESIAN_POINT('',(-132.60275520874,140.298822091513,0.));
#5195=CARTESIAN_POINT('Origin',(-100.78333783968,54.4325611864413,2.));
#5196=CARTESIAN_POINT('',(-87.8122547085546,10.817781904792,2.));
#5197=CARTESIAN_POINT('Origin',(-85.9221478657645,11.4716137813764,2.));
#5198=CARTESIAN_POINT('',(-102.67344468247,53.7787293098568,2.));
#5199=CARTESIAN_POINT('Origin',(-97.2627889225055,7.54862252186944,2.));
#5200=CARTESIAN_POINT('',(-87.2627889225052,7.54862252186951,2.));
#5201=CARTESIAN_POINT('Origin',(-85.2627889225052,7.54862252186952,2.));
#5202=CARTESIAN_POINT('Origin',(-97.2627889225055,7.54862252186944,2.));
#5203=CARTESIAN_POINT('Origin',(-85.2627889225052,3.77431126093475,2.));
#5204=CARTESIAN_POINT('',(-87.2627889225052,-7.54862252186947,2.));
#5205=CARTESIAN_POINT('Origin',(-85.2627889225052,-7.54862252186947,2.));
#5206=CARTESIAN_POINT('',(-87.2627889225052,3.77431126093475,2.));
#5207=CARTESIAN_POINT('Origin',(-97.2627889225052,-7.54862252186945,2.));
#5208=CARTESIAN_POINT('',(-87.8122547085546,-10.8177819047919,2.));
#5209=CARTESIAN_POINT('Origin',(-85.9221478657645,-11.4716137813764,2.));
#5210=CARTESIAN_POINT('Origin',(-97.2627889225052,-7.54862252186945,2.));
#5211=CARTESIAN_POINT('Origin',(-78.3880875895869,10.3079589069191,2.));
#5212=CARTESIAN_POINT('',(-132.60275520874,-140.298822091513,2.));
#5213=CARTESIAN_POINT('',(-80.278194432377,10.9617907835036,2.));
#5214=CARTESIAN_POINT('Ctrl Pts',(-130.881564928297,-141.440960460617,0.));
#5215=CARTESIAN_POINT('Ctrl Pts',(-130.883416743144,-141.43970926705,4.80738368130338E-17));
#5216=CARTESIAN_POINT('Ctrl Pts',(-130.885268593194,-141.43845812752,3.49628161106424E-6));
#5217=CARTESIAN_POINT('Ctrl Pts',(-131.007350877071,-141.355982509563,0.000464480546320315));
#5218=CARTESIAN_POINT('Ctrl Pts',(-131.127445190651,-141.275181011146,0.0156551384660651));
#5219=CARTESIAN_POINT('Ctrl Pts',(-131.362950092354,-141.117324997042,0.0751148614653012));
#5220=CARTESIAN_POINT('Ctrl Pts',(-131.477860082174,-141.040603244972,0.119153422588192));
#5221=CARTESIAN_POINT('Ctrl Pts',(-131.790619690552,-140.832473900372,0.283242067917267));
#5222=CARTESIAN_POINT('Ctrl Pts',(-131.974916782178,-140.71068905271,0.434674810638196));
#5223=CARTESIAN_POINT('Ctrl Pts',(-132.279957712455,-140.509894400373,0.808161316079224));
#5224=CARTESIAN_POINT('Ctrl Pts',(-132.399563701254,-140.431584877623,1.02440721604565));
#5225=CARTESIAN_POINT('Ctrl Pts',(-132.561266706214,-140.325857870404,1.49658405340941));
#5226=CARTESIAN_POINT('Ctrl Pts',(-132.60275520874,-140.298822091513,1.74688003727731));
#5227=CARTESIAN_POINT('Ctrl Pts',(-132.60275520874,-140.298822091513,2.));
#5228=CARTESIAN_POINT('Origin',(-121.04241719908,-152.763114494309,2.));
#5229=CARTESIAN_POINT('',(-104.046433472091,-152.393605154898,2.));
#5230=CARTESIAN_POINT('Ctrl Pts',(-104.046433472091,-152.393605154898,2.));
#5231=CARTESIAN_POINT('Ctrl Pts',(-104.046433472091,-152.393605154898,1.74736174901873));
#5232=CARTESIAN_POINT('Ctrl Pts',(-104.094543144093,-152.382264496697,1.49756688237086));
#5233=CARTESIAN_POINT('Ctrl Pts',(-104.282335108972,-152.338310161,1.0260880938522));
#5234=CARTESIAN_POINT('Ctrl Pts',(-104.421375521237,-152.305861179194,0.810090561824913));
#5235=CARTESIAN_POINT('Ctrl Pts',(-104.777015127845,-152.223813056767,0.436522421722001));
#5236=CARTESIAN_POINT('Ctrl Pts',(-104.992451505962,-152.174526620286,0.284885903782148));
#5237=CARTESIAN_POINT('Ctrl Pts',(-105.359719733722,-152.091792070821,0.120077491255592));
#5238=CARTESIAN_POINT('Ctrl Pts',(-105.49529424826,-152.061476623102,0.0757112606408726));
#5239=CARTESIAN_POINT('Ctrl Pts',(-105.773610125892,-151.999791103745,0.015803665310484));
#5240=CARTESIAN_POINT('Ctrl Pts',(-105.915767397069,-151.968552913747,0.000490989336827169));
#5241=CARTESIAN_POINT('Ctrl Pts',(-106.060630648299,-151.937018368601,3.87270695878608E-6));
#5242=CARTESIAN_POINT('Ctrl Pts',(-106.06293413437,-151.936517010071,6.57325601204006E-17));
#5243=CARTESIAN_POINT('Ctrl Pts',(-106.06523763738,-151.936015723554,0.));
#5244=CARTESIAN_POINT('Origin',(-121.04241719908,-152.763114494309,2.));
#5245=CARTESIAN_POINT('Origin',(-132.60275520874,140.298822091513,0.));
#5246=CARTESIAN_POINT('',(-87.8122547085546,10.817781904792,8.));
#5247=CARTESIAN_POINT('',(-87.8122547085546,10.817781904792,0.));
#5248=CARTESIAN_POINT('',(-102.67344468247,53.7787293098568,8.));
#5249=CARTESIAN_POINT('Origin',(-97.2627889225055,7.54862252186944,0.));
#5250=CARTESIAN_POINT('',(-87.2627889225052,7.54862252186951,8.));
#5251=CARTESIAN_POINT('',(-87.2627889225052,7.54862252186951,0.));
#5252=CARTESIAN_POINT('Origin',(-97.2627889225055,7.54862252186944,8.));
#5253=CARTESIAN_POINT('Origin',(-87.2627889225052,7.54862252186951,0.));
#5254=CARTESIAN_POINT('',(-87.2627889225052,-7.54862252186947,8.));
#5255=CARTESIAN_POINT('',(-87.2627889225052,-7.54862252186947,0.));
#5256=CARTESIAN_POINT('',(-87.2627889225052,3.77431126093475,8.));
#5257=CARTESIAN_POINT('Origin',(-97.2627889225052,-7.54862252186945,0.));
#5258=CARTESIAN_POINT('',(-87.8122547085546,-10.8177819047919,8.));
#5259=CARTESIAN_POINT('',(-87.8122547085546,-10.8177819047919,0.));
#5260=CARTESIAN_POINT('Origin',(-97.2627889225052,-7.54862252186945,8.));
#5261=CARTESIAN_POINT('Origin',(-87.8122547085546,-10.8177819047919,0.));
#5262=CARTESIAN_POINT('',(-132.60275520874,-140.298822091513,8.));
#5263=CARTESIAN_POINT('',(-132.60275520874,-140.298822091513,0.));
#5264=CARTESIAN_POINT('',(-80.278194432377,10.9617907835036,8.));
#5265=CARTESIAN_POINT('Origin',(-121.04241719908,-152.763114494309,0.));
#5266=CARTESIAN_POINT('',(-104.046433472091,-152.393605154898,8.));
#5267=CARTESIAN_POINT('',(-104.046433472091,-152.393605154898,0.));
#5268=CARTESIAN_POINT('Origin',(-121.04241719908,-152.763114494309,8.));
#5269=CARTESIAN_POINT('Origin',(-121.04241719908,-152.763114494309,8.));
#5270=CARTESIAN_POINT('',(-106.06523763738,-151.936015723554,10.));
#5271=CARTESIAN_POINT('Ctrl Pts',(-106.06523763738,-151.936015723554,10.));
#5272=CARTESIAN_POINT('Ctrl Pts',(-106.062934134369,-151.936517010071,10.));
#5273=CARTESIAN_POINT('Ctrl Pts',(-106.0606306483,-151.937018368601,9.99999612729304));
#5274=CARTESIAN_POINT('Ctrl Pts',(-105.915767397041,-151.968552913756,9.99950901066307));
#5275=CARTESIAN_POINT('Ctrl Pts',(-105.773610125887,-151.999791103747,9.98419633468835));
#5276=CARTESIAN_POINT('Ctrl Pts',(-105.495294248259,-152.061476623102,9.92428873935912));
#5277=CARTESIAN_POINT('Ctrl Pts',(-105.359719733722,-152.091792070821,9.87992250874441));
#5278=CARTESIAN_POINT('Ctrl Pts',(-104.992451505962,-152.174526620286,9.71511409621786));
#5279=CARTESIAN_POINT('Ctrl Pts',(-104.777015127845,-152.223813056767,9.56347757827801));
#5280=CARTESIAN_POINT('Ctrl Pts',(-104.421375521237,-152.305861179194,9.18990943817508));
#5281=CARTESIAN_POINT('Ctrl Pts',(-104.282335108972,-152.338310161,8.9739119061478));
#5282=CARTESIAN_POINT('Ctrl Pts',(-104.094543144093,-152.382264496697,8.50243311762914));
#5283=CARTESIAN_POINT('Ctrl Pts',(-104.046433472091,-152.393605154898,8.25263825098127));
#5284=CARTESIAN_POINT('Ctrl Pts',(-104.046433472091,-152.393605154898,8.));
#5285=CARTESIAN_POINT('',(-130.881564928297,-141.440960460617,10.));
#5286=CARTESIAN_POINT('Origin',(-121.04241719908,-152.763114494309,10.));
#5287=CARTESIAN_POINT('Ctrl Pts',(-130.881564928297,-141.440960460617,10.));
#5288=CARTESIAN_POINT('Ctrl Pts',(-130.883416743143,-141.439709267051,10.));
#5289=CARTESIAN_POINT('Ctrl Pts',(-130.885268593196,-141.43845812752,9.99999650371838));
#5290=CARTESIAN_POINT('Ctrl Pts',(-131.007350877026,-141.355982509585,9.99953551945383));
#5291=CARTESIAN_POINT('Ctrl Pts',(-131.127445190643,-141.275181011151,9.9843448615359));
#5292=CARTESIAN_POINT('Ctrl Pts',(-131.362950092354,-141.117324997042,9.92488513853471));
#5293=CARTESIAN_POINT('Ctrl Pts',(-131.477860082174,-141.040603244972,9.88084657741181));
#5294=CARTESIAN_POINT('Ctrl Pts',(-131.790619690552,-140.832473900372,9.71675793208273));
#5295=CARTESIAN_POINT('Ctrl Pts',(-131.974916782178,-140.71068905271,9.56532518936181));
#5296=CARTESIAN_POINT('Ctrl Pts',(-132.279957712455,-140.509894400373,9.19183868392078));
#5297=CARTESIAN_POINT('Ctrl Pts',(-132.399563701254,-140.431584877623,8.97559278395435));
#5298=CARTESIAN_POINT('Ctrl Pts',(-132.561266706214,-140.325857870404,8.50341594659059));
#5299=CARTESIAN_POINT('Ctrl Pts',(-132.60275520874,-140.298822091513,8.25311996272269));
#5300=CARTESIAN_POINT('Ctrl Pts',(-132.60275520874,-140.298822091513,8.));
#5301=CARTESIAN_POINT('Origin',(-100.78333783968,54.4325611864413,8.));
#5302=CARTESIAN_POINT('',(-85.9221478657645,11.4716137813764,10.));
#5303=CARTESIAN_POINT('Origin',(-85.9221478657645,11.4716137813764,8.));
#5304=CARTESIAN_POINT('',(-100.78333783968,54.4325611864413,10.));
#5305=CARTESIAN_POINT('Origin',(-97.2627889225055,7.54862252186944,8.));
#5306=CARTESIAN_POINT('',(-85.2627889225052,7.54862252186952,10.));
#5307=CARTESIAN_POINT('Origin',(-85.2627889225052,7.54862252186952,8.));
#5308=CARTESIAN_POINT('Origin',(-97.2627889225055,7.54862252186944,10.));
#5309=CARTESIAN_POINT('Origin',(-85.2627889225052,3.77431126093475,8.));
#5310=CARTESIAN_POINT('',(-85.2627889225052,-7.54862252186947,10.));
#5311=CARTESIAN_POINT('Origin',(-85.2627889225052,-7.54862252186947,8.));
#5312=CARTESIAN_POINT('',(-85.2627889225052,3.77431126093475,10.));
#5313=CARTESIAN_POINT('Origin',(-97.2627889225052,-7.54862252186945,8.));
#5314=CARTESIAN_POINT('',(-85.9221478657645,-11.4716137813764,10.));
#5315=CARTESIAN_POINT('Origin',(-85.9221478657645,-11.4716137813764,8.));
#5316=CARTESIAN_POINT('Origin',(-97.2627889225052,-7.54862252186945,10.));
#5317=CARTESIAN_POINT('Origin',(-78.3880875895869,10.3079589069191,8.));
#5318=CARTESIAN_POINT('',(-78.3880875895869,10.3079589069191,10.));
#5319=CARTESIAN_POINT('Origin',(38.0987564178025,-26.3142769676105,2.));
#5320=CARTESIAN_POINT('',(58.614644535898,-47.9377769176706,2.));
#5321=CARTESIAN_POINT('Origin',(59.9698949230394,-46.4669620455153,2.));
#5322=CARTESIAN_POINT('',(36.7435060306612,-27.7850918397658,2.));
#5323=CARTESIAN_POINT('Origin',(38.2858887287775,-70.0000000000001,2.));
#5324=CARTESIAN_POINT('',(38.2858887287776,-40.,2.));
#5325=CARTESIAN_POINT('Origin',(38.2858887287776,-38.,2.));
#5326=CARTESIAN_POINT('Origin',(38.2858887287775,-70.0000000000001,2.));
#5327=CARTESIAN_POINT('Origin',(-5.50499581784596,-38.,2.));
#5328=CARTESIAN_POINT('',(-32.9150744366117,-40.,2.));
#5329=CARTESIAN_POINT('Origin',(-32.9150744366117,-38.,2.));
#5330=CARTESIAN_POINT('',(-5.50499581784596,-40.,2.));
#5331=CARTESIAN_POINT('Origin',(-32.9150744366116,-60.,2.));
#5332=CARTESIAN_POINT('',(-50.6204520345657,-50.6984085171479,2.));
#5333=CARTESIAN_POINT('Origin',(-52.3909897943611,-49.7682493688627,2.));
#5334=CARTESIAN_POINT('Origin',(-32.9150744366116,-60.,2.));
#5335=CARTESIAN_POINT('Origin',(-60.8235934261241,-65.8195274441778,2.));
#5336=CARTESIAN_POINT('',(-59.0530556663286,-66.749686592463,2.));
#5337=CARTESIAN_POINT('Origin',(-104.046433472091,-152.393605154898,0.));
#5338=CARTESIAN_POINT('',(-50.6204520345657,-50.6984085171479,8.));
#5339=CARTESIAN_POINT('',(-50.6204520345657,-50.6984085171479,0.));
#5340=CARTESIAN_POINT('',(-59.0530556663286,-66.749686592463,8.));
#5341=CARTESIAN_POINT('Origin',(-32.9150744366116,-60.,0.));
#5342=CARTESIAN_POINT('',(-32.9150744366117,-40.,8.));
#5343=CARTESIAN_POINT('',(-32.9150744366117,-40.,0.));
#5344=CARTESIAN_POINT('Origin',(-32.9150744366116,-60.,8.));
#5345=CARTESIAN_POINT('Origin',(-32.9150744366117,-40.,0.));
#5346=CARTESIAN_POINT('',(38.2858887287776,-40.,8.));
#5347=CARTESIAN_POINT('',(38.2858887287776,-40.,0.));
#5348=CARTESIAN_POINT('',(-5.50499581784596,-40.,8.));
#5349=CARTESIAN_POINT('Origin',(38.2858887287775,-70.0000000000001,0.));
#5350=CARTESIAN_POINT('',(58.614644535898,-47.9377769176706,8.));
#5351=CARTESIAN_POINT('',(58.614644535898,-47.9377769176706,0.));
#5352=CARTESIAN_POINT('Origin',(38.2858887287775,-70.0000000000001,8.));
#5353=CARTESIAN_POINT('Origin',(58.614644535898,-47.9377769176706,0.));
#5354=CARTESIAN_POINT('',(36.7435060306612,-27.7850918397658,8.));
#5355=CARTESIAN_POINT('Origin',(-60.8235934261241,-65.8195274441778,8.));
#5356=CARTESIAN_POINT('',(-52.3909897943611,-49.7682493688627,10.));
#5357=CARTESIAN_POINT('Origin',(-52.3909897943611,-49.7682493688627,8.));
#5358=CARTESIAN_POINT('',(-60.8235934261241,-65.8195274441778,10.));
#5359=CARTESIAN_POINT('Origin',(-32.9150744366116,-60.,8.));
#5360=CARTESIAN_POINT('',(-32.9150744366117,-38.,10.));
#5361=CARTESIAN_POINT('Origin',(-32.9150744366117,-38.,8.));
#5362=CARTESIAN_POINT('Origin',(-32.9150744366116,-60.,10.));
#5363=CARTESIAN_POINT('Origin',(-5.50499581784596,-38.,8.));
#5364=CARTESIAN_POINT('',(38.2858887287776,-38.,10.));
#5365=CARTESIAN_POINT('Origin',(38.2858887287776,-38.,8.));
#5366=CARTESIAN_POINT('',(-5.50499581784596,-38.,10.));
#5367=CARTESIAN_POINT('Origin',(38.2858887287775,-70.0000000000001,8.));
#5368=CARTESIAN_POINT('',(59.9698949230394,-46.4669620455153,10.));
#5369=CARTESIAN_POINT('Origin',(59.9698949230394,-46.4669620455153,8.));
#5370=CARTESIAN_POINT('Origin',(38.2858887287775,-70.0000000000001,10.));
#5371=CARTESIAN_POINT('Origin',(38.0987564178025,-26.3142769676105,8.));
#5372=CARTESIAN_POINT('',(38.0987564178025,-26.3142769676105,10.));
#5373=CARTESIAN_POINT('Origin',(-120.741602366569,-143.263114494309,0.));
#5374=CARTESIAN_POINT('',(-122.341602366569,-143.263114494309,10.));
#5375=CARTESIAN_POINT('Origin',(-120.741602366569,-143.263114494309,10.));
#5376=CARTESIAN_POINT('',(-122.341602366569,-143.263114494309,0.));
#5377=CARTESIAN_POINT('Origin',(-75.,-35.,0.));
#5378=CARTESIAN_POINT('',(-76.6,-35.,10.));
#5379=CARTESIAN_POINT('Origin',(-75.,-35.,10.));
#5380=CARTESIAN_POINT('',(-76.6,-35.,0.));
#5381=CARTESIAN_POINT('Origin',(75.,35.,0.));
#5382=CARTESIAN_POINT('',(73.4,35.,10.));
#5383=CARTESIAN_POINT('Origin',(75.,35.,10.));
#5384=CARTESIAN_POINT('',(73.4,35.,0.));
#5385=CARTESIAN_POINT('Origin',(-111.54241719908,-153.06151192727,0.));
#5386=CARTESIAN_POINT('',(-113.14241719908,-153.06151192727,10.));
#5387=CARTESIAN_POINT('Origin',(-111.54241719908,-153.06151192727,10.));
#5388=CARTESIAN_POINT('',(-113.14241719908,-153.06151192727,0.));
#5389=CARTESIAN_POINT('Origin',(165.111270702053,-134.353114494309,0.));
#5390=CARTESIAN_POINT('',(163.511270702053,-134.353114494309,10.));
#5391=CARTESIAN_POINT('Origin',(165.111270702053,-134.353114494309,10.));
#5392=CARTESIAN_POINT('',(163.511270702053,-134.353114494309,0.));
#5393=CARTESIAN_POINT('Origin',(-121.338544505228,-162.263114494309,0.));
#5394=CARTESIAN_POINT('',(-122.938544505229,-162.263114494309,10.));
#5395=CARTESIAN_POINT('Origin',(-121.338544505228,-162.263114494309,10.));
#5396=CARTESIAN_POINT('',(-122.938544505229,-162.263114494309,0.));
#5397=CARTESIAN_POINT('Origin',(75.,-35.,0.));
#5398=CARTESIAN_POINT('',(73.4,-35.,10.));
#5399=CARTESIAN_POINT('Origin',(75.,-35.,10.));
#5400=CARTESIAN_POINT('',(73.4,-35.,0.));
#5401=CARTESIAN_POINT('Origin',(165.111270702053,134.353114494309,0.));
#5402=CARTESIAN_POINT('',(163.511270702053,134.353114494309,10.));
#5403=CARTESIAN_POINT('Origin',(165.111270702053,134.353114494309,10.));
#5404=CARTESIAN_POINT('',(163.511270702053,134.353114494309,0.));
#5405=CARTESIAN_POINT('Origin',(174.352813742386,-124.594657534641,0.));
#5406=CARTESIAN_POINT('',(172.752813742386,-124.594657534641,10.));
#5407=CARTESIAN_POINT('Origin',(174.352813742386,-124.594657534641,10.));
#5408=CARTESIAN_POINT('',(172.752813742386,-124.594657534641,0.));
#5409=CARTESIAN_POINT('Origin',(164.594356782718,-115.353114494309,0.));
#5410=CARTESIAN_POINT('',(162.994356782718,-115.353114494309,10.));
#5411=CARTESIAN_POINT('Origin',(164.594356782718,-115.353114494309,10.));
#5412=CARTESIAN_POINT('',(162.994356782718,-115.353114494309,0.));
#5413=CARTESIAN_POINT('Origin',(164.85258280092,-124.853114494309,0.));
#5414=CARTESIAN_POINT('',(159.85258280092,-124.853114494309,10.));
#5415=CARTESIAN_POINT('Origin',(164.85258280092,-124.853114494309,10.));
#5416=CARTESIAN_POINT('',(159.85258280092,-124.853114494309,0.));
#5417=CARTESIAN_POINT('Origin',(155.352813742386,-125.111571453977,0.));
#5418=CARTESIAN_POINT('',(153.752813742386,-125.111571453977,10.));
#5419=CARTESIAN_POINT('Origin',(155.352813742386,-125.111571453977,10.));
#5420=CARTESIAN_POINT('',(153.752813742386,-125.111571453977,0.));
#5421=CARTESIAN_POINT('Origin',(-120.741602366569,143.263114494309,0.));
#5422=CARTESIAN_POINT('',(-122.341602366569,143.263114494309,10.));
#5423=CARTESIAN_POINT('Origin',(-120.741602366569,143.263114494309,10.));
#5424=CARTESIAN_POINT('',(-122.341602366569,143.263114494309,0.));
#5425=CARTESIAN_POINT('Origin',(-121.04241719908,-152.763114494309,0.));
#5426=CARTESIAN_POINT('',(-126.04241719908,-152.763114494309,10.));
#5427=CARTESIAN_POINT('Origin',(-121.04241719908,-152.763114494309,10.));
#5428=CARTESIAN_POINT('',(-126.04241719908,-152.763114494309,0.));
#5429=CARTESIAN_POINT('Origin',(174.84983169944,114.277668585435,0.));
#5430=CARTESIAN_POINT('',(168.099923775662,121.051170702804,10.));
#5431=CARTESIAN_POINT('',(168.099923775662,121.051170702804,0.));
#5432=CARTESIAN_POINT('',(174.84983169944,114.277668585435,10.));
#5433=CARTESIAN_POINT('',(153.673671012747,135.527850198102,10.));
#5434=CARTESIAN_POINT('',(174.84983169944,114.277668585435,0.));
#5435=CARTESIAN_POINT('Origin',(168.099940214599,121.051184743798,0.));
#5436=CARTESIAN_POINT('',(168.099940214599,121.051184743798,10.));
#5437=CARTESIAN_POINT('',(153.993646830543,135.206850266139,10.));
#5438=CARTESIAN_POINT('',(168.099940214599,121.051184743798,0.));
#5439=CARTESIAN_POINT('Origin',(164.85258280092,124.853114494309,0.));
#5440=CARTESIAN_POINT('Origin',(164.85258280092,124.853114494309,10.));
#5441=CARTESIAN_POINT('Origin',(-75.,35.,0.));
#5442=CARTESIAN_POINT('',(-76.6,35.,10.));
#5443=CARTESIAN_POINT('Origin',(-75.,35.,10.));
#5444=CARTESIAN_POINT('',(-76.6,35.,0.));
#5445=CARTESIAN_POINT('Origin',(-130.537729672717,152.464717061348,0.));
#5446=CARTESIAN_POINT('',(-132.137729672717,152.464717061348,10.));
#5447=CARTESIAN_POINT('Origin',(-130.537729672717,152.464717061348,10.));
#5448=CARTESIAN_POINT('',(-132.137729672717,152.464717061348,0.));
#5449=CARTESIAN_POINT('Origin',(-121.04241719908,152.763114494309,0.));
#5450=CARTESIAN_POINT('',(-126.04241719908,152.763114494309,10.));
#5451=CARTESIAN_POINT('Origin',(-121.04241719908,152.763114494309,10.));
#5452=CARTESIAN_POINT('',(-126.04241719908,152.763114494309,0.));
#5453=CARTESIAN_POINT('Origin',(164.594356782718,115.353114494309,0.));
#5454=CARTESIAN_POINT('',(162.994356782718,115.353114494309,10.));
#5455=CARTESIAN_POINT('Origin',(164.594356782718,115.353114494309,10.));
#5456=CARTESIAN_POINT('',(162.994356782718,115.353114494309,0.));
#5457=CARTESIAN_POINT('Origin',(-121.338544505228,162.263114494309,0.));
#5458=CARTESIAN_POINT('',(-122.938544505229,162.263114494309,10.));
#5459=CARTESIAN_POINT('Origin',(-121.338544505228,162.263114494309,10.));
#5460=CARTESIAN_POINT('',(-122.938544505229,162.263114494309,0.));
#5461=CARTESIAN_POINT('Origin',(-130.537729672717,-152.464717061348,0.));
#5462=CARTESIAN_POINT('',(-132.137729672717,-152.464717061348,10.));
#5463=CARTESIAN_POINT('Origin',(-130.537729672717,-152.464717061348,10.));
#5464=CARTESIAN_POINT('',(-132.137729672717,-152.464717061348,0.));
#5465=CARTESIAN_POINT('Origin',(174.352813742386,124.594657534641,0.));
#5466=CARTESIAN_POINT('',(172.752813742386,124.594657534641,10.));
#5467=CARTESIAN_POINT('Origin',(174.352813742386,124.594657534641,10.));
#5468=CARTESIAN_POINT('',(172.752813742386,124.594657534641,0.));
#5469=CARTESIAN_POINT('Origin',(155.352813742386,125.111571453977,0.));
#5470=CARTESIAN_POINT('',(153.752813742386,125.111571453977,10.));
#5471=CARTESIAN_POINT('Origin',(155.352813742386,125.111571453977,10.));
#5472=CARTESIAN_POINT('',(153.752813742386,125.111571453977,0.));
#5473=CARTESIAN_POINT('Origin',(-111.54241719908,153.06151192727,0.));
#5474=CARTESIAN_POINT('',(-113.14241719908,153.06151192727,10.));
#5475=CARTESIAN_POINT('Origin',(-111.54241719908,153.06151192727,10.));
#5476=CARTESIAN_POINT('',(-113.14241719908,153.06151192727,0.));
#5477=CARTESIAN_POINT('Origin',(21.9050828009198,0.,10.));
#5478=UNCERTAINTY_MEASURE_WITH_UNIT(LENGTH_MEASURE(0.01),#5482,
'DISTANCE_ACCURACY_VALUE',
'Maximum model space distance between geometric entities at asserted c
onnectivities');
#5479=UNCERTAINTY_MEASURE_WITH_UNIT(LENGTH_MEASURE(0.01),#5482,
'DISTANCE_ACCURACY_VALUE',
'Maximum model space distance between geometric entities at asserted c
onnectivities');
#5480=(
GEOMETRIC_REPRESENTATION_CONTEXT(3)
GLOBAL_UNCERTAINTY_ASSIGNED_CONTEXT((#5478))
GLOBAL_UNIT_ASSIGNED_CONTEXT((#5482,#5484,#5485))
REPRESENTATION_CONTEXT('','3D')
);
#5481=(
GEOMETRIC_REPRESENTATION_CONTEXT(3)
GLOBAL_UNCERTAINTY_ASSIGNED_CONTEXT((#5479))
GLOBAL_UNIT_ASSIGNED_CONTEXT((#5482,#5484,#5485))
REPRESENTATION_CONTEXT('','3D')
);
#5482=(
LENGTH_UNIT()
NAMED_UNIT(*)
SI_UNIT(.MILLI.,.METRE.)
);
#5483=(
LENGTH_UNIT()
NAMED_UNIT(*)
SI_UNIT($,.METRE.)
);
#5484=(
NAMED_UNIT(*)
PLANE_ANGLE_UNIT()
SI_UNIT($,.RADIAN.)
);
#5485=(
NAMED_UNIT(*)
SI_UNIT($,.STERADIAN.)
SOLID_ANGLE_UNIT()
);
#5486=SHAPE_DEFINITION_REPRESENTATION(#5487,#5488);
#5487=PRODUCT_DEFINITION_SHAPE('',$,#5490);
#5488=SHAPE_REPRESENTATION('',(#2995),#5480);
#5489=PRODUCT_DEFINITION_CONTEXT('part definition',#5494,'design');
#5490=PRODUCT_DEFINITION('2026-03-21-19-58-38-952','Main frame',#5491,#5489);
#5491=PRODUCT_DEFINITION_FORMATION('',$,#5496);
#5492=PRODUCT_RELATED_PRODUCT_CATEGORY('Main frame','Main frame',(#5496));
#5493=APPLICATION_PROTOCOL_DEFINITION('international standard',
'automotive_design',2009,#5494);
#5494=APPLICATION_CONTEXT(
'Core Data for Automotive Mechanical Design Process');
#5495=PRODUCT_CONTEXT('part definition',#5494,'mechanical');
#5496=PRODUCT('2026-03-21-19-58-38-952','Main frame',$,(#5495));
#5497=PRESENTATION_STYLE_ASSIGNMENT((#5499));
#5498=PRESENTATION_STYLE_ASSIGNMENT((#5500));
#5499=SURFACE_STYLE_USAGE(.BOTH.,#5501);
#5500=SURFACE_STYLE_USAGE(.BOTH.,#5502);
#5501=SURFACE_SIDE_STYLE('',(#5503));
#5502=SURFACE_SIDE_STYLE('',(#5504));
#5503=SURFACE_STYLE_FILL_AREA(#5505);
#5504=SURFACE_STYLE_FILL_AREA(#5506);
#5505=FILL_AREA_STYLE('Steel - Satin',(#5507));
#5506=FILL_AREA_STYLE('Steel - Satin',(#5508));
#5507=FILL_AREA_STYLE_COLOUR('Steel - Satin',#5509);
#5508=FILL_AREA_STYLE_COLOUR('Steel - Satin',#5510);
#5509=COLOUR_RGB('Steel - Satin',0.627450980392157,0.627450980392157,0.627450980392157);
#5510=COLOUR_RGB('Steel - Satin',0.623529411764706,0.623529411764706,0.623529411764706);
ENDSEC;
END-ISO-10303-21;
