ISO-10303-21;
HEADER;
/* Generated by software containing ST-Developer
 * from STEP Tools, Inc. (www.steptools.com) 
 */

FILE_DESCRIPTION(
/* description */ (''),
/* implementation_level */ '2;1');

FILE_NAME(
/* name */ 'bfe6cdc8-b33d-4e92-93ec-da6c1ff517ea.stp',
/* time_stamp */ '2026-06-11T14:02:56Z',
/* author */ (''),
/* organization */ (''),
/* preprocessor_version */ 'ST-DEVELOPER v20.1',
/* originating_system */ 'Autodesk Translation Framework v15.8.0.0',
/* authorisation */ '');

FILE_SCHEMA (('AUTOMOTIVE_DESIGN { 1 0 10303 214 3 1 1 }'));
ENDSEC;

DATA;
#10=MECHANICAL_DESIGN_GEOMETRIC_PRESENTATION_REPRESENTATION('',(#13),#3536);
#11=SHAPE_REPRESENTATION_RELATIONSHIP('SRR','None',#3543,#12);
#12=ADVANCED_BREP_SHAPE_REPRESENTATION('',(#14),#3535);
#13=STYLED_ITEM('',(#3552),#14);
#14=MANIFOLD_SOLID_BREP('Body2',#2038);
#15=TOROIDAL_SURFACE('',#2152,13.,1.);
#16=TOROIDAL_SURFACE('',#2158,13.0000000000003,1.);
#17=TOROIDAL_SURFACE('',#2169,23.0000000000003,1.);
#18=TOROIDAL_SURFACE('',#2186,13.0000000000003,1.);
#19=TOROIDAL_SURFACE('',#2191,13.,1.);
#20=TOROIDAL_SURFACE('',#2206,32.9999999999999,1.);
#21=TOROIDAL_SURFACE('',#2212,23.,1.);
#22=TOROIDAL_SURFACE('',#2235,32.9999999999999,1.);
#23=TOROIDAL_SURFACE('',#2240,23.,1.);
#24=TOROIDAL_SURFACE('',#2247,23.0000000000003,1.);
#25=TOROIDAL_SURFACE('',#2254,23.,1.);
#26=TOROIDAL_SURFACE('',#2259,33.0000000000001,1.);
#27=TOROIDAL_SURFACE('',#2264,33.0000000000001,1.);
#28=TOROIDAL_SURFACE('',#2270,23.,1.);
#29=ELLIPSE('',#2125,1.32855500636177,1.);
#30=ELLIPSE('',#2253,1.32855500636178,1.);
#31=SPHERICAL_SURFACE('',#2119,1.);
#32=SPHERICAL_SURFACE('',#2126,1.);
#33=SPHERICAL_SURFACE('',#2131,1.);
#34=SPHERICAL_SURFACE('',#2135,1.);
#35=SPHERICAL_SURFACE('',#2140,1.00000000000001);
#36=SPHERICAL_SURFACE('',#2146,1.);
#37=SPHERICAL_SURFACE('',#2163,1.);
#38=SPHERICAL_SURFACE('',#2174,0.999999999999998);
#39=SPHERICAL_SURFACE('',#2179,1.);
#40=SPHERICAL_SURFACE('',#2195,1.);
#41=SPHERICAL_SURFACE('',#2199,1.);
#42=SPHERICAL_SURFACE('',#2217,1.);
#43=SPHERICAL_SURFACE('',#2222,1.00000000000001);
#44=SPHERICAL_SURFACE('',#2228,0.999999999999994);
#45=CYLINDRICAL_SURFACE('',#2099,1.6);
#46=CYLINDRICAL_SURFACE('',#2101,1.35);
#47=CYLINDRICAL_SURFACE('',#2103,1.35);
#48=CYLINDRICAL_SURFACE('',#2105,1.6);
#49=CYLINDRICAL_SURFACE('',#2107,1.6);
#50=CYLINDRICAL_SURFACE('',#2109,1.35);
#51=CYLINDRICAL_SURFACE('',#2111,1.35);
#52=CYLINDRICAL_SURFACE('',#2113,1.6);
#53=CYLINDRICAL_SURFACE('',#2115,1.6);
#54=CYLINDRICAL_SURFACE('',#2117,1.6);
#55=CYLINDRICAL_SURFACE('',#2123,1.);
#56=CYLINDRICAL_SURFACE('',#2130,1.);
#57=CYLINDRICAL_SURFACE('',#2139,1.);
#58=CYLINDRICAL_SURFACE('',#2144,1.);
#59=CYLINDRICAL_SURFACE('',#2145,1.);
#60=CYLINDRICAL_SURFACE('',#2150,1.);
#61=CYLINDRICAL_SURFACE('',#2156,1.);
#62=CYLINDRICAL_SURFACE('',#2162,1.);
#63=CYLINDRICAL_SURFACE('',#2167,1.);
#64=CYLINDRICAL_SURFACE('',#2173,1.);
#65=CYLINDRICAL_SURFACE('',#2178,1.);
#66=CYLINDRICAL_SURFACE('',#2183,1.);
#67=CYLINDRICAL_SURFACE('',#2184,1.);
#68=CYLINDRICAL_SURFACE('',#2189,1.);
#69=CYLINDRICAL_SURFACE('',#2194,1.);
#70=CYLINDRICAL_SURFACE('',#2203,1.);
#71=CYLINDRICAL_SURFACE('',#2204,1.);
#72=CYLINDRICAL_SURFACE('',#2210,1.);
#73=CYLINDRICAL_SURFACE('',#2216,1.);
#74=CYLINDRICAL_SURFACE('',#2221,1.);
#75=CYLINDRICAL_SURFACE('',#2226,1.);
#76=CYLINDRICAL_SURFACE('',#2227,1.);
#77=CYLINDRICAL_SURFACE('',#2232,1.);
#78=CYLINDRICAL_SURFACE('',#2233,1.);
#79=CYLINDRICAL_SURFACE('',#2238,1.);
#80=CYLINDRICAL_SURFACE('',#2243,1.);
#81=CYLINDRICAL_SURFACE('',#2244,1.);
#82=CYLINDRICAL_SURFACE('',#2245,1.);
#83=CYLINDRICAL_SURFACE('',#2250,1.);
#84=CYLINDRICAL_SURFACE('',#2251,1.);
#85=CYLINDRICAL_SURFACE('',#2252,1.);
#86=CYLINDRICAL_SURFACE('',#2257,1.);
#87=CYLINDRICAL_SURFACE('',#2262,1.);
#88=CYLINDRICAL_SURFACE('',#2263,1.);
#89=CYLINDRICAL_SURFACE('',#2268,1.);
#90=CYLINDRICAL_SURFACE('',#2274,32.0000000000001);
#91=CYLINDRICAL_SURFACE('',#2276,22.);
#92=CYLINDRICAL_SURFACE('',#2277,12.0000000000003);
#93=CYLINDRICAL_SURFACE('',#2279,12.);
#94=CYLINDRICAL_SURFACE('',#2282,22.);
#95=CYLINDRICAL_SURFACE('',#2285,31.9999999999999);
#96=CYLINDRICAL_SURFACE('',#2291,5.);
#97=CYLINDRICAL_SURFACE('',#2294,22.0000000000003);
#98=FACE_BOUND('',#383,.T.);
#99=FACE_BOUND('',#384,.T.);
#100=FACE_BOUND('',#385,.T.);
#101=FACE_BOUND('',#386,.T.);
#102=FACE_BOUND('',#387,.T.);
#103=FACE_BOUND('',#388,.T.);
#104=FACE_BOUND('',#389,.T.);
#105=FACE_BOUND('',#390,.T.);
#106=FACE_BOUND('',#391,.T.);
#107=FACE_BOUND('',#392,.T.);
#108=FACE_BOUND('',#393,.T.);
#109=FACE_BOUND('',#491,.T.);
#110=FACE_BOUND('',#492,.T.);
#111=FACE_BOUND('',#493,.T.);
#112=FACE_BOUND('',#494,.T.);
#113=FACE_BOUND('',#495,.T.);
#114=FACE_BOUND('',#496,.T.);
#115=FACE_BOUND('',#497,.T.);
#116=FACE_BOUND('',#498,.T.);
#117=FACE_BOUND('',#499,.T.);
#118=FACE_BOUND('',#500,.T.);
#119=FACE_BOUND('',#501,.T.);
#120=CIRCLE('',#2072,23.0000000000003);
#121=CIRCLE('',#2073,32.9999999999999);
#122=CIRCLE('',#2074,23.);
#123=CIRCLE('',#2075,13.0000000000003);
#124=CIRCLE('',#2076,13.);
#125=CIRCLE('',#2077,23.);
#126=CIRCLE('',#2078,33.0000000000001);
#127=CIRCLE('',#2079,1.6);
#128=CIRCLE('',#2080,1.35);
#129=CIRCLE('',#2081,1.35);
#130=CIRCLE('',#2082,1.6);
#131=CIRCLE('',#2083,1.6);
#132=CIRCLE('',#2084,1.35);
#133=CIRCLE('',#2085,1.35);
#134=CIRCLE('',#2086,1.6);
#135=CIRCLE('',#2087,1.6);
#136=CIRCLE('',#2088,1.6);
#137=CIRCLE('',#2089,5.);
#138=CIRCLE('',#2100,1.6);
#139=CIRCLE('',#2102,1.35);
#140=CIRCLE('',#2104,1.35);
#141=CIRCLE('',#2106,1.6);
#142=CIRCLE('',#2108,1.6);
#143=CIRCLE('',#2110,1.35);
#144=CIRCLE('',#2112,1.35);
#145=CIRCLE('',#2114,1.6);
#146=CIRCLE('',#2116,1.6);
#147=CIRCLE('',#2118,1.6);
#148=CIRCLE('',#2120,0.999999999999994);
#149=CIRCLE('',#2121,1.);
#150=CIRCLE('',#2122,1.);
#151=CIRCLE('',#2124,1.);
#152=CIRCLE('',#2127,1.00000000000001);
#153=CIRCLE('',#2128,1.);
#154=CIRCLE('',#2129,1.);
#155=CIRCLE('',#2132,1.);
#156=CIRCLE('',#2133,1.);
#157=CIRCLE('',#2134,1.00000000000001);
#158=CIRCLE('',#2136,0.999999999999998);
#159=CIRCLE('',#2137,1.);
#160=CIRCLE('',#2138,0.999999999999993);
#161=CIRCLE('',#2141,1.);
#162=CIRCLE('',#2142,1.00000000000001);
#163=CIRCLE('',#2143,1.);
#164=CIRCLE('',#2147,1.);
#165=CIRCLE('',#2148,1.);
#166=CIRCLE('',#2149,0.999999999999999);
#167=CIRCLE('',#2151,1.);
#168=CIRCLE('',#2153,1.00000000000001);
#169=CIRCLE('',#2154,13.);
#170=CIRCLE('',#2155,12.);
#171=CIRCLE('',#2157,0.999999999999996);
#172=CIRCLE('',#2159,1.);
#173=CIRCLE('',#2160,13.0000000000003);
#174=CIRCLE('',#2161,12.0000000000003);
#175=CIRCLE('',#2164,0.999999999999995);
#176=CIRCLE('',#2165,1.);
#177=CIRCLE('',#2166,0.999999999999998);
#178=CIRCLE('',#2168,1.);
#179=CIRCLE('',#2170,1.00000000000001);
#180=CIRCLE('',#2171,23.0000000000003);
#181=CIRCLE('',#2172,22.0000000000003);
#182=CIRCLE('',#2175,0.999999999999998);
#183=CIRCLE('',#2176,0.999999999999998);
#184=CIRCLE('',#2177,1.);
#185=CIRCLE('',#2180,1.00000000000001);
#186=CIRCLE('',#2181,1.);
#187=CIRCLE('',#2182,1.);
#188=CIRCLE('',#2185,1.00000000000002);
#189=CIRCLE('',#2187,0.999999999999996);
#190=CIRCLE('',#2188,12.0000000000003);
#191=CIRCLE('',#2190,0.999999999999996);
#192=CIRCLE('',#2192,1.);
#193=CIRCLE('',#2193,12.);
#194=CIRCLE('',#2196,1.);
#195=CIRCLE('',#2197,1.);
#196=CIRCLE('',#2198,1.00000000000001);
#197=CIRCLE('',#2200,0.999999999999998);
#198=CIRCLE('',#2201,1.);
#199=CIRCLE('',#2202,0.999999999999994);
#200=CIRCLE('',#2205,1.);
#201=CIRCLE('',#2207,1.);
#202=CIRCLE('',#2208,31.9999999999999);
#203=CIRCLE('',#2209,32.9999999999999);
#204=CIRCLE('',#2211,1.);
#205=CIRCLE('',#2213,1.);
#206=CIRCLE('',#2214,22.);
#207=CIRCLE('',#2215,23.);
#208=CIRCLE('',#2218,0.999999999999998);
#209=CIRCLE('',#2219,1.);
#210=CIRCLE('',#2220,1.);
#211=CIRCLE('',#2223,1.);
#212=CIRCLE('',#2224,1.00000000000001);
#213=CIRCLE('',#2225,1.);
#214=CIRCLE('',#2229,0.999999999999998);
#215=CIRCLE('',#2230,0.999999999999994);
#216=CIRCLE('',#2231,1.);
#217=CIRCLE('',#2234,1.);
#218=CIRCLE('',#2236,1.);
#219=CIRCLE('',#2237,31.9999999999999);
#220=CIRCLE('',#2239,1.);
#221=CIRCLE('',#2241,1.);
#222=CIRCLE('',#2242,22.);
#223=CIRCLE('',#2246,0.999999999999993);
#224=CIRCLE('',#2248,0.999999999999995);
#225=CIRCLE('',#2249,22.0000000000003);
#226=CIRCLE('',#2255,0.999999999999996);
#227=CIRCLE('',#2256,22.);
#228=CIRCLE('',#2258,1.);
#229=CIRCLE('',#2260,1.);
#230=CIRCLE('',#2261,32.0000000000001);
#231=CIRCLE('',#2265,1.00000000000001);
#232=CIRCLE('',#2266,33.0000000000001);
#233=CIRCLE('',#2267,32.0000000000001);
#234=CIRCLE('',#2269,1.);
#235=CIRCLE('',#2271,23.);
#236=CIRCLE('',#2272,22.);
#237=CIRCLE('',#2288,5.);
#238=FACE_OUTER_BOUND('',#363,.T.);
#239=FACE_OUTER_BOUND('',#364,.T.);
#240=FACE_OUTER_BOUND('',#365,.T.);
#241=FACE_OUTER_BOUND('',#366,.T.);
#242=FACE_OUTER_BOUND('',#367,.T.);
#243=FACE_OUTER_BOUND('',#368,.T.);
#244=FACE_OUTER_BOUND('',#369,.T.);
#245=FACE_OUTER_BOUND('',#370,.T.);
#246=FACE_OUTER_BOUND('',#371,.T.);
#247=FACE_OUTER_BOUND('',#372,.T.);
#248=FACE_OUTER_BOUND('',#373,.T.);
#249=FACE_OUTER_BOUND('',#374,.T.);
#250=FACE_OUTER_BOUND('',#375,.T.);
#251=FACE_OUTER_BOUND('',#376,.T.);
#252=FACE_OUTER_BOUND('',#377,.T.);
#253=FACE_OUTER_BOUND('',#378,.T.);
#254=FACE_OUTER_BOUND('',#379,.T.);
#255=FACE_OUTER_BOUND('',#380,.T.);
#256=FACE_OUTER_BOUND('',#381,.T.);
#257=FACE_OUTER_BOUND('',#382,.T.);
#258=FACE_OUTER_BOUND('',#394,.T.);
#259=FACE_OUTER_BOUND('',#395,.T.);
#260=FACE_OUTER_BOUND('',#396,.T.);
#261=FACE_OUTER_BOUND('',#397,.T.);
#262=FACE_OUTER_BOUND('',#398,.T.);
#263=FACE_OUTER_BOUND('',#399,.T.);
#264=FACE_OUTER_BOUND('',#400,.T.);
#265=FACE_OUTER_BOUND('',#401,.T.);
#266=FACE_OUTER_BOUND('',#402,.T.);
#267=FACE_OUTER_BOUND('',#403,.T.);
#268=FACE_OUTER_BOUND('',#404,.T.);
#269=FACE_OUTER_BOUND('',#405,.T.);
#270=FACE_OUTER_BOUND('',#406,.T.);
#271=FACE_OUTER_BOUND('',#407,.T.);
#272=FACE_OUTER_BOUND('',#408,.T.);
#273=FACE_OUTER_BOUND('',#409,.T.);
#274=FACE_OUTER_BOUND('',#410,.T.);
#275=FACE_OUTER_BOUND('',#411,.T.);
#276=FACE_OUTER_BOUND('',#412,.T.);
#277=FACE_OUTER_BOUND('',#413,.T.);
#278=FACE_OUTER_BOUND('',#414,.T.);
#279=FACE_OUTER_BOUND('',#415,.T.);
#280=FACE_OUTER_BOUND('',#416,.T.);
#281=FACE_OUTER_BOUND('',#417,.T.);
#282=FACE_OUTER_BOUND('',#418,.T.);
#283=FACE_OUTER_BOUND('',#419,.T.);
#284=FACE_OUTER_BOUND('',#420,.T.);
#285=FACE_OUTER_BOUND('',#421,.T.);
#286=FACE_OUTER_BOUND('',#422,.T.);
#287=FACE_OUTER_BOUND('',#423,.T.);
#288=FACE_OUTER_BOUND('',#424,.T.);
#289=FACE_OUTER_BOUND('',#425,.T.);
#290=FACE_OUTER_BOUND('',#426,.T.);
#291=FACE_OUTER_BOUND('',#427,.T.);
#292=FACE_OUTER_BOUND('',#428,.T.);
#293=FACE_OUTER_BOUND('',#429,.T.);
#294=FACE_OUTER_BOUND('',#430,.T.);
#295=FACE_OUTER_BOUND('',#431,.T.);
#296=FACE_OUTER_BOUND('',#432,.T.);
#297=FACE_OUTER_BOUND('',#433,.T.);
#298=FACE_OUTER_BOUND('',#434,.T.);
#299=FACE_OUTER_BOUND('',#435,.T.);
#300=FACE_OUTER_BOUND('',#436,.T.);
#301=FACE_OUTER_BOUND('',#437,.T.);
#302=FACE_OUTER_BOUND('',#438,.T.);
#303=FACE_OUTER_BOUND('',#439,.T.);
#304=FACE_OUTER_BOUND('',#440,.T.);
#305=FACE_OUTER_BOUND('',#441,.T.);
#306=FACE_OUTER_BOUND('',#442,.T.);
#307=FACE_OUTER_BOUND('',#443,.T.);
#308=FACE_OUTER_BOUND('',#444,.T.);
#309=FACE_OUTER_BOUND('',#445,.T.);
#310=FACE_OUTER_BOUND('',#446,.T.);
#311=FACE_OUTER_BOUND('',#447,.T.);
#312=FACE_OUTER_BOUND('',#448,.T.);
#313=FACE_OUTER_BOUND('',#449,.T.);
#314=FACE_OUTER_BOUND('',#450,.T.);
#315=FACE_OUTER_BOUND('',#451,.T.);
#316=FACE_OUTER_BOUND('',#452,.T.);
#317=FACE_OUTER_BOUND('',#453,.T.);
#318=FACE_OUTER_BOUND('',#454,.T.);
#319=FACE_OUTER_BOUND('',#455,.T.);
#320=FACE_OUTER_BOUND('',#456,.T.);
#321=FACE_OUTER_BOUND('',#457,.T.);
#322=FACE_OUTER_BOUND('',#458,.T.);
#323=FACE_OUTER_BOUND('',#459,.T.);
#324=FACE_OUTER_BOUND('',#460,.T.);
#325=FACE_OUTER_BOUND('',#461,.T.);
#326=FACE_OUTER_BOUND('',#462,.T.);
#327=FACE_OUTER_BOUND('',#463,.T.);
#328=FACE_OUTER_BOUND('',#464,.T.);
#329=FACE_OUTER_BOUND('',#465,.T.);
#330=FACE_OUTER_BOUND('',#466,.T.);
#331=FACE_OUTER_BOUND('',#467,.T.);
#332=FACE_OUTER_BOUND('',#468,.T.);
#333=FACE_OUTER_BOUND('',#469,.T.);
#334=FACE_OUTER_BOUND('',#470,.T.);
#335=FACE_OUTER_BOUND('',#471,.T.);
#336=FACE_OUTER_BOUND('',#472,.T.);
#337=FACE_OUTER_BOUND('',#473,.T.);
#338=FACE_OUTER_BOUND('',#474,.T.);
#339=FACE_OUTER_BOUND('',#475,.T.);
#340=FACE_OUTER_BOUND('',#476,.T.);
#341=FACE_OUTER_BOUND('',#477,.T.);
#342=FACE_OUTER_BOUND('',#478,.T.);
#343=FACE_OUTER_BOUND('',#479,.T.);
#344=FACE_OUTER_BOUND('',#480,.T.);
#345=FACE_OUTER_BOUND('',#481,.T.);
#346=FACE_OUTER_BOUND('',#482,.T.);
#347=FACE_OUTER_BOUND('',#483,.T.);
#348=FACE_OUTER_BOUND('',#484,.T.);
#349=FACE_OUTER_BOUND('',#485,.T.);
#350=FACE_OUTER_BOUND('',#486,.T.);
#351=FACE_OUTER_BOUND('',#487,.T.);
#352=FACE_OUTER_BOUND('',#488,.T.);
#353=FACE_OUTER_BOUND('',#489,.T.);
#354=FACE_OUTER_BOUND('',#490,.T.);
#355=FACE_OUTER_BOUND('',#502,.T.);
#356=FACE_OUTER_BOUND('',#503,.T.);
#357=FACE_OUTER_BOUND('',#504,.T.);
#358=FACE_OUTER_BOUND('',#505,.T.);
#359=FACE_OUTER_BOUND('',#506,.T.);
#360=FACE_OUTER_BOUND('',#507,.T.);
#361=FACE_OUTER_BOUND('',#508,.T.);
#362=FACE_OUTER_BOUND('',#509,.T.);
#363=EDGE_LOOP('',(#1295,#1296,#1297,#1298,#1299,#1300));
#364=EDGE_LOOP('',(#1301,#1302,#1303,#1304,#1305,#1306));
#365=EDGE_LOOP('',(#1307,#1308,#1309,#1310,#1311,#1312));
#366=EDGE_LOOP('',(#1313,#1314,#1315,#1316,#1317,#1318));
#367=EDGE_LOOP('',(#1319,#1320,#1321,#1322));
#368=EDGE_LOOP('',(#1323,#1324,#1325,#1326));
#369=EDGE_LOOP('',(#1327,#1328,#1329,#1330));
#370=EDGE_LOOP('',(#1331,#1332,#1333,#1334));
#371=EDGE_LOOP('',(#1335,#1336,#1337,#1338));
#372=EDGE_LOOP('',(#1339,#1340,#1341,#1342));
#373=EDGE_LOOP('',(#1343,#1344,#1345,#1346));
#374=EDGE_LOOP('',(#1347,#1348,#1349,#1350));
#375=EDGE_LOOP('',(#1351,#1352,#1353,#1354));
#376=EDGE_LOOP('',(#1355,#1356,#1357,#1358));
#377=EDGE_LOOP('',(#1359,#1360,#1361,#1362));
#378=EDGE_LOOP('',(#1363,#1364,#1365,#1366));
#379=EDGE_LOOP('',(#1367,#1368,#1369,#1370));
#380=EDGE_LOOP('',(#1371,#1372,#1373,#1374));
#381=EDGE_LOOP('',(#1375,#1376,#1377,#1378));
#382=EDGE_LOOP('',(#1379,#1380,#1381,#1382,#1383,#1384,#1385,#1386,#1387,
#1388,#1389,#1390,#1391,#1392,#1393,#1394,#1395,#1396,#1397,#1398,#1399,
#1400,#1401,#1402,#1403,#1404,#1405,#1406,#1407,#1408,#1409,#1410,#1411,
#1412,#1413,#1414,#1415,#1416,#1417,#1418,#1419));
#383=EDGE_LOOP('',(#1420));
#384=EDGE_LOOP('',(#1421));
#385=EDGE_LOOP('',(#1422));
#386=EDGE_LOOP('',(#1423));
#387=EDGE_LOOP('',(#1424));
#388=EDGE_LOOP('',(#1425));
#389=EDGE_LOOP('',(#1426));
#390=EDGE_LOOP('',(#1427));
#391=EDGE_LOOP('',(#1428));
#392=EDGE_LOOP('',(#1429));
#393=EDGE_LOOP('',(#1430));
#394=EDGE_LOOP('',(#1431,#1432,#1433,#1434));
#395=EDGE_LOOP('',(#1435,#1436,#1437,#1438));
#396=EDGE_LOOP('',(#1439,#1440,#1441,#1442));
#397=EDGE_LOOP('',(#1443,#1444,#1445,#1446));
#398=EDGE_LOOP('',(#1447,#1448,#1449,#1450));
#399=EDGE_LOOP('',(#1451,#1452,#1453,#1454));
#400=EDGE_LOOP('',(#1455,#1456,#1457,#1458));
#401=EDGE_LOOP('',(#1459,#1460,#1461,#1462));
#402=EDGE_LOOP('',(#1463,#1464,#1465,#1466));
#403=EDGE_LOOP('',(#1467,#1468,#1469,#1470));
#404=EDGE_LOOP('',(#1471,#1472,#1473,#1474));
#405=EDGE_LOOP('',(#1475,#1476,#1477,#1478));
#406=EDGE_LOOP('',(#1479,#1480,#1481,#1482));
#407=EDGE_LOOP('',(#1483,#1484,#1485,#1486));
#408=EDGE_LOOP('',(#1487,#1488,#1489,#1490));
#409=EDGE_LOOP('',(#1491,#1492,#1493,#1494));
#410=EDGE_LOOP('',(#1495,#1496,#1497,#1498));
#411=EDGE_LOOP('',(#1499,#1500,#1501,#1502));
#412=EDGE_LOOP('',(#1503,#1504,#1505,#1506));
#413=EDGE_LOOP('',(#1507,#1508,#1509));
#414=EDGE_LOOP('',(#1510,#1511,#1512,#1513));
#415=EDGE_LOOP('',(#1514,#1515,#1516));
#416=EDGE_LOOP('',(#1517,#1518,#1519,#1520));
#417=EDGE_LOOP('',(#1521,#1522,#1523));
#418=EDGE_LOOP('',(#1524,#1525,#1526));
#419=EDGE_LOOP('',(#1527,#1528,#1529,#1530));
#420=EDGE_LOOP('',(#1531,#1532,#1533));
#421=EDGE_LOOP('',(#1534,#1535,#1536,#1537));
#422=EDGE_LOOP('',(#1538,#1539,#1540,#1541));
#423=EDGE_LOOP('',(#1542,#1543,#1544));
#424=EDGE_LOOP('',(#1545,#1546,#1547,#1548));
#425=EDGE_LOOP('',(#1549,#1550,#1551,#1552));
#426=EDGE_LOOP('',(#1553,#1554,#1555,#1556));
#427=EDGE_LOOP('',(#1557,#1558,#1559,#1560));
#428=EDGE_LOOP('',(#1561,#1562,#1563,#1564));
#429=EDGE_LOOP('',(#1565,#1566,#1567));
#430=EDGE_LOOP('',(#1568,#1569,#1570,#1571));
#431=EDGE_LOOP('',(#1572,#1573,#1574,#1575));
#432=EDGE_LOOP('',(#1576,#1577,#1578,#1579));
#433=EDGE_LOOP('',(#1580,#1581,#1582));
#434=EDGE_LOOP('',(#1583,#1584,#1585,#1586));
#435=EDGE_LOOP('',(#1587,#1588,#1589));
#436=EDGE_LOOP('',(#1590,#1591,#1592,#1593));
#437=EDGE_LOOP('',(#1594,#1595,#1596,#1597,#1598));
#438=EDGE_LOOP('',(#1599,#1600,#1601,#1602));
#439=EDGE_LOOP('',(#1603,#1604,#1605,#1606));
#440=EDGE_LOOP('',(#1607,#1608,#1609,#1610));
#441=EDGE_LOOP('',(#1611,#1612,#1613,#1614,#1615));
#442=EDGE_LOOP('',(#1616,#1617,#1618));
#443=EDGE_LOOP('',(#1619,#1620,#1621));
#444=EDGE_LOOP('',(#1622,#1623,#1624,#1625));
#445=EDGE_LOOP('',(#1626,#1627,#1628,#1629));
#446=EDGE_LOOP('',(#1630,#1631,#1632,#1633));
#447=EDGE_LOOP('',(#1634,#1635,#1636,#1637));
#448=EDGE_LOOP('',(#1638,#1639,#1640,#1641));
#449=EDGE_LOOP('',(#1642,#1643,#1644,#1645));
#450=EDGE_LOOP('',(#1646,#1647,#1648));
#451=EDGE_LOOP('',(#1649,#1650,#1651,#1652));
#452=EDGE_LOOP('',(#1653,#1654,#1655));
#453=EDGE_LOOP('',(#1656,#1657,#1658,#1659));
#454=EDGE_LOOP('',(#1660,#1661,#1662,#1663));
#455=EDGE_LOOP('',(#1664,#1665,#1666));
#456=EDGE_LOOP('',(#1667,#1668,#1669,#1670));
#457=EDGE_LOOP('',(#1671,#1672,#1673,#1674));
#458=EDGE_LOOP('',(#1675,#1676,#1677,#1678));
#459=EDGE_LOOP('',(#1679,#1680,#1681,#1682));
#460=EDGE_LOOP('',(#1683,#1684,#1685,#1686));
#461=EDGE_LOOP('',(#1687,#1688,#1689,#1690));
#462=EDGE_LOOP('',(#1691,#1692,#1693,#1694));
#463=EDGE_LOOP('',(#1695,#1696,#1697,#1698,#1699));
#464=EDGE_LOOP('',(#1700,#1701,#1702,#1703));
#465=EDGE_LOOP('',(#1704,#1705,#1706,#1707,#1708));
#466=EDGE_LOOP('',(#1709,#1710,#1711,#1712));
#467=EDGE_LOOP('',(#1713,#1714,#1715,#1716));
#468=EDGE_LOOP('',(#1717,#1718,#1719,#1720));
#469=EDGE_LOOP('',(#1721,#1722,#1723,#1724));
#470=EDGE_LOOP('',(#1725,#1726,#1727,#1728));
#471=EDGE_LOOP('',(#1729,#1730,#1731,#1732));
#472=EDGE_LOOP('',(#1733,#1734,#1735,#1736));
#473=EDGE_LOOP('',(#1737,#1738,#1739,#1740));
#474=EDGE_LOOP('',(#1741,#1742,#1743,#1744));
#475=EDGE_LOOP('',(#1745,#1746,#1747,#1748));
#476=EDGE_LOOP('',(#1749,#1750,#1751,#1752));
#477=EDGE_LOOP('',(#1753,#1754,#1755,#1756));
#478=EDGE_LOOP('',(#1757,#1758,#1759,#1760));
#479=EDGE_LOOP('',(#1761,#1762,#1763,#1764));
#480=EDGE_LOOP('',(#1765,#1766,#1767,#1768));
#481=EDGE_LOOP('',(#1769,#1770,#1771,#1772));
#482=EDGE_LOOP('',(#1773,#1774,#1775,#1776));
#483=EDGE_LOOP('',(#1777,#1778,#1779,#1780));
#484=EDGE_LOOP('',(#1781,#1782,#1783,#1784));
#485=EDGE_LOOP('',(#1785,#1786,#1787,#1788));
#486=EDGE_LOOP('',(#1789,#1790,#1791,#1792));
#487=EDGE_LOOP('',(#1793,#1794,#1795,#1796));
#488=EDGE_LOOP('',(#1797,#1798,#1799,#1800));
#489=EDGE_LOOP('',(#1801,#1802,#1803,#1804));
#490=EDGE_LOOP('',(#1805,#1806,#1807,#1808,#1809,#1810,#1811,#1812,#1813,
#1814,#1815,#1816,#1817,#1818,#1819,#1820,#1821,#1822,#1823,#1824,#1825));
#491=EDGE_LOOP('',(#1826));
#492=EDGE_LOOP('',(#1827));
#493=EDGE_LOOP('',(#1828));
#494=EDGE_LOOP('',(#1829));
#495=EDGE_LOOP('',(#1830));
#496=EDGE_LOOP('',(#1831));
#497=EDGE_LOOP('',(#1832));
#498=EDGE_LOOP('',(#1833));
#499=EDGE_LOOP('',(#1834));
#500=EDGE_LOOP('',(#1835));
#501=EDGE_LOOP('',(#1836));
#502=EDGE_LOOP('',(#1837,#1838,#1839,#1840));
#503=EDGE_LOOP('',(#1841,#1842,#1843,#1844));
#504=EDGE_LOOP('',(#1845,#1846,#1847,#1848));
#505=EDGE_LOOP('',(#1849,#1850,#1851,#1852));
#506=EDGE_LOOP('',(#1853,#1854,#1855,#1856));
#507=EDGE_LOOP('',(#1857,#1858,#1859,#1860));
#508=EDGE_LOOP('',(#1861,#1862,#1863,#1864));
#509=EDGE_LOOP('',(#1865,#1866,#1867,#1868));
#510=LINE('',#2960,#677);
#511=LINE('',#2962,#678);
#512=LINE('',#2964,#679);
#513=LINE('',#2966,#680);
#514=LINE('',#2968,#681);
#515=LINE('',#2969,#682);
#516=LINE('',#2973,#683);
#517=LINE('',#2975,#684);
#518=LINE('',#2977,#685);
#519=LINE('',#2979,#686);
#520=LINE('',#2981,#687);
#521=LINE('',#2982,#688);
#522=LINE('',#2986,#689);
#523=LINE('',#2988,#690);
#524=LINE('',#2990,#691);
#525=LINE('',#2992,#692);
#526=LINE('',#2994,#693);
#527=LINE('',#2995,#694);
#528=LINE('',#2999,#695);
#529=LINE('',#3001,#696);
#530=LINE('',#3003,#697);
#531=LINE('',#3005,#698);
#532=LINE('',#3007,#699);
#533=LINE('',#3008,#700);
#534=LINE('',#3011,#701);
#535=LINE('',#3013,#702);
#536=LINE('',#3014,#703);
#537=LINE('',#3017,#704);
#538=LINE('',#3018,#705);
#539=LINE('',#3021,#706);
#540=LINE('',#3022,#707);
#541=LINE('',#3025,#708);
#542=LINE('',#3027,#709);
#543=LINE('',#3028,#710);
#544=LINE('',#3031,#711);
#545=LINE('',#3032,#712);
#546=LINE('',#3035,#713);
#547=LINE('',#3036,#714);
#548=LINE('',#3039,#715);
#549=LINE('',#3041,#716);
#550=LINE('',#3042,#717);
#551=LINE('',#3045,#718);
#552=LINE('',#3046,#719);
#553=LINE('',#3049,#720);
#554=LINE('',#3050,#721);
#555=LINE('',#3053,#722);
#556=LINE('',#3055,#723);
#557=LINE('',#3056,#724);
#558=LINE('',#3059,#725);
#559=LINE('',#3060,#726);
#560=LINE('',#3063,#727);
#561=LINE('',#3064,#728);
#562=LINE('',#3067,#729);
#563=LINE('',#3068,#730);
#564=LINE('',#3071,#731);
#565=LINE('',#3072,#732);
#566=LINE('',#3074,#733);
#567=LINE('',#3077,#734);
#568=LINE('',#3080,#735);
#569=LINE('',#3082,#736);
#570=LINE('',#3084,#737);
#571=LINE('',#3085,#738);
#572=LINE('',#3087,#739);
#573=LINE('',#3089,#740);
#574=LINE('',#3093,#741);
#575=LINE('',#3097,#742);
#576=LINE('',#3098,#743);
#577=LINE('',#3100,#744);
#578=LINE('',#3102,#745);
#579=LINE('',#3103,#746);
#580=LINE('',#3105,#747);
#581=LINE('',#3109,#748);
#582=LINE('',#3113,#749);
#583=LINE('',#3114,#750);
#584=LINE('',#3116,#751);
#585=LINE('',#3118,#752);
#586=LINE('',#3122,#753);
#587=LINE('',#3126,#754);
#588=LINE('',#3127,#755);
#589=LINE('',#3151,#756);
#590=LINE('',#3153,#757);
#591=LINE('',#3156,#758);
#592=LINE('',#3158,#759);
#593=LINE('',#3159,#760);
#594=LINE('',#3162,#761);
#595=LINE('',#3164,#762);
#596=LINE('',#3168,#763);
#597=LINE('',#3172,#764);
#598=LINE('',#3176,#765);
#599=LINE('',#3180,#766);
#600=LINE('',#3184,#767);
#601=LINE('',#3188,#768);
#602=LINE('',#3192,#769);
#603=LINE('',#3196,#770);
#604=LINE('',#3201,#771);
#605=LINE('',#3205,#772);
#606=LINE('',#3216,#773);
#607=LINE('',#3220,#774);
#608=LINE('',#3229,#775);
#609=LINE('',#3230,#776);
#610=LINE('',#3246,#777);
#611=LINE('',#3247,#778);
#612=LINE('',#3255,#779);
#613=LINE('',#3256,#780);
#614=LINE('',#3258,#781);
#615=LINE('',#3270,#782);
#616=LINE('',#3271,#783);
#617=LINE('',#3282,#784);
#618=LINE('',#3283,#785);
#619=LINE('',#3291,#786);
#620=LINE('',#3292,#787);
#621=LINE('',#3304,#788);
#622=LINE('',#3305,#789);
#623=LINE('',#3313,#790);
#624=LINE('',#3314,#791);
#625=LINE('',#3322,#792);
#626=LINE('',#3323,#793);
#627=LINE('',#3331,#794);
#628=LINE('',#3332,#795);
#629=LINE('',#3336,#796);
#630=LINE('',#3344,#797);
#631=LINE('',#3350,#798);
#632=LINE('',#3366,#799);
#633=LINE('',#3367,#800);
#634=LINE('',#3372,#801);
#635=LINE('',#3373,#802);
#636=LINE('',#3384,#803);
#637=LINE('',#3385,#804);
#638=LINE('',#3393,#805);
#639=LINE('',#3394,#806);
#640=LINE('',#3402,#807);
#641=LINE('',#3403,#808);
#642=LINE('',#3411,#809);
#643=LINE('',#3412,#810);
#644=LINE('',#3414,#811);
#645=LINE('',#3422,#812);
#646=LINE('',#3423,#813);
#647=LINE('',#3427,#814);
#648=LINE('',#3435,#815);
#649=LINE('',#3441,#816);
#650=LINE('',#3443,#817);
#651=LINE('',#3447,#818);
#652=LINE('',#3453,#819);
#653=LINE('',#3455,#820);
#654=LINE('',#3456,#821);
#655=LINE('',#3459,#822);
#656=LINE('',#3468,#823);
#657=LINE('',#3474,#824);
#658=LINE('',#3476,#825);
#659=LINE('',#3477,#826);
#660=LINE('',#3488,#827);
#661=LINE('',#3489,#828);
#662=LINE('',#3494,#829);
#663=LINE('',#3495,#830);
#664=LINE('',#3497,#831);
#665=LINE('',#3499,#832);
#666=LINE('',#3502,#833);
#667=LINE('',#3503,#834);
#668=LINE('',#3505,#835);
#669=LINE('',#3507,#836);
#670=LINE('',#3510,#837);
#671=LINE('',#3512,#838);
#672=LINE('',#3513,#839);
#673=LINE('',#3515,#840);
#674=LINE('',#3517,#841);
#675=LINE('',#3526,#842);
#676=LINE('',#3529,#843);
#677=VECTOR('',#2301,10.);
#678=VECTOR('',#2302,10.);
#679=VECTOR('',#2303,10.);
#680=VECTOR('',#2304,10.);
#681=VECTOR('',#2305,10.);
#682=VECTOR('',#2306,10.);
#683=VECTOR('',#2309,10.);
#684=VECTOR('',#2310,10.);
#685=VECTOR('',#2311,10.);
#686=VECTOR('',#2312,10.);
#687=VECTOR('',#2313,10.);
#688=VECTOR('',#2314,10.);
#689=VECTOR('',#2317,10.);
#690=VECTOR('',#2318,10.);
#691=VECTOR('',#2319,10.);
#692=VECTOR('',#2320,10.);
#693=VECTOR('',#2321,10.);
#694=VECTOR('',#2322,10.);
#695=VECTOR('',#2325,10.);
#696=VECTOR('',#2326,10.);
#697=VECTOR('',#2327,10.);
#698=VECTOR('',#2328,10.);
#699=VECTOR('',#2329,10.);
#700=VECTOR('',#2330,10.);
#701=VECTOR('',#2333,10.);
#702=VECTOR('',#2334,10.);
#703=VECTOR('',#2335,10.);
#704=VECTOR('',#2338,10.);
#705=VECTOR('',#2339,10.);
#706=VECTOR('',#2342,10.);
#707=VECTOR('',#2343,10.);
#708=VECTOR('',#2346,10.);
#709=VECTOR('',#2347,10.);
#710=VECTOR('',#2348,10.);
#711=VECTOR('',#2351,10.);
#712=VECTOR('',#2352,10.);
#713=VECTOR('',#2355,10.);
#714=VECTOR('',#2356,10.);
#715=VECTOR('',#2359,10.);
#716=VECTOR('',#2360,10.);
#717=VECTOR('',#2361,10.);
#718=VECTOR('',#2364,10.);
#719=VECTOR('',#2365,10.);
#720=VECTOR('',#2368,10.);
#721=VECTOR('',#2369,10.);
#722=VECTOR('',#2372,10.);
#723=VECTOR('',#2373,10.);
#724=VECTOR('',#2374,10.);
#725=VECTOR('',#2377,10.);
#726=VECTOR('',#2378,10.);
#727=VECTOR('',#2381,10.);
#728=VECTOR('',#2382,10.);
#729=VECTOR('',#2385,10.);
#730=VECTOR('',#2386,10.);
#731=VECTOR('',#2389,10.);
#732=VECTOR('',#2390,10.);
#733=VECTOR('',#2393,10.);
#734=VECTOR('',#2396,10.);
#735=VECTOR('',#2399,10.);
#736=VECTOR('',#2400,10.);
#737=VECTOR('',#2401,10.);
#738=VECTOR('',#2402,10.);
#739=VECTOR('',#2403,10.);
#740=VECTOR('',#2404,10.);
#741=VECTOR('',#2407,10.);
#742=VECTOR('',#2410,10.);
#743=VECTOR('',#2411,10.);
#744=VECTOR('',#2412,10.);
#745=VECTOR('',#2413,10.);
#746=VECTOR('',#2414,10.);
#747=VECTOR('',#2415,10.);
#748=VECTOR('',#2418,10.);
#749=VECTOR('',#2421,10.);
#750=VECTOR('',#2422,10.);
#751=VECTOR('',#2423,10.);
#752=VECTOR('',#2424,10.);
#753=VECTOR('',#2427,10.);
#754=VECTOR('',#2430,10.);
#755=VECTOR('',#2431,10.);
#756=VECTOR('',#2456,10.);
#757=VECTOR('',#2459,10.);
#758=VECTOR('',#2464,10.);
#759=VECTOR('',#2467,10.);
#760=VECTOR('',#2468,10.);
#761=VECTOR('',#2473,10.);
#762=VECTOR('',#2476,10.);
#763=VECTOR('',#2481,1.6);
#764=VECTOR('',#2486,1.35);
#765=VECTOR('',#2491,1.35);
#766=VECTOR('',#2496,1.6);
#767=VECTOR('',#2501,1.6);
#768=VECTOR('',#2506,1.35);
#769=VECTOR('',#2511,1.35);
#770=VECTOR('',#2516,1.6);
#771=VECTOR('',#2523,1.6);
#772=VECTOR('',#2528,1.6);
#773=VECTOR('',#2539,10.);
#774=VECTOR('',#2542,10.);
#775=VECTOR('',#2555,10.);
#776=VECTOR('',#2556,10.);
#777=VECTOR('',#2575,10.);
#778=VECTOR('',#2576,10.);
#779=VECTOR('',#2587,10.);
#780=VECTOR('',#2588,10.);
#781=VECTOR('',#2591,10.);
#782=VECTOR('',#2604,10.);
#783=VECTOR('',#2605,10.);
#784=VECTOR('',#2618,10.);
#785=VECTOR('',#2619,10.);
#786=VECTOR('',#2630,10.);
#787=VECTOR('',#2631,10.);
#788=VECTOR('',#2644,10.);
#789=VECTOR('',#2645,10.);
#790=VECTOR('',#2656,10.);
#791=VECTOR('',#2657,10.);
#792=VECTOR('',#2668,10.);
#793=VECTOR('',#2669,10.);
#794=VECTOR('',#2680,10.);
#795=VECTOR('',#2681,10.);
#796=VECTOR('',#2686,10.);
#797=VECTOR('',#2697,10.);
#798=VECTOR('',#2706,10.);
#799=VECTOR('',#2725,10.);
#800=VECTOR('',#2726,10.);
#801=VECTOR('',#2731,10.);
#802=VECTOR('',#2732,10.);
#803=VECTOR('',#2745,10.);
#804=VECTOR('',#2746,10.);
#805=VECTOR('',#2757,10.);
#806=VECTOR('',#2758,10.);
#807=VECTOR('',#2769,10.);
#808=VECTOR('',#2770,10.);
#809=VECTOR('',#2781,10.);
#810=VECTOR('',#2782,10.);
#811=VECTOR('',#2785,10.);
#812=VECTOR('',#2796,10.);
#813=VECTOR('',#2797,10.);
#814=VECTOR('',#2802,10.);
#815=VECTOR('',#2813,10.);
#816=VECTOR('',#2822,10.);
#817=VECTOR('',#2825,10.);
#818=VECTOR('',#2830,10.);
#819=VECTOR('',#2839,10.);
#820=VECTOR('',#2842,10.);
#821=VECTOR('',#2843,10.);
#822=VECTOR('',#2846,10.);
#823=VECTOR('',#2859,10.);
#824=VECTOR('',#2868,10.);
#825=VECTOR('',#2871,10.);
#826=VECTOR('',#2872,10.);
#827=VECTOR('',#2885,10.);
#828=VECTOR('',#2886,10.);
#829=VECTOR('',#2895,10.);
#830=VECTOR('',#2896,10.);
#831=VECTOR('',#2899,10.);
#832=VECTOR('',#2902,10.);
#833=VECTOR('',#2907,10.);
#834=VECTOR('',#2908,10.);
#835=VECTOR('',#2911,10.);
#836=VECTOR('',#2914,10.);
#837=VECTOR('',#2919,10.);
#838=VECTOR('',#2922,10.);
#839=VECTOR('',#2923,10.);
#840=VECTOR('',#2926,10.);
#841=VECTOR('',#2929,10.);
#842=VECTOR('',#2944,5.);
#843=VECTOR('',#2949,10.);
#844=VERTEX_POINT('',#2958);
#845=VERTEX_POINT('',#2959);
#846=VERTEX_POINT('',#2961);
#847=VERTEX_POINT('',#2963);
#848=VERTEX_POINT('',#2965);
#849=VERTEX_POINT('',#2967);
#850=VERTEX_POINT('',#2971);
#851=VERTEX_POINT('',#2972);
#852=VERTEX_POINT('',#2974);
#853=VERTEX_POINT('',#2976);
#854=VERTEX_POINT('',#2978);
#855=VERTEX_POINT('',#2980);
#856=VERTEX_POINT('',#2984);
#857=VERTEX_POINT('',#2985);
#858=VERTEX_POINT('',#2987);
#859=VERTEX_POINT('',#2989);
#860=VERTEX_POINT('',#2991);
#861=VERTEX_POINT('',#2993);
#862=VERTEX_POINT('',#2997);
#863=VERTEX_POINT('',#2998);
#864=VERTEX_POINT('',#3000);
#865=VERTEX_POINT('',#3002);
#866=VERTEX_POINT('',#3004);
#867=VERTEX_POINT('',#3006);
#868=VERTEX_POINT('',#3010);
#869=VERTEX_POINT('',#3012);
#870=VERTEX_POINT('',#3016);
#871=VERTEX_POINT('',#3020);
#872=VERTEX_POINT('',#3024);
#873=VERTEX_POINT('',#3026);
#874=VERTEX_POINT('',#3030);
#875=VERTEX_POINT('',#3034);
#876=VERTEX_POINT('',#3038);
#877=VERTEX_POINT('',#3040);
#878=VERTEX_POINT('',#3044);
#879=VERTEX_POINT('',#3048);
#880=VERTEX_POINT('',#3052);
#881=VERTEX_POINT('',#3054);
#882=VERTEX_POINT('',#3058);
#883=VERTEX_POINT('',#3062);
#884=VERTEX_POINT('',#3066);
#885=VERTEX_POINT('',#3070);
#886=VERTEX_POINT('',#3076);
#887=VERTEX_POINT('',#3078);
#888=VERTEX_POINT('',#3081);
#889=VERTEX_POINT('',#3083);
#890=VERTEX_POINT('',#3086);
#891=VERTEX_POINT('',#3088);
#892=VERTEX_POINT('',#3090);
#893=VERTEX_POINT('',#3092);
#894=VERTEX_POINT('',#3094);
#895=VERTEX_POINT('',#3096);
#896=VERTEX_POINT('',#3099);
#897=VERTEX_POINT('',#3101);
#898=VERTEX_POINT('',#3104);
#899=VERTEX_POINT('',#3106);
#900=VERTEX_POINT('',#3108);
#901=VERTEX_POINT('',#3110);
#902=VERTEX_POINT('',#3112);
#903=VERTEX_POINT('',#3115);
#904=VERTEX_POINT('',#3117);
#905=VERTEX_POINT('',#3119);
#906=VERTEX_POINT('',#3121);
#907=VERTEX_POINT('',#3123);
#908=VERTEX_POINT('',#3125);
#909=VERTEX_POINT('',#3128);
#910=VERTEX_POINT('',#3130);
#911=VERTEX_POINT('',#3132);
#912=VERTEX_POINT('',#3134);
#913=VERTEX_POINT('',#3136);
#914=VERTEX_POINT('',#3138);
#915=VERTEX_POINT('',#3140);
#916=VERTEX_POINT('',#3142);
#917=VERTEX_POINT('',#3144);
#918=VERTEX_POINT('',#3146);
#919=VERTEX_POINT('',#3148);
#920=VERTEX_POINT('',#3167);
#921=VERTEX_POINT('',#3171);
#922=VERTEX_POINT('',#3175);
#923=VERTEX_POINT('',#3179);
#924=VERTEX_POINT('',#3183);
#925=VERTEX_POINT('',#3187);
#926=VERTEX_POINT('',#3191);
#927=VERTEX_POINT('',#3195);
#928=VERTEX_POINT('',#3199);
#929=VERTEX_POINT('',#3203);
#930=VERTEX_POINT('',#3207);
#931=VERTEX_POINT('',#3208);
#932=VERTEX_POINT('',#3210);
#933=VERTEX_POINT('',#3214);
#934=VERTEX_POINT('',#3215);
#935=VERTEX_POINT('',#3217);
#936=VERTEX_POINT('',#3219);
#937=VERTEX_POINT('',#3223);
#938=VERTEX_POINT('',#3225);
#939=VERTEX_POINT('',#3232);
#940=VERTEX_POINT('',#3233);
#941=VERTEX_POINT('',#3235);
#942=VERTEX_POINT('',#3239);
#943=VERTEX_POINT('',#3240);
#944=VERTEX_POINT('',#3242);
#945=VERTEX_POINT('',#3249);
#946=VERTEX_POINT('',#3251);
#947=VERTEX_POINT('',#3260);
#948=VERTEX_POINT('',#3261);
#949=VERTEX_POINT('',#3263);
#950=VERTEX_POINT('',#3267);
#951=VERTEX_POINT('',#3268);
#952=VERTEX_POINT('',#3273);
#953=VERTEX_POINT('',#3274);
#954=VERTEX_POINT('',#3279);
#955=VERTEX_POINT('',#3280);
#956=VERTEX_POINT('',#3285);
#957=VERTEX_POINT('',#3286);
#958=VERTEX_POINT('',#3294);
#959=VERTEX_POINT('',#3295);
#960=VERTEX_POINT('',#3297);
#961=VERTEX_POINT('',#3301);
#962=VERTEX_POINT('',#3302);
#963=VERTEX_POINT('',#3307);
#964=VERTEX_POINT('',#3308);
#965=VERTEX_POINT('',#3316);
#966=VERTEX_POINT('',#3318);
#967=VERTEX_POINT('',#3325);
#968=VERTEX_POINT('',#3327);
#969=VERTEX_POINT('',#3334);
#970=VERTEX_POINT('',#3338);
#971=VERTEX_POINT('',#3342);
#972=VERTEX_POINT('',#3346);
#973=VERTEX_POINT('',#3352);
#974=VERTEX_POINT('',#3353);
#975=VERTEX_POINT('',#3355);
#976=VERTEX_POINT('',#3359);
#977=VERTEX_POINT('',#3360);
#978=VERTEX_POINT('',#3362);
#979=VERTEX_POINT('',#3369);
#980=VERTEX_POINT('',#3370);
#981=VERTEX_POINT('',#3375);
#982=VERTEX_POINT('',#3376);
#983=VERTEX_POINT('',#3381);
#984=VERTEX_POINT('',#3382);
#985=VERTEX_POINT('',#3387);
#986=VERTEX_POINT('',#3388);
#987=VERTEX_POINT('',#3396);
#988=VERTEX_POINT('',#3398);
#989=VERTEX_POINT('',#3405);
#990=VERTEX_POINT('',#3407);
#991=VERTEX_POINT('',#3416);
#992=VERTEX_POINT('',#3418);
#993=VERTEX_POINT('',#3425);
#994=VERTEX_POINT('',#3429);
#995=VERTEX_POINT('',#3433);
#996=VERTEX_POINT('',#3437);
#997=VERTEX_POINT('',#3445);
#998=VERTEX_POINT('',#3449);
#999=VERTEX_POINT('',#3458);
#1000=VERTEX_POINT('',#3462);
#1001=VERTEX_POINT('',#3466);
#1002=VERTEX_POINT('',#3470);
#1003=VERTEX_POINT('',#3479);
#1004=VERTEX_POINT('',#3480);
#1005=VERTEX_POINT('',#3485);
#1006=VERTEX_POINT('',#3486);
#1007=VERTEX_POINT('',#3521);
#1008=EDGE_CURVE('',#844,#845,#510,.T.);
#1009=EDGE_CURVE('',#845,#846,#511,.T.);
#1010=EDGE_CURVE('',#846,#847,#512,.T.);
#1011=EDGE_CURVE('',#847,#848,#513,.T.);
#1012=EDGE_CURVE('',#848,#849,#514,.T.);
#1013=EDGE_CURVE('',#849,#844,#515,.T.);
#1014=EDGE_CURVE('',#850,#851,#516,.T.);
#1015=EDGE_CURVE('',#851,#852,#517,.T.);
#1016=EDGE_CURVE('',#852,#853,#518,.T.);
#1017=EDGE_CURVE('',#853,#854,#519,.T.);
#1018=EDGE_CURVE('',#854,#855,#520,.T.);
#1019=EDGE_CURVE('',#855,#850,#521,.T.);
#1020=EDGE_CURVE('',#856,#857,#522,.T.);
#1021=EDGE_CURVE('',#857,#858,#523,.T.);
#1022=EDGE_CURVE('',#858,#859,#524,.T.);
#1023=EDGE_CURVE('',#859,#860,#525,.T.);
#1024=EDGE_CURVE('',#860,#861,#526,.T.);
#1025=EDGE_CURVE('',#861,#856,#527,.T.);
#1026=EDGE_CURVE('',#862,#863,#528,.T.);
#1027=EDGE_CURVE('',#863,#864,#529,.T.);
#1028=EDGE_CURVE('',#864,#865,#530,.T.);
#1029=EDGE_CURVE('',#865,#866,#531,.T.);
#1030=EDGE_CURVE('',#866,#867,#532,.T.);
#1031=EDGE_CURVE('',#867,#862,#533,.T.);
#1032=EDGE_CURVE('',#868,#865,#534,.T.);
#1033=EDGE_CURVE('',#869,#868,#535,.T.);
#1034=EDGE_CURVE('',#869,#866,#536,.T.);
#1035=EDGE_CURVE('',#870,#864,#537,.T.);
#1036=EDGE_CURVE('',#868,#870,#538,.T.);
#1037=EDGE_CURVE('',#871,#863,#539,.T.);
#1038=EDGE_CURVE('',#870,#871,#540,.T.);
#1039=EDGE_CURVE('',#872,#853,#541,.T.);
#1040=EDGE_CURVE('',#873,#872,#542,.T.);
#1041=EDGE_CURVE('',#873,#854,#543,.T.);
#1042=EDGE_CURVE('',#874,#852,#544,.T.);
#1043=EDGE_CURVE('',#872,#874,#545,.T.);
#1044=EDGE_CURVE('',#875,#851,#546,.T.);
#1045=EDGE_CURVE('',#874,#875,#547,.T.);
#1046=EDGE_CURVE('',#876,#847,#548,.T.);
#1047=EDGE_CURVE('',#877,#876,#549,.T.);
#1048=EDGE_CURVE('',#877,#848,#550,.T.);
#1049=EDGE_CURVE('',#878,#846,#551,.T.);
#1050=EDGE_CURVE('',#876,#878,#552,.T.);
#1051=EDGE_CURVE('',#879,#845,#553,.T.);
#1052=EDGE_CURVE('',#878,#879,#554,.T.);
#1053=EDGE_CURVE('',#880,#859,#555,.T.);
#1054=EDGE_CURVE('',#881,#880,#556,.T.);
#1055=EDGE_CURVE('',#881,#860,#557,.T.);
#1056=EDGE_CURVE('',#882,#858,#558,.T.);
#1057=EDGE_CURVE('',#880,#882,#559,.T.);
#1058=EDGE_CURVE('',#883,#857,#560,.T.);
#1059=EDGE_CURVE('',#882,#883,#561,.T.);
#1060=EDGE_CURVE('',#884,#862,#562,.T.);
#1061=EDGE_CURVE('',#871,#884,#563,.T.);
#1062=EDGE_CURVE('',#885,#867,#564,.T.);
#1063=EDGE_CURVE('',#884,#885,#565,.T.);
#1064=EDGE_CURVE('',#885,#869,#566,.T.);
#1065=EDGE_CURVE('',#886,#871,#567,.T.);
#1066=EDGE_CURVE('',#887,#886,#120,.T.);
#1067=EDGE_CURVE('',#875,#887,#568,.T.);
#1068=EDGE_CURVE('',#875,#888,#569,.T.);
#1069=EDGE_CURVE('',#888,#889,#570,.T.);
#1070=EDGE_CURVE('',#889,#873,#571,.T.);
#1071=EDGE_CURVE('',#890,#874,#572,.T.);
#1072=EDGE_CURVE('',#891,#890,#573,.T.);
#1073=EDGE_CURVE('',#892,#891,#121,.T.);
#1074=EDGE_CURVE('',#893,#892,#574,.T.);
#1075=EDGE_CURVE('',#894,#893,#122,.T.);
#1076=EDGE_CURVE('',#895,#894,#575,.T.);
#1077=EDGE_CURVE('',#882,#895,#576,.T.);
#1078=EDGE_CURVE('',#883,#896,#577,.T.);
#1079=EDGE_CURVE('',#896,#897,#578,.T.);
#1080=EDGE_CURVE('',#897,#881,#579,.T.);
#1081=EDGE_CURVE('',#898,#880,#580,.T.);
#1082=EDGE_CURVE('',#899,#898,#123,.T.);
#1083=EDGE_CURVE('',#900,#899,#581,.T.);
#1084=EDGE_CURVE('',#901,#900,#124,.T.);
#1085=EDGE_CURVE('',#902,#901,#582,.T.);
#1086=EDGE_CURVE('',#902,#877,#583,.T.);
#1087=EDGE_CURVE('',#879,#903,#584,.T.);
#1088=EDGE_CURVE('',#904,#903,#585,.T.);
#1089=EDGE_CURVE('',#905,#904,#125,.T.);
#1090=EDGE_CURVE('',#906,#905,#586,.T.);
#1091=EDGE_CURVE('',#907,#906,#126,.T.);
#1092=EDGE_CURVE('',#908,#907,#587,.T.);
#1093=EDGE_CURVE('',#884,#908,#588,.T.);
#1094=EDGE_CURVE('',#909,#909,#127,.T.);
#1095=EDGE_CURVE('',#910,#910,#128,.T.);
#1096=EDGE_CURVE('',#911,#911,#129,.T.);
#1097=EDGE_CURVE('',#912,#912,#130,.T.);
#1098=EDGE_CURVE('',#913,#913,#131,.T.);
#1099=EDGE_CURVE('',#914,#914,#132,.T.);
#1100=EDGE_CURVE('',#915,#915,#133,.T.);
#1101=EDGE_CURVE('',#916,#916,#134,.T.);
#1102=EDGE_CURVE('',#917,#917,#135,.T.);
#1103=EDGE_CURVE('',#918,#918,#136,.T.);
#1104=EDGE_CURVE('',#919,#919,#137,.T.);
#1105=EDGE_CURVE('',#888,#850,#589,.T.);
#1106=EDGE_CURVE('',#889,#855,#590,.T.);
#1107=EDGE_CURVE('',#903,#844,#591,.T.);
#1108=EDGE_CURVE('',#902,#849,#592,.T.);
#1109=EDGE_CURVE('',#903,#902,#593,.T.);
#1110=EDGE_CURVE('',#896,#856,#594,.T.);
#1111=EDGE_CURVE('',#897,#861,#595,.T.);
#1112=EDGE_CURVE('',#909,#920,#596,.T.);
#1113=EDGE_CURVE('',#920,#920,#138,.T.);
#1114=EDGE_CURVE('',#910,#921,#597,.T.);
#1115=EDGE_CURVE('',#921,#921,#139,.T.);
#1116=EDGE_CURVE('',#911,#922,#598,.T.);
#1117=EDGE_CURVE('',#922,#922,#140,.T.);
#1118=EDGE_CURVE('',#912,#923,#599,.T.);
#1119=EDGE_CURVE('',#923,#923,#141,.T.);
#1120=EDGE_CURVE('',#913,#924,#600,.T.);
#1121=EDGE_CURVE('',#924,#924,#142,.T.);
#1122=EDGE_CURVE('',#914,#925,#601,.T.);
#1123=EDGE_CURVE('',#925,#925,#143,.T.);
#1124=EDGE_CURVE('',#915,#926,#602,.T.);
#1125=EDGE_CURVE('',#926,#926,#144,.T.);
#1126=EDGE_CURVE('',#916,#927,#603,.T.);
#1127=EDGE_CURVE('',#927,#927,#145,.T.);
#1128=EDGE_CURVE('',#928,#928,#146,.T.);
#1129=EDGE_CURVE('',#928,#917,#604,.T.);
#1130=EDGE_CURVE('',#929,#929,#147,.T.);
#1131=EDGE_CURVE('',#929,#918,#605,.T.);
#1132=EDGE_CURVE('',#930,#931,#148,.F.);
#1133=EDGE_CURVE('',#932,#930,#149,.F.);
#1134=EDGE_CURVE('',#931,#932,#150,.F.);
#1135=EDGE_CURVE('',#933,#934,#606,.T.);
#1136=EDGE_CURVE('',#934,#935,#151,.T.);
#1137=EDGE_CURVE('',#935,#936,#607,.T.);
#1138=EDGE_CURVE('',#936,#933,#29,.T.);
#1139=EDGE_CURVE('',#937,#904,#152,.F.);
#1140=EDGE_CURVE('',#938,#937,#153,.F.);
#1141=EDGE_CURVE('',#904,#938,#154,.F.);
#1142=EDGE_CURVE('',#937,#930,#608,.T.);
#1143=EDGE_CURVE('',#931,#938,#609,.T.);
#1144=EDGE_CURVE('',#939,#940,#155,.F.);
#1145=EDGE_CURVE('',#941,#939,#156,.F.);
#1146=EDGE_CURVE('',#940,#941,#157,.F.);
#1147=EDGE_CURVE('',#942,#943,#158,.F.);
#1148=EDGE_CURVE('',#944,#942,#159,.F.);
#1149=EDGE_CURVE('',#943,#944,#160,.F.);
#1150=EDGE_CURVE('',#936,#944,#610,.T.);
#1151=EDGE_CURVE('',#942,#933,#611,.T.);
#1152=EDGE_CURVE('',#945,#903,#161,.F.);
#1153=EDGE_CURVE('',#946,#945,#162,.F.);
#1154=EDGE_CURVE('',#903,#946,#163,.F.);
#1155=EDGE_CURVE('',#945,#939,#612,.T.);
#1156=EDGE_CURVE('',#940,#946,#613,.T.);
#1157=EDGE_CURVE('',#946,#937,#614,.T.);
#1158=EDGE_CURVE('',#947,#948,#164,.F.);
#1159=EDGE_CURVE('',#949,#947,#165,.F.);
#1160=EDGE_CURVE('',#948,#949,#166,.F.);
#1161=EDGE_CURVE('',#950,#951,#167,.T.);
#1162=EDGE_CURVE('',#951,#941,#615,.T.);
#1163=EDGE_CURVE('',#939,#950,#616,.T.);
#1164=EDGE_CURVE('',#952,#953,#168,.T.);
#1165=EDGE_CURVE('',#953,#951,#169,.T.);
#1166=EDGE_CURVE('',#950,#952,#170,.T.);
#1167=EDGE_CURVE('',#954,#955,#171,.T.);
#1168=EDGE_CURVE('',#955,#953,#617,.T.);
#1169=EDGE_CURVE('',#952,#954,#618,.T.);
#1170=EDGE_CURVE('',#956,#957,#172,.T.);
#1171=EDGE_CURVE('',#957,#955,#173,.T.);
#1172=EDGE_CURVE('',#954,#956,#174,.T.);
#1173=EDGE_CURVE('',#956,#949,#619,.T.);
#1174=EDGE_CURVE('',#947,#957,#620,.T.);
#1175=EDGE_CURVE('',#958,#959,#175,.F.);
#1176=EDGE_CURVE('',#960,#958,#176,.F.);
#1177=EDGE_CURVE('',#959,#960,#177,.F.);
#1178=EDGE_CURVE('',#961,#962,#178,.T.);
#1179=EDGE_CURVE('',#962,#960,#621,.T.);
#1180=EDGE_CURVE('',#958,#961,#622,.T.);
#1181=EDGE_CURVE('',#963,#964,#179,.T.);
#1182=EDGE_CURVE('',#964,#962,#180,.T.);
#1183=EDGE_CURVE('',#961,#963,#181,.T.);
#1184=EDGE_CURVE('',#963,#943,#623,.T.);
#1185=EDGE_CURVE('',#944,#964,#624,.T.);
#1186=EDGE_CURVE('',#965,#884,#182,.F.);
#1187=EDGE_CURVE('',#966,#965,#183,.F.);
#1188=EDGE_CURVE('',#884,#966,#184,.F.);
#1189=EDGE_CURVE('',#965,#942,#625,.T.);
#1190=EDGE_CURVE('',#943,#966,#626,.T.);
#1191=EDGE_CURVE('',#967,#882,#185,.F.);
#1192=EDGE_CURVE('',#968,#967,#186,.F.);
#1193=EDGE_CURVE('',#882,#968,#187,.F.);
#1194=EDGE_CURVE('',#967,#948,#627,.T.);
#1195=EDGE_CURVE('',#949,#968,#628,.T.);
#1196=EDGE_CURVE('',#969,#898,#188,.T.);
#1197=EDGE_CURVE('',#968,#969,#629,.T.);
#1198=EDGE_CURVE('',#970,#899,#189,.T.);
#1199=EDGE_CURVE('',#969,#970,#190,.T.);
#1200=EDGE_CURVE('',#971,#900,#191,.T.);
#1201=EDGE_CURVE('',#970,#971,#630,.T.);
#1202=EDGE_CURVE('',#972,#901,#192,.T.);
#1203=EDGE_CURVE('',#971,#972,#193,.T.);
#1204=EDGE_CURVE('',#972,#945,#631,.T.);
#1205=EDGE_CURVE('',#973,#974,#194,.F.);
#1206=EDGE_CURVE('',#975,#973,#195,.F.);
#1207=EDGE_CURVE('',#974,#975,#196,.F.);
#1208=EDGE_CURVE('',#976,#977,#197,.F.);
#1209=EDGE_CURVE('',#978,#976,#198,.F.);
#1210=EDGE_CURVE('',#977,#978,#199,.F.);
#1211=EDGE_CURVE('',#960,#978,#632,.T.);
#1212=EDGE_CURVE('',#976,#959,#633,.T.);
#1213=EDGE_CURVE('',#979,#980,#200,.T.);
#1214=EDGE_CURVE('',#980,#977,#634,.T.);
#1215=EDGE_CURVE('',#978,#979,#635,.T.);
#1216=EDGE_CURVE('',#981,#982,#201,.T.);
#1217=EDGE_CURVE('',#982,#980,#202,.T.);
#1218=EDGE_CURVE('',#979,#981,#203,.T.);
#1219=EDGE_CURVE('',#983,#984,#204,.T.);
#1220=EDGE_CURVE('',#984,#982,#636,.T.);
#1221=EDGE_CURVE('',#981,#983,#637,.T.);
#1222=EDGE_CURVE('',#985,#986,#205,.T.);
#1223=EDGE_CURVE('',#986,#984,#206,.T.);
#1224=EDGE_CURVE('',#983,#985,#207,.T.);
#1225=EDGE_CURVE('',#985,#975,#638,.T.);
#1226=EDGE_CURVE('',#973,#986,#639,.T.);
#1227=EDGE_CURVE('',#987,#874,#208,.F.);
#1228=EDGE_CURVE('',#988,#987,#209,.F.);
#1229=EDGE_CURVE('',#874,#988,#210,.F.);
#1230=EDGE_CURVE('',#987,#958,#640,.T.);
#1231=EDGE_CURVE('',#959,#988,#641,.T.);
#1232=EDGE_CURVE('',#989,#895,#211,.F.);
#1233=EDGE_CURVE('',#990,#989,#212,.F.);
#1234=EDGE_CURVE('',#895,#990,#213,.F.);
#1235=EDGE_CURVE('',#989,#973,#642,.T.);
#1236=EDGE_CURVE('',#974,#990,#643,.T.);
#1237=EDGE_CURVE('',#990,#967,#644,.T.);
#1238=EDGE_CURVE('',#991,#890,#214,.F.);
#1239=EDGE_CURVE('',#992,#991,#215,.F.);
#1240=EDGE_CURVE('',#890,#992,#216,.F.);
#1241=EDGE_CURVE('',#991,#976,#645,.T.);
#1242=EDGE_CURVE('',#977,#992,#646,.T.);
#1243=EDGE_CURVE('',#993,#891,#217,.T.);
#1244=EDGE_CURVE('',#992,#993,#647,.T.);
#1245=EDGE_CURVE('',#994,#892,#218,.T.);
#1246=EDGE_CURVE('',#993,#994,#219,.T.);
#1247=EDGE_CURVE('',#995,#893,#220,.T.);
#1248=EDGE_CURVE('',#994,#995,#648,.T.);
#1249=EDGE_CURVE('',#996,#894,#221,.T.);
#1250=EDGE_CURVE('',#995,#996,#222,.T.);
#1251=EDGE_CURVE('',#996,#989,#649,.T.);
#1252=EDGE_CURVE('',#988,#991,#650,.T.);
#1253=EDGE_CURVE('',#997,#886,#223,.T.);
#1254=EDGE_CURVE('',#966,#997,#651,.T.);
#1255=EDGE_CURVE('',#998,#887,#224,.T.);
#1256=EDGE_CURVE('',#997,#998,#225,.T.);
#1257=EDGE_CURVE('',#998,#987,#652,.T.);
#1258=EDGE_CURVE('',#975,#947,#653,.T.);
#1259=EDGE_CURVE('',#948,#974,#654,.T.);
#1260=EDGE_CURVE('',#999,#965,#655,.T.);
#1261=EDGE_CURVE('',#908,#999,#30,.T.);
#1262=EDGE_CURVE('',#1000,#905,#226,.T.);
#1263=EDGE_CURVE('',#938,#1000,#227,.T.);
#1264=EDGE_CURVE('',#1001,#906,#228,.T.);
#1265=EDGE_CURVE('',#1000,#1001,#656,.T.);
#1266=EDGE_CURVE('',#1002,#907,#229,.T.);
#1267=EDGE_CURVE('',#1001,#1002,#230,.T.);
#1268=EDGE_CURVE('',#1002,#999,#657,.T.);
#1269=EDGE_CURVE('',#930,#940,#658,.T.);
#1270=EDGE_CURVE('',#941,#932,#659,.T.);
#1271=EDGE_CURVE('',#1003,#1004,#231,.T.);
#1272=EDGE_CURVE('',#1004,#935,#232,.T.);
#1273=EDGE_CURVE('',#934,#1003,#233,.T.);
#1274=EDGE_CURVE('',#1005,#1006,#234,.T.);
#1275=EDGE_CURVE('',#1006,#1004,#660,.T.);
#1276=EDGE_CURVE('',#1003,#1005,#661,.T.);
#1277=EDGE_CURVE('',#932,#1006,#235,.T.);
#1278=EDGE_CURVE('',#1005,#931,#236,.T.);
#1279=EDGE_CURVE('',#934,#1002,#662,.T.);
#1280=EDGE_CURVE('',#933,#999,#663,.T.);
#1281=EDGE_CURVE('',#1003,#1001,#664,.T.);
#1282=EDGE_CURVE('',#1005,#1000,#665,.T.);
#1283=EDGE_CURVE('',#954,#970,#666,.T.);
#1284=EDGE_CURVE('',#956,#969,#667,.T.);
#1285=EDGE_CURVE('',#952,#971,#668,.T.);
#1286=EDGE_CURVE('',#950,#972,#669,.T.);
#1287=EDGE_CURVE('',#963,#997,#670,.T.);
#1288=EDGE_CURVE('',#984,#995,#671,.T.);
#1289=EDGE_CURVE('',#986,#996,#672,.T.);
#1290=EDGE_CURVE('',#980,#993,#673,.T.);
#1291=EDGE_CURVE('',#982,#994,#674,.T.);
#1292=EDGE_CURVE('',#1007,#1007,#237,.T.);
#1293=EDGE_CURVE('',#1007,#919,#675,.T.);
#1294=EDGE_CURVE('',#961,#998,#676,.T.);
#1295=ORIENTED_EDGE('',*,*,#1008,.T.);
#1296=ORIENTED_EDGE('',*,*,#1009,.T.);
#1297=ORIENTED_EDGE('',*,*,#1010,.T.);
#1298=ORIENTED_EDGE('',*,*,#1011,.T.);
#1299=ORIENTED_EDGE('',*,*,#1012,.T.);
#1300=ORIENTED_EDGE('',*,*,#1013,.T.);
#1301=ORIENTED_EDGE('',*,*,#1014,.T.);
#1302=ORIENTED_EDGE('',*,*,#1015,.T.);
#1303=ORIENTED_EDGE('',*,*,#1016,.T.);
#1304=ORIENTED_EDGE('',*,*,#1017,.T.);
#1305=ORIENTED_EDGE('',*,*,#1018,.T.);
#1306=ORIENTED_EDGE('',*,*,#1019,.T.);
#1307=ORIENTED_EDGE('',*,*,#1020,.T.);
#1308=ORIENTED_EDGE('',*,*,#1021,.T.);
#1309=ORIENTED_EDGE('',*,*,#1022,.T.);
#1310=ORIENTED_EDGE('',*,*,#1023,.T.);
#1311=ORIENTED_EDGE('',*,*,#1024,.T.);
#1312=ORIENTED_EDGE('',*,*,#1025,.T.);
#1313=ORIENTED_EDGE('',*,*,#1026,.T.);
#1314=ORIENTED_EDGE('',*,*,#1027,.T.);
#1315=ORIENTED_EDGE('',*,*,#1028,.T.);
#1316=ORIENTED_EDGE('',*,*,#1029,.T.);
#1317=ORIENTED_EDGE('',*,*,#1030,.T.);
#1318=ORIENTED_EDGE('',*,*,#1031,.T.);
#1319=ORIENTED_EDGE('',*,*,#1032,.F.);
#1320=ORIENTED_EDGE('',*,*,#1033,.F.);
#1321=ORIENTED_EDGE('',*,*,#1034,.T.);
#1322=ORIENTED_EDGE('',*,*,#1029,.F.);
#1323=ORIENTED_EDGE('',*,*,#1035,.F.);
#1324=ORIENTED_EDGE('',*,*,#1036,.F.);
#1325=ORIENTED_EDGE('',*,*,#1032,.T.);
#1326=ORIENTED_EDGE('',*,*,#1028,.F.);
#1327=ORIENTED_EDGE('',*,*,#1037,.F.);
#1328=ORIENTED_EDGE('',*,*,#1038,.F.);
#1329=ORIENTED_EDGE('',*,*,#1035,.T.);
#1330=ORIENTED_EDGE('',*,*,#1027,.F.);
#1331=ORIENTED_EDGE('',*,*,#1039,.F.);
#1332=ORIENTED_EDGE('',*,*,#1040,.F.);
#1333=ORIENTED_EDGE('',*,*,#1041,.T.);
#1334=ORIENTED_EDGE('',*,*,#1017,.F.);
#1335=ORIENTED_EDGE('',*,*,#1042,.F.);
#1336=ORIENTED_EDGE('',*,*,#1043,.F.);
#1337=ORIENTED_EDGE('',*,*,#1039,.T.);
#1338=ORIENTED_EDGE('',*,*,#1016,.F.);
#1339=ORIENTED_EDGE('',*,*,#1044,.F.);
#1340=ORIENTED_EDGE('',*,*,#1045,.F.);
#1341=ORIENTED_EDGE('',*,*,#1042,.T.);
#1342=ORIENTED_EDGE('',*,*,#1015,.F.);
#1343=ORIENTED_EDGE('',*,*,#1046,.F.);
#1344=ORIENTED_EDGE('',*,*,#1047,.F.);
#1345=ORIENTED_EDGE('',*,*,#1048,.T.);
#1346=ORIENTED_EDGE('',*,*,#1011,.F.);
#1347=ORIENTED_EDGE('',*,*,#1049,.F.);
#1348=ORIENTED_EDGE('',*,*,#1050,.F.);
#1349=ORIENTED_EDGE('',*,*,#1046,.T.);
#1350=ORIENTED_EDGE('',*,*,#1010,.F.);
#1351=ORIENTED_EDGE('',*,*,#1051,.F.);
#1352=ORIENTED_EDGE('',*,*,#1052,.F.);
#1353=ORIENTED_EDGE('',*,*,#1049,.T.);
#1354=ORIENTED_EDGE('',*,*,#1009,.F.);
#1355=ORIENTED_EDGE('',*,*,#1053,.F.);
#1356=ORIENTED_EDGE('',*,*,#1054,.F.);
#1357=ORIENTED_EDGE('',*,*,#1055,.T.);
#1358=ORIENTED_EDGE('',*,*,#1023,.F.);
#1359=ORIENTED_EDGE('',*,*,#1056,.F.);
#1360=ORIENTED_EDGE('',*,*,#1057,.F.);
#1361=ORIENTED_EDGE('',*,*,#1053,.T.);
#1362=ORIENTED_EDGE('',*,*,#1022,.F.);
#1363=ORIENTED_EDGE('',*,*,#1058,.F.);
#1364=ORIENTED_EDGE('',*,*,#1059,.F.);
#1365=ORIENTED_EDGE('',*,*,#1056,.T.);
#1366=ORIENTED_EDGE('',*,*,#1021,.F.);
#1367=ORIENTED_EDGE('',*,*,#1060,.F.);
#1368=ORIENTED_EDGE('',*,*,#1061,.F.);
#1369=ORIENTED_EDGE('',*,*,#1037,.T.);
#1370=ORIENTED_EDGE('',*,*,#1026,.F.);
#1371=ORIENTED_EDGE('',*,*,#1062,.F.);
#1372=ORIENTED_EDGE('',*,*,#1063,.F.);
#1373=ORIENTED_EDGE('',*,*,#1060,.T.);
#1374=ORIENTED_EDGE('',*,*,#1031,.F.);
#1375=ORIENTED_EDGE('',*,*,#1034,.F.);
#1376=ORIENTED_EDGE('',*,*,#1064,.F.);
#1377=ORIENTED_EDGE('',*,*,#1062,.T.);
#1378=ORIENTED_EDGE('',*,*,#1030,.F.);
#1379=ORIENTED_EDGE('',*,*,#1063,.T.);
#1380=ORIENTED_EDGE('',*,*,#1064,.T.);
#1381=ORIENTED_EDGE('',*,*,#1033,.T.);
#1382=ORIENTED_EDGE('',*,*,#1036,.T.);
#1383=ORIENTED_EDGE('',*,*,#1038,.T.);
#1384=ORIENTED_EDGE('',*,*,#1065,.F.);
#1385=ORIENTED_EDGE('',*,*,#1066,.F.);
#1386=ORIENTED_EDGE('',*,*,#1067,.F.);
#1387=ORIENTED_EDGE('',*,*,#1068,.T.);
#1388=ORIENTED_EDGE('',*,*,#1069,.T.);
#1389=ORIENTED_EDGE('',*,*,#1070,.T.);
#1390=ORIENTED_EDGE('',*,*,#1040,.T.);
#1391=ORIENTED_EDGE('',*,*,#1043,.T.);
#1392=ORIENTED_EDGE('',*,*,#1071,.F.);
#1393=ORIENTED_EDGE('',*,*,#1072,.F.);
#1394=ORIENTED_EDGE('',*,*,#1073,.F.);
#1395=ORIENTED_EDGE('',*,*,#1074,.F.);
#1396=ORIENTED_EDGE('',*,*,#1075,.F.);
#1397=ORIENTED_EDGE('',*,*,#1076,.F.);
#1398=ORIENTED_EDGE('',*,*,#1077,.F.);
#1399=ORIENTED_EDGE('',*,*,#1059,.T.);
#1400=ORIENTED_EDGE('',*,*,#1078,.T.);
#1401=ORIENTED_EDGE('',*,*,#1079,.T.);
#1402=ORIENTED_EDGE('',*,*,#1080,.T.);
#1403=ORIENTED_EDGE('',*,*,#1054,.T.);
#1404=ORIENTED_EDGE('',*,*,#1081,.F.);
#1405=ORIENTED_EDGE('',*,*,#1082,.F.);
#1406=ORIENTED_EDGE('',*,*,#1083,.F.);
#1407=ORIENTED_EDGE('',*,*,#1084,.F.);
#1408=ORIENTED_EDGE('',*,*,#1085,.F.);
#1409=ORIENTED_EDGE('',*,*,#1086,.T.);
#1410=ORIENTED_EDGE('',*,*,#1047,.T.);
#1411=ORIENTED_EDGE('',*,*,#1050,.T.);
#1412=ORIENTED_EDGE('',*,*,#1052,.T.);
#1413=ORIENTED_EDGE('',*,*,#1087,.T.);
#1414=ORIENTED_EDGE('',*,*,#1088,.F.);
#1415=ORIENTED_EDGE('',*,*,#1089,.F.);
#1416=ORIENTED_EDGE('',*,*,#1090,.F.);
#1417=ORIENTED_EDGE('',*,*,#1091,.F.);
#1418=ORIENTED_EDGE('',*,*,#1092,.F.);
#1419=ORIENTED_EDGE('',*,*,#1093,.F.);
#1420=ORIENTED_EDGE('',*,*,#1094,.T.);
#1421=ORIENTED_EDGE('',*,*,#1095,.T.);
#1422=ORIENTED_EDGE('',*,*,#1096,.T.);
#1423=ORIENTED_EDGE('',*,*,#1097,.T.);
#1424=ORIENTED_EDGE('',*,*,#1098,.T.);
#1425=ORIENTED_EDGE('',*,*,#1099,.T.);
#1426=ORIENTED_EDGE('',*,*,#1100,.T.);
#1427=ORIENTED_EDGE('',*,*,#1101,.T.);
#1428=ORIENTED_EDGE('',*,*,#1102,.T.);
#1429=ORIENTED_EDGE('',*,*,#1103,.T.);
#1430=ORIENTED_EDGE('',*,*,#1104,.T.);
#1431=ORIENTED_EDGE('',*,*,#1105,.F.);
#1432=ORIENTED_EDGE('',*,*,#1068,.F.);
#1433=ORIENTED_EDGE('',*,*,#1044,.T.);
#1434=ORIENTED_EDGE('',*,*,#1014,.F.);
#1435=ORIENTED_EDGE('',*,*,#1106,.F.);
#1436=ORIENTED_EDGE('',*,*,#1069,.F.);
#1437=ORIENTED_EDGE('',*,*,#1105,.T.);
#1438=ORIENTED_EDGE('',*,*,#1019,.F.);
#1439=ORIENTED_EDGE('',*,*,#1041,.F.);
#1440=ORIENTED_EDGE('',*,*,#1070,.F.);
#1441=ORIENTED_EDGE('',*,*,#1106,.T.);
#1442=ORIENTED_EDGE('',*,*,#1018,.F.);
#1443=ORIENTED_EDGE('',*,*,#1107,.F.);
#1444=ORIENTED_EDGE('',*,*,#1087,.F.);
#1445=ORIENTED_EDGE('',*,*,#1051,.T.);
#1446=ORIENTED_EDGE('',*,*,#1008,.F.);
#1447=ORIENTED_EDGE('',*,*,#1108,.F.);
#1448=ORIENTED_EDGE('',*,*,#1109,.F.);
#1449=ORIENTED_EDGE('',*,*,#1107,.T.);
#1450=ORIENTED_EDGE('',*,*,#1013,.F.);
#1451=ORIENTED_EDGE('',*,*,#1048,.F.);
#1452=ORIENTED_EDGE('',*,*,#1086,.F.);
#1453=ORIENTED_EDGE('',*,*,#1108,.T.);
#1454=ORIENTED_EDGE('',*,*,#1012,.F.);
#1455=ORIENTED_EDGE('',*,*,#1110,.F.);
#1456=ORIENTED_EDGE('',*,*,#1078,.F.);
#1457=ORIENTED_EDGE('',*,*,#1058,.T.);
#1458=ORIENTED_EDGE('',*,*,#1020,.F.);
#1459=ORIENTED_EDGE('',*,*,#1111,.F.);
#1460=ORIENTED_EDGE('',*,*,#1079,.F.);
#1461=ORIENTED_EDGE('',*,*,#1110,.T.);
#1462=ORIENTED_EDGE('',*,*,#1025,.F.);
#1463=ORIENTED_EDGE('',*,*,#1055,.F.);
#1464=ORIENTED_EDGE('',*,*,#1080,.F.);
#1465=ORIENTED_EDGE('',*,*,#1111,.T.);
#1466=ORIENTED_EDGE('',*,*,#1024,.F.);
#1467=ORIENTED_EDGE('',*,*,#1094,.F.);
#1468=ORIENTED_EDGE('',*,*,#1112,.T.);
#1469=ORIENTED_EDGE('',*,*,#1113,.F.);
#1470=ORIENTED_EDGE('',*,*,#1112,.F.);
#1471=ORIENTED_EDGE('',*,*,#1095,.F.);
#1472=ORIENTED_EDGE('',*,*,#1114,.T.);
#1473=ORIENTED_EDGE('',*,*,#1115,.F.);
#1474=ORIENTED_EDGE('',*,*,#1114,.F.);
#1475=ORIENTED_EDGE('',*,*,#1096,.F.);
#1476=ORIENTED_EDGE('',*,*,#1116,.T.);
#1477=ORIENTED_EDGE('',*,*,#1117,.F.);
#1478=ORIENTED_EDGE('',*,*,#1116,.F.);
#1479=ORIENTED_EDGE('',*,*,#1097,.F.);
#1480=ORIENTED_EDGE('',*,*,#1118,.T.);
#1481=ORIENTED_EDGE('',*,*,#1119,.F.);
#1482=ORIENTED_EDGE('',*,*,#1118,.F.);
#1483=ORIENTED_EDGE('',*,*,#1098,.F.);
#1484=ORIENTED_EDGE('',*,*,#1120,.T.);
#1485=ORIENTED_EDGE('',*,*,#1121,.F.);
#1486=ORIENTED_EDGE('',*,*,#1120,.F.);
#1487=ORIENTED_EDGE('',*,*,#1099,.F.);
#1488=ORIENTED_EDGE('',*,*,#1122,.T.);
#1489=ORIENTED_EDGE('',*,*,#1123,.F.);
#1490=ORIENTED_EDGE('',*,*,#1122,.F.);
#1491=ORIENTED_EDGE('',*,*,#1100,.F.);
#1492=ORIENTED_EDGE('',*,*,#1124,.T.);
#1493=ORIENTED_EDGE('',*,*,#1125,.F.);
#1494=ORIENTED_EDGE('',*,*,#1124,.F.);
#1495=ORIENTED_EDGE('',*,*,#1101,.F.);
#1496=ORIENTED_EDGE('',*,*,#1126,.T.);
#1497=ORIENTED_EDGE('',*,*,#1127,.F.);
#1498=ORIENTED_EDGE('',*,*,#1126,.F.);
#1499=ORIENTED_EDGE('',*,*,#1128,.F.);
#1500=ORIENTED_EDGE('',*,*,#1129,.T.);
#1501=ORIENTED_EDGE('',*,*,#1102,.F.);
#1502=ORIENTED_EDGE('',*,*,#1129,.F.);
#1503=ORIENTED_EDGE('',*,*,#1130,.F.);
#1504=ORIENTED_EDGE('',*,*,#1131,.T.);
#1505=ORIENTED_EDGE('',*,*,#1103,.F.);
#1506=ORIENTED_EDGE('',*,*,#1131,.F.);
#1507=ORIENTED_EDGE('',*,*,#1132,.F.);
#1508=ORIENTED_EDGE('',*,*,#1133,.F.);
#1509=ORIENTED_EDGE('',*,*,#1134,.F.);
#1510=ORIENTED_EDGE('',*,*,#1135,.T.);
#1511=ORIENTED_EDGE('',*,*,#1136,.T.);
#1512=ORIENTED_EDGE('',*,*,#1137,.T.);
#1513=ORIENTED_EDGE('',*,*,#1138,.T.);
#1514=ORIENTED_EDGE('',*,*,#1139,.F.);
#1515=ORIENTED_EDGE('',*,*,#1140,.F.);
#1516=ORIENTED_EDGE('',*,*,#1141,.F.);
#1517=ORIENTED_EDGE('',*,*,#1140,.T.);
#1518=ORIENTED_EDGE('',*,*,#1142,.T.);
#1519=ORIENTED_EDGE('',*,*,#1132,.T.);
#1520=ORIENTED_EDGE('',*,*,#1143,.T.);
#1521=ORIENTED_EDGE('',*,*,#1144,.F.);
#1522=ORIENTED_EDGE('',*,*,#1145,.F.);
#1523=ORIENTED_EDGE('',*,*,#1146,.F.);
#1524=ORIENTED_EDGE('',*,*,#1147,.F.);
#1525=ORIENTED_EDGE('',*,*,#1148,.F.);
#1526=ORIENTED_EDGE('',*,*,#1149,.F.);
#1527=ORIENTED_EDGE('',*,*,#1150,.T.);
#1528=ORIENTED_EDGE('',*,*,#1148,.T.);
#1529=ORIENTED_EDGE('',*,*,#1151,.T.);
#1530=ORIENTED_EDGE('',*,*,#1138,.F.);
#1531=ORIENTED_EDGE('',*,*,#1152,.F.);
#1532=ORIENTED_EDGE('',*,*,#1153,.F.);
#1533=ORIENTED_EDGE('',*,*,#1154,.F.);
#1534=ORIENTED_EDGE('',*,*,#1153,.T.);
#1535=ORIENTED_EDGE('',*,*,#1155,.T.);
#1536=ORIENTED_EDGE('',*,*,#1144,.T.);
#1537=ORIENTED_EDGE('',*,*,#1156,.T.);
#1538=ORIENTED_EDGE('',*,*,#1139,.T.);
#1539=ORIENTED_EDGE('',*,*,#1088,.T.);
#1540=ORIENTED_EDGE('',*,*,#1154,.T.);
#1541=ORIENTED_EDGE('',*,*,#1157,.T.);
#1542=ORIENTED_EDGE('',*,*,#1158,.F.);
#1543=ORIENTED_EDGE('',*,*,#1159,.F.);
#1544=ORIENTED_EDGE('',*,*,#1160,.F.);
#1545=ORIENTED_EDGE('',*,*,#1161,.T.);
#1546=ORIENTED_EDGE('',*,*,#1162,.T.);
#1547=ORIENTED_EDGE('',*,*,#1145,.T.);
#1548=ORIENTED_EDGE('',*,*,#1163,.T.);
#1549=ORIENTED_EDGE('',*,*,#1164,.T.);
#1550=ORIENTED_EDGE('',*,*,#1165,.T.);
#1551=ORIENTED_EDGE('',*,*,#1161,.F.);
#1552=ORIENTED_EDGE('',*,*,#1166,.T.);
#1553=ORIENTED_EDGE('',*,*,#1167,.T.);
#1554=ORIENTED_EDGE('',*,*,#1168,.T.);
#1555=ORIENTED_EDGE('',*,*,#1164,.F.);
#1556=ORIENTED_EDGE('',*,*,#1169,.T.);
#1557=ORIENTED_EDGE('',*,*,#1170,.T.);
#1558=ORIENTED_EDGE('',*,*,#1171,.T.);
#1559=ORIENTED_EDGE('',*,*,#1167,.F.);
#1560=ORIENTED_EDGE('',*,*,#1172,.T.);
#1561=ORIENTED_EDGE('',*,*,#1170,.F.);
#1562=ORIENTED_EDGE('',*,*,#1173,.T.);
#1563=ORIENTED_EDGE('',*,*,#1159,.T.);
#1564=ORIENTED_EDGE('',*,*,#1174,.T.);
#1565=ORIENTED_EDGE('',*,*,#1175,.F.);
#1566=ORIENTED_EDGE('',*,*,#1176,.F.);
#1567=ORIENTED_EDGE('',*,*,#1177,.F.);
#1568=ORIENTED_EDGE('',*,*,#1178,.T.);
#1569=ORIENTED_EDGE('',*,*,#1179,.T.);
#1570=ORIENTED_EDGE('',*,*,#1176,.T.);
#1571=ORIENTED_EDGE('',*,*,#1180,.T.);
#1572=ORIENTED_EDGE('',*,*,#1181,.T.);
#1573=ORIENTED_EDGE('',*,*,#1182,.T.);
#1574=ORIENTED_EDGE('',*,*,#1178,.F.);
#1575=ORIENTED_EDGE('',*,*,#1183,.T.);
#1576=ORIENTED_EDGE('',*,*,#1181,.F.);
#1577=ORIENTED_EDGE('',*,*,#1184,.T.);
#1578=ORIENTED_EDGE('',*,*,#1149,.T.);
#1579=ORIENTED_EDGE('',*,*,#1185,.T.);
#1580=ORIENTED_EDGE('',*,*,#1186,.F.);
#1581=ORIENTED_EDGE('',*,*,#1187,.F.);
#1582=ORIENTED_EDGE('',*,*,#1188,.F.);
#1583=ORIENTED_EDGE('',*,*,#1187,.T.);
#1584=ORIENTED_EDGE('',*,*,#1189,.T.);
#1585=ORIENTED_EDGE('',*,*,#1147,.T.);
#1586=ORIENTED_EDGE('',*,*,#1190,.T.);
#1587=ORIENTED_EDGE('',*,*,#1191,.F.);
#1588=ORIENTED_EDGE('',*,*,#1192,.F.);
#1589=ORIENTED_EDGE('',*,*,#1193,.F.);
#1590=ORIENTED_EDGE('',*,*,#1192,.T.);
#1591=ORIENTED_EDGE('',*,*,#1194,.T.);
#1592=ORIENTED_EDGE('',*,*,#1160,.T.);
#1593=ORIENTED_EDGE('',*,*,#1195,.T.);
#1594=ORIENTED_EDGE('',*,*,#1196,.T.);
#1595=ORIENTED_EDGE('',*,*,#1081,.T.);
#1596=ORIENTED_EDGE('',*,*,#1057,.T.);
#1597=ORIENTED_EDGE('',*,*,#1193,.T.);
#1598=ORIENTED_EDGE('',*,*,#1197,.T.);
#1599=ORIENTED_EDGE('',*,*,#1198,.T.);
#1600=ORIENTED_EDGE('',*,*,#1082,.T.);
#1601=ORIENTED_EDGE('',*,*,#1196,.F.);
#1602=ORIENTED_EDGE('',*,*,#1199,.T.);
#1603=ORIENTED_EDGE('',*,*,#1200,.T.);
#1604=ORIENTED_EDGE('',*,*,#1083,.T.);
#1605=ORIENTED_EDGE('',*,*,#1198,.F.);
#1606=ORIENTED_EDGE('',*,*,#1201,.T.);
#1607=ORIENTED_EDGE('',*,*,#1202,.T.);
#1608=ORIENTED_EDGE('',*,*,#1084,.T.);
#1609=ORIENTED_EDGE('',*,*,#1200,.F.);
#1610=ORIENTED_EDGE('',*,*,#1203,.T.);
#1611=ORIENTED_EDGE('',*,*,#1152,.T.);
#1612=ORIENTED_EDGE('',*,*,#1109,.T.);
#1613=ORIENTED_EDGE('',*,*,#1085,.T.);
#1614=ORIENTED_EDGE('',*,*,#1202,.F.);
#1615=ORIENTED_EDGE('',*,*,#1204,.T.);
#1616=ORIENTED_EDGE('',*,*,#1205,.F.);
#1617=ORIENTED_EDGE('',*,*,#1206,.F.);
#1618=ORIENTED_EDGE('',*,*,#1207,.F.);
#1619=ORIENTED_EDGE('',*,*,#1208,.F.);
#1620=ORIENTED_EDGE('',*,*,#1209,.F.);
#1621=ORIENTED_EDGE('',*,*,#1210,.F.);
#1622=ORIENTED_EDGE('',*,*,#1177,.T.);
#1623=ORIENTED_EDGE('',*,*,#1211,.T.);
#1624=ORIENTED_EDGE('',*,*,#1209,.T.);
#1625=ORIENTED_EDGE('',*,*,#1212,.T.);
#1626=ORIENTED_EDGE('',*,*,#1213,.T.);
#1627=ORIENTED_EDGE('',*,*,#1214,.T.);
#1628=ORIENTED_EDGE('',*,*,#1210,.T.);
#1629=ORIENTED_EDGE('',*,*,#1215,.T.);
#1630=ORIENTED_EDGE('',*,*,#1216,.T.);
#1631=ORIENTED_EDGE('',*,*,#1217,.T.);
#1632=ORIENTED_EDGE('',*,*,#1213,.F.);
#1633=ORIENTED_EDGE('',*,*,#1218,.T.);
#1634=ORIENTED_EDGE('',*,*,#1219,.T.);
#1635=ORIENTED_EDGE('',*,*,#1220,.T.);
#1636=ORIENTED_EDGE('',*,*,#1216,.F.);
#1637=ORIENTED_EDGE('',*,*,#1221,.T.);
#1638=ORIENTED_EDGE('',*,*,#1222,.T.);
#1639=ORIENTED_EDGE('',*,*,#1223,.T.);
#1640=ORIENTED_EDGE('',*,*,#1219,.F.);
#1641=ORIENTED_EDGE('',*,*,#1224,.T.);
#1642=ORIENTED_EDGE('',*,*,#1222,.F.);
#1643=ORIENTED_EDGE('',*,*,#1225,.T.);
#1644=ORIENTED_EDGE('',*,*,#1206,.T.);
#1645=ORIENTED_EDGE('',*,*,#1226,.T.);
#1646=ORIENTED_EDGE('',*,*,#1227,.F.);
#1647=ORIENTED_EDGE('',*,*,#1228,.F.);
#1648=ORIENTED_EDGE('',*,*,#1229,.F.);
#1649=ORIENTED_EDGE('',*,*,#1228,.T.);
#1650=ORIENTED_EDGE('',*,*,#1230,.T.);
#1651=ORIENTED_EDGE('',*,*,#1175,.T.);
#1652=ORIENTED_EDGE('',*,*,#1231,.T.);
#1653=ORIENTED_EDGE('',*,*,#1232,.F.);
#1654=ORIENTED_EDGE('',*,*,#1233,.F.);
#1655=ORIENTED_EDGE('',*,*,#1234,.F.);
#1656=ORIENTED_EDGE('',*,*,#1233,.T.);
#1657=ORIENTED_EDGE('',*,*,#1235,.T.);
#1658=ORIENTED_EDGE('',*,*,#1205,.T.);
#1659=ORIENTED_EDGE('',*,*,#1236,.T.);
#1660=ORIENTED_EDGE('',*,*,#1191,.T.);
#1661=ORIENTED_EDGE('',*,*,#1077,.T.);
#1662=ORIENTED_EDGE('',*,*,#1234,.T.);
#1663=ORIENTED_EDGE('',*,*,#1237,.T.);
#1664=ORIENTED_EDGE('',*,*,#1238,.F.);
#1665=ORIENTED_EDGE('',*,*,#1239,.F.);
#1666=ORIENTED_EDGE('',*,*,#1240,.F.);
#1667=ORIENTED_EDGE('',*,*,#1239,.T.);
#1668=ORIENTED_EDGE('',*,*,#1241,.T.);
#1669=ORIENTED_EDGE('',*,*,#1208,.T.);
#1670=ORIENTED_EDGE('',*,*,#1242,.T.);
#1671=ORIENTED_EDGE('',*,*,#1243,.T.);
#1672=ORIENTED_EDGE('',*,*,#1072,.T.);
#1673=ORIENTED_EDGE('',*,*,#1240,.T.);
#1674=ORIENTED_EDGE('',*,*,#1244,.T.);
#1675=ORIENTED_EDGE('',*,*,#1245,.T.);
#1676=ORIENTED_EDGE('',*,*,#1073,.T.);
#1677=ORIENTED_EDGE('',*,*,#1243,.F.);
#1678=ORIENTED_EDGE('',*,*,#1246,.T.);
#1679=ORIENTED_EDGE('',*,*,#1247,.T.);
#1680=ORIENTED_EDGE('',*,*,#1074,.T.);
#1681=ORIENTED_EDGE('',*,*,#1245,.F.);
#1682=ORIENTED_EDGE('',*,*,#1248,.T.);
#1683=ORIENTED_EDGE('',*,*,#1249,.T.);
#1684=ORIENTED_EDGE('',*,*,#1075,.T.);
#1685=ORIENTED_EDGE('',*,*,#1247,.F.);
#1686=ORIENTED_EDGE('',*,*,#1250,.T.);
#1687=ORIENTED_EDGE('',*,*,#1232,.T.);
#1688=ORIENTED_EDGE('',*,*,#1076,.T.);
#1689=ORIENTED_EDGE('',*,*,#1249,.F.);
#1690=ORIENTED_EDGE('',*,*,#1251,.T.);
#1691=ORIENTED_EDGE('',*,*,#1238,.T.);
#1692=ORIENTED_EDGE('',*,*,#1071,.T.);
#1693=ORIENTED_EDGE('',*,*,#1229,.T.);
#1694=ORIENTED_EDGE('',*,*,#1252,.T.);
#1695=ORIENTED_EDGE('',*,*,#1253,.T.);
#1696=ORIENTED_EDGE('',*,*,#1065,.T.);
#1697=ORIENTED_EDGE('',*,*,#1061,.T.);
#1698=ORIENTED_EDGE('',*,*,#1188,.T.);
#1699=ORIENTED_EDGE('',*,*,#1254,.T.);
#1700=ORIENTED_EDGE('',*,*,#1255,.T.);
#1701=ORIENTED_EDGE('',*,*,#1066,.T.);
#1702=ORIENTED_EDGE('',*,*,#1253,.F.);
#1703=ORIENTED_EDGE('',*,*,#1256,.T.);
#1704=ORIENTED_EDGE('',*,*,#1227,.T.);
#1705=ORIENTED_EDGE('',*,*,#1045,.T.);
#1706=ORIENTED_EDGE('',*,*,#1067,.T.);
#1707=ORIENTED_EDGE('',*,*,#1255,.F.);
#1708=ORIENTED_EDGE('',*,*,#1257,.T.);
#1709=ORIENTED_EDGE('',*,*,#1207,.T.);
#1710=ORIENTED_EDGE('',*,*,#1258,.T.);
#1711=ORIENTED_EDGE('',*,*,#1158,.T.);
#1712=ORIENTED_EDGE('',*,*,#1259,.T.);
#1713=ORIENTED_EDGE('',*,*,#1260,.T.);
#1714=ORIENTED_EDGE('',*,*,#1186,.T.);
#1715=ORIENTED_EDGE('',*,*,#1093,.T.);
#1716=ORIENTED_EDGE('',*,*,#1261,.T.);
#1717=ORIENTED_EDGE('',*,*,#1262,.T.);
#1718=ORIENTED_EDGE('',*,*,#1089,.T.);
#1719=ORIENTED_EDGE('',*,*,#1141,.T.);
#1720=ORIENTED_EDGE('',*,*,#1263,.T.);
#1721=ORIENTED_EDGE('',*,*,#1264,.T.);
#1722=ORIENTED_EDGE('',*,*,#1090,.T.);
#1723=ORIENTED_EDGE('',*,*,#1262,.F.);
#1724=ORIENTED_EDGE('',*,*,#1265,.T.);
#1725=ORIENTED_EDGE('',*,*,#1266,.T.);
#1726=ORIENTED_EDGE('',*,*,#1091,.T.);
#1727=ORIENTED_EDGE('',*,*,#1264,.F.);
#1728=ORIENTED_EDGE('',*,*,#1267,.T.);
#1729=ORIENTED_EDGE('',*,*,#1092,.T.);
#1730=ORIENTED_EDGE('',*,*,#1266,.F.);
#1731=ORIENTED_EDGE('',*,*,#1268,.T.);
#1732=ORIENTED_EDGE('',*,*,#1261,.F.);
#1733=ORIENTED_EDGE('',*,*,#1133,.T.);
#1734=ORIENTED_EDGE('',*,*,#1269,.T.);
#1735=ORIENTED_EDGE('',*,*,#1146,.T.);
#1736=ORIENTED_EDGE('',*,*,#1270,.T.);
#1737=ORIENTED_EDGE('',*,*,#1271,.T.);
#1738=ORIENTED_EDGE('',*,*,#1272,.T.);
#1739=ORIENTED_EDGE('',*,*,#1136,.F.);
#1740=ORIENTED_EDGE('',*,*,#1273,.T.);
#1741=ORIENTED_EDGE('',*,*,#1274,.T.);
#1742=ORIENTED_EDGE('',*,*,#1275,.T.);
#1743=ORIENTED_EDGE('',*,*,#1271,.F.);
#1744=ORIENTED_EDGE('',*,*,#1276,.T.);
#1745=ORIENTED_EDGE('',*,*,#1134,.T.);
#1746=ORIENTED_EDGE('',*,*,#1277,.T.);
#1747=ORIENTED_EDGE('',*,*,#1274,.F.);
#1748=ORIENTED_EDGE('',*,*,#1278,.T.);
#1749=ORIENTED_EDGE('',*,*,#1268,.F.);
#1750=ORIENTED_EDGE('',*,*,#1279,.F.);
#1751=ORIENTED_EDGE('',*,*,#1135,.F.);
#1752=ORIENTED_EDGE('',*,*,#1280,.T.);
#1753=ORIENTED_EDGE('',*,*,#1267,.F.);
#1754=ORIENTED_EDGE('',*,*,#1281,.F.);
#1755=ORIENTED_EDGE('',*,*,#1273,.F.);
#1756=ORIENTED_EDGE('',*,*,#1279,.T.);
#1757=ORIENTED_EDGE('',*,*,#1265,.F.);
#1758=ORIENTED_EDGE('',*,*,#1282,.F.);
#1759=ORIENTED_EDGE('',*,*,#1276,.F.);
#1760=ORIENTED_EDGE('',*,*,#1281,.T.);
#1761=ORIENTED_EDGE('',*,*,#1263,.F.);
#1762=ORIENTED_EDGE('',*,*,#1143,.F.);
#1763=ORIENTED_EDGE('',*,*,#1278,.F.);
#1764=ORIENTED_EDGE('',*,*,#1282,.T.);
#1765=ORIENTED_EDGE('',*,*,#1172,.F.);
#1766=ORIENTED_EDGE('',*,*,#1283,.T.);
#1767=ORIENTED_EDGE('',*,*,#1199,.F.);
#1768=ORIENTED_EDGE('',*,*,#1284,.F.);
#1769=ORIENTED_EDGE('',*,*,#1169,.F.);
#1770=ORIENTED_EDGE('',*,*,#1285,.T.);
#1771=ORIENTED_EDGE('',*,*,#1201,.F.);
#1772=ORIENTED_EDGE('',*,*,#1283,.F.);
#1773=ORIENTED_EDGE('',*,*,#1166,.F.);
#1774=ORIENTED_EDGE('',*,*,#1286,.T.);
#1775=ORIENTED_EDGE('',*,*,#1203,.F.);
#1776=ORIENTED_EDGE('',*,*,#1285,.F.);
#1777=ORIENTED_EDGE('',*,*,#1163,.F.);
#1778=ORIENTED_EDGE('',*,*,#1155,.F.);
#1779=ORIENTED_EDGE('',*,*,#1204,.F.);
#1780=ORIENTED_EDGE('',*,*,#1286,.F.);
#1781=ORIENTED_EDGE('',*,*,#1254,.F.);
#1782=ORIENTED_EDGE('',*,*,#1190,.F.);
#1783=ORIENTED_EDGE('',*,*,#1184,.F.);
#1784=ORIENTED_EDGE('',*,*,#1287,.T.);
#1785=ORIENTED_EDGE('',*,*,#1250,.F.);
#1786=ORIENTED_EDGE('',*,*,#1288,.F.);
#1787=ORIENTED_EDGE('',*,*,#1223,.F.);
#1788=ORIENTED_EDGE('',*,*,#1289,.T.);
#1789=ORIENTED_EDGE('',*,*,#1244,.F.);
#1790=ORIENTED_EDGE('',*,*,#1242,.F.);
#1791=ORIENTED_EDGE('',*,*,#1214,.F.);
#1792=ORIENTED_EDGE('',*,*,#1290,.T.);
#1793=ORIENTED_EDGE('',*,*,#1248,.F.);
#1794=ORIENTED_EDGE('',*,*,#1291,.F.);
#1795=ORIENTED_EDGE('',*,*,#1220,.F.);
#1796=ORIENTED_EDGE('',*,*,#1288,.T.);
#1797=ORIENTED_EDGE('',*,*,#1246,.F.);
#1798=ORIENTED_EDGE('',*,*,#1290,.F.);
#1799=ORIENTED_EDGE('',*,*,#1217,.F.);
#1800=ORIENTED_EDGE('',*,*,#1291,.T.);
#1801=ORIENTED_EDGE('',*,*,#1156,.F.);
#1802=ORIENTED_EDGE('',*,*,#1269,.F.);
#1803=ORIENTED_EDGE('',*,*,#1142,.F.);
#1804=ORIENTED_EDGE('',*,*,#1157,.F.);
#1805=ORIENTED_EDGE('',*,*,#1179,.F.);
#1806=ORIENTED_EDGE('',*,*,#1182,.F.);
#1807=ORIENTED_EDGE('',*,*,#1185,.F.);
#1808=ORIENTED_EDGE('',*,*,#1150,.F.);
#1809=ORIENTED_EDGE('',*,*,#1137,.F.);
#1810=ORIENTED_EDGE('',*,*,#1272,.F.);
#1811=ORIENTED_EDGE('',*,*,#1275,.F.);
#1812=ORIENTED_EDGE('',*,*,#1277,.F.);
#1813=ORIENTED_EDGE('',*,*,#1270,.F.);
#1814=ORIENTED_EDGE('',*,*,#1162,.F.);
#1815=ORIENTED_EDGE('',*,*,#1165,.F.);
#1816=ORIENTED_EDGE('',*,*,#1168,.F.);
#1817=ORIENTED_EDGE('',*,*,#1171,.F.);
#1818=ORIENTED_EDGE('',*,*,#1174,.F.);
#1819=ORIENTED_EDGE('',*,*,#1258,.F.);
#1820=ORIENTED_EDGE('',*,*,#1225,.F.);
#1821=ORIENTED_EDGE('',*,*,#1224,.F.);
#1822=ORIENTED_EDGE('',*,*,#1221,.F.);
#1823=ORIENTED_EDGE('',*,*,#1218,.F.);
#1824=ORIENTED_EDGE('',*,*,#1215,.F.);
#1825=ORIENTED_EDGE('',*,*,#1211,.F.);
#1826=ORIENTED_EDGE('',*,*,#1113,.T.);
#1827=ORIENTED_EDGE('',*,*,#1115,.T.);
#1828=ORIENTED_EDGE('',*,*,#1117,.T.);
#1829=ORIENTED_EDGE('',*,*,#1119,.T.);
#1830=ORIENTED_EDGE('',*,*,#1121,.T.);
#1831=ORIENTED_EDGE('',*,*,#1123,.T.);
#1832=ORIENTED_EDGE('',*,*,#1125,.T.);
#1833=ORIENTED_EDGE('',*,*,#1127,.T.);
#1834=ORIENTED_EDGE('',*,*,#1128,.T.);
#1835=ORIENTED_EDGE('',*,*,#1130,.T.);
#1836=ORIENTED_EDGE('',*,*,#1292,.T.);
#1837=ORIENTED_EDGE('',*,*,#1212,.F.);
#1838=ORIENTED_EDGE('',*,*,#1241,.F.);
#1839=ORIENTED_EDGE('',*,*,#1252,.F.);
#1840=ORIENTED_EDGE('',*,*,#1231,.F.);
#1841=ORIENTED_EDGE('',*,*,#1236,.F.);
#1842=ORIENTED_EDGE('',*,*,#1259,.F.);
#1843=ORIENTED_EDGE('',*,*,#1194,.F.);
#1844=ORIENTED_EDGE('',*,*,#1237,.F.);
#1845=ORIENTED_EDGE('',*,*,#1292,.F.);
#1846=ORIENTED_EDGE('',*,*,#1293,.T.);
#1847=ORIENTED_EDGE('',*,*,#1104,.F.);
#1848=ORIENTED_EDGE('',*,*,#1293,.F.);
#1849=ORIENTED_EDGE('',*,*,#1251,.F.);
#1850=ORIENTED_EDGE('',*,*,#1289,.F.);
#1851=ORIENTED_EDGE('',*,*,#1226,.F.);
#1852=ORIENTED_EDGE('',*,*,#1235,.F.);
#1853=ORIENTED_EDGE('',*,*,#1257,.F.);
#1854=ORIENTED_EDGE('',*,*,#1294,.F.);
#1855=ORIENTED_EDGE('',*,*,#1180,.F.);
#1856=ORIENTED_EDGE('',*,*,#1230,.F.);
#1857=ORIENTED_EDGE('',*,*,#1256,.F.);
#1858=ORIENTED_EDGE('',*,*,#1287,.F.);
#1859=ORIENTED_EDGE('',*,*,#1183,.F.);
#1860=ORIENTED_EDGE('',*,*,#1294,.T.);
#1861=ORIENTED_EDGE('',*,*,#1260,.F.);
#1862=ORIENTED_EDGE('',*,*,#1280,.F.);
#1863=ORIENTED_EDGE('',*,*,#1151,.F.);
#1864=ORIENTED_EDGE('',*,*,#1189,.F.);
#1865=ORIENTED_EDGE('',*,*,#1173,.F.);
#1866=ORIENTED_EDGE('',*,*,#1284,.T.);
#1867=ORIENTED_EDGE('',*,*,#1197,.F.);
#1868=ORIENTED_EDGE('',*,*,#1195,.F.);
#1869=PLANE('',#2052);
#1870=PLANE('',#2053);
#1871=PLANE('',#2054);
#1872=PLANE('',#2055);
#1873=PLANE('',#2056);
#1874=PLANE('',#2057);
#1875=PLANE('',#2058);
#1876=PLANE('',#2059);
#1877=PLANE('',#2060);
#1878=PLANE('',#2061);
#1879=PLANE('',#2062);
#1880=PLANE('',#2063);
#1881=PLANE('',#2064);
#1882=PLANE('',#2065);
#1883=PLANE('',#2066);
#1884=PLANE('',#2067);
#1885=PLANE('',#2068);
#1886=PLANE('',#2069);
#1887=PLANE('',#2070);
#1888=PLANE('',#2071);
#1889=PLANE('',#2090);
#1890=PLANE('',#2091);
#1891=PLANE('',#2092);
#1892=PLANE('',#2093);
#1893=PLANE('',#2094);
#1894=PLANE('',#2095);
#1895=PLANE('',#2096);
#1896=PLANE('',#2097);
#1897=PLANE('',#2098);
#1898=PLANE('',#2273);
#1899=PLANE('',#2275);
#1900=PLANE('',#2278);
#1901=PLANE('',#2280);
#1902=PLANE('',#2281);
#1903=PLANE('',#2283);
#1904=PLANE('',#2284);
#1905=PLANE('',#2286);
#1906=PLANE('',#2287);
#1907=PLANE('',#2289);
#1908=PLANE('',#2290);
#1909=PLANE('',#2292);
#1910=PLANE('',#2293);
#1911=PLANE('',#2295);
#1912=PLANE('',#2296);
#1913=ADVANCED_FACE('',(#238),#1869,.T.);
#1914=ADVANCED_FACE('',(#239),#1870,.T.);
#1915=ADVANCED_FACE('',(#240),#1871,.T.);
#1916=ADVANCED_FACE('',(#241),#1872,.T.);
#1917=ADVANCED_FACE('',(#242),#1873,.T.);
#1918=ADVANCED_FACE('',(#243),#1874,.T.);
#1919=ADVANCED_FACE('',(#244),#1875,.T.);
#1920=ADVANCED_FACE('',(#245),#1876,.T.);
#1921=ADVANCED_FACE('',(#246),#1877,.T.);
#1922=ADVANCED_FACE('',(#247),#1878,.T.);
#1923=ADVANCED_FACE('',(#248),#1879,.T.);
#1924=ADVANCED_FACE('',(#249),#1880,.T.);
#1925=ADVANCED_FACE('',(#250),#1881,.T.);
#1926=ADVANCED_FACE('',(#251),#1882,.T.);
#1927=ADVANCED_FACE('',(#252),#1883,.T.);
#1928=ADVANCED_FACE('',(#253),#1884,.T.);
#1929=ADVANCED_FACE('',(#254),#1885,.T.);
#1930=ADVANCED_FACE('',(#255),#1886,.T.);
#1931=ADVANCED_FACE('',(#256),#1887,.T.);
#1932=ADVANCED_FACE('',(#257,#98,#99,#100,#101,#102,#103,#104,#105,#106,
#107,#108),#1888,.T.);
#1933=ADVANCED_FACE('',(#258),#1889,.T.);
#1934=ADVANCED_FACE('',(#259),#1890,.T.);
#1935=ADVANCED_FACE('',(#260),#1891,.T.);
#1936=ADVANCED_FACE('',(#261),#1892,.T.);
#1937=ADVANCED_FACE('',(#262),#1893,.T.);
#1938=ADVANCED_FACE('',(#263),#1894,.T.);
#1939=ADVANCED_FACE('',(#264),#1895,.T.);
#1940=ADVANCED_FACE('',(#265),#1896,.T.);
#1941=ADVANCED_FACE('',(#266),#1897,.T.);
#1942=ADVANCED_FACE('',(#267),#45,.F.);
#1943=ADVANCED_FACE('',(#268),#46,.F.);
#1944=ADVANCED_FACE('',(#269),#47,.F.);
#1945=ADVANCED_FACE('',(#270),#48,.F.);
#1946=ADVANCED_FACE('',(#271),#49,.F.);
#1947=ADVANCED_FACE('',(#272),#50,.F.);
#1948=ADVANCED_FACE('',(#273),#51,.F.);
#1949=ADVANCED_FACE('',(#274),#52,.F.);
#1950=ADVANCED_FACE('',(#275),#53,.F.);
#1951=ADVANCED_FACE('',(#276),#54,.F.);
#1952=ADVANCED_FACE('',(#277),#31,.T.);
#1953=ADVANCED_FACE('',(#278),#55,.T.);
#1954=ADVANCED_FACE('',(#279),#32,.T.);
#1955=ADVANCED_FACE('',(#280),#56,.T.);
#1956=ADVANCED_FACE('',(#281),#33,.T.);
#1957=ADVANCED_FACE('',(#282),#34,.T.);
#1958=ADVANCED_FACE('',(#283),#57,.T.);
#1959=ADVANCED_FACE('',(#284),#35,.T.);
#1960=ADVANCED_FACE('',(#285),#58,.T.);
#1961=ADVANCED_FACE('',(#286),#59,.T.);
#1962=ADVANCED_FACE('',(#287),#36,.T.);
#1963=ADVANCED_FACE('',(#288),#60,.T.);
#1964=ADVANCED_FACE('',(#289),#15,.T.);
#1965=ADVANCED_FACE('',(#290),#61,.T.);
#1966=ADVANCED_FACE('',(#291),#16,.T.);
#1967=ADVANCED_FACE('',(#292),#62,.T.);
#1968=ADVANCED_FACE('',(#293),#37,.T.);
#1969=ADVANCED_FACE('',(#294),#63,.T.);
#1970=ADVANCED_FACE('',(#295),#17,.T.);
#1971=ADVANCED_FACE('',(#296),#64,.T.);
#1972=ADVANCED_FACE('',(#297),#38,.T.);
#1973=ADVANCED_FACE('',(#298),#65,.T.);
#1974=ADVANCED_FACE('',(#299),#39,.T.);
#1975=ADVANCED_FACE('',(#300),#66,.T.);
#1976=ADVANCED_FACE('',(#301),#67,.T.);
#1977=ADVANCED_FACE('',(#302),#18,.T.);
#1978=ADVANCED_FACE('',(#303),#68,.T.);
#1979=ADVANCED_FACE('',(#304),#19,.T.);
#1980=ADVANCED_FACE('',(#305),#69,.T.);
#1981=ADVANCED_FACE('',(#306),#40,.T.);
#1982=ADVANCED_FACE('',(#307),#41,.T.);
#1983=ADVANCED_FACE('',(#308),#70,.T.);
#1984=ADVANCED_FACE('',(#309),#71,.T.);
#1985=ADVANCED_FACE('',(#310),#20,.T.);
#1986=ADVANCED_FACE('',(#311),#72,.T.);
#1987=ADVANCED_FACE('',(#312),#21,.T.);
#1988=ADVANCED_FACE('',(#313),#73,.T.);
#1989=ADVANCED_FACE('',(#314),#42,.T.);
#1990=ADVANCED_FACE('',(#315),#74,.T.);
#1991=ADVANCED_FACE('',(#316),#43,.T.);
#1992=ADVANCED_FACE('',(#317),#75,.T.);
#1993=ADVANCED_FACE('',(#318),#76,.T.);
#1994=ADVANCED_FACE('',(#319),#44,.T.);
#1995=ADVANCED_FACE('',(#320),#77,.T.);
#1996=ADVANCED_FACE('',(#321),#78,.T.);
#1997=ADVANCED_FACE('',(#322),#22,.T.);
#1998=ADVANCED_FACE('',(#323),#79,.T.);
#1999=ADVANCED_FACE('',(#324),#23,.T.);
#2000=ADVANCED_FACE('',(#325),#80,.T.);
#2001=ADVANCED_FACE('',(#326),#81,.T.);
#2002=ADVANCED_FACE('',(#327),#82,.T.);
#2003=ADVANCED_FACE('',(#328),#24,.T.);
#2004=ADVANCED_FACE('',(#329),#83,.T.);
#2005=ADVANCED_FACE('',(#330),#84,.T.);
#2006=ADVANCED_FACE('',(#331),#85,.T.);
#2007=ADVANCED_FACE('',(#332),#25,.T.);
#2008=ADVANCED_FACE('',(#333),#86,.T.);
#2009=ADVANCED_FACE('',(#334),#26,.T.);
#2010=ADVANCED_FACE('',(#335),#87,.T.);
#2011=ADVANCED_FACE('',(#336),#88,.T.);
#2012=ADVANCED_FACE('',(#337),#27,.T.);
#2013=ADVANCED_FACE('',(#338),#89,.T.);
#2014=ADVANCED_FACE('',(#339),#28,.T.);
#2015=ADVANCED_FACE('',(#340),#1898,.T.);
#2016=ADVANCED_FACE('',(#341),#90,.F.);
#2017=ADVANCED_FACE('',(#342),#1899,.T.);
#2018=ADVANCED_FACE('',(#343),#91,.F.);
#2019=ADVANCED_FACE('',(#344),#92,.F.);
#2020=ADVANCED_FACE('',(#345),#1900,.T.);
#2021=ADVANCED_FACE('',(#346),#93,.F.);
#2022=ADVANCED_FACE('',(#347),#1901,.T.);
#2023=ADVANCED_FACE('',(#348),#1902,.T.);
#2024=ADVANCED_FACE('',(#349),#94,.F.);
#2025=ADVANCED_FACE('',(#350),#1903,.T.);
#2026=ADVANCED_FACE('',(#351),#1904,.T.);
#2027=ADVANCED_FACE('',(#352),#95,.F.);
#2028=ADVANCED_FACE('',(#353),#1905,.T.);
#2029=ADVANCED_FACE('',(#354,#109,#110,#111,#112,#113,#114,#115,#116,#117,
#118,#119),#1906,.F.);
#2030=ADVANCED_FACE('',(#355),#1907,.T.);
#2031=ADVANCED_FACE('',(#356),#1908,.T.);
#2032=ADVANCED_FACE('',(#357),#96,.F.);
#2033=ADVANCED_FACE('',(#358),#1909,.T.);
#2034=ADVANCED_FACE('',(#359),#1910,.T.);
#2035=ADVANCED_FACE('',(#360),#97,.F.);
#2036=ADVANCED_FACE('',(#361),#1911,.T.);
#2037=ADVANCED_FACE('',(#362),#1912,.T.);
#2038=CLOSED_SHELL('',(#1913,#1914,#1915,#1916,#1917,#1918,#1919,#1920,
#1921,#1922,#1923,#1924,#1925,#1926,#1927,#1928,#1929,#1930,#1931,#1932,
#1933,#1934,#1935,#1936,#1937,#1938,#1939,#1940,#1941,#1942,#1943,#1944,
#1945,#1946,#1947,#1948,#1949,#1950,#1951,#1952,#1953,#1954,#1955,#1956,
#1957,#1958,#1959,#1960,#1961,#1962,#1963,#1964,#1965,#1966,#1967,#1968,
#1969,#1970,#1971,#1972,#1973,#1974,#1975,#1976,#1977,#1978,#1979,#1980,
#1981,#1982,#1983,#1984,#1985,#1986,#1987,#1988,#1989,#1990,#1991,#1992,
#1993,#1994,#1995,#1996,#1997,#1998,#1999,#2000,#2001,#2002,#2003,#2004,
#2005,#2006,#2007,#2008,#2009,#2010,#2011,#2012,#2013,#2014,#2015,#2016,
#2017,#2018,#2019,#2020,#2021,#2022,#2023,#2024,#2025,#2026,#2027,#2028,
#2029,#2030,#2031,#2032,#2033,#2034,#2035,#2036,#2037));
#2039=DERIVED_UNIT_ELEMENT(#2041,1.);
#2040=DERIVED_UNIT_ELEMENT(#3538,-3.);
#2041=(
MASS_UNIT()
NAMED_UNIT(*)
SI_UNIT(.KILO.,.GRAM.)
);
#2042=DERIVED_UNIT((#2039,#2040));
#2043=MEASURE_REPRESENTATION_ITEM('density measure',
POSITIVE_RATIO_MEASURE(7850.),#2042);
#2044=PROPERTY_DEFINITION_REPRESENTATION(#2049,#2046);
#2045=PROPERTY_DEFINITION_REPRESENTATION(#2050,#2047);
#2046=REPRESENTATION('material name',(#2048),#3535);
#2047=REPRESENTATION('density',(#2043),#3535);
#2048=DESCRIPTIVE_REPRESENTATION_ITEM('Steel','Steel');
#2049=PROPERTY_DEFINITION('material property','material name',#3545);
#2050=PROPERTY_DEFINITION('material property','density of part',#3545);
#2051=AXIS2_PLACEMENT_3D('',#2956,#2297,#2298);
#2052=AXIS2_PLACEMENT_3D('',#2957,#2299,#2300);
#2053=AXIS2_PLACEMENT_3D('',#2970,#2307,#2308);
#2054=AXIS2_PLACEMENT_3D('',#2983,#2315,#2316);
#2055=AXIS2_PLACEMENT_3D('',#2996,#2323,#2324);
#2056=AXIS2_PLACEMENT_3D('',#3009,#2331,#2332);
#2057=AXIS2_PLACEMENT_3D('',#3015,#2336,#2337);
#2058=AXIS2_PLACEMENT_3D('',#3019,#2340,#2341);
#2059=AXIS2_PLACEMENT_3D('',#3023,#2344,#2345);
#2060=AXIS2_PLACEMENT_3D('',#3029,#2349,#2350);
#2061=AXIS2_PLACEMENT_3D('',#3033,#2353,#2354);
#2062=AXIS2_PLACEMENT_3D('',#3037,#2357,#2358);
#2063=AXIS2_PLACEMENT_3D('',#3043,#2362,#2363);
#2064=AXIS2_PLACEMENT_3D('',#3047,#2366,#2367);
#2065=AXIS2_PLACEMENT_3D('',#3051,#2370,#2371);
#2066=AXIS2_PLACEMENT_3D('',#3057,#2375,#2376);
#2067=AXIS2_PLACEMENT_3D('',#3061,#2379,#2380);
#2068=AXIS2_PLACEMENT_3D('',#3065,#2383,#2384);
#2069=AXIS2_PLACEMENT_3D('',#3069,#2387,#2388);
#2070=AXIS2_PLACEMENT_3D('',#3073,#2391,#2392);
#2071=AXIS2_PLACEMENT_3D('',#3075,#2394,#2395);
#2072=AXIS2_PLACEMENT_3D('',#3079,#2397,#2398);
#2073=AXIS2_PLACEMENT_3D('',#3091,#2405,#2406);
#2074=AXIS2_PLACEMENT_3D('',#3095,#2408,#2409);
#2075=AXIS2_PLACEMENT_3D('',#3107,#2416,#2417);
#2076=AXIS2_PLACEMENT_3D('',#3111,#2419,#2420);
#2077=AXIS2_PLACEMENT_3D('',#3120,#2425,#2426);
#2078=AXIS2_PLACEMENT_3D('',#3124,#2428,#2429);
#2079=AXIS2_PLACEMENT_3D('',#3129,#2432,#2433);
#2080=AXIS2_PLACEMENT_3D('',#3131,#2434,#2435);
#2081=AXIS2_PLACEMENT_3D('',#3133,#2436,#2437);
#2082=AXIS2_PLACEMENT_3D('',#3135,#2438,#2439);
#2083=AXIS2_PLACEMENT_3D('',#3137,#2440,#2441);
#2084=AXIS2_PLACEMENT_3D('',#3139,#2442,#2443);
#2085=AXIS2_PLACEMENT_3D('',#3141,#2444,#2445);
#2086=AXIS2_PLACEMENT_3D('',#3143,#2446,#2447);
#2087=AXIS2_PLACEMENT_3D('',#3145,#2448,#2449);
#2088=AXIS2_PLACEMENT_3D('',#3147,#2450,#2451);
#2089=AXIS2_PLACEMENT_3D('',#3149,#2452,#2453);
#2090=AXIS2_PLACEMENT_3D('',#3150,#2454,#2455);
#2091=AXIS2_PLACEMENT_3D('',#3152,#2457,#2458);
#2092=AXIS2_PLACEMENT_3D('',#3154,#2460,#2461);
#2093=AXIS2_PLACEMENT_3D('',#3155,#2462,#2463);
#2094=AXIS2_PLACEMENT_3D('',#3157,#2465,#2466);
#2095=AXIS2_PLACEMENT_3D('',#3160,#2469,#2470);
#2096=AXIS2_PLACEMENT_3D('',#3161,#2471,#2472);
#2097=AXIS2_PLACEMENT_3D('',#3163,#2474,#2475);
#2098=AXIS2_PLACEMENT_3D('',#3165,#2477,#2478);
#2099=AXIS2_PLACEMENT_3D('',#3166,#2479,#2480);
#2100=AXIS2_PLACEMENT_3D('',#3169,#2482,#2483);
#2101=AXIS2_PLACEMENT_3D('',#3170,#2484,#2485);
#2102=AXIS2_PLACEMENT_3D('',#3173,#2487,#2488);
#2103=AXIS2_PLACEMENT_3D('',#3174,#2489,#2490);
#2104=AXIS2_PLACEMENT_3D('',#3177,#2492,#2493);
#2105=AXIS2_PLACEMENT_3D('',#3178,#2494,#2495);
#2106=AXIS2_PLACEMENT_3D('',#3181,#2497,#2498);
#2107=AXIS2_PLACEMENT_3D('',#3182,#2499,#2500);
#2108=AXIS2_PLACEMENT_3D('',#3185,#2502,#2503);
#2109=AXIS2_PLACEMENT_3D('',#3186,#2504,#2505);
#2110=AXIS2_PLACEMENT_3D('',#3189,#2507,#2508);
#2111=AXIS2_PLACEMENT_3D('',#3190,#2509,#2510);
#2112=AXIS2_PLACEMENT_3D('',#3193,#2512,#2513);
#2113=AXIS2_PLACEMENT_3D('',#3194,#2514,#2515);
#2114=AXIS2_PLACEMENT_3D('',#3197,#2517,#2518);
#2115=AXIS2_PLACEMENT_3D('',#3198,#2519,#2520);
#2116=AXIS2_PLACEMENT_3D('',#3200,#2521,#2522);
#2117=AXIS2_PLACEMENT_3D('',#3202,#2524,#2525);
#2118=AXIS2_PLACEMENT_3D('',#3204,#2526,#2527);
#2119=AXIS2_PLACEMENT_3D('',#3206,#2529,#2530);
#2120=AXIS2_PLACEMENT_3D('',#3209,#2531,#2532);
#2121=AXIS2_PLACEMENT_3D('',#3211,#2533,#2534);
#2122=AXIS2_PLACEMENT_3D('',#3212,#2535,#2536);
#2123=AXIS2_PLACEMENT_3D('',#3213,#2537,#2538);
#2124=AXIS2_PLACEMENT_3D('',#3218,#2540,#2541);
#2125=AXIS2_PLACEMENT_3D('',#3221,#2543,#2544);
#2126=AXIS2_PLACEMENT_3D('',#3222,#2545,#2546);
#2127=AXIS2_PLACEMENT_3D('',#3224,#2547,#2548);
#2128=AXIS2_PLACEMENT_3D('',#3226,#2549,#2550);
#2129=AXIS2_PLACEMENT_3D('',#3227,#2551,#2552);
#2130=AXIS2_PLACEMENT_3D('',#3228,#2553,#2554);
#2131=AXIS2_PLACEMENT_3D('',#3231,#2557,#2558);
#2132=AXIS2_PLACEMENT_3D('',#3234,#2559,#2560);
#2133=AXIS2_PLACEMENT_3D('',#3236,#2561,#2562);
#2134=AXIS2_PLACEMENT_3D('',#3237,#2563,#2564);
#2135=AXIS2_PLACEMENT_3D('',#3238,#2565,#2566);
#2136=AXIS2_PLACEMENT_3D('',#3241,#2567,#2568);
#2137=AXIS2_PLACEMENT_3D('',#3243,#2569,#2570);
#2138=AXIS2_PLACEMENT_3D('',#3244,#2571,#2572);
#2139=AXIS2_PLACEMENT_3D('',#3245,#2573,#2574);
#2140=AXIS2_PLACEMENT_3D('',#3248,#2577,#2578);
#2141=AXIS2_PLACEMENT_3D('',#3250,#2579,#2580);
#2142=AXIS2_PLACEMENT_3D('',#3252,#2581,#2582);
#2143=AXIS2_PLACEMENT_3D('',#3253,#2583,#2584);
#2144=AXIS2_PLACEMENT_3D('',#3254,#2585,#2586);
#2145=AXIS2_PLACEMENT_3D('',#3257,#2589,#2590);
#2146=AXIS2_PLACEMENT_3D('',#3259,#2592,#2593);
#2147=AXIS2_PLACEMENT_3D('',#3262,#2594,#2595);
#2148=AXIS2_PLACEMENT_3D('',#3264,#2596,#2597);
#2149=AXIS2_PLACEMENT_3D('',#3265,#2598,#2599);
#2150=AXIS2_PLACEMENT_3D('',#3266,#2600,#2601);
#2151=AXIS2_PLACEMENT_3D('',#3269,#2602,#2603);
#2152=AXIS2_PLACEMENT_3D('',#3272,#2606,#2607);
#2153=AXIS2_PLACEMENT_3D('',#3275,#2608,#2609);
#2154=AXIS2_PLACEMENT_3D('',#3276,#2610,#2611);
#2155=AXIS2_PLACEMENT_3D('',#3277,#2612,#2613);
#2156=AXIS2_PLACEMENT_3D('',#3278,#2614,#2615);
#2157=AXIS2_PLACEMENT_3D('',#3281,#2616,#2617);
#2158=AXIS2_PLACEMENT_3D('',#3284,#2620,#2621);
#2159=AXIS2_PLACEMENT_3D('',#3287,#2622,#2623);
#2160=AXIS2_PLACEMENT_3D('',#3288,#2624,#2625);
#2161=AXIS2_PLACEMENT_3D('',#3289,#2626,#2627);
#2162=AXIS2_PLACEMENT_3D('',#3290,#2628,#2629);
#2163=AXIS2_PLACEMENT_3D('',#3293,#2632,#2633);
#2164=AXIS2_PLACEMENT_3D('',#3296,#2634,#2635);
#2165=AXIS2_PLACEMENT_3D('',#3298,#2636,#2637);
#2166=AXIS2_PLACEMENT_3D('',#3299,#2638,#2639);
#2167=AXIS2_PLACEMENT_3D('',#3300,#2640,#2641);
#2168=AXIS2_PLACEMENT_3D('',#3303,#2642,#2643);
#2169=AXIS2_PLACEMENT_3D('',#3306,#2646,#2647);
#2170=AXIS2_PLACEMENT_3D('',#3309,#2648,#2649);
#2171=AXIS2_PLACEMENT_3D('',#3310,#2650,#2651);
#2172=AXIS2_PLACEMENT_3D('',#3311,#2652,#2653);
#2173=AXIS2_PLACEMENT_3D('',#3312,#2654,#2655);
#2174=AXIS2_PLACEMENT_3D('',#3315,#2658,#2659);
#2175=AXIS2_PLACEMENT_3D('',#3317,#2660,#2661);
#2176=AXIS2_PLACEMENT_3D('',#3319,#2662,#2663);
#2177=AXIS2_PLACEMENT_3D('',#3320,#2664,#2665);
#2178=AXIS2_PLACEMENT_3D('',#3321,#2666,#2667);
#2179=AXIS2_PLACEMENT_3D('',#3324,#2670,#2671);
#2180=AXIS2_PLACEMENT_3D('',#3326,#2672,#2673);
#2181=AXIS2_PLACEMENT_3D('',#3328,#2674,#2675);
#2182=AXIS2_PLACEMENT_3D('',#3329,#2676,#2677);
#2183=AXIS2_PLACEMENT_3D('',#3330,#2678,#2679);
#2184=AXIS2_PLACEMENT_3D('',#3333,#2682,#2683);
#2185=AXIS2_PLACEMENT_3D('',#3335,#2684,#2685);
#2186=AXIS2_PLACEMENT_3D('',#3337,#2687,#2688);
#2187=AXIS2_PLACEMENT_3D('',#3339,#2689,#2690);
#2188=AXIS2_PLACEMENT_3D('',#3340,#2691,#2692);
#2189=AXIS2_PLACEMENT_3D('',#3341,#2693,#2694);
#2190=AXIS2_PLACEMENT_3D('',#3343,#2695,#2696);
#2191=AXIS2_PLACEMENT_3D('',#3345,#2698,#2699);
#2192=AXIS2_PLACEMENT_3D('',#3347,#2700,#2701);
#2193=AXIS2_PLACEMENT_3D('',#3348,#2702,#2703);
#2194=AXIS2_PLACEMENT_3D('',#3349,#2704,#2705);
#2195=AXIS2_PLACEMENT_3D('',#3351,#2707,#2708);
#2196=AXIS2_PLACEMENT_3D('',#3354,#2709,#2710);
#2197=AXIS2_PLACEMENT_3D('',#3356,#2711,#2712);
#2198=AXIS2_PLACEMENT_3D('',#3357,#2713,#2714);
#2199=AXIS2_PLACEMENT_3D('',#3358,#2715,#2716);
#2200=AXIS2_PLACEMENT_3D('',#3361,#2717,#2718);
#2201=AXIS2_PLACEMENT_3D('',#3363,#2719,#2720);
#2202=AXIS2_PLACEMENT_3D('',#3364,#2721,#2722);
#2203=AXIS2_PLACEMENT_3D('',#3365,#2723,#2724);
#2204=AXIS2_PLACEMENT_3D('',#3368,#2727,#2728);
#2205=AXIS2_PLACEMENT_3D('',#3371,#2729,#2730);
#2206=AXIS2_PLACEMENT_3D('',#3374,#2733,#2734);
#2207=AXIS2_PLACEMENT_3D('',#3377,#2735,#2736);
#2208=AXIS2_PLACEMENT_3D('',#3378,#2737,#2738);
#2209=AXIS2_PLACEMENT_3D('',#3379,#2739,#2740);
#2210=AXIS2_PLACEMENT_3D('',#3380,#2741,#2742);
#2211=AXIS2_PLACEMENT_3D('',#3383,#2743,#2744);
#2212=AXIS2_PLACEMENT_3D('',#3386,#2747,#2748);
#2213=AXIS2_PLACEMENT_3D('',#3389,#2749,#2750);
#2214=AXIS2_PLACEMENT_3D('',#3390,#2751,#2752);
#2215=AXIS2_PLACEMENT_3D('',#3391,#2753,#2754);
#2216=AXIS2_PLACEMENT_3D('',#3392,#2755,#2756);
#2217=AXIS2_PLACEMENT_3D('',#3395,#2759,#2760);
#2218=AXIS2_PLACEMENT_3D('',#3397,#2761,#2762);
#2219=AXIS2_PLACEMENT_3D('',#3399,#2763,#2764);
#2220=AXIS2_PLACEMENT_3D('',#3400,#2765,#2766);
#2221=AXIS2_PLACEMENT_3D('',#3401,#2767,#2768);
#2222=AXIS2_PLACEMENT_3D('',#3404,#2771,#2772);
#2223=AXIS2_PLACEMENT_3D('',#3406,#2773,#2774);
#2224=AXIS2_PLACEMENT_3D('',#3408,#2775,#2776);
#2225=AXIS2_PLACEMENT_3D('',#3409,#2777,#2778);
#2226=AXIS2_PLACEMENT_3D('',#3410,#2779,#2780);
#2227=AXIS2_PLACEMENT_3D('',#3413,#2783,#2784);
#2228=AXIS2_PLACEMENT_3D('',#3415,#2786,#2787);
#2229=AXIS2_PLACEMENT_3D('',#3417,#2788,#2789);
#2230=AXIS2_PLACEMENT_3D('',#3419,#2790,#2791);
#2231=AXIS2_PLACEMENT_3D('',#3420,#2792,#2793);
#2232=AXIS2_PLACEMENT_3D('',#3421,#2794,#2795);
#2233=AXIS2_PLACEMENT_3D('',#3424,#2798,#2799);
#2234=AXIS2_PLACEMENT_3D('',#3426,#2800,#2801);
#2235=AXIS2_PLACEMENT_3D('',#3428,#2803,#2804);
#2236=AXIS2_PLACEMENT_3D('',#3430,#2805,#2806);
#2237=AXIS2_PLACEMENT_3D('',#3431,#2807,#2808);
#2238=AXIS2_PLACEMENT_3D('',#3432,#2809,#2810);
#2239=AXIS2_PLACEMENT_3D('',#3434,#2811,#2812);
#2240=AXIS2_PLACEMENT_3D('',#3436,#2814,#2815);
#2241=AXIS2_PLACEMENT_3D('',#3438,#2816,#2817);
#2242=AXIS2_PLACEMENT_3D('',#3439,#2818,#2819);
#2243=AXIS2_PLACEMENT_3D('',#3440,#2820,#2821);
#2244=AXIS2_PLACEMENT_3D('',#3442,#2823,#2824);
#2245=AXIS2_PLACEMENT_3D('',#3444,#2826,#2827);
#2246=AXIS2_PLACEMENT_3D('',#3446,#2828,#2829);
#2247=AXIS2_PLACEMENT_3D('',#3448,#2831,#2832);
#2248=AXIS2_PLACEMENT_3D('',#3450,#2833,#2834);
#2249=AXIS2_PLACEMENT_3D('',#3451,#2835,#2836);
#2250=AXIS2_PLACEMENT_3D('',#3452,#2837,#2838);
#2251=AXIS2_PLACEMENT_3D('',#3454,#2840,#2841);
#2252=AXIS2_PLACEMENT_3D('',#3457,#2844,#2845);
#2253=AXIS2_PLACEMENT_3D('',#3460,#2847,#2848);
#2254=AXIS2_PLACEMENT_3D('',#3461,#2849,#2850);
#2255=AXIS2_PLACEMENT_3D('',#3463,#2851,#2852);
#2256=AXIS2_PLACEMENT_3D('',#3464,#2853,#2854);
#2257=AXIS2_PLACEMENT_3D('',#3465,#2855,#2856);
#2258=AXIS2_PLACEMENT_3D('',#3467,#2857,#2858);
#2259=AXIS2_PLACEMENT_3D('',#3469,#2860,#2861);
#2260=AXIS2_PLACEMENT_3D('',#3471,#2862,#2863);
#2261=AXIS2_PLACEMENT_3D('',#3472,#2864,#2865);
#2262=AXIS2_PLACEMENT_3D('',#3473,#2866,#2867);
#2263=AXIS2_PLACEMENT_3D('',#3475,#2869,#2870);
#2264=AXIS2_PLACEMENT_3D('',#3478,#2873,#2874);
#2265=AXIS2_PLACEMENT_3D('',#3481,#2875,#2876);
#2266=AXIS2_PLACEMENT_3D('',#3482,#2877,#2878);
#2267=AXIS2_PLACEMENT_3D('',#3483,#2879,#2880);
#2268=AXIS2_PLACEMENT_3D('',#3484,#2881,#2882);
#2269=AXIS2_PLACEMENT_3D('',#3487,#2883,#2884);
#2270=AXIS2_PLACEMENT_3D('',#3490,#2887,#2888);
#2271=AXIS2_PLACEMENT_3D('',#3491,#2889,#2890);
#2272=AXIS2_PLACEMENT_3D('',#3492,#2891,#2892);
#2273=AXIS2_PLACEMENT_3D('',#3493,#2893,#2894);
#2274=AXIS2_PLACEMENT_3D('',#3496,#2897,#2898);
#2275=AXIS2_PLACEMENT_3D('',#3498,#2900,#2901);
#2276=AXIS2_PLACEMENT_3D('',#3500,#2903,#2904);
#2277=AXIS2_PLACEMENT_3D('',#3501,#2905,#2906);
#2278=AXIS2_PLACEMENT_3D('',#3504,#2909,#2910);
#2279=AXIS2_PLACEMENT_3D('',#3506,#2912,#2913);
#2280=AXIS2_PLACEMENT_3D('',#3508,#2915,#2916);
#2281=AXIS2_PLACEMENT_3D('',#3509,#2917,#2918);
#2282=AXIS2_PLACEMENT_3D('',#3511,#2920,#2921);
#2283=AXIS2_PLACEMENT_3D('',#3514,#2924,#2925);
#2284=AXIS2_PLACEMENT_3D('',#3516,#2927,#2928);
#2285=AXIS2_PLACEMENT_3D('',#3518,#2930,#2931);
#2286=AXIS2_PLACEMENT_3D('',#3519,#2932,#2933);
#2287=AXIS2_PLACEMENT_3D('',#3520,#2934,#2935);
#2288=AXIS2_PLACEMENT_3D('',#3522,#2936,#2937);
#2289=AXIS2_PLACEMENT_3D('',#3523,#2938,#2939);
#2290=AXIS2_PLACEMENT_3D('',#3524,#2940,#2941);
#2291=AXIS2_PLACEMENT_3D('',#3525,#2942,#2943);
#2292=AXIS2_PLACEMENT_3D('',#3527,#2945,#2946);
#2293=AXIS2_PLACEMENT_3D('',#3528,#2947,#2948);
#2294=AXIS2_PLACEMENT_3D('',#3530,#2950,#2951);
#2295=AXIS2_PLACEMENT_3D('',#3531,#2952,#2953);
#2296=AXIS2_PLACEMENT_3D('',#3532,#2954,#2955);
#2297=DIRECTION('axis',(0.,0.,1.));
#2298=DIRECTION('refdir',(1.,0.,0.));
#2299=DIRECTION('center_axis',(0.,0.,1.));
#2300=DIRECTION('ref_axis',(1.,0.,0.));
#2301=DIRECTION('',(0.984439497698255,0.175723861133337,0.));
#2302=DIRECTION('',(0.866025403784439,-0.499999999999999,0.));
#2303=DIRECTION('',(0.500000000000002,0.866025403784438,0.));
#2304=DIRECTION('',(-0.866025403784438,0.5,0.));
#2305=DIRECTION('',(-0.984439497698255,-0.175723861133336,0.));
#2306=DIRECTION('',(-0.326915938292244,-0.945053421395056,0.));
#2307=DIRECTION('center_axis',(0.,0.,1.));
#2308=DIRECTION('ref_axis',(1.,0.,0.));
#2309=DIRECTION('',(0.994672089231837,0.103089450979103,0.));
#2310=DIRECTION('',(0.638666898684492,0.769483328295508,0.));
#2311=DIRECTION('',(-0.991146264983315,-0.13277455106166,0.));
#2312=DIRECTION('',(-0.766044443118978,0.642787609686539,0.));
#2313=DIRECTION('',(-0.642787609686539,-0.766044443118978,0.));
#2314=DIRECTION('',(0.766044443118978,-0.642787609686539,0.));
#2315=DIRECTION('center_axis',(0.,0.,1.));
#2316=DIRECTION('ref_axis',(1.,0.,0.));
#2317=DIRECTION('',(-0.866025403784439,-0.5,0.));
#2318=DIRECTION('',(-0.984439497698255,0.175723861133337,0.));
#2319=DIRECTION('',(0.326915938292245,-0.945053421395056,0.));
#2320=DIRECTION('',(0.984439497698255,-0.175723861133337,0.));
#2321=DIRECTION('',(0.866025403784439,0.5,0.));
#2322=DIRECTION('',(-0.500000000000005,0.866025403784436,0.));
#2323=DIRECTION('center_axis',(0.,0.,1.));
#2324=DIRECTION('ref_axis',(1.,0.,0.));
#2325=DIRECTION('',(-0.638666898684491,0.769483328295509,0.));
#2326=DIRECTION('',(-0.994672089231837,0.103089450979103,0.));
#2327=DIRECTION('',(-0.766044443118978,-0.642787609686539,0.));
#2328=DIRECTION('',(0.642787609686539,-0.766044443118978,0.));
#2329=DIRECTION('',(0.766044443118978,0.642787609686539,0.));
#2330=DIRECTION('',(0.991146264983315,-0.13277455106166,0.));
#2331=DIRECTION('center_axis',(-0.766044443118978,-0.642787609686539,0.));
#2332=DIRECTION('ref_axis',(0.642787609686539,-0.766044443118978,0.));
#2333=DIRECTION('',(0.,0.,1.));
#2334=DIRECTION('',(-0.642787609686539,0.766044443118978,0.));
#2335=DIRECTION('',(0.,0.,1.));
#2336=DIRECTION('center_axis',(-0.642787609686539,0.766044443118978,0.));
#2337=DIRECTION('ref_axis',(-0.766044443118978,-0.642787609686539,0.));
#2338=DIRECTION('',(0.,0.,1.));
#2339=DIRECTION('',(0.766044443118978,0.642787609686539,0.));
#2340=DIRECTION('center_axis',(0.103089450979103,0.994672089231837,0.));
#2341=DIRECTION('ref_axis',(-0.994672089231837,0.103089450979103,0.));
#2342=DIRECTION('',(0.,0.,1.));
#2343=DIRECTION('',(0.994672089231837,-0.103089450979103,0.));
#2344=DIRECTION('center_axis',(0.642787609686539,0.766044443118978,0.));
#2345=DIRECTION('ref_axis',(-0.766044443118978,0.642787609686539,0.));
#2346=DIRECTION('',(0.,0.,1.));
#2347=DIRECTION('',(0.766044443118978,-0.642787609686539,0.));
#2348=DIRECTION('',(0.,0.,1.));
#2349=DIRECTION('center_axis',(-0.13277455106166,0.991146264983315,0.));
#2350=DIRECTION('ref_axis',(-0.991146264983315,-0.13277455106166,0.));
#2351=DIRECTION('',(0.,0.,1.));
#2352=DIRECTION('',(0.991146264983315,0.13277455106166,0.));
#2353=DIRECTION('center_axis',(0.769483328295508,-0.638666898684492,0.));
#2354=DIRECTION('ref_axis',(0.638666898684492,0.769483328295508,0.));
#2355=DIRECTION('',(0.,0.,1.));
#2356=DIRECTION('',(-0.638666898684492,-0.769483328295508,0.));
#2357=DIRECTION('center_axis',(0.5,0.866025403784438,0.));
#2358=DIRECTION('ref_axis',(-0.866025403784438,0.5,0.));
#2359=DIRECTION('',(0.,0.,1.));
#2360=DIRECTION('',(0.866025403784438,-0.5,0.));
#2361=DIRECTION('',(0.,0.,1.));
#2362=DIRECTION('center_axis',(0.866025403784438,-0.500000000000002,0.));
#2363=DIRECTION('ref_axis',(0.500000000000002,0.866025403784438,0.));
#2364=DIRECTION('',(0.,0.,1.));
#2365=DIRECTION('',(-0.500000000000002,-0.866025403784438,0.));
#2366=DIRECTION('center_axis',(-0.499999999999999,-0.866025403784439,0.));
#2367=DIRECTION('ref_axis',(0.866025403784439,-0.499999999999999,0.));
#2368=DIRECTION('',(0.,0.,1.));
#2369=DIRECTION('',(-0.866025403784439,0.499999999999999,0.));
#2370=DIRECTION('center_axis',(-0.175723861133337,-0.984439497698255,0.));
#2371=DIRECTION('ref_axis',(0.984439497698255,-0.175723861133337,0.));
#2372=DIRECTION('',(0.,0.,1.));
#2373=DIRECTION('',(-0.984439497698255,0.175723861133337,0.));
#2374=DIRECTION('',(0.,0.,1.));
#2375=DIRECTION('center_axis',(-0.945053421395056,-0.326915938292245,0.));
#2376=DIRECTION('ref_axis',(0.326915938292245,-0.945053421395056,0.));
#2377=DIRECTION('',(0.,0.,1.));
#2378=DIRECTION('',(-0.326915938292244,0.945053421395056,0.));
#2379=DIRECTION('center_axis',(0.175723861133337,0.984439497698255,0.));
#2380=DIRECTION('ref_axis',(-0.984439497698255,0.175723861133337,0.));
#2381=DIRECTION('',(0.,0.,1.));
#2382=DIRECTION('',(0.984439497698255,-0.175723861133337,0.));
#2383=DIRECTION('center_axis',(0.769483328295509,0.638666898684491,0.));
#2384=DIRECTION('ref_axis',(-0.638666898684491,0.769483328295509,0.));
#2385=DIRECTION('',(0.,0.,1.));
#2386=DIRECTION('',(0.638666898684491,-0.769483328295509,0.));
#2387=DIRECTION('center_axis',(-0.13277455106166,-0.991146264983315,0.));
#2388=DIRECTION('ref_axis',(0.991146264983315,-0.13277455106166,0.));
#2389=DIRECTION('',(0.,0.,1.));
#2390=DIRECTION('',(-0.991146264983315,0.13277455106166,0.));
#2391=DIRECTION('center_axis',(0.642787609686539,-0.766044443118978,0.));
#2392=DIRECTION('ref_axis',(0.766044443118978,0.642787609686539,0.));
#2393=DIRECTION('',(-0.766044443118978,-0.642787609686539,0.));
#2394=DIRECTION('center_axis',(0.,0.,1.));
#2395=DIRECTION('ref_axis',(1.,0.,0.));
#2396=DIRECTION('',(0.638666898684491,-0.769483328295509,0.));
#2397=DIRECTION('center_axis',(0.,0.,1.));
#2398=DIRECTION('ref_axis',(-1.,3.43159843975044E-15,0.));
#2399=DIRECTION('',(-0.638666898684492,-0.769483328295508,0.));
#2400=DIRECTION('',(-0.994672089231837,-0.103089450979103,0.));
#2401=DIRECTION('',(-0.766044443118978,0.642787609686539,0.));
#2402=DIRECTION('',(0.642787609686539,0.766044443118978,0.));
#2403=DIRECTION('',(0.769483328295506,-0.638666898684494,0.));
#2404=DIRECTION('',(0.735407436077648,0.677625193570679,0.));
#2405=DIRECTION('center_axis',(0.,0.,1.));
#2406=DIRECTION('ref_axis',(0.363725558575662,-0.931506155663409,0.));
#2407=DIRECTION('',(1.,0.,0.));
#2408=DIRECTION('center_axis',(0.,0.,1.));
#2409=DIRECTION('ref_axis',(-0.517165556595464,-0.855885381970801,0.));
#2410=DIRECTION('',(0.465079574142607,-0.885268879897702,0.));
#2411=DIRECTION('',(0.858777782564579,0.512348241114834,0.));
#2412=DIRECTION('',(0.866025403784439,0.5,0.));
#2413=DIRECTION('',(0.500000000000005,-0.866025403784436,0.));
#2414=DIRECTION('',(-0.866025403784439,-0.5,0.));
#2415=DIRECTION('',(-0.326915938292244,0.945053421395056,0.));
#2416=DIRECTION('center_axis',(0.,0.,1.));
#2417=DIRECTION('ref_axis',(0.986167688934051,0.165750684168943,0.));
#2418=DIRECTION('',(0.,1.,0.));
#2419=DIRECTION('center_axis',(0.,0.,1.));
#2420=DIRECTION('ref_axis',(0.986167688934051,-0.165750684168943,0.));
#2421=DIRECTION('',(0.326915938292244,0.945053421395056,0.));
#2422=DIRECTION('',(0.984439497698255,0.175723861133336,0.));
#2423=DIRECTION('',(-0.984439497698255,-0.175723861133337,0.));
#2424=DIRECTION('',(-0.858777782564579,0.512348241114834,0.));
#2425=DIRECTION('center_axis',(0.,0.,1.));
#2426=DIRECTION('ref_axis',(-0.567327365761055,0.823492355798536,0.));
#2427=DIRECTION('',(-1.,-1.24742472603498E-16,0.));
#2428=DIRECTION('center_axis',(0.,0.,1.));
#2429=DIRECTION('ref_axis',(0.363725558575663,0.931506155663409,0.));
#2430=DIRECTION('',(-0.735407436077649,0.677625193570678,0.));
#2431=DIRECTION('',(-0.769483328295506,-0.638666898684494,0.));
#2432=DIRECTION('center_axis',(0.,0.,-1.));
#2433=DIRECTION('ref_axis',(-1.,0.,0.));
#2434=DIRECTION('center_axis',(0.,0.,-1.));
#2435=DIRECTION('ref_axis',(-1.,0.,0.));
#2436=DIRECTION('center_axis',(0.,0.,-1.));
#2437=DIRECTION('ref_axis',(-1.,0.,0.));
#2438=DIRECTION('center_axis',(0.,0.,-1.));
#2439=DIRECTION('ref_axis',(-1.,0.,0.));
#2440=DIRECTION('center_axis',(0.,0.,-1.));
#2441=DIRECTION('ref_axis',(-1.,0.,0.));
#2442=DIRECTION('center_axis',(0.,0.,-1.));
#2443=DIRECTION('ref_axis',(-1.,0.,0.));
#2444=DIRECTION('center_axis',(0.,0.,-1.));
#2445=DIRECTION('ref_axis',(-1.,0.,0.));
#2446=DIRECTION('center_axis',(0.,0.,-1.));
#2447=DIRECTION('ref_axis',(-1.,0.,0.));
#2448=DIRECTION('center_axis',(0.,0.,-1.));
#2449=DIRECTION('ref_axis',(1.,0.,0.));
#2450=DIRECTION('center_axis',(0.,0.,-1.));
#2451=DIRECTION('ref_axis',(1.,0.,0.));
#2452=DIRECTION('center_axis',(0.,0.,-1.));
#2453=DIRECTION('ref_axis',(1.,0.,0.));
#2454=DIRECTION('center_axis',(0.103089450979103,-0.994672089231837,0.));
#2455=DIRECTION('ref_axis',(0.994672089231837,0.103089450979103,0.));
#2456=DIRECTION('',(0.,0.,1.));
#2457=DIRECTION('center_axis',(-0.642787609686539,-0.766044443118978,0.));
#2458=DIRECTION('ref_axis',(0.766044443118978,-0.642787609686539,0.));
#2459=DIRECTION('',(0.,0.,1.));
#2460=DIRECTION('center_axis',(-0.766044443118978,0.642787609686539,0.));
#2461=DIRECTION('ref_axis',(-0.642787609686539,-0.766044443118978,0.));
#2462=DIRECTION('center_axis',(0.175723861133337,-0.984439497698255,0.));
#2463=DIRECTION('ref_axis',(0.984439497698255,0.175723861133337,0.));
#2464=DIRECTION('',(0.,0.,1.));
#2465=DIRECTION('center_axis',(-0.945053421395056,0.326915938292244,0.));
#2466=DIRECTION('ref_axis',(-0.326915938292244,-0.945053421395056,0.));
#2467=DIRECTION('',(0.,0.,1.));
#2468=DIRECTION('',(0.326915938292244,0.945053421395056,0.));
#2469=DIRECTION('center_axis',(-0.175723861133336,0.984439497698255,0.));
#2470=DIRECTION('ref_axis',(-0.984439497698255,-0.175723861133336,0.));
#2471=DIRECTION('center_axis',(-0.5,0.866025403784439,0.));
#2472=DIRECTION('ref_axis',(-0.866025403784439,-0.5,0.));
#2473=DIRECTION('',(0.,0.,1.));
#2474=DIRECTION('center_axis',(0.866025403784436,0.500000000000005,0.));
#2475=DIRECTION('ref_axis',(-0.500000000000005,0.866025403784436,0.));
#2476=DIRECTION('',(0.,0.,1.));
#2477=DIRECTION('center_axis',(0.5,-0.866025403784439,0.));
#2478=DIRECTION('ref_axis',(0.866025403784439,0.5,0.));
#2479=DIRECTION('center_axis',(0.,0.,-1.));
#2480=DIRECTION('ref_axis',(-1.,0.,0.));
#2481=DIRECTION('',(0.,0.,-1.));
#2482=DIRECTION('center_axis',(0.,0.,1.));
#2483=DIRECTION('ref_axis',(-1.,0.,0.));
#2484=DIRECTION('center_axis',(0.,0.,-1.));
#2485=DIRECTION('ref_axis',(-1.,0.,0.));
#2486=DIRECTION('',(0.,0.,-1.));
#2487=DIRECTION('center_axis',(0.,0.,1.));
#2488=DIRECTION('ref_axis',(-1.,0.,0.));
#2489=DIRECTION('center_axis',(0.,0.,-1.));
#2490=DIRECTION('ref_axis',(-1.,0.,0.));
#2491=DIRECTION('',(0.,0.,-1.));
#2492=DIRECTION('center_axis',(0.,0.,1.));
#2493=DIRECTION('ref_axis',(-1.,0.,0.));
#2494=DIRECTION('center_axis',(0.,0.,-1.));
#2495=DIRECTION('ref_axis',(-1.,0.,0.));
#2496=DIRECTION('',(0.,0.,-1.));
#2497=DIRECTION('center_axis',(0.,0.,1.));
#2498=DIRECTION('ref_axis',(-1.,0.,0.));
#2499=DIRECTION('center_axis',(0.,0.,-1.));
#2500=DIRECTION('ref_axis',(-1.,0.,0.));
#2501=DIRECTION('',(0.,0.,-1.));
#2502=DIRECTION('center_axis',(0.,0.,1.));
#2503=DIRECTION('ref_axis',(-1.,0.,0.));
#2504=DIRECTION('center_axis',(0.,0.,-1.));
#2505=DIRECTION('ref_axis',(-1.,0.,0.));
#2506=DIRECTION('',(0.,0.,-1.));
#2507=DIRECTION('center_axis',(0.,0.,1.));
#2508=DIRECTION('ref_axis',(-1.,0.,0.));
#2509=DIRECTION('center_axis',(0.,0.,-1.));
#2510=DIRECTION('ref_axis',(-1.,0.,0.));
#2511=DIRECTION('',(0.,0.,-1.));
#2512=DIRECTION('center_axis',(0.,0.,1.));
#2513=DIRECTION('ref_axis',(-1.,0.,0.));
#2514=DIRECTION('center_axis',(0.,0.,-1.));
#2515=DIRECTION('ref_axis',(-1.,0.,0.));
#2516=DIRECTION('',(0.,0.,-1.));
#2517=DIRECTION('center_axis',(0.,0.,1.));
#2518=DIRECTION('ref_axis',(-1.,0.,0.));
#2519=DIRECTION('center_axis',(0.,0.,1.));
#2520=DIRECTION('ref_axis',(1.,0.,0.));
#2521=DIRECTION('center_axis',(0.,0.,1.));
#2522=DIRECTION('ref_axis',(1.,0.,0.));
#2523=DIRECTION('',(0.,0.,1.));
#2524=DIRECTION('center_axis',(0.,0.,1.));
#2525=DIRECTION('ref_axis',(1.,0.,0.));
#2526=DIRECTION('center_axis',(0.,0.,1.));
#2527=DIRECTION('ref_axis',(1.,0.,0.));
#2528=DIRECTION('',(0.,0.,1.));
#2529=DIRECTION('center_axis',(-0.970179035572257,-0.190020018205899,-0.150482662181114));
#2530=DIRECTION('ref_axis',(0.242389436519183,-0.760567129697648,-0.60231636395452));
#2531=DIRECTION('center_axis',(0.,0.,-1.));
#2532=DIRECTION('ref_axis',(-0.512348241114833,-0.85877778256458,0.));
#2533=DIRECTION('center_axis',(0.858777782564574,-0.512348241114843,0.));
#2534=DIRECTION('ref_axis',(0.,0.,-1.));
#2535=DIRECTION('center_axis',(-0.403959169664513,-0.914777016132324,4.53697387630402E-15));
#2536=DIRECTION('ref_axis',(0.914777016132324,-0.403959169664513,0.));
#2537=DIRECTION('center_axis',(-0.735407436077649,0.677625193570678,0.));
#2538=DIRECTION('ref_axis',(-0.479153369476677,-0.520011584985518,-0.707106781186545));
#2539=DIRECTION('',(-0.735407436077649,0.677625193570678,0.));
#2540=DIRECTION('center_axis',(0.735407436077642,-0.677625193570686,0.));
#2541=DIRECTION('ref_axis',(-0.677625193570686,-0.735407436077642,0.));
#2542=DIRECTION('',(0.735407436077649,-0.677625193570678,0.));
#2543=DIRECTION('center_axis',(-0.999665079517775,0.0258791188551778,0.));
#2544=DIRECTION('ref_axis',(-0.0258791188551778,-0.999665079517775,0.));
#2545=DIRECTION('center_axis',(-0.970179035572246,-0.190020018205934,0.150482662181139));
#2546=DIRECTION('ref_axis',(0.242389436519217,-0.760567129697638,0.602316363954519));
#2547=DIRECTION('center_axis',(0.858777782564578,-0.512348241114836,-7.62747893791785E-15));
#2548=DIRECTION('ref_axis',(-0.512348241114836,-0.858777782564578,0.));
#2549=DIRECTION('center_axis',(0.,0.,1.));
#2550=DIRECTION('ref_axis',(0.914777016132324,-0.403959169664513,0.));
#2551=DIRECTION('center_axis',(-0.403959169664509,-0.914777016132326,0.));
#2552=DIRECTION('ref_axis',(0.,0.,1.));
#2553=DIRECTION('center_axis',(0.,0.,1.));
#2554=DIRECTION('ref_axis',(0.303648188535038,-0.952784224050435,0.));
#2555=DIRECTION('',(0.,0.,-1.));
#2556=DIRECTION('',(0.,0.,1.));
#2557=DIRECTION('center_axis',(0.508945247454875,0.185733668972773,-0.840522301490572));
#2558=DIRECTION('ref_axis',(-0.789586623800436,-0.288150486410197,-0.541776947365792));
#2559=DIRECTION('center_axis',(0.,0.,-1.));
#2560=DIRECTION('ref_axis',(-0.945053421395057,0.326915938292242,0.));
#2561=DIRECTION('center_axis',(-0.326915938292246,-0.945053421395056,0.));
#2562=DIRECTION('ref_axis',(0.,0.,-1.));
#2563=DIRECTION('center_axis',(-0.858777782564578,0.512348241114836,0.));
#2564=DIRECTION('ref_axis',(-0.512348241114836,-0.858777782564578,0.));
#2565=DIRECTION('center_axis',(-0.574874922880882,0.053405583753282,-0.816496580927728));
#2566=DIRECTION('ref_axis',(0.812995912606337,-0.0755269008503416,-0.577350269189625));
#2567=DIRECTION('center_axis',(0.,0.,-1.));
#2568=DIRECTION('ref_axis',(0.638666898684496,-0.769483328295505,0.));
#2569=DIRECTION('center_axis',(0.769483328295505,0.638666898684496,0.));
#2570=DIRECTION('ref_axis',(0.,0.,-1.));
#2571=DIRECTION('center_axis',(0.63866689868449,-0.76948332829551,-1.81793880008784E-14));
#2572=DIRECTION('ref_axis',(0.76948332829551,0.63866689868449,0.));
#2573=DIRECTION('center_axis',(0.769483328295506,0.638666898684494,0.));
#2574=DIRECTION('ref_axis',(0.451605694979188,-0.544106879447746,-0.707106781186548));
#2575=DIRECTION('',(0.769483328295506,0.638666898684494,0.));
#2576=DIRECTION('',(-0.769483328295506,-0.638666898684494,0.));
#2577=DIRECTION('center_axis',(-0.508945247454872,-0.185733668972779,-0.840522301490573));
#2578=DIRECTION('ref_axis',(-0.789586623800438,-0.288150486410207,0.541776947365784));
#2579=DIRECTION('center_axis',(-0.326915938292242,-0.945053421395057,8.39376054346858E-15));
#2580=DIRECTION('ref_axis',(-0.945053421395057,0.326915938292242,0.));
#2581=DIRECTION('center_axis',(0.,0.,1.));
#2582=DIRECTION('ref_axis',(-0.512348241114836,-0.858777782564578,0.));
#2583=DIRECTION('center_axis',(-0.858777782564578,0.512348241114836,0.));
#2584=DIRECTION('ref_axis',(0.,0.,1.));
#2585=DIRECTION('center_axis',(0.,0.,1.));
#2586=DIRECTION('ref_axis',(-0.939399968805337,-0.342823130212261,0.));
#2587=DIRECTION('',(0.,0.,-1.));
#2588=DIRECTION('',(0.,0.,1.));
#2589=DIRECTION('center_axis',(0.858777782564579,-0.512348241114834,0.));
#2590=DIRECTION('ref_axis',(-0.362284915621302,-0.607247593583762,0.707106781186545));
#2591=DIRECTION('',(0.858777782564579,-0.512348241114834,0.));
#2592=DIRECTION('center_axis',(0.508945247454875,-0.185733668972762,-0.840522301490575));
#2593=DIRECTION('ref_axis',(-0.789586623800445,0.288150486410177,-0.541776947365789));
#2594=DIRECTION('center_axis',(-0.85877778256457,-0.512348241114849,0.));
#2595=DIRECTION('ref_axis',(0.,0.,-1.));
#2596=DIRECTION('center_axis',(-0.326915938292246,0.945053421395056,-1.67875210869371E-14));
#2597=DIRECTION('ref_axis',(-0.945053421395056,-0.326915938292246,0.));
#2598=DIRECTION('center_axis',(1.21725156350958E-16,7.26214289913267E-17,
-1.));
#2599=DIRECTION('ref_axis',(-0.51234824111484,0.858777782564576,0.));
#2600=DIRECTION('center_axis',(0.326915938292244,0.945053421395056,0.));
#2601=DIRECTION('ref_axis',(-0.668253682851993,0.231164476844409,-0.707106781186547));
#2602=DIRECTION('center_axis',(-0.326915938292242,-0.945053421395057,0.));
#2603=DIRECTION('ref_axis',(-0.945053421395057,0.326915938292242,0.));
#2604=DIRECTION('',(-0.326915938292244,-0.945053421395056,0.));
#2605=DIRECTION('',(0.326915938292244,0.945053421395056,0.));
#2606=DIRECTION('center_axis',(0.,0.,1.));
#2607=DIRECTION('ref_axis',(1.,0.,0.));
#2608=DIRECTION('center_axis',(-3.33066907387542E-15,-1.,0.));
#2609=DIRECTION('ref_axis',(-1.,3.33066907387542E-15,0.));
#2610=DIRECTION('center_axis',(0.,0.,-1.));
#2611=DIRECTION('ref_axis',(0.986167688934051,-0.165750684168943,0.));
#2612=DIRECTION('center_axis',(0.,0.,1.));
#2613=DIRECTION('ref_axis',(0.986167688934051,-0.165750684168943,0.));
#2614=DIRECTION('center_axis',(0.,1.,0.));
#2615=DIRECTION('ref_axis',(-0.70710678118654,0.,-0.707106781186555));
#2616=DIRECTION('center_axis',(0.,-1.,0.));
#2617=DIRECTION('ref_axis',(-1.,0.,0.));
#2618=DIRECTION('',(0.,-1.,0.));
#2619=DIRECTION('',(0.,1.,0.));
#2620=DIRECTION('center_axis',(0.,0.,1.));
#2621=DIRECTION('ref_axis',(1.,0.,0.));
#2622=DIRECTION('center_axis',(0.326915938292244,-0.945053421395056,0.));
#2623=DIRECTION('ref_axis',(-0.945053421395056,-0.326915938292244,0.));
#2624=DIRECTION('center_axis',(0.,0.,-1.));
#2625=DIRECTION('ref_axis',(0.986167688934051,0.165750684168943,0.));
#2626=DIRECTION('center_axis',(0.,0.,1.));
#2627=DIRECTION('ref_axis',(0.986167688934051,0.165750684168943,0.));
#2628=DIRECTION('center_axis',(0.326915938292244,-0.945053421395056,0.));
#2629=DIRECTION('ref_axis',(-0.668253682851993,-0.231164476844409,-0.707106781186546));
#2630=DIRECTION('',(-0.326915938292244,0.945053421395056,0.));
#2631=DIRECTION('',(0.326915938292244,-0.945053421395056,0.));
#2632=DIRECTION('center_axis',(-0.574874922880892,-0.0534055837532745,-0.816496580927722));
#2633=DIRECTION('ref_axis',(0.812995912606337,0.075526900850331,-0.577350269189625));
#2634=DIRECTION('center_axis',(0.,0.,-1.));
#2635=DIRECTION('ref_axis',(0.769483328295507,-0.638666898684493,0.));
#2636=DIRECTION('center_axis',(0.638666898684501,0.769483328295501,0.));
#2637=DIRECTION('ref_axis',(0.,0.,-1.));
#2638=DIRECTION('center_axis',(0.769483328295505,-0.638666898684496,-2.83625078394188E-15));
#2639=DIRECTION('ref_axis',(0.638666898684496,0.769483328295505,0.));
#2640=DIRECTION('center_axis',(-0.638666898684492,-0.769483328295508,0.));
#2641=DIRECTION('ref_axis',(0.544106879447746,-0.451605694979188,-0.707106781186548));
#2642=DIRECTION('center_axis',(0.638666898684498,0.769483328295503,0.));
#2643=DIRECTION('ref_axis',(0.769483328295503,-0.638666898684498,0.));
#2644=DIRECTION('',(0.638666898684492,0.769483328295508,0.));
#2645=DIRECTION('',(-0.638666898684492,-0.769483328295508,0.));
#2646=DIRECTION('center_axis',(0.,0.,1.));
#2647=DIRECTION('ref_axis',(-1.,3.43024899888577E-15,0.));
#2648=DIRECTION('center_axis',(-0.638666898684484,0.769483328295515,0.));
#2649=DIRECTION('ref_axis',(0.769483328295515,0.638666898684484,0.));
#2650=DIRECTION('center_axis',(0.,0.,-1.));
#2651=DIRECTION('ref_axis',(-1.,3.43159843975044E-15,0.));
#2652=DIRECTION('center_axis',(0.,0.,1.));
#2653=DIRECTION('ref_axis',(-1.,3.43159843975044E-15,0.));
#2654=DIRECTION('center_axis',(-0.638666898684491,0.769483328295509,0.));
#2655=DIRECTION('ref_axis',(0.544106879447747,0.451605694979184,-0.70710678118655));
#2656=DIRECTION('',(0.638666898684491,-0.769483328295509,0.));
#2657=DIRECTION('',(-0.638666898684491,0.769483328295509,0.));
#2658=DIRECTION('center_axis',(0.574874922880882,-0.0534055837532784,-0.816496580927729));
#2659=DIRECTION('ref_axis',(0.81299591260634,-0.0755269008503383,0.577350269189621));
#2660=DIRECTION('center_axis',(0.769483328295505,0.638666898684496,0.));
#2661=DIRECTION('ref_axis',(0.638666898684496,-0.769483328295505,0.));
#2662=DIRECTION('center_axis',(0.,0.,1.));
#2663=DIRECTION('ref_axis',(0.769483328295505,0.638666898684496,0.));
#2664=DIRECTION('center_axis',(0.638666898684482,-0.769483328295517,0.));
#2665=DIRECTION('ref_axis',(0.,0.,1.));
#2666=DIRECTION('center_axis',(0.,0.,1.));
#2667=DIRECTION('ref_axis',(0.995712574426935,-0.0925011844685575,0.));
#2668=DIRECTION('',(0.,0.,-1.));
#2669=DIRECTION('',(0.,0.,1.));
#2670=DIRECTION('center_axis',(-0.508945247454874,0.185733668972776,-0.840522301490572));
#2671=DIRECTION('ref_axis',(-0.78958662380044,0.288150486410197,0.541776947365785));
#2672=DIRECTION('center_axis',(-0.858777782564578,-0.512348241114836,2.20808076427784E-14));
#2673=DIRECTION('ref_axis',(-0.512348241114836,0.858777782564578,0.));
#2674=DIRECTION('center_axis',(0.,0.,1.));
#2675=DIRECTION('ref_axis',(-0.945053421395057,-0.326915938292242,0.));
#2676=DIRECTION('center_axis',(-0.32691593829223,0.945053421395061,0.));
#2677=DIRECTION('ref_axis',(0.,0.,1.));
#2678=DIRECTION('center_axis',(0.,0.,1.));
#2679=DIRECTION('ref_axis',(-0.93939996880534,0.342823130212251,0.));
#2680=DIRECTION('',(0.,0.,-1.));
#2681=DIRECTION('',(0.,0.,1.));
#2682=DIRECTION('center_axis',(0.326915938292244,-0.945053421395056,0.));
#2683=DIRECTION('ref_axis',(-0.668253682851993,-0.231164476844409,0.707106781186546));
#2684=DIRECTION('center_axis',(-0.32691593829225,0.945053421395054,0.));
#2685=DIRECTION('ref_axis',(-0.945053421395054,-0.32691593829225,0.));
#2686=DIRECTION('',(0.326915938292244,-0.945053421395056,0.));
#2687=DIRECTION('center_axis',(0.,0.,-1.));
#2688=DIRECTION('ref_axis',(-1.,0.,0.));
#2689=DIRECTION('center_axis',(-7.77156117237612E-15,1.,0.));
#2690=DIRECTION('ref_axis',(-1.,-7.77156117237612E-15,0.));
#2691=DIRECTION('center_axis',(0.,0.,-1.));
#2692=DIRECTION('ref_axis',(0.986167688934051,0.165750684168943,0.));
#2693=DIRECTION('center_axis',(0.,-1.,0.));
#2694=DIRECTION('ref_axis',(-0.70710678118654,0.,0.707106781186555));
#2695=DIRECTION('center_axis',(0.,1.,0.));
#2696=DIRECTION('ref_axis',(-1.,0.,0.));
#2697=DIRECTION('',(0.,-1.,0.));
#2698=DIRECTION('center_axis',(0.,0.,-1.));
#2699=DIRECTION('ref_axis',(-1.,0.,0.));
#2700=DIRECTION('center_axis',(0.326915938292246,0.945053421395056,0.));
#2701=DIRECTION('ref_axis',(-0.945053421395056,0.326915938292246,0.));
#2702=DIRECTION('center_axis',(0.,0.,-1.));
#2703=DIRECTION('ref_axis',(0.986167688934051,-0.165750684168943,0.));
#2704=DIRECTION('center_axis',(-0.326915938292244,-0.945053421395056,0.));
#2705=DIRECTION('ref_axis',(-0.668253682851994,0.231164476844409,0.707106781186546));
#2706=DIRECTION('',(-0.326915938292244,-0.945053421395056,0.));
#2707=DIRECTION('center_axis',(-0.975657071069801,0.17498949249218,-0.132181531194138));
#2708=DIRECTION('ref_axis',(0.219301800429222,0.778514975156414,-0.58806560330095));
#2709=DIRECTION('center_axis',(0.,0.,-1.));
#2710=DIRECTION('ref_axis',(0.885268879897702,0.465079574142607,0.));
#2711=DIRECTION('center_axis',(-0.465079574142607,0.885268879897702,0.));
#2712=DIRECTION('ref_axis',(0.,0.,-1.));
#2713=DIRECTION('center_axis',(0.858777782564578,0.512348241114836,0.));
#2714=DIRECTION('ref_axis',(-0.512348241114836,0.858777782564578,0.));
#2715=DIRECTION('center_axis',(-0.999767632323429,-0.0179539997304943,0.0119304338597424));
#2716=DIRECTION('ref_axis',(-0.0215564690616077,0.832688681526939,-0.553321677054608));
#2717=DIRECTION('center_axis',(0.,0.,-1.));
#2718=DIRECTION('ref_axis',(0.638666898684496,0.769483328295505,0.));
#2719=DIRECTION('center_axis',(-0.769483328295505,0.638666898684496,0.));
#2720=DIRECTION('ref_axis',(0.,0.,-1.));
#2721=DIRECTION('center_axis',(0.735407436077646,0.677625193570681,0.));
#2722=DIRECTION('ref_axis',(-0.677625193570681,0.735407436077646,0.));
#2723=DIRECTION('center_axis',(0.769483328295506,-0.638666898684494,0.));
#2724=DIRECTION('ref_axis',(0.451605694979188,0.544106879447746,-0.707106781186548));
#2725=DIRECTION('',(-0.769483328295506,0.638666898684494,0.));
#2726=DIRECTION('',(0.769483328295506,-0.638666898684494,0.));
#2727=DIRECTION('center_axis',(-0.735407436077648,-0.677625193570679,0.));
#2728=DIRECTION('ref_axis',(-0.479153369476674,0.520011584985515,-0.70710678118655));
#2729=DIRECTION('center_axis',(0.735407436077642,0.677625193570686,0.));
#2730=DIRECTION('ref_axis',(0.,0.,-1.));
#2731=DIRECTION('',(0.735407436077648,0.677625193570679,0.));
#2732=DIRECTION('',(-0.735407436077648,-0.677625193570679,0.));
#2733=DIRECTION('center_axis',(0.,0.,1.));
#2734=DIRECTION('ref_axis',(1.,0.,0.));
#2735=DIRECTION('center_axis',(1.,0.,0.));
#2736=DIRECTION('ref_axis',(0.,0.,-1.));
#2737=DIRECTION('center_axis',(0.,0.,1.));
#2738=DIRECTION('ref_axis',(0.363725558575662,-0.931506155663409,0.));
#2739=DIRECTION('center_axis',(0.,0.,-1.));
#2740=DIRECTION('ref_axis',(0.363725558575662,-0.931506155663409,0.));
#2741=DIRECTION('center_axis',(1.,0.,0.));
#2742=DIRECTION('ref_axis',(0.,0.707106781186549,-0.707106781186546));
#2743=DIRECTION('center_axis',(1.,0.,0.));
#2744=DIRECTION('ref_axis',(0.,0.,-1.));
#2745=DIRECTION('',(1.,0.,0.));
#2746=DIRECTION('',(-1.,0.,0.));
#2747=DIRECTION('center_axis',(0.,0.,1.));
#2748=DIRECTION('ref_axis',(1.,0.,0.));
#2749=DIRECTION('center_axis',(0.465079574142607,-0.885268879897702,0.));
#2750=DIRECTION('ref_axis',(0.,0.,-1.));
#2751=DIRECTION('center_axis',(0.,0.,1.));
#2752=DIRECTION('ref_axis',(-0.517165556595464,-0.855885381970801,0.));
#2753=DIRECTION('center_axis',(0.,0.,-1.));
#2754=DIRECTION('ref_axis',(-0.517165556595464,-0.855885381970801,0.));
#2755=DIRECTION('center_axis',(0.465079574142607,-0.885268879897702,0.));
#2756=DIRECTION('ref_axis',(0.625979628149085,0.32886092066759,-0.707106781186546));
#2757=DIRECTION('',(-0.465079574142607,0.885268879897702,0.));
#2758=DIRECTION('',(0.465079574142607,-0.885268879897702,0.));
#2759=DIRECTION('center_axis',(0.574874922880882,0.0534055837532855,-0.816496580927729));
#2760=DIRECTION('ref_axis',(0.812995912606336,0.0755269008503486,0.577350269189625));
#2761=DIRECTION('center_axis',(0.638666898684496,0.769483328295505,-6.83438486511095E-15));
#2762=DIRECTION('ref_axis',(0.769483328295505,-0.638666898684496,0.));
#2763=DIRECTION('center_axis',(0.,0.,1.));
#2764=DIRECTION('ref_axis',(0.638666898684494,0.769483328295507,0.));
#2765=DIRECTION('center_axis',(0.769483328295505,-0.638666898684496,0.));
#2766=DIRECTION('ref_axis',(0.,0.,1.));
#2767=DIRECTION('center_axis',(0.,0.,1.));
#2768=DIRECTION('ref_axis',(0.995712574426934,0.0925011844685637,0.));
#2769=DIRECTION('',(0.,0.,-1.));
#2770=DIRECTION('',(0.,0.,1.));
#2771=DIRECTION('center_axis',(-0.975657071069801,0.17498949249218,0.132181531194138));
#2772=DIRECTION('ref_axis',(0.21930180042922,0.778514975156415,0.588065603300949));
#2773=DIRECTION('center_axis',(-0.465079574142607,0.885268879897702,0.));
#2774=DIRECTION('ref_axis',(0.885268879897702,0.465079574142607,0.));
#2775=DIRECTION('center_axis',(0.,0.,1.));
#2776=DIRECTION('ref_axis',(-0.512348241114836,0.858777782564578,0.));
#2777=DIRECTION('center_axis',(0.858777782564578,0.512348241114836,0.));
#2778=DIRECTION('ref_axis',(0.,0.,1.));
#2779=DIRECTION('center_axis',(0.,0.,1.));
#2780=DIRECTION('ref_axis',(0.271140223014257,0.962539858636399,0.));
#2781=DIRECTION('',(0.,0.,-1.));
#2782=DIRECTION('',(0.,0.,1.));
#2783=DIRECTION('center_axis',(-0.858777782564579,-0.512348241114834,0.));
#2784=DIRECTION('ref_axis',(-0.362284915621302,0.607247593583762,0.707106781186545));
#2785=DIRECTION('',(-0.858777782564579,-0.512348241114834,0.));
#2786=DIRECTION('center_axis',(-0.999767632323429,-0.0179539997304943,-0.0119304338597424));
#2787=DIRECTION('ref_axis',(-0.0215564690616079,0.832688681526939,0.553321677054608));
#2788=DIRECTION('center_axis',(-0.769483328295505,0.638666898684496,0.));
#2789=DIRECTION('ref_axis',(0.638666898684496,0.769483328295505,0.));
#2790=DIRECTION('center_axis',(0.,0.,1.));
#2791=DIRECTION('ref_axis',(-0.677625193570681,0.735407436077646,0.));
#2792=DIRECTION('center_axis',(0.735407436077646,0.677625193570681,0.));
#2793=DIRECTION('ref_axis',(0.,0.,1.));
#2794=DIRECTION('center_axis',(0.,0.,1.));
#2795=DIRECTION('ref_axis',(-0.0258791188551781,0.999665079517775,0.));
#2796=DIRECTION('',(0.,0.,-1.));
#2797=DIRECTION('',(0.,0.,1.));
#2798=DIRECTION('center_axis',(-0.735407436077648,-0.677625193570679,0.));
#2799=DIRECTION('ref_axis',(-0.479153369476674,0.520011584985515,0.707106781186549));
#2800=DIRECTION('center_axis',(0.735407436077642,0.677625193570686,0.));
#2801=DIRECTION('ref_axis',(-0.677625193570686,0.735407436077642,0.));
#2802=DIRECTION('',(-0.735407436077648,-0.677625193570679,0.));
#2803=DIRECTION('center_axis',(0.,0.,-1.));
#2804=DIRECTION('ref_axis',(-1.,0.,0.));
#2805=DIRECTION('center_axis',(1.,0.,0.));
#2806=DIRECTION('ref_axis',(0.,1.,0.));
#2807=DIRECTION('center_axis',(0.,0.,-1.));
#2808=DIRECTION('ref_axis',(0.363725558575662,-0.931506155663409,0.));
#2809=DIRECTION('center_axis',(-1.,0.,0.));
#2810=DIRECTION('ref_axis',(0.,0.70710678118655,0.707106781186545));
#2811=DIRECTION('center_axis',(1.,0.,0.));
#2812=DIRECTION('ref_axis',(0.,1.,0.));
#2813=DIRECTION('',(-1.,0.,0.));
#2814=DIRECTION('center_axis',(0.,0.,-1.));
#2815=DIRECTION('ref_axis',(-1.,0.,0.));
#2816=DIRECTION('center_axis',(0.465079574142607,-0.885268879897702,0.));
#2817=DIRECTION('ref_axis',(0.885268879897702,0.465079574142607,0.));
#2818=DIRECTION('center_axis',(0.,0.,-1.));
#2819=DIRECTION('ref_axis',(-0.517165556595464,-0.855885381970801,0.));
#2820=DIRECTION('center_axis',(-0.465079574142607,0.885268879897702,0.));
#2821=DIRECTION('ref_axis',(0.625979628149086,0.32886092066759,0.707106781186546));
#2822=DIRECTION('',(-0.465079574142607,0.885268879897702,0.));
#2823=DIRECTION('center_axis',(-0.769483328295506,0.638666898684494,0.));
#2824=DIRECTION('ref_axis',(0.451605694979189,0.544106879447746,0.707106781186548));
#2825=DIRECTION('',(-0.769483328295506,0.638666898684494,0.));
#2826=DIRECTION('center_axis',(-0.638666898684491,0.769483328295509,0.));
#2827=DIRECTION('ref_axis',(0.544106879447747,0.451605694979185,0.707106781186549));
#2828=DIRECTION('center_axis',(0.63866689868449,-0.769483328295509,0.));
#2829=DIRECTION('ref_axis',(0.76948332829551,0.63866689868449,0.));
#2830=DIRECTION('',(-0.638666898684491,0.769483328295509,0.));
#2831=DIRECTION('center_axis',(0.,0.,-1.));
#2832=DIRECTION('ref_axis',(-1.,0.,0.));
#2833=DIRECTION('center_axis',(-0.638666898684493,-0.769483328295507,0.));
#2834=DIRECTION('ref_axis',(0.769483328295507,-0.638666898684493,0.));
#2835=DIRECTION('center_axis',(0.,0.,-1.));
#2836=DIRECTION('ref_axis',(-1.,3.43159843975044E-15,0.));
#2837=DIRECTION('center_axis',(0.638666898684492,0.769483328295508,0.));
#2838=DIRECTION('ref_axis',(0.544106879447746,-0.451605694979189,0.707106781186548));
#2839=DIRECTION('',(0.638666898684492,0.769483328295508,0.));
#2840=DIRECTION('center_axis',(0.858777782564579,0.512348241114834,0.));
#2841=DIRECTION('ref_axis',(-0.362284915621302,0.607247593583762,-0.707106781186545));
#2842=DIRECTION('',(-0.858777782564579,-0.512348241114834,0.));
#2843=DIRECTION('',(0.858777782564579,0.512348241114834,0.));
#2844=DIRECTION('center_axis',(0.769483328295506,0.638666898684494,0.));
#2845=DIRECTION('ref_axis',(0.451605694979189,-0.544106879447746,0.707106781186548));
#2846=DIRECTION('',(0.769483328295506,0.638666898684494,0.));
#2847=DIRECTION('center_axis',(0.999665079517775,-0.0258791188551845,8.87880950555498E-15));
#2848=DIRECTION('ref_axis',(-0.0258791188551845,-0.999665079517775,1.01509676326065E-14));
#2849=DIRECTION('center_axis',(0.,0.,-1.));
#2850=DIRECTION('ref_axis',(-1.,0.,0.));
#2851=DIRECTION('center_axis',(-1.,4.44089209850064E-15,0.));
#2852=DIRECTION('ref_axis',(-4.44089209850064E-15,-1.,0.));
#2853=DIRECTION('center_axis',(0.,0.,-1.));
#2854=DIRECTION('ref_axis',(-0.567327365761055,0.823492355798535,0.));
#2855=DIRECTION('center_axis',(1.,1.24742472603498E-16,0.));
#2856=DIRECTION('ref_axis',(0.,-0.70710678118655,0.707106781186545));
#2857=DIRECTION('center_axis',(-1.,0.,0.));
#2858=DIRECTION('ref_axis',(0.,-1.,0.));
#2859=DIRECTION('',(1.,1.24742472603498E-16,0.));
#2860=DIRECTION('center_axis',(0.,0.,-1.));
#2861=DIRECTION('ref_axis',(-1.,0.,0.));
#2862=DIRECTION('center_axis',(-0.735407436077642,0.677625193570686,0.));
#2863=DIRECTION('ref_axis',(-0.677625193570686,-0.735407436077642,0.));
#2864=DIRECTION('center_axis',(0.,0.,-1.));
#2865=DIRECTION('ref_axis',(0.363725558575663,0.931506155663409,0.));
#2866=DIRECTION('center_axis',(0.735407436077649,-0.677625193570678,0.));
#2867=DIRECTION('ref_axis',(-0.479153369476677,-0.520011584985518,0.707106781186545));
#2868=DIRECTION('',(0.735407436077649,-0.677625193570678,0.));
#2869=DIRECTION('center_axis',(0.858777782564579,-0.512348241114834,0.));
#2870=DIRECTION('ref_axis',(-0.362284915621302,-0.607247593583762,-0.707106781186545));
#2871=DIRECTION('',(-0.858777782564579,0.512348241114834,0.));
#2872=DIRECTION('',(0.858777782564579,-0.512348241114834,0.));
#2873=DIRECTION('center_axis',(0.,0.,1.));
#2874=DIRECTION('ref_axis',(1.,0.,0.));
#2875=DIRECTION('center_axis',(1.,0.,0.));
#2876=DIRECTION('ref_axis',(0.,-1.,0.));
#2877=DIRECTION('center_axis',(0.,0.,-1.));
#2878=DIRECTION('ref_axis',(0.363725558575663,0.931506155663409,0.));
#2879=DIRECTION('center_axis',(0.,0.,1.));
#2880=DIRECTION('ref_axis',(0.363725558575663,0.931506155663409,0.));
#2881=DIRECTION('center_axis',(-1.,-1.24742472603498E-16,0.));
#2882=DIRECTION('ref_axis',(0.,-0.707106781186549,-0.707106781186546));
#2883=DIRECTION('center_axis',(1.,0.,0.));
#2884=DIRECTION('ref_axis',(0.,-1.,0.));
#2885=DIRECTION('',(1.,1.24742472603498E-16,0.));
#2886=DIRECTION('',(-1.,-1.24742472603498E-16,0.));
#2887=DIRECTION('center_axis',(0.,0.,1.));
#2888=DIRECTION('ref_axis',(1.,0.,0.));
#2889=DIRECTION('center_axis',(0.,0.,-1.));
#2890=DIRECTION('ref_axis',(-0.567327365761055,0.823492355798536,0.));
#2891=DIRECTION('center_axis',(0.,0.,1.));
#2892=DIRECTION('ref_axis',(-0.567327365761055,0.823492355798535,0.));
#2893=DIRECTION('center_axis',(-0.677625193570678,-0.735407436077649,0.));
#2894=DIRECTION('ref_axis',(0.735407436077649,-0.677625193570678,0.));
#2895=DIRECTION('',(0.,0.,1.));
#2896=DIRECTION('',(0.,0.,1.));
#2897=DIRECTION('center_axis',(0.,0.,1.));
#2898=DIRECTION('ref_axis',(0.677625193570681,0.735407436077646,0.));
#2899=DIRECTION('',(0.,0.,1.));
#2900=DIRECTION('center_axis',(1.24742472603498E-16,-1.,0.));
#2901=DIRECTION('ref_axis',(1.,1.24742472603498E-16,0.));
#2902=DIRECTION('',(0.,0.,1.));
#2903=DIRECTION('center_axis',(0.,0.,1.));
#2904=DIRECTION('ref_axis',(-6.05576195250085E-16,1.,0.));
#2905=DIRECTION('center_axis',(0.,0.,1.));
#2906=DIRECTION('ref_axis',(1.,6.84637531852163E-15,0.));
#2907=DIRECTION('',(0.,0.,1.));
#2908=DIRECTION('',(0.,0.,1.));
#2909=DIRECTION('center_axis',(-1.,0.,0.));
#2910=DIRECTION('ref_axis',(0.,-1.,0.));
#2911=DIRECTION('',(0.,0.,1.));
#2912=DIRECTION('center_axis',(0.,0.,1.));
#2913=DIRECTION('ref_axis',(0.945053421395056,-0.326915938292246,0.));
#2914=DIRECTION('',(0.,0.,1.));
#2915=DIRECTION('center_axis',(-0.945053421395056,0.326915938292244,0.));
#2916=DIRECTION('ref_axis',(-0.326915938292244,-0.945053421395056,0.));
#2917=DIRECTION('center_axis',(0.769483328295509,0.638666898684491,0.));
#2918=DIRECTION('ref_axis',(-0.638666898684491,0.769483328295509,0.));
#2919=DIRECTION('',(0.,0.,1.));
#2920=DIRECTION('center_axis',(0.,0.,1.));
#2921=DIRECTION('ref_axis',(-0.885268879897702,-0.465079574142606,0.));
#2922=DIRECTION('',(0.,0.,1.));
#2923=DIRECTION('',(0.,0.,1.));
#2924=DIRECTION('center_axis',(-0.677625193570679,0.735407436077648,0.));
#2925=DIRECTION('ref_axis',(-0.735407436077648,-0.677625193570679,0.));
#2926=DIRECTION('',(0.,0.,1.));
#2927=DIRECTION('center_axis',(0.,1.,0.));
#2928=DIRECTION('ref_axis',(-1.,0.,0.));
#2929=DIRECTION('',(0.,0.,1.));
#2930=DIRECTION('center_axis',(0.,0.,1.));
#2931=DIRECTION('ref_axis',(0.,-1.,0.));
#2932=DIRECTION('center_axis',(-0.512348241114834,-0.858777782564579,0.));
#2933=DIRECTION('ref_axis',(0.858777782564579,-0.512348241114834,0.));
#2934=DIRECTION('center_axis',(0.,0.,1.));
#2935=DIRECTION('ref_axis',(1.,0.,0.));
#2936=DIRECTION('center_axis',(0.,0.,1.));
#2937=DIRECTION('ref_axis',(1.,0.,0.));
#2938=DIRECTION('center_axis',(0.638666898684494,0.769483328295506,0.));
#2939=DIRECTION('ref_axis',(-0.769483328295506,0.638666898684494,0.));
#2940=DIRECTION('center_axis',(-0.512348241114834,0.858777782564579,0.));
#2941=DIRECTION('ref_axis',(-0.858777782564579,-0.512348241114834,0.));
#2942=DIRECTION('center_axis',(0.,0.,1.));
#2943=DIRECTION('ref_axis',(1.,0.,0.));
#2944=DIRECTION('',(0.,0.,1.));
#2945=DIRECTION('center_axis',(0.885268879897702,0.465079574142607,0.));
#2946=DIRECTION('ref_axis',(-0.465079574142607,0.885268879897702,0.));
#2947=DIRECTION('center_axis',(0.769483328295508,-0.638666898684492,0.));
#2948=DIRECTION('ref_axis',(0.638666898684492,0.769483328295508,0.));
#2949=DIRECTION('',(0.,0.,1.));
#2950=DIRECTION('center_axis',(0.,0.,1.));
#2951=DIRECTION('ref_axis',(-0.769483328295509,0.63866689868449,0.));
#2952=DIRECTION('center_axis',(0.638666898684494,-0.769483328295506,0.));
#2953=DIRECTION('ref_axis',(0.769483328295506,0.638666898684494,0.));
#2954=DIRECTION('center_axis',(-0.945053421395056,-0.326915938292244,0.));
#2955=DIRECTION('ref_axis',(0.326915938292244,-0.945053421395056,0.));
#2956=CARTESIAN_POINT('',(0.,0.,0.));
#2957=CARTESIAN_POINT('Origin',(-56.0361784889561,0.,33.6202885032624));
#2958=CARTESIAN_POINT('',(-90.8274265889745,-28.7107562646282,33.6202885032624));
#2959=CARTESIAN_POINT('',(-76.7098478879975,-26.1907482346885,33.6202885032624));
#2960=CARTESIAN_POINT('',(-71.4856300229619,-25.2582178589851,33.6202885032624));
#2961=CARTESIAN_POINT('',(-59.3893398123087,-36.1907482346885,33.6202885032624));
#2962=CARTESIAN_POINT('',(-74.6276851921977,-27.3928854276051,33.6202885032624));
#2963=CARTESIAN_POINT('',(-58.3893398123087,-34.4586974271196,33.6202885032624));
#2964=CARTESIAN_POINT('',(-51.1346678085879,-21.8932369244276,33.6202885032624));
#2965=CARTESIAN_POINT('',(-75.7098478879975,-24.4586974271196,33.6202885032624));
#2966=CARTESIAN_POINT('',(-64.9674311543533,-30.6608346200363,33.6202885032624));
#2967=CARTESIAN_POINT('',(-90.2546500752567,-27.0549654616121,33.6202885032624));
#2968=CARTESIAN_POINT('',(-64.0612145446788,-22.3793996817523,33.6202885032624));
#2969=CARTESIAN_POINT('',(-84.2467603599511,-9.6872691649018,33.6202885032624));
#2970=CARTESIAN_POINT('Origin',(99.6385607864872,0.,33.5496626759238));
#2971=CARTESIAN_POINT('',(80.6258970181047,21.7297260918285,33.5496626759238));
#2972=CARTESIAN_POINT('',(95.4084575894293,23.2618149780665,33.5496626759238));
#2973=CARTESIAN_POINT('',(88.9171157538571,22.5890416357848,33.5496626759238));
#2974=CARTESIAN_POINT('',(97.0968696604994,25.2960599697162,33.5496626759238));
#2975=CARTESIAN_POINT('',(90.5552431793874,17.4145296641369,33.5496626759238));
#2976=CARTESIAN_POINT('',(81.9114722374777,23.2618149780665,33.5496626759238));
#2977=CARTESIAN_POINT('',(96.6808432809521,25.2403288251558,33.5496626759238));
#2978=CARTESIAN_POINT('',(66.5905833750982,36.1175671717973,33.5496626759238));
#2979=CARTESIAN_POINT('',(92.8399174650829,14.0917606182419,33.5496626759238));
#2980=CARTESIAN_POINT('',(65.3050081557251,34.5854782855593,33.5496626759238));
#2981=CARTESIAN_POINT('',(64.5256824219977,33.6567140425886,33.5496626759238));
#2982=CARTESIAN_POINT('',(83.89389781452,18.9875478288693,33.5496626759238));
#2983=CARTESIAN_POINT('Origin',(-56.0361784889561,0.,33.6202885032624));
#2984=CARTESIAN_POINT('',(-59.3893398123088,36.1907482346885,33.6202885032624));
#2985=CARTESIAN_POINT('',(-76.7098478879975,26.1907482346885,33.6202885032624));
#2986=CARTESIAN_POINT('',(-65.9674311543533,32.3928854276051,33.6202885032624));
#2987=CARTESIAN_POINT('',(-90.8274265889745,28.7107562646282,33.6202885032624));
#2988=CARTESIAN_POINT('',(-64.4268406724734,23.9982138440152,33.6202885032624));
#2989=CARTESIAN_POINT('',(-90.2546500752567,27.0549654616121,33.6202885032624));
#2990=CARTESIAN_POINT('',(-84.53314861681,10.5151645664099,33.6202885032624));
#2991=CARTESIAN_POINT('',(-75.7098478879975,24.4586974271196,33.6202885032624));
#2992=CARTESIAN_POINT('',(-71.3336156383084,23.6775336989985,33.6202885032624));
#2993=CARTESIAN_POINT('',(-58.3893398123087,34.4586974271196,33.6202885032624));
#2994=CARTESIAN_POINT('',(-73.6276851921977,25.6608346200363,33.6202885032624));
#2995=CARTESIAN_POINT('',(-50.6346678085879,21.0272115206433,33.6202885032624));
#2996=CARTESIAN_POINT('Origin',(99.6385607864872,0.,33.5496626759238));
#2997=CARTESIAN_POINT('',(97.0968696604994,-25.2960599697162,33.5496626759238));
#2998=CARTESIAN_POINT('',(95.4084575894293,-23.2618149780665,33.5496626759238));
#2999=CARTESIAN_POINT('',(91.3994492149224,-18.4316521599618,33.5496626759238));
#3000=CARTESIAN_POINT('',(80.6258970181047,-21.7297260918285,33.5496626759238));
#3001=CARTESIAN_POINT('',(96.3083960395194,-23.3550860789038,33.5496626759238));
#3002=CARTESIAN_POINT('',(65.3050081557251,-34.5854782855593,33.5496626759238));
#3003=CARTESIAN_POINT('',(91.5543422457098,-12.5596717320039,33.5496626759238));
#3004=CARTESIAN_POINT('',(66.5905833750982,-36.1175671717973,33.5496626759238));
#3005=CARTESIAN_POINT('',(63.8828948123112,-32.8906695994696,33.5496626759238));
#3006=CARTESIAN_POINT('',(81.9114722374777,-23.2618149780665,33.5496626759238));
#3007=CARTESIAN_POINT('',(85.1794730338931,-20.5196367151073,33.5496626759238));
#3008=CARTESIAN_POINT('',(89.0881445694413,-24.223206329331,33.5496626759238));
#3009=CARTESIAN_POINT('Origin',(65.3050081557251,-34.5854782855593,6.));
#3010=CARTESIAN_POINT('',(65.3050081557251,-34.5854782855593,6.));
#3011=CARTESIAN_POINT('',(65.3050081557251,-34.5854782855593,6.04966267592384));
#3012=CARTESIAN_POINT('',(66.5905833750982,-36.1175671717973,6.));
#3013=CARTESIAN_POINT('',(43.9667261761668,-9.15550407663236,6.));
#3014=CARTESIAN_POINT('',(66.5905833750982,-36.1175671717973,6.));
#3015=CARTESIAN_POINT('Origin',(80.6258970181047,-21.7297260918285,6.));
#3016=CARTESIAN_POINT('',(80.6258970181047,-21.7297260918285,6.));
#3017=CARTESIAN_POINT('',(80.6258970181047,-21.7297260918285,6.04966267592384));
#3018=CARTESIAN_POINT('',(63.2678734630503,-36.2948372548412,6.));
#3019=CARTESIAN_POINT('Origin',(95.4084575894293,-23.2618149780665,6.));
#3020=CARTESIAN_POINT('',(95.4084575894293,-23.2618149780665,6.));
#3021=CARTESIAN_POINT('',(95.4084575894293,-23.2618149780665,6.04966267592384));
#3022=CARTESIAN_POINT('',(48.618029012045,-18.4123780175455,6.));
#3023=CARTESIAN_POINT('Origin',(81.9114722374777,23.2618149780665,6.));
#3024=CARTESIAN_POINT('',(81.9114722374777,23.2618149780665,6.));
#3025=CARTESIAN_POINT('',(81.9114722374777,23.2618149780665,6.04966267592384));
#3026=CARTESIAN_POINT('',(66.5905833750982,36.1175671717973,6.));
#3027=CARTESIAN_POINT('',(64.5534486824234,37.8269261410792,6.));
#3028=CARTESIAN_POINT('',(66.5905833750982,36.1175671717973,6.));
#3029=CARTESIAN_POINT('Origin',(97.0968696604994,25.2960599697162,6.));
#3030=CARTESIAN_POINT('',(97.0968696604994,25.2960599697162,6.));
#3031=CARTESIAN_POINT('',(97.0968696604994,25.2960599697162,6.04966267592384));
#3032=CARTESIAN_POINT('',(49.3279740813629,18.896909925663,6.));
#3033=CARTESIAN_POINT('Origin',(95.4084575894293,23.2618149780665,6.));
#3034=CARTESIAN_POINT('',(95.4084575894293,23.2618149780665,6.));
#3035=CARTESIAN_POINT('',(95.4084575894293,23.2618149780665,6.04966267592384));
#3036=CARTESIAN_POINT('',(67.336054830675,-10.5605828204602,6.));
#3037=CARTESIAN_POINT('Origin',(-58.3893398123087,-34.4586974271196,6.));
#3038=CARTESIAN_POINT('',(-58.3893398123087,-34.4586974271196,6.));
#3039=CARTESIAN_POINT('',(-58.3893398123087,-34.4586974271196,6.12028850326237));
#3040=CARTESIAN_POINT('',(-75.7098478879975,-24.4586974271196,6.));
#3041=CARTESIAN_POINT('',(-42.741381990165,-43.4930500880022,6.));
#3042=CARTESIAN_POINT('',(-75.7098478879975,-24.4586974271196,6.));
#3043=CARTESIAN_POINT('Origin',(-59.3893398123087,-36.1907482346885,6.));
#3044=CARTESIAN_POINT('',(-59.3893398123087,-36.1907482346885,6.));
#3045=CARTESIAN_POINT('',(-59.3893398123087,-36.1907482346885,6.12028850326237));
#3046=CARTESIAN_POINT('',(-43.7259847538584,-9.06102145646165,6.));
#3047=CARTESIAN_POINT('Origin',(-76.7098478879975,-26.1907482346885,6.));
#3048=CARTESIAN_POINT('',(-76.7098478879975,-26.1907482346885,6.));
#3049=CARTESIAN_POINT('',(-76.7098478879975,-26.1907482346885,6.12028850326237));
#3050=CARTESIAN_POINT('',(-52.4016360280094,-40.2251008955711,6.));
#3051=CARTESIAN_POINT('Origin',(-90.2546500752567,27.0549654616121,6.));
#3052=CARTESIAN_POINT('',(-90.2546500752567,27.0549654616121,6.));
#3053=CARTESIAN_POINT('',(-90.2546500752567,27.0549654616121,6.12028850326237));
#3054=CARTESIAN_POINT('',(-75.7098478879975,24.4586974271196,6.));
#3055=CARTESIAN_POINT('',(-42.6139706222496,18.5510359056852,6.));
#3056=CARTESIAN_POINT('',(-75.7098478879975,24.4586974271196,6.));
#3057=CARTESIAN_POINT('Origin',(-90.8274265889745,28.7107562646282,6.));
#3058=CARTESIAN_POINT('',(-90.8274265889745,28.7107562646282,6.));
#3059=CARTESIAN_POINT('',(-90.8274265889745,28.7107562646282,6.12028850326237));
#3060=CARTESIAN_POINT('',(-81.4989493252533,1.74385645381267,6.));
#3061=CARTESIAN_POINT('Origin',(-76.7098478879975,26.1907482346885,6.));
#3062=CARTESIAN_POINT('',(-76.7098478879975,26.1907482346885,6.));
#3063=CARTESIAN_POINT('',(-76.7098478879975,26.1907482346885,6.12028850326237));
#3064=CARTESIAN_POINT('',(-35.7071956564147,18.8717160507018,6.));
#3065=CARTESIAN_POINT('Origin',(97.0968696604994,-25.2960599697162,6.));
#3066=CARTESIAN_POINT('',(97.0968696604994,-25.2960599697162,6.));
#3067=CARTESIAN_POINT('',(97.0968696604994,-25.2960599697162,6.));
#3068=CARTESIAN_POINT('',(72.0571482329391,4.8724805063261,6.));
#3069=CARTESIAN_POINT('Origin',(81.9114722374777,-23.2618149780665,6.));
#3070=CARTESIAN_POINT('',(81.9114722374777,-23.2618149780665,6.));
#3071=CARTESIAN_POINT('',(81.9114722374777,-23.2618149780665,6.));
#3072=CARTESIAN_POINT('',(41.7352753698521,-17.8797874298381,6.));
#3073=CARTESIAN_POINT('Origin',(66.5905833750982,-36.1175671717973,6.));
#3074=CARTESIAN_POINT('',(56.8930042512336,-44.2548022379445,6.));
#3075=CARTESIAN_POINT('Origin',(3.23328594887924,0.,6.));
#3076=CARTESIAN_POINT('',(88.2933497546557,-14.6893386697433,6.));
#3077=CARTESIAN_POINT('',(72.0571482329391,4.8724805063261,6.));
#3078=CARTESIAN_POINT('',(88.2933497546558,14.6893386697435,6.));
#3079=CARTESIAN_POINT('Origin',(105.991466305453,1.11022302462516E-14,6.));
#3080=CARTESIAN_POINT('',(67.336054830675,-10.5605828204602,6.));
#3081=CARTESIAN_POINT('',(80.6258970181047,21.7297260918285,6.));
#3082=CARTESIAN_POINT('',(41.2267487263827,17.6463335744266,6.));
#3083=CARTESIAN_POINT('',(65.3050081557251,34.5854782855593,6.));
#3084=CARTESIAN_POINT('',(55.6074290318605,42.7227133517066,6.));
#3085=CARTESIAN_POINT('',(44.6095137858533,9.92154851975134,6.));
#3086=CARTESIAN_POINT('',(66.2528279674933,50.8964436643221,6.));
#3087=CARTESIAN_POINT('',(75.9088743457398,42.8819786757058,6.));
#3088=CARTESIAN_POINT('',(60.64752011661,45.7315546094377,6.));
#3089=CARTESIAN_POINT('',(36.8515783808488,23.8053014416777,6.));
#3090=CARTESIAN_POINT('',(38.2858887287776,37.,6.));
#3091=CARTESIAN_POINT('Origin',(38.2858887287776,69.9999999999999,6.));
#3092=CARTESIAN_POINT('',(-32.9150744366116,37.,6.));
#3093=CARTESIAN_POINT('',(20.7595873388284,37.,6.));
#3094=CARTESIAN_POINT('',(-53.2762586742588,49.3031697947201,6.));
#3095=CARTESIAN_POINT('Origin',(-32.9150744366116,60.,6.));
#3096=CARTESIAN_POINT('',(-54.0005055777993,50.6817580637247,6.));
#3097=CARTESIAN_POINT('',(-37.0152171769254,18.350630073205,6.));
#3098=CARTESIAN_POINT('',(-43.5920695726299,56.8914481468562,6.));
#3099=CARTESIAN_POINT('',(-59.3893398123088,36.1907482346885,6.));
#3100=CARTESIAN_POINT('',(-43.741381990165,45.2251008955711,6.));
#3101=CARTESIAN_POINT('',(-58.3893398123087,34.4586974271196,6.));
#3102=CARTESIAN_POINT('',(-43.2259847538583,8.19499605267721,6.));
#3103=CARTESIAN_POINT('',(-51.4016360280094,38.4930500880022,6.));
#3104=CARTESIAN_POINT('',(-84.9770944443695,11.7985297196687,6.));
#3105=CARTESIAN_POINT('',(-81.4989493252533,1.74385645381267,6.));
#3106=CARTESIAN_POINT('',(-84.2627889225052,7.54862252186953,6.));
#3107=CARTESIAN_POINT('Origin',(-97.2627889225055,7.54862252186944,6.));
#3108=CARTESIAN_POINT('',(-84.2627889225052,-7.54862252186948,6.));
#3109=CARTESIAN_POINT('',(-84.2627889225052,3.77431126093476,6.));
#3110=CARTESIAN_POINT('',(-84.9770944443695,-11.7985297196687,6.));
#3111=CARTESIAN_POINT('Origin',(-97.2627889225052,-7.54862252186945,6.));
#3112=CARTESIAN_POINT('',(-90.2546500752567,-27.0549654616121,6.));
#3113=CARTESIAN_POINT('',(-78.4407992632751,7.09668889955707,6.));
#3114=CARTESIAN_POINT('',(-35.34156952862,-17.2529018884389,6.));
#3115=CARTESIAN_POINT('',(-90.8274265889745,-28.7107562646282,6.));
#3116=CARTESIAN_POINT('',(-42.7659850069031,-20.1317200656717,6.));
#3117=CARTESIAN_POINT('',(-53.9549458076551,-50.7089390977162,6.));
#3118=CARTESIAN_POINT('',(-62.8081792925013,-45.4270854025797,6.));
#3119=CARTESIAN_POINT('',(-32.9150744366117,-37.,6.));
#3120=CARTESIAN_POINT('Origin',(-32.9150744366116,-60.,6.));
#3121=CARTESIAN_POINT('',(38.2858887287776,-37.,6.));
#3122=CARTESIAN_POINT('',(-14.8408942438662,-37.,6.));
#3123=CARTESIAN_POINT('',(60.6475201166101,-45.7315546094377,6.));
#3124=CARTESIAN_POINT('Origin',(38.2858887287775,-70.0000000000001,6.));
#3125=CARTESIAN_POINT('',(66.2528279674934,-50.8964436643221,6.));
#3126=CARTESIAN_POINT('',(33.7273027750795,-20.9265056092352,6.));
#3127=CARTESIAN_POINT('',(59.7655874692891,-56.2808173312425,6.));
#3128=CARTESIAN_POINT('',(-55.6500006258488,15.25,6.));
#3129=CARTESIAN_POINT('Origin',(-57.2500006258488,15.25,6.));
#3130=CARTESIAN_POINT('',(68.2137905348764,25.731144301376,6.));
#3131=CARTESIAN_POINT('Origin',(66.8637905348764,25.731144301376,6.));
#3132=CARTESIAN_POINT('',(10.2137905348764,-25.731144301376,6.));
#3133=CARTESIAN_POINT('Origin',(8.86379053487639,-25.731144301376,6.));
#3134=CARTESIAN_POINT('',(-25.1500006258488,-15.25,6.));
#3135=CARTESIAN_POINT('Origin',(-26.7500006258488,-15.25,6.));
#3136=CARTESIAN_POINT('',(-25.1500006258488,15.25,6.));
#3137=CARTESIAN_POINT('Origin',(-26.7500006258488,15.25,6.));
#3138=CARTESIAN_POINT('',(68.2137905348764,-25.7311443013761,6.));
#3139=CARTESIAN_POINT('Origin',(66.8637905348764,-25.7311443013761,6.));
#3140=CARTESIAN_POINT('',(10.2137905348764,25.731144301376,6.));
#3141=CARTESIAN_POINT('Origin',(8.86379053487639,25.731144301376,6.));
#3142=CARTESIAN_POINT('',(-55.6500006258488,-15.25,6.));
#3143=CARTESIAN_POINT('Origin',(-57.2500006258488,-15.25,6.));
#3144=CARTESIAN_POINT('',(73.4,35.,6.));
#3145=CARTESIAN_POINT('Origin',(75.,35.,6.));
#3146=CARTESIAN_POINT('',(73.4,-35.,6.));
#3147=CARTESIAN_POINT('Origin',(75.,-35.,6.));
#3148=CARTESIAN_POINT('',(-74.0000010281801,-6.12323399573677E-16,6.));
#3149=CARTESIAN_POINT('Origin',(-69.0000010281801,0.,6.));
#3150=CARTESIAN_POINT('Origin',(80.6258970181047,21.7297260918285,6.));
#3151=CARTESIAN_POINT('',(80.6258970181047,21.7297260918285,6.));
#3152=CARTESIAN_POINT('Origin',(65.3050081557251,34.5854782855593,6.));
#3153=CARTESIAN_POINT('',(65.3050081557251,34.5854782855593,6.));
#3154=CARTESIAN_POINT('Origin',(66.5905833750982,36.1175671717973,6.));
#3155=CARTESIAN_POINT('Origin',(-90.8274265889745,-28.7107562646282,6.));
#3156=CARTESIAN_POINT('',(-90.8274265889745,-28.7107562646282,6.));
#3157=CARTESIAN_POINT('Origin',(-90.2546500752567,-27.0549654616121,6.));
#3158=CARTESIAN_POINT('',(-90.2546500752567,-27.0549654616121,6.));
#3159=CARTESIAN_POINT('',(-78.4407992632751,7.09668889955707,6.));
#3160=CARTESIAN_POINT('Origin',(-75.7098478879975,-24.4586974271196,6.));
#3161=CARTESIAN_POINT('Origin',(-59.3893398123088,36.1907482346885,6.));
#3162=CARTESIAN_POINT('',(-59.3893398123088,36.1907482346885,6.));
#3163=CARTESIAN_POINT('Origin',(-58.3893398123087,34.4586974271196,6.));
#3164=CARTESIAN_POINT('',(-58.3893398123087,34.4586974271196,6.));
#3165=CARTESIAN_POINT('Origin',(-75.7098478879975,24.4586974271196,6.));
#3166=CARTESIAN_POINT('Origin',(-57.2500006258488,15.25,6.));
#3167=CARTESIAN_POINT('',(-55.6500006258488,15.25,0.));
#3168=CARTESIAN_POINT('',(-55.6500006258488,15.25,6.));
#3169=CARTESIAN_POINT('Origin',(-57.2500006258488,15.25,0.));
#3170=CARTESIAN_POINT('Origin',(66.8637905348764,25.731144301376,6.));
#3171=CARTESIAN_POINT('',(68.2137905348764,25.731144301376,0.));
#3172=CARTESIAN_POINT('',(68.2137905348764,25.731144301376,6.));
#3173=CARTESIAN_POINT('Origin',(66.8637905348764,25.731144301376,0.));
#3174=CARTESIAN_POINT('Origin',(8.86379053487639,-25.731144301376,6.));
#3175=CARTESIAN_POINT('',(10.2137905348764,-25.731144301376,0.));
#3176=CARTESIAN_POINT('',(10.2137905348764,-25.731144301376,6.));
#3177=CARTESIAN_POINT('Origin',(8.86379053487639,-25.731144301376,0.));
#3178=CARTESIAN_POINT('Origin',(-26.7500006258488,-15.25,6.));
#3179=CARTESIAN_POINT('',(-25.1500006258488,-15.25,0.));
#3180=CARTESIAN_POINT('',(-25.1500006258488,-15.25,6.));
#3181=CARTESIAN_POINT('Origin',(-26.7500006258488,-15.25,0.));
#3182=CARTESIAN_POINT('Origin',(-26.7500006258488,15.25,6.));
#3183=CARTESIAN_POINT('',(-25.1500006258488,15.25,0.));
#3184=CARTESIAN_POINT('',(-25.1500006258488,15.25,6.));
#3185=CARTESIAN_POINT('Origin',(-26.7500006258488,15.25,0.));
#3186=CARTESIAN_POINT('Origin',(66.8637905348764,-25.7311443013761,6.));
#3187=CARTESIAN_POINT('',(68.2137905348764,-25.7311443013761,0.));
#3188=CARTESIAN_POINT('',(68.2137905348764,-25.7311443013761,6.));
#3189=CARTESIAN_POINT('Origin',(66.8637905348764,-25.7311443013761,0.));
#3190=CARTESIAN_POINT('Origin',(8.86379053487639,25.731144301376,6.));
#3191=CARTESIAN_POINT('',(10.2137905348764,25.731144301376,0.));
#3192=CARTESIAN_POINT('',(10.2137905348764,25.731144301376,6.));
#3193=CARTESIAN_POINT('Origin',(8.86379053487639,25.731144301376,0.));
#3194=CARTESIAN_POINT('Origin',(-57.2500006258488,-15.25,6.));
#3195=CARTESIAN_POINT('',(-55.6500006258488,-15.25,0.));
#3196=CARTESIAN_POINT('',(-55.6500006258488,-15.25,6.));
#3197=CARTESIAN_POINT('Origin',(-57.2500006258488,-15.25,0.));
#3198=CARTESIAN_POINT('Origin',(75.,35.,0.));
#3199=CARTESIAN_POINT('',(73.4,35.,0.));
#3200=CARTESIAN_POINT('Origin',(75.,35.,0.));
#3201=CARTESIAN_POINT('',(73.4,35.,0.));
#3202=CARTESIAN_POINT('Origin',(75.,-35.,0.));
#3203=CARTESIAN_POINT('',(73.4,-35.,0.));
#3204=CARTESIAN_POINT('Origin',(75.,-35.,0.));
#3205=CARTESIAN_POINT('',(73.4,-35.,0.));
#3206=CARTESIAN_POINT('Origin',(-53.9549458076551,-50.7089390977162,1.));
#3207=CARTESIAN_POINT('',(-54.4672940487699,-51.5677168802808,1.));
#3208=CARTESIAN_POINT('',(-53.0401687915228,-51.1128982673807,1.));
#3209=CARTESIAN_POINT('Origin',(-53.9549458076551,-50.7089390977162,1.));
#3210=CARTESIAN_POINT('',(-53.9549458076551,-50.7089390977162,0.));
#3211=CARTESIAN_POINT('Origin',(-53.9549458076551,-50.7089390977162,1.));
#3212=CARTESIAN_POINT('Origin',(-53.9549458076551,-50.7089390977162,1.));
#3213=CARTESIAN_POINT('Origin',(33.7273027750795,-20.9265056092352,1.));
#3214=CARTESIAN_POINT('',(66.2184461345781,-52.2245537104005,1.));
#3215=CARTESIAN_POINT('',(59.9698949230394,-46.4669620455153,1.));
#3216=CARTESIAN_POINT('',(33.0496775815088,-21.6619130453128,1.));
#3217=CARTESIAN_POINT('',(60.6475201166101,-45.7315546094377,0.));
#3218=CARTESIAN_POINT('Origin',(60.6475201166101,-45.7315546094377,1.));
#3219=CARTESIAN_POINT('',(66.2528279674934,-50.8964436643221,0.));
#3220=CARTESIAN_POINT('',(33.7273027750795,-20.9265056092352,0.));
#3221=CARTESIAN_POINT('Origin',(66.2528279674934,-50.8964436643221,1.));
#3222=CARTESIAN_POINT('Origin',(-53.9549458076551,-50.7089390977162,5.));
#3223=CARTESIAN_POINT('',(-54.4672940487699,-51.5677168802808,5.));
#3224=CARTESIAN_POINT('Origin',(-53.9549458076551,-50.7089390977162,5.));
#3225=CARTESIAN_POINT('',(-53.0401687915228,-51.1128982673807,5.));
#3226=CARTESIAN_POINT('Origin',(-53.9549458076551,-50.7089390977162,5.));
#3227=CARTESIAN_POINT('Origin',(-53.9549458076551,-50.7089390977162,5.));
#3228=CARTESIAN_POINT('Origin',(-53.9549458076551,-50.7089390977162,0.));
#3229=CARTESIAN_POINT('',(-54.4672940487699,-51.5677168802808,0.));
#3230=CARTESIAN_POINT('',(-53.0401687915228,-51.1128982673807,0.));
#3231=CARTESIAN_POINT('Origin',(-90.8274265889745,-28.7107562646282,1.));
#3232=CARTESIAN_POINT('',(-91.7724800103695,-28.383840326336,1.));
#3233=CARTESIAN_POINT('',(-91.3397748300893,-29.5695340471928,1.));
#3234=CARTESIAN_POINT('Origin',(-90.8274265889745,-28.7107562646282,1.));
#3235=CARTESIAN_POINT('',(-90.8274265889745,-28.7107562646282,0.));
#3236=CARTESIAN_POINT('Origin',(-90.8274265889745,-28.7107562646282,1.));
#3237=CARTESIAN_POINT('Origin',(-90.8274265889745,-28.7107562646282,1.));
#3238=CARTESIAN_POINT('Origin',(97.0968696604994,-25.2960599697162,1.));
#3239=CARTESIAN_POINT('',(97.7355365591839,-26.0655432980117,1.));
#3240=CARTESIAN_POINT('',(97.8663529887949,-24.6573930710317,1.));
#3241=CARTESIAN_POINT('Origin',(97.0968696604994,-25.2960599697162,1.));
#3242=CARTESIAN_POINT('',(97.0968696604994,-25.2960599697161,0.));
#3243=CARTESIAN_POINT('Origin',(97.0968696604994,-25.2960599697162,1.));
#3244=CARTESIAN_POINT('Origin',(97.0968696604994,-25.2960599697162,1.));
#3245=CARTESIAN_POINT('Origin',(59.7655874692891,-56.2808173312425,1.));
#3246=CARTESIAN_POINT('',(59.7655874692891,-56.2808173312425,0.));
#3247=CARTESIAN_POINT('',(60.4042543679736,-57.050300659538,1.));
#3248=CARTESIAN_POINT('Origin',(-90.8274265889745,-28.7107562646282,5.));
#3249=CARTESIAN_POINT('',(-91.7724800103695,-28.383840326336,5.));
#3250=CARTESIAN_POINT('Origin',(-90.8274265889745,-28.7107562646282,5.));
#3251=CARTESIAN_POINT('',(-91.3397748300893,-29.5695340471928,5.));
#3252=CARTESIAN_POINT('Origin',(-90.8274265889745,-28.7107562646282,5.));
#3253=CARTESIAN_POINT('Origin',(-90.8274265889745,-28.7107562646282,5.));
#3254=CARTESIAN_POINT('Origin',(-90.8274265889745,-28.7107562646282,0.));
#3255=CARTESIAN_POINT('',(-91.7724800103695,-28.383840326336,0.));
#3256=CARTESIAN_POINT('',(-91.3397748300893,-29.5695340471928,0.));
#3257=CARTESIAN_POINT('Origin',(-62.8081792925013,-45.4270854025797,5.));
#3258=CARTESIAN_POINT('',(-63.3205275336161,-46.2858631851443,5.));
#3259=CARTESIAN_POINT('Origin',(-90.8274265889745,28.7107562646282,1.));
#3260=CARTESIAN_POINT('',(-90.8274265889745,28.7107562646282,0.));
#3261=CARTESIAN_POINT('',(-91.3397748300893,29.5695340471928,1.));
#3262=CARTESIAN_POINT('Origin',(-90.8274265889745,28.7107562646282,1.));
#3263=CARTESIAN_POINT('',(-91.7724800103695,28.383840326336,1.));
#3264=CARTESIAN_POINT('Origin',(-90.8274265889745,28.7107562646282,1.));
#3265=CARTESIAN_POINT('Origin',(-90.8274265889745,28.7107562646282,1.));
#3266=CARTESIAN_POINT('Origin',(-78.4407992632751,7.09668889955707,1.));
#3267=CARTESIAN_POINT('',(-85.9221478657645,-11.4716137813764,1.));
#3268=CARTESIAN_POINT('',(-84.9770944443695,-11.7985297196687,0.));
#3269=CARTESIAN_POINT('Origin',(-84.9770944443695,-11.7985297196687,1.));
#3270=CARTESIAN_POINT('',(-78.4407992632751,7.09668889955707,0.));
#3271=CARTESIAN_POINT('',(-79.3858526846702,7.42360483784932,1.));
#3272=CARTESIAN_POINT('Origin',(-97.2627889225052,-7.54862252186945,1.));
#3273=CARTESIAN_POINT('',(-85.2627889225052,-7.54862252186948,1.));
#3274=CARTESIAN_POINT('',(-84.2627889225052,-7.54862252186948,0.));
#3275=CARTESIAN_POINT('Origin',(-84.2627889225052,-7.54862252186948,1.));
#3276=CARTESIAN_POINT('Origin',(-97.2627889225052,-7.54862252186945,0.));
#3277=CARTESIAN_POINT('Origin',(-97.2627889225052,-7.54862252186945,1.));
#3278=CARTESIAN_POINT('Origin',(-84.2627889225052,3.77431126093476,1.));
#3279=CARTESIAN_POINT('',(-85.2627889225052,7.54862252186952,1.));
#3280=CARTESIAN_POINT('',(-84.2627889225052,7.54862252186952,0.));
#3281=CARTESIAN_POINT('Origin',(-84.2627889225052,7.54862252186952,1.));
#3282=CARTESIAN_POINT('',(-84.2627889225052,3.77431126093476,0.));
#3283=CARTESIAN_POINT('',(-85.2627889225052,3.77431126093476,1.));
#3284=CARTESIAN_POINT('Origin',(-97.2627889225055,7.54862252186944,1.));
#3285=CARTESIAN_POINT('',(-85.9221478657645,11.4716137813764,1.));
#3286=CARTESIAN_POINT('',(-84.9770944443695,11.7985297196687,0.));
#3287=CARTESIAN_POINT('Origin',(-84.9770944443695,11.7985297196687,1.));
#3288=CARTESIAN_POINT('Origin',(-97.2627889225055,7.54862252186944,0.));
#3289=CARTESIAN_POINT('Origin',(-97.2627889225055,7.54862252186944,1.));
#3290=CARTESIAN_POINT('Origin',(-81.4989493252533,1.74385645381267,1.));
#3291=CARTESIAN_POINT('',(-82.4440027466483,1.41694051552042,1.));
#3292=CARTESIAN_POINT('',(-81.4989493252533,1.74385645381267,0.));
#3293=CARTESIAN_POINT('Origin',(97.0968696604994,25.2960599697162,1.));
#3294=CARTESIAN_POINT('',(97.8663529887949,24.6573930710317,1.));
#3295=CARTESIAN_POINT('',(97.7355365591839,26.0655432980117,1.));
#3296=CARTESIAN_POINT('Origin',(97.0968696604994,25.2960599697161,1.));
#3297=CARTESIAN_POINT('',(97.0968696604994,25.2960599697162,0.));
#3298=CARTESIAN_POINT('Origin',(97.0968696604994,25.2960599697162,1.));
#3299=CARTESIAN_POINT('Origin',(97.0968696604994,25.2960599697161,1.));
#3300=CARTESIAN_POINT('Origin',(67.336054830675,-10.5605828204602,1.));
#3301=CARTESIAN_POINT('',(89.0628330829513,14.050671771059,1.));
#3302=CARTESIAN_POINT('',(88.2933497546558,14.6893386697435,0.));
#3303=CARTESIAN_POINT('Origin',(88.2933497546558,14.6893386697435,1.));
#3304=CARTESIAN_POINT('',(67.336054830675,-10.5605828204602,0.));
#3305=CARTESIAN_POINT('',(68.1055381589705,-11.1992497191447,1.));
#3306=CARTESIAN_POINT('Origin',(105.991466305453,1.11022302462516E-14,1.));
#3307=CARTESIAN_POINT('',(89.0628330829512,-14.0506717710588,1.));
#3308=CARTESIAN_POINT('',(88.2933497546557,-14.6893386697433,0.));
#3309=CARTESIAN_POINT('Origin',(88.2933497546557,-14.6893386697433,1.));
#3310=CARTESIAN_POINT('Origin',(105.991466305453,1.11022302462516E-14,0.));
#3311=CARTESIAN_POINT('Origin',(105.991466305453,1.11022302462516E-14,1.));
#3312=CARTESIAN_POINT('Origin',(72.0571482329391,4.8724805063261,1.));
#3313=CARTESIAN_POINT('',(72.8266315612346,5.51114740501058,1.));
#3314=CARTESIAN_POINT('',(72.0571482329391,4.8724805063261,0.));
#3315=CARTESIAN_POINT('Origin',(97.0968696604994,-25.2960599697162,5.));
#3316=CARTESIAN_POINT('',(97.7355365591839,-26.0655432980117,5.));
#3317=CARTESIAN_POINT('Origin',(97.0968696604994,-25.2960599697162,5.));
#3318=CARTESIAN_POINT('',(97.8663529887949,-24.6573930710317,5.));
#3319=CARTESIAN_POINT('Origin',(97.0968696604994,-25.2960599697162,5.));
#3320=CARTESIAN_POINT('Origin',(97.0968696604994,-25.2960599697161,5.));
#3321=CARTESIAN_POINT('Origin',(97.0968696604994,-25.2960599697162,0.));
#3322=CARTESIAN_POINT('',(97.7355365591839,-26.0655432980117,0.));
#3323=CARTESIAN_POINT('',(97.8663529887949,-24.6573930710317,0.));
#3324=CARTESIAN_POINT('Origin',(-90.8274265889745,28.7107562646282,5.));
#3325=CARTESIAN_POINT('',(-91.3397748300893,29.5695340471928,5.));
#3326=CARTESIAN_POINT('Origin',(-90.8274265889745,28.7107562646282,5.));
#3327=CARTESIAN_POINT('',(-91.7724800103695,28.383840326336,5.));
#3328=CARTESIAN_POINT('Origin',(-90.8274265889745,28.7107562646282,5.));
#3329=CARTESIAN_POINT('Origin',(-90.8274265889745,28.7107562646282,5.));
#3330=CARTESIAN_POINT('Origin',(-90.8274265889745,28.7107562646282,0.));
#3331=CARTESIAN_POINT('',(-91.3397748300893,29.5695340471928,0.));
#3332=CARTESIAN_POINT('',(-91.7724800103695,28.383840326336,0.));
#3333=CARTESIAN_POINT('Origin',(-81.4989493252533,1.74385645381267,5.));
#3334=CARTESIAN_POINT('',(-85.9221478657645,11.4716137813764,5.));
#3335=CARTESIAN_POINT('Origin',(-84.9770944443695,11.7985297196687,5.));
#3336=CARTESIAN_POINT('',(-82.4440027466483,1.41694051552043,5.));
#3337=CARTESIAN_POINT('Origin',(-97.2627889225055,7.54862252186944,5.));
#3338=CARTESIAN_POINT('',(-85.2627889225052,7.54862252186952,5.));
#3339=CARTESIAN_POINT('Origin',(-84.2627889225052,7.54862252186953,5.));
#3340=CARTESIAN_POINT('Origin',(-97.2627889225055,7.54862252186944,5.));
#3341=CARTESIAN_POINT('Origin',(-84.2627889225052,3.77431126093476,5.));
#3342=CARTESIAN_POINT('',(-85.2627889225052,-7.54862252186948,5.));
#3343=CARTESIAN_POINT('Origin',(-84.2627889225052,-7.54862252186948,5.));
#3344=CARTESIAN_POINT('',(-85.2627889225052,3.77431126093476,5.));
#3345=CARTESIAN_POINT('Origin',(-97.2627889225052,-7.54862252186945,5.));
#3346=CARTESIAN_POINT('',(-85.9221478657645,-11.4716137813764,5.));
#3347=CARTESIAN_POINT('Origin',(-84.9770944443695,-11.7985297196687,5.));
#3348=CARTESIAN_POINT('Origin',(-97.2627889225052,-7.54862252186945,5.));
#3349=CARTESIAN_POINT('Origin',(-78.4407992632751,7.09668889955707,5.));
#3350=CARTESIAN_POINT('',(-79.3858526846702,7.42360483784932,5.));
#3351=CARTESIAN_POINT('Origin',(-54.0005055777993,50.6817580637247,1.));
#3352=CARTESIAN_POINT('',(-53.1152366979016,51.1468376378674,1.));
#3353=CARTESIAN_POINT('',(-54.5128538189142,51.5405358462893,1.));
#3354=CARTESIAN_POINT('Origin',(-54.0005055777993,50.6817580637247,1.));
#3355=CARTESIAN_POINT('',(-54.0005055777993,50.6817580637247,0.));
#3356=CARTESIAN_POINT('Origin',(-54.0005055777993,50.6817580637247,1.));
#3357=CARTESIAN_POINT('Origin',(-54.0005055777993,50.6817580637247,1.));
#3358=CARTESIAN_POINT('Origin',(66.2528279674933,50.8964436643221,1.));
#3359=CARTESIAN_POINT('',(66.8914948661779,51.6659269926176,1.));
#3360=CARTESIAN_POINT('',(65.5752027739227,51.6318511003998,1.));
#3361=CARTESIAN_POINT('Origin',(66.2528279674933,50.8964436643221,1.));
#3362=CARTESIAN_POINT('',(66.2528279674933,50.8964436643221,0.));
#3363=CARTESIAN_POINT('Origin',(66.2528279674933,50.8964436643221,1.));
#3364=CARTESIAN_POINT('Origin',(66.2528279674933,50.8964436643221,1.));
#3365=CARTESIAN_POINT('Origin',(75.9088743457398,42.8819786757058,1.));
#3366=CARTESIAN_POINT('',(75.9088743457398,42.8819786757058,0.));
#3367=CARTESIAN_POINT('',(76.5475412444243,43.6514620040013,1.));
#3368=CARTESIAN_POINT('Origin',(36.8515783808488,23.8053014416777,1.));
#3369=CARTESIAN_POINT('',(60.64752011661,45.7315546094377,0.));
#3370=CARTESIAN_POINT('',(59.9698949230393,46.4669620455153,1.));
#3371=CARTESIAN_POINT('Origin',(60.64752011661,45.7315546094377,1.));
#3372=CARTESIAN_POINT('',(36.1739531872782,24.5407088777554,1.));
#3373=CARTESIAN_POINT('',(36.8515783808488,23.8053014416777,0.));
#3374=CARTESIAN_POINT('Origin',(38.2858887287776,69.9999999999999,1.));
#3375=CARTESIAN_POINT('',(38.2858887287776,37.,0.));
#3376=CARTESIAN_POINT('',(38.2858887287776,38.,1.));
#3377=CARTESIAN_POINT('Origin',(38.2858887287776,37.,1.));
#3378=CARTESIAN_POINT('Origin',(38.2858887287776,69.9999999999999,1.));
#3379=CARTESIAN_POINT('Origin',(38.2858887287776,69.9999999999999,0.));
#3380=CARTESIAN_POINT('Origin',(20.7595873388284,37.,1.));
#3381=CARTESIAN_POINT('',(-32.9150744366116,37.,0.));
#3382=CARTESIAN_POINT('',(-32.9150744366116,38.,1.));
#3383=CARTESIAN_POINT('Origin',(-32.9150744366116,37.,1.));
#3384=CARTESIAN_POINT('',(20.7595873388284,38.,1.));
#3385=CARTESIAN_POINT('',(20.7595873388284,37.,0.));
#3386=CARTESIAN_POINT('Origin',(-32.9150744366116,60.,1.));
#3387=CARTESIAN_POINT('',(-53.2762586742588,49.3031697947201,0.));
#3388=CARTESIAN_POINT('',(-52.3909897943611,49.7682493688627,1.));
#3389=CARTESIAN_POINT('Origin',(-53.2762586742588,49.3031697947201,1.));
#3390=CARTESIAN_POINT('Origin',(-32.9150744366116,60.,1.));
#3391=CARTESIAN_POINT('Origin',(-32.9150744366116,60.,0.));
#3392=CARTESIAN_POINT('Origin',(-37.0152171769254,18.350630073205,1.));
#3393=CARTESIAN_POINT('',(-37.0152171769254,18.350630073205,0.));
#3394=CARTESIAN_POINT('',(-36.1299482970277,18.8157096473476,1.));
#3395=CARTESIAN_POINT('Origin',(97.0968696604994,25.2960599697161,5.));
#3396=CARTESIAN_POINT('',(97.8663529887949,24.6573930710317,5.));
#3397=CARTESIAN_POINT('Origin',(97.0968696604994,25.2960599697161,5.));
#3398=CARTESIAN_POINT('',(97.7355365591839,26.0655432980117,5.));
#3399=CARTESIAN_POINT('Origin',(97.0968696604994,25.2960599697161,5.));
#3400=CARTESIAN_POINT('Origin',(97.0968696604994,25.2960599697161,5.));
#3401=CARTESIAN_POINT('Origin',(97.0968696604994,25.2960599697161,0.));
#3402=CARTESIAN_POINT('',(97.8663529887949,24.6573930710317,0.));
#3403=CARTESIAN_POINT('',(97.7355365591839,26.0655432980117,0.));
#3404=CARTESIAN_POINT('Origin',(-54.0005055777993,50.6817580637247,5.));
#3405=CARTESIAN_POINT('',(-53.1152366979016,51.1468376378674,5.));
#3406=CARTESIAN_POINT('Origin',(-54.0005055777993,50.6817580637247,5.));
#3407=CARTESIAN_POINT('',(-54.5128538189142,51.5405358462893,5.));
#3408=CARTESIAN_POINT('Origin',(-54.0005055777993,50.6817580637247,5.));
#3409=CARTESIAN_POINT('Origin',(-54.0005055777993,50.6817580637247,5.));
#3410=CARTESIAN_POINT('Origin',(-54.0005055777993,50.6817580637247,0.));
#3411=CARTESIAN_POINT('',(-53.1152366979016,51.1468376378674,0.));
#3412=CARTESIAN_POINT('',(-54.5128538189142,51.5405358462893,0.));
#3413=CARTESIAN_POINT('Origin',(-43.5920695726299,56.8914481468562,5.));
#3414=CARTESIAN_POINT('',(-44.1044178137448,57.7502259294207,5.));
#3415=CARTESIAN_POINT('Origin',(66.2528279674933,50.8964436643221,5.));
#3416=CARTESIAN_POINT('',(66.8914948661779,51.6659269926176,5.));
#3417=CARTESIAN_POINT('Origin',(66.2528279674933,50.8964436643221,5.));
#3418=CARTESIAN_POINT('',(65.5752027739227,51.6318511003998,5.));
#3419=CARTESIAN_POINT('Origin',(66.2528279674933,50.8964436643221,5.));
#3420=CARTESIAN_POINT('Origin',(66.2528279674933,50.8964436643221,5.));
#3421=CARTESIAN_POINT('Origin',(66.2528279674933,50.8964436643221,0.));
#3422=CARTESIAN_POINT('',(66.8914948661779,51.6659269926176,0.));
#3423=CARTESIAN_POINT('',(65.5752027739227,51.6318511003998,0.));
#3424=CARTESIAN_POINT('Origin',(36.8515783808488,23.8053014416777,5.));
#3425=CARTESIAN_POINT('',(59.9698949230393,46.4669620455153,5.));
#3426=CARTESIAN_POINT('Origin',(60.64752011661,45.7315546094377,5.));
#3427=CARTESIAN_POINT('',(36.1739531872782,24.5407088777554,5.));
#3428=CARTESIAN_POINT('Origin',(38.2858887287776,69.9999999999999,5.));
#3429=CARTESIAN_POINT('',(38.2858887287776,38.,5.));
#3430=CARTESIAN_POINT('Origin',(38.2858887287776,37.,5.));
#3431=CARTESIAN_POINT('Origin',(38.2858887287776,69.9999999999999,5.));
#3432=CARTESIAN_POINT('Origin',(20.7595873388284,37.,5.));
#3433=CARTESIAN_POINT('',(-32.9150744366116,38.,5.));
#3434=CARTESIAN_POINT('Origin',(-32.9150744366116,37.,5.));
#3435=CARTESIAN_POINT('',(20.7595873388284,38.,5.));
#3436=CARTESIAN_POINT('Origin',(-32.9150744366116,60.,5.));
#3437=CARTESIAN_POINT('',(-52.3909897943611,49.7682493688627,5.));
#3438=CARTESIAN_POINT('Origin',(-53.2762586742588,49.3031697947201,5.));
#3439=CARTESIAN_POINT('Origin',(-32.9150744366116,60.,5.));
#3440=CARTESIAN_POINT('Origin',(-37.0152171769254,18.350630073205,5.));
#3441=CARTESIAN_POINT('',(-36.1299482970277,18.8157096473476,5.));
#3442=CARTESIAN_POINT('Origin',(75.9088743457398,42.8819786757058,5.));
#3443=CARTESIAN_POINT('',(76.5475412444243,43.6514620040013,5.));
#3444=CARTESIAN_POINT('Origin',(72.0571482329391,4.8724805063261,5.));
#3445=CARTESIAN_POINT('',(89.0628330829512,-14.0506717710588,5.));
#3446=CARTESIAN_POINT('Origin',(88.2933497546557,-14.6893386697433,5.));
#3447=CARTESIAN_POINT('',(72.8266315612346,5.51114740501058,5.));
#3448=CARTESIAN_POINT('Origin',(105.991466305453,1.11022302462516E-14,5.));
#3449=CARTESIAN_POINT('',(89.0628330829513,14.050671771059,5.));
#3450=CARTESIAN_POINT('Origin',(88.2933497546558,14.6893386697435,5.));
#3451=CARTESIAN_POINT('Origin',(105.991466305453,1.11022302462516E-14,5.));
#3452=CARTESIAN_POINT('Origin',(67.336054830675,-10.5605828204602,5.));
#3453=CARTESIAN_POINT('',(68.1055381589705,-11.1992497191447,5.));
#3454=CARTESIAN_POINT('Origin',(-43.5920695726299,56.8914481468562,1.));
#3455=CARTESIAN_POINT('',(-43.5920695726299,56.8914481468562,0.));
#3456=CARTESIAN_POINT('',(-44.1044178137448,57.7502259294207,1.));
#3457=CARTESIAN_POINT('Origin',(59.7655874692891,-56.2808173312425,5.));
#3458=CARTESIAN_POINT('',(66.2184461345781,-52.2245537104005,5.));
#3459=CARTESIAN_POINT('',(60.4042543679736,-57.050300659538,5.));
#3460=CARTESIAN_POINT('Origin',(66.2528279674934,-50.8964436643221,5.));
#3461=CARTESIAN_POINT('Origin',(-32.9150744366116,-60.,5.));
#3462=CARTESIAN_POINT('',(-32.9150744366117,-38.,5.));
#3463=CARTESIAN_POINT('Origin',(-32.9150744366117,-37.,5.));
#3464=CARTESIAN_POINT('Origin',(-32.9150744366116,-60.,5.));
#3465=CARTESIAN_POINT('Origin',(-14.8408942438662,-37.,5.));
#3466=CARTESIAN_POINT('',(38.2858887287776,-38.,5.));
#3467=CARTESIAN_POINT('Origin',(38.2858887287776,-37.,5.));
#3468=CARTESIAN_POINT('',(-14.8408942438662,-38.,5.));
#3469=CARTESIAN_POINT('Origin',(38.2858887287775,-70.0000000000001,5.));
#3470=CARTESIAN_POINT('',(59.9698949230394,-46.4669620455153,5.));
#3471=CARTESIAN_POINT('Origin',(60.6475201166101,-45.7315546094377,5.));
#3472=CARTESIAN_POINT('Origin',(38.2858887287775,-70.0000000000001,5.));
#3473=CARTESIAN_POINT('Origin',(33.7273027750795,-20.9265056092352,5.));
#3474=CARTESIAN_POINT('',(33.0496775815088,-21.6619130453128,5.));
#3475=CARTESIAN_POINT('Origin',(-62.8081792925013,-45.4270854025797,1.));
#3476=CARTESIAN_POINT('',(-63.3205275336161,-46.2858631851443,1.));
#3477=CARTESIAN_POINT('',(-62.8081792925013,-45.4270854025797,0.));
#3478=CARTESIAN_POINT('Origin',(38.2858887287775,-70.0000000000001,1.));
#3479=CARTESIAN_POINT('',(38.2858887287776,-38.,1.));
#3480=CARTESIAN_POINT('',(38.2858887287776,-37.,0.));
#3481=CARTESIAN_POINT('Origin',(38.2858887287776,-37.,1.));
#3482=CARTESIAN_POINT('Origin',(38.2858887287775,-70.0000000000001,0.));
#3483=CARTESIAN_POINT('Origin',(38.2858887287775,-70.0000000000001,1.));
#3484=CARTESIAN_POINT('Origin',(-14.8408942438662,-37.,1.));
#3485=CARTESIAN_POINT('',(-32.9150744366117,-38.,1.));
#3486=CARTESIAN_POINT('',(-32.9150744366117,-37.,0.));
#3487=CARTESIAN_POINT('Origin',(-32.9150744366117,-37.,1.));
#3488=CARTESIAN_POINT('',(-14.8408942438662,-37.,0.));
#3489=CARTESIAN_POINT('',(-14.8408942438662,-38.,1.));
#3490=CARTESIAN_POINT('Origin',(-32.9150744366116,-60.,1.));
#3491=CARTESIAN_POINT('Origin',(-32.9150744366116,-60.,0.));
#3492=CARTESIAN_POINT('Origin',(-32.9150744366116,-60.,1.));
#3493=CARTESIAN_POINT('Origin',(59.9698949230394,-46.4669620455153,0.));
#3494=CARTESIAN_POINT('',(59.9698949230394,-46.4669620455153,0.));
#3495=CARTESIAN_POINT('',(66.2184461345781,-52.2245537104005,0.));
#3496=CARTESIAN_POINT('Origin',(38.2858887287775,-70.0000000000001,0.));
#3497=CARTESIAN_POINT('',(38.2858887287776,-38.,0.));
#3498=CARTESIAN_POINT('Origin',(-32.9150744366117,-38.,0.));
#3499=CARTESIAN_POINT('',(-32.9150744366117,-38.,0.));
#3500=CARTESIAN_POINT('Origin',(-32.9150744366116,-60.,0.));
#3501=CARTESIAN_POINT('Origin',(-97.2627889225055,7.54862252186944,0.));
#3502=CARTESIAN_POINT('',(-85.2627889225052,7.54862252186952,0.));
#3503=CARTESIAN_POINT('',(-85.9221478657645,11.4716137813764,0.));
#3504=CARTESIAN_POINT('Origin',(-85.2627889225052,7.54862252186952,0.));
#3505=CARTESIAN_POINT('',(-85.2627889225052,-7.54862252186948,0.));
#3506=CARTESIAN_POINT('Origin',(-97.2627889225052,-7.54862252186945,0.));
#3507=CARTESIAN_POINT('',(-85.9221478657645,-11.4716137813764,0.));
#3508=CARTESIAN_POINT('Origin',(-85.9221478657645,-11.4716137813764,0.));
#3509=CARTESIAN_POINT('Origin',(98.5050198874794,-25.4268763993272,0.));
#3510=CARTESIAN_POINT('',(89.0628330829512,-14.0506717710588,0.));
#3511=CARTESIAN_POINT('Origin',(-32.9150744366116,60.,0.));
#3512=CARTESIAN_POINT('',(-32.9150744366116,38.,0.));
#3513=CARTESIAN_POINT('',(-52.3909897943611,49.7682493688627,0.));
#3514=CARTESIAN_POINT('Origin',(66.2184461345781,52.2245537104005,0.));
#3515=CARTESIAN_POINT('',(59.9698949230393,46.4669620455153,0.));
#3516=CARTESIAN_POINT('Origin',(38.2858887287776,38.,0.));
#3517=CARTESIAN_POINT('',(38.2858887287776,38.,0.));
#3518=CARTESIAN_POINT('Origin',(38.2858887287776,69.9999999999999,0.));
#3519=CARTESIAN_POINT('Origin',(-92.0384479897209,-29.1527044881159,0.));
#3520=CARTESIAN_POINT('Origin',(3.23328594887924,0.,0.));
#3521=CARTESIAN_POINT('',(-74.0000010281801,-6.12323399573677E-16,0.));
#3522=CARTESIAN_POINT('Origin',(-69.0000010281801,0.,0.));
#3523=CARTESIAN_POINT('Origin',(98.5050198874794,25.4268763993272,0.));
#3524=CARTESIAN_POINT('Origin',(-53.6062285499783,52.0814299766689,0.));
#3525=CARTESIAN_POINT('Origin',(-69.0000010281801,0.,0.));
#3526=CARTESIAN_POINT('',(-74.0000010281801,-6.12323399573677E-16,0.));
#3527=CARTESIAN_POINT('Origin',(-52.3909897943611,49.7682493688627,0.));
#3528=CARTESIAN_POINT('Origin',(89.0628330829513,14.050671771059,0.));
#3529=CARTESIAN_POINT('',(89.0628330829513,14.050671771059,0.));
#3530=CARTESIAN_POINT('Origin',(105.991466305453,1.11022302462516E-14,0.));
#3531=CARTESIAN_POINT('Origin',(66.2184461345781,-52.2245537104005,0.));
#3532=CARTESIAN_POINT('Origin',(-92.0384479897209,29.1527044881159,0.));
#3533=UNCERTAINTY_MEASURE_WITH_UNIT(LENGTH_MEASURE(0.01),#3537,
'DISTANCE_ACCURACY_VALUE',
'Maximum model space distance between geometric entities at asserted c
onnectivities');
#3534=UNCERTAINTY_MEASURE_WITH_UNIT(LENGTH_MEASURE(0.01),#3537,
'DISTANCE_ACCURACY_VALUE',
'Maximum model space distance between geometric entities at asserted c
onnectivities');
#3535=(
GEOMETRIC_REPRESENTATION_CONTEXT(3)
GLOBAL_UNCERTAINTY_ASSIGNED_CONTEXT((#3533))
GLOBAL_UNIT_ASSIGNED_CONTEXT((#3537,#3539,#3540))
REPRESENTATION_CONTEXT('','3D')
);
#3536=(
GEOMETRIC_REPRESENTATION_CONTEXT(3)
GLOBAL_UNCERTAINTY_ASSIGNED_CONTEXT((#3534))
GLOBAL_UNIT_ASSIGNED_CONTEXT((#3537,#3539,#3540))
REPRESENTATION_CONTEXT('','3D')
);
#3537=(
LENGTH_UNIT()
NAMED_UNIT(*)
SI_UNIT(.MILLI.,.METRE.)
);
#3538=(
LENGTH_UNIT()
NAMED_UNIT(*)
SI_UNIT($,.METRE.)
);
#3539=(
NAMED_UNIT(*)
PLANE_ANGLE_UNIT()
SI_UNIT($,.RADIAN.)
);
#3540=(
NAMED_UNIT(*)
SI_UNIT($,.STERADIAN.)
SOLID_ANGLE_UNIT()
);
#3541=SHAPE_DEFINITION_REPRESENTATION(#3542,#3543);
#3542=PRODUCT_DEFINITION_SHAPE('',$,#3545);
#3543=SHAPE_REPRESENTATION('',(#2051),#3535);
#3544=PRODUCT_DEFINITION_CONTEXT('part definition',#3549,'design');
#3545=PRODUCT_DEFINITION('2026-03-24-17-10-41-651',
'Electronics shelf v17',#3546,#3544);
#3546=PRODUCT_DEFINITION_FORMATION('',$,#3551);
#3547=PRODUCT_RELATED_PRODUCT_CATEGORY('Electronics shelf v17',
'Electronics shelf v17',(#3551));
#3548=APPLICATION_PROTOCOL_DEFINITION('international standard',
'automotive_design',2009,#3549);
#3549=APPLICATION_CONTEXT(
'Core Data for Automotive Mechanical Design Process');
#3550=PRODUCT_CONTEXT('part definition',#3549,'mechanical');
#3551=PRODUCT('2026-03-24-17-10-41-651','Electronics shelf v17',$,(#3550));
#3552=PRESENTATION_STYLE_ASSIGNMENT((#3553));
#3553=SURFACE_STYLE_USAGE(.BOTH.,#3554);
#3554=SURFACE_SIDE_STYLE('',(#3555));
#3555=SURFACE_STYLE_FILL_AREA(#3556);
#3556=FILL_AREA_STYLE('Steel - Satin',(#3557));
#3557=FILL_AREA_STYLE_COLOUR('Steel - Satin',#3558);
#3558=COLOUR_RGB('Steel - Satin',0.627450980392157,0.627450980392157,0.627450980392157);
ENDSEC;
END-ISO-10303-21;
