ISO-10303-21;
HEADER;
/* Generated by software containing ST-Developer
 * from STEP Tools, Inc. (www.steptools.com) 
 */

FILE_DESCRIPTION(
/* description */ (''),
/* implementation_level */ '2;1');

FILE_NAME(
/* name */ '67326da2-187e-4db4-b3d7-dc3bbe9bf42a.stp',
/* time_stamp */ '2026-06-11T14:03:00Z',
/* author */ (''),
/* organization */ (''),
/* preprocessor_version */ 'ST-DEVELOPER v20.1',
/* originating_system */ 'Autodesk Translation Framework v15.8.0.0',
/* authorisation */ '');

FILE_SCHEMA (('AUTOMOTIVE_DESIGN { 1 0 10303 214 3 1 1 }'));
ENDSEC;

DATA;
#10=MECHANICAL_DESIGN_GEOMETRIC_PRESENTATION_REPRESENTATION('',(#13),#6781);
#11=SHAPE_REPRESENTATION_RELATIONSHIP('SRR','None',#6788,#12);
#12=ADVANCED_BREP_SHAPE_REPRESENTATION('',(#14),#6780);
#13=STYLED_ITEM('',(#6798),#14);
#14=MANIFOLD_SOLID_BREP('Body8',#3706);
#15=B_SPLINE_CURVE_WITH_KNOTS('',3,(#5956,#5957,#5958,#5959,#5960,#5961,
#5962,#5963,#5964,#5965,#5966,#5967,#5968,#5969,#5970,#5971,#5972,#5973),
 .UNSPECIFIED.,.F.,.F.,(4,2,2,2,2,2,2,2,4),(0.,0.127799367487125,0.255598734974251,
0.382165296774802,0.508731858575354,0.635298420375899,0.761864982176443,
0.889664349663566,1.01746371715069),.UNSPECIFIED.);
#16=B_SPLINE_CURVE_WITH_KNOTS('',3,(#5974,#5975,#5976,#5977,#5978,#5979,
#5980,#5981,#5982,#5983,#5984,#5985,#5986,#5987,#5988,#5989,#5990,#5991),
 .UNSPECIFIED.,.F.,.F.,(4,2,2,2,2,2,2,2,4),(1.01746371715069,1.14526308463781,
1.27306245212493,1.39962901392548,1.52619557572602,1.65276213752657,1.77932869932713,
1.90712806681425,2.03492743430138),.UNSPECIFIED.);
#17=B_SPLINE_CURVE_WITH_KNOTS('',3,(#6020,#6021,#6022,#6023,#6024,#6025,
#6026,#6027,#6028,#6029,#6030,#6031,#6032,#6033,#6034,#6035,#6036,#6037),
 .UNSPECIFIED.,.F.,.F.,(4,2,2,2,2,2,2,2,4),(0.,0.127799367487124,0.255598734974248,
0.38216529677479,0.508731858575333,0.635298420375884,0.761864982176435,
0.889664349663561,1.01746371715069),.UNSPECIFIED.);
#18=B_SPLINE_CURVE_WITH_KNOTS('',3,(#6038,#6039,#6040,#6041,#6042,#6043,
#6044,#6045,#6046,#6047,#6048,#6049,#6050,#6051,#6052,#6053,#6054,#6055),
 .UNSPECIFIED.,.F.,.F.,(4,2,2,2,2,2,2,2,4),(1.01746371715069,1.14526308463781,
1.27306245212494,1.39962901392549,1.52619557572604,1.65276213752658,1.77932869932713,
1.90712806681425,2.03492743430137),.UNSPECIFIED.);
#19=B_SPLINE_CURVE_WITH_KNOTS('',3,(#6080,#6081,#6082,#6083,#6084,#6085,
#6086,#6087,#6088,#6089,#6090,#6091,#6092,#6093,#6094,#6095,#6096,#6097),
 .UNSPECIFIED.,.F.,.F.,(4,2,2,2,2,2,2,2,4),(0.,0.127799367487124,0.255598734974248,
0.382165296774796,0.508731858575344,0.635298420375893,0.761864982176442,
0.889664349663566,1.01746371715069),.UNSPECIFIED.);
#20=B_SPLINE_CURVE_WITH_KNOTS('',3,(#6098,#6099,#6100,#6101,#6102,#6103,
#6104,#6105,#6106,#6107,#6108,#6109,#6110,#6111,#6112,#6113,#6114,#6115),
 .UNSPECIFIED.,.F.,.F.,(4,2,2,2,2,2,2,2,4),(1.01746371715069,1.14526308463781,
1.27306245212494,1.39962901392549,1.52619557572604,1.65276213752658,1.77932869932713,
1.90712806681426,2.03492743430138),.UNSPECIFIED.);
#21=B_SPLINE_CURVE_WITH_KNOTS('',3,(#6129,#6130,#6131,#6132,#6133,#6134,
#6135,#6136,#6137,#6138,#6139,#6140,#6141,#6142,#6143,#6144,#6145,#6146),
 .UNSPECIFIED.,.F.,.F.,(4,2,2,2,2,2,2,2,4),(0.,0.127799367487124,0.255598734974248,
0.382165296774796,0.508731858575345,0.635298420375892,0.761864982176439,
0.889664349663564,1.01746371715069),.UNSPECIFIED.);
#22=B_SPLINE_CURVE_WITH_KNOTS('',3,(#6147,#6148,#6149,#6150,#6151,#6152,
#6153,#6154,#6155,#6156,#6157,#6158,#6159,#6160,#6161,#6162,#6163,#6164),
 .UNSPECIFIED.,.F.,.F.,(4,2,2,2,2,2,2,2,4),(1.01746371715069,1.14526308463781,
1.27306245212494,1.39962901392548,1.52619557572603,1.65276213752658,1.77932869932713,
1.90712806681425,2.03492743430138),.UNSPECIFIED.);
#23=B_SPLINE_CURVE_WITH_KNOTS('',3,(#6204,#6205,#6206,#6207,#6208,#6209,
#6210,#6211,#6212,#6213,#6214,#6215,#6216,#6217),.UNSPECIFIED.,.F.,.F.,
(4,2,2,2,2,2,4),(-0.000670518198848851,0.,0.0427306468630288,0.0853472355844483,
0.16465399151228,0.24204824229061,0.31852970529264),.UNSPECIFIED.);
#24=B_SPLINE_CURVE_WITH_KNOTS('',3,(#6221,#6222,#6223,#6224,#6225,#6226,
#6227,#6228,#6229,#6230,#6231,#6232,#6233,#6234),.UNSPECIFIED.,.F.,.F.,
(4,2,2,2,2,2,4),(0.321334660364126,0.396765202397118,0.473661237160651,
0.553676787722831,0.59807160418486,0.642669320730946,0.643342179060492),
 .UNSPECIFIED.);
#25=B_SPLINE_CURVE_WITH_KNOTS('',3,(#6332,#6333,#6334,#6335,#6336,#6337,
#6338,#6339,#6340,#6341,#6342,#6343,#6344,#6345),.UNSPECIFIED.,.F.,.F.,
(4,2,2,2,2,2,4),(0.318529705219396,0.395011168203526,0.472405418963765,
0.551712174873067,0.59432876358452,0.63705941043916,0.637729928637712),
 .UNSPECIFIED.);
#26=B_SPLINE_CURVE_WITH_KNOTS('',3,(#6348,#6349,#6350,#6351,#6352,#6353,
#6354,#6355,#6356,#6357,#6358,#6359,#6360,#6361),.UNSPECIFIED.,.F.,.F.,
(4,2,2,2,2,2,4),(-0.000672858330340581,0.,0.0445977165591943,0.0889925330392921,
0.169008083634033,0.245904118428848,0.321334660492529),.UNSPECIFIED.);
#27=B_SPLINE_CURVE_WITH_KNOTS('',3,(#6375,#6376,#6377,#6378,#6379,#6380,
#6381,#6382,#6383,#6384,#6385,#6386,#6387,#6388),.UNSPECIFIED.,.F.,.F.,
(4,2,2,2,2,2,4),(-0.321291844175193,-0.24586857123766,-0.169007083271081,
-0.0890469123208373,-0.0446117442116289,0.,0.000714658967902164),
 .UNSPECIFIED.);
#28=B_SPLINE_CURVE_WITH_KNOTS('',3,(#6400,#6401,#6402,#6403,#6404,#6405,
#6406,#6407,#6408,#6409,#6410,#6411,#6412,#6413),.UNSPECIFIED.,.F.,.F.,
(4,2,2,2,2,2,4),(-0.321515193674506,-0.320801625115703,-0.276257948384647,
-0.231890578343975,-0.152052408623409,-0.0753081939934431,0.),
 .UNSPECIFIED.);
#29=B_SPLINE_CURVE_WITH_KNOTS('',3,(#6423,#6424,#6425,#6426,#6427,#6428,
#6429,#6430,#6431,#6432,#6433,#6434,#6435,#6436),.UNSPECIFIED.,.F.,.F.,
(4,2,2,2,2,2,4),(0.318529705104649,0.395011168060254,0.472405418791553,
0.551712174671163,0.594328763366702,0.637059410206281,0.637729928404923),
 .UNSPECIFIED.);
#30=B_SPLINE_CURVE_WITH_KNOTS('',3,(#6441,#6442,#6443,#6444,#6445,#6446,
#6447,#6448,#6449,#6450,#6451,#6452,#6453,#6454),.UNSPECIFIED.,.F.,.F.,
(4,2,2,2,2,2,4),(-0.000670518198003409,0.,0.0427306468281607,0.0853472355081062,
0.164653991358727,0.24204824206171,0.318529704989368),.UNSPECIFIED.);
#31=B_SPLINE_CURVE_WITH_KNOTS('',3,(#6461,#6462,#6463,#6464,#6465,#6466,
#6467,#6468,#6469,#6470,#6471,#6472,#6473,#6474),.UNSPECIFIED.,.F.,.F.,
(4,2,2,2,2,2,4),(-0.320031615115117,-0.244147160945415,-0.1670654827934,
-0.0874135569947604,-0.043774752089475,0.,0.000731700807999724),
 .UNSPECIFIED.);
#32=B_SPLINE_CURVE_WITH_KNOTS('',3,(#6519,#6520,#6521,#6522,#6523,#6524,
#6525,#6526,#6527,#6528,#6529,#6530,#6531,#6532),.UNSPECIFIED.,.F.,.F.,
(4,2,2,2,2,2,4),(-0.320355296346677,-0.319624526281917,-0.275905456855147,
-0.232322161685068,-0.152771555281388,-0.0757879271001191,0.),
 .UNSPECIFIED.);
#33=B_SPLINE_CURVE_WITH_KNOTS('',3,(#6535,#6536,#6537,#6538,#6539,#6540,
#6541,#6542,#6543,#6544,#6545,#6546,#6547,#6548),.UNSPECIFIED.,.F.,.F.,
(4,2,2,2,2,2,4),(0.319733213333269,0.39576033129848,0.472941992347659,0.552559365153509,
0.595937489315685,0.639466426664942,0.640136891668383),.UNSPECIFIED.);
#34=B_SPLINE_CURVE_WITH_KNOTS('',3,(#6553,#6554,#6555,#6556,#6557,#6558,
#6559,#6560,#6561,#6562,#6563,#6564,#6565,#6566),.UNSPECIFIED.,.F.,.F.,
(4,2,2,2,2,2,4),(-0.00067046500333186,0.,0.0435289373513648,0.0869070615134872,
0.166524434319266,0.243706095368369,0.319733213333503),.UNSPECIFIED.);
#35=B_SPLINE_CURVE_WITH_KNOTS('',3,(#6588,#6589,#6590,#6591,#6592,#6593,
#6594,#6595,#6596,#6597,#6598,#6599,#6600,#6601),.UNSPECIFIED.,.F.,.F.,
(4,2,2,2,2,2,4),(-0.000670465003685253,0.,0.0435289373572321,0.0869070615262982,
0.166524434344821,0.243706095406281,0.319733213383618),.UNSPECIFIED.);
#36=B_SPLINE_CURVE_WITH_KNOTS('',3,(#6604,#6605,#6606,#6607,#6608,#6609,
#6610,#6611,#6612,#6613,#6614,#6615,#6616,#6617),.UNSPECIFIED.,.F.,.F.,
(4,2,2,2,2,2,4),(0.320056577988913,0.395944636931317,0.473043331177815,
0.552721977594572,0.596343394028194,0.640113155977496,0.640820381037788),
 .UNSPECIFIED.);
#37=B_SPLINE_CURVE_WITH_KNOTS('',3,(#6644,#6645,#6646,#6647,#6648,#6649,
#6650,#6651,#6652,#6653,#6654,#6655,#6656,#6657),.UNSPECIFIED.,.F.,.F.,
(4,2,2,2,2,2,4),(-0.000707225060714438,0.,0.0437697619635323,0.0873911784130171,
0.16706982485875,0.244168519133289,0.320056578103294),.UNSPECIFIED.);
#38=B_SPLINE_CURVE_WITH_KNOTS('',3,(#6658,#6659,#6660,#6661,#6662,#6663,
#6664,#6665,#6666,#6667,#6668,#6669,#6670,#6671),.UNSPECIFIED.,.F.,.F.,
(4,2,2,2,2,2,4),(-0.640136891512116,-0.639466426508992,-0.595937489166849,
-0.552559365015689,-0.472941992230041,-0.39576033120045,-0.319733213254506),
 .UNSPECIFIED.);
#39=FACE_BOUND('',#440,.T.);
#40=FACE_BOUND('',#441,.T.);
#41=FACE_BOUND('',#442,.T.);
#42=FACE_BOUND('',#443,.T.);
#43=FACE_BOUND('',#444,.T.);
#44=FACE_BOUND('',#445,.T.);
#45=FACE_BOUND('',#446,.T.);
#46=FACE_BOUND('',#447,.T.);
#47=FACE_BOUND('',#448,.T.);
#48=FACE_BOUND('',#449,.T.);
#49=FACE_BOUND('',#450,.T.);
#50=FACE_BOUND('',#451,.T.);
#51=FACE_BOUND('',#452,.T.);
#52=FACE_BOUND('',#453,.T.);
#53=FACE_BOUND('',#454,.T.);
#54=FACE_BOUND('',#455,.T.);
#55=FACE_BOUND('',#456,.T.);
#56=FACE_BOUND('',#457,.T.);
#57=FACE_BOUND('',#458,.T.);
#58=FACE_BOUND('',#459,.T.);
#59=FACE_BOUND('',#460,.T.);
#60=FACE_BOUND('',#461,.T.);
#61=FACE_BOUND('',#462,.T.);
#62=FACE_BOUND('',#463,.T.);
#63=FACE_BOUND('',#464,.T.);
#64=FACE_BOUND('',#465,.T.);
#65=FACE_BOUND('',#466,.T.);
#66=FACE_BOUND('',#467,.T.);
#67=FACE_BOUND('',#468,.T.);
#68=FACE_BOUND('',#469,.T.);
#69=FACE_BOUND('',#470,.T.);
#70=FACE_BOUND('',#471,.T.);
#71=FACE_BOUND('',#472,.T.);
#72=FACE_BOUND('',#527,.T.);
#73=FACE_BOUND('',#532,.T.);
#74=FACE_BOUND('',#564,.T.);
#75=FACE_BOUND('',#565,.T.);
#76=FACE_BOUND('',#566,.T.);
#77=FACE_BOUND('',#567,.T.);
#78=FACE_BOUND('',#568,.T.);
#79=FACE_BOUND('',#569,.T.);
#80=FACE_BOUND('',#570,.T.);
#81=FACE_BOUND('',#571,.T.);
#82=FACE_BOUND('',#572,.T.);
#83=FACE_BOUND('',#573,.T.);
#84=FACE_BOUND('',#574,.T.);
#85=FACE_BOUND('',#575,.T.);
#86=FACE_BOUND('',#576,.T.);
#87=FACE_BOUND('',#577,.T.);
#88=FACE_BOUND('',#578,.T.);
#89=FACE_BOUND('',#579,.T.);
#90=FACE_BOUND('',#580,.T.);
#91=FACE_BOUND('',#581,.T.);
#92=FACE_BOUND('',#582,.T.);
#93=FACE_BOUND('',#583,.T.);
#94=FACE_BOUND('',#584,.T.);
#95=FACE_BOUND('',#585,.T.);
#96=FACE_BOUND('',#586,.T.);
#97=FACE_BOUND('',#587,.T.);
#98=FACE_BOUND('',#588,.T.);
#99=FACE_BOUND('',#589,.T.);
#100=FACE_BOUND('',#590,.T.);
#101=FACE_BOUND('',#591,.T.);
#102=FACE_BOUND('',#668,.T.);
#103=FACE_BOUND('',#672,.T.);
#104=FACE_BOUND('',#676,.T.);
#105=FACE_BOUND('',#680,.T.);
#106=PLANE('',#3792);
#107=PLANE('',#3793);
#108=PLANE('',#3794);
#109=PLANE('',#3841);
#110=PLANE('',#3842);
#111=PLANE('',#3843);
#112=PLANE('',#3888);
#113=PLANE('',#3889);
#114=PLANE('',#3890);
#115=PLANE('',#3891);
#116=PLANE('',#3892);
#117=PLANE('',#3899);
#118=PLANE('',#3900);
#119=PLANE('',#3901);
#120=PLANE('',#3902);
#121=PLANE('',#3904);
#122=PLANE('',#3905);
#123=PLANE('',#3907);
#124=PLANE('',#3908);
#125=PLANE('',#3909);
#126=PLANE('',#3910);
#127=PLANE('',#3912);
#128=PLANE('',#3913);
#129=PLANE('',#3917);
#130=PLANE('',#3918);
#131=PLANE('',#3919);
#132=PLANE('',#3920);
#133=PLANE('',#3921);
#134=PLANE('',#3922);
#135=PLANE('',#3923);
#136=PLANE('',#3924);
#137=PLANE('',#3928);
#138=PLANE('',#3929);
#139=PLANE('',#3933);
#140=PLANE('',#3937);
#141=PLANE('',#3944);
#142=PLANE('',#3945);
#143=PLANE('',#3946);
#144=PLANE('',#3947);
#145=PLANE('',#3954);
#146=PLANE('',#3961);
#147=PLANE('',#3968);
#148=PLANE('',#3971);
#149=PLANE('',#3978);
#150=PLANE('',#3981);
#151=PLANE('',#3989);
#152=PLANE('',#3996);
#153=PLANE('',#3999);
#154=PLANE('',#4005);
#155=PLANE('',#4055);
#156=PLANE('',#4057);
#157=PLANE('',#4074);
#158=PLANE('',#4077);
#159=PLANE('',#4080);
#160=PLANE('',#4108);
#161=PLANE('',#4111);
#162=PLANE('',#4114);
#163=PLANE('',#4138);
#164=PLANE('',#4141);
#165=PLANE('',#4144);
#166=PLANE('',#4168);
#167=PLANE('',#4169);
#168=SPHERICAL_SURFACE('',#3755,0.499999999999998);
#169=SPHERICAL_SURFACE('',#3773,0.499999999999998);
#170=SPHERICAL_SURFACE('',#3779,0.499999999999998);
#171=SPHERICAL_SURFACE('',#3784,0.499999999999998);
#172=SPHERICAL_SURFACE('',#3844,0.499999999999998);
#173=SPHERICAL_SURFACE('',#3852,0.5);
#174=SPHERICAL_SURFACE('',#3856,0.499999999999998);
#175=SPHERICAL_SURFACE('',#3871,0.499999999999998);
#176=TOROIDAL_SURFACE('',#3744,0.999999999999996,0.499999999999998);
#177=TOROIDAL_SURFACE('',#3749,0.999999999999996,0.5);
#178=TOROIDAL_SURFACE('',#3760,0.999999999999996,0.499999999999998);
#179=TOROIDAL_SURFACE('',#3766,0.999999999999996,0.499999999999998);
#180=TOROIDAL_SURFACE('',#3848,0.999999999999996,0.499999999999998);
#181=TOROIDAL_SURFACE('',#3860,0.999999999999996,0.5);
#182=TOROIDAL_SURFACE('',#3866,0.999999999999996,0.499999999999998);
#183=TOROIDAL_SURFACE('',#3875,0.999999999999996,0.499999999999998);
#184=TOROIDAL_SURFACE('',#4002,15.,2.);
#185=TOROIDAL_SURFACE('',#4040,15.,2.);
#186=TOROIDAL_SURFACE('',#4045,22.0000000000002,2.);
#187=TOROIDAL_SURFACE('',#4051,22.0000000000002,2.);
#188=TOROIDAL_SURFACE('',#4058,15.,2.);
#189=TOROIDAL_SURFACE('',#4060,15.,2.);
#190=TOROIDAL_SURFACE('',#4065,22.,2.);
#191=TOROIDAL_SURFACE('',#4070,31.9999999999999,2.);
#192=TOROIDAL_SURFACE('',#4083,31.9999999999999,2.);
#193=TOROIDAL_SURFACE('',#4087,22.,2.);
#194=TOROIDAL_SURFACE('',#4090,15.,2.);
#195=TOROIDAL_SURFACE('',#4092,15.,2.);
#196=TOROIDAL_SURFACE('',#4097,12.0000000000003,2.);
#197=TOROIDAL_SURFACE('',#4102,12.,2.);
#198=TOROIDAL_SURFACE('',#4106,15.,2.);
#199=TOROIDAL_SURFACE('',#4117,15.,2.);
#200=TOROIDAL_SURFACE('',#4120,12.0000000000003,2.);
#201=TOROIDAL_SURFACE('',#4124,12.,2.);
#202=TOROIDAL_SURFACE('',#4129,32.0000000000001,2.);
#203=TOROIDAL_SURFACE('',#4134,22.,2.);
#204=TOROIDAL_SURFACE('',#4147,22.,2.);
#205=TOROIDAL_SURFACE('',#4151,32.0000000000001,2.);
#206=FACE_OUTER_BOUND('',#413,.T.);
#207=FACE_OUTER_BOUND('',#414,.T.);
#208=FACE_OUTER_BOUND('',#415,.T.);
#209=FACE_OUTER_BOUND('',#416,.T.);
#210=FACE_OUTER_BOUND('',#417,.T.);
#211=FACE_OUTER_BOUND('',#418,.T.);
#212=FACE_OUTER_BOUND('',#419,.T.);
#213=FACE_OUTER_BOUND('',#420,.T.);
#214=FACE_OUTER_BOUND('',#421,.T.);
#215=FACE_OUTER_BOUND('',#422,.T.);
#216=FACE_OUTER_BOUND('',#423,.T.);
#217=FACE_OUTER_BOUND('',#424,.T.);
#218=FACE_OUTER_BOUND('',#425,.T.);
#219=FACE_OUTER_BOUND('',#426,.T.);
#220=FACE_OUTER_BOUND('',#427,.T.);
#221=FACE_OUTER_BOUND('',#428,.T.);
#222=FACE_OUTER_BOUND('',#429,.T.);
#223=FACE_OUTER_BOUND('',#430,.T.);
#224=FACE_OUTER_BOUND('',#431,.T.);
#225=FACE_OUTER_BOUND('',#432,.T.);
#226=FACE_OUTER_BOUND('',#433,.T.);
#227=FACE_OUTER_BOUND('',#434,.T.);
#228=FACE_OUTER_BOUND('',#435,.T.);
#229=FACE_OUTER_BOUND('',#436,.T.);
#230=FACE_OUTER_BOUND('',#437,.T.);
#231=FACE_OUTER_BOUND('',#438,.T.);
#232=FACE_OUTER_BOUND('',#439,.T.);
#233=FACE_OUTER_BOUND('',#473,.T.);
#234=FACE_OUTER_BOUND('',#474,.T.);
#235=FACE_OUTER_BOUND('',#475,.T.);
#236=FACE_OUTER_BOUND('',#476,.T.);
#237=FACE_OUTER_BOUND('',#477,.T.);
#238=FACE_OUTER_BOUND('',#478,.T.);
#239=FACE_OUTER_BOUND('',#479,.T.);
#240=FACE_OUTER_BOUND('',#480,.T.);
#241=FACE_OUTER_BOUND('',#481,.T.);
#242=FACE_OUTER_BOUND('',#482,.T.);
#243=FACE_OUTER_BOUND('',#483,.T.);
#244=FACE_OUTER_BOUND('',#484,.T.);
#245=FACE_OUTER_BOUND('',#485,.T.);
#246=FACE_OUTER_BOUND('',#486,.T.);
#247=FACE_OUTER_BOUND('',#487,.T.);
#248=FACE_OUTER_BOUND('',#488,.T.);
#249=FACE_OUTER_BOUND('',#489,.T.);
#250=FACE_OUTER_BOUND('',#490,.T.);
#251=FACE_OUTER_BOUND('',#491,.T.);
#252=FACE_OUTER_BOUND('',#492,.T.);
#253=FACE_OUTER_BOUND('',#493,.T.);
#254=FACE_OUTER_BOUND('',#494,.T.);
#255=FACE_OUTER_BOUND('',#495,.T.);
#256=FACE_OUTER_BOUND('',#496,.T.);
#257=FACE_OUTER_BOUND('',#497,.T.);
#258=FACE_OUTER_BOUND('',#498,.T.);
#259=FACE_OUTER_BOUND('',#499,.T.);
#260=FACE_OUTER_BOUND('',#500,.T.);
#261=FACE_OUTER_BOUND('',#501,.T.);
#262=FACE_OUTER_BOUND('',#502,.T.);
#263=FACE_OUTER_BOUND('',#503,.T.);
#264=FACE_OUTER_BOUND('',#504,.T.);
#265=FACE_OUTER_BOUND('',#505,.T.);
#266=FACE_OUTER_BOUND('',#506,.T.);
#267=FACE_OUTER_BOUND('',#507,.T.);
#268=FACE_OUTER_BOUND('',#508,.T.);
#269=FACE_OUTER_BOUND('',#509,.T.);
#270=FACE_OUTER_BOUND('',#510,.T.);
#271=FACE_OUTER_BOUND('',#511,.T.);
#272=FACE_OUTER_BOUND('',#512,.T.);
#273=FACE_OUTER_BOUND('',#513,.T.);
#274=FACE_OUTER_BOUND('',#514,.T.);
#275=FACE_OUTER_BOUND('',#515,.T.);
#276=FACE_OUTER_BOUND('',#516,.T.);
#277=FACE_OUTER_BOUND('',#517,.T.);
#278=FACE_OUTER_BOUND('',#518,.T.);
#279=FACE_OUTER_BOUND('',#519,.T.);
#280=FACE_OUTER_BOUND('',#520,.T.);
#281=FACE_OUTER_BOUND('',#521,.T.);
#282=FACE_OUTER_BOUND('',#522,.T.);
#283=FACE_OUTER_BOUND('',#523,.T.);
#284=FACE_OUTER_BOUND('',#524,.T.);
#285=FACE_OUTER_BOUND('',#525,.T.);
#286=FACE_OUTER_BOUND('',#526,.T.);
#287=FACE_OUTER_BOUND('',#528,.T.);
#288=FACE_OUTER_BOUND('',#529,.T.);
#289=FACE_OUTER_BOUND('',#530,.T.);
#290=FACE_OUTER_BOUND('',#531,.T.);
#291=FACE_OUTER_BOUND('',#533,.T.);
#292=FACE_OUTER_BOUND('',#534,.T.);
#293=FACE_OUTER_BOUND('',#535,.T.);
#294=FACE_OUTER_BOUND('',#536,.T.);
#295=FACE_OUTER_BOUND('',#537,.T.);
#296=FACE_OUTER_BOUND('',#538,.T.);
#297=FACE_OUTER_BOUND('',#539,.T.);
#298=FACE_OUTER_BOUND('',#540,.T.);
#299=FACE_OUTER_BOUND('',#541,.T.);
#300=FACE_OUTER_BOUND('',#542,.T.);
#301=FACE_OUTER_BOUND('',#543,.T.);
#302=FACE_OUTER_BOUND('',#544,.T.);
#303=FACE_OUTER_BOUND('',#545,.T.);
#304=FACE_OUTER_BOUND('',#546,.T.);
#305=FACE_OUTER_BOUND('',#547,.T.);
#306=FACE_OUTER_BOUND('',#548,.T.);
#307=FACE_OUTER_BOUND('',#549,.T.);
#308=FACE_OUTER_BOUND('',#550,.T.);
#309=FACE_OUTER_BOUND('',#551,.T.);
#310=FACE_OUTER_BOUND('',#552,.T.);
#311=FACE_OUTER_BOUND('',#553,.T.);
#312=FACE_OUTER_BOUND('',#554,.T.);
#313=FACE_OUTER_BOUND('',#555,.T.);
#314=FACE_OUTER_BOUND('',#556,.T.);
#315=FACE_OUTER_BOUND('',#557,.T.);
#316=FACE_OUTER_BOUND('',#558,.T.);
#317=FACE_OUTER_BOUND('',#559,.T.);
#318=FACE_OUTER_BOUND('',#560,.T.);
#319=FACE_OUTER_BOUND('',#561,.T.);
#320=FACE_OUTER_BOUND('',#562,.T.);
#321=FACE_OUTER_BOUND('',#563,.T.);
#322=FACE_OUTER_BOUND('',#592,.T.);
#323=FACE_OUTER_BOUND('',#593,.T.);
#324=FACE_OUTER_BOUND('',#594,.T.);
#325=FACE_OUTER_BOUND('',#595,.T.);
#326=FACE_OUTER_BOUND('',#596,.T.);
#327=FACE_OUTER_BOUND('',#597,.T.);
#328=FACE_OUTER_BOUND('',#598,.T.);
#329=FACE_OUTER_BOUND('',#599,.T.);
#330=FACE_OUTER_BOUND('',#600,.T.);
#331=FACE_OUTER_BOUND('',#601,.T.);
#332=FACE_OUTER_BOUND('',#602,.T.);
#333=FACE_OUTER_BOUND('',#603,.T.);
#334=FACE_OUTER_BOUND('',#604,.T.);
#335=FACE_OUTER_BOUND('',#605,.T.);
#336=FACE_OUTER_BOUND('',#606,.T.);
#337=FACE_OUTER_BOUND('',#607,.T.);
#338=FACE_OUTER_BOUND('',#608,.T.);
#339=FACE_OUTER_BOUND('',#609,.T.);
#340=FACE_OUTER_BOUND('',#610,.T.);
#341=FACE_OUTER_BOUND('',#611,.T.);
#342=FACE_OUTER_BOUND('',#612,.T.);
#343=FACE_OUTER_BOUND('',#613,.T.);
#344=FACE_OUTER_BOUND('',#614,.T.);
#345=FACE_OUTER_BOUND('',#615,.T.);
#346=FACE_OUTER_BOUND('',#616,.T.);
#347=FACE_OUTER_BOUND('',#617,.T.);
#348=FACE_OUTER_BOUND('',#618,.T.);
#349=FACE_OUTER_BOUND('',#619,.T.);
#350=FACE_OUTER_BOUND('',#620,.T.);
#351=FACE_OUTER_BOUND('',#621,.T.);
#352=FACE_OUTER_BOUND('',#622,.T.);
#353=FACE_OUTER_BOUND('',#623,.T.);
#354=FACE_OUTER_BOUND('',#624,.T.);
#355=FACE_OUTER_BOUND('',#625,.T.);
#356=FACE_OUTER_BOUND('',#626,.T.);
#357=FACE_OUTER_BOUND('',#627,.T.);
#358=FACE_OUTER_BOUND('',#628,.T.);
#359=FACE_OUTER_BOUND('',#629,.T.);
#360=FACE_OUTER_BOUND('',#630,.T.);
#361=FACE_OUTER_BOUND('',#631,.T.);
#362=FACE_OUTER_BOUND('',#632,.T.);
#363=FACE_OUTER_BOUND('',#633,.T.);
#364=FACE_OUTER_BOUND('',#634,.T.);
#365=FACE_OUTER_BOUND('',#635,.T.);
#366=FACE_OUTER_BOUND('',#636,.T.);
#367=FACE_OUTER_BOUND('',#637,.T.);
#368=FACE_OUTER_BOUND('',#638,.T.);
#369=FACE_OUTER_BOUND('',#639,.T.);
#370=FACE_OUTER_BOUND('',#640,.T.);
#371=FACE_OUTER_BOUND('',#641,.T.);
#372=FACE_OUTER_BOUND('',#642,.T.);
#373=FACE_OUTER_BOUND('',#643,.T.);
#374=FACE_OUTER_BOUND('',#644,.T.);
#375=FACE_OUTER_BOUND('',#645,.T.);
#376=FACE_OUTER_BOUND('',#646,.T.);
#377=FACE_OUTER_BOUND('',#647,.T.);
#378=FACE_OUTER_BOUND('',#648,.T.);
#379=FACE_OUTER_BOUND('',#649,.T.);
#380=FACE_OUTER_BOUND('',#650,.T.);
#381=FACE_OUTER_BOUND('',#651,.T.);
#382=FACE_OUTER_BOUND('',#652,.T.);
#383=FACE_OUTER_BOUND('',#653,.T.);
#384=FACE_OUTER_BOUND('',#654,.T.);
#385=FACE_OUTER_BOUND('',#655,.T.);
#386=FACE_OUTER_BOUND('',#656,.T.);
#387=FACE_OUTER_BOUND('',#657,.T.);
#388=FACE_OUTER_BOUND('',#658,.T.);
#389=FACE_OUTER_BOUND('',#659,.T.);
#390=FACE_OUTER_BOUND('',#660,.T.);
#391=FACE_OUTER_BOUND('',#661,.T.);
#392=FACE_OUTER_BOUND('',#662,.T.);
#393=FACE_OUTER_BOUND('',#663,.T.);
#394=FACE_OUTER_BOUND('',#664,.T.);
#395=FACE_OUTER_BOUND('',#665,.T.);
#396=FACE_OUTER_BOUND('',#666,.T.);
#397=FACE_OUTER_BOUND('',#667,.T.);
#398=FACE_OUTER_BOUND('',#669,.T.);
#399=FACE_OUTER_BOUND('',#670,.T.);
#400=FACE_OUTER_BOUND('',#671,.T.);
#401=FACE_OUTER_BOUND('',#673,.T.);
#402=FACE_OUTER_BOUND('',#674,.T.);
#403=FACE_OUTER_BOUND('',#675,.T.);
#404=FACE_OUTER_BOUND('',#677,.T.);
#405=FACE_OUTER_BOUND('',#678,.T.);
#406=FACE_OUTER_BOUND('',#679,.T.);
#407=FACE_OUTER_BOUND('',#681,.T.);
#408=FACE_OUTER_BOUND('',#682,.T.);
#409=FACE_OUTER_BOUND('',#683,.T.);
#410=FACE_OUTER_BOUND('',#684,.T.);
#411=FACE_OUTER_BOUND('',#685,.T.);
#412=FACE_OUTER_BOUND('',#686,.T.);
#413=EDGE_LOOP('',(#2322,#2323,#2324,#2325,#2326,#2327,#2328,#2329,#2330));
#414=EDGE_LOOP('',(#2331,#2332,#2333));
#415=EDGE_LOOP('',(#2334,#2335,#2336,#2337,#2338,#2339,#2340,#2341,#2342,
#2343,#2344,#2345));
#416=EDGE_LOOP('',(#2346,#2347,#2348,#2349,#2350,#2351,#2352,#2353,#2354,
#2355,#2356,#2357));
#417=EDGE_LOOP('',(#2358,#2359,#2360,#2361));
#418=EDGE_LOOP('',(#2362,#2363,#2364,#2365));
#419=EDGE_LOOP('',(#2366,#2367,#2368,#2369));
#420=EDGE_LOOP('',(#2370,#2371,#2372));
#421=EDGE_LOOP('',(#2373,#2374,#2375,#2376));
#422=EDGE_LOOP('',(#2377,#2378,#2379,#2380));
#423=EDGE_LOOP('',(#2381,#2382,#2383,#2384));
#424=EDGE_LOOP('',(#2385,#2386,#2387,#2388));
#425=EDGE_LOOP('',(#2389,#2390,#2391,#2392));
#426=EDGE_LOOP('',(#2393,#2394,#2395,#2396));
#427=EDGE_LOOP('',(#2397,#2398,#2399));
#428=EDGE_LOOP('',(#2400,#2401,#2402,#2403));
#429=EDGE_LOOP('',(#2404,#2405,#2406,#2407));
#430=EDGE_LOOP('',(#2408,#2409,#2410));
#431=EDGE_LOOP('',(#2411,#2412,#2413,#2414));
#432=EDGE_LOOP('',(#2415,#2416,#2417));
#433=EDGE_LOOP('',(#2418,#2419,#2420,#2421));
#434=EDGE_LOOP('',(#2422,#2423,#2424,#2425));
#435=EDGE_LOOP('',(#2426,#2427,#2428,#2429));
#436=EDGE_LOOP('',(#2430,#2431,#2432,#2433));
#437=EDGE_LOOP('',(#2434,#2435,#2436,#2437));
#438=EDGE_LOOP('',(#2438,#2439,#2440,#2441));
#439=EDGE_LOOP('',(#2442,#2443,#2444,#2445,#2446,#2447,#2448,#2449,#2450,
#2451,#2452,#2453,#2454,#2455,#2456,#2457,#2458,#2459,#2460,#2461,#2462,
#2463));
#440=EDGE_LOOP('',(#2464,#2465,#2466,#2467,#2468,#2469,#2470,#2471));
#441=EDGE_LOOP('',(#2472));
#442=EDGE_LOOP('',(#2473));
#443=EDGE_LOOP('',(#2474));
#444=EDGE_LOOP('',(#2475));
#445=EDGE_LOOP('',(#2476));
#446=EDGE_LOOP('',(#2477));
#447=EDGE_LOOP('',(#2478,#2479,#2480,#2481));
#448=EDGE_LOOP('',(#2482));
#449=EDGE_LOOP('',(#2483));
#450=EDGE_LOOP('',(#2484));
#451=EDGE_LOOP('',(#2485));
#452=EDGE_LOOP('',(#2486));
#453=EDGE_LOOP('',(#2487));
#454=EDGE_LOOP('',(#2488));
#455=EDGE_LOOP('',(#2489));
#456=EDGE_LOOP('',(#2490));
#457=EDGE_LOOP('',(#2491,#2492,#2493));
#458=EDGE_LOOP('',(#2494));
#459=EDGE_LOOP('',(#2495));
#460=EDGE_LOOP('',(#2496));
#461=EDGE_LOOP('',(#2497));
#462=EDGE_LOOP('',(#2498));
#463=EDGE_LOOP('',(#2499));
#464=EDGE_LOOP('',(#2500));
#465=EDGE_LOOP('',(#2501));
#466=EDGE_LOOP('',(#2502));
#467=EDGE_LOOP('',(#2503));
#468=EDGE_LOOP('',(#2504));
#469=EDGE_LOOP('',(#2505));
#470=EDGE_LOOP('',(#2506));
#471=EDGE_LOOP('',(#2507));
#472=EDGE_LOOP('',(#2508,#2509,#2510,#2511,#2512,#2513,#2514,#2515));
#473=EDGE_LOOP('',(#2516,#2517,#2518,#2519));
#474=EDGE_LOOP('',(#2520,#2521,#2522,#2523));
#475=EDGE_LOOP('',(#2524,#2525,#2526,#2527));
#476=EDGE_LOOP('',(#2528,#2529,#2530));
#477=EDGE_LOOP('',(#2531,#2532,#2533,#2534));
#478=EDGE_LOOP('',(#2535,#2536,#2537));
#479=EDGE_LOOP('',(#2538,#2539,#2540));
#480=EDGE_LOOP('',(#2541,#2542,#2543,#2544));
#481=EDGE_LOOP('',(#2545,#2546,#2547,#2548));
#482=EDGE_LOOP('',(#2549,#2550,#2551,#2552));
#483=EDGE_LOOP('',(#2553,#2554,#2555,#2556));
#484=EDGE_LOOP('',(#2557,#2558,#2559,#2560));
#485=EDGE_LOOP('',(#2561,#2562,#2563));
#486=EDGE_LOOP('',(#2564,#2565,#2566,#2567));
#487=EDGE_LOOP('',(#2568,#2569,#2570,#2571));
#488=EDGE_LOOP('',(#2572,#2573,#2574,#2575));
#489=EDGE_LOOP('',(#2576,#2577,#2578,#2579));
#490=EDGE_LOOP('',(#2580,#2581,#2582,#2583));
#491=EDGE_LOOP('',(#2584,#2585,#2586,#2587));
#492=EDGE_LOOP('',(#2588,#2589,#2590,#2591));
#493=EDGE_LOOP('',(#2592,#2593,#2594,#2595));
#494=EDGE_LOOP('',(#2596,#2597,#2598,#2599));
#495=EDGE_LOOP('',(#2600,#2601,#2602,#2603));
#496=EDGE_LOOP('',(#2604,#2605,#2606,#2607));
#497=EDGE_LOOP('',(#2608,#2609,#2610,#2611));
#498=EDGE_LOOP('',(#2612,#2613,#2614,#2615));
#499=EDGE_LOOP('',(#2616,#2617,#2618,#2619));
#500=EDGE_LOOP('',(#2620,#2621,#2622,#2623));
#501=EDGE_LOOP('',(#2624,#2625,#2626,#2627));
#502=EDGE_LOOP('',(#2628,#2629,#2630,#2631));
#503=EDGE_LOOP('',(#2632,#2633,#2634,#2635,#2636,#2637,#2638));
#504=EDGE_LOOP('',(#2639,#2640,#2641,#2642));
#505=EDGE_LOOP('',(#2643,#2644,#2645,#2646));
#506=EDGE_LOOP('',(#2647,#2648,#2649,#2650));
#507=EDGE_LOOP('',(#2651,#2652,#2653,#2654));
#508=EDGE_LOOP('',(#2655,#2656,#2657,#2658,#2659,#2660));
#509=EDGE_LOOP('',(#2661,#2662,#2663,#2664));
#510=EDGE_LOOP('',(#2665,#2666,#2667,#2668,#2669));
#511=EDGE_LOOP('',(#2670,#2671,#2672,#2673,#2674,#2675,#2676));
#512=EDGE_LOOP('',(#2677,#2678,#2679,#2680));
#513=EDGE_LOOP('',(#2681,#2682,#2683,#2684));
#514=EDGE_LOOP('',(#2685,#2686,#2687,#2688,#2689));
#515=EDGE_LOOP('',(#2690,#2691,#2692,#2693,#2694,#2695));
#516=EDGE_LOOP('',(#2696,#2697,#2698,#2699));
#517=EDGE_LOOP('',(#2700,#2701,#2702,#2703,#2704));
#518=EDGE_LOOP('',(#2705,#2706,#2707,#2708,#2709,#2710,#2711));
#519=EDGE_LOOP('',(#2712,#2713,#2714,#2715));
#520=EDGE_LOOP('',(#2716,#2717,#2718,#2719,#2720));
#521=EDGE_LOOP('',(#2721,#2722,#2723,#2724,#2725,#2726));
#522=EDGE_LOOP('',(#2727,#2728,#2729,#2730));
#523=EDGE_LOOP('',(#2731,#2732,#2733,#2734,#2735,#2736));
#524=EDGE_LOOP('',(#2737,#2738,#2739,#2740,#2741,#2742));
#525=EDGE_LOOP('',(#2743,#2744,#2745,#2746,#2747));
#526=EDGE_LOOP('',(#2748,#2749,#2750,#2751));
#527=EDGE_LOOP('',(#2752));
#528=EDGE_LOOP('',(#2753,#2754,#2755,#2756));
#529=EDGE_LOOP('',(#2757,#2758,#2759,#2760));
#530=EDGE_LOOP('',(#2761,#2762,#2763,#2764));
#531=EDGE_LOOP('',(#2765,#2766,#2767,#2768));
#532=EDGE_LOOP('',(#2769));
#533=EDGE_LOOP('',(#2770,#2771,#2772,#2773,#2774,#2775));
#534=EDGE_LOOP('',(#2776,#2777,#2778,#2779,#2780));
#535=EDGE_LOOP('',(#2781,#2782,#2783,#2784));
#536=EDGE_LOOP('',(#2785,#2786,#2787,#2788,#2789,#2790,#2791));
#537=EDGE_LOOP('',(#2792,#2793,#2794,#2795,#2796,#2797,#2798,#2799,#2800,
#2801,#2802,#2803,#2804,#2805));
#538=EDGE_LOOP('',(#2806,#2807,#2808,#2809,#2810));
#539=EDGE_LOOP('',(#2811,#2812,#2813,#2814,#2815,#2816,#2817,#2818,#2819));
#540=EDGE_LOOP('',(#2820,#2821));
#541=EDGE_LOOP('',(#2822,#2823,#2824,#2825,#2826,#2827,#2828));
#542=EDGE_LOOP('',(#2829,#2830,#2831,#2832,#2833,#2834,#2835,#2836,#2837,
#2838,#2839,#2840,#2841));
#543=EDGE_LOOP('',(#2842,#2843,#2844,#2845,#2846));
#544=EDGE_LOOP('',(#2847,#2848,#2849,#2850,#2851,#2852,#2853,#2854));
#545=EDGE_LOOP('',(#2855,#2856));
#546=EDGE_LOOP('',(#2857,#2858,#2859,#2860,#2861,#2862,#2863,#2864,#2865,
#2866));
#547=EDGE_LOOP('',(#2867,#2868,#2869,#2870,#2871));
#548=EDGE_LOOP('',(#2872,#2873,#2874,#2875,#2876,#2877,#2878,#2879));
#549=EDGE_LOOP('',(#2880,#2881));
#550=EDGE_LOOP('',(#2882,#2883,#2884,#2885,#2886,#2887,#2888,#2889,#2890,
#2891));
#551=EDGE_LOOP('',(#2892,#2893));
#552=EDGE_LOOP('',(#2894,#2895,#2896,#2897,#2898,#2899,#2900));
#553=EDGE_LOOP('',(#2901,#2902,#2903,#2904,#2905,#2906,#2907,#2908,#2909,
#2910,#2911,#2912,#2913));
#554=EDGE_LOOP('',(#2914,#2915,#2916,#2917,#2918));
#555=EDGE_LOOP('',(#2919,#2920,#2921));
#556=EDGE_LOOP('',(#2922,#2923,#2924,#2925));
#557=EDGE_LOOP('',(#2926,#2927,#2928,#2929));
#558=EDGE_LOOP('',(#2930,#2931,#2932,#2933));
#559=EDGE_LOOP('',(#2934,#2935,#2936,#2937));
#560=EDGE_LOOP('',(#2938,#2939,#2940,#2941));
#561=EDGE_LOOP('',(#2942,#2943,#2944,#2945));
#562=EDGE_LOOP('',(#2946,#2947,#2948,#2949));
#563=EDGE_LOOP('',(#2950,#2951,#2952,#2953,#2954,#2955,#2956,#2957,#2958,
#2959,#2960,#2961,#2962,#2963,#2964,#2965,#2966,#2967,#2968,#2969,#2970,
#2971));
#564=EDGE_LOOP('',(#2972,#2973,#2974,#2975,#2976,#2977,#2978,#2979,#2980,
#2981,#2982,#2983,#2984,#2985,#2986,#2987));
#565=EDGE_LOOP('',(#2988));
#566=EDGE_LOOP('',(#2989));
#567=EDGE_LOOP('',(#2990,#2991,#2992,#2993));
#568=EDGE_LOOP('',(#2994));
#569=EDGE_LOOP('',(#2995));
#570=EDGE_LOOP('',(#2996));
#571=EDGE_LOOP('',(#2997));
#572=EDGE_LOOP('',(#2998));
#573=EDGE_LOOP('',(#2999));
#574=EDGE_LOOP('',(#3000));
#575=EDGE_LOOP('',(#3001));
#576=EDGE_LOOP('',(#3002));
#577=EDGE_LOOP('',(#3003,#3004,#3005));
#578=EDGE_LOOP('',(#3006));
#579=EDGE_LOOP('',(#3007));
#580=EDGE_LOOP('',(#3008));
#581=EDGE_LOOP('',(#3009));
#582=EDGE_LOOP('',(#3010));
#583=EDGE_LOOP('',(#3011));
#584=EDGE_LOOP('',(#3012));
#585=EDGE_LOOP('',(#3013));
#586=EDGE_LOOP('',(#3014));
#587=EDGE_LOOP('',(#3015));
#588=EDGE_LOOP('',(#3016));
#589=EDGE_LOOP('',(#3017));
#590=EDGE_LOOP('',(#3018));
#591=EDGE_LOOP('',(#3019));
#592=EDGE_LOOP('',(#3020,#3021,#3022,#3023));
#593=EDGE_LOOP('',(#3024,#3025,#3026,#3027));
#594=EDGE_LOOP('',(#3028,#3029,#3030,#3031));
#595=EDGE_LOOP('',(#3032,#3033,#3034,#3035));
#596=EDGE_LOOP('',(#3036,#3037,#3038,#3039));
#597=EDGE_LOOP('',(#3040,#3041,#3042,#3043));
#598=EDGE_LOOP('',(#3044,#3045,#3046,#3047));
#599=EDGE_LOOP('',(#3048,#3049,#3050,#3051));
#600=EDGE_LOOP('',(#3052,#3053,#3054,#3055));
#601=EDGE_LOOP('',(#3056,#3057,#3058,#3059));
#602=EDGE_LOOP('',(#3060,#3061,#3062,#3063));
#603=EDGE_LOOP('',(#3064,#3065,#3066,#3067));
#604=EDGE_LOOP('',(#3068,#3069,#3070,#3071));
#605=EDGE_LOOP('',(#3072,#3073,#3074,#3075));
#606=EDGE_LOOP('',(#3076,#3077,#3078,#3079));
#607=EDGE_LOOP('',(#3080,#3081,#3082,#3083));
#608=EDGE_LOOP('',(#3084,#3085,#3086,#3087));
#609=EDGE_LOOP('',(#3088,#3089,#3090,#3091));
#610=EDGE_LOOP('',(#3092,#3093,#3094,#3095));
#611=EDGE_LOOP('',(#3096,#3097,#3098,#3099));
#612=EDGE_LOOP('',(#3100,#3101,#3102,#3103));
#613=EDGE_LOOP('',(#3104,#3105,#3106,#3107));
#614=EDGE_LOOP('',(#3108,#3109,#3110,#3111));
#615=EDGE_LOOP('',(#3112,#3113,#3114,#3115));
#616=EDGE_LOOP('',(#3116,#3117,#3118,#3119));
#617=EDGE_LOOP('',(#3120,#3121,#3122,#3123));
#618=EDGE_LOOP('',(#3124,#3125,#3126,#3127));
#619=EDGE_LOOP('',(#3128,#3129,#3130,#3131));
#620=EDGE_LOOP('',(#3132,#3133,#3134,#3135));
#621=EDGE_LOOP('',(#3136,#3137,#3138,#3139));
#622=EDGE_LOOP('',(#3140,#3141,#3142,#3143));
#623=EDGE_LOOP('',(#3144,#3145,#3146,#3147));
#624=EDGE_LOOP('',(#3148,#3149,#3150,#3151));
#625=EDGE_LOOP('',(#3152,#3153,#3154,#3155));
#626=EDGE_LOOP('',(#3156,#3157,#3158,#3159));
#627=EDGE_LOOP('',(#3160,#3161,#3162,#3163));
#628=EDGE_LOOP('',(#3164,#3165,#3166,#3167));
#629=EDGE_LOOP('',(#3168,#3169,#3170,#3171));
#630=EDGE_LOOP('',(#3172,#3173,#3174,#3175));
#631=EDGE_LOOP('',(#3176,#3177,#3178,#3179));
#632=EDGE_LOOP('',(#3180,#3181,#3182,#3183));
#633=EDGE_LOOP('',(#3184,#3185,#3186,#3187));
#634=EDGE_LOOP('',(#3188,#3189,#3190,#3191));
#635=EDGE_LOOP('',(#3192,#3193,#3194,#3195));
#636=EDGE_LOOP('',(#3196,#3197,#3198,#3199));
#637=EDGE_LOOP('',(#3200,#3201,#3202,#3203));
#638=EDGE_LOOP('',(#3204,#3205,#3206,#3207));
#639=EDGE_LOOP('',(#3208,#3209,#3210,#3211));
#640=EDGE_LOOP('',(#3212,#3213,#3214,#3215));
#641=EDGE_LOOP('',(#3216,#3217,#3218,#3219));
#642=EDGE_LOOP('',(#3220,#3221,#3222,#3223));
#643=EDGE_LOOP('',(#3224,#3225,#3226,#3227));
#644=EDGE_LOOP('',(#3228,#3229,#3230,#3231));
#645=EDGE_LOOP('',(#3232,#3233,#3234,#3235));
#646=EDGE_LOOP('',(#3236,#3237,#3238,#3239));
#647=EDGE_LOOP('',(#3240,#3241,#3242,#3243));
#648=EDGE_LOOP('',(#3244,#3245,#3246,#3247));
#649=EDGE_LOOP('',(#3248,#3249,#3250,#3251));
#650=EDGE_LOOP('',(#3252,#3253,#3254,#3255));
#651=EDGE_LOOP('',(#3256,#3257,#3258,#3259));
#652=EDGE_LOOP('',(#3260,#3261,#3262,#3263));
#653=EDGE_LOOP('',(#3264,#3265,#3266,#3267));
#654=EDGE_LOOP('',(#3268,#3269,#3270,#3271));
#655=EDGE_LOOP('',(#3272,#3273,#3274,#3275));
#656=EDGE_LOOP('',(#3276,#3277,#3278,#3279));
#657=EDGE_LOOP('',(#3280,#3281,#3282,#3283));
#658=EDGE_LOOP('',(#3284,#3285,#3286,#3287));
#659=EDGE_LOOP('',(#3288,#3289,#3290,#3291));
#660=EDGE_LOOP('',(#3292,#3293,#3294,#3295));
#661=EDGE_LOOP('',(#3296,#3297,#3298,#3299));
#662=EDGE_LOOP('',(#3300,#3301,#3302,#3303));
#663=EDGE_LOOP('',(#3304,#3305,#3306,#3307));
#664=EDGE_LOOP('',(#3308,#3309,#3310,#3311));
#665=EDGE_LOOP('',(#3312,#3313,#3314,#3315));
#666=EDGE_LOOP('',(#3316,#3317,#3318,#3319));
#667=EDGE_LOOP('',(#3320,#3321,#3322,#3323));
#668=EDGE_LOOP('',(#3324,#3325));
#669=EDGE_LOOP('',(#3326,#3327,#3328,#3329));
#670=EDGE_LOOP('',(#3330,#3331,#3332,#3333));
#671=EDGE_LOOP('',(#3334,#3335,#3336,#3337));
#672=EDGE_LOOP('',(#3338,#3339));
#673=EDGE_LOOP('',(#3340,#3341,#3342,#3343));
#674=EDGE_LOOP('',(#3344,#3345,#3346,#3347));
#675=EDGE_LOOP('',(#3348,#3349,#3350,#3351));
#676=EDGE_LOOP('',(#3352,#3353));
#677=EDGE_LOOP('',(#3354,#3355,#3356,#3357));
#678=EDGE_LOOP('',(#3358,#3359,#3360,#3361));
#679=EDGE_LOOP('',(#3362,#3363,#3364,#3365));
#680=EDGE_LOOP('',(#3366,#3367));
#681=EDGE_LOOP('',(#3368,#3369,#3370,#3371));
#682=EDGE_LOOP('',(#3372,#3373,#3374,#3375));
#683=EDGE_LOOP('',(#3376,#3377,#3378,#3379));
#684=EDGE_LOOP('',(#3380,#3381,#3382,#3383));
#685=EDGE_LOOP('',(#3384,#3385,#3386,#3387));
#686=EDGE_LOOP('',(#3388,#3389,#3390,#3391));
#687=ELLIPSE('',#3722,4.59619407771256,3.25);
#688=ELLIPSE('',#3723,4.59619407771256,3.25);
#689=ELLIPSE('',#3725,4.59619407771256,3.25);
#690=ELLIPSE('',#3726,4.59619407771256,3.25);
#691=ELLIPSE('',#3729,4.59619407771256,3.25);
#692=ELLIPSE('',#3950,4.59619407771256,3.25);
#693=ELLIPSE('',#3951,4.59619407771256,3.25);
#694=ELLIPSE('',#3952,4.59619407771256,3.25);
#695=ELLIPSE('',#3953,4.59619407771256,3.25);
#696=ELLIPSE('',#3957,3.30135212566167,3.25);
#697=ELLIPSE('',#3958,3.30135212566167,3.25);
#698=ELLIPSE('',#3959,3.30135212566168,3.25);
#699=ELLIPSE('',#3965,4.59619407771258,3.25);
#700=ELLIPSE('',#3966,4.59619407771258,3.25);
#701=ELLIPSE('',#3967,4.59619407771258,3.25);
#702=ELLIPSE('',#3975,4.59619407771255,3.25);
#703=ELLIPSE('',#3976,4.59619407771255,3.25);
#704=ELLIPSE('',#3977,4.59619407771255,3.25);
#705=ELLIPSE('',#3984,3.30135212566168,3.25);
#706=ELLIPSE('',#3985,3.30135212566168,3.25);
#707=ELLIPSE('',#3986,3.30135212566167,3.25);
#708=ELLIPSE('',#3988,4.59619407771256,3.25);
#709=CIRCLE('',#3721,3.25);
#710=CIRCLE('',#3724,3.25);
#711=CIRCLE('',#3728,3.25);
#712=CIRCLE('',#3731,2.1);
#713=CIRCLE('',#3732,2.1);
#714=CIRCLE('',#3733,2.1);
#715=CIRCLE('',#3734,2.1);
#716=CIRCLE('',#3735,2.1);
#717=CIRCLE('',#3736,2.1);
#718=CIRCLE('',#3738,2.1);
#719=CIRCLE('',#3739,2.1);
#720=CIRCLE('',#3740,2.1);
#721=CIRCLE('',#3741,2.1);
#722=CIRCLE('',#3742,2.1);
#723=CIRCLE('',#3743,2.1);
#724=CIRCLE('',#3745,0.499999999999998);
#725=CIRCLE('',#3746,0.5);
#726=CIRCLE('',#3747,0.999999999999996);
#727=CIRCLE('',#3748,0.499999999999998);
#728=CIRCLE('',#3750,0.999999999999996);
#729=CIRCLE('',#3751,0.499999999999998);
#730=CIRCLE('',#3752,0.499999999999998);
#731=CIRCLE('',#3753,0.5);
#732=CIRCLE('',#3756,0.499999999999998);
#733=CIRCLE('',#3757,0.499999999999998);
#734=CIRCLE('',#3758,0.5);
#735=CIRCLE('',#3761,0.499999999999998);
#736=CIRCLE('',#3762,0.5);
#737=CIRCLE('',#3763,0.999999999999996);
#738=CIRCLE('',#3764,0.499999999999998);
#739=CIRCLE('',#3767,0.499999999999998);
#740=CIRCLE('',#3768,0.5);
#741=CIRCLE('',#3769,0.999999999999996);
#742=CIRCLE('',#3770,0.499999999999998);
#743=CIRCLE('',#3774,0.499999999999998);
#744=CIRCLE('',#3775,0.499999999999998);
#745=CIRCLE('',#3776,0.5);
#746=CIRCLE('',#3780,0.499999999999998);
#747=CIRCLE('',#3781,0.499999999999998);
#748=CIRCLE('',#3782,0.5);
#749=CIRCLE('',#3785,0.499999999999998);
#750=CIRCLE('',#3786,0.499999999999998);
#751=CIRCLE('',#3787,0.5);
#752=CIRCLE('',#3795,22.0000000000002);
#753=CIRCLE('',#3796,15.);
#754=CIRCLE('',#3797,31.9999999999999);
#755=CIRCLE('',#3798,22.);
#756=CIRCLE('',#3799,15.);
#757=CIRCLE('',#3800,12.0000000000003);
#758=CIRCLE('',#3801,12.);
#759=CIRCLE('',#3802,15.);
#760=CIRCLE('',#3803,22.);
#761=CIRCLE('',#3804,32.0000000000001);
#762=CIRCLE('',#3805,15.);
#763=CIRCLE('',#3806,0.999999999999996);
#764=CIRCLE('',#3807,0.999999999999996);
#765=CIRCLE('',#3808,0.999999999999996);
#766=CIRCLE('',#3809,0.999999999999996);
#767=CIRCLE('',#3810,3.25);
#768=CIRCLE('',#3811,3.25);
#769=CIRCLE('',#3812,3.25);
#770=CIRCLE('',#3813,0.85);
#771=CIRCLE('',#3814,0.85);
#772=CIRCLE('',#3815,2.);
#773=CIRCLE('',#3816,2.);
#774=CIRCLE('',#3817,1.6);
#775=CIRCLE('',#3818,1.6);
#776=CIRCLE('',#3819,1.6);
#777=CIRCLE('',#3820,1.6);
#778=CIRCLE('',#3821,1.6);
#779=CIRCLE('',#3822,1.6);
#780=CIRCLE('',#3823,5.);
#781=CIRCLE('',#3824,1.6);
#782=CIRCLE('',#3825,1.6);
#783=CIRCLE('',#3826,5.);
#784=CIRCLE('',#3827,5.);
#785=CIRCLE('',#3828,1.6);
#786=CIRCLE('',#3829,1.6);
#787=CIRCLE('',#3830,5.);
#788=CIRCLE('',#3831,1.6);
#789=CIRCLE('',#3832,1.6);
#790=CIRCLE('',#3833,1.6);
#791=CIRCLE('',#3834,1.6);
#792=CIRCLE('',#3835,1.6);
#793=CIRCLE('',#3836,1.6);
#794=CIRCLE('',#3837,1.6);
#795=CIRCLE('',#3838,1.6);
#796=CIRCLE('',#3839,1.6);
#797=CIRCLE('',#3840,1.6);
#798=CIRCLE('',#3845,0.499999999999998);
#799=CIRCLE('',#3846,0.499999999999998);
#800=CIRCLE('',#3847,0.5);
#801=CIRCLE('',#3849,0.499999999999998);
#802=CIRCLE('',#3850,0.5);
#803=CIRCLE('',#3851,0.499999999999998);
#804=CIRCLE('',#3853,0.499999999999998);
#805=CIRCLE('',#3854,0.5);
#806=CIRCLE('',#3855,0.5);
#807=CIRCLE('',#3857,0.499999999999998);
#808=CIRCLE('',#3858,0.499999999999998);
#809=CIRCLE('',#3859,0.5);
#810=CIRCLE('',#3861,0.499999999999998);
#811=CIRCLE('',#3862,0.499999999999998);
#812=CIRCLE('',#3863,0.5);
#813=CIRCLE('',#3867,0.499999999999998);
#814=CIRCLE('',#3868,0.5);
#815=CIRCLE('',#3869,0.499999999999998);
#816=CIRCLE('',#3872,0.499999999999998);
#817=CIRCLE('',#3873,0.499999999999998);
#818=CIRCLE('',#3874,0.5);
#819=CIRCLE('',#3876,0.499999999999998);
#820=CIRCLE('',#3877,0.5);
#821=CIRCLE('',#3878,0.499999999999998);
#822=CIRCLE('',#3894,2.1);
#823=CIRCLE('',#3895,2.1);
#824=CIRCLE('',#3897,2.1);
#825=CIRCLE('',#3898,2.1);
#826=CIRCLE('',#3903,2.00000000000001);
#827=CIRCLE('',#3906,1.99999999999999);
#828=CIRCLE('',#3911,2.00000000000001);
#829=CIRCLE('',#3915,2.00000000000001);
#830=CIRCLE('',#3916,2.00000000000001);
#831=CIRCLE('',#3926,1.99999999999999);
#832=CIRCLE('',#3927,1.99999999999999);
#833=CIRCLE('',#3931,2.);
#834=CIRCLE('',#3932,2.);
#835=CIRCLE('',#3935,2.00000000000001);
#836=CIRCLE('',#3936,2.00000000000001);
#837=CIRCLE('',#3939,2.00000000000001);
#838=CIRCLE('',#3940,2.00000000000001);
#839=CIRCLE('',#3942,2.00000000000001);
#840=CIRCLE('',#3943,2.00000000000001);
#841=CIRCLE('',#3948,3.25);
#842=CIRCLE('',#3955,3.25);
#843=CIRCLE('',#3962,3.25);
#844=CIRCLE('',#3963,3.25);
#845=CIRCLE('',#3969,3.25);
#846=CIRCLE('',#3972,3.25);
#847=CIRCLE('',#3973,3.25);
#848=CIRCLE('',#3979,3.25);
#849=CIRCLE('',#3982,3.25);
#850=CIRCLE('',#3990,3.25);
#851=CIRCLE('',#3993,0.85);
#852=CIRCLE('',#3995,0.85);
#853=CIRCLE('',#3998,2.);
#854=CIRCLE('',#4001,2.);
#855=CIRCLE('',#4003,15.);
#856=CIRCLE('',#4004,17.);
#857=CIRCLE('',#4006,32.0000000000001);
#858=CIRCLE('',#4007,22.);
#859=CIRCLE('',#4008,15.);
#860=CIRCLE('',#4009,12.);
#861=CIRCLE('',#4010,12.0000000000003);
#862=CIRCLE('',#4011,15.);
#863=CIRCLE('',#4012,22.);
#864=CIRCLE('',#4013,31.9999999999999);
#865=CIRCLE('',#4014,15.);
#866=CIRCLE('',#4015,22.0000000000002);
#867=CIRCLE('',#4016,1.6);
#868=CIRCLE('',#4017,1.6);
#869=CIRCLE('',#4018,1.6);
#870=CIRCLE('',#4019,1.6);
#871=CIRCLE('',#4020,1.6);
#872=CIRCLE('',#4021,1.6);
#873=CIRCLE('',#4022,5.);
#874=CIRCLE('',#4023,1.6);
#875=CIRCLE('',#4024,1.6);
#876=CIRCLE('',#4025,5.);
#877=CIRCLE('',#4026,5.);
#878=CIRCLE('',#4027,1.6);
#879=CIRCLE('',#4028,1.6);
#880=CIRCLE('',#4029,5.);
#881=CIRCLE('',#4030,1.6);
#882=CIRCLE('',#4031,1.6);
#883=CIRCLE('',#4032,1.6);
#884=CIRCLE('',#4033,1.6);
#885=CIRCLE('',#4034,1.6);
#886=CIRCLE('',#4035,1.6);
#887=CIRCLE('',#4036,1.6);
#888=CIRCLE('',#4037,1.6);
#889=CIRCLE('',#4038,1.6);
#890=CIRCLE('',#4039,1.6);
#891=CIRCLE('',#4041,17.);
#892=CIRCLE('',#4044,2.);
#893=CIRCLE('',#4046,2.);
#894=CIRCLE('',#4047,20.0000000000002);
#895=CIRCLE('',#4050,2.00000000000004);
#896=CIRCLE('',#4052,2.00000000000001);
#897=CIRCLE('',#4053,20.0000000000002);
#898=CIRCLE('',#4059,17.);
#899=CIRCLE('',#4061,17.);
#900=CIRCLE('',#4064,2.);
#901=CIRCLE('',#4066,2.);
#902=CIRCLE('',#4067,20.);
#903=CIRCLE('',#4069,2.);
#904=CIRCLE('',#4071,2.);
#905=CIRCLE('',#4072,29.9999999999999);
#906=CIRCLE('',#4076,29.9999999999999);
#907=CIRCLE('',#4079,20.);
#908=CIRCLE('',#4082,2.00000000000001);
#909=CIRCLE('',#4084,2.00000000000001);
#910=CIRCLE('',#4086,2.);
#911=CIRCLE('',#4088,2.00000000000001);
#912=CIRCLE('',#4091,17.);
#913=CIRCLE('',#4093,17.);
#914=CIRCLE('',#4096,2.);
#915=CIRCLE('',#4098,2.);
#916=CIRCLE('',#4099,10.0000000000003);
#917=CIRCLE('',#4101,2.);
#918=CIRCLE('',#4103,2.);
#919=CIRCLE('',#4104,10.);
#920=CIRCLE('',#4107,17.);
#921=CIRCLE('',#4110,10.0000000000003);
#922=CIRCLE('',#4113,10.);
#923=CIRCLE('',#4116,17.);
#924=CIRCLE('',#4119,2.00000000000001);
#925=CIRCLE('',#4121,1.99999999999999);
#926=CIRCLE('',#4123,1.99999999999999);
#927=CIRCLE('',#4125,2.00000000000001);
#928=CIRCLE('',#4128,2.);
#929=CIRCLE('',#4130,2.00000000000001);
#930=CIRCLE('',#4131,30.0000000000001);
#931=CIRCLE('',#4133,2.00000000000001);
#932=CIRCLE('',#4135,2.);
#933=CIRCLE('',#4136,20.);
#934=CIRCLE('',#4140,20.);
#935=CIRCLE('',#4143,30.0000000000001);
#936=CIRCLE('',#4146,2.00000000000001);
#937=CIRCLE('',#4148,2.);
#938=CIRCLE('',#4150,2.);
#939=CIRCLE('',#4152,2.00000000000001);
#940=LINE('',#5364,#1198);
#941=LINE('',#5372,#1199);
#942=LINE('',#5380,#1200);
#943=LINE('',#5388,#1201);
#944=LINE('',#5392,#1202);
#945=LINE('',#5396,#1203);
#946=LINE('',#5400,#1204);
#947=LINE('',#5404,#1205);
#948=LINE('',#5409,#1206);
#949=LINE('',#5413,#1207);
#950=LINE('',#5417,#1208);
#951=LINE('',#5421,#1209);
#952=LINE('',#5426,#1210);
#953=LINE('',#5447,#1211);
#954=LINE('',#5448,#1212);
#955=LINE('',#5457,#1213);
#956=LINE('',#5458,#1214);
#957=LINE('',#5469,#1215);
#958=LINE('',#5470,#1216);
#959=LINE('',#5481,#1217);
#960=LINE('',#5482,#1218);
#961=LINE('',#5484,#1219);
#962=LINE('',#5485,#1220);
#963=LINE('',#5494,#1221);
#964=LINE('',#5495,#1222);
#965=LINE('',#5497,#1223);
#966=LINE('',#5498,#1224);
#967=LINE('',#5507,#1225);
#968=LINE('',#5508,#1226);
#969=LINE('',#5517,#1227);
#970=LINE('',#5518,#1228);
#971=LINE('',#5520,#1229);
#972=LINE('',#5521,#1230);
#973=LINE('',#5523,#1231);
#974=LINE('',#5524,#1232);
#975=LINE('',#5526,#1233);
#976=LINE('',#5527,#1234);
#977=LINE('',#5533,#1235);
#978=LINE('',#5537,#1236);
#979=LINE('',#5541,#1237);
#980=LINE('',#5545,#1238);
#981=LINE('',#5549,#1239);
#982=LINE('',#5553,#1240);
#983=LINE('',#5557,#1241);
#984=LINE('',#5561,#1242);
#985=LINE('',#5565,#1243);
#986=LINE('',#5569,#1244);
#987=LINE('',#5573,#1245);
#988=LINE('',#5579,#1246);
#989=LINE('',#5583,#1247);
#990=LINE('',#5587,#1248);
#991=LINE('',#5590,#1249);
#992=LINE('',#5603,#1250);
#993=LINE('',#5607,#1251);
#994=LINE('',#5631,#1252);
#995=LINE('',#5632,#1253);
#996=LINE('',#5698,#1254);
#997=LINE('',#5700,#1255);
#998=LINE('',#5701,#1256);
#999=LINE('',#5709,#1257);
#1000=LINE('',#5724,#1258);
#1001=LINE('',#5726,#1259);
#1002=LINE('',#5728,#1260);
#1003=LINE('',#5729,#1261);
#1004=LINE('',#5731,#1262);
#1005=LINE('',#5732,#1263);
#1006=LINE('',#5734,#1264);
#1007=LINE('',#5735,#1265);
#1008=LINE('',#5737,#1266);
#1009=LINE('',#5738,#1267);
#1010=LINE('',#5740,#1268);
#1011=LINE('',#5741,#1269);
#1012=LINE('',#5743,#1270);
#1013=LINE('',#5744,#1271);
#1014=LINE('',#5746,#1272);
#1015=LINE('',#5747,#1273);
#1016=LINE('',#5757,#1274);
#1017=LINE('',#5763,#1275);
#1018=LINE('',#5767,#1276);
#1019=LINE('',#5769,#1277);
#1020=LINE('',#5771,#1278);
#1021=LINE('',#5773,#1279);
#1022=LINE('',#5774,#1280);
#1023=LINE('',#5777,#1281);
#1024=LINE('',#5778,#1282);
#1025=LINE('',#5781,#1283);
#1026=LINE('',#5782,#1284);
#1027=LINE('',#5785,#1285);
#1028=LINE('',#5789,#1286);
#1029=LINE('',#5791,#1287);
#1030=LINE('',#5792,#1288);
#1031=LINE('',#5795,#1289);
#1032=LINE('',#5797,#1290);
#1033=LINE('',#5799,#1291);
#1034=LINE('',#5802,#1292);
#1035=LINE('',#5805,#1293);
#1036=LINE('',#5806,#1294);
#1037=LINE('',#5809,#1295);
#1038=LINE('',#5810,#1296);
#1039=LINE('',#5813,#1297);
#1040=LINE('',#5815,#1298);
#1041=LINE('',#5817,#1299);
#1042=LINE('',#5819,#1300);
#1043=LINE('',#5820,#1301);
#1044=LINE('',#5824,#1302);
#1045=LINE('',#5827,#1303);
#1046=LINE('',#5828,#1304);
#1047=LINE('',#5831,#1305);
#1048=LINE('',#5835,#1306);
#1049=LINE('',#5839,#1307);
#1050=LINE('',#5841,#1308);
#1051=LINE('',#5843,#1309);
#1052=LINE('',#5844,#1310);
#1053=LINE('',#5847,#1311);
#1054=LINE('',#5848,#1312);
#1055=LINE('',#5851,#1313);
#1056=LINE('',#5853,#1314);
#1057=LINE('',#5855,#1315);
#1058=LINE('',#5856,#1316);
#1059=LINE('',#5859,#1317);
#1060=LINE('',#5860,#1318);
#1061=LINE('',#5862,#1319);
#1062=LINE('',#5864,#1320);
#1063=LINE('',#5867,#1321);
#1064=LINE('',#5869,#1322);
#1065=LINE('',#5870,#1323);
#1066=LINE('',#5872,#1324);
#1067=LINE('',#5877,#1325);
#1068=LINE('',#5880,#1326);
#1069=LINE('',#5883,#1327);
#1070=LINE('',#5884,#1328);
#1071=LINE('',#5887,#1329);
#1072=LINE('',#5889,#1330);
#1073=LINE('',#5890,#1331);
#1074=LINE('',#5896,#1332);
#1075=LINE('',#5899,#1333);
#1076=LINE('',#5901,#1334);
#1077=LINE('',#5902,#1335);
#1078=LINE('',#5908,#1336);
#1079=LINE('',#5911,#1337);
#1080=LINE('',#5913,#1338);
#1081=LINE('',#5914,#1339);
#1082=LINE('',#5923,#1340);
#1083=LINE('',#5925,#1341);
#1084=LINE('',#5926,#1342);
#1085=LINE('',#5928,#1343);
#1086=LINE('',#5933,#1344);
#1087=LINE('',#5935,#1345);
#1088=LINE('',#5936,#1346);
#1089=LINE('',#5943,#1347);
#1090=LINE('',#5954,#1348);
#1091=LINE('',#5996,#1349);
#1092=LINE('',#6000,#1350);
#1093=LINE('',#6002,#1351);
#1094=LINE('',#6004,#1352);
#1095=LINE('',#6013,#1353);
#1096=LINE('',#6056,#1354);
#1097=LINE('',#6060,#1355);
#1098=LINE('',#6062,#1356);
#1099=LINE('',#6064,#1357);
#1100=LINE('',#6073,#1358);
#1101=LINE('',#6116,#1359);
#1102=LINE('',#6120,#1360);
#1103=LINE('',#6127,#1361);
#1104=LINE('',#6170,#1362);
#1105=LINE('',#6172,#1363);
#1106=LINE('',#6173,#1364);
#1107=LINE('',#6180,#1365);
#1108=LINE('',#6184,#1366);
#1109=LINE('',#6188,#1367);
#1110=LINE('',#6189,#1368);
#1111=LINE('',#6190,#1369);
#1112=LINE('',#6194,#1370);
#1113=LINE('',#6197,#1371);
#1114=LINE('',#6198,#1372);
#1115=LINE('',#6238,#1373);
#1116=LINE('',#6240,#1374);
#1117=LINE('',#6244,#1375);
#1118=LINE('',#6248,#1376);
#1119=LINE('',#6252,#1377);
#1120=LINE('',#6256,#1378);
#1121=LINE('',#6260,#1379);
#1122=LINE('',#6264,#1380);
#1123=LINE('',#6268,#1381);
#1124=LINE('',#6272,#1382);
#1125=LINE('',#6276,#1383);
#1126=LINE('',#6300,#1384);
#1127=LINE('',#6301,#1385);
#1128=LINE('',#6363,#1386);
#1129=LINE('',#6364,#1387);
#1130=LINE('',#6368,#1388);
#1131=LINE('',#6389,#1389);
#1132=LINE('',#6393,#1390);
#1133=LINE('',#6414,#1391);
#1134=LINE('',#6416,#1392);
#1135=LINE('',#6417,#1393);
#1136=LINE('',#6419,#1394);
#1137=LINE('',#6456,#1395);
#1138=LINE('',#6475,#1396);
#1139=LINE('',#6483,#1397);
#1140=LINE('',#6489,#1398);
#1141=LINE('',#6492,#1399);
#1142=LINE('',#6493,#1400);
#1143=LINE('',#6496,#1401);
#1144=LINE('',#6500,#1402);
#1145=LINE('',#6501,#1403);
#1146=LINE('',#6504,#1404);
#1147=LINE('',#6508,#1405);
#1148=LINE('',#6509,#1406);
#1149=LINE('',#6568,#1407);
#1150=LINE('',#6572,#1408);
#1151=LINE('',#6580,#1409);
#1152=LINE('',#6587,#1410);
#1153=LINE('',#6621,#1411);
#1154=LINE('',#6622,#1412);
#1155=LINE('',#6625,#1413);
#1156=LINE('',#6629,#1414);
#1157=LINE('',#6630,#1415);
#1158=LINE('',#6633,#1416);
#1159=LINE('',#6637,#1417);
#1160=LINE('',#6638,#1418);
#1161=LINE('',#6641,#1419);
#1162=LINE('',#6684,#1420);
#1163=LINE('',#6692,#1421);
#1164=LINE('',#6698,#1422);
#1165=LINE('',#6701,#1423);
#1166=LINE('',#6702,#1424);
#1167=LINE('',#6705,#1425);
#1168=LINE('',#6709,#1426);
#1169=LINE('',#6710,#1427);
#1170=LINE('',#6713,#1428);
#1171=LINE('',#6716,#1429);
#1172=LINE('',#6727,#1430);
#1173=LINE('',#6729,#1431);
#1174=LINE('',#6731,#1432);
#1175=LINE('',#6733,#1433);
#1176=LINE('',#6735,#1434);
#1177=LINE('',#6737,#1435);
#1178=LINE('',#6739,#1436);
#1179=LINE('',#6741,#1437);
#1180=LINE('',#6743,#1438);
#1181=LINE('',#6745,#1439);
#1182=LINE('',#6747,#1440);
#1183=LINE('',#6749,#1441);
#1184=LINE('',#6751,#1442);
#1185=LINE('',#6753,#1443);
#1186=LINE('',#6755,#1444);
#1187=LINE('',#6756,#1445);
#1188=LINE('',#6758,#1446);
#1189=LINE('',#6761,#1447);
#1190=LINE('',#6763,#1448);
#1191=LINE('',#6765,#1449);
#1192=LINE('',#6767,#1450);
#1193=LINE('',#6769,#1451);
#1194=LINE('',#6771,#1452);
#1195=LINE('',#6773,#1453);
#1196=LINE('',#6775,#1454);
#1197=LINE('',#6777,#1455);
#1198=VECTOR('',#4184,3.25);
#1199=VECTOR('',#4191,3.25);
#1200=VECTOR('',#4200,3.25);
#1201=VECTOR('',#4209,2.1);
#1202=VECTOR('',#4212,10.);
#1203=VECTOR('',#4215,10.);
#1204=VECTOR('',#4218,2.1);
#1205=VECTOR('',#4221,10.);
#1206=VECTOR('',#4226,2.1);
#1207=VECTOR('',#4229,10.);
#1208=VECTOR('',#4232,10.);
#1209=VECTOR('',#4235,2.1);
#1210=VECTOR('',#4240,10.);
#1211=VECTOR('',#4265,10.);
#1212=VECTOR('',#4266,10.);
#1213=VECTOR('',#4277,10.);
#1214=VECTOR('',#4278,10.);
#1215=VECTOR('',#4291,10.);
#1216=VECTOR('',#4292,10.);
#1217=VECTOR('',#4305,10.);
#1218=VECTOR('',#4306,10.);
#1219=VECTOR('',#4309,10.);
#1220=VECTOR('',#4310,10.);
#1221=VECTOR('',#4321,10.);
#1222=VECTOR('',#4322,10.);
#1223=VECTOR('',#4325,10.);
#1224=VECTOR('',#4326,10.);
#1225=VECTOR('',#4337,10.);
#1226=VECTOR('',#4338,10.);
#1227=VECTOR('',#4349,10.);
#1228=VECTOR('',#4350,10.);
#1229=VECTOR('',#4353,10.);
#1230=VECTOR('',#4354,10.);
#1231=VECTOR('',#4357,10.);
#1232=VECTOR('',#4358,10.);
#1233=VECTOR('',#4361,10.);
#1234=VECTOR('',#4362,10.);
#1235=VECTOR('',#4369,10.);
#1236=VECTOR('',#4372,10.);
#1237=VECTOR('',#4375,10.);
#1238=VECTOR('',#4378,10.);
#1239=VECTOR('',#4381,10.);
#1240=VECTOR('',#4384,10.);
#1241=VECTOR('',#4387,10.);
#1242=VECTOR('',#4390,10.);
#1243=VECTOR('',#4393,10.);
#1244=VECTOR('',#4396,10.);
#1245=VECTOR('',#4399,10.);
#1246=VECTOR('',#4404,10.);
#1247=VECTOR('',#4407,10.);
#1248=VECTOR('',#4410,10.);
#1249=VECTOR('',#4413,10.);
#1250=VECTOR('',#4424,10.);
#1251=VECTOR('',#4427,10.);
#1252=VECTOR('',#4450,10.);
#1253=VECTOR('',#4451,10.);
#1254=VECTOR('',#4528,10.);
#1255=VECTOR('',#4531,10.);
#1256=VECTOR('',#4532,10.);
#1257=VECTOR('',#4543,10.);
#1258=VECTOR('',#4562,10.);
#1259=VECTOR('',#4565,10.);
#1260=VECTOR('',#4568,10.);
#1261=VECTOR('',#4569,10.);
#1262=VECTOR('',#4572,10.);
#1263=VECTOR('',#4573,10.);
#1264=VECTOR('',#4576,10.);
#1265=VECTOR('',#4577,10.);
#1266=VECTOR('',#4580,10.);
#1267=VECTOR('',#4581,10.);
#1268=VECTOR('',#4584,10.);
#1269=VECTOR('',#4585,10.);
#1270=VECTOR('',#4588,10.);
#1271=VECTOR('',#4589,10.);
#1272=VECTOR('',#4592,10.);
#1273=VECTOR('',#4593,10.);
#1274=VECTOR('',#4608,10.);
#1275=VECTOR('',#4615,10.);
#1276=VECTOR('',#4620,10.);
#1277=VECTOR('',#4621,10.);
#1278=VECTOR('',#4622,10.);
#1279=VECTOR('',#4623,10.);
#1280=VECTOR('',#4624,10.);
#1281=VECTOR('',#4627,10.);
#1282=VECTOR('',#4628,10.);
#1283=VECTOR('',#4631,10.);
#1284=VECTOR('',#4632,10.);
#1285=VECTOR('',#4635,10.);
#1286=VECTOR('',#4640,10.);
#1287=VECTOR('',#4641,10.);
#1288=VECTOR('',#4642,10.);
#1289=VECTOR('',#4645,10.);
#1290=VECTOR('',#4646,10.);
#1291=VECTOR('',#4647,10.);
#1292=VECTOR('',#4650,10.);
#1293=VECTOR('',#4653,10.);
#1294=VECTOR('',#4654,10.);
#1295=VECTOR('',#4657,10.);
#1296=VECTOR('',#4658,10.);
#1297=VECTOR('',#4661,10.);
#1298=VECTOR('',#4662,10.);
#1299=VECTOR('',#4663,10.);
#1300=VECTOR('',#4664,10.);
#1301=VECTOR('',#4665,10.);
#1302=VECTOR('',#4672,10.);
#1303=VECTOR('',#4675,10.);
#1304=VECTOR('',#4676,10.);
#1305=VECTOR('',#4679,10.);
#1306=VECTOR('',#4682,10.);
#1307=VECTOR('',#4687,10.);
#1308=VECTOR('',#4688,10.);
#1309=VECTOR('',#4689,10.);
#1310=VECTOR('',#4690,10.);
#1311=VECTOR('',#4693,10.);
#1312=VECTOR('',#4694,10.);
#1313=VECTOR('',#4697,10.);
#1314=VECTOR('',#4698,10.);
#1315=VECTOR('',#4699,10.);
#1316=VECTOR('',#4700,10.);
#1317=VECTOR('',#4703,10.);
#1318=VECTOR('',#4704,10.);
#1319=VECTOR('',#4707,10.);
#1320=VECTOR('',#4710,10.);
#1321=VECTOR('',#4713,10.);
#1322=VECTOR('',#4714,10.);
#1323=VECTOR('',#4715,10.);
#1324=VECTOR('',#4718,10.);
#1325=VECTOR('',#4723,10.);
#1326=VECTOR('',#4726,10.);
#1327=VECTOR('',#4729,10.);
#1328=VECTOR('',#4730,10.);
#1329=VECTOR('',#4733,10.);
#1330=VECTOR('',#4734,10.);
#1331=VECTOR('',#4735,10.);
#1332=VECTOR('',#4742,10.);
#1333=VECTOR('',#4745,10.);
#1334=VECTOR('',#4746,10.);
#1335=VECTOR('',#4747,10.);
#1336=VECTOR('',#4754,10.);
#1337=VECTOR('',#4757,10.);
#1338=VECTOR('',#4758,10.);
#1339=VECTOR('',#4759,10.);
#1340=VECTOR('',#4772,10.);
#1341=VECTOR('',#4775,10.);
#1342=VECTOR('',#4776,10.);
#1343=VECTOR('',#4779,10.);
#1344=VECTOR('',#4784,10.);
#1345=VECTOR('',#4785,10.);
#1346=VECTOR('',#4786,10.);
#1347=VECTOR('',#4795,3.25);
#1348=VECTOR('',#4808,3.25);
#1349=VECTOR('',#4815,3.25);
#1350=VECTOR('',#4818,10.);
#1351=VECTOR('',#4819,10.);
#1352=VECTOR('',#4820,10.);
#1353=VECTOR('',#4831,3.25);
#1354=VECTOR('',#4840,3.25);
#1355=VECTOR('',#4843,10.);
#1356=VECTOR('',#4844,10.);
#1357=VECTOR('',#4845,10.);
#1358=VECTOR('',#4856,3.25);
#1359=VECTOR('',#4865,3.25);
#1360=VECTOR('',#4868,10.);
#1361=VECTOR('',#4875,3.25);
#1362=VECTOR('',#4882,10.);
#1363=VECTOR('',#4885,3.25);
#1364=VECTOR('',#4886,10.);
#1365=VECTOR('',#4897,0.85);
#1366=VECTOR('',#4902,0.85);
#1367=VECTOR('',#4905,10.);
#1368=VECTOR('',#4906,10.);
#1369=VECTOR('',#4907,10.);
#1370=VECTOR('',#4912,10.);
#1371=VECTOR('',#4915,10.);
#1372=VECTOR('',#4916,10.);
#1373=VECTOR('',#4929,10.);
#1374=VECTOR('',#4930,10.);
#1375=VECTOR('',#4933,10.);
#1376=VECTOR('',#4936,10.);
#1377=VECTOR('',#4939,10.);
#1378=VECTOR('',#4942,10.);
#1379=VECTOR('',#4945,10.);
#1380=VECTOR('',#4948,10.);
#1381=VECTOR('',#4951,10.);
#1382=VECTOR('',#4954,10.);
#1383=VECTOR('',#4957,10.);
#1384=VECTOR('',#4980,10.);
#1385=VECTOR('',#4981,10.);
#1386=VECTOR('',#5016,10.);
#1387=VECTOR('',#5017,10.);
#1388=VECTOR('',#5022,10.);
#1389=VECTOR('',#5031,10.);
#1390=VECTOR('',#5036,10.);
#1391=VECTOR('',#5045,10.);
#1392=VECTOR('',#5048,10.);
#1393=VECTOR('',#5049,10.);
#1394=VECTOR('',#5052,10.);
#1395=VECTOR('',#5065,10.);
#1396=VECTOR('',#5070,10.);
#1397=VECTOR('',#5081,10.);
#1398=VECTOR('',#5090,10.);
#1399=VECTOR('',#5093,10.);
#1400=VECTOR('',#5094,10.);
#1401=VECTOR('',#5097,10.);
#1402=VECTOR('',#5102,10.);
#1403=VECTOR('',#5103,10.);
#1404=VECTOR('',#5106,10.);
#1405=VECTOR('',#5111,10.);
#1406=VECTOR('',#5112,10.);
#1407=VECTOR('',#5141,10.);
#1408=VECTOR('',#5146,10.);
#1409=VECTOR('',#5157,10.);
#1410=VECTOR('',#5166,10.);
#1411=VECTOR('',#5173,10.);
#1412=VECTOR('',#5174,10.);
#1413=VECTOR('',#5177,10.);
#1414=VECTOR('',#5182,10.);
#1415=VECTOR('',#5183,10.);
#1416=VECTOR('',#5186,10.);
#1417=VECTOR('',#5191,10.);
#1418=VECTOR('',#5192,10.);
#1419=VECTOR('',#5195,10.);
#1420=VECTOR('',#5222,10.);
#1421=VECTOR('',#5233,10.);
#1422=VECTOR('',#5242,10.);
#1423=VECTOR('',#5245,10.);
#1424=VECTOR('',#5246,10.);
#1425=VECTOR('',#5249,10.);
#1426=VECTOR('',#5254,10.);
#1427=VECTOR('',#5255,10.);
#1428=VECTOR('',#5258,10.);
#1429=VECTOR('',#5263,10.);
#1430=VECTOR('',#5284,1.6);
#1431=VECTOR('',#5287,1.6);
#1432=VECTOR('',#5290,1.6);
#1433=VECTOR('',#5293,1.6);
#1434=VECTOR('',#5296,1.6);
#1435=VECTOR('',#5299,1.6);
#1436=VECTOR('',#5302,1.6);
#1437=VECTOR('',#5305,1.6);
#1438=VECTOR('',#5308,1.6);
#1439=VECTOR('',#5311,1.6);
#1440=VECTOR('',#5314,5.);
#1441=VECTOR('',#5317,1.6);
#1442=VECTOR('',#5320,1.6);
#1443=VECTOR('',#5323,5.);
#1444=VECTOR('',#5326,10.);
#1445=VECTOR('',#5327,10.);
#1446=VECTOR('',#5330,10.);
#1447=VECTOR('',#5335,1.6);
#1448=VECTOR('',#5338,1.6);
#1449=VECTOR('',#5341,5.);
#1450=VECTOR('',#5344,1.6);
#1451=VECTOR('',#5347,1.6);
#1452=VECTOR('',#5350,1.6);
#1453=VECTOR('',#5353,1.6);
#1454=VECTOR('',#5356,1.6);
#1455=VECTOR('',#5359,1.6);
#1456=VERTEX_POINT('',#5362);
#1457=VERTEX_POINT('',#5363);
#1458=VERTEX_POINT('',#5365);
#1459=VERTEX_POINT('',#5367);
#1460=VERTEX_POINT('',#5369);
#1461=VERTEX_POINT('',#5371);
#1462=VERTEX_POINT('',#5374);
#1463=VERTEX_POINT('',#5378);
#1464=VERTEX_POINT('',#5379);
#1465=VERTEX_POINT('',#5381);
#1466=VERTEX_POINT('',#5385);
#1467=VERTEX_POINT('',#5387);
#1468=VERTEX_POINT('',#5389);
#1469=VERTEX_POINT('',#5391);
#1470=VERTEX_POINT('',#5393);
#1471=VERTEX_POINT('',#5395);
#1472=VERTEX_POINT('',#5397);
#1473=VERTEX_POINT('',#5399);
#1474=VERTEX_POINT('',#5401);
#1475=VERTEX_POINT('',#5403);
#1476=VERTEX_POINT('',#5407);
#1477=VERTEX_POINT('',#5408);
#1478=VERTEX_POINT('',#5410);
#1479=VERTEX_POINT('',#5412);
#1480=VERTEX_POINT('',#5414);
#1481=VERTEX_POINT('',#5416);
#1482=VERTEX_POINT('',#5418);
#1483=VERTEX_POINT('',#5420);
#1484=VERTEX_POINT('',#5423);
#1485=VERTEX_POINT('',#5425);
#1486=VERTEX_POINT('',#5429);
#1487=VERTEX_POINT('',#5430);
#1488=VERTEX_POINT('',#5432);
#1489=VERTEX_POINT('',#5434);
#1490=VERTEX_POINT('',#5438);
#1491=VERTEX_POINT('',#5439);
#1492=VERTEX_POINT('',#5441);
#1493=VERTEX_POINT('',#5443);
#1494=VERTEX_POINT('',#5450);
#1495=VERTEX_POINT('',#5451);
#1496=VERTEX_POINT('',#5453);
#1497=VERTEX_POINT('',#5460);
#1498=VERTEX_POINT('',#5461);
#1499=VERTEX_POINT('',#5463);
#1500=VERTEX_POINT('',#5465);
#1501=VERTEX_POINT('',#5472);
#1502=VERTEX_POINT('',#5473);
#1503=VERTEX_POINT('',#5475);
#1504=VERTEX_POINT('',#5477);
#1505=VERTEX_POINT('',#5487);
#1506=VERTEX_POINT('',#5488);
#1507=VERTEX_POINT('',#5490);
#1508=VERTEX_POINT('',#5500);
#1509=VERTEX_POINT('',#5501);
#1510=VERTEX_POINT('',#5503);
#1511=VERTEX_POINT('',#5510);
#1512=VERTEX_POINT('',#5511);
#1513=VERTEX_POINT('',#5513);
#1514=VERTEX_POINT('',#5531);
#1515=VERTEX_POINT('',#5532);
#1516=VERTEX_POINT('',#5534);
#1517=VERTEX_POINT('',#5536);
#1518=VERTEX_POINT('',#5538);
#1519=VERTEX_POINT('',#5540);
#1520=VERTEX_POINT('',#5542);
#1521=VERTEX_POINT('',#5544);
#1522=VERTEX_POINT('',#5546);
#1523=VERTEX_POINT('',#5548);
#1524=VERTEX_POINT('',#5550);
#1525=VERTEX_POINT('',#5552);
#1526=VERTEX_POINT('',#5554);
#1527=VERTEX_POINT('',#5556);
#1528=VERTEX_POINT('',#5558);
#1529=VERTEX_POINT('',#5560);
#1530=VERTEX_POINT('',#5562);
#1531=VERTEX_POINT('',#5564);
#1532=VERTEX_POINT('',#5566);
#1533=VERTEX_POINT('',#5568);
#1534=VERTEX_POINT('',#5570);
#1535=VERTEX_POINT('',#5572);
#1536=VERTEX_POINT('',#5575);
#1537=VERTEX_POINT('',#5576);
#1538=VERTEX_POINT('',#5578);
#1539=VERTEX_POINT('',#5580);
#1540=VERTEX_POINT('',#5582);
#1541=VERTEX_POINT('',#5584);
#1542=VERTEX_POINT('',#5586);
#1543=VERTEX_POINT('',#5588);
#1544=VERTEX_POINT('',#5591);
#1545=VERTEX_POINT('',#5593);
#1546=VERTEX_POINT('',#5595);
#1547=VERTEX_POINT('',#5597);
#1548=VERTEX_POINT('',#5599);
#1549=VERTEX_POINT('',#5601);
#1550=VERTEX_POINT('',#5602);
#1551=VERTEX_POINT('',#5604);
#1552=VERTEX_POINT('',#5606);
#1553=VERTEX_POINT('',#5609);
#1554=VERTEX_POINT('',#5611);
#1555=VERTEX_POINT('',#5613);
#1556=VERTEX_POINT('',#5615);
#1557=VERTEX_POINT('',#5617);
#1558=VERTEX_POINT('',#5619);
#1559=VERTEX_POINT('',#5621);
#1560=VERTEX_POINT('',#5623);
#1561=VERTEX_POINT('',#5625);
#1562=VERTEX_POINT('',#5627);
#1563=VERTEX_POINT('',#5628);
#1564=VERTEX_POINT('',#5630);
#1565=VERTEX_POINT('',#5633);
#1566=VERTEX_POINT('',#5635);
#1567=VERTEX_POINT('',#5637);
#1568=VERTEX_POINT('',#5639);
#1569=VERTEX_POINT('',#5641);
#1570=VERTEX_POINT('',#5643);
#1571=VERTEX_POINT('',#5645);
#1572=VERTEX_POINT('',#5647);
#1573=VERTEX_POINT('',#5649);
#1574=VERTEX_POINT('',#5651);
#1575=VERTEX_POINT('',#5653);
#1576=VERTEX_POINT('',#5655);
#1577=VERTEX_POINT('',#5657);
#1578=VERTEX_POINT('',#5659);
#1579=VERTEX_POINT('',#5665);
#1580=VERTEX_POINT('',#5666);
#1581=VERTEX_POINT('',#5668);
#1582=VERTEX_POINT('',#5672);
#1583=VERTEX_POINT('',#5673);
#1584=VERTEX_POINT('',#5678);
#1585=VERTEX_POINT('',#5679);
#1586=VERTEX_POINT('',#5681);
#1587=VERTEX_POINT('',#5685);
#1588=VERTEX_POINT('',#5686);
#1589=VERTEX_POINT('',#5688);
#1590=VERTEX_POINT('',#5692);
#1591=VERTEX_POINT('',#5694);
#1592=VERTEX_POINT('',#5703);
#1593=VERTEX_POINT('',#5704);
#1594=VERTEX_POINT('',#5711);
#1595=VERTEX_POINT('',#5712);
#1596=VERTEX_POINT('',#5714);
#1597=VERTEX_POINT('',#5718);
#1598=VERTEX_POINT('',#5719);
#1599=VERTEX_POINT('',#5754);
#1600=VERTEX_POINT('',#5756);
#1601=VERTEX_POINT('',#5760);
#1602=VERTEX_POINT('',#5762);
#1603=VERTEX_POINT('',#5766);
#1604=VERTEX_POINT('',#5768);
#1605=VERTEX_POINT('',#5770);
#1606=VERTEX_POINT('',#5772);
#1607=VERTEX_POINT('',#5776);
#1608=VERTEX_POINT('',#5780);
#1609=VERTEX_POINT('',#5784);
#1610=VERTEX_POINT('',#5788);
#1611=VERTEX_POINT('',#5790);
#1612=VERTEX_POINT('',#5794);
#1613=VERTEX_POINT('',#5796);
#1614=VERTEX_POINT('',#5798);
#1615=VERTEX_POINT('',#5800);
#1616=VERTEX_POINT('',#5804);
#1617=VERTEX_POINT('',#5808);
#1618=VERTEX_POINT('',#5812);
#1619=VERTEX_POINT('',#5814);
#1620=VERTEX_POINT('',#5816);
#1621=VERTEX_POINT('',#5818);
#1622=VERTEX_POINT('',#5826);
#1623=VERTEX_POINT('',#5830);
#1624=VERTEX_POINT('',#5832);
#1625=VERTEX_POINT('',#5834);
#1626=VERTEX_POINT('',#5838);
#1627=VERTEX_POINT('',#5840);
#1628=VERTEX_POINT('',#5842);
#1629=VERTEX_POINT('',#5846);
#1630=VERTEX_POINT('',#5850);
#1631=VERTEX_POINT('',#5852);
#1632=VERTEX_POINT('',#5854);
#1633=VERTEX_POINT('',#5858);
#1634=VERTEX_POINT('',#5866);
#1635=VERTEX_POINT('',#5868);
#1636=VERTEX_POINT('',#5874);
#1637=VERTEX_POINT('',#5876);
#1638=VERTEX_POINT('',#5878);
#1639=VERTEX_POINT('',#5882);
#1640=VERTEX_POINT('',#5886);
#1641=VERTEX_POINT('',#5888);
#1642=VERTEX_POINT('',#5892);
#1643=VERTEX_POINT('',#5894);
#1644=VERTEX_POINT('',#5898);
#1645=VERTEX_POINT('',#5900);
#1646=VERTEX_POINT('',#5904);
#1647=VERTEX_POINT('',#5906);
#1648=VERTEX_POINT('',#5910);
#1649=VERTEX_POINT('',#5912);
#1650=VERTEX_POINT('',#5919);
#1651=VERTEX_POINT('',#5921);
#1652=VERTEX_POINT('',#5931);
#1653=VERTEX_POINT('',#5932);
#1654=VERTEX_POINT('',#5934);
#1655=VERTEX_POINT('',#5939);
#1656=VERTEX_POINT('',#5941);
#1657=VERTEX_POINT('',#5944);
#1658=VERTEX_POINT('',#5950);
#1659=VERTEX_POINT('',#5951);
#1660=VERTEX_POINT('',#5953);
#1661=VERTEX_POINT('',#5955);
#1662=VERTEX_POINT('',#5992);
#1663=VERTEX_POINT('',#5998);
#1664=VERTEX_POINT('',#5999);
#1665=VERTEX_POINT('',#6001);
#1666=VERTEX_POINT('',#6003);
#1667=VERTEX_POINT('',#6005);
#1668=VERTEX_POINT('',#6009);
#1669=VERTEX_POINT('',#6010);
#1670=VERTEX_POINT('',#6018);
#1671=VERTEX_POINT('',#6019);
#1672=VERTEX_POINT('',#6058);
#1673=VERTEX_POINT('',#6059);
#1674=VERTEX_POINT('',#6061);
#1675=VERTEX_POINT('',#6063);
#1676=VERTEX_POINT('',#6065);
#1677=VERTEX_POINT('',#6069);
#1678=VERTEX_POINT('',#6070);
#1679=VERTEX_POINT('',#6078);
#1680=VERTEX_POINT('',#6079);
#1681=VERTEX_POINT('',#6118);
#1682=VERTEX_POINT('',#6119);
#1683=VERTEX_POINT('',#6123);
#1684=VERTEX_POINT('',#6124);
#1685=VERTEX_POINT('',#6126);
#1686=VERTEX_POINT('',#6128);
#1687=VERTEX_POINT('',#6165);
#1688=VERTEX_POINT('',#6169);
#1689=VERTEX_POINT('',#6178);
#1690=VERTEX_POINT('',#6182);
#1691=VERTEX_POINT('',#6186);
#1692=VERTEX_POINT('',#6187);
#1693=VERTEX_POINT('',#6192);
#1694=VERTEX_POINT('',#6196);
#1695=VERTEX_POINT('',#6202);
#1696=VERTEX_POINT('',#6203);
#1697=VERTEX_POINT('',#6218);
#1698=VERTEX_POINT('',#6220);
#1699=VERTEX_POINT('',#6237);
#1700=VERTEX_POINT('',#6239);
#1701=VERTEX_POINT('',#6241);
#1702=VERTEX_POINT('',#6243);
#1703=VERTEX_POINT('',#6245);
#1704=VERTEX_POINT('',#6247);
#1705=VERTEX_POINT('',#6249);
#1706=VERTEX_POINT('',#6251);
#1707=VERTEX_POINT('',#6253);
#1708=VERTEX_POINT('',#6255);
#1709=VERTEX_POINT('',#6257);
#1710=VERTEX_POINT('',#6259);
#1711=VERTEX_POINT('',#6261);
#1712=VERTEX_POINT('',#6263);
#1713=VERTEX_POINT('',#6265);
#1714=VERTEX_POINT('',#6267);
#1715=VERTEX_POINT('',#6269);
#1716=VERTEX_POINT('',#6271);
#1717=VERTEX_POINT('',#6273);
#1718=VERTEX_POINT('',#6275);
#1719=VERTEX_POINT('',#6278);
#1720=VERTEX_POINT('',#6280);
#1721=VERTEX_POINT('',#6282);
#1722=VERTEX_POINT('',#6284);
#1723=VERTEX_POINT('',#6286);
#1724=VERTEX_POINT('',#6288);
#1725=VERTEX_POINT('',#6290);
#1726=VERTEX_POINT('',#6292);
#1727=VERTEX_POINT('',#6294);
#1728=VERTEX_POINT('',#6296);
#1729=VERTEX_POINT('',#6297);
#1730=VERTEX_POINT('',#6299);
#1731=VERTEX_POINT('',#6302);
#1732=VERTEX_POINT('',#6304);
#1733=VERTEX_POINT('',#6306);
#1734=VERTEX_POINT('',#6308);
#1735=VERTEX_POINT('',#6310);
#1736=VERTEX_POINT('',#6312);
#1737=VERTEX_POINT('',#6314);
#1738=VERTEX_POINT('',#6316);
#1739=VERTEX_POINT('',#6318);
#1740=VERTEX_POINT('',#6320);
#1741=VERTEX_POINT('',#6322);
#1742=VERTEX_POINT('',#6324);
#1743=VERTEX_POINT('',#6326);
#1744=VERTEX_POINT('',#6328);
#1745=VERTEX_POINT('',#6331);
#1746=VERTEX_POINT('',#6346);
#1747=VERTEX_POINT('',#6366);
#1748=VERTEX_POINT('',#6370);
#1749=VERTEX_POINT('',#6374);
#1750=VERTEX_POINT('',#6391);
#1751=VERTEX_POINT('',#6395);
#1752=VERTEX_POINT('',#6399);
#1753=VERTEX_POINT('',#6422);
#1754=VERTEX_POINT('',#6439);
#1755=VERTEX_POINT('',#6458);
#1756=VERTEX_POINT('',#6460);
#1757=VERTEX_POINT('',#6477);
#1758=VERTEX_POINT('',#6481);
#1759=VERTEX_POINT('',#6485);
#1760=VERTEX_POINT('',#6491);
#1761=VERTEX_POINT('',#6495);
#1762=VERTEX_POINT('',#6499);
#1763=VERTEX_POINT('',#6503);
#1764=VERTEX_POINT('',#6507);
#1765=VERTEX_POINT('',#6534);
#1766=VERTEX_POINT('',#6551);
#1767=VERTEX_POINT('',#6570);
#1768=VERTEX_POINT('',#6574);
#1769=VERTEX_POINT('',#6578);
#1770=VERTEX_POINT('',#6582);
#1771=VERTEX_POINT('',#6586);
#1772=VERTEX_POINT('',#6603);
#1773=VERTEX_POINT('',#6620);
#1774=VERTEX_POINT('',#6624);
#1775=VERTEX_POINT('',#6628);
#1776=VERTEX_POINT('',#6632);
#1777=VERTEX_POINT('',#6636);
#1778=VERTEX_POINT('',#6640);
#1779=VERTEX_POINT('',#6682);
#1780=VERTEX_POINT('',#6686);
#1781=VERTEX_POINT('',#6690);
#1782=VERTEX_POINT('',#6694);
#1783=VERTEX_POINT('',#6700);
#1784=VERTEX_POINT('',#6704);
#1785=VERTEX_POINT('',#6708);
#1786=VERTEX_POINT('',#6712);
#1787=EDGE_CURVE('',#1456,#1457,#940,.T.);
#1788=EDGE_CURVE('',#1456,#1458,#709,.T.);
#1789=EDGE_CURVE('',#1458,#1459,#687,.T.);
#1790=EDGE_CURVE('',#1459,#1460,#688,.T.);
#1791=EDGE_CURVE('',#1460,#1461,#941,.T.);
#1792=EDGE_CURVE('',#1461,#1461,#710,.T.);
#1793=EDGE_CURVE('',#1460,#1462,#689,.T.);
#1794=EDGE_CURVE('',#1462,#1457,#690,.T.);
#1795=EDGE_CURVE('',#1463,#1464,#942,.T.);
#1796=EDGE_CURVE('',#1463,#1465,#711,.T.);
#1797=EDGE_CURVE('',#1464,#1465,#691,.T.);
#1798=EDGE_CURVE('',#1466,#1466,#712,.T.);
#1799=EDGE_CURVE('',#1466,#1467,#943,.T.);
#1800=EDGE_CURVE('',#1468,#1467,#713,.T.);
#1801=EDGE_CURVE('',#1469,#1468,#944,.T.);
#1802=EDGE_CURVE('',#1470,#1469,#714,.T.);
#1803=EDGE_CURVE('',#1471,#1470,#945,.T.);
#1804=EDGE_CURVE('',#1472,#1471,#715,.T.);
#1805=EDGE_CURVE('',#1473,#1472,#946,.T.);
#1806=EDGE_CURVE('',#1474,#1473,#716,.T.);
#1807=EDGE_CURVE('',#1475,#1474,#947,.T.);
#1808=EDGE_CURVE('',#1467,#1475,#717,.T.);
#1809=EDGE_CURVE('',#1476,#1477,#948,.T.);
#1810=EDGE_CURVE('',#1478,#1476,#718,.T.);
#1811=EDGE_CURVE('',#1479,#1478,#949,.T.);
#1812=EDGE_CURVE('',#1480,#1479,#719,.T.);
#1813=EDGE_CURVE('',#1481,#1480,#950,.T.);
#1814=EDGE_CURVE('',#1482,#1481,#720,.T.);
#1815=EDGE_CURVE('',#1482,#1483,#951,.T.);
#1816=EDGE_CURVE('',#1483,#1483,#721,.T.);
#1817=EDGE_CURVE('',#1484,#1482,#722,.T.);
#1818=EDGE_CURVE('',#1485,#1484,#952,.T.);
#1819=EDGE_CURVE('',#1477,#1485,#723,.T.);
#1820=EDGE_CURVE('',#1486,#1487,#724,.F.);
#1821=EDGE_CURVE('',#1488,#1486,#725,.T.);
#1822=EDGE_CURVE('',#1488,#1489,#726,.T.);
#1823=EDGE_CURVE('',#1487,#1489,#727,.T.);
#1824=EDGE_CURVE('',#1490,#1491,#728,.T.);
#1825=EDGE_CURVE('',#1492,#1491,#729,.T.);
#1826=EDGE_CURVE('',#1493,#1492,#730,.F.);
#1827=EDGE_CURVE('',#1490,#1493,#731,.T.);
#1828=EDGE_CURVE('',#1491,#1488,#953,.T.);
#1829=EDGE_CURVE('',#1486,#1492,#954,.T.);
#1830=EDGE_CURVE('',#1494,#1495,#732,.F.);
#1831=EDGE_CURVE('',#1496,#1494,#733,.F.);
#1832=EDGE_CURVE('',#1495,#1496,#734,.F.);
#1833=EDGE_CURVE('',#1494,#1486,#955,.T.);
#1834=EDGE_CURVE('',#1487,#1496,#956,.T.);
#1835=EDGE_CURVE('',#1497,#1498,#735,.F.);
#1836=EDGE_CURVE('',#1499,#1497,#736,.T.);
#1837=EDGE_CURVE('',#1499,#1500,#737,.T.);
#1838=EDGE_CURVE('',#1498,#1500,#738,.T.);
#1839=EDGE_CURVE('',#1489,#1499,#957,.T.);
#1840=EDGE_CURVE('',#1497,#1487,#958,.T.);
#1841=EDGE_CURVE('',#1501,#1502,#739,.F.);
#1842=EDGE_CURVE('',#1503,#1501,#740,.T.);
#1843=EDGE_CURVE('',#1503,#1504,#741,.T.);
#1844=EDGE_CURVE('',#1502,#1504,#742,.T.);
#1845=EDGE_CURVE('',#1500,#1503,#959,.T.);
#1846=EDGE_CURVE('',#1501,#1498,#960,.T.);
#1847=EDGE_CURVE('',#1504,#1490,#961,.T.);
#1848=EDGE_CURVE('',#1493,#1502,#962,.T.);
#1849=EDGE_CURVE('',#1505,#1506,#743,.F.);
#1850=EDGE_CURVE('',#1507,#1505,#744,.F.);
#1851=EDGE_CURVE('',#1506,#1507,#745,.F.);
#1852=EDGE_CURVE('',#1505,#1493,#963,.T.);
#1853=EDGE_CURVE('',#1492,#1507,#964,.T.);
#1854=EDGE_CURVE('',#1507,#1494,#965,.T.);
#1855=EDGE_CURVE('',#1495,#1506,#966,.T.);
#1856=EDGE_CURVE('',#1508,#1509,#746,.F.);
#1857=EDGE_CURVE('',#1510,#1508,#747,.F.);
#1858=EDGE_CURVE('',#1509,#1510,#748,.F.);
#1859=EDGE_CURVE('',#1508,#1497,#967,.T.);
#1860=EDGE_CURVE('',#1498,#1510,#968,.T.);
#1861=EDGE_CURVE('',#1511,#1512,#749,.F.);
#1862=EDGE_CURVE('',#1513,#1511,#750,.F.);
#1863=EDGE_CURVE('',#1512,#1513,#751,.F.);
#1864=EDGE_CURVE('',#1511,#1501,#969,.T.);
#1865=EDGE_CURVE('',#1502,#1513,#970,.T.);
#1866=EDGE_CURVE('',#1513,#1505,#971,.T.);
#1867=EDGE_CURVE('',#1506,#1512,#972,.T.);
#1868=EDGE_CURVE('',#1510,#1511,#973,.T.);
#1869=EDGE_CURVE('',#1512,#1509,#974,.T.);
#1870=EDGE_CURVE('',#1496,#1508,#975,.T.);
#1871=EDGE_CURVE('',#1509,#1495,#976,.T.);
#1872=EDGE_CURVE('',#1514,#1515,#977,.T.);
#1873=EDGE_CURVE('',#1516,#1514,#752,.T.);
#1874=EDGE_CURVE('',#1517,#1516,#978,.T.);
#1875=EDGE_CURVE('',#1518,#1517,#753,.T.);
#1876=EDGE_CURVE('',#1519,#1518,#979,.T.);
#1877=EDGE_CURVE('',#1520,#1519,#754,.T.);
#1878=EDGE_CURVE('',#1521,#1520,#980,.T.);
#1879=EDGE_CURVE('',#1522,#1521,#755,.T.);
#1880=EDGE_CURVE('',#1523,#1522,#981,.T.);
#1881=EDGE_CURVE('',#1524,#1523,#756,.T.);
#1882=EDGE_CURVE('',#1525,#1524,#982,.T.);
#1883=EDGE_CURVE('',#1526,#1525,#757,.T.);
#1884=EDGE_CURVE('',#1527,#1526,#983,.T.);
#1885=EDGE_CURVE('',#1528,#1527,#758,.T.);
#1886=EDGE_CURVE('',#1529,#1528,#984,.T.);
#1887=EDGE_CURVE('',#1530,#1529,#759,.T.);
#1888=EDGE_CURVE('',#1531,#1530,#985,.T.);
#1889=EDGE_CURVE('',#1532,#1531,#760,.T.);
#1890=EDGE_CURVE('',#1533,#1532,#986,.T.);
#1891=EDGE_CURVE('',#1534,#1533,#761,.T.);
#1892=EDGE_CURVE('',#1535,#1534,#987,.T.);
#1893=EDGE_CURVE('',#1515,#1535,#762,.T.);
#1894=EDGE_CURVE('',#1536,#1537,#763,.T.);
#1895=EDGE_CURVE('',#1538,#1536,#988,.T.);
#1896=EDGE_CURVE('',#1539,#1538,#764,.T.);
#1897=EDGE_CURVE('',#1540,#1539,#989,.T.);
#1898=EDGE_CURVE('',#1541,#1540,#765,.T.);
#1899=EDGE_CURVE('',#1542,#1541,#990,.T.);
#1900=EDGE_CURVE('',#1543,#1542,#766,.T.);
#1901=EDGE_CURVE('',#1537,#1543,#991,.T.);
#1902=EDGE_CURVE('',#1544,#1544,#767,.T.);
#1903=EDGE_CURVE('',#1545,#1545,#768,.T.);
#1904=EDGE_CURVE('',#1546,#1546,#769,.T.);
#1905=EDGE_CURVE('',#1547,#1547,#770,.T.);
#1906=EDGE_CURVE('',#1548,#1548,#771,.T.);
#1907=EDGE_CURVE('',#1549,#1550,#992,.T.);
#1908=EDGE_CURVE('',#1550,#1551,#772,.T.);
#1909=EDGE_CURVE('',#1551,#1552,#993,.T.);
#1910=EDGE_CURVE('',#1552,#1549,#773,.T.);
#1911=EDGE_CURVE('',#1553,#1553,#774,.T.);
#1912=EDGE_CURVE('',#1554,#1554,#775,.T.);
#1913=EDGE_CURVE('',#1555,#1555,#776,.T.);
#1914=EDGE_CURVE('',#1556,#1556,#777,.T.);
#1915=EDGE_CURVE('',#1557,#1557,#778,.T.);
#1916=EDGE_CURVE('',#1558,#1558,#779,.T.);
#1917=EDGE_CURVE('',#1559,#1559,#780,.T.);
#1918=EDGE_CURVE('',#1560,#1560,#781,.T.);
#1919=EDGE_CURVE('',#1561,#1561,#782,.T.);
#1920=EDGE_CURVE('',#1562,#1563,#783,.T.);
#1921=EDGE_CURVE('',#1563,#1564,#994,.T.);
#1922=EDGE_CURVE('',#1564,#1562,#995,.T.);
#1923=EDGE_CURVE('',#1565,#1565,#784,.T.);
#1924=EDGE_CURVE('',#1566,#1566,#785,.T.);
#1925=EDGE_CURVE('',#1567,#1567,#786,.T.);
#1926=EDGE_CURVE('',#1568,#1568,#787,.T.);
#1927=EDGE_CURVE('',#1569,#1569,#788,.T.);
#1928=EDGE_CURVE('',#1570,#1570,#789,.T.);
#1929=EDGE_CURVE('',#1571,#1571,#790,.T.);
#1930=EDGE_CURVE('',#1572,#1572,#791,.T.);
#1931=EDGE_CURVE('',#1573,#1573,#792,.T.);
#1932=EDGE_CURVE('',#1574,#1574,#793,.T.);
#1933=EDGE_CURVE('',#1575,#1575,#794,.T.);
#1934=EDGE_CURVE('',#1576,#1576,#795,.T.);
#1935=EDGE_CURVE('',#1577,#1577,#796,.T.);
#1936=EDGE_CURVE('',#1578,#1578,#797,.T.);
#1937=EDGE_CURVE('',#1579,#1580,#798,.F.);
#1938=EDGE_CURVE('',#1581,#1579,#799,.F.);
#1939=EDGE_CURVE('',#1580,#1581,#800,.F.);
#1940=EDGE_CURVE('',#1582,#1583,#801,.F.);
#1941=EDGE_CURVE('',#1541,#1582,#802,.T.);
#1942=EDGE_CURVE('',#1583,#1540,#803,.T.);
#1943=EDGE_CURVE('',#1584,#1585,#804,.F.);
#1944=EDGE_CURVE('',#1586,#1584,#805,.F.);
#1945=EDGE_CURVE('',#1585,#1586,#806,.F.);
#1946=EDGE_CURVE('',#1587,#1588,#807,.F.);
#1947=EDGE_CURVE('',#1589,#1587,#808,.F.);
#1948=EDGE_CURVE('',#1588,#1589,#809,.F.);
#1949=EDGE_CURVE('',#1590,#1542,#810,.T.);
#1950=EDGE_CURVE('',#1591,#1590,#811,.F.);
#1951=EDGE_CURVE('',#1543,#1591,#812,.T.);
#1952=EDGE_CURVE('',#1582,#1590,#996,.T.);
#1953=EDGE_CURVE('',#1584,#1591,#997,.T.);
#1954=EDGE_CURVE('',#1590,#1586,#998,.T.);
#1955=EDGE_CURVE('',#1592,#1593,#813,.F.);
#1956=EDGE_CURVE('',#1539,#1592,#814,.T.);
#1957=EDGE_CURVE('',#1593,#1538,#815,.T.);
#1958=EDGE_CURVE('',#1592,#1583,#999,.T.);
#1959=EDGE_CURVE('',#1594,#1595,#816,.F.);
#1960=EDGE_CURVE('',#1596,#1594,#817,.F.);
#1961=EDGE_CURVE('',#1595,#1596,#818,.F.);
#1962=EDGE_CURVE('',#1597,#1598,#819,.F.);
#1963=EDGE_CURVE('',#1536,#1597,#820,.T.);
#1964=EDGE_CURVE('',#1598,#1537,#821,.T.);
#1965=EDGE_CURVE('',#1597,#1593,#1000,.T.);
#1966=EDGE_CURVE('',#1591,#1598,#1001,.T.);
#1967=EDGE_CURVE('',#1594,#1597,#1002,.T.);
#1968=EDGE_CURVE('',#1598,#1596,#1003,.T.);
#1969=EDGE_CURVE('',#1596,#1584,#1004,.T.);
#1970=EDGE_CURVE('',#1585,#1595,#1005,.T.);
#1971=EDGE_CURVE('',#1589,#1594,#1006,.T.);
#1972=EDGE_CURVE('',#1595,#1588,#1007,.T.);
#1973=EDGE_CURVE('',#1587,#1592,#1008,.T.);
#1974=EDGE_CURVE('',#1593,#1589,#1009,.T.);
#1975=EDGE_CURVE('',#1581,#1587,#1010,.T.);
#1976=EDGE_CURVE('',#1588,#1580,#1011,.T.);
#1977=EDGE_CURVE('',#1586,#1579,#1012,.T.);
#1978=EDGE_CURVE('',#1580,#1585,#1013,.T.);
#1979=EDGE_CURVE('',#1579,#1582,#1014,.T.);
#1980=EDGE_CURVE('',#1583,#1581,#1015,.T.);
#1981=EDGE_CURVE('',#1599,#1477,#822,.T.);
#1982=EDGE_CURVE('',#1600,#1599,#1016,.T.);
#1983=EDGE_CURVE('',#1476,#1600,#823,.T.);
#1984=EDGE_CURVE('',#1601,#1472,#824,.T.);
#1985=EDGE_CURVE('',#1602,#1601,#1017,.T.);
#1986=EDGE_CURVE('',#1473,#1602,#825,.T.);
#1987=EDGE_CURVE('',#1471,#1603,#1018,.T.);
#1988=EDGE_CURVE('',#1603,#1604,#1019,.T.);
#1989=EDGE_CURVE('',#1605,#1604,#1020,.T.);
#1990=EDGE_CURVE('',#1606,#1605,#1021,.T.);
#1991=EDGE_CURVE('',#1606,#1601,#1022,.T.);
#1992=EDGE_CURVE('',#1607,#1470,#1023,.T.);
#1993=EDGE_CURVE('',#1603,#1607,#1024,.T.);
#1994=EDGE_CURVE('',#1469,#1608,#1025,.T.);
#1995=EDGE_CURVE('',#1607,#1608,#1026,.T.);
#1996=EDGE_CURVE('',#1468,#1609,#1027,.T.);
#1997=EDGE_CURVE('',#1608,#1609,#826,.T.);
#1998=EDGE_CURVE('',#1610,#1478,#1028,.T.);
#1999=EDGE_CURVE('',#1611,#1610,#1029,.T.);
#2000=EDGE_CURVE('',#1479,#1611,#1030,.T.);
#2001=EDGE_CURVE('',#1612,#1599,#1031,.T.);
#2002=EDGE_CURVE('',#1612,#1613,#1032,.T.);
#2003=EDGE_CURVE('',#1614,#1613,#1033,.T.);
#2004=EDGE_CURVE('',#1615,#1614,#827,.T.);
#2005=EDGE_CURVE('',#1600,#1615,#1034,.T.);
#2006=EDGE_CURVE('',#1611,#1616,#1035,.T.);
#2007=EDGE_CURVE('',#1616,#1480,#1036,.T.);
#2008=EDGE_CURVE('',#1485,#1617,#1037,.T.);
#2009=EDGE_CURVE('',#1617,#1612,#1038,.T.);
#2010=EDGE_CURVE('',#1481,#1618,#1039,.T.);
#2011=EDGE_CURVE('',#1619,#1618,#1040,.T.);
#2012=EDGE_CURVE('',#1620,#1619,#1041,.T.);
#2013=EDGE_CURVE('',#1620,#1621,#1042,.T.);
#2014=EDGE_CURVE('',#1621,#1484,#1043,.T.);
#2015=EDGE_CURVE('',#1618,#1616,#828,.T.);
#2016=EDGE_CURVE('',#1621,#1617,#1044,.T.);
#2017=EDGE_CURVE('',#1608,#1622,#1045,.T.);
#2018=EDGE_CURVE('',#1604,#1622,#1046,.T.);
#2019=EDGE_CURVE('',#1616,#1623,#1047,.T.);
#2020=EDGE_CURVE('',#1624,#1623,#829,.T.);
#2021=EDGE_CURVE('',#1625,#1624,#1048,.T.);
#2022=EDGE_CURVE('',#1619,#1625,#830,.T.);
#2023=EDGE_CURVE('',#1626,#1606,#1049,.T.);
#2024=EDGE_CURVE('',#1626,#1627,#1050,.T.);
#2025=EDGE_CURVE('',#1627,#1628,#1051,.T.);
#2026=EDGE_CURVE('',#1606,#1628,#1052,.T.);
#2027=EDGE_CURVE('',#1628,#1629,#1053,.T.);
#2028=EDGE_CURVE('',#1602,#1629,#1054,.T.);
#2029=EDGE_CURVE('',#1630,#1475,#1055,.T.);
#2030=EDGE_CURVE('',#1630,#1631,#1056,.T.);
#2031=EDGE_CURVE('',#1631,#1632,#1057,.T.);
#2032=EDGE_CURVE('',#1609,#1632,#1058,.T.);
#2033=EDGE_CURVE('',#1633,#1474,#1059,.T.);
#2034=EDGE_CURVE('',#1633,#1630,#1060,.T.);
#2035=EDGE_CURVE('',#1629,#1633,#1061,.T.);
#2036=EDGE_CURVE('',#1631,#1627,#1062,.T.);
#2037=EDGE_CURVE('',#1614,#1634,#1063,.T.);
#2038=EDGE_CURVE('',#1613,#1635,#1064,.T.);
#2039=EDGE_CURVE('',#1634,#1635,#1065,.T.);
#2040=EDGE_CURVE('',#1635,#1620,#1066,.T.);
#2041=EDGE_CURVE('',#1636,#1634,#831,.T.);
#2042=EDGE_CURVE('',#1636,#1637,#1067,.T.);
#2043=EDGE_CURVE('',#1638,#1637,#832,.T.);
#2044=EDGE_CURVE('',#1615,#1638,#1068,.T.);
#2045=EDGE_CURVE('',#1610,#1639,#1069,.T.);
#2046=EDGE_CURVE('',#1623,#1639,#1070,.T.);
#2047=EDGE_CURVE('',#1625,#1640,#1071,.T.);
#2048=EDGE_CURVE('',#1641,#1624,#1072,.T.);
#2049=EDGE_CURVE('',#1640,#1641,#1073,.T.);
#2050=EDGE_CURVE('',#1640,#1642,#833,.T.);
#2051=EDGE_CURVE('',#1643,#1641,#834,.T.);
#2052=EDGE_CURVE('',#1642,#1643,#1074,.T.);
#2053=EDGE_CURVE('',#1642,#1644,#1075,.T.);
#2054=EDGE_CURVE('',#1645,#1643,#1076,.T.);
#2055=EDGE_CURVE('',#1644,#1645,#1077,.T.);
#2056=EDGE_CURVE('',#1644,#1646,#835,.T.);
#2057=EDGE_CURVE('',#1647,#1645,#836,.T.);
#2058=EDGE_CURVE('',#1646,#1647,#1078,.T.);
#2059=EDGE_CURVE('',#1646,#1648,#1079,.T.);
#2060=EDGE_CURVE('',#1649,#1647,#1080,.T.);
#2061=EDGE_CURVE('',#1648,#1649,#1081,.T.);
#2062=EDGE_CURVE('',#1648,#1632,#837,.T.);
#2063=EDGE_CURVE('',#1622,#1649,#838,.T.);
#2064=EDGE_CURVE('',#1626,#1650,#839,.T.);
#2065=EDGE_CURVE('',#1651,#1605,#840,.T.);
#2066=EDGE_CURVE('',#1650,#1651,#1082,.T.);
#2067=EDGE_CURVE('',#1650,#1636,#1083,.T.);
#2068=EDGE_CURVE('',#1637,#1651,#1084,.T.);
#2069=EDGE_CURVE('',#1639,#1638,#1085,.T.);
#2070=EDGE_CURVE('',#1652,#1653,#1086,.T.);
#2071=EDGE_CURVE('',#1654,#1652,#1087,.T.);
#2072=EDGE_CURVE('',#1465,#1654,#1088,.T.);
#2073=EDGE_CURVE('',#1653,#1463,#841,.T.);
#2074=EDGE_CURVE('',#1655,#1464,#692,.T.);
#2075=EDGE_CURVE('',#1656,#1655,#693,.T.);
#2076=EDGE_CURVE('',#1656,#1544,#1089,.T.);
#2077=EDGE_CURVE('',#1657,#1656,#694,.T.);
#2078=EDGE_CURVE('',#1653,#1657,#695,.T.);
#2079=EDGE_CURVE('',#1652,#1654,#842,.T.);
#2080=EDGE_CURVE('',#1658,#1659,#696,.T.);
#2081=EDGE_CURVE('',#1659,#1660,#1090,.T.);
#2082=EDGE_CURVE('',#1661,#1660,#15,.T.);
#2083=EDGE_CURVE('',#1660,#1661,#16,.T.);
#2084=EDGE_CURVE('',#1659,#1662,#697,.T.);
#2085=EDGE_CURVE('',#1662,#1658,#698,.T.);
#2086=EDGE_CURVE('',#1657,#1659,#1091,.T.);
#2087=EDGE_CURVE('',#1663,#1664,#1092,.T.);
#2088=EDGE_CURVE('',#1665,#1663,#1093,.T.);
#2089=EDGE_CURVE('',#1666,#1665,#1094,.T.);
#2090=EDGE_CURVE('',#1667,#1666,#843,.T.);
#2091=EDGE_CURVE('',#1664,#1667,#844,.T.);
#2092=EDGE_CURVE('',#1668,#1669,#699,.T.);
#2093=EDGE_CURVE('',#1664,#1668,#700,.T.);
#2094=EDGE_CURVE('',#1667,#1545,#1095,.T.);
#2095=EDGE_CURVE('',#1669,#1666,#701,.T.);
#2096=EDGE_CURVE('',#1665,#1663,#845,.T.);
#2097=EDGE_CURVE('',#1670,#1671,#17,.T.);
#2098=EDGE_CURVE('',#1671,#1670,#18,.T.);
#2099=EDGE_CURVE('',#1671,#1669,#1096,.T.);
#2100=EDGE_CURVE('',#1672,#1673,#1097,.T.);
#2101=EDGE_CURVE('',#1674,#1672,#1098,.T.);
#2102=EDGE_CURVE('',#1675,#1674,#1099,.T.);
#2103=EDGE_CURVE('',#1676,#1675,#846,.T.);
#2104=EDGE_CURVE('',#1673,#1676,#847,.T.);
#2105=EDGE_CURVE('',#1677,#1678,#702,.T.);
#2106=EDGE_CURVE('',#1673,#1677,#703,.T.);
#2107=EDGE_CURVE('',#1676,#1546,#1100,.T.);
#2108=EDGE_CURVE('',#1678,#1675,#704,.T.);
#2109=EDGE_CURVE('',#1674,#1672,#848,.T.);
#2110=EDGE_CURVE('',#1679,#1680,#19,.T.);
#2111=EDGE_CURVE('',#1680,#1679,#20,.T.);
#2112=EDGE_CURVE('',#1680,#1678,#1101,.T.);
#2113=EDGE_CURVE('',#1681,#1682,#1102,.T.);
#2114=EDGE_CURVE('',#1681,#1682,#849,.T.);
#2115=EDGE_CURVE('',#1683,#1684,#705,.T.);
#2116=EDGE_CURVE('',#1684,#1685,#1103,.T.);
#2117=EDGE_CURVE('',#1686,#1685,#21,.T.);
#2118=EDGE_CURVE('',#1685,#1686,#22,.T.);
#2119=EDGE_CURVE('',#1684,#1687,#706,.T.);
#2120=EDGE_CURVE('',#1687,#1683,#707,.T.);
#2121=EDGE_CURVE('',#1688,#1681,#1104,.T.);
#2122=EDGE_CURVE('',#1457,#1688,#708,.T.);
#2123=EDGE_CURVE('',#1462,#1684,#1105,.T.);
#2124=EDGE_CURVE('',#1682,#1458,#1106,.T.);
#2125=EDGE_CURVE('',#1688,#1456,#850,.T.);
#2126=EDGE_CURVE('',#1689,#1689,#851,.T.);
#2127=EDGE_CURVE('',#1689,#1547,#1107,.T.);
#2128=EDGE_CURVE('',#1690,#1690,#852,.T.);
#2129=EDGE_CURVE('',#1690,#1548,#1108,.T.);
#2130=EDGE_CURVE('',#1691,#1692,#1109,.T.);
#2131=EDGE_CURVE('',#1691,#1550,#1110,.T.);
#2132=EDGE_CURVE('',#1692,#1549,#1111,.T.);
#2133=EDGE_CURVE('',#1693,#1691,#853,.T.);
#2134=EDGE_CURVE('',#1693,#1551,#1112,.T.);
#2135=EDGE_CURVE('',#1694,#1693,#1113,.T.);
#2136=EDGE_CURVE('',#1694,#1552,#1114,.T.);
#2137=EDGE_CURVE('',#1692,#1694,#854,.T.);
#2138=EDGE_CURVE('',#1695,#1696,#23,.F.);
#2139=EDGE_CURVE('',#1696,#1697,#855,.T.);
#2140=EDGE_CURVE('',#1697,#1698,#24,.F.);
#2141=EDGE_CURVE('',#1698,#1695,#856,.T.);
#2142=EDGE_CURVE('',#1697,#1699,#1115,.T.);
#2143=EDGE_CURVE('',#1700,#1696,#1116,.T.);
#2144=EDGE_CURVE('',#1701,#1700,#857,.T.);
#2145=EDGE_CURVE('',#1702,#1701,#1117,.T.);
#2146=EDGE_CURVE('',#1703,#1702,#858,.T.);
#2147=EDGE_CURVE('',#1704,#1703,#1118,.T.);
#2148=EDGE_CURVE('',#1705,#1704,#859,.T.);
#2149=EDGE_CURVE('',#1706,#1705,#1119,.T.);
#2150=EDGE_CURVE('',#1707,#1706,#860,.T.);
#2151=EDGE_CURVE('',#1708,#1707,#1120,.T.);
#2152=EDGE_CURVE('',#1709,#1708,#861,.T.);
#2153=EDGE_CURVE('',#1710,#1709,#1121,.T.);
#2154=EDGE_CURVE('',#1711,#1710,#862,.T.);
#2155=EDGE_CURVE('',#1712,#1711,#1122,.T.);
#2156=EDGE_CURVE('',#1713,#1712,#863,.T.);
#2157=EDGE_CURVE('',#1714,#1713,#1123,.T.);
#2158=EDGE_CURVE('',#1715,#1714,#864,.T.);
#2159=EDGE_CURVE('',#1716,#1715,#1124,.T.);
#2160=EDGE_CURVE('',#1717,#1716,#865,.T.);
#2161=EDGE_CURVE('',#1718,#1717,#1125,.T.);
#2162=EDGE_CURVE('',#1699,#1718,#866,.T.);
#2163=EDGE_CURVE('',#1719,#1719,#867,.T.);
#2164=EDGE_CURVE('',#1720,#1720,#868,.T.);
#2165=EDGE_CURVE('',#1721,#1721,#869,.T.);
#2166=EDGE_CURVE('',#1722,#1722,#870,.T.);
#2167=EDGE_CURVE('',#1723,#1723,#871,.T.);
#2168=EDGE_CURVE('',#1724,#1724,#872,.T.);
#2169=EDGE_CURVE('',#1725,#1725,#873,.T.);
#2170=EDGE_CURVE('',#1726,#1726,#874,.T.);
#2171=EDGE_CURVE('',#1727,#1727,#875,.T.);
#2172=EDGE_CURVE('',#1728,#1729,#876,.T.);
#2173=EDGE_CURVE('',#1730,#1728,#1126,.T.);
#2174=EDGE_CURVE('',#1729,#1730,#1127,.T.);
#2175=EDGE_CURVE('',#1731,#1731,#877,.T.);
#2176=EDGE_CURVE('',#1732,#1732,#878,.T.);
#2177=EDGE_CURVE('',#1733,#1733,#879,.T.);
#2178=EDGE_CURVE('',#1734,#1734,#880,.T.);
#2179=EDGE_CURVE('',#1735,#1735,#881,.T.);
#2180=EDGE_CURVE('',#1736,#1736,#882,.T.);
#2181=EDGE_CURVE('',#1737,#1737,#883,.T.);
#2182=EDGE_CURVE('',#1738,#1738,#884,.T.);
#2183=EDGE_CURVE('',#1739,#1739,#885,.T.);
#2184=EDGE_CURVE('',#1740,#1740,#886,.T.);
#2185=EDGE_CURVE('',#1741,#1741,#887,.T.);
#2186=EDGE_CURVE('',#1742,#1742,#888,.T.);
#2187=EDGE_CURVE('',#1743,#1743,#889,.T.);
#2188=EDGE_CURVE('',#1744,#1744,#890,.T.);
#2189=EDGE_CURVE('',#1535,#1745,#25,.F.);
#2190=EDGE_CURVE('',#1745,#1746,#891,.T.);
#2191=EDGE_CURVE('',#1746,#1515,#26,.F.);
#2192=EDGE_CURVE('',#1698,#1746,#1128,.T.);
#2193=EDGE_CURVE('',#1695,#1745,#1129,.T.);
#2194=EDGE_CURVE('',#1699,#1747,#892,.T.);
#2195=EDGE_CURVE('',#1747,#1698,#1130,.T.);
#2196=EDGE_CURVE('',#1718,#1748,#893,.T.);
#2197=EDGE_CURVE('',#1748,#1747,#894,.T.);
#2198=EDGE_CURVE('',#1717,#1749,#27,.F.);
#2199=EDGE_CURVE('',#1749,#1748,#1131,.T.);
#2200=EDGE_CURVE('',#1750,#1514,#895,.T.);
#2201=EDGE_CURVE('',#1746,#1750,#1132,.T.);
#2202=EDGE_CURVE('',#1751,#1516,#896,.T.);
#2203=EDGE_CURVE('',#1750,#1751,#897,.T.);
#2204=EDGE_CURVE('',#1752,#1517,#28,.F.);
#2205=EDGE_CURVE('',#1751,#1752,#1133,.T.);
#2206=EDGE_CURVE('',#1749,#1752,#1134,.T.);
#2207=EDGE_CURVE('',#1748,#1751,#1135,.T.);
#2208=EDGE_CURVE('',#1747,#1750,#1136,.T.);
#2209=EDGE_CURVE('',#1716,#1753,#29,.F.);
#2210=EDGE_CURVE('',#1753,#1749,#898,.T.);
#2211=EDGE_CURVE('',#1752,#1754,#899,.T.);
#2212=EDGE_CURVE('',#1754,#1518,#30,.F.);
#2213=EDGE_CURVE('',#1753,#1754,#1137,.T.);
#2214=EDGE_CURVE('',#1755,#1712,#900,.T.);
#2215=EDGE_CURVE('',#1711,#1756,#31,.F.);
#2216=EDGE_CURVE('',#1756,#1755,#1138,.T.);
#2217=EDGE_CURVE('',#1757,#1713,#901,.T.);
#2218=EDGE_CURVE('',#1755,#1757,#902,.T.);
#2219=EDGE_CURVE('',#1758,#1714,#903,.T.);
#2220=EDGE_CURVE('',#1757,#1758,#1139,.T.);
#2221=EDGE_CURVE('',#1759,#1715,#904,.T.);
#2222=EDGE_CURVE('',#1758,#1759,#905,.T.);
#2223=EDGE_CURVE('',#1759,#1753,#1140,.T.);
#2224=EDGE_CURVE('',#1759,#1760,#1141,.T.);
#2225=EDGE_CURVE('',#1754,#1760,#1142,.T.);
#2226=EDGE_CURVE('',#1758,#1761,#1143,.T.);
#2227=EDGE_CURVE('',#1760,#1761,#906,.T.);
#2228=EDGE_CURVE('',#1757,#1762,#1144,.T.);
#2229=EDGE_CURVE('',#1761,#1762,#1145,.T.);
#2230=EDGE_CURVE('',#1755,#1763,#1146,.T.);
#2231=EDGE_CURVE('',#1762,#1763,#907,.T.);
#2232=EDGE_CURVE('',#1756,#1764,#1147,.T.);
#2233=EDGE_CURVE('',#1763,#1764,#1148,.T.);
#2234=EDGE_CURVE('',#1760,#1519,#908,.T.);
#2235=EDGE_CURVE('',#1761,#1520,#909,.T.);
#2236=EDGE_CURVE('',#1762,#1521,#910,.T.);
#2237=EDGE_CURVE('',#1763,#1522,#911,.T.);
#2238=EDGE_CURVE('',#1764,#1523,#32,.F.);
#2239=EDGE_CURVE('',#1710,#1765,#33,.F.);
#2240=EDGE_CURVE('',#1765,#1756,#912,.T.);
#2241=EDGE_CURVE('',#1764,#1766,#913,.T.);
#2242=EDGE_CURVE('',#1766,#1524,#34,.F.);
#2243=EDGE_CURVE('',#1765,#1766,#1149,.T.);
#2244=EDGE_CURVE('',#1709,#1767,#914,.T.);
#2245=EDGE_CURVE('',#1767,#1765,#1150,.T.);
#2246=EDGE_CURVE('',#1708,#1768,#915,.T.);
#2247=EDGE_CURVE('',#1768,#1767,#916,.T.);
#2248=EDGE_CURVE('',#1707,#1769,#917,.T.);
#2249=EDGE_CURVE('',#1769,#1768,#1151,.T.);
#2250=EDGE_CURVE('',#1706,#1770,#918,.T.);
#2251=EDGE_CURVE('',#1770,#1769,#919,.T.);
#2252=EDGE_CURVE('',#1771,#1770,#1152,.T.);
#2253=EDGE_CURVE('',#1705,#1771,#35,.T.);
#2254=EDGE_CURVE('',#1704,#1772,#36,.F.);
#2255=EDGE_CURVE('',#1772,#1771,#920,.T.);
#2256=EDGE_CURVE('',#1767,#1773,#1153,.T.);
#2257=EDGE_CURVE('',#1766,#1773,#1154,.T.);
#2258=EDGE_CURVE('',#1768,#1774,#1155,.T.);
#2259=EDGE_CURVE('',#1773,#1774,#921,.T.);
#2260=EDGE_CURVE('',#1769,#1775,#1156,.T.);
#2261=EDGE_CURVE('',#1774,#1775,#1157,.T.);
#2262=EDGE_CURVE('',#1770,#1776,#1158,.T.);
#2263=EDGE_CURVE('',#1775,#1776,#922,.T.);
#2264=EDGE_CURVE('',#1771,#1777,#1159,.T.);
#2265=EDGE_CURVE('',#1776,#1777,#1160,.T.);
#2266=EDGE_CURVE('',#1772,#1778,#1161,.T.);
#2267=EDGE_CURVE('',#1777,#1778,#923,.T.);
#2268=EDGE_CURVE('',#1778,#1530,#37,.F.);
#2269=EDGE_CURVE('',#1529,#1777,#38,.T.);
#2270=EDGE_CURVE('',#1773,#1525,#924,.T.);
#2271=EDGE_CURVE('',#1774,#1526,#925,.T.);
#2272=EDGE_CURVE('',#1775,#1527,#926,.T.);
#2273=EDGE_CURVE('',#1776,#1528,#927,.T.);
#2274=EDGE_CURVE('',#1779,#1700,#928,.T.);
#2275=EDGE_CURVE('',#1695,#1779,#1162,.T.);
#2276=EDGE_CURVE('',#1780,#1701,#929,.T.);
#2277=EDGE_CURVE('',#1779,#1780,#930,.T.);
#2278=EDGE_CURVE('',#1781,#1702,#931,.T.);
#2279=EDGE_CURVE('',#1780,#1781,#1163,.T.);
#2280=EDGE_CURVE('',#1782,#1703,#932,.T.);
#2281=EDGE_CURVE('',#1781,#1782,#933,.T.);
#2282=EDGE_CURVE('',#1782,#1772,#1164,.T.);
#2283=EDGE_CURVE('',#1782,#1783,#1165,.T.);
#2284=EDGE_CURVE('',#1778,#1783,#1166,.T.);
#2285=EDGE_CURVE('',#1781,#1784,#1167,.T.);
#2286=EDGE_CURVE('',#1783,#1784,#934,.T.);
#2287=EDGE_CURVE('',#1780,#1785,#1168,.T.);
#2288=EDGE_CURVE('',#1784,#1785,#1169,.T.);
#2289=EDGE_CURVE('',#1779,#1786,#1170,.T.);
#2290=EDGE_CURVE('',#1785,#1786,#935,.T.);
#2291=EDGE_CURVE('',#1786,#1745,#1171,.T.);
#2292=EDGE_CURVE('',#1783,#1531,#936,.T.);
#2293=EDGE_CURVE('',#1784,#1532,#937,.T.);
#2294=EDGE_CURVE('',#1785,#1533,#938,.T.);
#2295=EDGE_CURVE('',#1786,#1534,#939,.T.);
#2296=EDGE_CURVE('',#1578,#1744,#1172,.T.);
#2297=EDGE_CURVE('',#1577,#1743,#1173,.T.);
#2298=EDGE_CURVE('',#1576,#1742,#1174,.T.);
#2299=EDGE_CURVE('',#1575,#1741,#1175,.T.);
#2300=EDGE_CURVE('',#1574,#1740,#1176,.T.);
#2301=EDGE_CURVE('',#1573,#1739,#1177,.T.);
#2302=EDGE_CURVE('',#1572,#1738,#1178,.T.);
#2303=EDGE_CURVE('',#1571,#1737,#1179,.T.);
#2304=EDGE_CURVE('',#1570,#1736,#1180,.T.);
#2305=EDGE_CURVE('',#1569,#1735,#1181,.T.);
#2306=EDGE_CURVE('',#1568,#1734,#1182,.T.);
#2307=EDGE_CURVE('',#1567,#1733,#1183,.T.);
#2308=EDGE_CURVE('',#1566,#1732,#1184,.T.);
#2309=EDGE_CURVE('',#1565,#1731,#1185,.T.);
#2310=EDGE_CURVE('',#1728,#1562,#1186,.T.);
#2311=EDGE_CURVE('',#1730,#1564,#1187,.T.);
#2312=EDGE_CURVE('',#1729,#1563,#1188,.T.);
#2313=EDGE_CURVE('',#1561,#1727,#1189,.T.);
#2314=EDGE_CURVE('',#1560,#1726,#1190,.T.);
#2315=EDGE_CURVE('',#1559,#1725,#1191,.T.);
#2316=EDGE_CURVE('',#1558,#1724,#1192,.T.);
#2317=EDGE_CURVE('',#1557,#1723,#1193,.T.);
#2318=EDGE_CURVE('',#1556,#1722,#1194,.T.);
#2319=EDGE_CURVE('',#1555,#1721,#1195,.T.);
#2320=EDGE_CURVE('',#1554,#1720,#1196,.T.);
#2321=EDGE_CURVE('',#1553,#1719,#1197,.T.);
#2322=ORIENTED_EDGE('',*,*,#1787,.F.);
#2323=ORIENTED_EDGE('',*,*,#1788,.T.);
#2324=ORIENTED_EDGE('',*,*,#1789,.T.);
#2325=ORIENTED_EDGE('',*,*,#1790,.T.);
#2326=ORIENTED_EDGE('',*,*,#1791,.T.);
#2327=ORIENTED_EDGE('',*,*,#1792,.F.);
#2328=ORIENTED_EDGE('',*,*,#1791,.F.);
#2329=ORIENTED_EDGE('',*,*,#1793,.T.);
#2330=ORIENTED_EDGE('',*,*,#1794,.T.);
#2331=ORIENTED_EDGE('',*,*,#1795,.F.);
#2332=ORIENTED_EDGE('',*,*,#1796,.T.);
#2333=ORIENTED_EDGE('',*,*,#1797,.F.);
#2334=ORIENTED_EDGE('',*,*,#1798,.F.);
#2335=ORIENTED_EDGE('',*,*,#1799,.T.);
#2336=ORIENTED_EDGE('',*,*,#1800,.F.);
#2337=ORIENTED_EDGE('',*,*,#1801,.F.);
#2338=ORIENTED_EDGE('',*,*,#1802,.F.);
#2339=ORIENTED_EDGE('',*,*,#1803,.F.);
#2340=ORIENTED_EDGE('',*,*,#1804,.F.);
#2341=ORIENTED_EDGE('',*,*,#1805,.F.);
#2342=ORIENTED_EDGE('',*,*,#1806,.F.);
#2343=ORIENTED_EDGE('',*,*,#1807,.F.);
#2344=ORIENTED_EDGE('',*,*,#1808,.F.);
#2345=ORIENTED_EDGE('',*,*,#1799,.F.);
#2346=ORIENTED_EDGE('',*,*,#1809,.F.);
#2347=ORIENTED_EDGE('',*,*,#1810,.F.);
#2348=ORIENTED_EDGE('',*,*,#1811,.F.);
#2349=ORIENTED_EDGE('',*,*,#1812,.F.);
#2350=ORIENTED_EDGE('',*,*,#1813,.F.);
#2351=ORIENTED_EDGE('',*,*,#1814,.F.);
#2352=ORIENTED_EDGE('',*,*,#1815,.T.);
#2353=ORIENTED_EDGE('',*,*,#1816,.F.);
#2354=ORIENTED_EDGE('',*,*,#1815,.F.);
#2355=ORIENTED_EDGE('',*,*,#1817,.F.);
#2356=ORIENTED_EDGE('',*,*,#1818,.F.);
#2357=ORIENTED_EDGE('',*,*,#1819,.F.);
#2358=ORIENTED_EDGE('',*,*,#1820,.F.);
#2359=ORIENTED_EDGE('',*,*,#1821,.F.);
#2360=ORIENTED_EDGE('',*,*,#1822,.T.);
#2361=ORIENTED_EDGE('',*,*,#1823,.F.);
#2362=ORIENTED_EDGE('',*,*,#1824,.T.);
#2363=ORIENTED_EDGE('',*,*,#1825,.F.);
#2364=ORIENTED_EDGE('',*,*,#1826,.F.);
#2365=ORIENTED_EDGE('',*,*,#1827,.F.);
#2366=ORIENTED_EDGE('',*,*,#1825,.T.);
#2367=ORIENTED_EDGE('',*,*,#1828,.T.);
#2368=ORIENTED_EDGE('',*,*,#1821,.T.);
#2369=ORIENTED_EDGE('',*,*,#1829,.T.);
#2370=ORIENTED_EDGE('',*,*,#1830,.F.);
#2371=ORIENTED_EDGE('',*,*,#1831,.F.);
#2372=ORIENTED_EDGE('',*,*,#1832,.F.);
#2373=ORIENTED_EDGE('',*,*,#1831,.T.);
#2374=ORIENTED_EDGE('',*,*,#1833,.T.);
#2375=ORIENTED_EDGE('',*,*,#1820,.T.);
#2376=ORIENTED_EDGE('',*,*,#1834,.T.);
#2377=ORIENTED_EDGE('',*,*,#1835,.F.);
#2378=ORIENTED_EDGE('',*,*,#1836,.F.);
#2379=ORIENTED_EDGE('',*,*,#1837,.T.);
#2380=ORIENTED_EDGE('',*,*,#1838,.F.);
#2381=ORIENTED_EDGE('',*,*,#1823,.T.);
#2382=ORIENTED_EDGE('',*,*,#1839,.T.);
#2383=ORIENTED_EDGE('',*,*,#1836,.T.);
#2384=ORIENTED_EDGE('',*,*,#1840,.T.);
#2385=ORIENTED_EDGE('',*,*,#1841,.F.);
#2386=ORIENTED_EDGE('',*,*,#1842,.F.);
#2387=ORIENTED_EDGE('',*,*,#1843,.T.);
#2388=ORIENTED_EDGE('',*,*,#1844,.F.);
#2389=ORIENTED_EDGE('',*,*,#1838,.T.);
#2390=ORIENTED_EDGE('',*,*,#1845,.T.);
#2391=ORIENTED_EDGE('',*,*,#1842,.T.);
#2392=ORIENTED_EDGE('',*,*,#1846,.T.);
#2393=ORIENTED_EDGE('',*,*,#1844,.T.);
#2394=ORIENTED_EDGE('',*,*,#1847,.T.);
#2395=ORIENTED_EDGE('',*,*,#1827,.T.);
#2396=ORIENTED_EDGE('',*,*,#1848,.T.);
#2397=ORIENTED_EDGE('',*,*,#1849,.F.);
#2398=ORIENTED_EDGE('',*,*,#1850,.F.);
#2399=ORIENTED_EDGE('',*,*,#1851,.F.);
#2400=ORIENTED_EDGE('',*,*,#1850,.T.);
#2401=ORIENTED_EDGE('',*,*,#1852,.T.);
#2402=ORIENTED_EDGE('',*,*,#1826,.T.);
#2403=ORIENTED_EDGE('',*,*,#1853,.T.);
#2404=ORIENTED_EDGE('',*,*,#1851,.T.);
#2405=ORIENTED_EDGE('',*,*,#1854,.T.);
#2406=ORIENTED_EDGE('',*,*,#1830,.T.);
#2407=ORIENTED_EDGE('',*,*,#1855,.T.);
#2408=ORIENTED_EDGE('',*,*,#1856,.F.);
#2409=ORIENTED_EDGE('',*,*,#1857,.F.);
#2410=ORIENTED_EDGE('',*,*,#1858,.F.);
#2411=ORIENTED_EDGE('',*,*,#1857,.T.);
#2412=ORIENTED_EDGE('',*,*,#1859,.T.);
#2413=ORIENTED_EDGE('',*,*,#1835,.T.);
#2414=ORIENTED_EDGE('',*,*,#1860,.T.);
#2415=ORIENTED_EDGE('',*,*,#1861,.F.);
#2416=ORIENTED_EDGE('',*,*,#1862,.F.);
#2417=ORIENTED_EDGE('',*,*,#1863,.F.);
#2418=ORIENTED_EDGE('',*,*,#1862,.T.);
#2419=ORIENTED_EDGE('',*,*,#1864,.T.);
#2420=ORIENTED_EDGE('',*,*,#1841,.T.);
#2421=ORIENTED_EDGE('',*,*,#1865,.T.);
#2422=ORIENTED_EDGE('',*,*,#1863,.T.);
#2423=ORIENTED_EDGE('',*,*,#1866,.T.);
#2424=ORIENTED_EDGE('',*,*,#1849,.T.);
#2425=ORIENTED_EDGE('',*,*,#1867,.T.);
#2426=ORIENTED_EDGE('',*,*,#1858,.T.);
#2427=ORIENTED_EDGE('',*,*,#1868,.T.);
#2428=ORIENTED_EDGE('',*,*,#1861,.T.);
#2429=ORIENTED_EDGE('',*,*,#1869,.T.);
#2430=ORIENTED_EDGE('',*,*,#1832,.T.);
#2431=ORIENTED_EDGE('',*,*,#1870,.T.);
#2432=ORIENTED_EDGE('',*,*,#1856,.T.);
#2433=ORIENTED_EDGE('',*,*,#1871,.T.);
#2434=ORIENTED_EDGE('',*,*,#1829,.F.);
#2435=ORIENTED_EDGE('',*,*,#1833,.F.);
#2436=ORIENTED_EDGE('',*,*,#1854,.F.);
#2437=ORIENTED_EDGE('',*,*,#1853,.F.);
#2438=ORIENTED_EDGE('',*,*,#1834,.F.);
#2439=ORIENTED_EDGE('',*,*,#1840,.F.);
#2440=ORIENTED_EDGE('',*,*,#1859,.F.);
#2441=ORIENTED_EDGE('',*,*,#1870,.F.);
#2442=ORIENTED_EDGE('',*,*,#1872,.F.);
#2443=ORIENTED_EDGE('',*,*,#1873,.F.);
#2444=ORIENTED_EDGE('',*,*,#1874,.F.);
#2445=ORIENTED_EDGE('',*,*,#1875,.F.);
#2446=ORIENTED_EDGE('',*,*,#1876,.F.);
#2447=ORIENTED_EDGE('',*,*,#1877,.F.);
#2448=ORIENTED_EDGE('',*,*,#1878,.F.);
#2449=ORIENTED_EDGE('',*,*,#1879,.F.);
#2450=ORIENTED_EDGE('',*,*,#1880,.F.);
#2451=ORIENTED_EDGE('',*,*,#1881,.F.);
#2452=ORIENTED_EDGE('',*,*,#1882,.F.);
#2453=ORIENTED_EDGE('',*,*,#1883,.F.);
#2454=ORIENTED_EDGE('',*,*,#1884,.F.);
#2455=ORIENTED_EDGE('',*,*,#1885,.F.);
#2456=ORIENTED_EDGE('',*,*,#1886,.F.);
#2457=ORIENTED_EDGE('',*,*,#1887,.F.);
#2458=ORIENTED_EDGE('',*,*,#1888,.F.);
#2459=ORIENTED_EDGE('',*,*,#1889,.F.);
#2460=ORIENTED_EDGE('',*,*,#1890,.F.);
#2461=ORIENTED_EDGE('',*,*,#1891,.F.);
#2462=ORIENTED_EDGE('',*,*,#1892,.F.);
#2463=ORIENTED_EDGE('',*,*,#1893,.F.);
#2464=ORIENTED_EDGE('',*,*,#1894,.F.);
#2465=ORIENTED_EDGE('',*,*,#1895,.F.);
#2466=ORIENTED_EDGE('',*,*,#1896,.F.);
#2467=ORIENTED_EDGE('',*,*,#1897,.F.);
#2468=ORIENTED_EDGE('',*,*,#1898,.F.);
#2469=ORIENTED_EDGE('',*,*,#1899,.F.);
#2470=ORIENTED_EDGE('',*,*,#1900,.F.);
#2471=ORIENTED_EDGE('',*,*,#1901,.F.);
#2472=ORIENTED_EDGE('',*,*,#1902,.T.);
#2473=ORIENTED_EDGE('',*,*,#1903,.T.);
#2474=ORIENTED_EDGE('',*,*,#1904,.T.);
#2475=ORIENTED_EDGE('',*,*,#1792,.T.);
#2476=ORIENTED_EDGE('',*,*,#1905,.T.);
#2477=ORIENTED_EDGE('',*,*,#1906,.T.);
#2478=ORIENTED_EDGE('',*,*,#1907,.T.);
#2479=ORIENTED_EDGE('',*,*,#1908,.T.);
#2480=ORIENTED_EDGE('',*,*,#1909,.T.);
#2481=ORIENTED_EDGE('',*,*,#1910,.T.);
#2482=ORIENTED_EDGE('',*,*,#1911,.T.);
#2483=ORIENTED_EDGE('',*,*,#1912,.T.);
#2484=ORIENTED_EDGE('',*,*,#1913,.T.);
#2485=ORIENTED_EDGE('',*,*,#1914,.T.);
#2486=ORIENTED_EDGE('',*,*,#1915,.T.);
#2487=ORIENTED_EDGE('',*,*,#1916,.T.);
#2488=ORIENTED_EDGE('',*,*,#1917,.T.);
#2489=ORIENTED_EDGE('',*,*,#1918,.T.);
#2490=ORIENTED_EDGE('',*,*,#1919,.T.);
#2491=ORIENTED_EDGE('',*,*,#1920,.T.);
#2492=ORIENTED_EDGE('',*,*,#1921,.T.);
#2493=ORIENTED_EDGE('',*,*,#1922,.T.);
#2494=ORIENTED_EDGE('',*,*,#1923,.T.);
#2495=ORIENTED_EDGE('',*,*,#1924,.T.);
#2496=ORIENTED_EDGE('',*,*,#1925,.T.);
#2497=ORIENTED_EDGE('',*,*,#1926,.T.);
#2498=ORIENTED_EDGE('',*,*,#1927,.T.);
#2499=ORIENTED_EDGE('',*,*,#1928,.T.);
#2500=ORIENTED_EDGE('',*,*,#1929,.T.);
#2501=ORIENTED_EDGE('',*,*,#1930,.T.);
#2502=ORIENTED_EDGE('',*,*,#1931,.T.);
#2503=ORIENTED_EDGE('',*,*,#1932,.T.);
#2504=ORIENTED_EDGE('',*,*,#1933,.T.);
#2505=ORIENTED_EDGE('',*,*,#1934,.T.);
#2506=ORIENTED_EDGE('',*,*,#1935,.T.);
#2507=ORIENTED_EDGE('',*,*,#1936,.T.);
#2508=ORIENTED_EDGE('',*,*,#1843,.F.);
#2509=ORIENTED_EDGE('',*,*,#1845,.F.);
#2510=ORIENTED_EDGE('',*,*,#1837,.F.);
#2511=ORIENTED_EDGE('',*,*,#1839,.F.);
#2512=ORIENTED_EDGE('',*,*,#1822,.F.);
#2513=ORIENTED_EDGE('',*,*,#1828,.F.);
#2514=ORIENTED_EDGE('',*,*,#1824,.F.);
#2515=ORIENTED_EDGE('',*,*,#1847,.F.);
#2516=ORIENTED_EDGE('',*,*,#1846,.F.);
#2517=ORIENTED_EDGE('',*,*,#1864,.F.);
#2518=ORIENTED_EDGE('',*,*,#1868,.F.);
#2519=ORIENTED_EDGE('',*,*,#1860,.F.);
#2520=ORIENTED_EDGE('',*,*,#1848,.F.);
#2521=ORIENTED_EDGE('',*,*,#1852,.F.);
#2522=ORIENTED_EDGE('',*,*,#1866,.F.);
#2523=ORIENTED_EDGE('',*,*,#1865,.F.);
#2524=ORIENTED_EDGE('',*,*,#1855,.F.);
#2525=ORIENTED_EDGE('',*,*,#1871,.F.);
#2526=ORIENTED_EDGE('',*,*,#1869,.F.);
#2527=ORIENTED_EDGE('',*,*,#1867,.F.);
#2528=ORIENTED_EDGE('',*,*,#1937,.F.);
#2529=ORIENTED_EDGE('',*,*,#1938,.F.);
#2530=ORIENTED_EDGE('',*,*,#1939,.F.);
#2531=ORIENTED_EDGE('',*,*,#1940,.F.);
#2532=ORIENTED_EDGE('',*,*,#1941,.F.);
#2533=ORIENTED_EDGE('',*,*,#1898,.T.);
#2534=ORIENTED_EDGE('',*,*,#1942,.F.);
#2535=ORIENTED_EDGE('',*,*,#1943,.F.);
#2536=ORIENTED_EDGE('',*,*,#1944,.F.);
#2537=ORIENTED_EDGE('',*,*,#1945,.F.);
#2538=ORIENTED_EDGE('',*,*,#1946,.F.);
#2539=ORIENTED_EDGE('',*,*,#1947,.F.);
#2540=ORIENTED_EDGE('',*,*,#1948,.F.);
#2541=ORIENTED_EDGE('',*,*,#1900,.T.);
#2542=ORIENTED_EDGE('',*,*,#1949,.F.);
#2543=ORIENTED_EDGE('',*,*,#1950,.F.);
#2544=ORIENTED_EDGE('',*,*,#1951,.F.);
#2545=ORIENTED_EDGE('',*,*,#1949,.T.);
#2546=ORIENTED_EDGE('',*,*,#1899,.T.);
#2547=ORIENTED_EDGE('',*,*,#1941,.T.);
#2548=ORIENTED_EDGE('',*,*,#1952,.T.);
#2549=ORIENTED_EDGE('',*,*,#1944,.T.);
#2550=ORIENTED_EDGE('',*,*,#1953,.T.);
#2551=ORIENTED_EDGE('',*,*,#1950,.T.);
#2552=ORIENTED_EDGE('',*,*,#1954,.T.);
#2553=ORIENTED_EDGE('',*,*,#1955,.F.);
#2554=ORIENTED_EDGE('',*,*,#1956,.F.);
#2555=ORIENTED_EDGE('',*,*,#1896,.T.);
#2556=ORIENTED_EDGE('',*,*,#1957,.F.);
#2557=ORIENTED_EDGE('',*,*,#1942,.T.);
#2558=ORIENTED_EDGE('',*,*,#1897,.T.);
#2559=ORIENTED_EDGE('',*,*,#1956,.T.);
#2560=ORIENTED_EDGE('',*,*,#1958,.T.);
#2561=ORIENTED_EDGE('',*,*,#1959,.F.);
#2562=ORIENTED_EDGE('',*,*,#1960,.F.);
#2563=ORIENTED_EDGE('',*,*,#1961,.F.);
#2564=ORIENTED_EDGE('',*,*,#1962,.F.);
#2565=ORIENTED_EDGE('',*,*,#1963,.F.);
#2566=ORIENTED_EDGE('',*,*,#1894,.T.);
#2567=ORIENTED_EDGE('',*,*,#1964,.F.);
#2568=ORIENTED_EDGE('',*,*,#1957,.T.);
#2569=ORIENTED_EDGE('',*,*,#1895,.T.);
#2570=ORIENTED_EDGE('',*,*,#1963,.T.);
#2571=ORIENTED_EDGE('',*,*,#1965,.T.);
#2572=ORIENTED_EDGE('',*,*,#1964,.T.);
#2573=ORIENTED_EDGE('',*,*,#1901,.T.);
#2574=ORIENTED_EDGE('',*,*,#1951,.T.);
#2575=ORIENTED_EDGE('',*,*,#1966,.T.);
#2576=ORIENTED_EDGE('',*,*,#1960,.T.);
#2577=ORIENTED_EDGE('',*,*,#1967,.T.);
#2578=ORIENTED_EDGE('',*,*,#1962,.T.);
#2579=ORIENTED_EDGE('',*,*,#1968,.T.);
#2580=ORIENTED_EDGE('',*,*,#1961,.T.);
#2581=ORIENTED_EDGE('',*,*,#1969,.T.);
#2582=ORIENTED_EDGE('',*,*,#1943,.T.);
#2583=ORIENTED_EDGE('',*,*,#1970,.T.);
#2584=ORIENTED_EDGE('',*,*,#1948,.T.);
#2585=ORIENTED_EDGE('',*,*,#1971,.T.);
#2586=ORIENTED_EDGE('',*,*,#1959,.T.);
#2587=ORIENTED_EDGE('',*,*,#1972,.T.);
#2588=ORIENTED_EDGE('',*,*,#1947,.T.);
#2589=ORIENTED_EDGE('',*,*,#1973,.T.);
#2590=ORIENTED_EDGE('',*,*,#1955,.T.);
#2591=ORIENTED_EDGE('',*,*,#1974,.T.);
#2592=ORIENTED_EDGE('',*,*,#1939,.T.);
#2593=ORIENTED_EDGE('',*,*,#1975,.T.);
#2594=ORIENTED_EDGE('',*,*,#1946,.T.);
#2595=ORIENTED_EDGE('',*,*,#1976,.T.);
#2596=ORIENTED_EDGE('',*,*,#1945,.T.);
#2597=ORIENTED_EDGE('',*,*,#1977,.T.);
#2598=ORIENTED_EDGE('',*,*,#1937,.T.);
#2599=ORIENTED_EDGE('',*,*,#1978,.T.);
#2600=ORIENTED_EDGE('',*,*,#1938,.T.);
#2601=ORIENTED_EDGE('',*,*,#1979,.T.);
#2602=ORIENTED_EDGE('',*,*,#1940,.T.);
#2603=ORIENTED_EDGE('',*,*,#1980,.T.);
#2604=ORIENTED_EDGE('',*,*,#1952,.F.);
#2605=ORIENTED_EDGE('',*,*,#1979,.F.);
#2606=ORIENTED_EDGE('',*,*,#1977,.F.);
#2607=ORIENTED_EDGE('',*,*,#1954,.F.);
#2608=ORIENTED_EDGE('',*,*,#1953,.F.);
#2609=ORIENTED_EDGE('',*,*,#1969,.F.);
#2610=ORIENTED_EDGE('',*,*,#1968,.F.);
#2611=ORIENTED_EDGE('',*,*,#1966,.F.);
#2612=ORIENTED_EDGE('',*,*,#1958,.F.);
#2613=ORIENTED_EDGE('',*,*,#1973,.F.);
#2614=ORIENTED_EDGE('',*,*,#1975,.F.);
#2615=ORIENTED_EDGE('',*,*,#1980,.F.);
#2616=ORIENTED_EDGE('',*,*,#1965,.F.);
#2617=ORIENTED_EDGE('',*,*,#1967,.F.);
#2618=ORIENTED_EDGE('',*,*,#1971,.F.);
#2619=ORIENTED_EDGE('',*,*,#1974,.F.);
#2620=ORIENTED_EDGE('',*,*,#1970,.F.);
#2621=ORIENTED_EDGE('',*,*,#1978,.F.);
#2622=ORIENTED_EDGE('',*,*,#1976,.F.);
#2623=ORIENTED_EDGE('',*,*,#1972,.F.);
#2624=ORIENTED_EDGE('',*,*,#1809,.T.);
#2625=ORIENTED_EDGE('',*,*,#1981,.F.);
#2626=ORIENTED_EDGE('',*,*,#1982,.F.);
#2627=ORIENTED_EDGE('',*,*,#1983,.F.);
#2628=ORIENTED_EDGE('',*,*,#1805,.T.);
#2629=ORIENTED_EDGE('',*,*,#1984,.F.);
#2630=ORIENTED_EDGE('',*,*,#1985,.F.);
#2631=ORIENTED_EDGE('',*,*,#1986,.F.);
#2632=ORIENTED_EDGE('',*,*,#1984,.T.);
#2633=ORIENTED_EDGE('',*,*,#1804,.T.);
#2634=ORIENTED_EDGE('',*,*,#1987,.T.);
#2635=ORIENTED_EDGE('',*,*,#1988,.T.);
#2636=ORIENTED_EDGE('',*,*,#1989,.F.);
#2637=ORIENTED_EDGE('',*,*,#1990,.F.);
#2638=ORIENTED_EDGE('',*,*,#1991,.T.);
#2639=ORIENTED_EDGE('',*,*,#1803,.T.);
#2640=ORIENTED_EDGE('',*,*,#1992,.F.);
#2641=ORIENTED_EDGE('',*,*,#1993,.F.);
#2642=ORIENTED_EDGE('',*,*,#1987,.F.);
#2643=ORIENTED_EDGE('',*,*,#1802,.T.);
#2644=ORIENTED_EDGE('',*,*,#1994,.T.);
#2645=ORIENTED_EDGE('',*,*,#1995,.F.);
#2646=ORIENTED_EDGE('',*,*,#1992,.T.);
#2647=ORIENTED_EDGE('',*,*,#1801,.T.);
#2648=ORIENTED_EDGE('',*,*,#1996,.T.);
#2649=ORIENTED_EDGE('',*,*,#1997,.F.);
#2650=ORIENTED_EDGE('',*,*,#1994,.F.);
#2651=ORIENTED_EDGE('',*,*,#1811,.T.);
#2652=ORIENTED_EDGE('',*,*,#1998,.F.);
#2653=ORIENTED_EDGE('',*,*,#1999,.F.);
#2654=ORIENTED_EDGE('',*,*,#2000,.F.);
#2655=ORIENTED_EDGE('',*,*,#1982,.T.);
#2656=ORIENTED_EDGE('',*,*,#2001,.F.);
#2657=ORIENTED_EDGE('',*,*,#2002,.T.);
#2658=ORIENTED_EDGE('',*,*,#2003,.F.);
#2659=ORIENTED_EDGE('',*,*,#2004,.F.);
#2660=ORIENTED_EDGE('',*,*,#2005,.F.);
#2661=ORIENTED_EDGE('',*,*,#1812,.T.);
#2662=ORIENTED_EDGE('',*,*,#2000,.T.);
#2663=ORIENTED_EDGE('',*,*,#2006,.T.);
#2664=ORIENTED_EDGE('',*,*,#2007,.T.);
#2665=ORIENTED_EDGE('',*,*,#1981,.T.);
#2666=ORIENTED_EDGE('',*,*,#1819,.T.);
#2667=ORIENTED_EDGE('',*,*,#2008,.T.);
#2668=ORIENTED_EDGE('',*,*,#2009,.T.);
#2669=ORIENTED_EDGE('',*,*,#2001,.T.);
#2670=ORIENTED_EDGE('',*,*,#1817,.T.);
#2671=ORIENTED_EDGE('',*,*,#1814,.T.);
#2672=ORIENTED_EDGE('',*,*,#2010,.T.);
#2673=ORIENTED_EDGE('',*,*,#2011,.F.);
#2674=ORIENTED_EDGE('',*,*,#2012,.F.);
#2675=ORIENTED_EDGE('',*,*,#2013,.T.);
#2676=ORIENTED_EDGE('',*,*,#2014,.T.);
#2677=ORIENTED_EDGE('',*,*,#1813,.T.);
#2678=ORIENTED_EDGE('',*,*,#2007,.F.);
#2679=ORIENTED_EDGE('',*,*,#2015,.F.);
#2680=ORIENTED_EDGE('',*,*,#2010,.F.);
#2681=ORIENTED_EDGE('',*,*,#1818,.T.);
#2682=ORIENTED_EDGE('',*,*,#2014,.F.);
#2683=ORIENTED_EDGE('',*,*,#2016,.T.);
#2684=ORIENTED_EDGE('',*,*,#2008,.F.);
#2685=ORIENTED_EDGE('',*,*,#1993,.T.);
#2686=ORIENTED_EDGE('',*,*,#1995,.T.);
#2687=ORIENTED_EDGE('',*,*,#2017,.T.);
#2688=ORIENTED_EDGE('',*,*,#2018,.F.);
#2689=ORIENTED_EDGE('',*,*,#1988,.F.);
#2690=ORIENTED_EDGE('',*,*,#2011,.T.);
#2691=ORIENTED_EDGE('',*,*,#2015,.T.);
#2692=ORIENTED_EDGE('',*,*,#2019,.T.);
#2693=ORIENTED_EDGE('',*,*,#2020,.F.);
#2694=ORIENTED_EDGE('',*,*,#2021,.F.);
#2695=ORIENTED_EDGE('',*,*,#2022,.F.);
#2696=ORIENTED_EDGE('',*,*,#2023,.F.);
#2697=ORIENTED_EDGE('',*,*,#2024,.T.);
#2698=ORIENTED_EDGE('',*,*,#2025,.T.);
#2699=ORIENTED_EDGE('',*,*,#2026,.F.);
#2700=ORIENTED_EDGE('',*,*,#1985,.T.);
#2701=ORIENTED_EDGE('',*,*,#1991,.F.);
#2702=ORIENTED_EDGE('',*,*,#2026,.T.);
#2703=ORIENTED_EDGE('',*,*,#2027,.T.);
#2704=ORIENTED_EDGE('',*,*,#2028,.F.);
#2705=ORIENTED_EDGE('',*,*,#1800,.T.);
#2706=ORIENTED_EDGE('',*,*,#1808,.T.);
#2707=ORIENTED_EDGE('',*,*,#2029,.F.);
#2708=ORIENTED_EDGE('',*,*,#2030,.T.);
#2709=ORIENTED_EDGE('',*,*,#2031,.T.);
#2710=ORIENTED_EDGE('',*,*,#2032,.F.);
#2711=ORIENTED_EDGE('',*,*,#1996,.F.);
#2712=ORIENTED_EDGE('',*,*,#1807,.T.);
#2713=ORIENTED_EDGE('',*,*,#2033,.F.);
#2714=ORIENTED_EDGE('',*,*,#2034,.T.);
#2715=ORIENTED_EDGE('',*,*,#2029,.T.);
#2716=ORIENTED_EDGE('',*,*,#1806,.T.);
#2717=ORIENTED_EDGE('',*,*,#1986,.T.);
#2718=ORIENTED_EDGE('',*,*,#2028,.T.);
#2719=ORIENTED_EDGE('',*,*,#2035,.T.);
#2720=ORIENTED_EDGE('',*,*,#2033,.T.);
#2721=ORIENTED_EDGE('',*,*,#2035,.F.);
#2722=ORIENTED_EDGE('',*,*,#2027,.F.);
#2723=ORIENTED_EDGE('',*,*,#2025,.F.);
#2724=ORIENTED_EDGE('',*,*,#2036,.F.);
#2725=ORIENTED_EDGE('',*,*,#2030,.F.);
#2726=ORIENTED_EDGE('',*,*,#2034,.F.);
#2727=ORIENTED_EDGE('',*,*,#2037,.F.);
#2728=ORIENTED_EDGE('',*,*,#2003,.T.);
#2729=ORIENTED_EDGE('',*,*,#2038,.T.);
#2730=ORIENTED_EDGE('',*,*,#2039,.F.);
#2731=ORIENTED_EDGE('',*,*,#2009,.F.);
#2732=ORIENTED_EDGE('',*,*,#2016,.F.);
#2733=ORIENTED_EDGE('',*,*,#2013,.F.);
#2734=ORIENTED_EDGE('',*,*,#2040,.F.);
#2735=ORIENTED_EDGE('',*,*,#2038,.F.);
#2736=ORIENTED_EDGE('',*,*,#2002,.F.);
#2737=ORIENTED_EDGE('',*,*,#2004,.T.);
#2738=ORIENTED_EDGE('',*,*,#2037,.T.);
#2739=ORIENTED_EDGE('',*,*,#2041,.F.);
#2740=ORIENTED_EDGE('',*,*,#2042,.T.);
#2741=ORIENTED_EDGE('',*,*,#2043,.F.);
#2742=ORIENTED_EDGE('',*,*,#2044,.F.);
#2743=ORIENTED_EDGE('',*,*,#1999,.T.);
#2744=ORIENTED_EDGE('',*,*,#2045,.T.);
#2745=ORIENTED_EDGE('',*,*,#2046,.F.);
#2746=ORIENTED_EDGE('',*,*,#2019,.F.);
#2747=ORIENTED_EDGE('',*,*,#2006,.F.);
#2748=ORIENTED_EDGE('',*,*,#2047,.F.);
#2749=ORIENTED_EDGE('',*,*,#2021,.T.);
#2750=ORIENTED_EDGE('',*,*,#2048,.F.);
#2751=ORIENTED_EDGE('',*,*,#2049,.F.);
#2752=ORIENTED_EDGE('',*,*,#1816,.T.);
#2753=ORIENTED_EDGE('',*,*,#2050,.F.);
#2754=ORIENTED_EDGE('',*,*,#2049,.T.);
#2755=ORIENTED_EDGE('',*,*,#2051,.F.);
#2756=ORIENTED_EDGE('',*,*,#2052,.F.);
#2757=ORIENTED_EDGE('',*,*,#2053,.F.);
#2758=ORIENTED_EDGE('',*,*,#2052,.T.);
#2759=ORIENTED_EDGE('',*,*,#2054,.F.);
#2760=ORIENTED_EDGE('',*,*,#2055,.F.);
#2761=ORIENTED_EDGE('',*,*,#2056,.F.);
#2762=ORIENTED_EDGE('',*,*,#2055,.T.);
#2763=ORIENTED_EDGE('',*,*,#2057,.F.);
#2764=ORIENTED_EDGE('',*,*,#2058,.F.);
#2765=ORIENTED_EDGE('',*,*,#2059,.F.);
#2766=ORIENTED_EDGE('',*,*,#2058,.T.);
#2767=ORIENTED_EDGE('',*,*,#2060,.F.);
#2768=ORIENTED_EDGE('',*,*,#2061,.F.);
#2769=ORIENTED_EDGE('',*,*,#1798,.T.);
#2770=ORIENTED_EDGE('',*,*,#2032,.T.);
#2771=ORIENTED_EDGE('',*,*,#2062,.F.);
#2772=ORIENTED_EDGE('',*,*,#2061,.T.);
#2773=ORIENTED_EDGE('',*,*,#2063,.F.);
#2774=ORIENTED_EDGE('',*,*,#2017,.F.);
#2775=ORIENTED_EDGE('',*,*,#1997,.T.);
#2776=ORIENTED_EDGE('',*,*,#2064,.F.);
#2777=ORIENTED_EDGE('',*,*,#2023,.T.);
#2778=ORIENTED_EDGE('',*,*,#1990,.T.);
#2779=ORIENTED_EDGE('',*,*,#2065,.F.);
#2780=ORIENTED_EDGE('',*,*,#2066,.F.);
#2781=ORIENTED_EDGE('',*,*,#2067,.F.);
#2782=ORIENTED_EDGE('',*,*,#2066,.T.);
#2783=ORIENTED_EDGE('',*,*,#2068,.F.);
#2784=ORIENTED_EDGE('',*,*,#2042,.F.);
#2785=ORIENTED_EDGE('',*,*,#1810,.T.);
#2786=ORIENTED_EDGE('',*,*,#1983,.T.);
#2787=ORIENTED_EDGE('',*,*,#2005,.T.);
#2788=ORIENTED_EDGE('',*,*,#2044,.T.);
#2789=ORIENTED_EDGE('',*,*,#2069,.F.);
#2790=ORIENTED_EDGE('',*,*,#2045,.F.);
#2791=ORIENTED_EDGE('',*,*,#1998,.T.);
#2792=ORIENTED_EDGE('',*,*,#2069,.T.);
#2793=ORIENTED_EDGE('',*,*,#2043,.T.);
#2794=ORIENTED_EDGE('',*,*,#2068,.T.);
#2795=ORIENTED_EDGE('',*,*,#2065,.T.);
#2796=ORIENTED_EDGE('',*,*,#1989,.T.);
#2797=ORIENTED_EDGE('',*,*,#2018,.T.);
#2798=ORIENTED_EDGE('',*,*,#2063,.T.);
#2799=ORIENTED_EDGE('',*,*,#2060,.T.);
#2800=ORIENTED_EDGE('',*,*,#2057,.T.);
#2801=ORIENTED_EDGE('',*,*,#2054,.T.);
#2802=ORIENTED_EDGE('',*,*,#2051,.T.);
#2803=ORIENTED_EDGE('',*,*,#2048,.T.);
#2804=ORIENTED_EDGE('',*,*,#2020,.T.);
#2805=ORIENTED_EDGE('',*,*,#2046,.T.);
#2806=ORIENTED_EDGE('',*,*,#2070,.F.);
#2807=ORIENTED_EDGE('',*,*,#2071,.F.);
#2808=ORIENTED_EDGE('',*,*,#2072,.F.);
#2809=ORIENTED_EDGE('',*,*,#1796,.F.);
#2810=ORIENTED_EDGE('',*,*,#2073,.F.);
#2811=ORIENTED_EDGE('',*,*,#1795,.T.);
#2812=ORIENTED_EDGE('',*,*,#2074,.F.);
#2813=ORIENTED_EDGE('',*,*,#2075,.F.);
#2814=ORIENTED_EDGE('',*,*,#2076,.T.);
#2815=ORIENTED_EDGE('',*,*,#1902,.F.);
#2816=ORIENTED_EDGE('',*,*,#2076,.F.);
#2817=ORIENTED_EDGE('',*,*,#2077,.F.);
#2818=ORIENTED_EDGE('',*,*,#2078,.F.);
#2819=ORIENTED_EDGE('',*,*,#2073,.T.);
#2820=ORIENTED_EDGE('',*,*,#2071,.T.);
#2821=ORIENTED_EDGE('',*,*,#2079,.T.);
#2822=ORIENTED_EDGE('',*,*,#2080,.T.);
#2823=ORIENTED_EDGE('',*,*,#2081,.T.);
#2824=ORIENTED_EDGE('',*,*,#2082,.F.);
#2825=ORIENTED_EDGE('',*,*,#2083,.F.);
#2826=ORIENTED_EDGE('',*,*,#2081,.F.);
#2827=ORIENTED_EDGE('',*,*,#2084,.T.);
#2828=ORIENTED_EDGE('',*,*,#2085,.T.);
#2829=ORIENTED_EDGE('',*,*,#2078,.T.);
#2830=ORIENTED_EDGE('',*,*,#2086,.T.);
#2831=ORIENTED_EDGE('',*,*,#2080,.F.);
#2832=ORIENTED_EDGE('',*,*,#2085,.F.);
#2833=ORIENTED_EDGE('',*,*,#2084,.F.);
#2834=ORIENTED_EDGE('',*,*,#2086,.F.);
#2835=ORIENTED_EDGE('',*,*,#2077,.T.);
#2836=ORIENTED_EDGE('',*,*,#2075,.T.);
#2837=ORIENTED_EDGE('',*,*,#2074,.T.);
#2838=ORIENTED_EDGE('',*,*,#1797,.T.);
#2839=ORIENTED_EDGE('',*,*,#2072,.T.);
#2840=ORIENTED_EDGE('',*,*,#2079,.F.);
#2841=ORIENTED_EDGE('',*,*,#2070,.T.);
#2842=ORIENTED_EDGE('',*,*,#2087,.F.);
#2843=ORIENTED_EDGE('',*,*,#2088,.F.);
#2844=ORIENTED_EDGE('',*,*,#2089,.F.);
#2845=ORIENTED_EDGE('',*,*,#2090,.F.);
#2846=ORIENTED_EDGE('',*,*,#2091,.F.);
#2847=ORIENTED_EDGE('',*,*,#2092,.F.);
#2848=ORIENTED_EDGE('',*,*,#2093,.F.);
#2849=ORIENTED_EDGE('',*,*,#2091,.T.);
#2850=ORIENTED_EDGE('',*,*,#2094,.T.);
#2851=ORIENTED_EDGE('',*,*,#1903,.F.);
#2852=ORIENTED_EDGE('',*,*,#2094,.F.);
#2853=ORIENTED_EDGE('',*,*,#2090,.T.);
#2854=ORIENTED_EDGE('',*,*,#2095,.F.);
#2855=ORIENTED_EDGE('',*,*,#2088,.T.);
#2856=ORIENTED_EDGE('',*,*,#2096,.F.);
#2857=ORIENTED_EDGE('',*,*,#2097,.F.);
#2858=ORIENTED_EDGE('',*,*,#2098,.F.);
#2859=ORIENTED_EDGE('',*,*,#2099,.T.);
#2860=ORIENTED_EDGE('',*,*,#2095,.T.);
#2861=ORIENTED_EDGE('',*,*,#2089,.T.);
#2862=ORIENTED_EDGE('',*,*,#2096,.T.);
#2863=ORIENTED_EDGE('',*,*,#2087,.T.);
#2864=ORIENTED_EDGE('',*,*,#2093,.T.);
#2865=ORIENTED_EDGE('',*,*,#2092,.T.);
#2866=ORIENTED_EDGE('',*,*,#2099,.F.);
#2867=ORIENTED_EDGE('',*,*,#2100,.F.);
#2868=ORIENTED_EDGE('',*,*,#2101,.F.);
#2869=ORIENTED_EDGE('',*,*,#2102,.F.);
#2870=ORIENTED_EDGE('',*,*,#2103,.F.);
#2871=ORIENTED_EDGE('',*,*,#2104,.F.);
#2872=ORIENTED_EDGE('',*,*,#2105,.F.);
#2873=ORIENTED_EDGE('',*,*,#2106,.F.);
#2874=ORIENTED_EDGE('',*,*,#2104,.T.);
#2875=ORIENTED_EDGE('',*,*,#2107,.T.);
#2876=ORIENTED_EDGE('',*,*,#1904,.F.);
#2877=ORIENTED_EDGE('',*,*,#2107,.F.);
#2878=ORIENTED_EDGE('',*,*,#2103,.T.);
#2879=ORIENTED_EDGE('',*,*,#2108,.F.);
#2880=ORIENTED_EDGE('',*,*,#2101,.T.);
#2881=ORIENTED_EDGE('',*,*,#2109,.F.);
#2882=ORIENTED_EDGE('',*,*,#2110,.F.);
#2883=ORIENTED_EDGE('',*,*,#2111,.F.);
#2884=ORIENTED_EDGE('',*,*,#2112,.T.);
#2885=ORIENTED_EDGE('',*,*,#2108,.T.);
#2886=ORIENTED_EDGE('',*,*,#2102,.T.);
#2887=ORIENTED_EDGE('',*,*,#2109,.T.);
#2888=ORIENTED_EDGE('',*,*,#2100,.T.);
#2889=ORIENTED_EDGE('',*,*,#2106,.T.);
#2890=ORIENTED_EDGE('',*,*,#2105,.T.);
#2891=ORIENTED_EDGE('',*,*,#2112,.F.);
#2892=ORIENTED_EDGE('',*,*,#2113,.F.);
#2893=ORIENTED_EDGE('',*,*,#2114,.T.);
#2894=ORIENTED_EDGE('',*,*,#2115,.T.);
#2895=ORIENTED_EDGE('',*,*,#2116,.T.);
#2896=ORIENTED_EDGE('',*,*,#2117,.F.);
#2897=ORIENTED_EDGE('',*,*,#2118,.F.);
#2898=ORIENTED_EDGE('',*,*,#2116,.F.);
#2899=ORIENTED_EDGE('',*,*,#2119,.T.);
#2900=ORIENTED_EDGE('',*,*,#2120,.T.);
#2901=ORIENTED_EDGE('',*,*,#2121,.F.);
#2902=ORIENTED_EDGE('',*,*,#2122,.F.);
#2903=ORIENTED_EDGE('',*,*,#1794,.F.);
#2904=ORIENTED_EDGE('',*,*,#2123,.T.);
#2905=ORIENTED_EDGE('',*,*,#2115,.F.);
#2906=ORIENTED_EDGE('',*,*,#2120,.F.);
#2907=ORIENTED_EDGE('',*,*,#2119,.F.);
#2908=ORIENTED_EDGE('',*,*,#2123,.F.);
#2909=ORIENTED_EDGE('',*,*,#1793,.F.);
#2910=ORIENTED_EDGE('',*,*,#1790,.F.);
#2911=ORIENTED_EDGE('',*,*,#1789,.F.);
#2912=ORIENTED_EDGE('',*,*,#2124,.F.);
#2913=ORIENTED_EDGE('',*,*,#2114,.F.);
#2914=ORIENTED_EDGE('',*,*,#2121,.T.);
#2915=ORIENTED_EDGE('',*,*,#2113,.T.);
#2916=ORIENTED_EDGE('',*,*,#2124,.T.);
#2917=ORIENTED_EDGE('',*,*,#1788,.F.);
#2918=ORIENTED_EDGE('',*,*,#2125,.F.);
#2919=ORIENTED_EDGE('',*,*,#1787,.T.);
#2920=ORIENTED_EDGE('',*,*,#2122,.T.);
#2921=ORIENTED_EDGE('',*,*,#2125,.T.);
#2922=ORIENTED_EDGE('',*,*,#2126,.F.);
#2923=ORIENTED_EDGE('',*,*,#2127,.T.);
#2924=ORIENTED_EDGE('',*,*,#1905,.F.);
#2925=ORIENTED_EDGE('',*,*,#2127,.F.);
#2926=ORIENTED_EDGE('',*,*,#2128,.F.);
#2927=ORIENTED_EDGE('',*,*,#2129,.T.);
#2928=ORIENTED_EDGE('',*,*,#1906,.F.);
#2929=ORIENTED_EDGE('',*,*,#2129,.F.);
#2930=ORIENTED_EDGE('',*,*,#2130,.F.);
#2931=ORIENTED_EDGE('',*,*,#2131,.T.);
#2932=ORIENTED_EDGE('',*,*,#1907,.F.);
#2933=ORIENTED_EDGE('',*,*,#2132,.F.);
#2934=ORIENTED_EDGE('',*,*,#2133,.F.);
#2935=ORIENTED_EDGE('',*,*,#2134,.T.);
#2936=ORIENTED_EDGE('',*,*,#1908,.F.);
#2937=ORIENTED_EDGE('',*,*,#2131,.F.);
#2938=ORIENTED_EDGE('',*,*,#2135,.F.);
#2939=ORIENTED_EDGE('',*,*,#2136,.T.);
#2940=ORIENTED_EDGE('',*,*,#1909,.F.);
#2941=ORIENTED_EDGE('',*,*,#2134,.F.);
#2942=ORIENTED_EDGE('',*,*,#2137,.F.);
#2943=ORIENTED_EDGE('',*,*,#2132,.T.);
#2944=ORIENTED_EDGE('',*,*,#1910,.F.);
#2945=ORIENTED_EDGE('',*,*,#2136,.F.);
#2946=ORIENTED_EDGE('',*,*,#2138,.T.);
#2947=ORIENTED_EDGE('',*,*,#2139,.T.);
#2948=ORIENTED_EDGE('',*,*,#2140,.T.);
#2949=ORIENTED_EDGE('',*,*,#2141,.T.);
#2950=ORIENTED_EDGE('',*,*,#2142,.F.);
#2951=ORIENTED_EDGE('',*,*,#2139,.F.);
#2952=ORIENTED_EDGE('',*,*,#2143,.F.);
#2953=ORIENTED_EDGE('',*,*,#2144,.F.);
#2954=ORIENTED_EDGE('',*,*,#2145,.F.);
#2955=ORIENTED_EDGE('',*,*,#2146,.F.);
#2956=ORIENTED_EDGE('',*,*,#2147,.F.);
#2957=ORIENTED_EDGE('',*,*,#2148,.F.);
#2958=ORIENTED_EDGE('',*,*,#2149,.F.);
#2959=ORIENTED_EDGE('',*,*,#2150,.F.);
#2960=ORIENTED_EDGE('',*,*,#2151,.F.);
#2961=ORIENTED_EDGE('',*,*,#2152,.F.);
#2962=ORIENTED_EDGE('',*,*,#2153,.F.);
#2963=ORIENTED_EDGE('',*,*,#2154,.F.);
#2964=ORIENTED_EDGE('',*,*,#2155,.F.);
#2965=ORIENTED_EDGE('',*,*,#2156,.F.);
#2966=ORIENTED_EDGE('',*,*,#2157,.F.);
#2967=ORIENTED_EDGE('',*,*,#2158,.F.);
#2968=ORIENTED_EDGE('',*,*,#2159,.F.);
#2969=ORIENTED_EDGE('',*,*,#2160,.F.);
#2970=ORIENTED_EDGE('',*,*,#2161,.F.);
#2971=ORIENTED_EDGE('',*,*,#2162,.F.);
#2972=ORIENTED_EDGE('',*,*,#2022,.T.);
#2973=ORIENTED_EDGE('',*,*,#2047,.T.);
#2974=ORIENTED_EDGE('',*,*,#2050,.T.);
#2975=ORIENTED_EDGE('',*,*,#2053,.T.);
#2976=ORIENTED_EDGE('',*,*,#2056,.T.);
#2977=ORIENTED_EDGE('',*,*,#2059,.T.);
#2978=ORIENTED_EDGE('',*,*,#2062,.T.);
#2979=ORIENTED_EDGE('',*,*,#2031,.F.);
#2980=ORIENTED_EDGE('',*,*,#2036,.T.);
#2981=ORIENTED_EDGE('',*,*,#2024,.F.);
#2982=ORIENTED_EDGE('',*,*,#2064,.T.);
#2983=ORIENTED_EDGE('',*,*,#2067,.T.);
#2984=ORIENTED_EDGE('',*,*,#2041,.T.);
#2985=ORIENTED_EDGE('',*,*,#2039,.T.);
#2986=ORIENTED_EDGE('',*,*,#2040,.T.);
#2987=ORIENTED_EDGE('',*,*,#2012,.T.);
#2988=ORIENTED_EDGE('',*,*,#2126,.T.);
#2989=ORIENTED_EDGE('',*,*,#2128,.T.);
#2990=ORIENTED_EDGE('',*,*,#2130,.T.);
#2991=ORIENTED_EDGE('',*,*,#2137,.T.);
#2992=ORIENTED_EDGE('',*,*,#2135,.T.);
#2993=ORIENTED_EDGE('',*,*,#2133,.T.);
#2994=ORIENTED_EDGE('',*,*,#2163,.F.);
#2995=ORIENTED_EDGE('',*,*,#2164,.F.);
#2996=ORIENTED_EDGE('',*,*,#2165,.F.);
#2997=ORIENTED_EDGE('',*,*,#2166,.F.);
#2998=ORIENTED_EDGE('',*,*,#2167,.F.);
#2999=ORIENTED_EDGE('',*,*,#2168,.F.);
#3000=ORIENTED_EDGE('',*,*,#2169,.F.);
#3001=ORIENTED_EDGE('',*,*,#2170,.F.);
#3002=ORIENTED_EDGE('',*,*,#2171,.F.);
#3003=ORIENTED_EDGE('',*,*,#2172,.F.);
#3004=ORIENTED_EDGE('',*,*,#2173,.F.);
#3005=ORIENTED_EDGE('',*,*,#2174,.F.);
#3006=ORIENTED_EDGE('',*,*,#2175,.F.);
#3007=ORIENTED_EDGE('',*,*,#2176,.F.);
#3008=ORIENTED_EDGE('',*,*,#2177,.F.);
#3009=ORIENTED_EDGE('',*,*,#2178,.F.);
#3010=ORIENTED_EDGE('',*,*,#2179,.F.);
#3011=ORIENTED_EDGE('',*,*,#2180,.F.);
#3012=ORIENTED_EDGE('',*,*,#2181,.F.);
#3013=ORIENTED_EDGE('',*,*,#2182,.F.);
#3014=ORIENTED_EDGE('',*,*,#2183,.F.);
#3015=ORIENTED_EDGE('',*,*,#2184,.F.);
#3016=ORIENTED_EDGE('',*,*,#2185,.F.);
#3017=ORIENTED_EDGE('',*,*,#2186,.F.);
#3018=ORIENTED_EDGE('',*,*,#2187,.F.);
#3019=ORIENTED_EDGE('',*,*,#2188,.F.);
#3020=ORIENTED_EDGE('',*,*,#2189,.T.);
#3021=ORIENTED_EDGE('',*,*,#2190,.T.);
#3022=ORIENTED_EDGE('',*,*,#2191,.T.);
#3023=ORIENTED_EDGE('',*,*,#1893,.T.);
#3024=ORIENTED_EDGE('',*,*,#2141,.F.);
#3025=ORIENTED_EDGE('',*,*,#2192,.T.);
#3026=ORIENTED_EDGE('',*,*,#2190,.F.);
#3027=ORIENTED_EDGE('',*,*,#2193,.F.);
#3028=ORIENTED_EDGE('',*,*,#2194,.T.);
#3029=ORIENTED_EDGE('',*,*,#2195,.T.);
#3030=ORIENTED_EDGE('',*,*,#2140,.F.);
#3031=ORIENTED_EDGE('',*,*,#2142,.T.);
#3032=ORIENTED_EDGE('',*,*,#2196,.T.);
#3033=ORIENTED_EDGE('',*,*,#2197,.T.);
#3034=ORIENTED_EDGE('',*,*,#2194,.F.);
#3035=ORIENTED_EDGE('',*,*,#2162,.T.);
#3036=ORIENTED_EDGE('',*,*,#2198,.T.);
#3037=ORIENTED_EDGE('',*,*,#2199,.T.);
#3038=ORIENTED_EDGE('',*,*,#2196,.F.);
#3039=ORIENTED_EDGE('',*,*,#2161,.T.);
#3040=ORIENTED_EDGE('',*,*,#2200,.T.);
#3041=ORIENTED_EDGE('',*,*,#1872,.T.);
#3042=ORIENTED_EDGE('',*,*,#2191,.F.);
#3043=ORIENTED_EDGE('',*,*,#2201,.T.);
#3044=ORIENTED_EDGE('',*,*,#2202,.T.);
#3045=ORIENTED_EDGE('',*,*,#1873,.T.);
#3046=ORIENTED_EDGE('',*,*,#2200,.F.);
#3047=ORIENTED_EDGE('',*,*,#2203,.T.);
#3048=ORIENTED_EDGE('',*,*,#2204,.T.);
#3049=ORIENTED_EDGE('',*,*,#1874,.T.);
#3050=ORIENTED_EDGE('',*,*,#2202,.F.);
#3051=ORIENTED_EDGE('',*,*,#2205,.T.);
#3052=ORIENTED_EDGE('',*,*,#2199,.F.);
#3053=ORIENTED_EDGE('',*,*,#2206,.T.);
#3054=ORIENTED_EDGE('',*,*,#2205,.F.);
#3055=ORIENTED_EDGE('',*,*,#2207,.F.);
#3056=ORIENTED_EDGE('',*,*,#2197,.F.);
#3057=ORIENTED_EDGE('',*,*,#2207,.T.);
#3058=ORIENTED_EDGE('',*,*,#2203,.F.);
#3059=ORIENTED_EDGE('',*,*,#2208,.F.);
#3060=ORIENTED_EDGE('',*,*,#2195,.F.);
#3061=ORIENTED_EDGE('',*,*,#2208,.T.);
#3062=ORIENTED_EDGE('',*,*,#2201,.F.);
#3063=ORIENTED_EDGE('',*,*,#2192,.F.);
#3064=ORIENTED_EDGE('',*,*,#2160,.T.);
#3065=ORIENTED_EDGE('',*,*,#2209,.T.);
#3066=ORIENTED_EDGE('',*,*,#2210,.T.);
#3067=ORIENTED_EDGE('',*,*,#2198,.F.);
#3068=ORIENTED_EDGE('',*,*,#2211,.T.);
#3069=ORIENTED_EDGE('',*,*,#2212,.T.);
#3070=ORIENTED_EDGE('',*,*,#1875,.T.);
#3071=ORIENTED_EDGE('',*,*,#2204,.F.);
#3072=ORIENTED_EDGE('',*,*,#2210,.F.);
#3073=ORIENTED_EDGE('',*,*,#2213,.T.);
#3074=ORIENTED_EDGE('',*,*,#2211,.F.);
#3075=ORIENTED_EDGE('',*,*,#2206,.F.);
#3076=ORIENTED_EDGE('',*,*,#2214,.T.);
#3077=ORIENTED_EDGE('',*,*,#2155,.T.);
#3078=ORIENTED_EDGE('',*,*,#2215,.T.);
#3079=ORIENTED_EDGE('',*,*,#2216,.T.);
#3080=ORIENTED_EDGE('',*,*,#2217,.T.);
#3081=ORIENTED_EDGE('',*,*,#2156,.T.);
#3082=ORIENTED_EDGE('',*,*,#2214,.F.);
#3083=ORIENTED_EDGE('',*,*,#2218,.T.);
#3084=ORIENTED_EDGE('',*,*,#2219,.T.);
#3085=ORIENTED_EDGE('',*,*,#2157,.T.);
#3086=ORIENTED_EDGE('',*,*,#2217,.F.);
#3087=ORIENTED_EDGE('',*,*,#2220,.T.);
#3088=ORIENTED_EDGE('',*,*,#2221,.T.);
#3089=ORIENTED_EDGE('',*,*,#2158,.T.);
#3090=ORIENTED_EDGE('',*,*,#2219,.F.);
#3091=ORIENTED_EDGE('',*,*,#2222,.T.);
#3092=ORIENTED_EDGE('',*,*,#2159,.T.);
#3093=ORIENTED_EDGE('',*,*,#2221,.F.);
#3094=ORIENTED_EDGE('',*,*,#2223,.T.);
#3095=ORIENTED_EDGE('',*,*,#2209,.F.);
#3096=ORIENTED_EDGE('',*,*,#2223,.F.);
#3097=ORIENTED_EDGE('',*,*,#2224,.T.);
#3098=ORIENTED_EDGE('',*,*,#2225,.F.);
#3099=ORIENTED_EDGE('',*,*,#2213,.F.);
#3100=ORIENTED_EDGE('',*,*,#2222,.F.);
#3101=ORIENTED_EDGE('',*,*,#2226,.T.);
#3102=ORIENTED_EDGE('',*,*,#2227,.F.);
#3103=ORIENTED_EDGE('',*,*,#2224,.F.);
#3104=ORIENTED_EDGE('',*,*,#2220,.F.);
#3105=ORIENTED_EDGE('',*,*,#2228,.T.);
#3106=ORIENTED_EDGE('',*,*,#2229,.F.);
#3107=ORIENTED_EDGE('',*,*,#2226,.F.);
#3108=ORIENTED_EDGE('',*,*,#2218,.F.);
#3109=ORIENTED_EDGE('',*,*,#2230,.T.);
#3110=ORIENTED_EDGE('',*,*,#2231,.F.);
#3111=ORIENTED_EDGE('',*,*,#2228,.F.);
#3112=ORIENTED_EDGE('',*,*,#2216,.F.);
#3113=ORIENTED_EDGE('',*,*,#2232,.T.);
#3114=ORIENTED_EDGE('',*,*,#2233,.F.);
#3115=ORIENTED_EDGE('',*,*,#2230,.F.);
#3116=ORIENTED_EDGE('',*,*,#2234,.T.);
#3117=ORIENTED_EDGE('',*,*,#1876,.T.);
#3118=ORIENTED_EDGE('',*,*,#2212,.F.);
#3119=ORIENTED_EDGE('',*,*,#2225,.T.);
#3120=ORIENTED_EDGE('',*,*,#2235,.T.);
#3121=ORIENTED_EDGE('',*,*,#1877,.T.);
#3122=ORIENTED_EDGE('',*,*,#2234,.F.);
#3123=ORIENTED_EDGE('',*,*,#2227,.T.);
#3124=ORIENTED_EDGE('',*,*,#2236,.T.);
#3125=ORIENTED_EDGE('',*,*,#1878,.T.);
#3126=ORIENTED_EDGE('',*,*,#2235,.F.);
#3127=ORIENTED_EDGE('',*,*,#2229,.T.);
#3128=ORIENTED_EDGE('',*,*,#2237,.T.);
#3129=ORIENTED_EDGE('',*,*,#1879,.T.);
#3130=ORIENTED_EDGE('',*,*,#2236,.F.);
#3131=ORIENTED_EDGE('',*,*,#2231,.T.);
#3132=ORIENTED_EDGE('',*,*,#2238,.T.);
#3133=ORIENTED_EDGE('',*,*,#1880,.T.);
#3134=ORIENTED_EDGE('',*,*,#2237,.F.);
#3135=ORIENTED_EDGE('',*,*,#2233,.T.);
#3136=ORIENTED_EDGE('',*,*,#2154,.T.);
#3137=ORIENTED_EDGE('',*,*,#2239,.T.);
#3138=ORIENTED_EDGE('',*,*,#2240,.T.);
#3139=ORIENTED_EDGE('',*,*,#2215,.F.);
#3140=ORIENTED_EDGE('',*,*,#2241,.T.);
#3141=ORIENTED_EDGE('',*,*,#2242,.T.);
#3142=ORIENTED_EDGE('',*,*,#1881,.T.);
#3143=ORIENTED_EDGE('',*,*,#2238,.F.);
#3144=ORIENTED_EDGE('',*,*,#2240,.F.);
#3145=ORIENTED_EDGE('',*,*,#2243,.T.);
#3146=ORIENTED_EDGE('',*,*,#2241,.F.);
#3147=ORIENTED_EDGE('',*,*,#2232,.F.);
#3148=ORIENTED_EDGE('',*,*,#2244,.T.);
#3149=ORIENTED_EDGE('',*,*,#2245,.T.);
#3150=ORIENTED_EDGE('',*,*,#2239,.F.);
#3151=ORIENTED_EDGE('',*,*,#2153,.T.);
#3152=ORIENTED_EDGE('',*,*,#2246,.T.);
#3153=ORIENTED_EDGE('',*,*,#2247,.T.);
#3154=ORIENTED_EDGE('',*,*,#2244,.F.);
#3155=ORIENTED_EDGE('',*,*,#2152,.T.);
#3156=ORIENTED_EDGE('',*,*,#2248,.T.);
#3157=ORIENTED_EDGE('',*,*,#2249,.T.);
#3158=ORIENTED_EDGE('',*,*,#2246,.F.);
#3159=ORIENTED_EDGE('',*,*,#2151,.T.);
#3160=ORIENTED_EDGE('',*,*,#2250,.T.);
#3161=ORIENTED_EDGE('',*,*,#2251,.T.);
#3162=ORIENTED_EDGE('',*,*,#2248,.F.);
#3163=ORIENTED_EDGE('',*,*,#2150,.T.);
#3164=ORIENTED_EDGE('',*,*,#2252,.T.);
#3165=ORIENTED_EDGE('',*,*,#2250,.F.);
#3166=ORIENTED_EDGE('',*,*,#2149,.T.);
#3167=ORIENTED_EDGE('',*,*,#2253,.T.);
#3168=ORIENTED_EDGE('',*,*,#2148,.T.);
#3169=ORIENTED_EDGE('',*,*,#2254,.T.);
#3170=ORIENTED_EDGE('',*,*,#2255,.T.);
#3171=ORIENTED_EDGE('',*,*,#2253,.F.);
#3172=ORIENTED_EDGE('',*,*,#2245,.F.);
#3173=ORIENTED_EDGE('',*,*,#2256,.T.);
#3174=ORIENTED_EDGE('',*,*,#2257,.F.);
#3175=ORIENTED_EDGE('',*,*,#2243,.F.);
#3176=ORIENTED_EDGE('',*,*,#2247,.F.);
#3177=ORIENTED_EDGE('',*,*,#2258,.T.);
#3178=ORIENTED_EDGE('',*,*,#2259,.F.);
#3179=ORIENTED_EDGE('',*,*,#2256,.F.);
#3180=ORIENTED_EDGE('',*,*,#2249,.F.);
#3181=ORIENTED_EDGE('',*,*,#2260,.T.);
#3182=ORIENTED_EDGE('',*,*,#2261,.F.);
#3183=ORIENTED_EDGE('',*,*,#2258,.F.);
#3184=ORIENTED_EDGE('',*,*,#2251,.F.);
#3185=ORIENTED_EDGE('',*,*,#2262,.T.);
#3186=ORIENTED_EDGE('',*,*,#2263,.F.);
#3187=ORIENTED_EDGE('',*,*,#2260,.F.);
#3188=ORIENTED_EDGE('',*,*,#2252,.F.);
#3189=ORIENTED_EDGE('',*,*,#2264,.T.);
#3190=ORIENTED_EDGE('',*,*,#2265,.F.);
#3191=ORIENTED_EDGE('',*,*,#2262,.F.);
#3192=ORIENTED_EDGE('',*,*,#2255,.F.);
#3193=ORIENTED_EDGE('',*,*,#2266,.T.);
#3194=ORIENTED_EDGE('',*,*,#2267,.F.);
#3195=ORIENTED_EDGE('',*,*,#2264,.F.);
#3196=ORIENTED_EDGE('',*,*,#2267,.T.);
#3197=ORIENTED_EDGE('',*,*,#2268,.T.);
#3198=ORIENTED_EDGE('',*,*,#1887,.T.);
#3199=ORIENTED_EDGE('',*,*,#2269,.T.);
#3200=ORIENTED_EDGE('',*,*,#2270,.T.);
#3201=ORIENTED_EDGE('',*,*,#1882,.T.);
#3202=ORIENTED_EDGE('',*,*,#2242,.F.);
#3203=ORIENTED_EDGE('',*,*,#2257,.T.);
#3204=ORIENTED_EDGE('',*,*,#2271,.T.);
#3205=ORIENTED_EDGE('',*,*,#1883,.T.);
#3206=ORIENTED_EDGE('',*,*,#2270,.F.);
#3207=ORIENTED_EDGE('',*,*,#2259,.T.);
#3208=ORIENTED_EDGE('',*,*,#2272,.T.);
#3209=ORIENTED_EDGE('',*,*,#1884,.T.);
#3210=ORIENTED_EDGE('',*,*,#2271,.F.);
#3211=ORIENTED_EDGE('',*,*,#2261,.T.);
#3212=ORIENTED_EDGE('',*,*,#2273,.T.);
#3213=ORIENTED_EDGE('',*,*,#1885,.T.);
#3214=ORIENTED_EDGE('',*,*,#2272,.F.);
#3215=ORIENTED_EDGE('',*,*,#2263,.T.);
#3216=ORIENTED_EDGE('',*,*,#1886,.T.);
#3217=ORIENTED_EDGE('',*,*,#2273,.F.);
#3218=ORIENTED_EDGE('',*,*,#2265,.T.);
#3219=ORIENTED_EDGE('',*,*,#2269,.F.);
#3220=ORIENTED_EDGE('',*,*,#2274,.T.);
#3221=ORIENTED_EDGE('',*,*,#2143,.T.);
#3222=ORIENTED_EDGE('',*,*,#2138,.F.);
#3223=ORIENTED_EDGE('',*,*,#2275,.T.);
#3224=ORIENTED_EDGE('',*,*,#2276,.T.);
#3225=ORIENTED_EDGE('',*,*,#2144,.T.);
#3226=ORIENTED_EDGE('',*,*,#2274,.F.);
#3227=ORIENTED_EDGE('',*,*,#2277,.T.);
#3228=ORIENTED_EDGE('',*,*,#2278,.T.);
#3229=ORIENTED_EDGE('',*,*,#2145,.T.);
#3230=ORIENTED_EDGE('',*,*,#2276,.F.);
#3231=ORIENTED_EDGE('',*,*,#2279,.T.);
#3232=ORIENTED_EDGE('',*,*,#2280,.T.);
#3233=ORIENTED_EDGE('',*,*,#2146,.T.);
#3234=ORIENTED_EDGE('',*,*,#2278,.F.);
#3235=ORIENTED_EDGE('',*,*,#2281,.T.);
#3236=ORIENTED_EDGE('',*,*,#2147,.T.);
#3237=ORIENTED_EDGE('',*,*,#2280,.F.);
#3238=ORIENTED_EDGE('',*,*,#2282,.T.);
#3239=ORIENTED_EDGE('',*,*,#2254,.F.);
#3240=ORIENTED_EDGE('',*,*,#2282,.F.);
#3241=ORIENTED_EDGE('',*,*,#2283,.T.);
#3242=ORIENTED_EDGE('',*,*,#2284,.F.);
#3243=ORIENTED_EDGE('',*,*,#2266,.F.);
#3244=ORIENTED_EDGE('',*,*,#2281,.F.);
#3245=ORIENTED_EDGE('',*,*,#2285,.T.);
#3246=ORIENTED_EDGE('',*,*,#2286,.F.);
#3247=ORIENTED_EDGE('',*,*,#2283,.F.);
#3248=ORIENTED_EDGE('',*,*,#2279,.F.);
#3249=ORIENTED_EDGE('',*,*,#2287,.T.);
#3250=ORIENTED_EDGE('',*,*,#2288,.F.);
#3251=ORIENTED_EDGE('',*,*,#2285,.F.);
#3252=ORIENTED_EDGE('',*,*,#2277,.F.);
#3253=ORIENTED_EDGE('',*,*,#2289,.T.);
#3254=ORIENTED_EDGE('',*,*,#2290,.F.);
#3255=ORIENTED_EDGE('',*,*,#2287,.F.);
#3256=ORIENTED_EDGE('',*,*,#2275,.F.);
#3257=ORIENTED_EDGE('',*,*,#2193,.T.);
#3258=ORIENTED_EDGE('',*,*,#2291,.F.);
#3259=ORIENTED_EDGE('',*,*,#2289,.F.);
#3260=ORIENTED_EDGE('',*,*,#2292,.T.);
#3261=ORIENTED_EDGE('',*,*,#1888,.T.);
#3262=ORIENTED_EDGE('',*,*,#2268,.F.);
#3263=ORIENTED_EDGE('',*,*,#2284,.T.);
#3264=ORIENTED_EDGE('',*,*,#2293,.T.);
#3265=ORIENTED_EDGE('',*,*,#1889,.T.);
#3266=ORIENTED_EDGE('',*,*,#2292,.F.);
#3267=ORIENTED_EDGE('',*,*,#2286,.T.);
#3268=ORIENTED_EDGE('',*,*,#2294,.T.);
#3269=ORIENTED_EDGE('',*,*,#1890,.T.);
#3270=ORIENTED_EDGE('',*,*,#2293,.F.);
#3271=ORIENTED_EDGE('',*,*,#2288,.T.);
#3272=ORIENTED_EDGE('',*,*,#2295,.T.);
#3273=ORIENTED_EDGE('',*,*,#1891,.T.);
#3274=ORIENTED_EDGE('',*,*,#2294,.F.);
#3275=ORIENTED_EDGE('',*,*,#2290,.T.);
#3276=ORIENTED_EDGE('',*,*,#1892,.T.);
#3277=ORIENTED_EDGE('',*,*,#2295,.F.);
#3278=ORIENTED_EDGE('',*,*,#2291,.T.);
#3279=ORIENTED_EDGE('',*,*,#2189,.F.);
#3280=ORIENTED_EDGE('',*,*,#1936,.F.);
#3281=ORIENTED_EDGE('',*,*,#2296,.T.);
#3282=ORIENTED_EDGE('',*,*,#2188,.T.);
#3283=ORIENTED_EDGE('',*,*,#2296,.F.);
#3284=ORIENTED_EDGE('',*,*,#1935,.F.);
#3285=ORIENTED_EDGE('',*,*,#2297,.T.);
#3286=ORIENTED_EDGE('',*,*,#2187,.T.);
#3287=ORIENTED_EDGE('',*,*,#2297,.F.);
#3288=ORIENTED_EDGE('',*,*,#1934,.F.);
#3289=ORIENTED_EDGE('',*,*,#2298,.T.);
#3290=ORIENTED_EDGE('',*,*,#2186,.T.);
#3291=ORIENTED_EDGE('',*,*,#2298,.F.);
#3292=ORIENTED_EDGE('',*,*,#1933,.F.);
#3293=ORIENTED_EDGE('',*,*,#2299,.T.);
#3294=ORIENTED_EDGE('',*,*,#2185,.T.);
#3295=ORIENTED_EDGE('',*,*,#2299,.F.);
#3296=ORIENTED_EDGE('',*,*,#1932,.F.);
#3297=ORIENTED_EDGE('',*,*,#2300,.T.);
#3298=ORIENTED_EDGE('',*,*,#2184,.T.);
#3299=ORIENTED_EDGE('',*,*,#2300,.F.);
#3300=ORIENTED_EDGE('',*,*,#1931,.F.);
#3301=ORIENTED_EDGE('',*,*,#2301,.T.);
#3302=ORIENTED_EDGE('',*,*,#2183,.T.);
#3303=ORIENTED_EDGE('',*,*,#2301,.F.);
#3304=ORIENTED_EDGE('',*,*,#1930,.F.);
#3305=ORIENTED_EDGE('',*,*,#2302,.T.);
#3306=ORIENTED_EDGE('',*,*,#2182,.T.);
#3307=ORIENTED_EDGE('',*,*,#2302,.F.);
#3308=ORIENTED_EDGE('',*,*,#1929,.F.);
#3309=ORIENTED_EDGE('',*,*,#2303,.T.);
#3310=ORIENTED_EDGE('',*,*,#2181,.T.);
#3311=ORIENTED_EDGE('',*,*,#2303,.F.);
#3312=ORIENTED_EDGE('',*,*,#1928,.F.);
#3313=ORIENTED_EDGE('',*,*,#2304,.T.);
#3314=ORIENTED_EDGE('',*,*,#2180,.T.);
#3315=ORIENTED_EDGE('',*,*,#2304,.F.);
#3316=ORIENTED_EDGE('',*,*,#1927,.F.);
#3317=ORIENTED_EDGE('',*,*,#2305,.T.);
#3318=ORIENTED_EDGE('',*,*,#2179,.T.);
#3319=ORIENTED_EDGE('',*,*,#2305,.F.);
#3320=ORIENTED_EDGE('',*,*,#1926,.F.);
#3321=ORIENTED_EDGE('',*,*,#2306,.T.);
#3322=ORIENTED_EDGE('',*,*,#2178,.T.);
#3323=ORIENTED_EDGE('',*,*,#2306,.F.);
#3324=ORIENTED_EDGE('',*,*,#2110,.T.);
#3325=ORIENTED_EDGE('',*,*,#2111,.T.);
#3326=ORIENTED_EDGE('',*,*,#1925,.F.);
#3327=ORIENTED_EDGE('',*,*,#2307,.T.);
#3328=ORIENTED_EDGE('',*,*,#2177,.T.);
#3329=ORIENTED_EDGE('',*,*,#2307,.F.);
#3330=ORIENTED_EDGE('',*,*,#1924,.F.);
#3331=ORIENTED_EDGE('',*,*,#2308,.T.);
#3332=ORIENTED_EDGE('',*,*,#2176,.T.);
#3333=ORIENTED_EDGE('',*,*,#2308,.F.);
#3334=ORIENTED_EDGE('',*,*,#1923,.F.);
#3335=ORIENTED_EDGE('',*,*,#2309,.T.);
#3336=ORIENTED_EDGE('',*,*,#2175,.T.);
#3337=ORIENTED_EDGE('',*,*,#2309,.F.);
#3338=ORIENTED_EDGE('',*,*,#2117,.T.);
#3339=ORIENTED_EDGE('',*,*,#2118,.T.);
#3340=ORIENTED_EDGE('',*,*,#2173,.T.);
#3341=ORIENTED_EDGE('',*,*,#2310,.T.);
#3342=ORIENTED_EDGE('',*,*,#1922,.F.);
#3343=ORIENTED_EDGE('',*,*,#2311,.F.);
#3344=ORIENTED_EDGE('',*,*,#2174,.T.);
#3345=ORIENTED_EDGE('',*,*,#2311,.T.);
#3346=ORIENTED_EDGE('',*,*,#1921,.F.);
#3347=ORIENTED_EDGE('',*,*,#2312,.F.);
#3348=ORIENTED_EDGE('',*,*,#2172,.T.);
#3349=ORIENTED_EDGE('',*,*,#2312,.T.);
#3350=ORIENTED_EDGE('',*,*,#1920,.F.);
#3351=ORIENTED_EDGE('',*,*,#2310,.F.);
#3352=ORIENTED_EDGE('',*,*,#2097,.T.);
#3353=ORIENTED_EDGE('',*,*,#2098,.T.);
#3354=ORIENTED_EDGE('',*,*,#1919,.F.);
#3355=ORIENTED_EDGE('',*,*,#2313,.T.);
#3356=ORIENTED_EDGE('',*,*,#2171,.T.);
#3357=ORIENTED_EDGE('',*,*,#2313,.F.);
#3358=ORIENTED_EDGE('',*,*,#1918,.F.);
#3359=ORIENTED_EDGE('',*,*,#2314,.T.);
#3360=ORIENTED_EDGE('',*,*,#2170,.T.);
#3361=ORIENTED_EDGE('',*,*,#2314,.F.);
#3362=ORIENTED_EDGE('',*,*,#1917,.F.);
#3363=ORIENTED_EDGE('',*,*,#2315,.T.);
#3364=ORIENTED_EDGE('',*,*,#2169,.T.);
#3365=ORIENTED_EDGE('',*,*,#2315,.F.);
#3366=ORIENTED_EDGE('',*,*,#2082,.T.);
#3367=ORIENTED_EDGE('',*,*,#2083,.T.);
#3368=ORIENTED_EDGE('',*,*,#1916,.F.);
#3369=ORIENTED_EDGE('',*,*,#2316,.T.);
#3370=ORIENTED_EDGE('',*,*,#2168,.T.);
#3371=ORIENTED_EDGE('',*,*,#2316,.F.);
#3372=ORIENTED_EDGE('',*,*,#1915,.F.);
#3373=ORIENTED_EDGE('',*,*,#2317,.T.);
#3374=ORIENTED_EDGE('',*,*,#2167,.T.);
#3375=ORIENTED_EDGE('',*,*,#2317,.F.);
#3376=ORIENTED_EDGE('',*,*,#1914,.F.);
#3377=ORIENTED_EDGE('',*,*,#2318,.T.);
#3378=ORIENTED_EDGE('',*,*,#2166,.T.);
#3379=ORIENTED_EDGE('',*,*,#2318,.F.);
#3380=ORIENTED_EDGE('',*,*,#1913,.F.);
#3381=ORIENTED_EDGE('',*,*,#2319,.T.);
#3382=ORIENTED_EDGE('',*,*,#2165,.T.);
#3383=ORIENTED_EDGE('',*,*,#2319,.F.);
#3384=ORIENTED_EDGE('',*,*,#1912,.F.);
#3385=ORIENTED_EDGE('',*,*,#2320,.T.);
#3386=ORIENTED_EDGE('',*,*,#2164,.T.);
#3387=ORIENTED_EDGE('',*,*,#2320,.F.);
#3388=ORIENTED_EDGE('',*,*,#1911,.F.);
#3389=ORIENTED_EDGE('',*,*,#2321,.T.);
#3390=ORIENTED_EDGE('',*,*,#2163,.T.);
#3391=ORIENTED_EDGE('',*,*,#2321,.F.);
#3392=CYLINDRICAL_SURFACE('',#3720,3.25);
#3393=CYLINDRICAL_SURFACE('',#3727,3.25);
#3394=CYLINDRICAL_SURFACE('',#3730,2.1);
#3395=CYLINDRICAL_SURFACE('',#3737,2.1);
#3396=CYLINDRICAL_SURFACE('',#3754,0.5);
#3397=CYLINDRICAL_SURFACE('',#3759,0.5);
#3398=CYLINDRICAL_SURFACE('',#3765,0.5);
#3399=CYLINDRICAL_SURFACE('',#3771,0.5);
#3400=CYLINDRICAL_SURFACE('',#3772,0.5);
#3401=CYLINDRICAL_SURFACE('',#3777,0.5);
#3402=CYLINDRICAL_SURFACE('',#3778,0.5);
#3403=CYLINDRICAL_SURFACE('',#3783,0.5);
#3404=CYLINDRICAL_SURFACE('',#3788,0.5);
#3405=CYLINDRICAL_SURFACE('',#3789,0.5);
#3406=CYLINDRICAL_SURFACE('',#3790,0.5);
#3407=CYLINDRICAL_SURFACE('',#3791,0.5);
#3408=CYLINDRICAL_SURFACE('',#3864,0.5);
#3409=CYLINDRICAL_SURFACE('',#3865,0.5);
#3410=CYLINDRICAL_SURFACE('',#3870,0.5);
#3411=CYLINDRICAL_SURFACE('',#3879,0.5);
#3412=CYLINDRICAL_SURFACE('',#3880,0.5);
#3413=CYLINDRICAL_SURFACE('',#3881,0.5);
#3414=CYLINDRICAL_SURFACE('',#3882,0.5);
#3415=CYLINDRICAL_SURFACE('',#3883,0.5);
#3416=CYLINDRICAL_SURFACE('',#3884,0.5);
#3417=CYLINDRICAL_SURFACE('',#3885,0.5);
#3418=CYLINDRICAL_SURFACE('',#3886,0.5);
#3419=CYLINDRICAL_SURFACE('',#3887,0.5);
#3420=CYLINDRICAL_SURFACE('',#3893,2.1);
#3421=CYLINDRICAL_SURFACE('',#3896,2.1);
#3422=CYLINDRICAL_SURFACE('',#3914,2.00000000000001);
#3423=CYLINDRICAL_SURFACE('',#3925,1.99999999999999);
#3424=CYLINDRICAL_SURFACE('',#3930,2.);
#3425=CYLINDRICAL_SURFACE('',#3934,2.00000000000001);
#3426=CYLINDRICAL_SURFACE('',#3938,2.00000000000001);
#3427=CYLINDRICAL_SURFACE('',#3941,2.00000000000001);
#3428=CYLINDRICAL_SURFACE('',#3949,3.25);
#3429=CYLINDRICAL_SURFACE('',#3956,3.25);
#3430=CYLINDRICAL_SURFACE('',#3960,3.25);
#3431=CYLINDRICAL_SURFACE('',#3964,3.25);
#3432=CYLINDRICAL_SURFACE('',#3970,3.25);
#3433=CYLINDRICAL_SURFACE('',#3974,3.25);
#3434=CYLINDRICAL_SURFACE('',#3980,3.25);
#3435=CYLINDRICAL_SURFACE('',#3983,3.25);
#3436=CYLINDRICAL_SURFACE('',#3987,3.25);
#3437=CYLINDRICAL_SURFACE('',#3991,3.25);
#3438=CYLINDRICAL_SURFACE('',#3992,0.85);
#3439=CYLINDRICAL_SURFACE('',#3994,0.85);
#3440=CYLINDRICAL_SURFACE('',#3997,2.);
#3441=CYLINDRICAL_SURFACE('',#4000,2.);
#3442=CYLINDRICAL_SURFACE('',#4042,17.);
#3443=CYLINDRICAL_SURFACE('',#4043,2.);
#3444=CYLINDRICAL_SURFACE('',#4048,2.);
#3445=CYLINDRICAL_SURFACE('',#4049,2.);
#3446=CYLINDRICAL_SURFACE('',#4054,2.);
#3447=CYLINDRICAL_SURFACE('',#4056,20.0000000000002);
#3448=CYLINDRICAL_SURFACE('',#4062,17.);
#3449=CYLINDRICAL_SURFACE('',#4063,2.);
#3450=CYLINDRICAL_SURFACE('',#4068,2.);
#3451=CYLINDRICAL_SURFACE('',#4073,2.);
#3452=CYLINDRICAL_SURFACE('',#4075,29.9999999999999);
#3453=CYLINDRICAL_SURFACE('',#4078,20.);
#3454=CYLINDRICAL_SURFACE('',#4081,2.);
#3455=CYLINDRICAL_SURFACE('',#4085,2.);
#3456=CYLINDRICAL_SURFACE('',#4089,2.);
#3457=CYLINDRICAL_SURFACE('',#4094,17.);
#3458=CYLINDRICAL_SURFACE('',#4095,2.);
#3459=CYLINDRICAL_SURFACE('',#4100,2.);
#3460=CYLINDRICAL_SURFACE('',#4105,2.);
#3461=CYLINDRICAL_SURFACE('',#4109,10.0000000000003);
#3462=CYLINDRICAL_SURFACE('',#4112,10.);
#3463=CYLINDRICAL_SURFACE('',#4115,17.);
#3464=CYLINDRICAL_SURFACE('',#4118,2.);
#3465=CYLINDRICAL_SURFACE('',#4122,2.);
#3466=CYLINDRICAL_SURFACE('',#4126,2.);
#3467=CYLINDRICAL_SURFACE('',#4127,2.);
#3468=CYLINDRICAL_SURFACE('',#4132,2.);
#3469=CYLINDRICAL_SURFACE('',#4137,2.);
#3470=CYLINDRICAL_SURFACE('',#4139,20.);
#3471=CYLINDRICAL_SURFACE('',#4142,30.0000000000001);
#3472=CYLINDRICAL_SURFACE('',#4145,2.);
#3473=CYLINDRICAL_SURFACE('',#4149,2.);
#3474=CYLINDRICAL_SURFACE('',#4153,2.);
#3475=CYLINDRICAL_SURFACE('',#4154,1.6);
#3476=CYLINDRICAL_SURFACE('',#4155,1.6);
#3477=CYLINDRICAL_SURFACE('',#4156,1.6);
#3478=CYLINDRICAL_SURFACE('',#4157,1.6);
#3479=CYLINDRICAL_SURFACE('',#4158,1.6);
#3480=CYLINDRICAL_SURFACE('',#4159,1.6);
#3481=CYLINDRICAL_SURFACE('',#4160,1.6);
#3482=CYLINDRICAL_SURFACE('',#4161,1.6);
#3483=CYLINDRICAL_SURFACE('',#4162,1.6);
#3484=CYLINDRICAL_SURFACE('',#4163,1.6);
#3485=CYLINDRICAL_SURFACE('',#4164,5.);
#3486=CYLINDRICAL_SURFACE('',#4165,1.6);
#3487=CYLINDRICAL_SURFACE('',#4166,1.6);
#3488=CYLINDRICAL_SURFACE('',#4167,5.);
#3489=CYLINDRICAL_SURFACE('',#4170,5.);
#3490=CYLINDRICAL_SURFACE('',#4171,1.6);
#3491=CYLINDRICAL_SURFACE('',#4172,1.6);
#3492=CYLINDRICAL_SURFACE('',#4173,5.);
#3493=CYLINDRICAL_SURFACE('',#4174,1.6);
#3494=CYLINDRICAL_SURFACE('',#4175,1.6);
#3495=CYLINDRICAL_SURFACE('',#4176,1.6);
#3496=CYLINDRICAL_SURFACE('',#4177,1.6);
#3497=CYLINDRICAL_SURFACE('',#4178,1.6);
#3498=CYLINDRICAL_SURFACE('',#4179,1.6);
#3499=ADVANCED_FACE('',(#206),#3392,.F.);
#3500=ADVANCED_FACE('',(#207),#3393,.F.);
#3501=ADVANCED_FACE('',(#208),#3394,.F.);
#3502=ADVANCED_FACE('',(#209),#3395,.F.);
#3503=ADVANCED_FACE('',(#210),#176,.T.);
#3504=ADVANCED_FACE('',(#211),#177,.T.);
#3505=ADVANCED_FACE('',(#212),#3396,.T.);
#3506=ADVANCED_FACE('',(#213),#168,.F.);
#3507=ADVANCED_FACE('',(#214),#3397,.F.);
#3508=ADVANCED_FACE('',(#215),#178,.T.);
#3509=ADVANCED_FACE('',(#216),#3398,.T.);
#3510=ADVANCED_FACE('',(#217),#179,.T.);
#3511=ADVANCED_FACE('',(#218),#3399,.T.);
#3512=ADVANCED_FACE('',(#219),#3400,.T.);
#3513=ADVANCED_FACE('',(#220),#169,.F.);
#3514=ADVANCED_FACE('',(#221),#3401,.F.);
#3515=ADVANCED_FACE('',(#222),#3402,.F.);
#3516=ADVANCED_FACE('',(#223),#170,.F.);
#3517=ADVANCED_FACE('',(#224),#3403,.F.);
#3518=ADVANCED_FACE('',(#225),#171,.F.);
#3519=ADVANCED_FACE('',(#226),#3404,.F.);
#3520=ADVANCED_FACE('',(#227),#3405,.F.);
#3521=ADVANCED_FACE('',(#228),#3406,.F.);
#3522=ADVANCED_FACE('',(#229),#3407,.F.);
#3523=ADVANCED_FACE('',(#230),#106,.F.);
#3524=ADVANCED_FACE('',(#231),#107,.F.);
#3525=ADVANCED_FACE('',(#232,#39,#40,#41,#42,#43,#44,#45,#46,#47,#48,#49,
#50,#51,#52,#53,#54,#55,#56,#57,#58,#59,#60,#61,#62,#63,#64,#65,#66,#67,
#68,#69,#70,#71),#108,.T.);
#3526=ADVANCED_FACE('',(#233),#109,.F.);
#3527=ADVANCED_FACE('',(#234),#110,.F.);
#3528=ADVANCED_FACE('',(#235),#111,.F.);
#3529=ADVANCED_FACE('',(#236),#172,.F.);
#3530=ADVANCED_FACE('',(#237),#180,.T.);
#3531=ADVANCED_FACE('',(#238),#173,.F.);
#3532=ADVANCED_FACE('',(#239),#174,.F.);
#3533=ADVANCED_FACE('',(#240),#181,.T.);
#3534=ADVANCED_FACE('',(#241),#3408,.T.);
#3535=ADVANCED_FACE('',(#242),#3409,.F.);
#3536=ADVANCED_FACE('',(#243),#182,.T.);
#3537=ADVANCED_FACE('',(#244),#3410,.T.);
#3538=ADVANCED_FACE('',(#245),#175,.F.);
#3539=ADVANCED_FACE('',(#246),#183,.T.);
#3540=ADVANCED_FACE('',(#247),#3411,.T.);
#3541=ADVANCED_FACE('',(#248),#3412,.T.);
#3542=ADVANCED_FACE('',(#249),#3413,.F.);
#3543=ADVANCED_FACE('',(#250),#3414,.F.);
#3544=ADVANCED_FACE('',(#251),#3415,.F.);
#3545=ADVANCED_FACE('',(#252),#3416,.F.);
#3546=ADVANCED_FACE('',(#253),#3417,.F.);
#3547=ADVANCED_FACE('',(#254),#3418,.F.);
#3548=ADVANCED_FACE('',(#255),#3419,.F.);
#3549=ADVANCED_FACE('',(#256),#112,.F.);
#3550=ADVANCED_FACE('',(#257),#113,.F.);
#3551=ADVANCED_FACE('',(#258),#114,.F.);
#3552=ADVANCED_FACE('',(#259),#115,.F.);
#3553=ADVANCED_FACE('',(#260),#116,.F.);
#3554=ADVANCED_FACE('',(#261),#3420,.F.);
#3555=ADVANCED_FACE('',(#262),#3421,.F.);
#3556=ADVANCED_FACE('',(#263),#117,.T.);
#3557=ADVANCED_FACE('',(#264),#118,.F.);
#3558=ADVANCED_FACE('',(#265),#119,.F.);
#3559=ADVANCED_FACE('',(#266),#120,.F.);
#3560=ADVANCED_FACE('',(#267),#121,.F.);
#3561=ADVANCED_FACE('',(#268),#122,.F.);
#3562=ADVANCED_FACE('',(#269),#123,.F.);
#3563=ADVANCED_FACE('',(#270),#124,.F.);
#3564=ADVANCED_FACE('',(#271),#125,.F.);
#3565=ADVANCED_FACE('',(#272),#126,.F.);
#3566=ADVANCED_FACE('',(#273),#127,.F.);
#3567=ADVANCED_FACE('',(#274),#128,.T.);
#3568=ADVANCED_FACE('',(#275),#3422,.T.);
#3569=ADVANCED_FACE('',(#276),#129,.F.);
#3570=ADVANCED_FACE('',(#277),#130,.F.);
#3571=ADVANCED_FACE('',(#278),#131,.F.);
#3572=ADVANCED_FACE('',(#279),#132,.F.);
#3573=ADVANCED_FACE('',(#280),#133,.F.);
#3574=ADVANCED_FACE('',(#281),#134,.F.);
#3575=ADVANCED_FACE('',(#282),#135,.F.);
#3576=ADVANCED_FACE('',(#283),#136,.F.);
#3577=ADVANCED_FACE('',(#284),#3423,.F.);
#3578=ADVANCED_FACE('',(#285),#137,.T.);
#3579=ADVANCED_FACE('',(#286,#72),#138,.T.);
#3580=ADVANCED_FACE('',(#287),#3424,.T.);
#3581=ADVANCED_FACE('',(#288),#139,.T.);
#3582=ADVANCED_FACE('',(#289),#3425,.T.);
#3583=ADVANCED_FACE('',(#290,#73),#140,.T.);
#3584=ADVANCED_FACE('',(#291),#3426,.T.);
#3585=ADVANCED_FACE('',(#292),#3427,.F.);
#3586=ADVANCED_FACE('',(#293),#141,.T.);
#3587=ADVANCED_FACE('',(#294),#142,.T.);
#3588=ADVANCED_FACE('',(#295),#143,.T.);
#3589=ADVANCED_FACE('',(#296),#144,.T.);
#3590=ADVANCED_FACE('',(#297),#3428,.F.);
#3591=ADVANCED_FACE('',(#298),#145,.T.);
#3592=ADVANCED_FACE('',(#299),#3429,.F.);
#3593=ADVANCED_FACE('',(#300),#3430,.F.);
#3594=ADVANCED_FACE('',(#301),#146,.T.);
#3595=ADVANCED_FACE('',(#302),#3431,.F.);
#3596=ADVANCED_FACE('',(#303),#147,.F.);
#3597=ADVANCED_FACE('',(#304),#3432,.F.);
#3598=ADVANCED_FACE('',(#305),#148,.T.);
#3599=ADVANCED_FACE('',(#306),#3433,.F.);
#3600=ADVANCED_FACE('',(#307),#149,.F.);
#3601=ADVANCED_FACE('',(#308),#3434,.F.);
#3602=ADVANCED_FACE('',(#309),#150,.T.);
#3603=ADVANCED_FACE('',(#310),#3435,.F.);
#3604=ADVANCED_FACE('',(#311),#3436,.F.);
#3605=ADVANCED_FACE('',(#312),#151,.T.);
#3606=ADVANCED_FACE('',(#313),#3437,.F.);
#3607=ADVANCED_FACE('',(#314),#3438,.F.);
#3608=ADVANCED_FACE('',(#315),#3439,.F.);
#3609=ADVANCED_FACE('',(#316),#152,.F.);
#3610=ADVANCED_FACE('',(#317),#3440,.F.);
#3611=ADVANCED_FACE('',(#318),#153,.F.);
#3612=ADVANCED_FACE('',(#319),#3441,.F.);
#3613=ADVANCED_FACE('',(#320),#184,.T.);
#3614=ADVANCED_FACE('',(#321,#74,#75,#76,#77,#78,#79,#80,#81,#82,#83,#84,
#85,#86,#87,#88,#89,#90,#91,#92,#93,#94,#95,#96,#97,#98,#99,#100,#101),
#154,.F.);
#3615=ADVANCED_FACE('',(#322),#185,.T.);
#3616=ADVANCED_FACE('',(#323),#3442,.T.);
#3617=ADVANCED_FACE('',(#324),#3443,.T.);
#3618=ADVANCED_FACE('',(#325),#186,.T.);
#3619=ADVANCED_FACE('',(#326),#3444,.T.);
#3620=ADVANCED_FACE('',(#327),#3445,.T.);
#3621=ADVANCED_FACE('',(#328),#187,.T.);
#3622=ADVANCED_FACE('',(#329),#3446,.T.);
#3623=ADVANCED_FACE('',(#330),#155,.T.);
#3624=ADVANCED_FACE('',(#331),#3447,.F.);
#3625=ADVANCED_FACE('',(#332),#156,.T.);
#3626=ADVANCED_FACE('',(#333),#188,.T.);
#3627=ADVANCED_FACE('',(#334),#189,.T.);
#3628=ADVANCED_FACE('',(#335),#3448,.T.);
#3629=ADVANCED_FACE('',(#336),#3449,.T.);
#3630=ADVANCED_FACE('',(#337),#190,.T.);
#3631=ADVANCED_FACE('',(#338),#3450,.T.);
#3632=ADVANCED_FACE('',(#339),#191,.T.);
#3633=ADVANCED_FACE('',(#340),#3451,.T.);
#3634=ADVANCED_FACE('',(#341),#157,.T.);
#3635=ADVANCED_FACE('',(#342),#3452,.F.);
#3636=ADVANCED_FACE('',(#343),#158,.T.);
#3637=ADVANCED_FACE('',(#344),#3453,.F.);
#3638=ADVANCED_FACE('',(#345),#159,.T.);
#3639=ADVANCED_FACE('',(#346),#3454,.T.);
#3640=ADVANCED_FACE('',(#347),#192,.T.);
#3641=ADVANCED_FACE('',(#348),#3455,.T.);
#3642=ADVANCED_FACE('',(#349),#193,.T.);
#3643=ADVANCED_FACE('',(#350),#3456,.T.);
#3644=ADVANCED_FACE('',(#351),#194,.T.);
#3645=ADVANCED_FACE('',(#352),#195,.T.);
#3646=ADVANCED_FACE('',(#353),#3457,.T.);
#3647=ADVANCED_FACE('',(#354),#3458,.T.);
#3648=ADVANCED_FACE('',(#355),#196,.T.);
#3649=ADVANCED_FACE('',(#356),#3459,.T.);
#3650=ADVANCED_FACE('',(#357),#197,.T.);
#3651=ADVANCED_FACE('',(#358),#3460,.T.);
#3652=ADVANCED_FACE('',(#359),#198,.T.);
#3653=ADVANCED_FACE('',(#360),#160,.T.);
#3654=ADVANCED_FACE('',(#361),#3461,.F.);
#3655=ADVANCED_FACE('',(#362),#161,.T.);
#3656=ADVANCED_FACE('',(#363),#3462,.F.);
#3657=ADVANCED_FACE('',(#364),#162,.T.);
#3658=ADVANCED_FACE('',(#365),#3463,.T.);
#3659=ADVANCED_FACE('',(#366),#199,.T.);
#3660=ADVANCED_FACE('',(#367),#3464,.T.);
#3661=ADVANCED_FACE('',(#368),#200,.T.);
#3662=ADVANCED_FACE('',(#369),#3465,.T.);
#3663=ADVANCED_FACE('',(#370),#201,.T.);
#3664=ADVANCED_FACE('',(#371),#3466,.T.);
#3665=ADVANCED_FACE('',(#372),#3467,.T.);
#3666=ADVANCED_FACE('',(#373),#202,.T.);
#3667=ADVANCED_FACE('',(#374),#3468,.T.);
#3668=ADVANCED_FACE('',(#375),#203,.T.);
#3669=ADVANCED_FACE('',(#376),#3469,.T.);
#3670=ADVANCED_FACE('',(#377),#163,.T.);
#3671=ADVANCED_FACE('',(#378),#3470,.F.);
#3672=ADVANCED_FACE('',(#379),#164,.T.);
#3673=ADVANCED_FACE('',(#380),#3471,.F.);
#3674=ADVANCED_FACE('',(#381),#165,.T.);
#3675=ADVANCED_FACE('',(#382),#3472,.T.);
#3676=ADVANCED_FACE('',(#383),#204,.T.);
#3677=ADVANCED_FACE('',(#384),#3473,.T.);
#3678=ADVANCED_FACE('',(#385),#205,.T.);
#3679=ADVANCED_FACE('',(#386),#3474,.T.);
#3680=ADVANCED_FACE('',(#387),#3475,.F.);
#3681=ADVANCED_FACE('',(#388),#3476,.F.);
#3682=ADVANCED_FACE('',(#389),#3477,.F.);
#3683=ADVANCED_FACE('',(#390),#3478,.F.);
#3684=ADVANCED_FACE('',(#391),#3479,.F.);
#3685=ADVANCED_FACE('',(#392),#3480,.F.);
#3686=ADVANCED_FACE('',(#393),#3481,.F.);
#3687=ADVANCED_FACE('',(#394),#3482,.F.);
#3688=ADVANCED_FACE('',(#395),#3483,.F.);
#3689=ADVANCED_FACE('',(#396),#3484,.F.);
#3690=ADVANCED_FACE('',(#397,#102),#3485,.F.);
#3691=ADVANCED_FACE('',(#398),#3486,.F.);
#3692=ADVANCED_FACE('',(#399),#3487,.F.);
#3693=ADVANCED_FACE('',(#400,#103),#3488,.F.);
#3694=ADVANCED_FACE('',(#401),#166,.T.);
#3695=ADVANCED_FACE('',(#402),#167,.T.);
#3696=ADVANCED_FACE('',(#403,#104),#3489,.F.);
#3697=ADVANCED_FACE('',(#404),#3490,.F.);
#3698=ADVANCED_FACE('',(#405),#3491,.F.);
#3699=ADVANCED_FACE('',(#406,#105),#3492,.F.);
#3700=ADVANCED_FACE('',(#407),#3493,.F.);
#3701=ADVANCED_FACE('',(#408),#3494,.F.);
#3702=ADVANCED_FACE('',(#409),#3495,.F.);
#3703=ADVANCED_FACE('',(#410),#3496,.F.);
#3704=ADVANCED_FACE('',(#411),#3497,.F.);
#3705=ADVANCED_FACE('',(#412),#3498,.F.);
#3706=CLOSED_SHELL('',(#3499,#3500,#3501,#3502,#3503,#3504,#3505,#3506,
#3507,#3508,#3509,#3510,#3511,#3512,#3513,#3514,#3515,#3516,#3517,#3518,
#3519,#3520,#3521,#3522,#3523,#3524,#3525,#3526,#3527,#3528,#3529,#3530,
#3531,#3532,#3533,#3534,#3535,#3536,#3537,#3538,#3539,#3540,#3541,#3542,
#3543,#3544,#3545,#3546,#3547,#3548,#3549,#3550,#3551,#3552,#3553,#3554,
#3555,#3556,#3557,#3558,#3559,#3560,#3561,#3562,#3563,#3564,#3565,#3566,
#3567,#3568,#3569,#3570,#3571,#3572,#3573,#3574,#3575,#3576,#3577,#3578,
#3579,#3580,#3581,#3582,#3583,#3584,#3585,#3586,#3587,#3588,#3589,#3590,
#3591,#3592,#3593,#3594,#3595,#3596,#3597,#3598,#3599,#3600,#3601,#3602,
#3603,#3604,#3605,#3606,#3607,#3608,#3609,#3610,#3611,#3612,#3613,#3614,
#3615,#3616,#3617,#3618,#3619,#3620,#3621,#3622,#3623,#3624,#3625,#3626,
#3627,#3628,#3629,#3630,#3631,#3632,#3633,#3634,#3635,#3636,#3637,#3638,
#3639,#3640,#3641,#3642,#3643,#3644,#3645,#3646,#3647,#3648,#3649,#3650,
#3651,#3652,#3653,#3654,#3655,#3656,#3657,#3658,#3659,#3660,#3661,#3662,
#3663,#3664,#3665,#3666,#3667,#3668,#3669,#3670,#3671,#3672,#3673,#3674,
#3675,#3676,#3677,#3678,#3679,#3680,#3681,#3682,#3683,#3684,#3685,#3686,
#3687,#3688,#3689,#3690,#3691,#3692,#3693,#3694,#3695,#3696,#3697,#3698,
#3699,#3700,#3701,#3702,#3703,#3704,#3705));
#3707=DERIVED_UNIT_ELEMENT(#3709,1.);
#3708=DERIVED_UNIT_ELEMENT(#6783,-3.);
#3709=(
MASS_UNIT()
NAMED_UNIT(*)
SI_UNIT(.KILO.,.GRAM.)
);
#3710=DERIVED_UNIT((#3707,#3708));
#3711=MEASURE_REPRESENTATION_ITEM('density measure',
POSITIVE_RATIO_MEASURE(7850.),#3710);
#3712=PROPERTY_DEFINITION_REPRESENTATION(#3717,#3714);
#3713=PROPERTY_DEFINITION_REPRESENTATION(#3718,#3715);
#3714=REPRESENTATION('material name',(#3716),#6780);
#3715=REPRESENTATION('density',(#3711),#6780);
#3716=DESCRIPTIVE_REPRESENTATION_ITEM('Steel','Steel');
#3717=PROPERTY_DEFINITION('material property','material name',#6790);
#3718=PROPERTY_DEFINITION('material property','density of part',#6790);
#3719=AXIS2_PLACEMENT_3D('',#5360,#4180,#4181);
#3720=AXIS2_PLACEMENT_3D('',#5361,#4182,#4183);
#3721=AXIS2_PLACEMENT_3D('',#5366,#4185,#4186);
#3722=AXIS2_PLACEMENT_3D('',#5368,#4187,#4188);
#3723=AXIS2_PLACEMENT_3D('',#5370,#4189,#4190);
#3724=AXIS2_PLACEMENT_3D('',#5373,#4192,#4193);
#3725=AXIS2_PLACEMENT_3D('',#5375,#4194,#4195);
#3726=AXIS2_PLACEMENT_3D('',#5376,#4196,#4197);
#3727=AXIS2_PLACEMENT_3D('',#5377,#4198,#4199);
#3728=AXIS2_PLACEMENT_3D('',#5382,#4201,#4202);
#3729=AXIS2_PLACEMENT_3D('',#5383,#4203,#4204);
#3730=AXIS2_PLACEMENT_3D('',#5384,#4205,#4206);
#3731=AXIS2_PLACEMENT_3D('',#5386,#4207,#4208);
#3732=AXIS2_PLACEMENT_3D('',#5390,#4210,#4211);
#3733=AXIS2_PLACEMENT_3D('',#5394,#4213,#4214);
#3734=AXIS2_PLACEMENT_3D('',#5398,#4216,#4217);
#3735=AXIS2_PLACEMENT_3D('',#5402,#4219,#4220);
#3736=AXIS2_PLACEMENT_3D('',#5405,#4222,#4223);
#3737=AXIS2_PLACEMENT_3D('',#5406,#4224,#4225);
#3738=AXIS2_PLACEMENT_3D('',#5411,#4227,#4228);
#3739=AXIS2_PLACEMENT_3D('',#5415,#4230,#4231);
#3740=AXIS2_PLACEMENT_3D('',#5419,#4233,#4234);
#3741=AXIS2_PLACEMENT_3D('',#5422,#4236,#4237);
#3742=AXIS2_PLACEMENT_3D('',#5424,#4238,#4239);
#3743=AXIS2_PLACEMENT_3D('',#5427,#4241,#4242);
#3744=AXIS2_PLACEMENT_3D('',#5428,#4243,#4244);
#3745=AXIS2_PLACEMENT_3D('',#5431,#4245,#4246);
#3746=AXIS2_PLACEMENT_3D('',#5433,#4247,#4248);
#3747=AXIS2_PLACEMENT_3D('',#5435,#4249,#4250);
#3748=AXIS2_PLACEMENT_3D('',#5436,#4251,#4252);
#3749=AXIS2_PLACEMENT_3D('',#5437,#4253,#4254);
#3750=AXIS2_PLACEMENT_3D('',#5440,#4255,#4256);
#3751=AXIS2_PLACEMENT_3D('',#5442,#4257,#4258);
#3752=AXIS2_PLACEMENT_3D('',#5444,#4259,#4260);
#3753=AXIS2_PLACEMENT_3D('',#5445,#4261,#4262);
#3754=AXIS2_PLACEMENT_3D('',#5446,#4263,#4264);
#3755=AXIS2_PLACEMENT_3D('',#5449,#4267,#4268);
#3756=AXIS2_PLACEMENT_3D('',#5452,#4269,#4270);
#3757=AXIS2_PLACEMENT_3D('',#5454,#4271,#4272);
#3758=AXIS2_PLACEMENT_3D('',#5455,#4273,#4274);
#3759=AXIS2_PLACEMENT_3D('',#5456,#4275,#4276);
#3760=AXIS2_PLACEMENT_3D('',#5459,#4279,#4280);
#3761=AXIS2_PLACEMENT_3D('',#5462,#4281,#4282);
#3762=AXIS2_PLACEMENT_3D('',#5464,#4283,#4284);
#3763=AXIS2_PLACEMENT_3D('',#5466,#4285,#4286);
#3764=AXIS2_PLACEMENT_3D('',#5467,#4287,#4288);
#3765=AXIS2_PLACEMENT_3D('',#5468,#4289,#4290);
#3766=AXIS2_PLACEMENT_3D('',#5471,#4293,#4294);
#3767=AXIS2_PLACEMENT_3D('',#5474,#4295,#4296);
#3768=AXIS2_PLACEMENT_3D('',#5476,#4297,#4298);
#3769=AXIS2_PLACEMENT_3D('',#5478,#4299,#4300);
#3770=AXIS2_PLACEMENT_3D('',#5479,#4301,#4302);
#3771=AXIS2_PLACEMENT_3D('',#5480,#4303,#4304);
#3772=AXIS2_PLACEMENT_3D('',#5483,#4307,#4308);
#3773=AXIS2_PLACEMENT_3D('',#5486,#4311,#4312);
#3774=AXIS2_PLACEMENT_3D('',#5489,#4313,#4314);
#3775=AXIS2_PLACEMENT_3D('',#5491,#4315,#4316);
#3776=AXIS2_PLACEMENT_3D('',#5492,#4317,#4318);
#3777=AXIS2_PLACEMENT_3D('',#5493,#4319,#4320);
#3778=AXIS2_PLACEMENT_3D('',#5496,#4323,#4324);
#3779=AXIS2_PLACEMENT_3D('',#5499,#4327,#4328);
#3780=AXIS2_PLACEMENT_3D('',#5502,#4329,#4330);
#3781=AXIS2_PLACEMENT_3D('',#5504,#4331,#4332);
#3782=AXIS2_PLACEMENT_3D('',#5505,#4333,#4334);
#3783=AXIS2_PLACEMENT_3D('',#5506,#4335,#4336);
#3784=AXIS2_PLACEMENT_3D('',#5509,#4339,#4340);
#3785=AXIS2_PLACEMENT_3D('',#5512,#4341,#4342);
#3786=AXIS2_PLACEMENT_3D('',#5514,#4343,#4344);
#3787=AXIS2_PLACEMENT_3D('',#5515,#4345,#4346);
#3788=AXIS2_PLACEMENT_3D('',#5516,#4347,#4348);
#3789=AXIS2_PLACEMENT_3D('',#5519,#4351,#4352);
#3790=AXIS2_PLACEMENT_3D('',#5522,#4355,#4356);
#3791=AXIS2_PLACEMENT_3D('',#5525,#4359,#4360);
#3792=AXIS2_PLACEMENT_3D('',#5528,#4363,#4364);
#3793=AXIS2_PLACEMENT_3D('',#5529,#4365,#4366);
#3794=AXIS2_PLACEMENT_3D('',#5530,#4367,#4368);
#3795=AXIS2_PLACEMENT_3D('',#5535,#4370,#4371);
#3796=AXIS2_PLACEMENT_3D('',#5539,#4373,#4374);
#3797=AXIS2_PLACEMENT_3D('',#5543,#4376,#4377);
#3798=AXIS2_PLACEMENT_3D('',#5547,#4379,#4380);
#3799=AXIS2_PLACEMENT_3D('',#5551,#4382,#4383);
#3800=AXIS2_PLACEMENT_3D('',#5555,#4385,#4386);
#3801=AXIS2_PLACEMENT_3D('',#5559,#4388,#4389);
#3802=AXIS2_PLACEMENT_3D('',#5563,#4391,#4392);
#3803=AXIS2_PLACEMENT_3D('',#5567,#4394,#4395);
#3804=AXIS2_PLACEMENT_3D('',#5571,#4397,#4398);
#3805=AXIS2_PLACEMENT_3D('',#5574,#4400,#4401);
#3806=AXIS2_PLACEMENT_3D('',#5577,#4402,#4403);
#3807=AXIS2_PLACEMENT_3D('',#5581,#4405,#4406);
#3808=AXIS2_PLACEMENT_3D('',#5585,#4408,#4409);
#3809=AXIS2_PLACEMENT_3D('',#5589,#4411,#4412);
#3810=AXIS2_PLACEMENT_3D('',#5592,#4414,#4415);
#3811=AXIS2_PLACEMENT_3D('',#5594,#4416,#4417);
#3812=AXIS2_PLACEMENT_3D('',#5596,#4418,#4419);
#3813=AXIS2_PLACEMENT_3D('',#5598,#4420,#4421);
#3814=AXIS2_PLACEMENT_3D('',#5600,#4422,#4423);
#3815=AXIS2_PLACEMENT_3D('',#5605,#4425,#4426);
#3816=AXIS2_PLACEMENT_3D('',#5608,#4428,#4429);
#3817=AXIS2_PLACEMENT_3D('',#5610,#4430,#4431);
#3818=AXIS2_PLACEMENT_3D('',#5612,#4432,#4433);
#3819=AXIS2_PLACEMENT_3D('',#5614,#4434,#4435);
#3820=AXIS2_PLACEMENT_3D('',#5616,#4436,#4437);
#3821=AXIS2_PLACEMENT_3D('',#5618,#4438,#4439);
#3822=AXIS2_PLACEMENT_3D('',#5620,#4440,#4441);
#3823=AXIS2_PLACEMENT_3D('',#5622,#4442,#4443);
#3824=AXIS2_PLACEMENT_3D('',#5624,#4444,#4445);
#3825=AXIS2_PLACEMENT_3D('',#5626,#4446,#4447);
#3826=AXIS2_PLACEMENT_3D('',#5629,#4448,#4449);
#3827=AXIS2_PLACEMENT_3D('',#5634,#4452,#4453);
#3828=AXIS2_PLACEMENT_3D('',#5636,#4454,#4455);
#3829=AXIS2_PLACEMENT_3D('',#5638,#4456,#4457);
#3830=AXIS2_PLACEMENT_3D('',#5640,#4458,#4459);
#3831=AXIS2_PLACEMENT_3D('',#5642,#4460,#4461);
#3832=AXIS2_PLACEMENT_3D('',#5644,#4462,#4463);
#3833=AXIS2_PLACEMENT_3D('',#5646,#4464,#4465);
#3834=AXIS2_PLACEMENT_3D('',#5648,#4466,#4467);
#3835=AXIS2_PLACEMENT_3D('',#5650,#4468,#4469);
#3836=AXIS2_PLACEMENT_3D('',#5652,#4470,#4471);
#3837=AXIS2_PLACEMENT_3D('',#5654,#4472,#4473);
#3838=AXIS2_PLACEMENT_3D('',#5656,#4474,#4475);
#3839=AXIS2_PLACEMENT_3D('',#5658,#4476,#4477);
#3840=AXIS2_PLACEMENT_3D('',#5660,#4478,#4479);
#3841=AXIS2_PLACEMENT_3D('',#5661,#4480,#4481);
#3842=AXIS2_PLACEMENT_3D('',#5662,#4482,#4483);
#3843=AXIS2_PLACEMENT_3D('',#5663,#4484,#4485);
#3844=AXIS2_PLACEMENT_3D('',#5664,#4486,#4487);
#3845=AXIS2_PLACEMENT_3D('',#5667,#4488,#4489);
#3846=AXIS2_PLACEMENT_3D('',#5669,#4490,#4491);
#3847=AXIS2_PLACEMENT_3D('',#5670,#4492,#4493);
#3848=AXIS2_PLACEMENT_3D('',#5671,#4494,#4495);
#3849=AXIS2_PLACEMENT_3D('',#5674,#4496,#4497);
#3850=AXIS2_PLACEMENT_3D('',#5675,#4498,#4499);
#3851=AXIS2_PLACEMENT_3D('',#5676,#4500,#4501);
#3852=AXIS2_PLACEMENT_3D('',#5677,#4502,#4503);
#3853=AXIS2_PLACEMENT_3D('',#5680,#4504,#4505);
#3854=AXIS2_PLACEMENT_3D('',#5682,#4506,#4507);
#3855=AXIS2_PLACEMENT_3D('',#5683,#4508,#4509);
#3856=AXIS2_PLACEMENT_3D('',#5684,#4510,#4511);
#3857=AXIS2_PLACEMENT_3D('',#5687,#4512,#4513);
#3858=AXIS2_PLACEMENT_3D('',#5689,#4514,#4515);
#3859=AXIS2_PLACEMENT_3D('',#5690,#4516,#4517);
#3860=AXIS2_PLACEMENT_3D('',#5691,#4518,#4519);
#3861=AXIS2_PLACEMENT_3D('',#5693,#4520,#4521);
#3862=AXIS2_PLACEMENT_3D('',#5695,#4522,#4523);
#3863=AXIS2_PLACEMENT_3D('',#5696,#4524,#4525);
#3864=AXIS2_PLACEMENT_3D('',#5697,#4526,#4527);
#3865=AXIS2_PLACEMENT_3D('',#5699,#4529,#4530);
#3866=AXIS2_PLACEMENT_3D('',#5702,#4533,#4534);
#3867=AXIS2_PLACEMENT_3D('',#5705,#4535,#4536);
#3868=AXIS2_PLACEMENT_3D('',#5706,#4537,#4538);
#3869=AXIS2_PLACEMENT_3D('',#5707,#4539,#4540);
#3870=AXIS2_PLACEMENT_3D('',#5708,#4541,#4542);
#3871=AXIS2_PLACEMENT_3D('',#5710,#4544,#4545);
#3872=AXIS2_PLACEMENT_3D('',#5713,#4546,#4547);
#3873=AXIS2_PLACEMENT_3D('',#5715,#4548,#4549);
#3874=AXIS2_PLACEMENT_3D('',#5716,#4550,#4551);
#3875=AXIS2_PLACEMENT_3D('',#5717,#4552,#4553);
#3876=AXIS2_PLACEMENT_3D('',#5720,#4554,#4555);
#3877=AXIS2_PLACEMENT_3D('',#5721,#4556,#4557);
#3878=AXIS2_PLACEMENT_3D('',#5722,#4558,#4559);
#3879=AXIS2_PLACEMENT_3D('',#5723,#4560,#4561);
#3880=AXIS2_PLACEMENT_3D('',#5725,#4563,#4564);
#3881=AXIS2_PLACEMENT_3D('',#5727,#4566,#4567);
#3882=AXIS2_PLACEMENT_3D('',#5730,#4570,#4571);
#3883=AXIS2_PLACEMENT_3D('',#5733,#4574,#4575);
#3884=AXIS2_PLACEMENT_3D('',#5736,#4578,#4579);
#3885=AXIS2_PLACEMENT_3D('',#5739,#4582,#4583);
#3886=AXIS2_PLACEMENT_3D('',#5742,#4586,#4587);
#3887=AXIS2_PLACEMENT_3D('',#5745,#4590,#4591);
#3888=AXIS2_PLACEMENT_3D('',#5748,#4594,#4595);
#3889=AXIS2_PLACEMENT_3D('',#5749,#4596,#4597);
#3890=AXIS2_PLACEMENT_3D('',#5750,#4598,#4599);
#3891=AXIS2_PLACEMENT_3D('',#5751,#4600,#4601);
#3892=AXIS2_PLACEMENT_3D('',#5752,#4602,#4603);
#3893=AXIS2_PLACEMENT_3D('',#5753,#4604,#4605);
#3894=AXIS2_PLACEMENT_3D('',#5755,#4606,#4607);
#3895=AXIS2_PLACEMENT_3D('',#5758,#4609,#4610);
#3896=AXIS2_PLACEMENT_3D('',#5759,#4611,#4612);
#3897=AXIS2_PLACEMENT_3D('',#5761,#4613,#4614);
#3898=AXIS2_PLACEMENT_3D('',#5764,#4616,#4617);
#3899=AXIS2_PLACEMENT_3D('',#5765,#4618,#4619);
#3900=AXIS2_PLACEMENT_3D('',#5775,#4625,#4626);
#3901=AXIS2_PLACEMENT_3D('',#5779,#4629,#4630);
#3902=AXIS2_PLACEMENT_3D('',#5783,#4633,#4634);
#3903=AXIS2_PLACEMENT_3D('',#5786,#4636,#4637);
#3904=AXIS2_PLACEMENT_3D('',#5787,#4638,#4639);
#3905=AXIS2_PLACEMENT_3D('',#5793,#4643,#4644);
#3906=AXIS2_PLACEMENT_3D('',#5801,#4648,#4649);
#3907=AXIS2_PLACEMENT_3D('',#5803,#4651,#4652);
#3908=AXIS2_PLACEMENT_3D('',#5807,#4655,#4656);
#3909=AXIS2_PLACEMENT_3D('',#5811,#4659,#4660);
#3910=AXIS2_PLACEMENT_3D('',#5821,#4666,#4667);
#3911=AXIS2_PLACEMENT_3D('',#5822,#4668,#4669);
#3912=AXIS2_PLACEMENT_3D('',#5823,#4670,#4671);
#3913=AXIS2_PLACEMENT_3D('',#5825,#4673,#4674);
#3914=AXIS2_PLACEMENT_3D('',#5829,#4677,#4678);
#3915=AXIS2_PLACEMENT_3D('',#5833,#4680,#4681);
#3916=AXIS2_PLACEMENT_3D('',#5836,#4683,#4684);
#3917=AXIS2_PLACEMENT_3D('',#5837,#4685,#4686);
#3918=AXIS2_PLACEMENT_3D('',#5845,#4691,#4692);
#3919=AXIS2_PLACEMENT_3D('',#5849,#4695,#4696);
#3920=AXIS2_PLACEMENT_3D('',#5857,#4701,#4702);
#3921=AXIS2_PLACEMENT_3D('',#5861,#4705,#4706);
#3922=AXIS2_PLACEMENT_3D('',#5863,#4708,#4709);
#3923=AXIS2_PLACEMENT_3D('',#5865,#4711,#4712);
#3924=AXIS2_PLACEMENT_3D('',#5871,#4716,#4717);
#3925=AXIS2_PLACEMENT_3D('',#5873,#4719,#4720);
#3926=AXIS2_PLACEMENT_3D('',#5875,#4721,#4722);
#3927=AXIS2_PLACEMENT_3D('',#5879,#4724,#4725);
#3928=AXIS2_PLACEMENT_3D('',#5881,#4727,#4728);
#3929=AXIS2_PLACEMENT_3D('',#5885,#4731,#4732);
#3930=AXIS2_PLACEMENT_3D('',#5891,#4736,#4737);
#3931=AXIS2_PLACEMENT_3D('',#5893,#4738,#4739);
#3932=AXIS2_PLACEMENT_3D('',#5895,#4740,#4741);
#3933=AXIS2_PLACEMENT_3D('',#5897,#4743,#4744);
#3934=AXIS2_PLACEMENT_3D('',#5903,#4748,#4749);
#3935=AXIS2_PLACEMENT_3D('',#5905,#4750,#4751);
#3936=AXIS2_PLACEMENT_3D('',#5907,#4752,#4753);
#3937=AXIS2_PLACEMENT_3D('',#5909,#4755,#4756);
#3938=AXIS2_PLACEMENT_3D('',#5915,#4760,#4761);
#3939=AXIS2_PLACEMENT_3D('',#5916,#4762,#4763);
#3940=AXIS2_PLACEMENT_3D('',#5917,#4764,#4765);
#3941=AXIS2_PLACEMENT_3D('',#5918,#4766,#4767);
#3942=AXIS2_PLACEMENT_3D('',#5920,#4768,#4769);
#3943=AXIS2_PLACEMENT_3D('',#5922,#4770,#4771);
#3944=AXIS2_PLACEMENT_3D('',#5924,#4773,#4774);
#3945=AXIS2_PLACEMENT_3D('',#5927,#4777,#4778);
#3946=AXIS2_PLACEMENT_3D('',#5929,#4780,#4781);
#3947=AXIS2_PLACEMENT_3D('',#5930,#4782,#4783);
#3948=AXIS2_PLACEMENT_3D('',#5937,#4787,#4788);
#3949=AXIS2_PLACEMENT_3D('',#5938,#4789,#4790);
#3950=AXIS2_PLACEMENT_3D('',#5940,#4791,#4792);
#3951=AXIS2_PLACEMENT_3D('',#5942,#4793,#4794);
#3952=AXIS2_PLACEMENT_3D('',#5945,#4796,#4797);
#3953=AXIS2_PLACEMENT_3D('',#5946,#4798,#4799);
#3954=AXIS2_PLACEMENT_3D('',#5947,#4800,#4801);
#3955=AXIS2_PLACEMENT_3D('',#5948,#4802,#4803);
#3956=AXIS2_PLACEMENT_3D('',#5949,#4804,#4805);
#3957=AXIS2_PLACEMENT_3D('',#5952,#4806,#4807);
#3958=AXIS2_PLACEMENT_3D('',#5993,#4809,#4810);
#3959=AXIS2_PLACEMENT_3D('',#5994,#4811,#4812);
#3960=AXIS2_PLACEMENT_3D('',#5995,#4813,#4814);
#3961=AXIS2_PLACEMENT_3D('',#5997,#4816,#4817);
#3962=AXIS2_PLACEMENT_3D('',#6006,#4821,#4822);
#3963=AXIS2_PLACEMENT_3D('',#6007,#4823,#4824);
#3964=AXIS2_PLACEMENT_3D('',#6008,#4825,#4826);
#3965=AXIS2_PLACEMENT_3D('',#6011,#4827,#4828);
#3966=AXIS2_PLACEMENT_3D('',#6012,#4829,#4830);
#3967=AXIS2_PLACEMENT_3D('',#6014,#4832,#4833);
#3968=AXIS2_PLACEMENT_3D('',#6015,#4834,#4835);
#3969=AXIS2_PLACEMENT_3D('',#6016,#4836,#4837);
#3970=AXIS2_PLACEMENT_3D('',#6017,#4838,#4839);
#3971=AXIS2_PLACEMENT_3D('',#6057,#4841,#4842);
#3972=AXIS2_PLACEMENT_3D('',#6066,#4846,#4847);
#3973=AXIS2_PLACEMENT_3D('',#6067,#4848,#4849);
#3974=AXIS2_PLACEMENT_3D('',#6068,#4850,#4851);
#3975=AXIS2_PLACEMENT_3D('',#6071,#4852,#4853);
#3976=AXIS2_PLACEMENT_3D('',#6072,#4854,#4855);
#3977=AXIS2_PLACEMENT_3D('',#6074,#4857,#4858);
#3978=AXIS2_PLACEMENT_3D('',#6075,#4859,#4860);
#3979=AXIS2_PLACEMENT_3D('',#6076,#4861,#4862);
#3980=AXIS2_PLACEMENT_3D('',#6077,#4863,#4864);
#3981=AXIS2_PLACEMENT_3D('',#6117,#4866,#4867);
#3982=AXIS2_PLACEMENT_3D('',#6121,#4869,#4870);
#3983=AXIS2_PLACEMENT_3D('',#6122,#4871,#4872);
#3984=AXIS2_PLACEMENT_3D('',#6125,#4873,#4874);
#3985=AXIS2_PLACEMENT_3D('',#6166,#4876,#4877);
#3986=AXIS2_PLACEMENT_3D('',#6167,#4878,#4879);
#3987=AXIS2_PLACEMENT_3D('',#6168,#4880,#4881);
#3988=AXIS2_PLACEMENT_3D('',#6171,#4883,#4884);
#3989=AXIS2_PLACEMENT_3D('',#6174,#4887,#4888);
#3990=AXIS2_PLACEMENT_3D('',#6175,#4889,#4890);
#3991=AXIS2_PLACEMENT_3D('',#6176,#4891,#4892);
#3992=AXIS2_PLACEMENT_3D('',#6177,#4893,#4894);
#3993=AXIS2_PLACEMENT_3D('',#6179,#4895,#4896);
#3994=AXIS2_PLACEMENT_3D('',#6181,#4898,#4899);
#3995=AXIS2_PLACEMENT_3D('',#6183,#4900,#4901);
#3996=AXIS2_PLACEMENT_3D('',#6185,#4903,#4904);
#3997=AXIS2_PLACEMENT_3D('',#6191,#4908,#4909);
#3998=AXIS2_PLACEMENT_3D('',#6193,#4910,#4911);
#3999=AXIS2_PLACEMENT_3D('',#6195,#4913,#4914);
#4000=AXIS2_PLACEMENT_3D('',#6199,#4917,#4918);
#4001=AXIS2_PLACEMENT_3D('',#6200,#4919,#4920);
#4002=AXIS2_PLACEMENT_3D('',#6201,#4921,#4922);
#4003=AXIS2_PLACEMENT_3D('',#6219,#4923,#4924);
#4004=AXIS2_PLACEMENT_3D('',#6235,#4925,#4926);
#4005=AXIS2_PLACEMENT_3D('',#6236,#4927,#4928);
#4006=AXIS2_PLACEMENT_3D('',#6242,#4931,#4932);
#4007=AXIS2_PLACEMENT_3D('',#6246,#4934,#4935);
#4008=AXIS2_PLACEMENT_3D('',#6250,#4937,#4938);
#4009=AXIS2_PLACEMENT_3D('',#6254,#4940,#4941);
#4010=AXIS2_PLACEMENT_3D('',#6258,#4943,#4944);
#4011=AXIS2_PLACEMENT_3D('',#6262,#4946,#4947);
#4012=AXIS2_PLACEMENT_3D('',#6266,#4949,#4950);
#4013=AXIS2_PLACEMENT_3D('',#6270,#4952,#4953);
#4014=AXIS2_PLACEMENT_3D('',#6274,#4955,#4956);
#4015=AXIS2_PLACEMENT_3D('',#6277,#4958,#4959);
#4016=AXIS2_PLACEMENT_3D('',#6279,#4960,#4961);
#4017=AXIS2_PLACEMENT_3D('',#6281,#4962,#4963);
#4018=AXIS2_PLACEMENT_3D('',#6283,#4964,#4965);
#4019=AXIS2_PLACEMENT_3D('',#6285,#4966,#4967);
#4020=AXIS2_PLACEMENT_3D('',#6287,#4968,#4969);
#4021=AXIS2_PLACEMENT_3D('',#6289,#4970,#4971);
#4022=AXIS2_PLACEMENT_3D('',#6291,#4972,#4973);
#4023=AXIS2_PLACEMENT_3D('',#6293,#4974,#4975);
#4024=AXIS2_PLACEMENT_3D('',#6295,#4976,#4977);
#4025=AXIS2_PLACEMENT_3D('',#6298,#4978,#4979);
#4026=AXIS2_PLACEMENT_3D('',#6303,#4982,#4983);
#4027=AXIS2_PLACEMENT_3D('',#6305,#4984,#4985);
#4028=AXIS2_PLACEMENT_3D('',#6307,#4986,#4987);
#4029=AXIS2_PLACEMENT_3D('',#6309,#4988,#4989);
#4030=AXIS2_PLACEMENT_3D('',#6311,#4990,#4991);
#4031=AXIS2_PLACEMENT_3D('',#6313,#4992,#4993);
#4032=AXIS2_PLACEMENT_3D('',#6315,#4994,#4995);
#4033=AXIS2_PLACEMENT_3D('',#6317,#4996,#4997);
#4034=AXIS2_PLACEMENT_3D('',#6319,#4998,#4999);
#4035=AXIS2_PLACEMENT_3D('',#6321,#5000,#5001);
#4036=AXIS2_PLACEMENT_3D('',#6323,#5002,#5003);
#4037=AXIS2_PLACEMENT_3D('',#6325,#5004,#5005);
#4038=AXIS2_PLACEMENT_3D('',#6327,#5006,#5007);
#4039=AXIS2_PLACEMENT_3D('',#6329,#5008,#5009);
#4040=AXIS2_PLACEMENT_3D('',#6330,#5010,#5011);
#4041=AXIS2_PLACEMENT_3D('',#6347,#5012,#5013);
#4042=AXIS2_PLACEMENT_3D('',#6362,#5014,#5015);
#4043=AXIS2_PLACEMENT_3D('',#6365,#5018,#5019);
#4044=AXIS2_PLACEMENT_3D('',#6367,#5020,#5021);
#4045=AXIS2_PLACEMENT_3D('',#6369,#5023,#5024);
#4046=AXIS2_PLACEMENT_3D('',#6371,#5025,#5026);
#4047=AXIS2_PLACEMENT_3D('',#6372,#5027,#5028);
#4048=AXIS2_PLACEMENT_3D('',#6373,#5029,#5030);
#4049=AXIS2_PLACEMENT_3D('',#6390,#5032,#5033);
#4050=AXIS2_PLACEMENT_3D('',#6392,#5034,#5035);
#4051=AXIS2_PLACEMENT_3D('',#6394,#5037,#5038);
#4052=AXIS2_PLACEMENT_3D('',#6396,#5039,#5040);
#4053=AXIS2_PLACEMENT_3D('',#6397,#5041,#5042);
#4054=AXIS2_PLACEMENT_3D('',#6398,#5043,#5044);
#4055=AXIS2_PLACEMENT_3D('',#6415,#5046,#5047);
#4056=AXIS2_PLACEMENT_3D('',#6418,#5050,#5051);
#4057=AXIS2_PLACEMENT_3D('',#6420,#5053,#5054);
#4058=AXIS2_PLACEMENT_3D('',#6421,#5055,#5056);
#4059=AXIS2_PLACEMENT_3D('',#6437,#5057,#5058);
#4060=AXIS2_PLACEMENT_3D('',#6438,#5059,#5060);
#4061=AXIS2_PLACEMENT_3D('',#6440,#5061,#5062);
#4062=AXIS2_PLACEMENT_3D('',#6455,#5063,#5064);
#4063=AXIS2_PLACEMENT_3D('',#6457,#5066,#5067);
#4064=AXIS2_PLACEMENT_3D('',#6459,#5068,#5069);
#4065=AXIS2_PLACEMENT_3D('',#6476,#5071,#5072);
#4066=AXIS2_PLACEMENT_3D('',#6478,#5073,#5074);
#4067=AXIS2_PLACEMENT_3D('',#6479,#5075,#5076);
#4068=AXIS2_PLACEMENT_3D('',#6480,#5077,#5078);
#4069=AXIS2_PLACEMENT_3D('',#6482,#5079,#5080);
#4070=AXIS2_PLACEMENT_3D('',#6484,#5082,#5083);
#4071=AXIS2_PLACEMENT_3D('',#6486,#5084,#5085);
#4072=AXIS2_PLACEMENT_3D('',#6487,#5086,#5087);
#4073=AXIS2_PLACEMENT_3D('',#6488,#5088,#5089);
#4074=AXIS2_PLACEMENT_3D('',#6490,#5091,#5092);
#4075=AXIS2_PLACEMENT_3D('',#6494,#5095,#5096);
#4076=AXIS2_PLACEMENT_3D('',#6497,#5098,#5099);
#4077=AXIS2_PLACEMENT_3D('',#6498,#5100,#5101);
#4078=AXIS2_PLACEMENT_3D('',#6502,#5104,#5105);
#4079=AXIS2_PLACEMENT_3D('',#6505,#5107,#5108);
#4080=AXIS2_PLACEMENT_3D('',#6506,#5109,#5110);
#4081=AXIS2_PLACEMENT_3D('',#6510,#5113,#5114);
#4082=AXIS2_PLACEMENT_3D('',#6511,#5115,#5116);
#4083=AXIS2_PLACEMENT_3D('',#6512,#5117,#5118);
#4084=AXIS2_PLACEMENT_3D('',#6513,#5119,#5120);
#4085=AXIS2_PLACEMENT_3D('',#6514,#5121,#5122);
#4086=AXIS2_PLACEMENT_3D('',#6515,#5123,#5124);
#4087=AXIS2_PLACEMENT_3D('',#6516,#5125,#5126);
#4088=AXIS2_PLACEMENT_3D('',#6517,#5127,#5128);
#4089=AXIS2_PLACEMENT_3D('',#6518,#5129,#5130);
#4090=AXIS2_PLACEMENT_3D('',#6533,#5131,#5132);
#4091=AXIS2_PLACEMENT_3D('',#6549,#5133,#5134);
#4092=AXIS2_PLACEMENT_3D('',#6550,#5135,#5136);
#4093=AXIS2_PLACEMENT_3D('',#6552,#5137,#5138);
#4094=AXIS2_PLACEMENT_3D('',#6567,#5139,#5140);
#4095=AXIS2_PLACEMENT_3D('',#6569,#5142,#5143);
#4096=AXIS2_PLACEMENT_3D('',#6571,#5144,#5145);
#4097=AXIS2_PLACEMENT_3D('',#6573,#5147,#5148);
#4098=AXIS2_PLACEMENT_3D('',#6575,#5149,#5150);
#4099=AXIS2_PLACEMENT_3D('',#6576,#5151,#5152);
#4100=AXIS2_PLACEMENT_3D('',#6577,#5153,#5154);
#4101=AXIS2_PLACEMENT_3D('',#6579,#5155,#5156);
#4102=AXIS2_PLACEMENT_3D('',#6581,#5158,#5159);
#4103=AXIS2_PLACEMENT_3D('',#6583,#5160,#5161);
#4104=AXIS2_PLACEMENT_3D('',#6584,#5162,#5163);
#4105=AXIS2_PLACEMENT_3D('',#6585,#5164,#5165);
#4106=AXIS2_PLACEMENT_3D('',#6602,#5167,#5168);
#4107=AXIS2_PLACEMENT_3D('',#6618,#5169,#5170);
#4108=AXIS2_PLACEMENT_3D('',#6619,#5171,#5172);
#4109=AXIS2_PLACEMENT_3D('',#6623,#5175,#5176);
#4110=AXIS2_PLACEMENT_3D('',#6626,#5178,#5179);
#4111=AXIS2_PLACEMENT_3D('',#6627,#5180,#5181);
#4112=AXIS2_PLACEMENT_3D('',#6631,#5184,#5185);
#4113=AXIS2_PLACEMENT_3D('',#6634,#5187,#5188);
#4114=AXIS2_PLACEMENT_3D('',#6635,#5189,#5190);
#4115=AXIS2_PLACEMENT_3D('',#6639,#5193,#5194);
#4116=AXIS2_PLACEMENT_3D('',#6642,#5196,#5197);
#4117=AXIS2_PLACEMENT_3D('',#6643,#5198,#5199);
#4118=AXIS2_PLACEMENT_3D('',#6672,#5200,#5201);
#4119=AXIS2_PLACEMENT_3D('',#6673,#5202,#5203);
#4120=AXIS2_PLACEMENT_3D('',#6674,#5204,#5205);
#4121=AXIS2_PLACEMENT_3D('',#6675,#5206,#5207);
#4122=AXIS2_PLACEMENT_3D('',#6676,#5208,#5209);
#4123=AXIS2_PLACEMENT_3D('',#6677,#5210,#5211);
#4124=AXIS2_PLACEMENT_3D('',#6678,#5212,#5213);
#4125=AXIS2_PLACEMENT_3D('',#6679,#5214,#5215);
#4126=AXIS2_PLACEMENT_3D('',#6680,#5216,#5217);
#4127=AXIS2_PLACEMENT_3D('',#6681,#5218,#5219);
#4128=AXIS2_PLACEMENT_3D('',#6683,#5220,#5221);
#4129=AXIS2_PLACEMENT_3D('',#6685,#5223,#5224);
#4130=AXIS2_PLACEMENT_3D('',#6687,#5225,#5226);
#4131=AXIS2_PLACEMENT_3D('',#6688,#5227,#5228);
#4132=AXIS2_PLACEMENT_3D('',#6689,#5229,#5230);
#4133=AXIS2_PLACEMENT_3D('',#6691,#5231,#5232);
#4134=AXIS2_PLACEMENT_3D('',#6693,#5234,#5235);
#4135=AXIS2_PLACEMENT_3D('',#6695,#5236,#5237);
#4136=AXIS2_PLACEMENT_3D('',#6696,#5238,#5239);
#4137=AXIS2_PLACEMENT_3D('',#6697,#5240,#5241);
#4138=AXIS2_PLACEMENT_3D('',#6699,#5243,#5244);
#4139=AXIS2_PLACEMENT_3D('',#6703,#5247,#5248);
#4140=AXIS2_PLACEMENT_3D('',#6706,#5250,#5251);
#4141=AXIS2_PLACEMENT_3D('',#6707,#5252,#5253);
#4142=AXIS2_PLACEMENT_3D('',#6711,#5256,#5257);
#4143=AXIS2_PLACEMENT_3D('',#6714,#5259,#5260);
#4144=AXIS2_PLACEMENT_3D('',#6715,#5261,#5262);
#4145=AXIS2_PLACEMENT_3D('',#6717,#5264,#5265);
#4146=AXIS2_PLACEMENT_3D('',#6718,#5266,#5267);
#4147=AXIS2_PLACEMENT_3D('',#6719,#5268,#5269);
#4148=AXIS2_PLACEMENT_3D('',#6720,#5270,#5271);
#4149=AXIS2_PLACEMENT_3D('',#6721,#5272,#5273);
#4150=AXIS2_PLACEMENT_3D('',#6722,#5274,#5275);
#4151=AXIS2_PLACEMENT_3D('',#6723,#5276,#5277);
#4152=AXIS2_PLACEMENT_3D('',#6724,#5278,#5279);
#4153=AXIS2_PLACEMENT_3D('',#6725,#5280,#5281);
#4154=AXIS2_PLACEMENT_3D('',#6726,#5282,#5283);
#4155=AXIS2_PLACEMENT_3D('',#6728,#5285,#5286);
#4156=AXIS2_PLACEMENT_3D('',#6730,#5288,#5289);
#4157=AXIS2_PLACEMENT_3D('',#6732,#5291,#5292);
#4158=AXIS2_PLACEMENT_3D('',#6734,#5294,#5295);
#4159=AXIS2_PLACEMENT_3D('',#6736,#5297,#5298);
#4160=AXIS2_PLACEMENT_3D('',#6738,#5300,#5301);
#4161=AXIS2_PLACEMENT_3D('',#6740,#5303,#5304);
#4162=AXIS2_PLACEMENT_3D('',#6742,#5306,#5307);
#4163=AXIS2_PLACEMENT_3D('',#6744,#5309,#5310);
#4164=AXIS2_PLACEMENT_3D('',#6746,#5312,#5313);
#4165=AXIS2_PLACEMENT_3D('',#6748,#5315,#5316);
#4166=AXIS2_PLACEMENT_3D('',#6750,#5318,#5319);
#4167=AXIS2_PLACEMENT_3D('',#6752,#5321,#5322);
#4168=AXIS2_PLACEMENT_3D('',#6754,#5324,#5325);
#4169=AXIS2_PLACEMENT_3D('',#6757,#5328,#5329);
#4170=AXIS2_PLACEMENT_3D('',#6759,#5331,#5332);
#4171=AXIS2_PLACEMENT_3D('',#6760,#5333,#5334);
#4172=AXIS2_PLACEMENT_3D('',#6762,#5336,#5337);
#4173=AXIS2_PLACEMENT_3D('',#6764,#5339,#5340);
#4174=AXIS2_PLACEMENT_3D('',#6766,#5342,#5343);
#4175=AXIS2_PLACEMENT_3D('',#6768,#5345,#5346);
#4176=AXIS2_PLACEMENT_3D('',#6770,#5348,#5349);
#4177=AXIS2_PLACEMENT_3D('',#6772,#5351,#5352);
#4178=AXIS2_PLACEMENT_3D('',#6774,#5354,#5355);
#4179=AXIS2_PLACEMENT_3D('',#6776,#5357,#5358);
#4180=DIRECTION('axis',(0.,0.,1.));
#4181=DIRECTION('refdir',(1.,0.,0.));
#4182=DIRECTION('center_axis',(0.,0.,1.));
#4183=DIRECTION('ref_axis',(1.,0.,0.));
#4184=DIRECTION('',(0.,0.,1.));
#4185=DIRECTION('center_axis',(0.,0.,-1.));
#4186=DIRECTION('ref_axis',(1.,0.,0.));
#4187=DIRECTION('center_axis',(-0.285625015539634,-0.646852649757256,0.707106781186548));
#4188=DIRECTION('ref_axis',(0.285625015539634,0.646852649757257,0.707106781186547));
#4189=DIRECTION('center_axis',(-0.285625015539634,-0.646852649757256,-0.707106781186548));
#4190=DIRECTION('ref_axis',(-0.285625015539634,-0.646852649757257,0.707106781186547));
#4191=DIRECTION('',(0.,0.,1.));
#4192=DIRECTION('center_axis',(0.,0.,-1.));
#4193=DIRECTION('ref_axis',(1.,0.,0.));
#4194=DIRECTION('center_axis',(-0.285625015539634,-0.646852649757256,-0.707106781186548));
#4195=DIRECTION('ref_axis',(-0.285625015539634,-0.646852649757257,0.707106781186547));
#4196=DIRECTION('center_axis',(-0.285625015539634,-0.646852649757256,0.707106781186548));
#4197=DIRECTION('ref_axis',(0.285625015539634,0.646852649757257,0.707106781186547));
#4198=DIRECTION('center_axis',(0.,0.,1.));
#4199=DIRECTION('ref_axis',(1.,0.,0.));
#4200=DIRECTION('',(0.,0.,1.));
#4201=DIRECTION('center_axis',(0.,0.,-1.));
#4202=DIRECTION('ref_axis',(1.,0.,0.));
#4203=DIRECTION('center_axis',(0.285625015539635,-0.646852649757256,-0.707106781186548));
#4204=DIRECTION('ref_axis',(0.285625015539635,-0.646852649757256,0.707106781186547));
#4205=DIRECTION('center_axis',(0.,1.,0.));
#4206=DIRECTION('ref_axis',(1.,0.,0.));
#4207=DIRECTION('center_axis',(0.,1.,0.));
#4208=DIRECTION('ref_axis',(1.,0.,0.));
#4209=DIRECTION('',(0.,1.,0.));
#4210=DIRECTION('center_axis',(0.,-1.,0.));
#4211=DIRECTION('ref_axis',(1.,0.,0.));
#4212=DIRECTION('',(0.,-1.,0.));
#4213=DIRECTION('center_axis',(0.,1.,0.));
#4214=DIRECTION('ref_axis',(1.,0.,0.));
#4215=DIRECTION('',(0.,-1.,0.));
#4216=DIRECTION('center_axis',(-4.77515273670337E-17,-1.,0.));
#4217=DIRECTION('ref_axis',(1.,0.,0.));
#4218=DIRECTION('',(0.,1.,0.));
#4219=DIRECTION('center_axis',(0.,1.,0.));
#4220=DIRECTION('ref_axis',(1.,0.,0.));
#4221=DIRECTION('',(0.,1.,0.));
#4222=DIRECTION('center_axis',(0.,-1.,0.));
#4223=DIRECTION('ref_axis',(1.,0.,0.));
#4224=DIRECTION('center_axis',(0.,1.,0.));
#4225=DIRECTION('ref_axis',(1.,0.,0.));
#4226=DIRECTION('',(0.,1.,0.));
#4227=DIRECTION('center_axis',(-4.67462320658699E-17,1.,0.));
#4228=DIRECTION('ref_axis',(1.,0.,0.));
#4229=DIRECTION('',(0.,-1.,0.));
#4230=DIRECTION('center_axis',(0.,-1.,0.));
#4231=DIRECTION('ref_axis',(1.,0.,0.));
#4232=DIRECTION('',(0.,-1.,0.));
#4233=DIRECTION('center_axis',(0.,1.,0.));
#4234=DIRECTION('ref_axis',(1.,0.,0.));
#4235=DIRECTION('',(0.,1.,0.));
#4236=DIRECTION('center_axis',(0.,-1.,0.));
#4237=DIRECTION('ref_axis',(1.,0.,0.));
#4238=DIRECTION('center_axis',(0.,1.,0.));
#4239=DIRECTION('ref_axis',(1.,0.,0.));
#4240=DIRECTION('',(0.,1.,0.));
#4241=DIRECTION('center_axis',(0.,-1.,0.));
#4242=DIRECTION('ref_axis',(1.,0.,0.));
#4243=DIRECTION('center_axis',(0.,0.,-1.));
#4244=DIRECTION('ref_axis',(-1.,0.,0.));
#4245=DIRECTION('center_axis',(0.,0.,-1.));
#4246=DIRECTION('ref_axis',(-1.,0.,0.));
#4247=DIRECTION('center_axis',(0.,1.,0.));
#4248=DIRECTION('ref_axis',(0.,0.,1.));
#4249=DIRECTION('center_axis',(0.,0.,1.));
#4250=DIRECTION('ref_axis',(-0.707106781186548,-0.707106781186548,0.));
#4251=DIRECTION('center_axis',(1.,0.,0.));
#4252=DIRECTION('ref_axis',(0.,1.,0.));
#4253=DIRECTION('center_axis',(0.,0.,1.));
#4254=DIRECTION('ref_axis',(1.,0.,0.));
#4255=DIRECTION('center_axis',(0.,0.,1.));
#4256=DIRECTION('ref_axis',(-0.707106781186548,0.707106781186548,0.));
#4257=DIRECTION('center_axis',(0.,-1.,0.));
#4258=DIRECTION('ref_axis',(1.,0.,0.));
#4259=DIRECTION('center_axis',(0.,0.,-1.));
#4260=DIRECTION('ref_axis',(0.,1.,0.));
#4261=DIRECTION('center_axis',(1.,0.,0.));
#4262=DIRECTION('ref_axis',(0.,0.,1.));
#4263=DIRECTION('center_axis',(0.,1.,0.));
#4264=DIRECTION('ref_axis',(0.707106781186552,0.,0.707106781186543));
#4265=DIRECTION('',(0.,-1.,0.));
#4266=DIRECTION('',(0.,1.,0.));
#4267=DIRECTION('center_axis',(0.40824829046386,-0.816496580927728,0.408248290463862));
#4268=DIRECTION('ref_axis',(-0.577350269189625,-0.577350269189625,-0.577350269189628));
#4269=DIRECTION('center_axis',(0.,1.,0.));
#4270=DIRECTION('ref_axis',(-1.,0.,0.));
#4271=DIRECTION('center_axis',(0.,0.,1.));
#4272=DIRECTION('ref_axis',(0.,-1.,0.));
#4273=DIRECTION('center_axis',(1.,0.,0.));
#4274=DIRECTION('ref_axis',(0.,0.,-1.));
#4275=DIRECTION('center_axis',(0.,0.,-1.));
#4276=DIRECTION('ref_axis',(-0.707106781186554,-0.707106781186541,0.));
#4277=DIRECTION('',(0.,0.,1.));
#4278=DIRECTION('',(0.,0.,-1.));
#4279=DIRECTION('center_axis',(0.,0.,-1.));
#4280=DIRECTION('ref_axis',(-1.,0.,0.));
#4281=DIRECTION('center_axis',(0.,0.,-1.));
#4282=DIRECTION('ref_axis',(0.,-1.,0.));
#4283=DIRECTION('center_axis',(-1.,0.,0.));
#4284=DIRECTION('ref_axis',(0.,0.,1.));
#4285=DIRECTION('center_axis',(0.,0.,1.));
#4286=DIRECTION('ref_axis',(0.707106781186548,-0.707106781186548,0.));
#4287=DIRECTION('center_axis',(0.,1.,0.));
#4288=DIRECTION('ref_axis',(-1.,0.,0.));
#4289=DIRECTION('center_axis',(-1.,0.,0.));
#4290=DIRECTION('ref_axis',(0.,0.707106781186546,0.707106781186549));
#4291=DIRECTION('',(1.,0.,0.));
#4292=DIRECTION('',(-1.,0.,0.));
#4293=DIRECTION('center_axis',(0.,0.,-1.));
#4294=DIRECTION('ref_axis',(-1.,0.,0.));
#4295=DIRECTION('center_axis',(0.,0.,-1.));
#4296=DIRECTION('ref_axis',(1.,0.,0.));
#4297=DIRECTION('center_axis',(0.,-1.,0.));
#4298=DIRECTION('ref_axis',(0.,0.,1.));
#4299=DIRECTION('center_axis',(0.,0.,1.));
#4300=DIRECTION('ref_axis',(0.707106781186548,0.707106781186548,0.));
#4301=DIRECTION('center_axis',(-1.,0.,0.));
#4302=DIRECTION('ref_axis',(0.,-1.,0.));
#4303=DIRECTION('center_axis',(0.,-1.,0.));
#4304=DIRECTION('ref_axis',(-0.707106781186546,0.,0.707106781186549));
#4305=DIRECTION('',(0.,1.,0.));
#4306=DIRECTION('',(0.,-1.,0.));
#4307=DIRECTION('center_axis',(1.,0.,0.));
#4308=DIRECTION('ref_axis',(0.,-0.707106781186546,0.707106781186549));
#4309=DIRECTION('',(-1.,0.,0.));
#4310=DIRECTION('',(1.,0.,0.));
#4311=DIRECTION('center_axis',(-0.40824829046386,-0.816496580927728,-0.408248290463862));
#4312=DIRECTION('ref_axis',(-0.577350269189625,0.577350269189625,-0.577350269189628));
#4313=DIRECTION('center_axis',(1.,0.,0.));
#4314=DIRECTION('ref_axis',(0.,1.,0.));
#4315=DIRECTION('center_axis',(0.,0.,1.));
#4316=DIRECTION('ref_axis',(-1.,0.,0.));
#4317=DIRECTION('center_axis',(0.,-1.,0.));
#4318=DIRECTION('ref_axis',(0.,0.,-1.));
#4319=DIRECTION('center_axis',(0.,0.,-1.));
#4320=DIRECTION('ref_axis',(-0.707106781186554,0.707106781186541,0.));
#4321=DIRECTION('',(0.,0.,1.));
#4322=DIRECTION('',(0.,0.,-1.));
#4323=DIRECTION('center_axis',(0.,1.,0.));
#4324=DIRECTION('ref_axis',(-0.707106781186552,0.,-0.707106781186543));
#4325=DIRECTION('',(0.,-1.,0.));
#4326=DIRECTION('',(0.,1.,0.));
#4327=DIRECTION('center_axis',(-0.40824829046386,-0.816496580927728,0.408248290463862));
#4328=DIRECTION('ref_axis',(0.577350269189625,-0.577350269189625,-0.577350269189628));
#4329=DIRECTION('center_axis',(-1.,0.,0.));
#4330=DIRECTION('ref_axis',(0.,-1.,0.));
#4331=DIRECTION('center_axis',(0.,0.,1.));
#4332=DIRECTION('ref_axis',(1.,0.,0.));
#4333=DIRECTION('center_axis',(0.,1.,0.));
#4334=DIRECTION('ref_axis',(0.,0.,-1.));
#4335=DIRECTION('center_axis',(0.,0.,-1.));
#4336=DIRECTION('ref_axis',(0.707106781186548,-0.707106781186548,0.));
#4337=DIRECTION('',(0.,0.,1.));
#4338=DIRECTION('',(0.,0.,-1.));
#4339=DIRECTION('center_axis',(0.40824829046386,-0.816496580927728,-0.408248290463862));
#4340=DIRECTION('ref_axis',(0.577350269189625,0.577350269189625,-0.577350269189628));
#4341=DIRECTION('center_axis',(0.,-1.,0.));
#4342=DIRECTION('ref_axis',(1.,0.,0.));
#4343=DIRECTION('center_axis',(0.,0.,1.));
#4344=DIRECTION('ref_axis',(0.,1.,0.));
#4345=DIRECTION('center_axis',(-1.,0.,0.));
#4346=DIRECTION('ref_axis',(0.,0.,-1.));
#4347=DIRECTION('center_axis',(0.,0.,-1.));
#4348=DIRECTION('ref_axis',(0.707106781186548,0.707106781186548,0.));
#4349=DIRECTION('',(0.,0.,1.));
#4350=DIRECTION('',(0.,0.,-1.));
#4351=DIRECTION('center_axis',(1.,0.,0.));
#4352=DIRECTION('ref_axis',(0.,0.707106781186546,-0.707106781186549));
#4353=DIRECTION('',(-1.,0.,0.));
#4354=DIRECTION('',(1.,0.,0.));
#4355=DIRECTION('center_axis',(0.,-1.,0.));
#4356=DIRECTION('ref_axis',(0.707106781186546,0.,-0.707106781186549));
#4357=DIRECTION('',(0.,1.,0.));
#4358=DIRECTION('',(0.,-1.,0.));
#4359=DIRECTION('center_axis',(-1.,0.,0.));
#4360=DIRECTION('ref_axis',(0.,-0.707106781186546,-0.707106781186549));
#4361=DIRECTION('',(1.,0.,0.));
#4362=DIRECTION('',(-1.,0.,0.));
#4363=DIRECTION('center_axis',(-1.,0.,0.));
#4364=DIRECTION('ref_axis',(0.,1.,0.));
#4365=DIRECTION('center_axis',(0.,-1.,0.));
#4366=DIRECTION('ref_axis',(-1.,0.,0.));
#4367=DIRECTION('center_axis',(0.,0.,1.));
#4368=DIRECTION('ref_axis',(1.,0.,0.));
#4369=DIRECTION('',(0.638666898684494,-0.769483328295507,0.));
#4370=DIRECTION('center_axis',(0.,0.,1.));
#4371=DIRECTION('ref_axis',(-1.,4.05231403988177E-15,0.));
#4372=DIRECTION('',(-0.638666898684494,-0.769483328295507,0.));
#4373=DIRECTION('center_axis',(0.,0.,-1.));
#4374=DIRECTION('ref_axis',(0.64946440852051,0.760391992373081,0.));
#4375=DIRECTION('',(0.735407436077647,0.67762519357068,0.));
#4376=DIRECTION('center_axis',(0.,0.,1.));
#4377=DIRECTION('ref_axis',(0.363725558575662,-0.931506155663409,0.));
#4378=DIRECTION('',(1.,0.,0.));
#4379=DIRECTION('center_axis',(0.,0.,1.));
#4380=DIRECTION('ref_axis',(-0.517165556595465,-0.8558853819708,0.));
#4381=DIRECTION('',(0.465079574142605,-0.885268879897703,0.));
#4382=DIRECTION('center_axis',(0.,0.,-1.));
#4383=DIRECTION('ref_axis',(-0.484472568568162,0.874806453054027,0.));
#4384=DIRECTION('',(-0.326915938292244,0.945053421395056,0.));
#4385=DIRECTION('center_axis',(0.,0.,1.));
#4386=DIRECTION('ref_axis',(0.986167688934051,0.165750684168943,0.));
#4387=DIRECTION('',(0.,1.,0.));
#4388=DIRECTION('center_axis',(0.,0.,1.));
#4389=DIRECTION('ref_axis',(0.986167688934051,-0.165750684168943,0.));
#4390=DIRECTION('',(0.326915938292244,0.945053421395056,0.));
#4391=DIRECTION('center_axis',(0.,0.,-1.));
#4392=DIRECTION('ref_axis',(-0.293183210737216,-0.956056277078822,0.));
#4393=DIRECTION('',(-0.465079574142605,-0.885268879897703,0.));
#4394=DIRECTION('center_axis',(0.,0.,1.));
#4395=DIRECTION('ref_axis',(-0.517165556595466,0.8558853819708,0.));
#4396=DIRECTION('',(-1.,0.,0.));
#4397=DIRECTION('center_axis',(0.,0.,1.));
#4398=DIRECTION('ref_axis',(0.363725558575663,0.931506155663409,0.));
#4399=DIRECTION('',(-0.735407436077647,0.67762519357068,0.));
#4400=DIRECTION('center_axis',(0.,0.,-1.));
#4401=DIRECTION('ref_axis',(0.720101000886696,-0.693869258954436,0.));
#4402=DIRECTION('center_axis',(0.,0.,1.));
#4403=DIRECTION('ref_axis',(0.707106781186548,0.707106781186548,0.));
#4404=DIRECTION('',(0.,1.,0.));
#4405=DIRECTION('center_axis',(0.,0.,1.));
#4406=DIRECTION('ref_axis',(0.707106781186548,-0.707106781186548,0.));
#4407=DIRECTION('',(1.,0.,0.));
#4408=DIRECTION('center_axis',(0.,0.,1.));
#4409=DIRECTION('ref_axis',(-0.707106781186548,-0.707106781186548,0.));
#4410=DIRECTION('',(0.,-1.,0.));
#4411=DIRECTION('center_axis',(0.,0.,1.));
#4412=DIRECTION('ref_axis',(-0.707106781186549,0.707106781186546,0.));
#4413=DIRECTION('',(-1.,0.,0.));
#4414=DIRECTION('center_axis',(0.,0.,-1.));
#4415=DIRECTION('ref_axis',(1.,0.,0.));
#4416=DIRECTION('center_axis',(0.,0.,-1.));
#4417=DIRECTION('ref_axis',(1.,0.,0.));
#4418=DIRECTION('center_axis',(0.,0.,-1.));
#4419=DIRECTION('ref_axis',(1.,0.,0.));
#4420=DIRECTION('center_axis',(0.,0.,-1.));
#4421=DIRECTION('ref_axis',(1.,0.,0.));
#4422=DIRECTION('center_axis',(0.,0.,-1.));
#4423=DIRECTION('ref_axis',(1.,0.,0.));
#4424=DIRECTION('',(0.,1.,0.));
#4425=DIRECTION('center_axis',(0.,0.,-1.));
#4426=DIRECTION('ref_axis',(1.,0.,0.));
#4427=DIRECTION('',(0.,-1.,0.));
#4428=DIRECTION('center_axis',(0.,0.,-1.));
#4429=DIRECTION('ref_axis',(-1.,0.,0.));
#4430=DIRECTION('center_axis',(0.,0.,-1.));
#4431=DIRECTION('ref_axis',(1.,0.,0.));
#4432=DIRECTION('center_axis',(0.,0.,-1.));
#4433=DIRECTION('ref_axis',(1.,0.,0.));
#4434=DIRECTION('center_axis',(0.,0.,-1.));
#4435=DIRECTION('ref_axis',(1.,0.,0.));
#4436=DIRECTION('center_axis',(0.,0.,-1.));
#4437=DIRECTION('ref_axis',(1.,0.,0.));
#4438=DIRECTION('center_axis',(0.,0.,-1.));
#4439=DIRECTION('ref_axis',(1.,0.,0.));
#4440=DIRECTION('center_axis',(0.,0.,-1.));
#4441=DIRECTION('ref_axis',(1.,0.,0.));
#4442=DIRECTION('center_axis',(0.,0.,-1.));
#4443=DIRECTION('ref_axis',(1.,0.,0.));
#4444=DIRECTION('center_axis',(0.,0.,-1.));
#4445=DIRECTION('ref_axis',(1.,0.,0.));
#4446=DIRECTION('center_axis',(0.,0.,-1.));
#4447=DIRECTION('ref_axis',(1.,0.,0.));
#4448=DIRECTION('center_axis',(0.,0.,-1.));
#4449=DIRECTION('ref_axis',(1.,0.,0.));
#4450=DIRECTION('',(0.705870426172594,-0.70834097824065,0.));
#4451=DIRECTION('',(-0.705872022889773,0.708339387088915,0.));
#4452=DIRECTION('center_axis',(0.,0.,-1.));
#4453=DIRECTION('ref_axis',(1.,0.,0.));
#4454=DIRECTION('center_axis',(0.,0.,-1.));
#4455=DIRECTION('ref_axis',(1.,0.,0.));
#4456=DIRECTION('center_axis',(0.,0.,-1.));
#4457=DIRECTION('ref_axis',(1.,0.,0.));
#4458=DIRECTION('center_axis',(0.,0.,-1.));
#4459=DIRECTION('ref_axis',(1.,0.,0.));
#4460=DIRECTION('center_axis',(0.,0.,-1.));
#4461=DIRECTION('ref_axis',(1.,0.,0.));
#4462=DIRECTION('center_axis',(0.,0.,-1.));
#4463=DIRECTION('ref_axis',(1.,0.,0.));
#4464=DIRECTION('center_axis',(0.,0.,-1.));
#4465=DIRECTION('ref_axis',(1.,0.,0.));
#4466=DIRECTION('center_axis',(0.,0.,-1.));
#4467=DIRECTION('ref_axis',(1.,0.,0.));
#4468=DIRECTION('center_axis',(0.,0.,-1.));
#4469=DIRECTION('ref_axis',(1.,0.,0.));
#4470=DIRECTION('center_axis',(0.,0.,-1.));
#4471=DIRECTION('ref_axis',(1.,0.,0.));
#4472=DIRECTION('center_axis',(0.,0.,-1.));
#4473=DIRECTION('ref_axis',(1.,0.,0.));
#4474=DIRECTION('center_axis',(0.,0.,-1.));
#4475=DIRECTION('ref_axis',(1.,0.,0.));
#4476=DIRECTION('center_axis',(0.,0.,-1.));
#4477=DIRECTION('ref_axis',(1.,0.,0.));
#4478=DIRECTION('center_axis',(0.,0.,-1.));
#4479=DIRECTION('ref_axis',(1.,0.,0.));
#4480=DIRECTION('center_axis',(1.,0.,0.));
#4481=DIRECTION('ref_axis',(0.,-1.,0.));
#4482=DIRECTION('center_axis',(0.,1.,0.));
#4483=DIRECTION('ref_axis',(1.,0.,0.));
#4484=DIRECTION('center_axis',(0.,0.,-1.));
#4485=DIRECTION('ref_axis',(-1.,0.,0.));
#4486=DIRECTION('center_axis',(0.40824829046386,-0.816496580927728,0.408248290463862));
#4487=DIRECTION('ref_axis',(-0.577350269189625,-0.577350269189625,-0.577350269189628));
#4488=DIRECTION('center_axis',(0.,1.,0.));
#4489=DIRECTION('ref_axis',(-1.,0.,0.));
#4490=DIRECTION('center_axis',(0.,0.,1.));
#4491=DIRECTION('ref_axis',(0.,-1.,0.));
#4492=DIRECTION('center_axis',(1.,0.,0.));
#4493=DIRECTION('ref_axis',(0.,0.,-1.));
#4494=DIRECTION('center_axis',(0.,0.,-1.));
#4495=DIRECTION('ref_axis',(-1.,0.,0.));
#4496=DIRECTION('center_axis',(0.,0.,-1.));
#4497=DIRECTION('ref_axis',(-1.,0.,0.));
#4498=DIRECTION('center_axis',(0.,1.,0.));
#4499=DIRECTION('ref_axis',(0.,0.,1.));
#4500=DIRECTION('center_axis',(1.,0.,0.));
#4501=DIRECTION('ref_axis',(0.,1.,0.));
#4502=DIRECTION('center_axis',(0.408248290463867,-0.408248290463859,-0.816496580927726));
#4503=DIRECTION('ref_axis',(-0.577350269189629,0.577350269189622,-0.577350269189626));
#4504=DIRECTION('center_axis',(1.,0.,-4.44089209850062E-15));
#4505=DIRECTION('ref_axis',(0.,1.,0.));
#4506=DIRECTION('center_axis',(0.,0.,1.));
#4507=DIRECTION('ref_axis',(-1.,0.,0.));
#4508=DIRECTION('center_axis',(0.,-1.,0.));
#4509=DIRECTION('ref_axis',(0.,0.,-1.));
#4510=DIRECTION('center_axis',(-0.40824829046386,-0.816496580927728,0.408248290463862));
#4511=DIRECTION('ref_axis',(0.577350269189625,-0.577350269189625,-0.577350269189628));
#4512=DIRECTION('center_axis',(-1.,0.,0.));
#4513=DIRECTION('ref_axis',(0.,-1.,0.));
#4514=DIRECTION('center_axis',(0.,0.,1.));
#4515=DIRECTION('ref_axis',(1.,0.,0.));
#4516=DIRECTION('center_axis',(0.,1.,0.));
#4517=DIRECTION('ref_axis',(0.,0.,-1.));
#4518=DIRECTION('center_axis',(0.,0.,1.));
#4519=DIRECTION('ref_axis',(1.,0.,0.));
#4520=DIRECTION('center_axis',(0.,-1.,0.));
#4521=DIRECTION('ref_axis',(1.,0.,0.));
#4522=DIRECTION('center_axis',(0.,0.,-1.));
#4523=DIRECTION('ref_axis',(0.,1.,0.));
#4524=DIRECTION('center_axis',(1.,0.,0.));
#4525=DIRECTION('ref_axis',(0.,0.,1.));
#4526=DIRECTION('center_axis',(0.,1.,0.));
#4527=DIRECTION('ref_axis',(0.707106781186546,0.,0.707106781186549));
#4528=DIRECTION('',(0.,1.,0.));
#4529=DIRECTION('center_axis',(0.,0.,-1.));
#4530=DIRECTION('ref_axis',(-0.707106781186551,0.707106781186544,0.));
#4531=DIRECTION('',(0.,0.,1.));
#4532=DIRECTION('',(0.,0.,-1.));
#4533=DIRECTION('center_axis',(0.,0.,-1.));
#4534=DIRECTION('ref_axis',(-1.,0.,0.));
#4535=DIRECTION('center_axis',(0.,0.,-1.));
#4536=DIRECTION('ref_axis',(0.,-1.,0.));
#4537=DIRECTION('center_axis',(-1.,0.,0.));
#4538=DIRECTION('ref_axis',(0.,0.,1.));
#4539=DIRECTION('center_axis',(0.,1.,0.));
#4540=DIRECTION('ref_axis',(-1.,0.,0.));
#4541=DIRECTION('center_axis',(-1.,0.,0.));
#4542=DIRECTION('ref_axis',(0.,0.707106781186546,0.707106781186549));
#4543=DIRECTION('',(-1.,0.,0.));
#4544=DIRECTION('center_axis',(0.40824829046386,-0.816496580927728,-0.408248290463862));
#4545=DIRECTION('ref_axis',(0.577350269189625,0.577350269189625,-0.577350269189628));
#4546=DIRECTION('center_axis',(0.,-1.,0.));
#4547=DIRECTION('ref_axis',(1.,0.,0.));
#4548=DIRECTION('center_axis',(0.,0.,1.));
#4549=DIRECTION('ref_axis',(0.,1.,0.));
#4550=DIRECTION('center_axis',(-1.,0.,0.));
#4551=DIRECTION('ref_axis',(0.,0.,-1.));
#4552=DIRECTION('center_axis',(0.,0.,-1.));
#4553=DIRECTION('ref_axis',(-1.,0.,0.));
#4554=DIRECTION('center_axis',(0.,0.,-1.));
#4555=DIRECTION('ref_axis',(1.,0.,0.));
#4556=DIRECTION('center_axis',(0.,-1.,0.));
#4557=DIRECTION('ref_axis',(0.,0.,1.));
#4558=DIRECTION('center_axis',(-1.,0.,0.));
#4559=DIRECTION('ref_axis',(0.,-1.,0.));
#4560=DIRECTION('center_axis',(0.,-1.,0.));
#4561=DIRECTION('ref_axis',(-0.707106781186546,0.,0.707106781186549));
#4562=DIRECTION('',(0.,-1.,0.));
#4563=DIRECTION('center_axis',(1.,0.,0.));
#4564=DIRECTION('ref_axis',(0.,-0.707106781186546,0.707106781186549));
#4565=DIRECTION('',(1.,0.,0.));
#4566=DIRECTION('center_axis',(0.,0.,-1.));
#4567=DIRECTION('ref_axis',(0.707106781186548,0.707106781186548,0.));
#4568=DIRECTION('',(0.,0.,1.));
#4569=DIRECTION('',(0.,0.,-1.));
#4570=DIRECTION('center_axis',(1.,0.,0.));
#4571=DIRECTION('ref_axis',(0.,0.707106781186546,-0.707106781186549));
#4572=DIRECTION('',(-1.,0.,0.));
#4573=DIRECTION('',(1.,0.,0.));
#4574=DIRECTION('center_axis',(0.,-1.,0.));
#4575=DIRECTION('ref_axis',(0.707106781186546,0.,-0.707106781186549));
#4576=DIRECTION('',(0.,1.,0.));
#4577=DIRECTION('',(0.,-1.,0.));
#4578=DIRECTION('center_axis',(0.,0.,-1.));
#4579=DIRECTION('ref_axis',(0.707106781186548,-0.707106781186548,0.));
#4580=DIRECTION('',(0.,0.,1.));
#4581=DIRECTION('',(0.,0.,-1.));
#4582=DIRECTION('center_axis',(-1.,0.,0.));
#4583=DIRECTION('ref_axis',(0.,-0.707106781186546,-0.707106781186549));
#4584=DIRECTION('',(1.,0.,0.));
#4585=DIRECTION('',(-1.,0.,0.));
#4586=DIRECTION('center_axis',(0.,1.,0.));
#4587=DIRECTION('ref_axis',(-0.707106781186546,0.,-0.707106781186549));
#4588=DIRECTION('',(0.,-1.,0.));
#4589=DIRECTION('',(0.,1.,0.));
#4590=DIRECTION('center_axis',(0.,0.,-1.));
#4591=DIRECTION('ref_axis',(-0.707106781186548,-0.707106781186548,0.));
#4592=DIRECTION('',(0.,0.,1.));
#4593=DIRECTION('',(0.,0.,-1.));
#4594=DIRECTION('center_axis',(-1.,0.,0.));
#4595=DIRECTION('ref_axis',(0.,1.,0.));
#4596=DIRECTION('center_axis',(0.,1.,0.));
#4597=DIRECTION('ref_axis',(1.,0.,0.));
#4598=DIRECTION('center_axis',(0.,-1.,0.));
#4599=DIRECTION('ref_axis',(-1.,0.,0.));
#4600=DIRECTION('center_axis',(1.,0.,0.));
#4601=DIRECTION('ref_axis',(0.,-1.,0.));
#4602=DIRECTION('center_axis',(0.,0.,-1.));
#4603=DIRECTION('ref_axis',(-1.,0.,0.));
#4604=DIRECTION('center_axis',(0.,1.,0.));
#4605=DIRECTION('ref_axis',(1.,0.,0.));
#4606=DIRECTION('center_axis',(0.,-1.,0.));
#4607=DIRECTION('ref_axis',(1.,0.,0.));
#4608=DIRECTION('',(0.,1.,0.));
#4609=DIRECTION('center_axis',(-4.67462320658699E-17,1.,0.));
#4610=DIRECTION('ref_axis',(1.,0.,0.));
#4611=DIRECTION('center_axis',(0.,1.,0.));
#4612=DIRECTION('ref_axis',(1.,0.,0.));
#4613=DIRECTION('center_axis',(-4.77515273670337E-17,-1.,0.));
#4614=DIRECTION('ref_axis',(1.,0.,0.));
#4615=DIRECTION('',(0.,1.,0.));
#4616=DIRECTION('center_axis',(0.,1.,0.));
#4617=DIRECTION('ref_axis',(1.,0.,0.));
#4618=DIRECTION('center_axis',(4.77515273670337E-17,1.,0.));
#4619=DIRECTION('ref_axis',(1.,-4.77515273670337E-17,0.));
#4620=DIRECTION('',(1.,-4.77515273670337E-17,0.));
#4621=DIRECTION('',(0.,0.,-1.));
#4622=DIRECTION('',(1.,-4.77515273670337E-17,0.));
#4623=DIRECTION('',(0.,0.,-1.));
#4624=DIRECTION('',(1.,-4.77515273670337E-17,0.));
#4625=DIRECTION('center_axis',(0.,0.,-1.));
#4626=DIRECTION('ref_axis',(0.,-1.,0.));
#4627=DIRECTION('',(-1.,0.,0.));
#4628=DIRECTION('',(1.7763568394003E-14,-1.,0.));
#4629=DIRECTION('center_axis',(0.,1.,0.));
#4630=DIRECTION('ref_axis',(0.,0.,-1.));
#4631=DIRECTION('',(1.,0.,0.));
#4632=DIRECTION('',(0.,0.,-1.));
#4633=DIRECTION('center_axis',(0.,0.,-1.));
#4634=DIRECTION('ref_axis',(0.,-1.,0.));
#4635=DIRECTION('',(1.,0.,0.));
#4636=DIRECTION('center_axis',(0.,0.,-1.));
#4637=DIRECTION('ref_axis',(1.,0.,0.));
#4638=DIRECTION('center_axis',(0.,0.,-1.));
#4639=DIRECTION('ref_axis',(0.,-1.,0.));
#4640=DIRECTION('',(-1.,-4.67462320658699E-17,0.));
#4641=DIRECTION('',(0.,-1.,0.));
#4642=DIRECTION('',(1.,0.,0.));
#4643=DIRECTION('center_axis',(0.,0.,-1.));
#4644=DIRECTION('ref_axis',(0.,-1.,0.));
#4645=DIRECTION('',(1.,0.,0.));
#4646=DIRECTION('',(0.,-1.,0.));
#4647=DIRECTION('',(-1.,0.,0.));
#4648=DIRECTION('center_axis',(0.,0.,1.));
#4649=DIRECTION('ref_axis',(-1.,0.,0.));
#4650=DIRECTION('',(-1.,-4.67462320658699E-17,0.));
#4651=DIRECTION('center_axis',(0.,-1.,0.));
#4652=DIRECTION('ref_axis',(0.,0.,1.));
#4653=DIRECTION('',(0.,0.,-1.));
#4654=DIRECTION('',(-1.,0.,0.));
#4655=DIRECTION('center_axis',(0.,-1.,0.));
#4656=DIRECTION('ref_axis',(0.,0.,1.));
#4657=DIRECTION('',(-1.,0.,0.));
#4658=DIRECTION('',(0.,0.,1.));
#4659=DIRECTION('center_axis',(0.,1.,0.));
#4660=DIRECTION('ref_axis',(0.,0.,-1.));
#4661=DIRECTION('',(1.,0.,0.));
#4662=DIRECTION('',(0.,0.,-1.));
#4663=DIRECTION('',(1.,0.,0.));
#4664=DIRECTION('',(0.,0.,-1.));
#4665=DIRECTION('',(1.,0.,0.));
#4666=DIRECTION('center_axis',(0.,0.,-1.));
#4667=DIRECTION('ref_axis',(0.,-1.,0.));
#4668=DIRECTION('center_axis',(0.,0.,-1.));
#4669=DIRECTION('ref_axis',(0.,1.,0.));
#4670=DIRECTION('center_axis',(0.,0.,-1.));
#4671=DIRECTION('ref_axis',(0.,-1.,0.));
#4672=DIRECTION('',(0.,-1.,0.));
#4673=DIRECTION('center_axis',(1.,1.7763568394003E-14,0.));
#4674=DIRECTION('ref_axis',(1.7763568394003E-14,-1.,0.));
#4675=DIRECTION('',(0.,0.,-1.));
#4676=DIRECTION('',(1.7763568394003E-14,-1.,0.));
#4677=DIRECTION('center_axis',(0.,0.,-1.));
#4678=DIRECTION('ref_axis',(0.,1.,0.));
#4679=DIRECTION('',(0.,0.,-1.));
#4680=DIRECTION('center_axis',(0.,0.,-1.));
#4681=DIRECTION('ref_axis',(0.,1.,0.));
#4682=DIRECTION('',(0.,0.,-1.));
#4683=DIRECTION('center_axis',(0.,0.,1.));
#4684=DIRECTION('ref_axis',(0.,1.,0.));
#4685=DIRECTION('center_axis',(0.,1.,0.));
#4686=DIRECTION('ref_axis',(0.,0.,-1.));
#4687=DIRECTION('',(0.,0.,-1.));
#4688=DIRECTION('',(-1.,0.,0.));
#4689=DIRECTION('',(0.,0.,-1.));
#4690=DIRECTION('',(-1.,0.,0.));
#4691=DIRECTION('center_axis',(0.,0.,-1.));
#4692=DIRECTION('ref_axis',(0.,-1.,0.));
#4693=DIRECTION('',(0.,-1.,0.));
#4694=DIRECTION('',(-1.,0.,0.));
#4695=DIRECTION('center_axis',(0.,-1.,0.));
#4696=DIRECTION('ref_axis',(0.,0.,1.));
#4697=DIRECTION('',(1.,0.,0.));
#4698=DIRECTION('',(0.,0.,1.));
#4699=DIRECTION('',(1.,0.,0.));
#4700=DIRECTION('',(0.,0.,1.));
#4701=DIRECTION('center_axis',(0.,0.,-1.));
#4702=DIRECTION('ref_axis',(0.,-1.,0.));
#4703=DIRECTION('',(1.,0.,0.));
#4704=DIRECTION('',(0.,-1.,0.));
#4705=DIRECTION('center_axis',(0.,1.,0.));
#4706=DIRECTION('ref_axis',(0.,0.,-1.));
#4707=DIRECTION('',(0.,0.,-1.));
#4708=DIRECTION('center_axis',(-1.,0.,0.));
#4709=DIRECTION('ref_axis',(0.,0.,1.));
#4710=DIRECTION('',(0.,1.,-2.26579993457322E-32));
#4711=DIRECTION('center_axis',(0.,-1.,0.));
#4712=DIRECTION('ref_axis',(0.,0.,1.));
#4713=DIRECTION('',(0.,0.,1.));
#4714=DIRECTION('',(0.,0.,1.));
#4715=DIRECTION('',(-1.,0.,0.));
#4716=DIRECTION('center_axis',(-1.,0.,0.));
#4717=DIRECTION('ref_axis',(0.,0.,1.));
#4718=DIRECTION('',(0.,1.,2.26579993457322E-32));
#4719=DIRECTION('center_axis',(0.,0.,-1.));
#4720=DIRECTION('ref_axis',(-1.,0.,0.));
#4721=DIRECTION('center_axis',(0.,0.,-1.));
#4722=DIRECTION('ref_axis',(-1.,0.,0.));
#4723=DIRECTION('',(0.,0.,-1.));
#4724=DIRECTION('center_axis',(0.,0.,1.));
#4725=DIRECTION('ref_axis',(-1.,0.,0.));
#4726=DIRECTION('',(0.,0.,-1.));
#4727=DIRECTION('center_axis',(1.,0.,0.));
#4728=DIRECTION('ref_axis',(0.,-1.,0.));
#4729=DIRECTION('',(0.,0.,-1.));
#4730=DIRECTION('',(0.,-1.,0.));
#4731=DIRECTION('center_axis',(0.,1.,0.));
#4732=DIRECTION('ref_axis',(1.,0.,0.));
#4733=DIRECTION('',(-1.,0.,0.));
#4734=DIRECTION('',(1.,0.,0.));
#4735=DIRECTION('',(0.,0.,-1.));
#4736=DIRECTION('center_axis',(0.,0.,-1.));
#4737=DIRECTION('ref_axis',(-1.,0.,0.));
#4738=DIRECTION('center_axis',(0.,0.,1.));
#4739=DIRECTION('ref_axis',(-1.,0.,0.));
#4740=DIRECTION('center_axis',(0.,0.,-1.));
#4741=DIRECTION('ref_axis',(-1.,0.,0.));
#4742=DIRECTION('',(0.,0.,-1.));
#4743=DIRECTION('center_axis',(-1.,0.,0.));
#4744=DIRECTION('ref_axis',(0.,1.,0.));
#4745=DIRECTION('',(0.,-1.,0.));
#4746=DIRECTION('',(0.,1.,0.));
#4747=DIRECTION('',(0.,0.,-1.));
#4748=DIRECTION('center_axis',(0.,0.,-1.));
#4749=DIRECTION('ref_axis',(0.,-1.,0.));
#4750=DIRECTION('center_axis',(0.,0.,1.));
#4751=DIRECTION('ref_axis',(0.,-1.,0.));
#4752=DIRECTION('center_axis',(0.,0.,-1.));
#4753=DIRECTION('ref_axis',(0.,-1.,0.));
#4754=DIRECTION('',(0.,0.,-1.));
#4755=DIRECTION('center_axis',(0.,-1.,0.));
#4756=DIRECTION('ref_axis',(-1.,0.,0.));
#4757=DIRECTION('',(1.,0.,0.));
#4758=DIRECTION('',(-1.,0.,0.));
#4759=DIRECTION('',(0.,0.,-1.));
#4760=DIRECTION('center_axis',(0.,0.,-1.));
#4761=DIRECTION('ref_axis',(1.,0.,0.));
#4762=DIRECTION('center_axis',(0.,0.,1.));
#4763=DIRECTION('ref_axis',(1.,0.,0.));
#4764=DIRECTION('center_axis',(0.,0.,-1.));
#4765=DIRECTION('ref_axis',(1.,0.,0.));
#4766=DIRECTION('center_axis',(0.,0.,-1.));
#4767=DIRECTION('ref_axis',(0.,-1.,0.));
#4768=DIRECTION('center_axis',(0.,0.,-1.));
#4769=DIRECTION('ref_axis',(0.,-1.,0.));
#4770=DIRECTION('center_axis',(0.,0.,1.));
#4771=DIRECTION('ref_axis',(0.,-1.,0.));
#4772=DIRECTION('',(0.,0.,-1.));
#4773=DIRECTION('center_axis',(1.,0.,0.));
#4774=DIRECTION('ref_axis',(0.,-1.,0.));
#4775=DIRECTION('',(0.,1.,0.));
#4776=DIRECTION('',(0.,-1.,0.));
#4777=DIRECTION('center_axis',(4.67462320658699E-17,-1.,0.));
#4778=DIRECTION('ref_axis',(-1.,-4.67462320658699E-17,0.));
#4779=DIRECTION('',(-1.,-4.67462320658699E-17,0.));
#4780=DIRECTION('center_axis',(0.,0.,-1.));
#4781=DIRECTION('ref_axis',(1.,0.,0.));
#4782=DIRECTION('center_axis',(0.,0.,1.));
#4783=DIRECTION('ref_axis',(1.,0.,0.));
#4784=DIRECTION('',(-0.403934770729178,0.914787790143685,0.));
#4785=DIRECTION('',(0.914787790143685,0.403934770729178,0.));
#4786=DIRECTION('',(0.403934770729178,-0.914787790143685,0.));
#4787=DIRECTION('center_axis',(0.,0.,-1.));
#4788=DIRECTION('ref_axis',(1.,0.,0.));
#4789=DIRECTION('center_axis',(0.,0.,1.));
#4790=DIRECTION('ref_axis',(1.,0.,0.));
#4791=DIRECTION('center_axis',(0.285625015539635,-0.646852649757256,-0.707106781186548));
#4792=DIRECTION('ref_axis',(0.285625015539635,-0.646852649757256,0.707106781186547));
#4793=DIRECTION('center_axis',(0.285625015539635,-0.646852649757256,0.707106781186547));
#4794=DIRECTION('ref_axis',(0.285625015539635,-0.646852649757256,-0.707106781186548));
#4795=DIRECTION('',(0.,0.,1.));
#4796=DIRECTION('center_axis',(0.285625015539635,-0.646852649757256,0.707106781186547));
#4797=DIRECTION('ref_axis',(0.285625015539635,-0.646852649757256,-0.707106781186548));
#4798=DIRECTION('center_axis',(0.285625015539635,-0.646852649757256,-0.707106781186548));
#4799=DIRECTION('ref_axis',(0.285625015539635,-0.646852649757256,0.707106781186547));
#4800=DIRECTION('center_axis',(-0.403934770729178,0.914787790143685,0.));
#4801=DIRECTION('ref_axis',(0.,0.,1.));
#4802=DIRECTION('center_axis',(-0.403934770729178,0.914787790143685,0.));
#4803=DIRECTION('ref_axis',(-0.914787790143685,-0.403934770729178,0.));
#4804=DIRECTION('center_axis',(-0.695440039203777,0.71858412998914,0.));
#4805=DIRECTION('ref_axis',(-0.71858412998914,-0.695440039203777,0.));
#4806=DIRECTION('center_axis',(0.558372825487855,-0.829590132388705,0.));
#4807=DIRECTION('ref_axis',(-0.829590132388705,-0.558372825487855,0.));
#4808=DIRECTION('',(-0.695440039203777,0.71858412998914,0.));
#4809=DIRECTION('center_axis',(0.558372825487855,-0.829590132388705,0.));
#4810=DIRECTION('ref_axis',(-0.829590132388705,-0.558372825487855,0.));
#4811=DIRECTION('center_axis',(0.558372825487846,-0.829590132388711,0.));
#4812=DIRECTION('ref_axis',(-0.829590132388711,-0.558372825487846,0.));
#4813=DIRECTION('center_axis',(-0.403934770729178,0.914787790143685,0.));
#4814=DIRECTION('ref_axis',(-0.914787790143685,-0.403934770729178,0.));
#4815=DIRECTION('',(-0.403934770729178,0.914787790143685,0.));
#4816=DIRECTION('center_axis',(0.,0.,1.));
#4817=DIRECTION('ref_axis',(1.,0.,0.));
#4818=DIRECTION('',(0.759330053394545,0.65070567080043,0.));
#4819=DIRECTION('',(0.65070567080043,-0.759330053394545,0.));
#4820=DIRECTION('',(-0.759330053394545,-0.65070567080043,0.));
#4821=DIRECTION('center_axis',(0.,0.,-1.));
#4822=DIRECTION('ref_axis',(1.,0.,0.));
#4823=DIRECTION('center_axis',(0.,0.,-1.));
#4824=DIRECTION('ref_axis',(1.,0.,0.));
#4825=DIRECTION('center_axis',(0.,0.,1.));
#4826=DIRECTION('ref_axis',(1.,0.,0.));
#4827=DIRECTION('center_axis',(-0.536927429914028,-0.460118392379527,0.707106781186545));
#4828=DIRECTION('ref_axis',(0.536927429914024,0.460118392379524,0.70710678118655));
#4829=DIRECTION('center_axis',(-0.536927429914028,-0.460118392379527,-0.707106781186545));
#4830=DIRECTION('ref_axis',(0.536927429914024,0.460118392379524,-0.70710678118655));
#4831=DIRECTION('',(0.,0.,1.));
#4832=DIRECTION('center_axis',(-0.536927429914028,-0.460118392379527,-0.707106781186545));
#4833=DIRECTION('ref_axis',(0.536927429914024,0.460118392379524,-0.70710678118655));
#4834=DIRECTION('center_axis',(-0.759330053394545,-0.65070567080043,0.));
#4835=DIRECTION('ref_axis',(0.,0.,1.));
#4836=DIRECTION('center_axis',(-0.759330053394545,-0.65070567080043,0.));
#4837=DIRECTION('ref_axis',(0.65070567080043,-0.759330053394545,0.));
#4838=DIRECTION('center_axis',(-0.759330053394545,-0.65070567080043,0.));
#4839=DIRECTION('ref_axis',(0.65070567080043,-0.759330053394545,0.));
#4840=DIRECTION('',(-0.759330053394545,-0.65070567080043,0.));
#4841=DIRECTION('center_axis',(0.,0.,1.));
#4842=DIRECTION('ref_axis',(1.,0.,0.));
#4843=DIRECTION('',(0.759330053394546,-0.650705670800428,0.));
#4844=DIRECTION('',(-0.650705670800428,-0.759330053394546,0.));
#4845=DIRECTION('',(-0.759330053394546,0.650705670800428,0.));
#4846=DIRECTION('center_axis',(0.,0.,-1.));
#4847=DIRECTION('ref_axis',(1.,0.,0.));
#4848=DIRECTION('center_axis',(0.,0.,-1.));
#4849=DIRECTION('ref_axis',(1.,0.,0.));
#4850=DIRECTION('center_axis',(0.,0.,1.));
#4851=DIRECTION('ref_axis',(1.,0.,0.));
#4852=DIRECTION('center_axis',(-0.536927429914026,0.460118392379523,0.707106781186549));
#4853=DIRECTION('ref_axis',(0.536927429914028,-0.460118392379525,0.707106781186546));
#4854=DIRECTION('center_axis',(-0.536927429914026,0.460118392379523,-0.707106781186549));
#4855=DIRECTION('ref_axis',(0.536927429914028,-0.460118392379525,-0.707106781186546));
#4856=DIRECTION('',(0.,0.,1.));
#4857=DIRECTION('center_axis',(-0.536927429914026,0.460118392379523,-0.707106781186549));
#4858=DIRECTION('ref_axis',(0.536927429914028,-0.460118392379525,-0.707106781186546));
#4859=DIRECTION('center_axis',(-0.759330053394546,0.650705670800428,0.));
#4860=DIRECTION('ref_axis',(0.,0.,1.));
#4861=DIRECTION('center_axis',(-0.759330053394546,0.650705670800428,0.));
#4862=DIRECTION('ref_axis',(-0.65070567080043,-0.759330053394545,0.));
#4863=DIRECTION('center_axis',(-0.759330053394547,0.650705670800428,0.));
#4864=DIRECTION('ref_axis',(-0.650705670800428,-0.759330053394546,0.));
#4865=DIRECTION('',(-0.759330053394546,0.650705670800428,0.));
#4866=DIRECTION('center_axis',(-0.403934770729177,-0.914787790143686,0.));
#4867=DIRECTION('ref_axis',(0.,0.,-1.));
#4868=DIRECTION('',(0.914787790143685,-0.403934770729177,0.));
#4869=DIRECTION('center_axis',(-0.403934770729177,-0.914787790143686,0.));
#4870=DIRECTION('ref_axis',(0.914787790143685,-0.403934770729177,0.));
#4871=DIRECTION('center_axis',(-0.695440039203775,-0.718584129989142,0.));
#4872=DIRECTION('ref_axis',(0.718584129989142,-0.695440039203775,0.));
#4873=DIRECTION('center_axis',(0.558372825487833,0.82959013238872,0.));
#4874=DIRECTION('ref_axis',(0.82959013238872,-0.558372825487833,0.));
#4875=DIRECTION('',(-0.695440039203775,-0.718584129989142,0.));
#4876=DIRECTION('center_axis',(0.558372825487833,0.82959013238872,0.));
#4877=DIRECTION('ref_axis',(0.82959013238872,-0.558372825487833,0.));
#4878=DIRECTION('center_axis',(0.558372825487853,0.829590132388707,0.));
#4879=DIRECTION('ref_axis',(0.829590132388707,-0.558372825487853,0.));
#4880=DIRECTION('center_axis',(-0.403934770729177,-0.914787790143685,0.));
#4881=DIRECTION('ref_axis',(0.914787790143685,-0.403934770729177,0.));
#4882=DIRECTION('',(0.403934770729177,0.914787790143685,0.));
#4883=DIRECTION('center_axis',(-0.285625015539634,-0.646852649757256,0.707106781186548));
#4884=DIRECTION('ref_axis',(0.285625015539634,0.646852649757257,0.707106781186547));
#4885=DIRECTION('',(-0.403934770729177,-0.914787790143685,0.));
#4886=DIRECTION('',(-0.403934770729177,-0.914787790143685,0.));
#4887=DIRECTION('center_axis',(0.,0.,1.));
#4888=DIRECTION('ref_axis',(1.,0.,0.));
#4889=DIRECTION('center_axis',(0.,0.,-1.));
#4890=DIRECTION('ref_axis',(1.,0.,0.));
#4891=DIRECTION('center_axis',(0.,0.,1.));
#4892=DIRECTION('ref_axis',(1.,0.,0.));
#4893=DIRECTION('center_axis',(0.,0.,1.));
#4894=DIRECTION('ref_axis',(1.,0.,0.));
#4895=DIRECTION('center_axis',(0.,0.,1.));
#4896=DIRECTION('ref_axis',(1.,0.,0.));
#4897=DIRECTION('',(0.,0.,1.));
#4898=DIRECTION('center_axis',(0.,0.,1.));
#4899=DIRECTION('ref_axis',(1.,0.,0.));
#4900=DIRECTION('center_axis',(0.,0.,1.));
#4901=DIRECTION('ref_axis',(1.,0.,0.));
#4902=DIRECTION('',(0.,0.,1.));
#4903=DIRECTION('center_axis',(-1.,0.,0.));
#4904=DIRECTION('ref_axis',(0.,-1.,0.));
#4905=DIRECTION('',(0.,-1.,0.));
#4906=DIRECTION('',(0.,0.,1.));
#4907=DIRECTION('',(0.,0.,1.));
#4908=DIRECTION('center_axis',(0.,0.,1.));
#4909=DIRECTION('ref_axis',(1.,0.,0.));
#4910=DIRECTION('center_axis',(0.,0.,1.));
#4911=DIRECTION('ref_axis',(1.,0.,0.));
#4912=DIRECTION('',(0.,0.,1.));
#4913=DIRECTION('center_axis',(1.,0.,0.));
#4914=DIRECTION('ref_axis',(0.,1.,0.));
#4915=DIRECTION('',(0.,1.,0.));
#4916=DIRECTION('',(0.,0.,1.));
#4917=DIRECTION('center_axis',(0.,0.,1.));
#4918=DIRECTION('ref_axis',(-1.,0.,0.));
#4919=DIRECTION('center_axis',(0.,0.,1.));
#4920=DIRECTION('ref_axis',(-1.,0.,0.));
#4921=DIRECTION('center_axis',(0.,0.,1.));
#4922=DIRECTION('ref_axis',(1.,0.,0.));
#4923=DIRECTION('center_axis',(0.,0.,1.));
#4924=DIRECTION('ref_axis',(0.720101000886696,-0.693869258954436,0.));
#4925=DIRECTION('center_axis',(0.,0.,-1.));
#4926=DIRECTION('ref_axis',(0.720101000886696,-0.693869258954436,0.));
#4927=DIRECTION('center_axis',(0.,0.,1.));
#4928=DIRECTION('ref_axis',(1.,0.,0.));
#4929=DIRECTION('',(-0.638666898684494,0.769483328295507,0.));
#4930=DIRECTION('',(0.735407436077647,-0.67762519357068,0.));
#4931=DIRECTION('center_axis',(0.,0.,-1.));
#4932=DIRECTION('ref_axis',(0.363725558575663,0.931506155663409,0.));
#4933=DIRECTION('',(1.,0.,0.));
#4934=DIRECTION('center_axis',(0.,0.,-1.));
#4935=DIRECTION('ref_axis',(-0.517165556595466,0.8558853819708,0.));
#4936=DIRECTION('',(0.465079574142605,0.885268879897703,0.));
#4937=DIRECTION('center_axis',(0.,0.,1.));
#4938=DIRECTION('ref_axis',(-0.293183210737216,-0.956056277078822,0.));
#4939=DIRECTION('',(-0.326915938292244,-0.945053421395056,0.));
#4940=DIRECTION('center_axis',(0.,0.,-1.));
#4941=DIRECTION('ref_axis',(0.986167688934051,-0.165750684168943,0.));
#4942=DIRECTION('',(0.,-1.,0.));
#4943=DIRECTION('center_axis',(0.,0.,-1.));
#4944=DIRECTION('ref_axis',(0.986167688934051,0.165750684168943,0.));
#4945=DIRECTION('',(0.326915938292244,-0.945053421395056,0.));
#4946=DIRECTION('center_axis',(0.,0.,1.));
#4947=DIRECTION('ref_axis',(-0.484472568568162,0.874806453054027,0.));
#4948=DIRECTION('',(-0.465079574142605,0.885268879897703,0.));
#4949=DIRECTION('center_axis',(0.,0.,-1.));
#4950=DIRECTION('ref_axis',(-0.517165556595465,-0.8558853819708,0.));
#4951=DIRECTION('',(-1.,0.,0.));
#4952=DIRECTION('center_axis',(0.,0.,-1.));
#4953=DIRECTION('ref_axis',(0.363725558575662,-0.931506155663409,0.));
#4954=DIRECTION('',(-0.735407436077647,-0.67762519357068,0.));
#4955=DIRECTION('center_axis',(0.,0.,1.));
#4956=DIRECTION('ref_axis',(0.64946440852051,0.760391992373081,0.));
#4957=DIRECTION('',(0.638666898684494,0.769483328295507,0.));
#4958=DIRECTION('center_axis',(0.,0.,-1.));
#4959=DIRECTION('ref_axis',(-1.,4.05231403988177E-15,0.));
#4960=DIRECTION('center_axis',(0.,0.,-1.));
#4961=DIRECTION('ref_axis',(1.,0.,0.));
#4962=DIRECTION('center_axis',(0.,0.,-1.));
#4963=DIRECTION('ref_axis',(1.,0.,0.));
#4964=DIRECTION('center_axis',(0.,0.,-1.));
#4965=DIRECTION('ref_axis',(1.,0.,0.));
#4966=DIRECTION('center_axis',(0.,0.,-1.));
#4967=DIRECTION('ref_axis',(1.,0.,0.));
#4968=DIRECTION('center_axis',(0.,0.,-1.));
#4969=DIRECTION('ref_axis',(1.,0.,0.));
#4970=DIRECTION('center_axis',(0.,0.,-1.));
#4971=DIRECTION('ref_axis',(1.,0.,0.));
#4972=DIRECTION('center_axis',(0.,0.,-1.));
#4973=DIRECTION('ref_axis',(1.,0.,0.));
#4974=DIRECTION('center_axis',(0.,0.,-1.));
#4975=DIRECTION('ref_axis',(1.,0.,0.));
#4976=DIRECTION('center_axis',(0.,0.,-1.));
#4977=DIRECTION('ref_axis',(1.,0.,0.));
#4978=DIRECTION('center_axis',(0.,0.,-1.));
#4979=DIRECTION('ref_axis',(1.,0.,0.));
#4980=DIRECTION('',(-0.705872022889773,0.708339387088915,0.));
#4981=DIRECTION('',(0.705870426172594,-0.70834097824065,0.));
#4982=DIRECTION('center_axis',(0.,0.,-1.));
#4983=DIRECTION('ref_axis',(1.,0.,0.));
#4984=DIRECTION('center_axis',(0.,0.,-1.));
#4985=DIRECTION('ref_axis',(1.,0.,0.));
#4986=DIRECTION('center_axis',(0.,0.,-1.));
#4987=DIRECTION('ref_axis',(1.,0.,0.));
#4988=DIRECTION('center_axis',(0.,0.,-1.));
#4989=DIRECTION('ref_axis',(1.,0.,0.));
#4990=DIRECTION('center_axis',(0.,0.,-1.));
#4991=DIRECTION('ref_axis',(1.,0.,0.));
#4992=DIRECTION('center_axis',(0.,0.,-1.));
#4993=DIRECTION('ref_axis',(1.,0.,0.));
#4994=DIRECTION('center_axis',(0.,0.,-1.));
#4995=DIRECTION('ref_axis',(1.,0.,0.));
#4996=DIRECTION('center_axis',(0.,0.,-1.));
#4997=DIRECTION('ref_axis',(1.,0.,0.));
#4998=DIRECTION('center_axis',(0.,0.,-1.));
#4999=DIRECTION('ref_axis',(1.,0.,0.));
#5000=DIRECTION('center_axis',(0.,0.,-1.));
#5001=DIRECTION('ref_axis',(1.,0.,0.));
#5002=DIRECTION('center_axis',(0.,0.,-1.));
#5003=DIRECTION('ref_axis',(1.,0.,0.));
#5004=DIRECTION('center_axis',(0.,0.,-1.));
#5005=DIRECTION('ref_axis',(1.,0.,0.));
#5006=DIRECTION('center_axis',(0.,0.,-1.));
#5007=DIRECTION('ref_axis',(1.,0.,0.));
#5008=DIRECTION('center_axis',(0.,0.,-1.));
#5009=DIRECTION('ref_axis',(1.,0.,0.));
#5010=DIRECTION('center_axis',(0.,0.,1.));
#5011=DIRECTION('ref_axis',(1.,0.,0.));
#5012=DIRECTION('center_axis',(0.,0.,1.));
#5013=DIRECTION('ref_axis',(0.720101000886696,-0.693869258954436,0.));
#5014=DIRECTION('center_axis',(0.,0.,1.));
#5015=DIRECTION('ref_axis',(1.,0.,0.));
#5016=DIRECTION('',(0.,0.,1.));
#5017=DIRECTION('',(0.,0.,1.));
#5018=DIRECTION('center_axis',(-0.638666898684494,0.769483328295507,0.));
#5019=DIRECTION('ref_axis',(0.544106879447746,0.451605694979188,-0.707106781186548));
#5020=DIRECTION('center_axis',(0.638666898684492,-0.769483328295508,0.));
#5021=DIRECTION('ref_axis',(0.,0.,-1.));
#5022=DIRECTION('',(0.638666898684494,-0.769483328295507,0.));
#5023=DIRECTION('center_axis',(0.,0.,1.));
#5024=DIRECTION('ref_axis',(-1.,3.67517835871523E-15,0.));
#5025=DIRECTION('center_axis',(-0.63866689868449,-0.76948332829551,0.));
#5026=DIRECTION('ref_axis',(0.,0.,-1.));
#5027=DIRECTION('center_axis',(0.,0.,1.));
#5028=DIRECTION('ref_axis',(-1.,4.05231403988177E-15,0.));
#5029=DIRECTION('center_axis',(-0.638666898684494,-0.769483328295507,0.));
#5030=DIRECTION('ref_axis',(0.544106879447746,-0.451605694979188,-0.707106781186548));
#5031=DIRECTION('',(-0.638666898684494,-0.769483328295507,0.));
#5032=DIRECTION('center_axis',(-0.638666898684494,0.769483328295507,0.));
#5033=DIRECTION('ref_axis',(0.544106879447746,0.451605694979188,0.707106781186548));
#5034=DIRECTION('center_axis',(0.638666898684492,-0.769483328295508,0.));
#5035=DIRECTION('ref_axis',(0.769483328295508,0.638666898684492,0.));
#5036=DIRECTION('',(-0.638666898684494,0.769483328295507,0.));
#5037=DIRECTION('center_axis',(0.,0.,-1.));
#5038=DIRECTION('ref_axis',(-1.,0.,0.));
#5039=DIRECTION('center_axis',(-0.63866689868449,-0.76948332829551,0.));
#5040=DIRECTION('ref_axis',(0.76948332829551,-0.63866689868449,0.));
#5041=DIRECTION('center_axis',(0.,0.,-1.));
#5042=DIRECTION('ref_axis',(-1.,4.05231403988177E-15,0.));
#5043=DIRECTION('center_axis',(0.638666898684494,0.769483328295507,0.));
#5044=DIRECTION('ref_axis',(0.544106879447746,-0.451605694979188,0.707106781186548));
#5045=DIRECTION('',(0.638666898684494,0.769483328295507,0.));
#5046=DIRECTION('center_axis',(0.769483328295507,-0.638666898684494,0.));
#5047=DIRECTION('ref_axis',(0.638666898684494,0.769483328295507,0.));
#5048=DIRECTION('',(0.,0.,1.));
#5049=DIRECTION('',(0.,0.,1.));
#5050=DIRECTION('center_axis',(0.,0.,1.));
#5051=DIRECTION('ref_axis',(-0.769483328295509,0.638666898684491,0.));
#5052=DIRECTION('',(0.,0.,1.));
#5053=DIRECTION('center_axis',(0.769483328295507,0.638666898684494,0.));
#5054=DIRECTION('ref_axis',(-0.638666898684494,0.769483328295507,0.));
#5055=DIRECTION('center_axis',(0.,0.,1.));
#5056=DIRECTION('ref_axis',(1.,0.,0.));
#5057=DIRECTION('center_axis',(0.,0.,-1.));
#5058=DIRECTION('ref_axis',(0.64946440852051,0.760391992373081,0.));
#5059=DIRECTION('center_axis',(0.,0.,1.));
#5060=DIRECTION('ref_axis',(1.,0.,0.));
#5061=DIRECTION('center_axis',(0.,0.,1.));
#5062=DIRECTION('ref_axis',(0.64946440852051,0.760391992373081,0.));
#5063=DIRECTION('center_axis',(0.,0.,1.));
#5064=DIRECTION('ref_axis',(1.,0.,0.));
#5065=DIRECTION('',(0.,0.,1.));
#5066=DIRECTION('center_axis',(0.465079574142605,-0.885268879897703,0.));
#5067=DIRECTION('ref_axis',(0.625979628149086,0.328860920667587,-0.707106781186547));
#5068=DIRECTION('center_axis',(-0.465079574142603,0.885268879897704,0.));
#5069=DIRECTION('ref_axis',(0.885268879897704,0.465079574142603,0.));
#5070=DIRECTION('',(0.465079574142605,-0.885268879897703,0.));
#5071=DIRECTION('center_axis',(0.,0.,1.));
#5072=DIRECTION('ref_axis',(1.,0.,0.));
#5073=DIRECTION('center_axis',(-1.,2.22044604925031E-15,0.));
#5074=DIRECTION('ref_axis',(2.22044604925031E-15,1.,0.));
#5075=DIRECTION('center_axis',(0.,0.,1.));
#5076=DIRECTION('ref_axis',(-0.517165556595465,-0.8558853819708,0.));
#5077=DIRECTION('center_axis',(1.,0.,0.));
#5078=DIRECTION('ref_axis',(0.,0.707106781186548,-0.707106781186547));
#5079=DIRECTION('center_axis',(-1.,0.,0.));
#5080=DIRECTION('ref_axis',(0.,1.,0.));
#5081=DIRECTION('',(1.,0.,0.));
#5082=DIRECTION('center_axis',(0.,0.,1.));
#5083=DIRECTION('ref_axis',(1.,0.,0.));
#5084=DIRECTION('center_axis',(-0.735407436077646,-0.677625193570681,0.));
#5085=DIRECTION('ref_axis',(-0.677625193570681,0.735407436077646,0.));
#5086=DIRECTION('center_axis',(0.,0.,1.));
#5087=DIRECTION('ref_axis',(0.363725558575662,-0.931506155663409,0.));
#5088=DIRECTION('center_axis',(-0.735407436077647,-0.67762519357068,0.));
#5089=DIRECTION('ref_axis',(-0.479153369476672,0.520011584985519,-0.707106781186547));
#5090=DIRECTION('',(0.735407436077647,0.67762519357068,0.));
#5091=DIRECTION('center_axis',(-0.67762519357068,0.735407436077647,0.));
#5092=DIRECTION('ref_axis',(-0.735407436077647,-0.67762519357068,0.));
#5093=DIRECTION('',(0.,0.,1.));
#5094=DIRECTION('',(-0.735407436077647,-0.67762519357068,0.));
#5095=DIRECTION('center_axis',(0.,0.,1.));
#5096=DIRECTION('ref_axis',(1.48029736616688E-16,-1.,0.));
#5097=DIRECTION('',(0.,0.,1.));
#5098=DIRECTION('center_axis',(0.,0.,-1.));
#5099=DIRECTION('ref_axis',(0.363725558575662,-0.931506155663409,0.));
#5100=DIRECTION('center_axis',(0.,1.,0.));
#5101=DIRECTION('ref_axis',(-1.,0.,0.));
#5102=DIRECTION('',(0.,0.,1.));
#5103=DIRECTION('',(-1.,0.,0.));
#5104=DIRECTION('center_axis',(0.,0.,1.));
#5105=DIRECTION('ref_axis',(-0.885268879897702,-0.465079574142606,0.));
#5106=DIRECTION('',(0.,0.,1.));
#5107=DIRECTION('center_axis',(0.,0.,-1.));
#5108=DIRECTION('ref_axis',(-0.517165556595465,-0.8558853819708,0.));
#5109=DIRECTION('center_axis',(0.885268879897703,0.465079574142605,0.));
#5110=DIRECTION('ref_axis',(-0.465079574142605,0.885268879897703,0.));
#5111=DIRECTION('',(0.,0.,1.));
#5112=DIRECTION('',(-0.465079574142605,0.885268879897703,0.));
#5113=DIRECTION('center_axis',(-0.735407436077647,-0.67762519357068,0.));
#5114=DIRECTION('ref_axis',(-0.479153369476672,0.520011584985519,0.707106781186547));
#5115=DIRECTION('center_axis',(0.735407436077648,0.677625193570679,0.));
#5116=DIRECTION('ref_axis',(-0.677625193570679,0.735407436077648,0.));
#5117=DIRECTION('center_axis',(0.,0.,-1.));
#5118=DIRECTION('ref_axis',(-1.,0.,0.));
#5119=DIRECTION('center_axis',(1.,-2.22044604925031E-15,0.));
#5120=DIRECTION('ref_axis',(2.22044604925031E-15,1.,0.));
#5121=DIRECTION('center_axis',(-1.,0.,0.));
#5122=DIRECTION('ref_axis',(0.,0.707106781186548,0.707106781186547));
#5123=DIRECTION('center_axis',(1.,2.22044604925031E-15,0.));
#5124=DIRECTION('ref_axis',(-2.22044604925031E-15,1.,0.));
#5125=DIRECTION('center_axis',(0.,0.,-1.));
#5126=DIRECTION('ref_axis',(-1.,0.,0.));
#5127=DIRECTION('center_axis',(0.465079574142607,-0.885268879897702,0.));
#5128=DIRECTION('ref_axis',(0.885268879897702,0.465079574142607,0.));
#5129=DIRECTION('center_axis',(-0.465079574142605,0.885268879897703,0.));
#5130=DIRECTION('ref_axis',(0.625979628149086,0.328860920667587,0.707106781186547));
#5131=DIRECTION('center_axis',(0.,0.,1.));
#5132=DIRECTION('ref_axis',(-0.389509030110276,0.92102264655249,0.));
#5133=DIRECTION('center_axis',(0.,0.,-1.));
#5134=DIRECTION('ref_axis',(-0.484472568568162,0.874806453054027,0.));
#5135=DIRECTION('center_axis',(0.,0.,1.));
#5136=DIRECTION('ref_axis',(-0.389509030110276,0.92102264655249,0.));
#5137=DIRECTION('center_axis',(0.,0.,1.));
#5138=DIRECTION('ref_axis',(-0.484472568568162,0.874806453054027,0.));
#5139=DIRECTION('center_axis',(0.,0.,1.));
#5140=DIRECTION('ref_axis',(-0.390002685771379,0.920813718995928,0.));
#5141=DIRECTION('',(0.,0.,1.));
#5142=DIRECTION('center_axis',(0.326915938292244,-0.945053421395056,0.));
#5143=DIRECTION('ref_axis',(-0.668253682851993,-0.23116447684441,-0.707106781186546));
#5144=DIRECTION('center_axis',(-0.326915938292245,0.945053421395056,0.));
#5145=DIRECTION('ref_axis',(0.,0.,-1.));
#5146=DIRECTION('',(-0.326915938292244,0.945053421395056,0.));
#5147=DIRECTION('center_axis',(0.,0.,1.));
#5148=DIRECTION('ref_axis',(1.,0.,0.));
#5149=DIRECTION('center_axis',(-7.21644966006354E-15,1.,0.));
#5150=DIRECTION('ref_axis',(0.,0.,-1.));
#5151=DIRECTION('center_axis',(0.,0.,1.));
#5152=DIRECTION('ref_axis',(0.986167688934051,0.165750684168943,0.));
#5153=DIRECTION('center_axis',(0.,1.,0.));
#5154=DIRECTION('ref_axis',(-0.707106781186546,0.,-0.707106781186549));
#5155=DIRECTION('center_axis',(5.5511151231258E-16,1.,0.));
#5156=DIRECTION('ref_axis',(0.,0.,-1.));
#5157=DIRECTION('',(0.,1.,0.));
#5158=DIRECTION('center_axis',(0.,0.,1.));
#5159=DIRECTION('ref_axis',(1.,0.,0.));
#5160=DIRECTION('center_axis',(0.326915938292245,0.945053421395056,0.));
#5161=DIRECTION('ref_axis',(0.,0.,-1.));
#5162=DIRECTION('center_axis',(0.,0.,1.));
#5163=DIRECTION('ref_axis',(0.986167688934051,-0.165750684168943,0.));
#5164=DIRECTION('center_axis',(0.326915938292244,0.945053421395056,0.));
#5165=DIRECTION('ref_axis',(-0.668253682851993,0.231164476844409,-0.707106781186547));
#5166=DIRECTION('',(0.326915938292244,0.945053421395056,0.));
#5167=DIRECTION('center_axis',(0.,0.,1.));
#5168=DIRECTION('ref_axis',(-0.389509030110275,-0.92102264655249,0.));
#5169=DIRECTION('center_axis',(0.,0.,-1.));
#5170=DIRECTION('ref_axis',(-0.293183210737216,-0.956056277078822,0.));
#5171=DIRECTION('center_axis',(-0.945053421395056,-0.326915938292244,0.));
#5172=DIRECTION('ref_axis',(0.326915938292244,-0.945053421395056,0.));
#5173=DIRECTION('',(0.,0.,1.));
#5174=DIRECTION('',(0.326915938292244,-0.945053421395056,0.));
#5175=DIRECTION('center_axis',(0.,0.,1.));
#5176=DIRECTION('ref_axis',(1.,6.77236045021325E-15,0.));
#5177=DIRECTION('',(0.,0.,1.));
#5178=DIRECTION('center_axis',(0.,0.,-1.));
#5179=DIRECTION('ref_axis',(0.986167688934051,0.165750684168943,0.));
#5180=DIRECTION('center_axis',(-1.,0.,0.));
#5181=DIRECTION('ref_axis',(0.,-1.,0.));
#5182=DIRECTION('',(0.,0.,1.));
#5183=DIRECTION('',(0.,-1.,0.));
#5184=DIRECTION('center_axis',(0.,0.,1.));
#5185=DIRECTION('ref_axis',(0.945053421395056,-0.326915938292246,0.));
#5186=DIRECTION('',(0.,0.,1.));
#5187=DIRECTION('center_axis',(0.,0.,-1.));
#5188=DIRECTION('ref_axis',(0.986167688934051,-0.165750684168943,0.));
#5189=DIRECTION('center_axis',(-0.945053421395056,0.326915938292244,0.));
#5190=DIRECTION('ref_axis',(-0.326915938292244,-0.945053421395056,0.));
#5191=DIRECTION('',(0.,0.,1.));
#5192=DIRECTION('',(-0.326915938292244,-0.945053421395056,0.));
#5193=DIRECTION('center_axis',(0.,0.,1.));
#5194=DIRECTION('ref_axis',(-0.39000268577138,-0.920813718995927,0.));
#5195=DIRECTION('',(0.,0.,1.));
#5196=DIRECTION('center_axis',(0.,0.,1.));
#5197=DIRECTION('ref_axis',(-0.293183210737216,-0.956056277078822,0.));
#5198=DIRECTION('center_axis',(0.,0.,1.));
#5199=DIRECTION('ref_axis',(-0.389509030110275,-0.92102264655249,0.));
#5200=DIRECTION('center_axis',(0.326915938292244,-0.945053421395056,0.));
#5201=DIRECTION('ref_axis',(-0.668253682851993,-0.23116447684441,0.707106781186546));
#5202=DIRECTION('center_axis',(-0.326915938292245,0.945053421395056,0.));
#5203=DIRECTION('ref_axis',(-0.945053421395056,-0.326915938292245,0.));
#5204=DIRECTION('center_axis',(0.,0.,-1.));
#5205=DIRECTION('ref_axis',(-1.,0.,0.));
#5206=DIRECTION('center_axis',(-7.21644966006354E-15,1.,0.));
#5207=DIRECTION('ref_axis',(-1.,-7.21644966006354E-15,0.));
#5208=DIRECTION('center_axis',(0.,-1.,0.));
#5209=DIRECTION('ref_axis',(-0.707106781186546,0.,0.707106781186549));
#5210=DIRECTION('center_axis',(5.5511151231258E-16,1.,0.));
#5211=DIRECTION('ref_axis',(-1.,5.5511151231258E-16,0.));
#5212=DIRECTION('center_axis',(0.,0.,-1.));
#5213=DIRECTION('ref_axis',(-1.,0.,0.));
#5214=DIRECTION('center_axis',(0.326915938292245,0.945053421395056,0.));
#5215=DIRECTION('ref_axis',(-0.945053421395056,0.326915938292245,0.));
#5216=DIRECTION('center_axis',(-0.326915938292244,-0.945053421395056,0.));
#5217=DIRECTION('ref_axis',(-0.668253682851993,0.231164476844409,0.707106781186546));
#5218=DIRECTION('center_axis',(-0.735407436077647,0.67762519357068,0.));
#5219=DIRECTION('ref_axis',(-0.479153369476676,-0.520011584985516,-0.707106781186547));
#5220=DIRECTION('center_axis',(0.735407436077646,-0.677625193570681,0.));
#5221=DIRECTION('ref_axis',(-0.677625193570681,-0.735407436077646,0.));
#5222=DIRECTION('',(-0.735407436077647,0.67762519357068,0.));
#5223=DIRECTION('center_axis',(0.,0.,1.));
#5224=DIRECTION('ref_axis',(1.,0.,0.));
#5225=DIRECTION('center_axis',(1.,-2.22044604925031E-15,0.));
#5226=DIRECTION('ref_axis',(-2.22044604925031E-15,-1.,0.));
#5227=DIRECTION('center_axis',(0.,0.,1.));
#5228=DIRECTION('ref_axis',(0.363725558575663,0.931506155663409,0.));
#5229=DIRECTION('center_axis',(-1.,0.,0.));
#5230=DIRECTION('ref_axis',(0.,-0.707106781186548,-0.707106781186547));
#5231=DIRECTION('center_axis',(1.,0.,0.));
#5232=DIRECTION('ref_axis',(0.,-1.,0.));
#5233=DIRECTION('',(-1.,0.,0.));
#5234=DIRECTION('center_axis',(0.,0.,1.));
#5235=DIRECTION('ref_axis',(1.,0.,0.));
#5236=DIRECTION('center_axis',(0.465079574142603,0.885268879897704,0.));
#5237=DIRECTION('ref_axis',(0.885268879897704,-0.465079574142603,0.));
#5238=DIRECTION('center_axis',(0.,0.,1.));
#5239=DIRECTION('ref_axis',(-0.517165556595466,0.8558853819708,0.));
#5240=DIRECTION('center_axis',(0.465079574142605,0.885268879897703,0.));
#5241=DIRECTION('ref_axis',(0.625979628149089,-0.328860920667588,-0.707106781186544));
#5242=DIRECTION('',(-0.465079574142605,-0.885268879897703,0.));
#5243=DIRECTION('center_axis',(0.885268879897703,-0.465079574142605,0.));
#5244=DIRECTION('ref_axis',(0.465079574142605,0.885268879897703,0.));
#5245=DIRECTION('',(0.,0.,1.));
#5246=DIRECTION('',(0.465079574142605,0.885268879897703,0.));
#5247=DIRECTION('center_axis',(0.,0.,1.));
#5248=DIRECTION('ref_axis',(-8.88178419700124E-16,1.,0.));
#5249=DIRECTION('',(0.,0.,1.));
#5250=DIRECTION('center_axis',(0.,0.,-1.));
#5251=DIRECTION('ref_axis',(-0.517165556595466,0.8558853819708,0.));
#5252=DIRECTION('center_axis',(0.,-1.,0.));
#5253=DIRECTION('ref_axis',(1.,0.,0.));
#5254=DIRECTION('',(0.,0.,1.));
#5255=DIRECTION('',(1.,0.,0.));
#5256=DIRECTION('center_axis',(0.,0.,1.));
#5257=DIRECTION('ref_axis',(0.677625193570681,0.735407436077646,0.));
#5258=DIRECTION('',(0.,0.,1.));
#5259=DIRECTION('center_axis',(0.,0.,-1.));
#5260=DIRECTION('ref_axis',(0.363725558575663,0.931506155663409,0.));
#5261=DIRECTION('center_axis',(-0.67762519357068,-0.735407436077647,0.));
#5262=DIRECTION('ref_axis',(0.735407436077647,-0.67762519357068,0.));
#5263=DIRECTION('',(0.735407436077647,-0.67762519357068,0.));
#5264=DIRECTION('center_axis',(0.465079574142605,0.885268879897703,0.));
#5265=DIRECTION('ref_axis',(0.625979628149089,-0.328860920667588,0.707106781186543));
#5266=DIRECTION('center_axis',(-0.465079574142605,-0.885268879897703,0.));
#5267=DIRECTION('ref_axis',(0.885268879897703,-0.465079574142605,0.));
#5268=DIRECTION('center_axis',(0.,0.,-1.));
#5269=DIRECTION('ref_axis',(-1.,0.,0.));
#5270=DIRECTION('center_axis',(-1.,-4.44089209850062E-15,0.));
#5271=DIRECTION('ref_axis',(4.44089209850062E-15,-1.,0.));
#5272=DIRECTION('center_axis',(1.,0.,0.));
#5273=DIRECTION('ref_axis',(0.,-0.707106781186548,0.707106781186547));
#5274=DIRECTION('center_axis',(-1.,-2.22044604925031E-15,0.));
#5275=DIRECTION('ref_axis',(2.22044604925031E-15,-1.,0.));
#5276=DIRECTION('center_axis',(0.,0.,-1.));
#5277=DIRECTION('ref_axis',(-1.,0.,0.));
#5278=DIRECTION('center_axis',(-0.735407436077648,0.677625193570679,0.));
#5279=DIRECTION('ref_axis',(-0.677625193570679,-0.735407436077648,0.));
#5280=DIRECTION('center_axis',(0.735407436077647,-0.67762519357068,0.));
#5281=DIRECTION('ref_axis',(-0.479153369476676,-0.520011584985516,0.707106781186547));
#5282=DIRECTION('center_axis',(0.,0.,1.));
#5283=DIRECTION('ref_axis',(1.,0.,0.));
#5284=DIRECTION('',(0.,0.,-1.));
#5285=DIRECTION('center_axis',(0.,0.,1.));
#5286=DIRECTION('ref_axis',(1.,0.,0.));
#5287=DIRECTION('',(0.,0.,-1.));
#5288=DIRECTION('center_axis',(0.,0.,1.));
#5289=DIRECTION('ref_axis',(1.,0.,0.));
#5290=DIRECTION('',(0.,0.,-1.));
#5291=DIRECTION('center_axis',(0.,0.,1.));
#5292=DIRECTION('ref_axis',(1.,0.,0.));
#5293=DIRECTION('',(0.,0.,-1.));
#5294=DIRECTION('center_axis',(0.,0.,1.));
#5295=DIRECTION('ref_axis',(1.,0.,0.));
#5296=DIRECTION('',(0.,0.,-1.));
#5297=DIRECTION('center_axis',(0.,0.,1.));
#5298=DIRECTION('ref_axis',(1.,0.,0.));
#5299=DIRECTION('',(0.,0.,-1.));
#5300=DIRECTION('center_axis',(0.,0.,1.));
#5301=DIRECTION('ref_axis',(1.,0.,0.));
#5302=DIRECTION('',(0.,0.,-1.));
#5303=DIRECTION('center_axis',(0.,0.,1.));
#5304=DIRECTION('ref_axis',(1.,0.,0.));
#5305=DIRECTION('',(0.,0.,-1.));
#5306=DIRECTION('center_axis',(0.,0.,1.));
#5307=DIRECTION('ref_axis',(1.,0.,0.));
#5308=DIRECTION('',(0.,0.,-1.));
#5309=DIRECTION('center_axis',(0.,0.,1.));
#5310=DIRECTION('ref_axis',(1.,0.,0.));
#5311=DIRECTION('',(0.,0.,-1.));
#5312=DIRECTION('center_axis',(0.,0.,1.));
#5313=DIRECTION('ref_axis',(1.,0.,0.));
#5314=DIRECTION('',(0.,0.,-1.));
#5315=DIRECTION('center_axis',(0.,0.,1.));
#5316=DIRECTION('ref_axis',(1.,0.,0.));
#5317=DIRECTION('',(0.,0.,-1.));
#5318=DIRECTION('center_axis',(0.,0.,1.));
#5319=DIRECTION('ref_axis',(1.,0.,0.));
#5320=DIRECTION('',(0.,0.,-1.));
#5321=DIRECTION('center_axis',(0.,0.,1.));
#5322=DIRECTION('ref_axis',(1.,0.,0.));
#5323=DIRECTION('',(0.,0.,-1.));
#5324=DIRECTION('center_axis',(0.708339387088915,0.705872022889773,0.));
#5325=DIRECTION('ref_axis',(-0.705872022889773,0.708339387088915,0.));
#5326=DIRECTION('',(0.,0.,1.));
#5327=DIRECTION('',(0.,0.,1.));
#5328=DIRECTION('center_axis',(-0.70834097824065,-0.705870426172594,0.));
#5329=DIRECTION('ref_axis',(0.705870426172594,-0.70834097824065,0.));
#5330=DIRECTION('',(0.,0.,1.));
#5331=DIRECTION('center_axis',(0.,0.,1.));
#5332=DIRECTION('ref_axis',(-0.649469838843655,0.760387354203367,0.));
#5333=DIRECTION('center_axis',(0.,0.,1.));
#5334=DIRECTION('ref_axis',(1.,0.,0.));
#5335=DIRECTION('',(0.,0.,-1.));
#5336=DIRECTION('center_axis',(0.,0.,1.));
#5337=DIRECTION('ref_axis',(1.,0.,0.));
#5338=DIRECTION('',(0.,0.,-1.));
#5339=DIRECTION('center_axis',(0.,0.,1.));
#5340=DIRECTION('ref_axis',(1.,0.,0.));
#5341=DIRECTION('',(0.,0.,-1.));
#5342=DIRECTION('center_axis',(0.,0.,1.));
#5343=DIRECTION('ref_axis',(1.,0.,0.));
#5344=DIRECTION('',(0.,0.,-1.));
#5345=DIRECTION('center_axis',(0.,0.,1.));
#5346=DIRECTION('ref_axis',(1.,0.,0.));
#5347=DIRECTION('',(0.,0.,-1.));
#5348=DIRECTION('center_axis',(0.,0.,1.));
#5349=DIRECTION('ref_axis',(1.,0.,0.));
#5350=DIRECTION('',(0.,0.,-1.));
#5351=DIRECTION('center_axis',(0.,0.,1.));
#5352=DIRECTION('ref_axis',(1.,0.,0.));
#5353=DIRECTION('',(0.,0.,-1.));
#5354=DIRECTION('center_axis',(0.,0.,1.));
#5355=DIRECTION('ref_axis',(1.,0.,0.));
#5356=DIRECTION('',(0.,0.,-1.));
#5357=DIRECTION('center_axis',(0.,0.,1.));
#5358=DIRECTION('ref_axis',(1.,0.,0.));
#5359=DIRECTION('',(0.,0.,-1.));
#5360=CARTESIAN_POINT('',(0.,0.,0.));
#5361=CARTESIAN_POINT('Origin',(-60.,-30.,5.));
#5362=CARTESIAN_POINT('',(-63.25,-30.,1.8));
#5363=CARTESIAN_POINT('',(-63.25,-30.,3.68721199513018));
#5364=CARTESIAN_POINT('',(-63.25,-30.,5.));
#5365=CARTESIAN_POINT('',(-60.7730916647251,-33.1567117825251,1.8));
#5366=CARTESIAN_POINT('Origin',(-60.,-30.,1.8));
#5367=CARTESIAN_POINT('',(-57.026939682033,-31.3127880048698,5.));
#5368=CARTESIAN_POINT('Origin',(-60.,-30.,5.));
#5369=CARTESIAN_POINT('',(-63.25,-30.,6.31278800486982));
#5370=CARTESIAN_POINT('Origin',(-60.,-30.,5.));
#5371=CARTESIAN_POINT('',(-63.25,-30.,10.));
#5372=CARTESIAN_POINT('',(-63.25,-30.,5.));
#5373=CARTESIAN_POINT('Origin',(-60.,-30.,10.));
#5374=CARTESIAN_POINT('',(-62.973060317967,-28.6872119951302,5.));
#5375=CARTESIAN_POINT('Origin',(-60.,-30.,5.));
#5376=CARTESIAN_POINT('Origin',(-60.,-30.,5.));
#5377=CARTESIAN_POINT('Origin',(-60.0000000000001,29.9999999999999,5.));
#5378=CARTESIAN_POINT('',(-63.2500000000001,29.9999999999999,1.8));
#5379=CARTESIAN_POINT('',(-63.2500000000001,29.9999999999999,3.68721199513017));
#5380=CARTESIAN_POINT('',(-63.2500000000001,29.9999999999999,5.));
#5381=CARTESIAN_POINT('',(-61.8120908679417,32.6979300743944,1.8));
#5382=CARTESIAN_POINT('Origin',(-60.0000000000001,29.9999999999999,1.8));
#5383=CARTESIAN_POINT('Origin',(-60.0000000000001,29.9999999999999,5.));
#5384=CARTESIAN_POINT('Origin',(44.9999988824129,-25.0000011175871,-3.));
#5385=CARTESIAN_POINT('',(42.8999988824129,-25.0000011175871,-3.));
#5386=CARTESIAN_POINT('Origin',(44.9999988824129,-25.0000011175871,-3.));
#5387=CARTESIAN_POINT('',(42.8999988824129,-24.1999994970858,-3.));
#5388=CARTESIAN_POINT('',(42.8999988824129,-25.0000011175871,-3.));
#5389=CARTESIAN_POINT('',(46.8466174136748,-24.1999994970858,-4.));
#5390=CARTESIAN_POINT('Origin',(44.9999988824129,-24.1999994970858,-3.));
#5391=CARTESIAN_POINT('',(46.8466174620914,-22.9999994859099,-3.99999991059303));
#5392=CARTESIAN_POINT('',(46.8466174136748,-25.0000011175871,-4.));
#5393=CARTESIAN_POINT('',(47.0396066659323,-22.9999994859099,-2.49999991059303));
#5394=CARTESIAN_POINT('Origin',(44.9999988824129,-22.9999994859099,-3.));
#5395=CARTESIAN_POINT('',(47.0396066659323,-22.5000011175871,-2.49999991059303));
#5396=CARTESIAN_POINT('',(47.0396066659323,-25.0000011175871,-2.49999991059303));
#5397=CARTESIAN_POINT('',(42.8999988824129,-22.5000011175871,-3.));
#5398=CARTESIAN_POINT('Origin',(44.9999988824129,-22.5000011175871,-3.));
#5399=CARTESIAN_POINT('',(42.8999988824129,-22.9999994859099,-3.));
#5400=CARTESIAN_POINT('',(42.8999988824129,-25.0000011175871,-3.));
#5401=CARTESIAN_POINT('',(43.1533803027344,-22.9999994859099,-3.99999991059303));
#5402=CARTESIAN_POINT('Origin',(44.9999988824129,-22.9999994859099,-3.));
#5403=CARTESIAN_POINT('',(43.153380351151,-24.1999994970858,-4.));
#5404=CARTESIAN_POINT('',(43.153380351151,-25.0000011175871,-4.));
#5405=CARTESIAN_POINT('Origin',(44.9999988824129,-24.1999994970858,-3.));
#5406=CARTESIAN_POINT('Origin',(44.9999988824129,-25.0000011175871,-3.));
#5407=CARTESIAN_POINT('',(42.8999988824129,22.5,-3.));
#5408=CARTESIAN_POINT('',(42.8999988824129,22.9999994859099,-3.));
#5409=CARTESIAN_POINT('',(42.8999988824129,-25.0000011175871,-3.));
#5410=CARTESIAN_POINT('',(47.0396066659323,22.5,-2.49999991059303));
#5411=CARTESIAN_POINT('Origin',(44.9999988824129,22.5,-3.));
#5412=CARTESIAN_POINT('',(47.0396066659323,22.9999994859099,-2.49999991059303));
#5413=CARTESIAN_POINT('',(47.0396066659323,-25.0000011175871,-2.49999991059303));
#5414=CARTESIAN_POINT('',(46.8466174620914,22.9999994859099,-3.99999991059303));
#5415=CARTESIAN_POINT('Origin',(44.9999988824129,22.9999994859099,-3.));
#5416=CARTESIAN_POINT('',(46.8466174136748,24.1999994970858,-4.));
#5417=CARTESIAN_POINT('',(46.8466174136748,-25.0000011175871,-4.));
#5418=CARTESIAN_POINT('',(42.8999988824129,24.1999994970858,-3.));
#5419=CARTESIAN_POINT('Origin',(44.9999988824129,24.1999994970858,-3.));
#5420=CARTESIAN_POINT('',(42.8999988824129,25.,-3.));
#5421=CARTESIAN_POINT('',(42.8999988824129,-25.0000011175871,-3.));
#5422=CARTESIAN_POINT('Origin',(44.9999988824129,25.,-3.));
#5423=CARTESIAN_POINT('',(43.153380351151,24.1999994970858,-4.));
#5424=CARTESIAN_POINT('Origin',(44.9999988824129,24.1999994970858,-3.));
#5425=CARTESIAN_POINT('',(43.1533803027344,22.9999994859099,-3.99999991059303));
#5426=CARTESIAN_POINT('',(43.153380351151,-25.0000011175871,-4.));
#5427=CARTESIAN_POINT('Origin',(44.9999988824129,22.9999994859099,-3.));
#5428=CARTESIAN_POINT('Origin',(-66.6160005857989,-22.,9.5));
#5429=CARTESIAN_POINT('',(-67.1160005857989,-22.,9.5));
#5430=CARTESIAN_POINT('',(-66.6160005857989,-22.5,9.5));
#5431=CARTESIAN_POINT('Origin',(-66.6160005857989,-22.,9.5));
#5432=CARTESIAN_POINT('',(-67.6160005857989,-22.,10.));
#5433=CARTESIAN_POINT('Origin',(-67.6160005857989,-22.,9.5));
#5434=CARTESIAN_POINT('',(-66.6160005857989,-23.,10.));
#5435=CARTESIAN_POINT('Origin',(-66.6160005857989,-22.,10.));
#5436=CARTESIAN_POINT('Origin',(-66.6160005857989,-23.,9.5));
#5437=CARTESIAN_POINT('Origin',(-66.6160005857989,22.,9.5));
#5438=CARTESIAN_POINT('',(-66.6160005857989,23.,10.));
#5439=CARTESIAN_POINT('',(-67.6160005857989,22.,10.));
#5440=CARTESIAN_POINT('Origin',(-66.6160005857989,22.,10.));
#5441=CARTESIAN_POINT('',(-67.1160005857989,22.,9.5));
#5442=CARTESIAN_POINT('Origin',(-67.6160005857989,22.,9.5));
#5443=CARTESIAN_POINT('',(-66.6160005857989,22.5,9.5));
#5444=CARTESIAN_POINT('Origin',(-66.6160005857989,22.,9.5));
#5445=CARTESIAN_POINT('Origin',(-66.6160005857989,23.,9.5));
#5446=CARTESIAN_POINT('Origin',(-67.6160005857989,-11.25,9.5));
#5447=CARTESIAN_POINT('',(-67.6160005857989,-11.25,10.));
#5448=CARTESIAN_POINT('',(-67.1160005857989,-11.25,9.5));
#5449=CARTESIAN_POINT('Origin',(-66.6160005857989,-22.,5.5));
#5450=CARTESIAN_POINT('',(-67.1160005857989,-22.,5.5));
#5451=CARTESIAN_POINT('',(-66.6160005857989,-22.,5.));
#5452=CARTESIAN_POINT('Origin',(-66.6160005857989,-22.,5.5));
#5453=CARTESIAN_POINT('',(-66.6160005857989,-22.5,5.5));
#5454=CARTESIAN_POINT('Origin',(-66.6160005857989,-22.,5.5));
#5455=CARTESIAN_POINT('Origin',(-66.6160005857989,-22.,5.5));
#5456=CARTESIAN_POINT('Origin',(-66.6160005857989,-22.,10.));
#5457=CARTESIAN_POINT('',(-67.1160005857989,-22.,10.));
#5458=CARTESIAN_POINT('',(-66.6160005857989,-22.5,10.));
#5459=CARTESIAN_POINT('Origin',(-22.6160005857989,-22.,9.5));
#5460=CARTESIAN_POINT('',(-22.6160005857989,-22.5,9.5));
#5461=CARTESIAN_POINT('',(-22.1160005857989,-22.,9.5));
#5462=CARTESIAN_POINT('Origin',(-22.6160005857989,-22.,9.5));
#5463=CARTESIAN_POINT('',(-22.6160005857989,-23.,10.));
#5464=CARTESIAN_POINT('Origin',(-22.6160005857989,-23.,9.5));
#5465=CARTESIAN_POINT('',(-21.6160005857989,-22.,10.));
#5466=CARTESIAN_POINT('Origin',(-22.6160005857989,-22.,10.));
#5467=CARTESIAN_POINT('Origin',(-21.6160005857989,-22.,9.5));
#5468=CARTESIAN_POINT('Origin',(-0.105458892439563,-23.,9.5));
#5469=CARTESIAN_POINT('',(-0.105458892439563,-23.,10.));
#5470=CARTESIAN_POINT('',(-0.105458892439563,-22.5,9.5));
#5471=CARTESIAN_POINT('Origin',(-22.6160005857989,22.,9.5));
#5472=CARTESIAN_POINT('',(-22.1160005857989,22.,9.5));
#5473=CARTESIAN_POINT('',(-22.6160005857989,22.5,9.5));
#5474=CARTESIAN_POINT('Origin',(-22.6160005857989,22.,9.5));
#5475=CARTESIAN_POINT('',(-21.6160005857989,22.,10.));
#5476=CARTESIAN_POINT('Origin',(-21.6160005857989,22.,9.5));
#5477=CARTESIAN_POINT('',(-22.6160005857989,23.,10.));
#5478=CARTESIAN_POINT('Origin',(-22.6160005857989,22.,10.));
#5479=CARTESIAN_POINT('Origin',(-22.6160005857989,23.,9.5));
#5480=CARTESIAN_POINT('Origin',(-21.6160005857989,11.25,9.5));
#5481=CARTESIAN_POINT('',(-21.6160005857989,11.25,10.));
#5482=CARTESIAN_POINT('',(-22.1160005857989,11.25,9.5));
#5483=CARTESIAN_POINT('Origin',(-22.6054588924396,23.,9.5));
#5484=CARTESIAN_POINT('',(-22.6054588924396,23.,10.));
#5485=CARTESIAN_POINT('',(-22.6054588924396,22.5,9.5));
#5486=CARTESIAN_POINT('Origin',(-66.6160005857989,22.,5.5));
#5487=CARTESIAN_POINT('',(-66.6160005857989,22.5,5.5));
#5488=CARTESIAN_POINT('',(-66.6160005857989,22.,5.));
#5489=CARTESIAN_POINT('Origin',(-66.6160005857989,22.,5.5));
#5490=CARTESIAN_POINT('',(-67.1160005857989,22.,5.5));
#5491=CARTESIAN_POINT('Origin',(-66.6160005857989,22.,5.5));
#5492=CARTESIAN_POINT('Origin',(-66.6160005857989,22.,5.5));
#5493=CARTESIAN_POINT('Origin',(-66.6160005857989,22.,10.));
#5494=CARTESIAN_POINT('',(-66.6160005857989,22.5,10.));
#5495=CARTESIAN_POINT('',(-67.1160005857989,22.,10.));
#5496=CARTESIAN_POINT('Origin',(-66.6160005857989,-11.25,5.5));
#5497=CARTESIAN_POINT('',(-67.1160005857989,-11.25,5.5));
#5498=CARTESIAN_POINT('',(-66.6160005857989,-11.25,5.));
#5499=CARTESIAN_POINT('Origin',(-22.6160005857989,-22.,5.5));
#5500=CARTESIAN_POINT('',(-22.6160005857989,-22.5,5.5));
#5501=CARTESIAN_POINT('',(-22.6160005857989,-22.,5.));
#5502=CARTESIAN_POINT('Origin',(-22.6160005857989,-22.,5.5));
#5503=CARTESIAN_POINT('',(-22.1160005857989,-22.,5.5));
#5504=CARTESIAN_POINT('Origin',(-22.6160005857989,-22.,5.5));
#5505=CARTESIAN_POINT('Origin',(-22.6160005857989,-22.,5.5));
#5506=CARTESIAN_POINT('Origin',(-22.6160005857989,-22.,10.));
#5507=CARTESIAN_POINT('',(-22.6160005857989,-22.5,10.));
#5508=CARTESIAN_POINT('',(-22.1160005857989,-22.,10.));
#5509=CARTESIAN_POINT('Origin',(-22.6160005857989,22.,5.5));
#5510=CARTESIAN_POINT('',(-22.1160005857989,22.,5.5));
#5511=CARTESIAN_POINT('',(-22.6160005857989,22.,5.));
#5512=CARTESIAN_POINT('Origin',(-22.6160005857989,22.,5.5));
#5513=CARTESIAN_POINT('',(-22.6160005857989,22.5,5.5));
#5514=CARTESIAN_POINT('Origin',(-22.6160005857989,22.,5.5));
#5515=CARTESIAN_POINT('Origin',(-22.6160005857989,22.,5.5));
#5516=CARTESIAN_POINT('Origin',(-22.6160005857989,22.,10.));
#5517=CARTESIAN_POINT('',(-22.1160005857989,22.,10.));
#5518=CARTESIAN_POINT('',(-22.6160005857989,22.5,10.));
#5519=CARTESIAN_POINT('Origin',(-55.8660005857989,22.,5.5));
#5520=CARTESIAN_POINT('',(-55.8660005857989,22.5,5.5));
#5521=CARTESIAN_POINT('',(-55.8660005857989,22.,5.));
#5522=CARTESIAN_POINT('Origin',(-22.6160005857989,11.25,5.5));
#5523=CARTESIAN_POINT('',(-22.1160005857989,11.25,5.5));
#5524=CARTESIAN_POINT('',(-22.6160005857989,11.25,5.));
#5525=CARTESIAN_POINT('Origin',(-33.3660005857989,-22.,5.5));
#5526=CARTESIAN_POINT('',(-33.3660005857989,-22.5,5.5));
#5527=CARTESIAN_POINT('',(-33.3660005857989,-22.,5.));
#5528=CARTESIAN_POINT('Origin',(-67.1160005857989,-22.5,10.));
#5529=CARTESIAN_POINT('Origin',(-22.1160005857989,-22.5,10.));
#5530=CARTESIAN_POINT('Origin',(21.9050828009198,0.,10.));
#5531=CARTESIAN_POINT('',(89.0628330829512,-14.0506717710588,10.));
#5532=CARTESIAN_POINT('',(169.083950764678,-110.462300578645,10.));
#5533=CARTESIAN_POINT('',(111.736002001317,-41.3679251283975,10.));
#5534=CARTESIAN_POINT('',(89.0628330829513,14.050671771059,10.));
#5535=CARTESIAN_POINT('Origin',(105.991466305453,1.11022302462516E-14,10.));
#5536=CARTESIAN_POINT('',(169.083950764678,110.462300578645,10.));
#5537=CARTESIAN_POINT('',(71.9136082515997,-6.61118283279974,10.));
#5538=CARTESIAN_POINT('',(150.835172296556,130.192796390467,10.));
#5539=CARTESIAN_POINT('Origin',(164.85258280092,124.853114494309,10.));
#5540=CARTESIAN_POINT('',(59.9698949230393,46.4669620455153,10.));
#5541=CARTESIAN_POINT('',(83.3640045037416,68.0229557101801,10.));
#5542=CARTESIAN_POINT('',(38.2858887287776,38.,10.));
#5543=CARTESIAN_POINT('Origin',(38.2858887287776,69.9999999999999,10.));
#5544=CARTESIAN_POINT('',(-32.9150744366116,38.,10.));
#5545=CARTESIAN_POINT('',(30.0954857648487,38.,10.));
#5546=CARTESIAN_POINT('',(-52.3909897943611,49.7682493688627,10.));
#5547=CARTESIAN_POINT('Origin',(-32.9150744366116,60.,10.));
#5548=CARTESIAN_POINT('',(-106.06523763738,151.936015723554,10.));
#5549=CARTESIAN_POINT('',(-34.1106027073615,14.9719291253026,10.));
#5550=CARTESIAN_POINT('',(-130.881564928297,141.440960460617,10.));
#5551=CARTESIAN_POINT('Origin',(-121.04241719908,152.763114494309,10.));
#5552=CARTESIAN_POINT('',(-85.9221478657645,11.4716137813764,10.));
#5553=CARTESIAN_POINT('',(-100.78333783968,54.4325611864413,10.));
#5554=CARTESIAN_POINT('',(-85.2627889225052,7.54862252186952,10.));
#5555=CARTESIAN_POINT('Origin',(-97.2627889225055,7.54862252186944,10.));
#5556=CARTESIAN_POINT('',(-85.2627889225052,-7.54862252186947,10.));
#5557=CARTESIAN_POINT('',(-85.2627889225052,3.77431126093475,10.));
#5558=CARTESIAN_POINT('',(-85.9221478657645,-11.4716137813764,10.));
#5559=CARTESIAN_POINT('Origin',(-97.2627889225052,-7.54862252186945,10.));
#5560=CARTESIAN_POINT('',(-130.881564928297,-141.440960460617,10.));
#5561=CARTESIAN_POINT('',(-78.3880875895869,10.3079589069191,10.));
#5562=CARTESIAN_POINT('',(-106.06523763738,-151.936015723554,10.));
#5563=CARTESIAN_POINT('Origin',(-121.04241719908,-152.763114494309,10.));
#5564=CARTESIAN_POINT('',(-52.3909897943611,-49.7682493688627,10.));
#5565=CARTESIAN_POINT('',(-60.8235934261241,-65.8195274441778,10.));
#5566=CARTESIAN_POINT('',(-32.9150744366117,-38.,10.));
#5567=CARTESIAN_POINT('Origin',(-32.9150744366116,-60.,10.));
#5568=CARTESIAN_POINT('',(38.2858887287776,-38.,10.));
#5569=CARTESIAN_POINT('',(-5.50499581784596,-38.,10.));
#5570=CARTESIAN_POINT('',(59.9698949230394,-46.4669620455153,10.));
#5571=CARTESIAN_POINT('Origin',(38.2858887287775,-70.0000000000001,10.));
#5572=CARTESIAN_POINT('',(150.835172296556,-130.192796390467,10.));
#5573=CARTESIAN_POINT('',(38.0987564178025,-26.3142769676105,10.));
#5574=CARTESIAN_POINT('Origin',(164.85258280092,-124.853114494309,10.));
#5575=CARTESIAN_POINT('',(36.3839994142011,23.5,10.));
#5576=CARTESIAN_POINT('',(35.3839994142011,24.5,10.));
#5577=CARTESIAN_POINT('Origin',(35.3839994142011,23.5,10.));
#5578=CARTESIAN_POINT('',(36.3839994142011,-23.5,10.));
#5579=CARTESIAN_POINT('',(36.3839994142011,12.,10.));
#5580=CARTESIAN_POINT('',(35.3839994142011,-24.5,10.));
#5581=CARTESIAN_POINT('Origin',(35.3839994142011,-23.5,10.));
#5582=CARTESIAN_POINT('',(-11.6160005857989,-24.5,10.));
#5583=CARTESIAN_POINT('',(28.8945411075604,-24.5,10.));
#5584=CARTESIAN_POINT('',(-12.6160005857989,-23.5,10.));
#5585=CARTESIAN_POINT('Origin',(-11.6160005857989,-23.5,10.));
#5586=CARTESIAN_POINT('',(-12.6160005857989,23.5,10.));
#5587=CARTESIAN_POINT('',(-12.6160005857989,-12.,10.));
#5588=CARTESIAN_POINT('',(-11.6160005857989,24.5,10.));
#5589=CARTESIAN_POINT('Origin',(-11.6160005857989,23.5,10.));
#5590=CARTESIAN_POINT('',(4.89454110756044,24.5,10.));
#5591=CARTESIAN_POINT('',(-63.2500000000001,29.9999999999999,10.));
#5592=CARTESIAN_POINT('Origin',(-60.0000000000001,29.9999999999999,10.));
#5593=CARTESIAN_POINT('',(56.7499999999999,35.0000000000001,10.));
#5594=CARTESIAN_POINT('Origin',(59.9999999999999,35.0000000000001,10.));
#5595=CARTESIAN_POINT('',(56.75,-35.,10.));
#5596=CARTESIAN_POINT('Origin',(60.,-35.,10.));
#5597=CARTESIAN_POINT('',(39.0339994142011,10.22,10.));
#5598=CARTESIAN_POINT('Origin',(39.8839994142011,10.22,10.));
#5599=CARTESIAN_POINT('',(39.0339994142011,-10.22,10.));
#5600=CARTESIAN_POINT('Origin',(39.8839994142011,-10.22,10.));
#5601=CARTESIAN_POINT('',(37.8839994142011,-7.25,10.));
#5602=CARTESIAN_POINT('',(37.8839994142011,7.25,10.));
#5603=CARTESIAN_POINT('',(37.8839994142011,3.625,10.));
#5604=CARTESIAN_POINT('',(41.8839994142011,7.25,10.));
#5605=CARTESIAN_POINT('Origin',(39.8839994142011,7.25,10.));
#5606=CARTESIAN_POINT('',(41.8839994142011,-7.25,10.));
#5607=CARTESIAN_POINT('',(41.8839994142011,-3.625,10.));
#5608=CARTESIAN_POINT('Origin',(39.8839994142011,-7.25,10.));
#5609=CARTESIAN_POINT('',(-113.14241719908,153.06151192727,10.));
#5610=CARTESIAN_POINT('Origin',(-111.54241719908,153.06151192727,10.));
#5611=CARTESIAN_POINT('',(153.752813742386,125.111571453977,10.));
#5612=CARTESIAN_POINT('Origin',(155.352813742386,125.111571453977,10.));
#5613=CARTESIAN_POINT('',(172.752813742386,124.594657534641,10.));
#5614=CARTESIAN_POINT('Origin',(174.352813742386,124.594657534641,10.));
#5615=CARTESIAN_POINT('',(-132.137729672717,-152.464717061348,10.));
#5616=CARTESIAN_POINT('Origin',(-130.537729672717,-152.464717061348,10.));
#5617=CARTESIAN_POINT('',(-122.938544505229,162.263114494309,10.));
#5618=CARTESIAN_POINT('Origin',(-121.338544505228,162.263114494309,10.));
#5619=CARTESIAN_POINT('',(162.994356782718,115.353114494309,10.));
#5620=CARTESIAN_POINT('Origin',(164.594356782718,115.353114494309,10.));
#5621=CARTESIAN_POINT('',(-126.04241719908,152.763114494309,10.));
#5622=CARTESIAN_POINT('Origin',(-121.04241719908,152.763114494309,10.));
#5623=CARTESIAN_POINT('',(-132.137729672717,152.464717061348,10.));
#5624=CARTESIAN_POINT('Origin',(-130.537729672717,152.464717061348,10.));
#5625=CARTESIAN_POINT('',(-76.6,35.,10.));
#5626=CARTESIAN_POINT('Origin',(-75.,35.,10.));
#5627=CARTESIAN_POINT('',(168.099923775662,121.051170702804,10.));
#5628=CARTESIAN_POINT('',(168.099940214599,121.051184743798,10.));
#5629=CARTESIAN_POINT('Origin',(164.85258280092,124.853114494309,10.));
#5630=CARTESIAN_POINT('',(174.84983169944,114.277668585435,10.));
#5631=CARTESIAN_POINT('',(153.993646830543,135.206850266139,10.));
#5632=CARTESIAN_POINT('',(153.673671012747,135.527850198102,10.));
#5633=CARTESIAN_POINT('',(-126.04241719908,-152.763114494309,10.));
#5634=CARTESIAN_POINT('Origin',(-121.04241719908,-152.763114494309,10.));
#5635=CARTESIAN_POINT('',(-122.341602366569,143.263114494309,10.));
#5636=CARTESIAN_POINT('Origin',(-120.741602366569,143.263114494309,10.));
#5637=CARTESIAN_POINT('',(153.752813742386,-125.111571453977,10.));
#5638=CARTESIAN_POINT('Origin',(155.352813742386,-125.111571453977,10.));
#5639=CARTESIAN_POINT('',(159.85258280092,-124.853114494309,10.));
#5640=CARTESIAN_POINT('Origin',(164.85258280092,-124.853114494309,10.));
#5641=CARTESIAN_POINT('',(162.994356782718,-115.353114494309,10.));
#5642=CARTESIAN_POINT('Origin',(164.594356782718,-115.353114494309,10.));
#5643=CARTESIAN_POINT('',(172.752813742386,-124.594657534641,10.));
#5644=CARTESIAN_POINT('Origin',(174.352813742386,-124.594657534641,10.));
#5645=CARTESIAN_POINT('',(163.511270702053,134.353114494309,10.));
#5646=CARTESIAN_POINT('Origin',(165.111270702053,134.353114494309,10.));
#5647=CARTESIAN_POINT('',(73.4,-35.,10.));
#5648=CARTESIAN_POINT('Origin',(75.,-35.,10.));
#5649=CARTESIAN_POINT('',(-122.938544505229,-162.263114494309,10.));
#5650=CARTESIAN_POINT('Origin',(-121.338544505228,-162.263114494309,10.));
#5651=CARTESIAN_POINT('',(163.511270702053,-134.353114494309,10.));
#5652=CARTESIAN_POINT('Origin',(165.111270702053,-134.353114494309,10.));
#5653=CARTESIAN_POINT('',(-113.14241719908,-153.06151192727,10.));
#5654=CARTESIAN_POINT('Origin',(-111.54241719908,-153.06151192727,10.));
#5655=CARTESIAN_POINT('',(73.4,35.,10.));
#5656=CARTESIAN_POINT('Origin',(75.,35.,10.));
#5657=CARTESIAN_POINT('',(-76.6,-35.,10.));
#5658=CARTESIAN_POINT('Origin',(-75.,-35.,10.));
#5659=CARTESIAN_POINT('',(-122.341602366569,-143.263114494309,10.));
#5660=CARTESIAN_POINT('Origin',(-120.741602366569,-143.263114494309,10.));
#5661=CARTESIAN_POINT('Origin',(-22.1160005857989,22.5,10.));
#5662=CARTESIAN_POINT('Origin',(-67.1160005857989,22.5,10.));
#5663=CARTESIAN_POINT('Origin',(-44.6160005857989,0.,5.));
#5664=CARTESIAN_POINT('Origin',(-11.6160005857989,-23.5,5.5));
#5665=CARTESIAN_POINT('',(-12.1160005857989,-23.5,5.5));
#5666=CARTESIAN_POINT('',(-11.6160005857989,-23.5,5.));
#5667=CARTESIAN_POINT('Origin',(-11.6160005857989,-23.5,5.5));
#5668=CARTESIAN_POINT('',(-11.6160005857989,-24.,5.5));
#5669=CARTESIAN_POINT('Origin',(-11.6160005857989,-23.5,5.5));
#5670=CARTESIAN_POINT('Origin',(-11.6160005857989,-23.5,5.5));
#5671=CARTESIAN_POINT('Origin',(-11.6160005857989,-23.5,9.5));
#5672=CARTESIAN_POINT('',(-12.1160005857989,-23.5,9.5));
#5673=CARTESIAN_POINT('',(-11.6160005857989,-24.,9.5));
#5674=CARTESIAN_POINT('Origin',(-11.6160005857989,-23.5,9.5));
#5675=CARTESIAN_POINT('Origin',(-12.6160005857989,-23.5,9.5));
#5676=CARTESIAN_POINT('Origin',(-11.6160005857989,-24.5,9.5));
#5677=CARTESIAN_POINT('Origin',(-11.6160005857989,23.5,5.5));
#5678=CARTESIAN_POINT('',(-11.6160005857989,24.,5.5));
#5679=CARTESIAN_POINT('',(-11.6160005857989,23.5,5.));
#5680=CARTESIAN_POINT('Origin',(-11.6160005857989,23.5,5.5));
#5681=CARTESIAN_POINT('',(-12.1160005857989,23.5,5.5));
#5682=CARTESIAN_POINT('Origin',(-11.6160005857989,23.5,5.5));
#5683=CARTESIAN_POINT('Origin',(-11.6160005857989,23.5,5.5));
#5684=CARTESIAN_POINT('Origin',(35.3839994142011,-23.5,5.5));
#5685=CARTESIAN_POINT('',(35.3839994142011,-24.,5.5));
#5686=CARTESIAN_POINT('',(35.3839994142011,-23.5,5.));
#5687=CARTESIAN_POINT('Origin',(35.3839994142011,-23.5,5.5));
#5688=CARTESIAN_POINT('',(35.8839994142011,-23.5,5.5));
#5689=CARTESIAN_POINT('Origin',(35.3839994142011,-23.5,5.5));
#5690=CARTESIAN_POINT('Origin',(35.3839994142011,-23.5,5.5));
#5691=CARTESIAN_POINT('Origin',(-11.6160005857989,23.5,9.5));
#5692=CARTESIAN_POINT('',(-12.1160005857989,23.5,9.5));
#5693=CARTESIAN_POINT('Origin',(-12.6160005857989,23.5,9.5));
#5694=CARTESIAN_POINT('',(-11.6160005857989,24.,9.5));
#5695=CARTESIAN_POINT('Origin',(-11.6160005857989,23.5,9.5));
#5696=CARTESIAN_POINT('Origin',(-11.6160005857989,24.5,9.5));
#5697=CARTESIAN_POINT('Origin',(-12.6160005857989,-12.,9.5));
#5698=CARTESIAN_POINT('',(-12.1160005857989,-12.,9.5));
#5699=CARTESIAN_POINT('Origin',(-11.6160005857989,23.5,10.));
#5700=CARTESIAN_POINT('',(-11.6160005857989,24.,10.));
#5701=CARTESIAN_POINT('',(-12.1160005857989,23.5,10.));
#5702=CARTESIAN_POINT('Origin',(35.3839994142011,-23.5,9.5));
#5703=CARTESIAN_POINT('',(35.3839994142011,-24.,9.5));
#5704=CARTESIAN_POINT('',(35.8839994142011,-23.5,9.5));
#5705=CARTESIAN_POINT('Origin',(35.3839994142011,-23.5,9.5));
#5706=CARTESIAN_POINT('Origin',(35.3839994142011,-24.5,9.5));
#5707=CARTESIAN_POINT('Origin',(36.3839994142011,-23.5,9.5));
#5708=CARTESIAN_POINT('Origin',(28.8945411075604,-24.5,9.5));
#5709=CARTESIAN_POINT('',(28.8945411075604,-24.,9.5));
#5710=CARTESIAN_POINT('Origin',(35.3839994142011,23.5,5.5));
#5711=CARTESIAN_POINT('',(35.8839994142011,23.5,5.5));
#5712=CARTESIAN_POINT('',(35.3839994142011,23.5,5.));
#5713=CARTESIAN_POINT('Origin',(35.3839994142011,23.5,5.5));
#5714=CARTESIAN_POINT('',(35.3839994142011,24.,5.5));
#5715=CARTESIAN_POINT('Origin',(35.3839994142011,23.5,5.5));
#5716=CARTESIAN_POINT('Origin',(35.3839994142011,23.5,5.5));
#5717=CARTESIAN_POINT('Origin',(35.3839994142011,23.5,9.5));
#5718=CARTESIAN_POINT('',(35.8839994142011,23.5,9.5));
#5719=CARTESIAN_POINT('',(35.3839994142011,24.,9.5));
#5720=CARTESIAN_POINT('Origin',(35.3839994142011,23.5,9.5));
#5721=CARTESIAN_POINT('Origin',(36.3839994142011,23.5,9.5));
#5722=CARTESIAN_POINT('Origin',(35.3839994142011,24.5,9.5));
#5723=CARTESIAN_POINT('Origin',(36.3839994142011,12.,9.5));
#5724=CARTESIAN_POINT('',(35.8839994142011,12.,9.5));
#5725=CARTESIAN_POINT('Origin',(4.89454110756044,24.5,9.5));
#5726=CARTESIAN_POINT('',(4.89454110756044,24.,9.5));
#5727=CARTESIAN_POINT('Origin',(35.3839994142011,23.5,10.));
#5728=CARTESIAN_POINT('',(35.8839994142011,23.5,10.));
#5729=CARTESIAN_POINT('',(35.3839994142011,24.,10.));
#5730=CARTESIAN_POINT('Origin',(-0.116000585798881,23.5,5.5));
#5731=CARTESIAN_POINT('',(-0.116000585798881,24.,5.5));
#5732=CARTESIAN_POINT('',(-0.116000585798881,23.5,5.));
#5733=CARTESIAN_POINT('Origin',(35.3839994142011,12.,5.5));
#5734=CARTESIAN_POINT('',(35.8839994142011,12.,5.5));
#5735=CARTESIAN_POINT('',(35.3839994142011,12.,5.));
#5736=CARTESIAN_POINT('Origin',(35.3839994142011,-23.5,10.));
#5737=CARTESIAN_POINT('',(35.3839994142011,-24.,10.));
#5738=CARTESIAN_POINT('',(35.8839994142011,-23.5,10.));
#5739=CARTESIAN_POINT('Origin',(23.8839994142011,-23.5,5.5));
#5740=CARTESIAN_POINT('',(23.8839994142011,-24.,5.5));
#5741=CARTESIAN_POINT('',(23.8839994142011,-23.5,5.));
#5742=CARTESIAN_POINT('Origin',(-11.6160005857989,-12.,5.5));
#5743=CARTESIAN_POINT('',(-12.1160005857989,-12.,5.5));
#5744=CARTESIAN_POINT('',(-11.6160005857989,-12.,5.));
#5745=CARTESIAN_POINT('Origin',(-11.6160005857989,-23.5,10.));
#5746=CARTESIAN_POINT('',(-12.1160005857989,-23.5,10.));
#5747=CARTESIAN_POINT('',(-11.6160005857989,-24.,10.));
#5748=CARTESIAN_POINT('Origin',(-12.1160005857989,-24.,10.));
#5749=CARTESIAN_POINT('Origin',(-12.1160005857989,24.,10.));
#5750=CARTESIAN_POINT('Origin',(35.8839994142011,-24.,10.));
#5751=CARTESIAN_POINT('Origin',(35.8839994142011,24.,10.));
#5752=CARTESIAN_POINT('Origin',(11.8839994142011,0.,5.));
#5753=CARTESIAN_POINT('Origin',(44.9999988824129,-25.0000011175871,-3.));
#5754=CARTESIAN_POINT('',(42.9603910988935,22.9999994859099,-2.49999991059303));
#5755=CARTESIAN_POINT('Origin',(44.9999988824129,22.9999994859099,-3.));
#5756=CARTESIAN_POINT('',(42.9603910988935,22.5,-2.49999991059303));
#5757=CARTESIAN_POINT('',(42.9603910988935,-25.0000011175871,-2.49999991059303));
#5758=CARTESIAN_POINT('Origin',(44.9999988824129,22.5,-3.));
#5759=CARTESIAN_POINT('Origin',(44.9999988824129,-25.0000011175871,-3.));
#5760=CARTESIAN_POINT('',(42.9603910988935,-22.5000011175871,-2.49999991059303));
#5761=CARTESIAN_POINT('Origin',(44.9999988824129,-22.5000011175871,-3.));
#5762=CARTESIAN_POINT('',(42.9603910988935,-22.9999994859099,-2.49999991059303));
#5763=CARTESIAN_POINT('',(42.9603910988935,-25.0000011175871,-2.49999991059303));
#5764=CARTESIAN_POINT('Origin',(44.9999988824129,-22.9999994859099,-3.));
#5765=CARTESIAN_POINT('Origin',(-45.5000011175871,-22.5000011175871,0.));
#5766=CARTESIAN_POINT('',(49.9999988824129,-22.4999994970858,-2.49999991059303));
#5767=CARTESIAN_POINT('',(-22.7500011175871,-22.5000011175871,-2.49999991059303));
#5768=CARTESIAN_POINT('',(49.9999988824129,-22.5000011175871,-10.));
#5769=CARTESIAN_POINT('',(49.9999988824129,-22.5000011175871,0.));
#5770=CARTESIAN_POINT('',(-45.5000011175871,-22.5000011175871,-10.));
#5771=CARTESIAN_POINT('',(-45.5000011175871,-22.5000011175871,-10.));
#5772=CARTESIAN_POINT('',(-45.5000011175871,-22.5000011175871,-2.49999991059303));
#5773=CARTESIAN_POINT('',(-45.5000011175871,-22.5000011175871,0.));
#5774=CARTESIAN_POINT('',(-22.7500011175871,-22.5000011175871,-2.49999991059303));
#5775=CARTESIAN_POINT('Origin',(-1.11758708953857E-6,-22.4999994970858,
-2.49999991059303));
#5776=CARTESIAN_POINT('',(49.9999988824123,-22.9999994859099,-2.49999991059303));
#5777=CARTESIAN_POINT('',(-1.11758708953857E-6,-22.9999994859099,-2.49999991059303));
#5778=CARTESIAN_POINT('',(49.9999988824129,-22.7500003017481,-2.49999991059303));
#5779=CARTESIAN_POINT('Origin',(-1.11758708953857E-6,-22.9999994859099,
-2.49999991059303));
#5780=CARTESIAN_POINT('',(49.9999988824123,-22.9999994859099,-3.99999991059303));
#5781=CARTESIAN_POINT('',(-1.11758708953857E-6,-22.9999994859099,-3.99999991059303));
#5782=CARTESIAN_POINT('',(49.9999988824129,-23.0000011175871,0.));
#5783=CARTESIAN_POINT('Origin',(-1.11758708953857E-6,-22.9999994859099,
-4.));
#5784=CARTESIAN_POINT('',(49.6000000977876,-24.1999994970858,-4.));
#5785=CARTESIAN_POINT('',(-1.11758708953857E-6,-24.1999994970858,-4.));
#5786=CARTESIAN_POINT('Origin',(47.9999988824129,-23.0000011175871,-4.));
#5787=CARTESIAN_POINT('Origin',(-1.11758708953857E-6,22.9999994859099,-2.49999991059303));
#5788=CARTESIAN_POINT('',(49.9999988824129,22.4999994970858,-2.49999991059303));
#5789=CARTESIAN_POINT('',(24.9999988824129,22.5,-2.49999991059303));
#5790=CARTESIAN_POINT('',(49.9999988824129,22.9999994859099,-2.49999991059303));
#5791=CARTESIAN_POINT('',(49.9999988824129,22.7499994914979,-2.49999991059303));
#5792=CARTESIAN_POINT('',(-1.11758708953857E-6,22.9999994859099,-2.49999991059303));
#5793=CARTESIAN_POINT('Origin',(-1.11758708953857E-6,22.9999994859099,-2.49999991059303));
#5794=CARTESIAN_POINT('',(-47.5000011175871,22.9999994859099,-2.49999991059303));
#5795=CARTESIAN_POINT('',(-1.11758708953857E-6,22.9999994859099,-2.49999991059303));
#5796=CARTESIAN_POINT('',(-47.5000011175871,22.4999994970858,-2.49999991059303));
#5797=CARTESIAN_POINT('',(-47.5000011175871,22.9999994859099,-2.49999991059303));
#5798=CARTESIAN_POINT('',(-45.7356623699451,22.4999994970858,-2.49999991059303));
#5799=CARTESIAN_POINT('',(-1.11758708953857E-6,22.4999994970858,-2.49999991059303));
#5800=CARTESIAN_POINT('',(-45.2643398652291,22.4999994970858,-2.49999991059303));
#5801=CARTESIAN_POINT('Origin',(-45.5000011175871,20.5139320827876,-2.49999991059303));
#5802=CARTESIAN_POINT('',(24.9999988824129,22.5,-2.49999991059303));
#5803=CARTESIAN_POINT('Origin',(-1.11758708953857E-6,22.9999994859099,-3.99999991059303));
#5804=CARTESIAN_POINT('',(49.9999988824129,22.9999994859099,-3.99999991059303));
#5805=CARTESIAN_POINT('',(49.9999988824129,22.9999994859099,0.));
#5806=CARTESIAN_POINT('',(-1.11758708953857E-6,22.9999994859099,-3.99999991059303));
#5807=CARTESIAN_POINT('Origin',(-1.11758708953857E-6,22.9999994859099,-3.99999991059303));
#5808=CARTESIAN_POINT('',(-47.5000011175871,22.9999994859099,-3.99999991059303));
#5809=CARTESIAN_POINT('',(-1.11758708953857E-6,22.9999994859099,-3.99999991059303));
#5810=CARTESIAN_POINT('',(-47.5000011175871,22.9999994859099,-3.99999991059303));
#5811=CARTESIAN_POINT('Origin',(-1.11758708953857E-6,24.1999994970858,3.85185988877447E-32));
#5812=CARTESIAN_POINT('',(49.5999992595984,24.1999994970858,-4.));
#5813=CARTESIAN_POINT('',(-1.11758708953857E-6,24.1999994970858,-4.));
#5814=CARTESIAN_POINT('',(49.5999992595984,24.1999994970858,3.85185988877447E-32));
#5815=CARTESIAN_POINT('',(49.5999992595984,24.1999994970858,0.));
#5816=CARTESIAN_POINT('',(-47.5000011175871,24.1999994970858,0.));
#5817=CARTESIAN_POINT('',(-1.11758708953857E-6,24.1999994970858,3.85185988877447E-32));
#5818=CARTESIAN_POINT('',(-47.5000011175871,24.1999994970858,-4.));
#5819=CARTESIAN_POINT('',(-47.5000011175871,24.1999994970858,3.85185988877447E-32));
#5820=CARTESIAN_POINT('',(-1.11758708953857E-6,24.1999994970858,-4.));
#5821=CARTESIAN_POINT('Origin',(-1.11758708953857E-6,24.1999994970858,-4.));
#5822=CARTESIAN_POINT('Origin',(47.9999988824129,23.,-4.));
#5823=CARTESIAN_POINT('Origin',(-1.11758708953857E-6,24.1999994970858,-4.));
#5824=CARTESIAN_POINT('',(-47.5000011175871,24.1999994970858,-4.));
#5825=CARTESIAN_POINT('Origin',(49.9999988824129,-22.5000011175871,0.));
#5826=CARTESIAN_POINT('',(49.9999988824129,-23.0000011175871,-10.));
#5827=CARTESIAN_POINT('',(49.9999988824129,-23.0000011175871,0.));
#5828=CARTESIAN_POINT('',(49.9999988824129,-23.0000011175871,-10.));
#5829=CARTESIAN_POINT('Origin',(47.9999988824129,23.,0.));
#5830=CARTESIAN_POINT('',(49.9999988824129,22.9999994859099,-10.));
#5831=CARTESIAN_POINT('',(49.9999988824129,22.9999994859099,0.));
#5832=CARTESIAN_POINT('',(47.9999988824129,25.,-10.));
#5833=CARTESIAN_POINT('Origin',(47.9999988824129,23.,-10.));
#5834=CARTESIAN_POINT('',(47.9999988824129,25.,0.));
#5835=CARTESIAN_POINT('',(47.9999988824129,25.,0.));
#5836=CARTESIAN_POINT('Origin',(47.9999988824129,23.,0.));
#5837=CARTESIAN_POINT('Origin',(-1.11758708953857E-6,-22.4999994970858,
0.));
#5838=CARTESIAN_POINT('',(-45.5000011175871,-22.5000011175871,0.));
#5839=CARTESIAN_POINT('',(-45.5000011175871,-22.5000011175871,0.));
#5840=CARTESIAN_POINT('',(-47.5000011175871,-22.4999994970858,0.));
#5841=CARTESIAN_POINT('',(-1.11758708953857E-6,-22.4999994970858,0.));
#5842=CARTESIAN_POINT('',(-47.5000011175871,-22.4999994970858,-2.49999991059303));
#5843=CARTESIAN_POINT('',(-47.5000011175871,-22.4999994970858,-4.));
#5844=CARTESIAN_POINT('',(-1.11758708953857E-6,-22.4999994970858,-2.49999991059303));
#5845=CARTESIAN_POINT('Origin',(-1.11758708953857E-6,-22.4999994970858,
-2.49999991059303));
#5846=CARTESIAN_POINT('',(-47.5000011175871,-22.9999994859099,-2.49999991059303));
#5847=CARTESIAN_POINT('',(-47.5000011175871,-22.9999994859099,-2.49999991059303));
#5848=CARTESIAN_POINT('',(-1.11758708953857E-6,-22.9999994859099,-2.49999991059303));
#5849=CARTESIAN_POINT('Origin',(-1.11758708953857E-6,-24.1999994970858,
-4.));
#5850=CARTESIAN_POINT('',(-47.5000011175871,-24.1999994970858,-4.));
#5851=CARTESIAN_POINT('',(-1.11758708953857E-6,-24.1999994970858,-4.));
#5852=CARTESIAN_POINT('',(-47.5000011175871,-24.1999994970858,0.));
#5853=CARTESIAN_POINT('',(-47.5000011175871,-24.1999994970858,3.85185988877447E-32));
#5854=CARTESIAN_POINT('',(49.6000000977876,-24.1999994970858,3.85185988877447E-32));
#5855=CARTESIAN_POINT('',(-1.11758708953857E-6,-24.1999994970858,3.85185988877447E-32));
#5856=CARTESIAN_POINT('',(49.6000000977876,-24.1999994970858,0.));
#5857=CARTESIAN_POINT('Origin',(-1.11758708953857E-6,-22.9999994859099,
-4.));
#5858=CARTESIAN_POINT('',(-47.5000011175871,-22.9999994859099,-3.99999991059303));
#5859=CARTESIAN_POINT('',(-1.11758708953857E-6,-22.9999994859099,-3.99999991059303));
#5860=CARTESIAN_POINT('',(-47.5000011175871,-24.1999994970858,-4.));
#5861=CARTESIAN_POINT('Origin',(-1.11758708953857E-6,-22.9999994859099,
-2.49999991059303));
#5862=CARTESIAN_POINT('',(-47.5000011175871,-22.9999994859099,-3.99999991059303));
#5863=CARTESIAN_POINT('Origin',(-47.5000011175871,-23.3499994970858,-2.));
#5864=CARTESIAN_POINT('',(-47.5000011175871,-22.4999994970858,0.));
#5865=CARTESIAN_POINT('Origin',(-1.11758708953857E-6,22.4999994970858,-2.49999991059303));
#5866=CARTESIAN_POINT('',(-45.7356623699451,22.4999994970858,0.));
#5867=CARTESIAN_POINT('',(-45.7356623699451,22.4999994970858,0.));
#5868=CARTESIAN_POINT('',(-47.5000011175871,22.4999994970858,0.));
#5869=CARTESIAN_POINT('',(-47.5000011175871,22.4999994970858,-4.));
#5870=CARTESIAN_POINT('',(-1.11758708953857E-6,22.4999994970858,0.));
#5871=CARTESIAN_POINT('Origin',(-47.5000011175871,23.3499994970858,-2.));
#5872=CARTESIAN_POINT('',(-47.5000011175871,22.4999994970858,0.));
#5873=CARTESIAN_POINT('Origin',(-45.5000011175871,20.5139320827876,0.));
#5874=CARTESIAN_POINT('',(-47.5000011175871,20.5139320827876,0.));
#5875=CARTESIAN_POINT('Origin',(-45.5000011175871,20.5139320827876,0.));
#5876=CARTESIAN_POINT('',(-47.5000011175871,20.5139320827876,-10.));
#5877=CARTESIAN_POINT('',(-47.5000011175871,20.5139320827876,0.));
#5878=CARTESIAN_POINT('',(-45.2643441036458,22.5,-10.));
#5879=CARTESIAN_POINT('Origin',(-45.5000011175871,20.5139320827876,-10.));
#5880=CARTESIAN_POINT('',(-45.2643441036458,22.5,0.));
#5881=CARTESIAN_POINT('Origin',(49.9999988824129,22.9999994859099,0.));
#5882=CARTESIAN_POINT('',(49.9999988824129,22.5,-10.));
#5883=CARTESIAN_POINT('',(49.9999988824129,22.5,0.));
#5884=CARTESIAN_POINT('',(49.9999988824129,22.5,-10.));
#5885=CARTESIAN_POINT('Origin',(-48.0000011175871,25.,0.));
#5886=CARTESIAN_POINT('',(-48.0000011175871,25.,0.));
#5887=CARTESIAN_POINT('',(-13.0474591583337,25.,0.));
#5888=CARTESIAN_POINT('',(-48.0000011175871,25.,-10.));
#5889=CARTESIAN_POINT('',(47.9999988824129,25.,-10.));
#5890=CARTESIAN_POINT('',(-48.0000011175871,25.,0.));
#5891=CARTESIAN_POINT('Origin',(-48.0000011175871,23.,0.));
#5892=CARTESIAN_POINT('',(-50.0000011175871,23.,0.));
#5893=CARTESIAN_POINT('Origin',(-48.0000011175871,23.,0.));
#5894=CARTESIAN_POINT('',(-50.0000011175871,23.,-10.));
#5895=CARTESIAN_POINT('Origin',(-48.0000011175871,23.,-10.));
#5896=CARTESIAN_POINT('',(-50.0000011175871,23.,0.));
#5897=CARTESIAN_POINT('Origin',(-50.0000011175871,-23.0000011175871,0.));
#5898=CARTESIAN_POINT('',(-50.0000011175871,-23.0000011175871,0.));
#5899=CARTESIAN_POINT('',(-50.0000011175871,-11.5000005587936,0.));
#5900=CARTESIAN_POINT('',(-50.0000011175871,-23.0000011175871,-10.));
#5901=CARTESIAN_POINT('',(-50.0000011175871,23.,-10.));
#5902=CARTESIAN_POINT('',(-50.0000011175871,-23.0000011175871,0.));
#5903=CARTESIAN_POINT('Origin',(-48.0000011175871,-23.0000011175871,0.));
#5904=CARTESIAN_POINT('',(-48.0000011175871,-25.0000011175871,0.));
#5905=CARTESIAN_POINT('Origin',(-48.0000011175871,-23.0000011175871,0.));
#5906=CARTESIAN_POINT('',(-48.0000011175871,-25.0000011175871,-10.));
#5907=CARTESIAN_POINT('Origin',(-48.0000011175871,-23.0000011175871,-10.));
#5908=CARTESIAN_POINT('',(-48.0000011175871,-25.0000011175871,0.));
#5909=CARTESIAN_POINT('Origin',(47.9999988824129,-25.0000011175871,0.));
#5910=CARTESIAN_POINT('',(47.9999988824129,-25.0000011175871,0.));
#5911=CARTESIAN_POINT('',(34.9525408416663,-25.0000011175871,0.));
#5912=CARTESIAN_POINT('',(47.9999988824129,-25.0000011175871,-10.));
#5913=CARTESIAN_POINT('',(-48.0000011175871,-25.0000011175871,-10.));
#5914=CARTESIAN_POINT('',(47.9999988824129,-25.0000011175871,0.));
#5915=CARTESIAN_POINT('Origin',(47.9999988824129,-23.0000011175871,0.));
#5916=CARTESIAN_POINT('Origin',(47.9999988824129,-23.0000011175871,0.));
#5917=CARTESIAN_POINT('Origin',(47.9999988824129,-23.0000011175871,-10.));
#5918=CARTESIAN_POINT('Origin',(-45.5000011175871,-20.5000011175871,0.));
#5919=CARTESIAN_POINT('',(-47.5000011175871,-20.5000011175871,0.));
#5920=CARTESIAN_POINT('Origin',(-45.5000011175871,-20.5000011175871,0.));
#5921=CARTESIAN_POINT('',(-47.5000011175871,-20.5000011175871,-10.));
#5922=CARTESIAN_POINT('Origin',(-45.5000011175871,-20.5000011175871,-10.));
#5923=CARTESIAN_POINT('',(-47.5000011175871,-20.5000011175871,0.));
#5924=CARTESIAN_POINT('Origin',(-47.5000011175871,20.5139320827876,0.));
#5925=CARTESIAN_POINT('',(-47.5000011175871,10.2569660413938,0.));
#5926=CARTESIAN_POINT('',(-47.5000011175871,20.5139320827876,-10.));
#5927=CARTESIAN_POINT('Origin',(49.9999988824129,22.5,0.));
#5928=CARTESIAN_POINT('',(47.5,22.5,-10.));
#5929=CARTESIAN_POINT('Origin',(-1.11758708953857E-6,-5.58793562532856E-7,
-10.));
#5930=CARTESIAN_POINT('Origin',(-60.0000000000001,29.9999999999999,1.8));
#5931=CARTESIAN_POINT('',(-59.4805003983917,30.2293908540652,1.8));
#5932=CARTESIAN_POINT('',(-60.7730916647251,33.156711782525,1.8));
#5933=CARTESIAN_POINT('',(-59.4805003983917,30.2293908540652,1.8));
#5934=CARTESIAN_POINT('',(-60.5194996016084,29.7706091459346,1.8));
#5935=CARTESIAN_POINT('',(-60.0000000000001,29.9999999999999,1.8));
#5936=CARTESIAN_POINT('',(-60.5194996016084,29.7706091459346,1.8));
#5937=CARTESIAN_POINT('Origin',(-60.0000000000001,29.9999999999999,1.8));
#5938=CARTESIAN_POINT('Origin',(-60.0000000000001,29.9999999999999,5.));
#5939=CARTESIAN_POINT('',(-62.973060317967,28.68721199513,5.));
#5940=CARTESIAN_POINT('Origin',(-60.0000000000001,29.9999999999999,5.));
#5941=CARTESIAN_POINT('',(-63.2500000000001,29.9999999999999,6.31278800486983));
#5942=CARTESIAN_POINT('Origin',(-60.0000000000001,29.9999999999999,5.));
#5943=CARTESIAN_POINT('',(-63.2500000000001,29.9999999999999,5.));
#5944=CARTESIAN_POINT('',(-57.0269396820331,31.3127880048697,5.));
#5945=CARTESIAN_POINT('Origin',(-60.0000000000001,29.9999999999999,5.));
#5946=CARTESIAN_POINT('Origin',(-60.0000000000001,29.9999999999999,5.));
#5947=CARTESIAN_POINT('Origin',(-60.0000000000001,29.9999999999999,5.));
#5948=CARTESIAN_POINT('Origin',(-60.0000000000001,29.9999999999999,5.));
#5949=CARTESIAN_POINT('Origin',(-108.472172487501,139.774534817242,5.));
#5950=CARTESIAN_POINT('',(-108.472172487502,139.774534817242,1.75));
#5951=CARTESIAN_POINT('',(-105.733403340512,141.617920131578,5.));
#5952=CARTESIAN_POINT('Origin',(-108.472172487501,139.774534817242,5.));
#5953=CARTESIAN_POINT('',(-116.064575400715,152.292911314353,5.));
#5954=CARTESIAN_POINT('',(-106.136774065037,142.034714944654,5.));
#5955=CARTESIAN_POINT('',(-120.735372245644,147.772551059528,5.));
#5956=CARTESIAN_POINT('Ctrl Pts',(-120.735372245644,147.772551059528,5.));
#5957=CARTESIAN_POINT('Ctrl Pts',(-120.735372245644,147.772551059528,4.57400210837625));
#5958=CARTESIAN_POINT('Ctrl Pts',(-120.617296323811,147.776844064154,4.13475048934679));
#5959=CARTESIAN_POINT('Ctrl Pts',(-120.202951732851,147.829666108638,3.34104636011001));
#5960=CARTESIAN_POINT('Ctrl Pts',(-119.910719355748,147.882467705695,2.98478300613868));
#5961=CARTESIAN_POINT('Ctrl Pts',(-119.303495980482,148.064640465132,2.42175169434969));
#5962=CARTESIAN_POINT('Ctrl Pts',(-118.943798608031,148.206175209081,2.17320750318127));
#5963=CARTESIAN_POINT('Ctrl Pts',(-118.225881818821,148.61136493228,1.83702561207802));
#5964=CARTESIAN_POINT('Ctrl Pts',(-117.868379412052,148.876795662028,1.75));
#5965=CARTESIAN_POINT('Ctrl Pts',(-117.262054594071,149.463592026698,1.75));
#5966=CARTESIAN_POINT('Ctrl Pts',(-116.985066309659,149.812216370997,1.83702561207801));
#5967=CARTESIAN_POINT('Ctrl Pts',(-116.556598862997,150.516488246886,2.17320750318124));
#5968=CARTESIAN_POINT('Ctrl Pts',(-116.403368366517,150.8713610388,2.42175169434966));
#5969=CARTESIAN_POINT('Ctrl Pts',(-116.201421011105,151.47229731445,2.98478300613866));
#5970=CARTESIAN_POINT('Ctrl Pts',(-116.13908401163,151.762645156487,3.34104636011));
#5971=CARTESIAN_POINT('Ctrl Pts',(-116.072730294279,152.175039133935,4.1347504893468));
#5972=CARTESIAN_POINT('Ctrl Pts',(-116.064575400714,152.292911314352,4.57400210837626));
#5973=CARTESIAN_POINT('Ctrl Pts',(-116.064575400714,152.292911314352,5.));
#5974=CARTESIAN_POINT('Ctrl Pts',(-116.064575400714,152.292911314352,5.));
#5975=CARTESIAN_POINT('Ctrl Pts',(-116.064575400714,152.292911314352,5.42599789162374));
#5976=CARTESIAN_POINT('Ctrl Pts',(-116.072730294279,152.175039133935,5.8652495106532));
#5977=CARTESIAN_POINT('Ctrl Pts',(-116.13908401163,151.762645156487,6.65895363989));
#5978=CARTESIAN_POINT('Ctrl Pts',(-116.201421011105,151.47229731445,7.01521699386134));
#5979=CARTESIAN_POINT('Ctrl Pts',(-116.403368366517,150.8713610388,7.57824830565034));
#5980=CARTESIAN_POINT('Ctrl Pts',(-116.556598862997,150.516488246886,7.82679249681876));
#5981=CARTESIAN_POINT('Ctrl Pts',(-116.985066309659,149.812216370997,8.16297438792199));
#5982=CARTESIAN_POINT('Ctrl Pts',(-117.262054594071,149.463592026698,8.25));
#5983=CARTESIAN_POINT('Ctrl Pts',(-117.868379412052,148.876795662028,8.25));
#5984=CARTESIAN_POINT('Ctrl Pts',(-118.225881818821,148.61136493228,8.16297438792198));
#5985=CARTESIAN_POINT('Ctrl Pts',(-118.943798608031,148.206175209081,7.82679249681873));
#5986=CARTESIAN_POINT('Ctrl Pts',(-119.303495980482,148.064640465132,7.57824830565031));
#5987=CARTESIAN_POINT('Ctrl Pts',(-119.910719355748,147.882467705695,7.01521699386132));
#5988=CARTESIAN_POINT('Ctrl Pts',(-120.202951732851,147.829666108638,6.65895363988999));
#5989=CARTESIAN_POINT('Ctrl Pts',(-120.617296323811,147.776844064154,5.86524951065321));
#5990=CARTESIAN_POINT('Ctrl Pts',(-120.735372245644,147.772551059528,5.42599789162375));
#5991=CARTESIAN_POINT('Ctrl Pts',(-120.735372245644,147.772551059528,5.));
#5992=CARTESIAN_POINT('',(-108.472172487502,139.774534817242,8.25));
#5993=CARTESIAN_POINT('Origin',(-108.472172487501,139.774534817242,5.));
#5994=CARTESIAN_POINT('Origin',(-108.472172487501,139.774534817242,5.));
#5995=CARTESIAN_POINT('Origin',(-60.0000000000001,29.9999999999999,5.));
#5996=CARTESIAN_POINT('',(-57.0269396820331,31.3127880048697,5.));
#5997=CARTESIAN_POINT('Origin',(59.9999999999999,35.0000000000001,1.8));
#5998=CARTESIAN_POINT('',(60.3695297864568,34.5687834222562,1.8));
#5999=CARTESIAN_POINT('',(62.7993859573193,36.6510415688176,1.8));
#6000=CARTESIAN_POINT('',(165.222112587376,124.421897916565,1.8));
#6001=CARTESIAN_POINT('',(59.6304702135431,35.4312165777441,1.8));
#6002=CARTESIAN_POINT('',(60.,35.0000000000002,1.8));
#6003=CARTESIAN_POINT('',(62.0603263844057,37.5134747243054,1.8));
#6004=CARTESIAN_POINT('',(164.483053014463,125.284331072053,1.8));
#6005=CARTESIAN_POINT('',(56.7499999999999,35.0000000000001,1.79999999999997));
#6006=CARTESIAN_POINT('Origin',(59.9999999999999,35.0000000000001,1.8));
#6007=CARTESIAN_POINT('Origin',(59.9999999999999,35.0000000000001,1.8));
#6008=CARTESIAN_POINT('Origin',(59.9999999999999,35.0000000000001,5.));
#6009=CARTESIAN_POINT('',(62.1147934301013,32.5321773264679,5.));
#6010=CARTESIAN_POINT('',(57.8852065698985,37.4678226735324,5.));
#6011=CARTESIAN_POINT('Origin',(59.9999999999999,35.0000000000001,5.));
#6012=CARTESIAN_POINT('Origin',(59.9999999999999,35.0000000000001,5.));
#6013=CARTESIAN_POINT('',(56.7499999999999,35.0000000000001,5.));
#6014=CARTESIAN_POINT('Origin',(59.9999999999999,35.0000000000001,5.));
#6015=CARTESIAN_POINT('Origin',(60.,35.0000000000002,5.));
#6016=CARTESIAN_POINT('Origin',(60.,35.0000000000002,5.));
#6017=CARTESIAN_POINT('Origin',(164.852582800919,124.853114494309,5.));
#6018=CARTESIAN_POINT('',(164.082171818556,119.912824328919,5.));
#6019=CARTESIAN_POINT('',(159.852584958354,124.848469675984,5.));
#6020=CARTESIAN_POINT('Ctrl Pts',(164.082171818556,119.912824328919,5.));
#6021=CARTESIAN_POINT('Ctrl Pts',(164.082171818556,119.912824328919,5.42599789162375));
#6022=CARTESIAN_POINT('Ctrl Pts',(163.96500864865,119.928093409537,5.86524951065318));
#6023=CARTESIAN_POINT('Ctrl Pts',(163.557382828812,120.019267964337,6.65895363988999));
#6024=CARTESIAN_POINT('Ctrl Pts',(163.27133677675,120.099051590344,7.01521699386134));
#6025=CARTESIAN_POINT('Ctrl Pts',(162.683714763559,120.336974921195,7.57824830565033));
#6026=CARTESIAN_POINT('Ctrl Pts',(162.338759285356,120.511388227886,7.82679249681875));
#6027=CARTESIAN_POINT('Ctrl Pts',(161.661691180482,120.981666878665,8.16297438792198));
#6028=CARTESIAN_POINT('Ctrl Pts',(161.330457798938,121.279233493207,8.25));
#6029=CARTESIAN_POINT('Ctrl Pts',(160.781407268956,121.919938787407,8.25000000000001));
#6030=CARTESIAN_POINT('Ctrl Pts',(160.538084834986,122.292840431633,8.16297438792199));
#6031=CARTESIAN_POINT('Ctrl Pts',(160.177057757868,123.033949517804,7.82679249681874));
#6032=CARTESIAN_POINT('Ctrl Pts',(160.057537249062,123.401548662889,7.57824830565031));
#6033=CARTESIAN_POINT('Ctrl Pts',(159.912423927414,124.018678524126,7.01521699386132));
#6034=CARTESIAN_POINT('Ctrl Pts',(159.877393720758,124.313569445487,6.65895363988999));
#6035=CARTESIAN_POINT('Ctrl Pts',(159.849728664958,124.730350266937,5.86524951065321));
#6036=CARTESIAN_POINT('Ctrl Pts',(159.852584958354,124.848469675984,5.42599789162375));
#6037=CARTESIAN_POINT('Ctrl Pts',(159.852584958354,124.848469675984,5.));
#6038=CARTESIAN_POINT('Ctrl Pts',(159.852584958354,124.848469675984,5.));
#6039=CARTESIAN_POINT('Ctrl Pts',(159.852584958354,124.848469675984,4.57400210837625));
#6040=CARTESIAN_POINT('Ctrl Pts',(159.849728664958,124.730350266937,4.13475048934679));
#6041=CARTESIAN_POINT('Ctrl Pts',(159.877393720758,124.313569445487,3.34104636011001));
#6042=CARTESIAN_POINT('Ctrl Pts',(159.912423927414,124.018678524126,2.98478300613868));
#6043=CARTESIAN_POINT('Ctrl Pts',(160.057537249062,123.401548662889,2.42175169434969));
#6044=CARTESIAN_POINT('Ctrl Pts',(160.177057757868,123.033949517804,2.17320750318126));
#6045=CARTESIAN_POINT('Ctrl Pts',(160.538084834986,122.292840431633,1.83702561207801));
#6046=CARTESIAN_POINT('Ctrl Pts',(160.781407268956,121.919938787407,1.74999999999999));
#6047=CARTESIAN_POINT('Ctrl Pts',(161.330457798938,121.279233493207,1.75));
#6048=CARTESIAN_POINT('Ctrl Pts',(161.661691180482,120.981666878665,1.83702561207802));
#6049=CARTESIAN_POINT('Ctrl Pts',(162.338759285356,120.511388227886,2.17320750318125));
#6050=CARTESIAN_POINT('Ctrl Pts',(162.683714763559,120.336974921195,2.42175169434967));
#6051=CARTESIAN_POINT('Ctrl Pts',(163.27133677675,120.099051590344,2.98478300613866));
#6052=CARTESIAN_POINT('Ctrl Pts',(163.557382828812,120.019267964337,3.34104636011001));
#6053=CARTESIAN_POINT('Ctrl Pts',(163.96500864865,119.928093409537,4.13475048934682));
#6054=CARTESIAN_POINT('Ctrl Pts',(164.082171818556,119.912824328919,4.57400210837625));
#6055=CARTESIAN_POINT('Ctrl Pts',(164.082171818556,119.912824328919,5.));
#6056=CARTESIAN_POINT('',(162.737789370818,127.320937167842,5.));
#6057=CARTESIAN_POINT('Origin',(60.,-35.,1.8));
#6058=CARTESIAN_POINT('',(59.6304702135432,-35.4312165777439,1.8));
#6059=CARTESIAN_POINT('',(62.0603263844057,-37.5134747243053,1.8));
#6060=CARTESIAN_POINT('',(164.483053014463,-125.284331072053,1.8));
#6061=CARTESIAN_POINT('',(60.3695297864568,-34.568783422256,1.8));
#6062=CARTESIAN_POINT('',(60.,-35.,1.8));
#6063=CARTESIAN_POINT('',(62.7993859573194,-36.6510415688174,1.8));
#6064=CARTESIAN_POINT('',(165.222112587377,-124.421897916565,1.8));
#6065=CARTESIAN_POINT('',(56.75,-35.,1.8));
#6066=CARTESIAN_POINT('Origin',(60.,-35.,1.8));
#6067=CARTESIAN_POINT('Origin',(60.,-35.,1.8));
#6068=CARTESIAN_POINT('Origin',(60.,-35.,5.));
#6069=CARTESIAN_POINT('',(57.8852065698986,-37.4678226735323,5.));
#6070=CARTESIAN_POINT('',(62.1147934301014,-32.5321773264677,5.));
#6071=CARTESIAN_POINT('Origin',(60.,-35.,5.));
#6072=CARTESIAN_POINT('Origin',(60.,-35.,5.));
#6073=CARTESIAN_POINT('',(56.75,-35.,5.));
#6074=CARTESIAN_POINT('Origin',(60.,-35.,5.));
#6075=CARTESIAN_POINT('Origin',(60.,-35.,5.));
#6076=CARTESIAN_POINT('Origin',(60.,-35.,5.));
#6077=CARTESIAN_POINT('Origin',(164.85258280092,-124.853114494309,5.));
#6078=CARTESIAN_POINT('',(159.852584958354,-124.848469675983,5.));
#6079=CARTESIAN_POINT('',(164.082171818557,-119.912824328918,5.));
#6080=CARTESIAN_POINT('Ctrl Pts',(159.852584958354,-124.848469675983,5.));
#6081=CARTESIAN_POINT('Ctrl Pts',(159.852584958354,-124.848469675983,5.42599789162375));
#6082=CARTESIAN_POINT('Ctrl Pts',(159.849728664958,-124.730350266937,5.86524951065319));
#6083=CARTESIAN_POINT('Ctrl Pts',(159.877393720758,-124.313569445486,6.65895363988999));
#6084=CARTESIAN_POINT('Ctrl Pts',(159.912423927414,-124.018678524125,7.01521699386133));
#6085=CARTESIAN_POINT('Ctrl Pts',(160.057537249062,-123.401548662889,7.57824830565033));
#6086=CARTESIAN_POINT('Ctrl Pts',(160.177057757868,-123.033949517803,7.82679249681875));
#6087=CARTESIAN_POINT('Ctrl Pts',(160.538084834986,-122.292840431633,8.16297438792198));
#6088=CARTESIAN_POINT('Ctrl Pts',(160.781407268956,-121.919938787407,8.25));
#6089=CARTESIAN_POINT('Ctrl Pts',(161.330457798938,-121.279233493207,8.25));
#6090=CARTESIAN_POINT('Ctrl Pts',(161.661691180482,-120.981666878664,8.162974387922));
#6091=CARTESIAN_POINT('Ctrl Pts',(162.338759285357,-120.511388227886,7.82679249681876));
#6092=CARTESIAN_POINT('Ctrl Pts',(162.683714763559,-120.336974921194,7.57824830565033));
#6093=CARTESIAN_POINT('Ctrl Pts',(163.27133677675,-120.099051590344,7.01521699386133));
#6094=CARTESIAN_POINT('Ctrl Pts',(163.557382828813,-120.019267964337,6.65895363988999));
#6095=CARTESIAN_POINT('Ctrl Pts',(163.965008648651,-119.928093409537,5.86524951065321));
#6096=CARTESIAN_POINT('Ctrl Pts',(164.082171818557,-119.912824328918,5.42599789162375));
#6097=CARTESIAN_POINT('Ctrl Pts',(164.082171818557,-119.912824328918,5.));
#6098=CARTESIAN_POINT('Ctrl Pts',(164.082171818557,-119.912824328918,5.));
#6099=CARTESIAN_POINT('Ctrl Pts',(164.082171818557,-119.912824328918,4.57400210837625));
#6100=CARTESIAN_POINT('Ctrl Pts',(163.965008648651,-119.928093409537,4.13475048934679));
#6101=CARTESIAN_POINT('Ctrl Pts',(163.557382828813,-120.019267964337,3.34104636011001));
#6102=CARTESIAN_POINT('Ctrl Pts',(163.27133677675,-120.099051590344,2.98478300613867));
#6103=CARTESIAN_POINT('Ctrl Pts',(162.683714763559,-120.336974921194,2.42175169434967));
#6104=CARTESIAN_POINT('Ctrl Pts',(162.338759285357,-120.511388227886,2.17320750318124));
#6105=CARTESIAN_POINT('Ctrl Pts',(161.661691180482,-120.981666878664,1.837025612078));
#6106=CARTESIAN_POINT('Ctrl Pts',(161.330457798938,-121.279233493207,1.75));
#6107=CARTESIAN_POINT('Ctrl Pts',(160.781407268956,-121.919938787407,1.75));
#6108=CARTESIAN_POINT('Ctrl Pts',(160.538084834986,-122.292840431633,1.83702561207802));
#6109=CARTESIAN_POINT('Ctrl Pts',(160.177057757868,-123.033949517803,2.17320750318125));
#6110=CARTESIAN_POINT('Ctrl Pts',(160.057537249062,-123.401548662889,2.42175169434967));
#6111=CARTESIAN_POINT('Ctrl Pts',(159.912423927414,-124.018678524125,2.98478300613867));
#6112=CARTESIAN_POINT('Ctrl Pts',(159.877393720758,-124.313569445486,3.34104636011001));
#6113=CARTESIAN_POINT('Ctrl Pts',(159.849728664958,-124.730350266937,4.13475048934681));
#6114=CARTESIAN_POINT('Ctrl Pts',(159.852584958354,-124.848469675983,4.57400210837625));
#6115=CARTESIAN_POINT('Ctrl Pts',(159.852584958354,-124.848469675983,5.));
#6116=CARTESIAN_POINT('',(166.967376231021,-122.385291820777,5.));
#6117=CARTESIAN_POINT('Origin',(-60.,-30.,5.));
#6118=CARTESIAN_POINT('',(-60.5194996016083,-29.7706091459347,1.8));
#6119=CARTESIAN_POINT('',(-59.4805003983917,-30.2293908540653,1.8));
#6120=CARTESIAN_POINT('',(-60.,-30.,1.8));
#6121=CARTESIAN_POINT('Origin',(-60.,-30.,5.));
#6122=CARTESIAN_POINT('Origin',(-108.472172487501,-139.774534817242,5.));
#6123=CARTESIAN_POINT('',(-108.472172487501,-139.774534817242,1.75));
#6124=CARTESIAN_POINT('',(-111.210941634491,-137.931149502906,5.));
#6125=CARTESIAN_POINT('Origin',(-108.472172487501,-139.774534817242,5.));
#6126=CARTESIAN_POINT('',(-120.735372245644,-147.772551059528,5.));
#6127=CARTESIAN_POINT('',(-110.807570909966,-137.51435468983,5.));
#6128=CARTESIAN_POINT('',(-116.064575400714,-152.292911314353,5.));
#6129=CARTESIAN_POINT('Ctrl Pts',(-116.064575400714,-152.292911314353,5.));
#6130=CARTESIAN_POINT('Ctrl Pts',(-116.064575400714,-152.292911314353,4.57400210837625));
#6131=CARTESIAN_POINT('Ctrl Pts',(-116.072730294279,-152.175039133936,4.13475048934679));
#6132=CARTESIAN_POINT('Ctrl Pts',(-116.13908401163,-151.762645156488,3.34104636011));
#6133=CARTESIAN_POINT('Ctrl Pts',(-116.201421011105,-151.47229731445,2.98478300613867));
#6134=CARTESIAN_POINT('Ctrl Pts',(-116.403368366517,-150.871361038801,2.42175169434968));
#6135=CARTESIAN_POINT('Ctrl Pts',(-116.556598862997,-150.516488246886,2.17320750318125));
#6136=CARTESIAN_POINT('Ctrl Pts',(-116.985066309658,-149.812216370997,1.83702561207801));
#6137=CARTESIAN_POINT('Ctrl Pts',(-117.262054594071,-149.463592026698,1.75));
#6138=CARTESIAN_POINT('Ctrl Pts',(-117.868379412052,-148.876795662028,1.75));
#6139=CARTESIAN_POINT('Ctrl Pts',(-118.22588181882,-148.611364932281,1.83702561207802));
#6140=CARTESIAN_POINT('Ctrl Pts',(-118.943798608031,-148.206175209081,2.17320750318126));
#6141=CARTESIAN_POINT('Ctrl Pts',(-119.303495980482,-148.064640465133,2.42175169434968));
#6142=CARTESIAN_POINT('Ctrl Pts',(-119.910719355747,-147.882467705695,2.98478300613867));
#6143=CARTESIAN_POINT('Ctrl Pts',(-120.202951732851,-147.829666108638,3.34104636011002));
#6144=CARTESIAN_POINT('Ctrl Pts',(-120.617296323811,-147.776844064154,4.13475048934681));
#6145=CARTESIAN_POINT('Ctrl Pts',(-120.735372245644,-147.772551059528,4.57400210837625));
#6146=CARTESIAN_POINT('Ctrl Pts',(-120.735372245644,-147.772551059528,5.));
#6147=CARTESIAN_POINT('Ctrl Pts',(-120.735372245644,-147.772551059528,5.));
#6148=CARTESIAN_POINT('Ctrl Pts',(-120.735372245644,-147.772551059528,5.42599789162375));
#6149=CARTESIAN_POINT('Ctrl Pts',(-120.617296323811,-147.776844064154,5.86524951065319));
#6150=CARTESIAN_POINT('Ctrl Pts',(-120.202951732851,-147.829666108638,6.65895363988998));
#6151=CARTESIAN_POINT('Ctrl Pts',(-119.910719355747,-147.882467705695,7.01521699386133));
#6152=CARTESIAN_POINT('Ctrl Pts',(-119.303495980482,-148.064640465133,7.57824830565032));
#6153=CARTESIAN_POINT('Ctrl Pts',(-118.943798608031,-148.206175209081,7.82679249681874));
#6154=CARTESIAN_POINT('Ctrl Pts',(-118.22588181882,-148.611364932281,8.16297438792198));
#6155=CARTESIAN_POINT('Ctrl Pts',(-117.868379412052,-148.876795662028,8.25));
#6156=CARTESIAN_POINT('Ctrl Pts',(-117.262054594071,-149.463592026698,8.25));
#6157=CARTESIAN_POINT('Ctrl Pts',(-116.985066309658,-149.812216370997,8.16297438792198));
#6158=CARTESIAN_POINT('Ctrl Pts',(-116.556598862997,-150.516488246886,7.82679249681874));
#6159=CARTESIAN_POINT('Ctrl Pts',(-116.403368366517,-150.871361038801,7.57824830565033));
#6160=CARTESIAN_POINT('Ctrl Pts',(-116.201421011105,-151.47229731445,7.01521699386133));
#6161=CARTESIAN_POINT('Ctrl Pts',(-116.13908401163,-151.762645156488,6.65895363989));
#6162=CARTESIAN_POINT('Ctrl Pts',(-116.072730294279,-152.175039133936,5.8652495106532));
#6163=CARTESIAN_POINT('Ctrl Pts',(-116.064575400714,-152.292911314353,5.42599789162375));
#6164=CARTESIAN_POINT('Ctrl Pts',(-116.064575400714,-152.292911314353,5.));
#6165=CARTESIAN_POINT('',(-108.472172487501,-139.774534817242,8.25));
#6166=CARTESIAN_POINT('Origin',(-108.472172487501,-139.774534817242,5.));
#6167=CARTESIAN_POINT('Origin',(-108.472172487501,-139.774534817242,5.));
#6168=CARTESIAN_POINT('Origin',(-60.,-30.,5.));
#6169=CARTESIAN_POINT('',(-61.8120908679417,-32.6979300743945,1.8));
#6170=CARTESIAN_POINT('',(-60.5194996016083,-29.7706091459347,1.8));
#6171=CARTESIAN_POINT('Origin',(-60.,-30.,5.));
#6172=CARTESIAN_POINT('',(-62.973060317967,-28.6872119951302,5.));
#6173=CARTESIAN_POINT('',(-59.4805003983917,-30.2293908540653,1.8));
#6174=CARTESIAN_POINT('Origin',(-60.,-30.,1.8));
#6175=CARTESIAN_POINT('Origin',(-60.,-30.,1.8));
#6176=CARTESIAN_POINT('Origin',(-60.,-30.,5.));
#6177=CARTESIAN_POINT('Origin',(39.8839994142011,10.22,0.));
#6178=CARTESIAN_POINT('',(39.0339994142011,10.22,0.));
#6179=CARTESIAN_POINT('Origin',(39.8839994142011,10.22,0.));
#6180=CARTESIAN_POINT('',(39.0339994142011,10.22,0.));
#6181=CARTESIAN_POINT('Origin',(39.8839994142011,-10.22,0.));
#6182=CARTESIAN_POINT('',(39.0339994142011,-10.22,0.));
#6183=CARTESIAN_POINT('Origin',(39.8839994142011,-10.22,0.));
#6184=CARTESIAN_POINT('',(39.0339994142011,-10.22,0.));
#6185=CARTESIAN_POINT('Origin',(37.8839994142011,7.25,0.));
#6186=CARTESIAN_POINT('',(37.8839994142011,7.25,0.));
#6187=CARTESIAN_POINT('',(37.8839994142011,-7.25,0.));
#6188=CARTESIAN_POINT('',(37.8839994142011,3.625,0.));
#6189=CARTESIAN_POINT('',(37.8839994142011,7.25,0.));
#6190=CARTESIAN_POINT('',(37.8839994142011,-7.25,0.));
#6191=CARTESIAN_POINT('Origin',(39.8839994142011,7.25,0.));
#6192=CARTESIAN_POINT('',(41.8839994142011,7.25,0.));
#6193=CARTESIAN_POINT('Origin',(39.8839994142011,7.25,0.));
#6194=CARTESIAN_POINT('',(41.8839994142011,7.25,0.));
#6195=CARTESIAN_POINT('Origin',(41.8839994142011,-7.25,0.));
#6196=CARTESIAN_POINT('',(41.8839994142011,-7.25,0.));
#6197=CARTESIAN_POINT('',(41.8839994142011,-3.625,0.));
#6198=CARTESIAN_POINT('',(41.8839994142011,-7.25,0.));
#6199=CARTESIAN_POINT('Origin',(39.8839994142011,-7.25,0.));
#6200=CARTESIAN_POINT('Origin',(39.8839994142011,-7.25,0.));
#6201=CARTESIAN_POINT('Origin',(164.85258280092,-124.853114494309,2.));
#6202=CARTESIAN_POINT('',(149.145140707776,-131.35513440281,2.));
#6203=CARTESIAN_POINT('',(150.835172296556,-130.192796390467,0.));
#6204=CARTESIAN_POINT('Ctrl Pts',(150.835172296556,-130.192796390467,0.));
#6205=CARTESIAN_POINT('Ctrl Pts',(150.83332147789,-130.19404937348,-1.25468475374264E-16));
#6206=CARTESIAN_POINT('Ctrl Pts',(150.831470692283,-130.195302403214,3.54997344903385E-6));
#6207=CARTESIAN_POINT('Ctrl Pts',(150.711676035675,-130.276410954793,0.000463121466070219));
#6208=CARTESIAN_POINT('Ctrl Pts',(150.594159404037,-130.356260371641,0.0153322927161399));
#6209=CARTESIAN_POINT('Ctrl Pts',(150.364062813671,-130.513116403287,0.0735039082841644));
#6210=CARTESIAN_POINT('Ctrl Pts',(150.25199030088,-130.589775117645,0.116599219342666));
#6211=CARTESIAN_POINT('Ctrl Pts',(149.9446215635,-130.800621183454,0.278522060085962));
#6212=CARTESIAN_POINT('Ctrl Pts',(149.763419217855,-130.925684689039,0.429202050388357));
#6213=CARTESIAN_POINT('Ctrl Pts',(149.46303255621,-131.133706681681,0.802141305883745));
#6214=CARTESIAN_POINT('Ctrl Pts',(149.34531258923,-131.215612467383,1.01906789190531));
#6215=CARTESIAN_POINT('Ctrl Pts',(149.185973929296,-131.326606917434,1.49336117000062));
#6216=CARTESIAN_POINT('Ctrl Pts',(149.145140707776,-131.35513440281,1.74530268703818));
#6217=CARTESIAN_POINT('Ctrl Pts',(149.145140707776,-131.35513440281,2.));
#6218=CARTESIAN_POINT('',(169.083950764678,-110.462300578645,0.));
#6219=CARTESIAN_POINT('Origin',(164.85258280092,-124.853114494309,0.));
#6220=CARTESIAN_POINT('',(170.246587238976,-108.731553896084,2.));
#6221=CARTESIAN_POINT('Ctrl Pts',(170.246587238976,-108.731553896084,2.));
#6222=CARTESIAN_POINT('Ctrl Pts',(170.246587238976,-108.731553896084,1.74894890968737));
#6223=CARTESIAN_POINT('Ctrl Pts',(170.218801515019,-108.772080906778,1.50080805366726));
#6224=CARTESIAN_POINT('Ctrl Pts',(170.110560631085,-108.93053938427,1.03142897793158));
#6225=CARTESIAN_POINT('Ctrl Pts',(170.030343847029,-109.048150395895,0.816091034926621));
#6226=CARTESIAN_POINT('Ctrl Pts',(169.825559769941,-109.350189662997,0.441930699115146));
#6227=CARTESIAN_POINT('Ctrl Pts',(169.70144130097,-109.534050734348,0.289528072994728));
#6228=CARTESIAN_POINT('Ctrl Pts',(169.490226024729,-109.849416221405,0.122574240710387));
#6229=CARTESIAN_POINT('Ctrl Pts',(169.411773428516,-109.96700145429,0.0772743819571649));
#6230=CARTESIAN_POINT('Ctrl Pts',(169.251186219091,-110.20878441505,0.0160894893248469));
#6231=CARTESIAN_POINT('Ctrl Pts',(169.169374922739,-110.332501468767,0.000467938064882169));
#6232=CARTESIAN_POINT('Ctrl Pts',(169.086416617128,-110.458553410828,3.45174037148049E-6));
#6233=CARTESIAN_POINT('Ctrl Pts',(169.085183660521,-110.460426974165,3.82395799309561E-17));
#6234=CARTESIAN_POINT('Ctrl Pts',(169.083950764678,-110.462300578644,0.));
#6235=CARTESIAN_POINT('Origin',(164.85258280092,-124.853114494309,2.));
#6236=CARTESIAN_POINT('Origin',(21.9050828009198,0.,0.));
#6237=CARTESIAN_POINT('',(89.0628330829512,-14.0506717710588,0.));
#6238=CARTESIAN_POINT('',(111.736002001317,-41.3679251283975,0.));
#6239=CARTESIAN_POINT('',(59.9698949230394,-46.4669620455153,0.));
#6240=CARTESIAN_POINT('',(38.0987564178025,-26.3142769676105,0.));
#6241=CARTESIAN_POINT('',(38.2858887287776,-38.,0.));
#6242=CARTESIAN_POINT('Origin',(38.2858887287775,-70.0000000000001,0.));
#6243=CARTESIAN_POINT('',(-32.9150744366117,-38.,0.));
#6244=CARTESIAN_POINT('',(-5.50499581784596,-38.,0.));
#6245=CARTESIAN_POINT('',(-52.3909897943611,-49.7682493688627,0.));
#6246=CARTESIAN_POINT('Origin',(-32.9150744366116,-60.,0.));
#6247=CARTESIAN_POINT('',(-106.06523763738,-151.936015723554,0.));
#6248=CARTESIAN_POINT('',(-60.8235934261241,-65.8195274441778,0.));
#6249=CARTESIAN_POINT('',(-130.881564928297,-141.440960460617,0.));
#6250=CARTESIAN_POINT('Origin',(-121.04241719908,-152.763114494309,0.));
#6251=CARTESIAN_POINT('',(-85.9221478657645,-11.4716137813764,0.));
#6252=CARTESIAN_POINT('',(-78.3880875895869,10.3079589069191,0.));
#6253=CARTESIAN_POINT('',(-85.2627889225052,-7.54862252186947,0.));
#6254=CARTESIAN_POINT('Origin',(-97.2627889225052,-7.54862252186945,0.));
#6255=CARTESIAN_POINT('',(-85.2627889225052,7.54862252186952,0.));
#6256=CARTESIAN_POINT('',(-85.2627889225052,3.77431126093475,0.));
#6257=CARTESIAN_POINT('',(-85.9221478657645,11.4716137813764,0.));
#6258=CARTESIAN_POINT('Origin',(-97.2627889225055,7.54862252186944,0.));
#6259=CARTESIAN_POINT('',(-130.881564928297,141.440960460617,0.));
#6260=CARTESIAN_POINT('',(-100.78333783968,54.4325611864413,0.));
#6261=CARTESIAN_POINT('',(-106.06523763738,151.936015723554,0.));
#6262=CARTESIAN_POINT('Origin',(-121.04241719908,152.763114494309,0.));
#6263=CARTESIAN_POINT('',(-52.3909897943611,49.7682493688627,0.));
#6264=CARTESIAN_POINT('',(-34.1106027073615,14.9719291253026,0.));
#6265=CARTESIAN_POINT('',(-32.9150744366116,38.,0.));
#6266=CARTESIAN_POINT('Origin',(-32.9150744366116,60.,0.));
#6267=CARTESIAN_POINT('',(38.2858887287776,38.,0.));
#6268=CARTESIAN_POINT('',(30.0954857648487,38.,0.));
#6269=CARTESIAN_POINT('',(59.9698949230393,46.4669620455153,0.));
#6270=CARTESIAN_POINT('Origin',(38.2858887287776,69.9999999999999,0.));
#6271=CARTESIAN_POINT('',(150.835172296556,130.192796390467,0.));
#6272=CARTESIAN_POINT('',(83.3640045037416,68.0229557101801,0.));
#6273=CARTESIAN_POINT('',(169.083950764678,110.462300578645,0.));
#6274=CARTESIAN_POINT('Origin',(164.85258280092,124.853114494309,0.));
#6275=CARTESIAN_POINT('',(89.0628330829513,14.050671771059,0.));
#6276=CARTESIAN_POINT('',(71.9136082515997,-6.61118283279974,0.));
#6277=CARTESIAN_POINT('Origin',(105.991466305453,1.11022302462516E-14,0.));
#6278=CARTESIAN_POINT('',(-113.14241719908,153.06151192727,0.));
#6279=CARTESIAN_POINT('Origin',(-111.54241719908,153.06151192727,0.));
#6280=CARTESIAN_POINT('',(153.752813742386,125.111571453977,0.));
#6281=CARTESIAN_POINT('Origin',(155.352813742386,125.111571453977,0.));
#6282=CARTESIAN_POINT('',(172.752813742386,124.594657534641,0.));
#6283=CARTESIAN_POINT('Origin',(174.352813742386,124.594657534641,0.));
#6284=CARTESIAN_POINT('',(-132.137729672717,-152.464717061348,0.));
#6285=CARTESIAN_POINT('Origin',(-130.537729672717,-152.464717061348,0.));
#6286=CARTESIAN_POINT('',(-122.938544505229,162.263114494309,0.));
#6287=CARTESIAN_POINT('Origin',(-121.338544505228,162.263114494309,0.));
#6288=CARTESIAN_POINT('',(162.994356782718,115.353114494309,0.));
#6289=CARTESIAN_POINT('Origin',(164.594356782718,115.353114494309,0.));
#6290=CARTESIAN_POINT('',(-126.04241719908,152.763114494309,0.));
#6291=CARTESIAN_POINT('Origin',(-121.04241719908,152.763114494309,0.));
#6292=CARTESIAN_POINT('',(-132.137729672717,152.464717061348,0.));
#6293=CARTESIAN_POINT('Origin',(-130.537729672717,152.464717061348,0.));
#6294=CARTESIAN_POINT('',(-76.6,35.,0.));
#6295=CARTESIAN_POINT('Origin',(-75.,35.,0.));
#6296=CARTESIAN_POINT('',(168.099923775662,121.051170702804,0.));
#6297=CARTESIAN_POINT('',(168.099940214599,121.051184743798,0.));
#6298=CARTESIAN_POINT('Origin',(164.85258280092,124.853114494309,0.));
#6299=CARTESIAN_POINT('',(174.84983169944,114.277668585435,0.));
#6300=CARTESIAN_POINT('',(153.673671012747,135.527850198102,0.));
#6301=CARTESIAN_POINT('',(153.993646830543,135.206850266139,0.));
#6302=CARTESIAN_POINT('',(-126.04241719908,-152.763114494309,0.));
#6303=CARTESIAN_POINT('Origin',(-121.04241719908,-152.763114494309,0.));
#6304=CARTESIAN_POINT('',(-122.341602366569,143.263114494309,0.));
#6305=CARTESIAN_POINT('Origin',(-120.741602366569,143.263114494309,0.));
#6306=CARTESIAN_POINT('',(153.752813742386,-125.111571453977,0.));
#6307=CARTESIAN_POINT('Origin',(155.352813742386,-125.111571453977,0.));
#6308=CARTESIAN_POINT('',(159.85258280092,-124.853114494309,0.));
#6309=CARTESIAN_POINT('Origin',(164.85258280092,-124.853114494309,0.));
#6310=CARTESIAN_POINT('',(162.994356782718,-115.353114494309,0.));
#6311=CARTESIAN_POINT('Origin',(164.594356782718,-115.353114494309,0.));
#6312=CARTESIAN_POINT('',(172.752813742386,-124.594657534641,0.));
#6313=CARTESIAN_POINT('Origin',(174.352813742386,-124.594657534641,0.));
#6314=CARTESIAN_POINT('',(163.511270702053,134.353114494309,0.));
#6315=CARTESIAN_POINT('Origin',(165.111270702053,134.353114494309,0.));
#6316=CARTESIAN_POINT('',(73.4,-35.,0.));
#6317=CARTESIAN_POINT('Origin',(75.,-35.,0.));
#6318=CARTESIAN_POINT('',(-122.938544505229,-162.263114494309,0.));
#6319=CARTESIAN_POINT('Origin',(-121.338544505228,-162.263114494309,0.));
#6320=CARTESIAN_POINT('',(163.511270702053,-134.353114494309,0.));
#6321=CARTESIAN_POINT('Origin',(165.111270702053,-134.353114494309,0.));
#6322=CARTESIAN_POINT('',(-113.14241719908,-153.06151192727,0.));
#6323=CARTESIAN_POINT('Origin',(-111.54241719908,-153.06151192727,0.));
#6324=CARTESIAN_POINT('',(73.4,35.,0.));
#6325=CARTESIAN_POINT('Origin',(75.,35.,0.));
#6326=CARTESIAN_POINT('',(-76.6,-35.,0.));
#6327=CARTESIAN_POINT('Origin',(-75.,-35.,0.));
#6328=CARTESIAN_POINT('',(-122.341602366569,-143.263114494309,0.));
#6329=CARTESIAN_POINT('Origin',(-120.741602366569,-143.263114494309,0.));
#6330=CARTESIAN_POINT('Origin',(164.85258280092,-124.853114494309,8.));
#6331=CARTESIAN_POINT('',(149.145140707776,-131.35513440281,8.));
#6332=CARTESIAN_POINT('Ctrl Pts',(149.145140707776,-131.35513440281,8.));
#6333=CARTESIAN_POINT('Ctrl Pts',(149.145140707776,-131.35513440281,8.25469731296186));
#6334=CARTESIAN_POINT('Ctrl Pts',(149.185973929296,-131.326606917434,8.50663882999944));
#6335=CARTESIAN_POINT('Ctrl Pts',(149.34531258923,-131.215612467383,8.98093210809471));
#6336=CARTESIAN_POINT('Ctrl Pts',(149.46303255621,-131.133706681681,9.19785869411628));
#6337=CARTESIAN_POINT('Ctrl Pts',(149.763419217855,-130.925684689039,9.57079794961164));
#6338=CARTESIAN_POINT('Ctrl Pts',(149.9446215635,-130.800621183454,9.72147793991404));
#6339=CARTESIAN_POINT('Ctrl Pts',(150.25199030088,-130.589775117645,9.88340078065733));
#6340=CARTESIAN_POINT('Ctrl Pts',(150.364062813671,-130.513116403287,9.92649609171583));
#6341=CARTESIAN_POINT('Ctrl Pts',(150.594159404041,-130.356260371638,9.98466770728495));
#6342=CARTESIAN_POINT('Ctrl Pts',(150.711676035695,-130.276410954772,9.99953687853401));
#6343=CARTESIAN_POINT('Ctrl Pts',(150.831470692282,-130.195302403215,9.99999645002655));
#6344=CARTESIAN_POINT('Ctrl Pts',(150.833321477891,-130.194049373479,10.));
#6345=CARTESIAN_POINT('Ctrl Pts',(150.835172296556,-130.192796390467,10.));
#6346=CARTESIAN_POINT('',(170.246587238976,-108.731553896084,8.));
#6347=CARTESIAN_POINT('Origin',(164.85258280092,-124.853114494309,8.));
#6348=CARTESIAN_POINT('Ctrl Pts',(169.083950764678,-110.462300578645,10.));
#6349=CARTESIAN_POINT('Ctrl Pts',(169.085183660523,-110.460426974163,10.));
#6350=CARTESIAN_POINT('Ctrl Pts',(169.086416617125,-110.458553410831,9.99999654825964));
#6351=CARTESIAN_POINT('Ctrl Pts',(169.169374922796,-110.332501468699,9.99953206193486));
#6352=CARTESIAN_POINT('Ctrl Pts',(169.2511862191,-110.208784415037,9.98391051067168));
#6353=CARTESIAN_POINT('Ctrl Pts',(169.411773428516,-109.96700145429,9.92272561804284));
#6354=CARTESIAN_POINT('Ctrl Pts',(169.490226024729,-109.849416221405,9.87742575928962));
#6355=CARTESIAN_POINT('Ctrl Pts',(169.70144130097,-109.534050734348,9.71047192700525));
#6356=CARTESIAN_POINT('Ctrl Pts',(169.825559769941,-109.350189662997,9.55806930088483));
#6357=CARTESIAN_POINT('Ctrl Pts',(170.030343847029,-109.048150395895,9.18390896507341));
#6358=CARTESIAN_POINT('Ctrl Pts',(170.110560631086,-108.93053938427,8.96857102206844));
#6359=CARTESIAN_POINT('Ctrl Pts',(170.218801515019,-108.772080906778,8.49919194633271));
#6360=CARTESIAN_POINT('Ctrl Pts',(170.246587238976,-108.731553896084,8.25105109031261));
#6361=CARTESIAN_POINT('Ctrl Pts',(170.246587238976,-108.731553896084,8.));
#6362=CARTESIAN_POINT('Origin',(164.85258280092,-124.853114494309,0.));
#6363=CARTESIAN_POINT('',(170.246587238976,-108.731553896084,0.));
#6364=CARTESIAN_POINT('',(149.145140707776,-131.35513440281,0.));
#6365=CARTESIAN_POINT('Origin',(111.736002001317,-41.3679251283975,2.));
#6366=CARTESIAN_POINT('',(90.6017997395422,-12.7733379736898,2.));
#6367=CARTESIAN_POINT('Origin',(89.0628330829512,-14.0506717710588,2.));
#6368=CARTESIAN_POINT('',(113.274968657908,-40.0905913310285,2.));
#6369=CARTESIAN_POINT('Origin',(105.991466305453,1.11022302462516E-14,2.));
#6370=CARTESIAN_POINT('',(90.6017997395423,12.77333797369,2.));
#6371=CARTESIAN_POINT('Origin',(89.0628330829513,14.050671771059,2.));
#6372=CARTESIAN_POINT('Origin',(105.991466305453,1.11022302462516E-14,2.));
#6373=CARTESIAN_POINT('Origin',(71.9136082515997,-6.61118283279974,2.));
#6374=CARTESIAN_POINT('',(170.246587238976,108.731553896084,2.));
#6375=CARTESIAN_POINT('Ctrl Pts',(170.246587238976,108.731553896084,2.));
#6376=CARTESIAN_POINT('Ctrl Pts',(170.246587238976,108.731553896084,1.74897268668858));
#6377=CARTESIAN_POINT('Ctrl Pts',(170.218806779002,108.772073237317,1.50085478248048));
#6378=CARTESIAN_POINT('Ctrl Pts',(170.110604966891,108.930474441781,1.03159688616346));
#6379=CARTESIAN_POINT('Ctrl Pts',(170.030439542687,109.048010027215,0.816339529247746));
#6380=CARTESIAN_POINT('Ctrl Pts',(169.825814428018,109.349813259472,0.442319486449007));
#6381=CARTESIAN_POINT('Ctrl Pts',(169.701810986515,109.533502218455,0.289950799291112));
#6382=CARTESIAN_POINT('Ctrl Pts',(169.490660801588,109.848765144501,0.122845744746503));
#6383=CARTESIAN_POINT('Ctrl Pts',(169.412144543218,109.966444032721,0.077454622920874));
#6384=CARTESIAN_POINT('Ctrl Pts',(169.251466721939,110.208360749365,0.0161575113632998));
#6385=CARTESIAN_POINT('Ctrl Pts',(169.169630882899,110.332113647504,0.000497845230844473));
#6386=CARTESIAN_POINT('Ctrl Pts',(169.086569809669,110.458320624619,3.89393368041889E-6));
#6387=CARTESIAN_POINT('Ctrl Pts',(169.08526025292,110.460310578395,1.59512403572254E-16));
#6388=CARTESIAN_POINT('Ctrl Pts',(169.083950764678,110.462300578644,0.));
#6389=CARTESIAN_POINT('',(73.4525749081907,-7.88851663016873,2.));
#6390=CARTESIAN_POINT('Origin',(111.736002001317,-41.3679251283975,8.));
#6391=CARTESIAN_POINT('',(90.6017997395422,-12.7733379736898,8.));
#6392=CARTESIAN_POINT('Origin',(89.0628330829512,-14.0506717710588,8.));
#6393=CARTESIAN_POINT('',(113.274968657908,-40.0905913310285,8.));
#6394=CARTESIAN_POINT('Origin',(105.991466305453,1.11022302462516E-14,8.));
#6395=CARTESIAN_POINT('',(90.6017997395423,12.77333797369,8.));
#6396=CARTESIAN_POINT('Origin',(89.0628330829513,14.050671771059,8.));
#6397=CARTESIAN_POINT('Origin',(105.991466305453,1.11022302462516E-14,8.));
#6398=CARTESIAN_POINT('Origin',(71.9136082515997,-6.61118283279974,8.));
#6399=CARTESIAN_POINT('',(170.246587238976,108.731553896084,8.));
#6400=CARTESIAN_POINT('Ctrl Pts',(169.083950764678,110.462300578644,10.));
#6401=CARTESIAN_POINT('Ctrl Pts',(169.085260252919,110.460310578397,10.));
#6402=CARTESIAN_POINT('Ctrl Pts',(169.086569809671,110.458320624617,9.99999610606631));
#6403=CARTESIAN_POINT('Ctrl Pts',(169.16963088286,110.332113647549,9.99950215476933));
#6404=CARTESIAN_POINT('Ctrl Pts',(169.251466721933,110.208360749374,9.98384248863901));
#6405=CARTESIAN_POINT('Ctrl Pts',(169.412144543218,109.966444032721,9.92254537707912));
#6406=CARTESIAN_POINT('Ctrl Pts',(169.490660801588,109.848765144501,9.87715425525349));
#6407=CARTESIAN_POINT('Ctrl Pts',(169.701810986515,109.533502218455,9.71004920070889));
#6408=CARTESIAN_POINT('Ctrl Pts',(169.825814428018,109.349813259472,9.557680513551));
#6409=CARTESIAN_POINT('Ctrl Pts',(170.030439542688,109.048010027215,9.18366047075215));
#6410=CARTESIAN_POINT('Ctrl Pts',(170.110604966891,108.930474441781,8.96840311383646));
#6411=CARTESIAN_POINT('Ctrl Pts',(170.218806779002,108.772073237317,8.49914521751962));
#6412=CARTESIAN_POINT('Ctrl Pts',(170.246587238976,108.731553896084,8.25102731331148));
#6413=CARTESIAN_POINT('Ctrl Pts',(170.246587238976,108.731553896084,8.));
#6414=CARTESIAN_POINT('',(73.4525749081907,-7.88851663016873,8.));
#6415=CARTESIAN_POINT('Origin',(90.6017997395423,12.77333797369,0.));
#6416=CARTESIAN_POINT('',(170.246587238976,108.731553896084,0.));
#6417=CARTESIAN_POINT('',(90.6017997395423,12.77333797369,0.));
#6418=CARTESIAN_POINT('Origin',(105.991466305453,1.11022302462516E-14,0.));
#6419=CARTESIAN_POINT('',(90.6017997395422,-12.7733379736898,0.));
#6420=CARTESIAN_POINT('Origin',(170.246587238976,-108.731553896084,0.));
#6421=CARTESIAN_POINT('Origin',(164.85258280092,124.853114494309,2.));
#6422=CARTESIAN_POINT('',(149.145140707776,131.35513440281,2.));
#6423=CARTESIAN_POINT('Ctrl Pts',(149.145140707776,131.35513440281,2.));
#6424=CARTESIAN_POINT('Ctrl Pts',(149.145140707776,131.35513440281,1.7453026870382));
#6425=CARTESIAN_POINT('Ctrl Pts',(149.185973929296,131.326606917434,1.49336117000065));
#6426=CARTESIAN_POINT('Ctrl Pts',(149.34531258923,131.215612467383,1.01906789190532));
#6427=CARTESIAN_POINT('Ctrl Pts',(149.46303255621,131.133706681681,0.80214130588377));
#6428=CARTESIAN_POINT('Ctrl Pts',(149.763419217855,130.925684689039,0.429202050388215));
#6429=CARTESIAN_POINT('Ctrl Pts',(149.9446215635,130.800621183454,0.27852206008583));
#6430=CARTESIAN_POINT('Ctrl Pts',(150.25199030088,130.589775117644,0.116599219342565));
#6431=CARTESIAN_POINT('Ctrl Pts',(150.364062813671,130.513116403287,0.0735039082840971));
#6432=CARTESIAN_POINT('Ctrl Pts',(150.594159404044,130.356260371637,0.0153322927144559));
#6433=CARTESIAN_POINT('Ctrl Pts',(150.711676035706,130.276410954763,0.000463121465940132));
#6434=CARTESIAN_POINT('Ctrl Pts',(150.831470692283,130.195302403214,3.54997344936445E-6));
#6435=CARTESIAN_POINT('Ctrl Pts',(150.83332147789,130.19404937348,1.20904076927399E-16));
#6436=CARTESIAN_POINT('Ctrl Pts',(150.835172296556,130.192796390467,0.));
#6437=CARTESIAN_POINT('Origin',(164.85258280092,124.853114494309,2.));
#6438=CARTESIAN_POINT('Origin',(164.85258280092,124.853114494309,8.));
#6439=CARTESIAN_POINT('',(149.145140707776,131.35513440281,8.));
#6440=CARTESIAN_POINT('Origin',(164.85258280092,124.853114494309,8.));
#6441=CARTESIAN_POINT('Ctrl Pts',(150.835172296556,130.192796390467,10.));
#6442=CARTESIAN_POINT('Ctrl Pts',(150.833321477892,130.194049373478,10.));
#6443=CARTESIAN_POINT('Ctrl Pts',(150.831470692281,130.195302403217,9.99999645002654));
#6444=CARTESIAN_POINT('Ctrl Pts',(150.71167603576,130.276410954712,9.99953687853428));
#6445=CARTESIAN_POINT('Ctrl Pts',(150.594159404055,130.356260371629,9.98466770728842));
#6446=CARTESIAN_POINT('Ctrl Pts',(150.364062813671,130.513116403287,9.92649609171588));
#6447=CARTESIAN_POINT('Ctrl Pts',(150.25199030088,130.589775117644,9.88340078065741));
#6448=CARTESIAN_POINT('Ctrl Pts',(149.9446215635,130.800621183454,9.72147793991417));
#6449=CARTESIAN_POINT('Ctrl Pts',(149.763419217855,130.925684689039,9.57079794961179));
#6450=CARTESIAN_POINT('Ctrl Pts',(149.46303255621,131.133706681681,9.19785869411629));
#6451=CARTESIAN_POINT('Ctrl Pts',(149.34531258923,131.215612467383,8.98093210809472));
#6452=CARTESIAN_POINT('Ctrl Pts',(149.185973929296,131.326606917434,8.5066388299992));
#6453=CARTESIAN_POINT('Ctrl Pts',(149.145140707776,131.35513440281,8.25469731296172));
#6454=CARTESIAN_POINT('Ctrl Pts',(149.145140707776,131.35513440281,8.));
#6455=CARTESIAN_POINT('Origin',(164.85258280092,124.853114494309,0.));
#6456=CARTESIAN_POINT('',(149.145140707776,131.35513440281,0.));
#6457=CARTESIAN_POINT('Origin',(-34.1106027073615,14.9719291253026,2.));
#6458=CARTESIAN_POINT('',(-50.6204520345657,50.6984085171479,2.));
#6459=CARTESIAN_POINT('Origin',(-52.3909897943611,49.7682493688627,2.));
#6460=CARTESIAN_POINT('',(-104.046433472091,152.393605154898,2.));
#6461=CARTESIAN_POINT('Ctrl Pts',(-104.046433472091,152.393605154898,2.));
#6462=CARTESIAN_POINT('Ctrl Pts',(-104.046433472091,152.393605154898,1.7473735763329));
#6463=CARTESIAN_POINT('Ctrl Pts',(-104.094538642205,152.38226556013,1.49759013815758));
#6464=CARTESIAN_POINT('Ctrl Pts',(-104.282297195973,152.338319024987,1.02617113983861));
#6465=CARTESIAN_POINT('Ctrl Pts',(-104.421293755249,152.305880245009,0.810213331299181));
#6466=CARTESIAN_POINT('Ctrl Pts',(-104.776797706787,152.22386300857,0.43671272178626));
#6467=CARTESIAN_POINT('Ctrl Pts',(-104.992136251326,152.174598513368,0.285091968652292));
#6468=CARTESIAN_POINT('Ctrl Pts',(-105.359340579022,152.091877004495,0.12021233092405));
#6469=CARTESIAN_POINT('Ctrl Pts',(-105.494961575877,152.061550714041,0.07580340218666));
#6470=CARTESIAN_POINT('Ctrl Pts',(-105.773340492557,151.999850506565,0.0158411479246098));
#6471=CARTESIAN_POINT('Ctrl Pts',(-105.915512110449,151.968608810161,0.000508454512329997));
#6472=CARTESIAN_POINT('Ctrl Pts',(-106.060471209606,151.937053070855,4.14539979562954E-6));
#6473=CARTESIAN_POINT('Ctrl Pts',(-106.062854414403,151.936534358667,4.71263698340727E-17));
#6474=CARTESIAN_POINT('Ctrl Pts',(-106.06523763738,151.936015723554,0.));
#6475=CARTESIAN_POINT('',(-32.3400649475661,15.9020882735878,2.));
#6476=CARTESIAN_POINT('Origin',(-32.9150744366116,60.,2.));
#6477=CARTESIAN_POINT('',(-32.9150744366116,40.,2.));
#6478=CARTESIAN_POINT('Origin',(-32.9150744366116,38.,2.));
#6479=CARTESIAN_POINT('Origin',(-32.9150744366116,60.,2.));
#6480=CARTESIAN_POINT('Origin',(30.0954857648487,38.,2.));
#6481=CARTESIAN_POINT('',(38.2858887287776,40.,2.));
#6482=CARTESIAN_POINT('Origin',(38.2858887287776,38.,2.));
#6483=CARTESIAN_POINT('',(30.0954857648487,40.,2.));
#6484=CARTESIAN_POINT('Origin',(38.2858887287776,69.9999999999999,2.));
#6485=CARTESIAN_POINT('',(58.614644535898,47.9377769176706,2.));
#6486=CARTESIAN_POINT('Origin',(59.9698949230393,46.4669620455153,2.));
#6487=CARTESIAN_POINT('Origin',(38.2858887287776,69.9999999999999,2.));
#6488=CARTESIAN_POINT('Origin',(83.3640045037416,68.0229557101801,2.));
#6489=CARTESIAN_POINT('',(82.0087541166003,69.4937705823354,2.));
#6490=CARTESIAN_POINT('Origin',(149.145140707776,131.35513440281,0.));
#6491=CARTESIAN_POINT('',(58.614644535898,47.9377769176706,8.));
#6492=CARTESIAN_POINT('',(58.614644535898,47.9377769176706,0.));
#6493=CARTESIAN_POINT('',(82.0087541166003,69.4937705823354,8.));
#6494=CARTESIAN_POINT('Origin',(38.2858887287776,69.9999999999999,0.));
#6495=CARTESIAN_POINT('',(38.2858887287776,40.,8.));
#6496=CARTESIAN_POINT('',(38.2858887287776,40.,0.));
#6497=CARTESIAN_POINT('Origin',(38.2858887287776,69.9999999999999,8.));
#6498=CARTESIAN_POINT('Origin',(38.2858887287776,40.,0.));
#6499=CARTESIAN_POINT('',(-32.9150744366116,40.,8.));
#6500=CARTESIAN_POINT('',(-32.9150744366116,40.,0.));
#6501=CARTESIAN_POINT('',(30.0954857648487,40.,8.));
#6502=CARTESIAN_POINT('Origin',(-32.9150744366116,60.,0.));
#6503=CARTESIAN_POINT('',(-50.6204520345657,50.6984085171479,8.));
#6504=CARTESIAN_POINT('',(-50.6204520345657,50.6984085171479,0.));
#6505=CARTESIAN_POINT('Origin',(-32.9150744366116,60.,8.));
#6506=CARTESIAN_POINT('Origin',(-50.6204520345657,50.6984085171479,0.));
#6507=CARTESIAN_POINT('',(-104.046433472091,152.393605154898,8.));
#6508=CARTESIAN_POINT('',(-104.046433472091,152.393605154898,0.));
#6509=CARTESIAN_POINT('',(-32.3400649475661,15.9020882735878,8.));
#6510=CARTESIAN_POINT('Origin',(83.3640045037416,68.0229557101801,8.));
#6511=CARTESIAN_POINT('Origin',(59.9698949230393,46.4669620455153,8.));
#6512=CARTESIAN_POINT('Origin',(38.2858887287776,69.9999999999999,8.));
#6513=CARTESIAN_POINT('Origin',(38.2858887287776,38.,8.));
#6514=CARTESIAN_POINT('Origin',(30.0954857648487,38.,8.));
#6515=CARTESIAN_POINT('Origin',(-32.9150744366116,38.,8.));
#6516=CARTESIAN_POINT('Origin',(-32.9150744366116,60.,8.));
#6517=CARTESIAN_POINT('Origin',(-52.3909897943611,49.7682493688627,8.));
#6518=CARTESIAN_POINT('Origin',(-34.1106027073615,14.9719291253026,8.));
#6519=CARTESIAN_POINT('Ctrl Pts',(-106.06523763738,151.936015723554,10.));
#6520=CARTESIAN_POINT('Ctrl Pts',(-106.062854414404,151.936534358667,10.));
#6521=CARTESIAN_POINT('Ctrl Pts',(-106.060471209605,151.937053070855,9.9999958546002));
#6522=CARTESIAN_POINT('Ctrl Pts',(-105.915512110466,151.968608810155,9.99949154548773));
#6523=CARTESIAN_POINT('Ctrl Pts',(-105.77334049256,151.999850506564,9.98415885207607));
#6524=CARTESIAN_POINT('Ctrl Pts',(-105.494961575877,152.061550714041,9.92419659781334));
#6525=CARTESIAN_POINT('Ctrl Pts',(-105.359340579022,152.091877004495,9.87978766907595));
#6526=CARTESIAN_POINT('Ctrl Pts',(-104.992136251326,152.174598513368,9.71490803134771));
#6527=CARTESIAN_POINT('Ctrl Pts',(-104.776797706787,152.22386300857,9.56328727821374));
#6528=CARTESIAN_POINT('Ctrl Pts',(-104.421293755249,152.305880245009,9.18978666870087));
#6529=CARTESIAN_POINT('Ctrl Pts',(-104.282297195973,152.338319024987,8.97382886016143));
#6530=CARTESIAN_POINT('Ctrl Pts',(-104.094538642205,152.38226556013,8.50240986184235));
#6531=CARTESIAN_POINT('Ctrl Pts',(-104.046433472091,152.393605154898,8.25262642366706));
#6532=CARTESIAN_POINT('Ctrl Pts',(-104.046433472091,152.393605154898,8.));
#6533=CARTESIAN_POINT('Origin',(-121.04241719908,152.763114494309,2.));
#6534=CARTESIAN_POINT('',(-132.60275520874,140.298822091513,2.));
#6535=CARTESIAN_POINT('Ctrl Pts',(-132.60275520874,140.298822091513,2.));
#6536=CARTESIAN_POINT('Ctrl Pts',(-132.60275520874,140.298822091513,1.74688003727726));
#6537=CARTESIAN_POINT('Ctrl Pts',(-132.561266706214,140.325857870404,1.49658405340932));
#6538=CARTESIAN_POINT('Ctrl Pts',(-132.399563701254,140.431584877622,1.02440721604569));
#6539=CARTESIAN_POINT('Ctrl Pts',(-132.279957712455,140.509894400373,0.80816131607927));
#6540=CARTESIAN_POINT('Ctrl Pts',(-131.974916782178,140.71068905271,0.434674810638215));
#6541=CARTESIAN_POINT('Ctrl Pts',(-131.790619690552,140.832473900372,0.283242067917285));
#6542=CARTESIAN_POINT('Ctrl Pts',(-131.477860082174,141.040603244971,0.119153422588194));
#6543=CARTESIAN_POINT('Ctrl Pts',(-131.362950092354,141.117324997042,0.0751148614652964));
#6544=CARTESIAN_POINT('Ctrl Pts',(-131.127445190654,141.275181011144,0.0156551384667899));
#6545=CARTESIAN_POINT('Ctrl Pts',(-131.007350877087,141.355982509554,0.000464480546369424));
#6546=CARTESIAN_POINT('Ctrl Pts',(-130.885268593194,141.43845812752,3.49628161129346E-6));
#6547=CARTESIAN_POINT('Ctrl Pts',(-130.883416743144,141.439709267051,9.72053271293795E-18));
#6548=CARTESIAN_POINT('Ctrl Pts',(-130.881564928297,141.440960460617,0.));
#6549=CARTESIAN_POINT('Origin',(-121.04241719908,152.763114494309,2.));
#6550=CARTESIAN_POINT('Origin',(-121.04241719908,152.763114494309,8.));
#6551=CARTESIAN_POINT('',(-132.60275520874,140.298822091513,8.));
#6552=CARTESIAN_POINT('Origin',(-121.04241719908,152.763114494309,8.));
#6553=CARTESIAN_POINT('Ctrl Pts',(-130.881564928297,141.440960460617,10.));
#6554=CARTESIAN_POINT('Ctrl Pts',(-130.883416743143,141.439709267051,10.));
#6555=CARTESIAN_POINT('Ctrl Pts',(-130.885268593195,141.43845812752,9.99999650371839));
#6556=CARTESIAN_POINT('Ctrl Pts',(-131.007350877054,141.355982509571,9.99953551945374));
#6557=CARTESIAN_POINT('Ctrl Pts',(-131.127445190648,141.275181011148,9.98434486153468));
#6558=CARTESIAN_POINT('Ctrl Pts',(-131.362950092354,141.117324997042,9.92488513853469));
#6559=CARTESIAN_POINT('Ctrl Pts',(-131.477860082174,141.040603244971,9.8808465774118));
#6560=CARTESIAN_POINT('Ctrl Pts',(-131.790619690552,140.832473900372,9.71675793208269));
#6561=CARTESIAN_POINT('Ctrl Pts',(-131.974916782178,140.71068905271,9.56532518936176));
#6562=CARTESIAN_POINT('Ctrl Pts',(-132.279957712455,140.509894400373,9.19183868392077));
#6563=CARTESIAN_POINT('Ctrl Pts',(-132.399563701254,140.431584877622,8.97559278395434));
#6564=CARTESIAN_POINT('Ctrl Pts',(-132.561266706214,140.325857870404,8.50341594659065));
#6565=CARTESIAN_POINT('Ctrl Pts',(-132.60275520874,140.298822091513,8.25311996272273));
#6566=CARTESIAN_POINT('Ctrl Pts',(-132.60275520874,140.298822091513,8.));
#6567=CARTESIAN_POINT('Origin',(-121.04241719908,152.763114494309,0.));
#6568=CARTESIAN_POINT('',(-132.60275520874,140.298822091513,0.));
#6569=CARTESIAN_POINT('Origin',(-100.78333783968,54.4325611864413,2.));
#6570=CARTESIAN_POINT('',(-87.8122547085546,10.817781904792,2.));
#6571=CARTESIAN_POINT('Origin',(-85.9221478657645,11.4716137813764,2.));
#6572=CARTESIAN_POINT('',(-102.67344468247,53.7787293098568,2.));
#6573=CARTESIAN_POINT('Origin',(-97.2627889225055,7.54862252186944,2.));
#6574=CARTESIAN_POINT('',(-87.2627889225052,7.54862252186951,2.));
#6575=CARTESIAN_POINT('Origin',(-85.2627889225052,7.54862252186952,2.));
#6576=CARTESIAN_POINT('Origin',(-97.2627889225055,7.54862252186944,2.));
#6577=CARTESIAN_POINT('Origin',(-85.2627889225052,3.77431126093475,2.));
#6578=CARTESIAN_POINT('',(-87.2627889225052,-7.54862252186947,2.));
#6579=CARTESIAN_POINT('Origin',(-85.2627889225052,-7.54862252186947,2.));
#6580=CARTESIAN_POINT('',(-87.2627889225052,3.77431126093475,2.));
#6581=CARTESIAN_POINT('Origin',(-97.2627889225052,-7.54862252186945,2.));
#6582=CARTESIAN_POINT('',(-87.8122547085546,-10.8177819047919,2.));
#6583=CARTESIAN_POINT('Origin',(-85.9221478657645,-11.4716137813764,2.));
#6584=CARTESIAN_POINT('Origin',(-97.2627889225052,-7.54862252186945,2.));
#6585=CARTESIAN_POINT('Origin',(-78.3880875895869,10.3079589069191,2.));
#6586=CARTESIAN_POINT('',(-132.60275520874,-140.298822091513,2.));
#6587=CARTESIAN_POINT('',(-80.278194432377,10.9617907835036,2.));
#6588=CARTESIAN_POINT('Ctrl Pts',(-130.881564928297,-141.440960460617,0.));
#6589=CARTESIAN_POINT('Ctrl Pts',(-130.883416743144,-141.43970926705,4.80738368130338E-17));
#6590=CARTESIAN_POINT('Ctrl Pts',(-130.885268593194,-141.43845812752,3.49628161106424E-6));
#6591=CARTESIAN_POINT('Ctrl Pts',(-131.007350877071,-141.355982509563,0.000464480546320315));
#6592=CARTESIAN_POINT('Ctrl Pts',(-131.127445190651,-141.275181011146,0.0156551384660651));
#6593=CARTESIAN_POINT('Ctrl Pts',(-131.362950092354,-141.117324997042,0.0751148614653012));
#6594=CARTESIAN_POINT('Ctrl Pts',(-131.477860082174,-141.040603244972,0.119153422588192));
#6595=CARTESIAN_POINT('Ctrl Pts',(-131.790619690552,-140.832473900372,0.283242067917267));
#6596=CARTESIAN_POINT('Ctrl Pts',(-131.974916782178,-140.71068905271,0.434674810638196));
#6597=CARTESIAN_POINT('Ctrl Pts',(-132.279957712455,-140.509894400373,0.808161316079224));
#6598=CARTESIAN_POINT('Ctrl Pts',(-132.399563701254,-140.431584877623,1.02440721604565));
#6599=CARTESIAN_POINT('Ctrl Pts',(-132.561266706214,-140.325857870404,1.49658405340941));
#6600=CARTESIAN_POINT('Ctrl Pts',(-132.60275520874,-140.298822091513,1.74688003727731));
#6601=CARTESIAN_POINT('Ctrl Pts',(-132.60275520874,-140.298822091513,2.));
#6602=CARTESIAN_POINT('Origin',(-121.04241719908,-152.763114494309,2.));
#6603=CARTESIAN_POINT('',(-104.046433472091,-152.393605154898,2.));
#6604=CARTESIAN_POINT('Ctrl Pts',(-104.046433472091,-152.393605154898,2.));
#6605=CARTESIAN_POINT('Ctrl Pts',(-104.046433472091,-152.393605154898,1.74736174901873));
#6606=CARTESIAN_POINT('Ctrl Pts',(-104.094543144093,-152.382264496697,1.49756688237086));
#6607=CARTESIAN_POINT('Ctrl Pts',(-104.282335108972,-152.338310161,1.0260880938522));
#6608=CARTESIAN_POINT('Ctrl Pts',(-104.421375521237,-152.305861179194,0.810090561824913));
#6609=CARTESIAN_POINT('Ctrl Pts',(-104.777015127845,-152.223813056767,0.436522421722001));
#6610=CARTESIAN_POINT('Ctrl Pts',(-104.992451505962,-152.174526620286,0.284885903782148));
#6611=CARTESIAN_POINT('Ctrl Pts',(-105.359719733722,-152.091792070821,0.120077491255592));
#6612=CARTESIAN_POINT('Ctrl Pts',(-105.49529424826,-152.061476623102,0.0757112606408726));
#6613=CARTESIAN_POINT('Ctrl Pts',(-105.773610125892,-151.999791103745,0.015803665310484));
#6614=CARTESIAN_POINT('Ctrl Pts',(-105.915767397069,-151.968552913747,0.000490989336827169));
#6615=CARTESIAN_POINT('Ctrl Pts',(-106.060630648299,-151.937018368601,3.87270695878608E-6));
#6616=CARTESIAN_POINT('Ctrl Pts',(-106.06293413437,-151.936517010071,6.57325601204006E-17));
#6617=CARTESIAN_POINT('Ctrl Pts',(-106.06523763738,-151.936015723554,0.));
#6618=CARTESIAN_POINT('Origin',(-121.04241719908,-152.763114494309,2.));
#6619=CARTESIAN_POINT('Origin',(-132.60275520874,140.298822091513,0.));
#6620=CARTESIAN_POINT('',(-87.8122547085546,10.817781904792,8.));
#6621=CARTESIAN_POINT('',(-87.8122547085546,10.817781904792,0.));
#6622=CARTESIAN_POINT('',(-102.67344468247,53.7787293098568,8.));
#6623=CARTESIAN_POINT('Origin',(-97.2627889225055,7.54862252186944,0.));
#6624=CARTESIAN_POINT('',(-87.2627889225052,7.54862252186951,8.));
#6625=CARTESIAN_POINT('',(-87.2627889225052,7.54862252186951,0.));
#6626=CARTESIAN_POINT('Origin',(-97.2627889225055,7.54862252186944,8.));
#6627=CARTESIAN_POINT('Origin',(-87.2627889225052,7.54862252186951,0.));
#6628=CARTESIAN_POINT('',(-87.2627889225052,-7.54862252186947,8.));
#6629=CARTESIAN_POINT('',(-87.2627889225052,-7.54862252186947,0.));
#6630=CARTESIAN_POINT('',(-87.2627889225052,3.77431126093475,8.));
#6631=CARTESIAN_POINT('Origin',(-97.2627889225052,-7.54862252186945,0.));
#6632=CARTESIAN_POINT('',(-87.8122547085546,-10.8177819047919,8.));
#6633=CARTESIAN_POINT('',(-87.8122547085546,-10.8177819047919,0.));
#6634=CARTESIAN_POINT('Origin',(-97.2627889225052,-7.54862252186945,8.));
#6635=CARTESIAN_POINT('Origin',(-87.8122547085546,-10.8177819047919,0.));
#6636=CARTESIAN_POINT('',(-132.60275520874,-140.298822091513,8.));
#6637=CARTESIAN_POINT('',(-132.60275520874,-140.298822091513,0.));
#6638=CARTESIAN_POINT('',(-80.278194432377,10.9617907835036,8.));
#6639=CARTESIAN_POINT('Origin',(-121.04241719908,-152.763114494309,0.));
#6640=CARTESIAN_POINT('',(-104.046433472091,-152.393605154898,8.));
#6641=CARTESIAN_POINT('',(-104.046433472091,-152.393605154898,0.));
#6642=CARTESIAN_POINT('Origin',(-121.04241719908,-152.763114494309,8.));
#6643=CARTESIAN_POINT('Origin',(-121.04241719908,-152.763114494309,8.));
#6644=CARTESIAN_POINT('Ctrl Pts',(-106.06523763738,-151.936015723554,10.));
#6645=CARTESIAN_POINT('Ctrl Pts',(-106.062934134369,-151.936517010071,10.));
#6646=CARTESIAN_POINT('Ctrl Pts',(-106.0606306483,-151.937018368601,9.99999612729304));
#6647=CARTESIAN_POINT('Ctrl Pts',(-105.915767397041,-151.968552913756,9.99950901066307));
#6648=CARTESIAN_POINT('Ctrl Pts',(-105.773610125887,-151.999791103747,9.98419633468835));
#6649=CARTESIAN_POINT('Ctrl Pts',(-105.495294248259,-152.061476623102,9.92428873935912));
#6650=CARTESIAN_POINT('Ctrl Pts',(-105.359719733722,-152.091792070821,9.87992250874441));
#6651=CARTESIAN_POINT('Ctrl Pts',(-104.992451505962,-152.174526620286,9.71511409621786));
#6652=CARTESIAN_POINT('Ctrl Pts',(-104.777015127845,-152.223813056767,9.56347757827801));
#6653=CARTESIAN_POINT('Ctrl Pts',(-104.421375521237,-152.305861179194,9.18990943817508));
#6654=CARTESIAN_POINT('Ctrl Pts',(-104.282335108972,-152.338310161,8.9739119061478));
#6655=CARTESIAN_POINT('Ctrl Pts',(-104.094543144093,-152.382264496697,8.50243311762914));
#6656=CARTESIAN_POINT('Ctrl Pts',(-104.046433472091,-152.393605154898,8.25263825098127));
#6657=CARTESIAN_POINT('Ctrl Pts',(-104.046433472091,-152.393605154898,8.));
#6658=CARTESIAN_POINT('Ctrl Pts',(-130.881564928297,-141.440960460617,10.));
#6659=CARTESIAN_POINT('Ctrl Pts',(-130.883416743143,-141.439709267051,10.));
#6660=CARTESIAN_POINT('Ctrl Pts',(-130.885268593196,-141.43845812752,9.99999650371838));
#6661=CARTESIAN_POINT('Ctrl Pts',(-131.007350877026,-141.355982509585,9.99953551945383));
#6662=CARTESIAN_POINT('Ctrl Pts',(-131.127445190643,-141.275181011151,9.9843448615359));
#6663=CARTESIAN_POINT('Ctrl Pts',(-131.362950092354,-141.117324997042,9.92488513853471));
#6664=CARTESIAN_POINT('Ctrl Pts',(-131.477860082174,-141.040603244972,9.88084657741181));
#6665=CARTESIAN_POINT('Ctrl Pts',(-131.790619690552,-140.832473900372,9.71675793208273));
#6666=CARTESIAN_POINT('Ctrl Pts',(-131.974916782178,-140.71068905271,9.56532518936181));
#6667=CARTESIAN_POINT('Ctrl Pts',(-132.279957712455,-140.509894400373,9.19183868392078));
#6668=CARTESIAN_POINT('Ctrl Pts',(-132.399563701254,-140.431584877623,8.97559278395435));
#6669=CARTESIAN_POINT('Ctrl Pts',(-132.561266706214,-140.325857870404,8.50341594659059));
#6670=CARTESIAN_POINT('Ctrl Pts',(-132.60275520874,-140.298822091513,8.25311996272269));
#6671=CARTESIAN_POINT('Ctrl Pts',(-132.60275520874,-140.298822091513,8.));
#6672=CARTESIAN_POINT('Origin',(-100.78333783968,54.4325611864413,8.));
#6673=CARTESIAN_POINT('Origin',(-85.9221478657645,11.4716137813764,8.));
#6674=CARTESIAN_POINT('Origin',(-97.2627889225055,7.54862252186944,8.));
#6675=CARTESIAN_POINT('Origin',(-85.2627889225052,7.54862252186952,8.));
#6676=CARTESIAN_POINT('Origin',(-85.2627889225052,3.77431126093475,8.));
#6677=CARTESIAN_POINT('Origin',(-85.2627889225052,-7.54862252186947,8.));
#6678=CARTESIAN_POINT('Origin',(-97.2627889225052,-7.54862252186945,8.));
#6679=CARTESIAN_POINT('Origin',(-85.9221478657645,-11.4716137813764,8.));
#6680=CARTESIAN_POINT('Origin',(-78.3880875895869,10.3079589069191,8.));
#6681=CARTESIAN_POINT('Origin',(38.0987564178025,-26.3142769676105,2.));
#6682=CARTESIAN_POINT('',(58.614644535898,-47.9377769176706,2.));
#6683=CARTESIAN_POINT('Origin',(59.9698949230394,-46.4669620455153,2.));
#6684=CARTESIAN_POINT('',(36.7435060306612,-27.7850918397658,2.));
#6685=CARTESIAN_POINT('Origin',(38.2858887287775,-70.0000000000001,2.));
#6686=CARTESIAN_POINT('',(38.2858887287776,-40.,2.));
#6687=CARTESIAN_POINT('Origin',(38.2858887287776,-38.,2.));
#6688=CARTESIAN_POINT('Origin',(38.2858887287775,-70.0000000000001,2.));
#6689=CARTESIAN_POINT('Origin',(-5.50499581784596,-38.,2.));
#6690=CARTESIAN_POINT('',(-32.9150744366117,-40.,2.));
#6691=CARTESIAN_POINT('Origin',(-32.9150744366117,-38.,2.));
#6692=CARTESIAN_POINT('',(-5.50499581784596,-40.,2.));
#6693=CARTESIAN_POINT('Origin',(-32.9150744366116,-60.,2.));
#6694=CARTESIAN_POINT('',(-50.6204520345657,-50.6984085171479,2.));
#6695=CARTESIAN_POINT('Origin',(-52.3909897943611,-49.7682493688627,2.));
#6696=CARTESIAN_POINT('Origin',(-32.9150744366116,-60.,2.));
#6697=CARTESIAN_POINT('Origin',(-60.8235934261241,-65.8195274441778,2.));
#6698=CARTESIAN_POINT('',(-59.0530556663286,-66.749686592463,2.));
#6699=CARTESIAN_POINT('Origin',(-104.046433472091,-152.393605154898,0.));
#6700=CARTESIAN_POINT('',(-50.6204520345657,-50.6984085171479,8.));
#6701=CARTESIAN_POINT('',(-50.6204520345657,-50.6984085171479,0.));
#6702=CARTESIAN_POINT('',(-59.0530556663286,-66.749686592463,8.));
#6703=CARTESIAN_POINT('Origin',(-32.9150744366116,-60.,0.));
#6704=CARTESIAN_POINT('',(-32.9150744366117,-40.,8.));
#6705=CARTESIAN_POINT('',(-32.9150744366117,-40.,0.));
#6706=CARTESIAN_POINT('Origin',(-32.9150744366116,-60.,8.));
#6707=CARTESIAN_POINT('Origin',(-32.9150744366117,-40.,0.));
#6708=CARTESIAN_POINT('',(38.2858887287776,-40.,8.));
#6709=CARTESIAN_POINT('',(38.2858887287776,-40.,0.));
#6710=CARTESIAN_POINT('',(-5.50499581784596,-40.,8.));
#6711=CARTESIAN_POINT('Origin',(38.2858887287775,-70.0000000000001,0.));
#6712=CARTESIAN_POINT('',(58.614644535898,-47.9377769176706,8.));
#6713=CARTESIAN_POINT('',(58.614644535898,-47.9377769176706,0.));
#6714=CARTESIAN_POINT('Origin',(38.2858887287775,-70.0000000000001,8.));
#6715=CARTESIAN_POINT('Origin',(58.614644535898,-47.9377769176706,0.));
#6716=CARTESIAN_POINT('',(36.7435060306612,-27.7850918397658,8.));
#6717=CARTESIAN_POINT('Origin',(-60.8235934261241,-65.8195274441778,8.));
#6718=CARTESIAN_POINT('Origin',(-52.3909897943611,-49.7682493688627,8.));
#6719=CARTESIAN_POINT('Origin',(-32.9150744366116,-60.,8.));
#6720=CARTESIAN_POINT('Origin',(-32.9150744366117,-38.,8.));
#6721=CARTESIAN_POINT('Origin',(-5.50499581784596,-38.,8.));
#6722=CARTESIAN_POINT('Origin',(38.2858887287776,-38.,8.));
#6723=CARTESIAN_POINT('Origin',(38.2858887287775,-70.0000000000001,8.));
#6724=CARTESIAN_POINT('Origin',(59.9698949230394,-46.4669620455153,8.));
#6725=CARTESIAN_POINT('Origin',(38.0987564178025,-26.3142769676105,8.));
#6726=CARTESIAN_POINT('Origin',(-120.741602366569,-143.263114494309,0.));
#6727=CARTESIAN_POINT('',(-122.341602366569,-143.263114494309,0.));
#6728=CARTESIAN_POINT('Origin',(-75.,-35.,0.));
#6729=CARTESIAN_POINT('',(-76.6,-35.,0.));
#6730=CARTESIAN_POINT('Origin',(75.,35.,0.));
#6731=CARTESIAN_POINT('',(73.4,35.,0.));
#6732=CARTESIAN_POINT('Origin',(-111.54241719908,-153.06151192727,0.));
#6733=CARTESIAN_POINT('',(-113.14241719908,-153.06151192727,0.));
#6734=CARTESIAN_POINT('Origin',(165.111270702053,-134.353114494309,0.));
#6735=CARTESIAN_POINT('',(163.511270702053,-134.353114494309,0.));
#6736=CARTESIAN_POINT('Origin',(-121.338544505228,-162.263114494309,0.));
#6737=CARTESIAN_POINT('',(-122.938544505229,-162.263114494309,0.));
#6738=CARTESIAN_POINT('Origin',(75.,-35.,0.));
#6739=CARTESIAN_POINT('',(73.4,-35.,0.));
#6740=CARTESIAN_POINT('Origin',(165.111270702053,134.353114494309,0.));
#6741=CARTESIAN_POINT('',(163.511270702053,134.353114494309,0.));
#6742=CARTESIAN_POINT('Origin',(174.352813742386,-124.594657534641,0.));
#6743=CARTESIAN_POINT('',(172.752813742386,-124.594657534641,0.));
#6744=CARTESIAN_POINT('Origin',(164.594356782718,-115.353114494309,0.));
#6745=CARTESIAN_POINT('',(162.994356782718,-115.353114494309,0.));
#6746=CARTESIAN_POINT('Origin',(164.85258280092,-124.853114494309,0.));
#6747=CARTESIAN_POINT('',(159.85258280092,-124.853114494309,0.));
#6748=CARTESIAN_POINT('Origin',(155.352813742386,-125.111571453977,0.));
#6749=CARTESIAN_POINT('',(153.752813742386,-125.111571453977,0.));
#6750=CARTESIAN_POINT('Origin',(-120.741602366569,143.263114494309,0.));
#6751=CARTESIAN_POINT('',(-122.341602366569,143.263114494309,0.));
#6752=CARTESIAN_POINT('Origin',(-121.04241719908,-152.763114494309,0.));
#6753=CARTESIAN_POINT('',(-126.04241719908,-152.763114494309,0.));
#6754=CARTESIAN_POINT('Origin',(174.84983169944,114.277668585435,0.));
#6755=CARTESIAN_POINT('',(168.099923775662,121.051170702804,0.));
#6756=CARTESIAN_POINT('',(174.84983169944,114.277668585435,0.));
#6757=CARTESIAN_POINT('Origin',(168.099940214599,121.051184743798,0.));
#6758=CARTESIAN_POINT('',(168.099940214599,121.051184743798,0.));
#6759=CARTESIAN_POINT('Origin',(164.85258280092,124.853114494309,0.));
#6760=CARTESIAN_POINT('Origin',(-75.,35.,0.));
#6761=CARTESIAN_POINT('',(-76.6,35.,0.));
#6762=CARTESIAN_POINT('Origin',(-130.537729672717,152.464717061348,0.));
#6763=CARTESIAN_POINT('',(-132.137729672717,152.464717061348,0.));
#6764=CARTESIAN_POINT('Origin',(-121.04241719908,152.763114494309,0.));
#6765=CARTESIAN_POINT('',(-126.04241719908,152.763114494309,0.));
#6766=CARTESIAN_POINT('Origin',(164.594356782718,115.353114494309,0.));
#6767=CARTESIAN_POINT('',(162.994356782718,115.353114494309,0.));
#6768=CARTESIAN_POINT('Origin',(-121.338544505228,162.263114494309,0.));
#6769=CARTESIAN_POINT('',(-122.938544505229,162.263114494309,0.));
#6770=CARTESIAN_POINT('Origin',(-130.537729672717,-152.464717061348,0.));
#6771=CARTESIAN_POINT('',(-132.137729672717,-152.464717061348,0.));
#6772=CARTESIAN_POINT('Origin',(174.352813742386,124.594657534641,0.));
#6773=CARTESIAN_POINT('',(172.752813742386,124.594657534641,0.));
#6774=CARTESIAN_POINT('Origin',(155.352813742386,125.111571453977,0.));
#6775=CARTESIAN_POINT('',(153.752813742386,125.111571453977,0.));
#6776=CARTESIAN_POINT('Origin',(-111.54241719908,153.06151192727,0.));
#6777=CARTESIAN_POINT('',(-113.14241719908,153.06151192727,0.));
#6778=UNCERTAINTY_MEASURE_WITH_UNIT(LENGTH_MEASURE(0.01),#6782,
'DISTANCE_ACCURACY_VALUE',
'Maximum model space distance between geometric entities at asserted c
onnectivities');
#6779=UNCERTAINTY_MEASURE_WITH_UNIT(LENGTH_MEASURE(0.01),#6782,
'DISTANCE_ACCURACY_VALUE',
'Maximum model space distance between geometric entities at asserted c
onnectivities');
#6780=(
GEOMETRIC_REPRESENTATION_CONTEXT(3)
GLOBAL_UNCERTAINTY_ASSIGNED_CONTEXT((#6778))
GLOBAL_UNIT_ASSIGNED_CONTEXT((#6782,#6784,#6785))
REPRESENTATION_CONTEXT('','3D')
);
#6781=(
GEOMETRIC_REPRESENTATION_CONTEXT(3)
GLOBAL_UNCERTAINTY_ASSIGNED_CONTEXT((#6779))
GLOBAL_UNIT_ASSIGNED_CONTEXT((#6782,#6784,#6785))
REPRESENTATION_CONTEXT('','3D')
);
#6782=(
LENGTH_UNIT()
NAMED_UNIT(*)
SI_UNIT(.MILLI.,.METRE.)
);
#6783=(
LENGTH_UNIT()
NAMED_UNIT(*)
SI_UNIT($,.METRE.)
);
#6784=(
NAMED_UNIT(*)
PLANE_ANGLE_UNIT()
SI_UNIT($,.RADIAN.)
);
#6785=(
NAMED_UNIT(*)
SI_UNIT($,.STERADIAN.)
SOLID_ANGLE_UNIT()
);
#6786=SHAPE_DEFINITION_REPRESENTATION(#6787,#6788);
#6787=PRODUCT_DEFINITION_SHAPE('',$,#6790);
#6788=SHAPE_REPRESENTATION('',(#3719),#6780);
#6789=PRODUCT_DEFINITION_CONTEXT('part definition',#6794,'design');
#6790=PRODUCT_DEFINITION('2026-03-21-19-58-38-952','Main frame v12',#6791,
#6789);
#6791=PRODUCT_DEFINITION_FORMATION('',$,#6796);
#6792=PRODUCT_RELATED_PRODUCT_CATEGORY('Main frame v12',
'Main frame v12',(#6796));
#6793=APPLICATION_PROTOCOL_DEFINITION('international standard',
'automotive_design',2009,#6794);
#6794=APPLICATION_CONTEXT(
'Core Data for Automotive Mechanical Design Process');
#6795=PRODUCT_CONTEXT('part definition',#6794,'mechanical');
#6796=PRODUCT('2026-03-21-19-58-38-952','Main frame v12',$,(#6795));
#6797=PRESENTATION_STYLE_ASSIGNMENT((#6799));
#6798=PRESENTATION_STYLE_ASSIGNMENT((#6800));
#6799=SURFACE_STYLE_USAGE(.BOTH.,#6801);
#6800=SURFACE_STYLE_USAGE(.BOTH.,#6802);
#6801=SURFACE_SIDE_STYLE('',(#6803));
#6802=SURFACE_SIDE_STYLE('',(#6804));
#6803=SURFACE_STYLE_FILL_AREA(#6805);
#6804=SURFACE_STYLE_FILL_AREA(#6806);
#6805=FILL_AREA_STYLE('Steel - Satin',(#6807));
#6806=FILL_AREA_STYLE('Steel - Satin',(#6808));
#6807=FILL_AREA_STYLE_COLOUR('Steel - Satin',#6809);
#6808=FILL_AREA_STYLE_COLOUR('Steel - Satin',#6810);
#6809=COLOUR_RGB('Steel - Satin',0.627450980392157,0.627450980392157,0.627450980392157);
#6810=COLOUR_RGB('Steel - Satin',0.623529411764706,0.623529411764706,0.623529411764706);
ENDSEC;
END-ISO-10303-21;
