ISO-10303-21;
HEADER;
/* Generated by software containing ST-Developer
 * from STEP Tools, Inc. (www.steptools.com) 
 */

FILE_DESCRIPTION(
/* description */ (''),
/* implementation_level */ '2;1');

FILE_NAME(
/* name */ 'baeea6fc-0cd4-4039-84be-3c191ac7e8e4.stp',
/* time_stamp */ '2026-06-11T14:03:08Z',
/* author */ (''),
/* organization */ (''),
/* preprocessor_version */ 'ST-DEVELOPER v20.1',
/* originating_system */ 'Autodesk Translation Framework v15.8.0.0',
/* authorisation */ '');

FILE_SCHEMA (('AUTOMOTIVE_DESIGN { 1 0 10303 214 3 1 1 }'));
ENDSEC;

DATA;
#10=MECHANICAL_DESIGN_GEOMETRIC_PRESENTATION_REPRESENTATION('',(#13),#3787);
#11=SHAPE_REPRESENTATION_RELATIONSHIP('SRR','None',#3794,#12);
#12=ADVANCED_BREP_SHAPE_REPRESENTATION('',(#14),#3786);
#13=STYLED_ITEM('',(#3803),#14);
#14=MANIFOLD_SOLID_BREP('Body14',#2043);
#15=SPHERICAL_SURFACE('',#2168,2.);
#16=SPHERICAL_SURFACE('',#2175,2.);
#17=SPHERICAL_SURFACE('',#2221,2.);
#18=B_SPLINE_CURVE_WITH_KNOTS('',3,(#3514,#3515,#3516,#3517,#3518,#3519,
#3520,#3521,#3522,#3523,#3524,#3525,#3526,#3527,#3528,#3529,#3530,#3531,
#3532,#3533,#3534,#3535,#3536,#3537,#3538,#3539,#3540,#3541,#3542,#3543,
#3544,#3545,#3546,#3547,#3548,#3549,#3550,#3551,#3552,#3553,#3554,#3555,
#3556),.UNSPECIFIED.,.F.,.F.,(4,3,3,3,3,3,3,3,3,3,3,3,3,3,4),(0.,0.111855097774088,
0.223706492846564,0.335554458959891,0.447399269768037,0.559241198843524,
0.671080519684371,0.783545994080316,0.895401219434443,1.0072492948481,1.11909131500537,
1.23201956496701,1.34386776846667,1.4573360416593,1.57080431485193),
 .UNSPECIFIED.);
#19=FACE_BOUND('',#285,.T.);
#20=FACE_BOUND('',#325,.T.);
#21=B_SPLINE_SURFACE_WITH_KNOTS('',3,3,((#3152,#3153,#3154,#3155,#3156,
#3157),(#3158,#3159,#3160,#3161,#3162,#3163),(#3164,#3165,#3166,#3167,#3168,
#3169),(#3170,#3171,#3172,#3173,#3174,#3175),(#3176,#3177,#3178,#3179,#3180,
#3181)),.UNSPECIFIED.,.F.,.F.,.F.,(4,1,4),(4,1,1,4),(0.,0.571428571428571,
1.),(-1.5707963267949,-0.897597901025655,-0.448798950512827,5.36869764181526E-17),
 .UNSPECIFIED.);
#22=B_SPLINE_SURFACE_WITH_KNOTS('',3,3,((#3194,#3195,#3196,#3197,#3198,
#3199,#3200),(#3201,#3202,#3203,#3204,#3205,#3206,#3207),(#3208,#3209,#3210,
#3211,#3212,#3213,#3214),(#3215,#3216,#3217,#3218,#3219,#3220,#3221),(#3222,
#3223,#3224,#3225,#3226,#3227,#3228)),.UNSPECIFIED.,.F.,.F.,.F.,(4,1,4),
(4,1,1,1,4),(0.,0.571428571428571,1.),(-2.76056180232964E-17,0.448798950512828,
0.673198425769241,1.12199737628207,1.5707963267949),.UNSPECIFIED.);
#23=B_SPLINE_SURFACE_WITH_KNOTS('',3,3,((#3248,#3249,#3250,#3251,#3252,
#3253),(#3254,#3255,#3256,#3257,#3258,#3259),(#3260,#3261,#3262,#3263,#3264,
#3265),(#3266,#3267,#3268,#3269,#3270,#3271),(#3272,#3273,#3274,#3275,#3276,
#3277)),.UNSPECIFIED.,.F.,.F.,.F.,(4,1,4),(4,1,1,4),(0.,0.571428571428571,
1.),(-1.5707963267949,-0.897597901025655,-0.448798950512828,6.90140450582461E-18),
 .UNSPECIFIED.);
#24=B_SPLINE_SURFACE_WITH_KNOTS('',3,3,((#3287,#3288,#3289,#3290,#3291,
#3292,#3293),(#3294,#3295,#3296,#3297,#3298,#3299,#3300),(#3301,#3302,#3303,
#3304,#3305,#3306,#3307),(#3308,#3309,#3310,#3311,#3312,#3313,#3314),(#3315,
#3316,#3317,#3318,#3319,#3320,#3321)),.UNSPECIFIED.,.F.,.F.,.F.,(4,1,4),
(4,1,1,1,4),(0.,0.571428571428571,1.),(-6.90140450582294E-18,0.224399475256414,
0.673198425769241,1.12199737628207,1.5707963267949),.UNSPECIFIED.);
#25=B_SPLINE_SURFACE_WITH_KNOTS('',3,3,((#3333,#3334,#3335,#3336,#3337,
#3338,#3339),(#3340,#3341,#3342,#3343,#3344,#3345,#3346),(#3347,#3348,#3349,
#3350,#3351,#3352,#3353),(#3354,#3355,#3356,#3357,#3358,#3359,#3360),(#3361,
#3362,#3363,#3364,#3365,#3366,#3367)),.UNSPECIFIED.,.F.,.F.,.F.,(4,1,4),
(4,1,1,1,4),(0.,0.571428571428571,1.),(-1.5707963267949,-1.12199737628207,
-0.673198425769241,-0.224399475256413,1.16871804271727E-15),
 .UNSPECIFIED.);
#26=B_SPLINE_SURFACE_WITH_KNOTS('',3,3,((#3377,#3378,#3379,#3380,#3381,
#3382,#3383),(#3384,#3385,#3386,#3387,#3388,#3389,#3390),(#3391,#3392,#3393,
#3394,#3395,#3396,#3397),(#3398,#3399,#3400,#3401,#3402,#3403,#3404),(#3405,
#3406,#3407,#3408,#3409,#3410,#3411)),.UNSPECIFIED.,.F.,.F.,.F.,(4,1,4),
(4,1,1,1,4),(0.,0.571428571428571,1.),(-1.57382243785144E-14,0.2243994752564,
0.673198425769232,1.12199737628206,1.5707963267949),.UNSPECIFIED.);
#27=B_SPLINE_SURFACE_WITH_KNOTS('',3,3,((#3421,#3422,#3423,#3424,#3425,
#3426),(#3427,#3428,#3429,#3430,#3431,#3432),(#3433,#3434,#3435,#3436,#3437,
#3438),(#3439,#3440,#3441,#3442,#3443,#3444),(#3445,#3446,#3447,#3448,#3449,
#3450)),.UNSPECIFIED.,.F.,.F.,.F.,(4,1,4),(4,1,1,4),(0.,0.571428571428571,
1.),(-1.5707963267949,-0.897597901025655,-0.448798950512828,5.55111512312578E-17),
 .UNSPECIFIED.);
#28=B_SPLINE_SURFACE_WITH_KNOTS('',3,3,((#3459,#3460,#3461,#3462,#3463,
#3464),(#3465,#3466,#3467,#3468,#3469,#3470),(#3471,#3472,#3473,#3474,#3475,
#3476),(#3477,#3478,#3479,#3480,#3481,#3482),(#3483,#3484,#3485,#3486,#3487,
#3488)),.UNSPECIFIED.,.F.,.F.,.F.,(4,1,4),(4,1,1,4),(0.,0.571428571428571,
1.),(-1.5707963267949,-0.897597901025655,-0.448798950512828,5.55111512312578E-17),
 .UNSPECIFIED.);
#29=CIRCLE('',#2108,2.);
#30=CIRCLE('',#2112,2.);
#31=CIRCLE('',#2122,2.);
#32=CIRCLE('',#2123,1.99999999999998);
#33=CIRCLE('',#2127,2.);
#34=CIRCLE('',#2135,2.00000000000003);
#35=CIRCLE('',#2138,2.);
#36=CIRCLE('',#2144,2.00000000000001);
#37=CIRCLE('',#2148,2.);
#38=CIRCLE('',#2153,2.00000000000003);
#39=CIRCLE('',#2156,2.);
#40=CIRCLE('',#2167,1.99999999999999);
#41=CIRCLE('',#2169,2.);
#42=CIRCLE('',#2170,2.);
#43=CIRCLE('',#2172,2.00000000000001);
#44=CIRCLE('',#2174,2.00000000000001);
#45=CIRCLE('',#2176,2.);
#46=CIRCLE('',#2184,2.00000008309587);
#47=CIRCLE('',#2188,2.);
#48=CIRCLE('',#2189,2.);
#49=CIRCLE('',#2190,2.00000008309587);
#50=CIRCLE('',#2198,2.00000008309587);
#51=CIRCLE('',#2201,2.00000008309587);
#52=CIRCLE('',#2202,2.);
#53=CIRCLE('',#2203,2.);
#54=CIRCLE('',#2212,2.00000008309587);
#55=CIRCLE('',#2213,2.00000008309587);
#56=CIRCLE('',#2216,1.99999999999999);
#57=CIRCLE('',#2220,1.99999999999999);
#58=CIRCLE('',#2222,1.97076490328872);
#59=CIRCLE('',#2223,2.);
#60=CYLINDRICAL_SURFACE('',#2082,2.);
#61=CYLINDRICAL_SURFACE('',#2086,2.);
#62=CYLINDRICAL_SURFACE('',#2097,2.);
#63=CYLINDRICAL_SURFACE('',#2098,2.);
#64=CYLINDRICAL_SURFACE('',#2101,2.);
#65=CYLINDRICAL_SURFACE('',#2103,2.);
#66=CYLINDRICAL_SURFACE('',#2105,2.);
#67=CYLINDRICAL_SURFACE('',#2109,2.);
#68=CYLINDRICAL_SURFACE('',#2121,2.);
#69=CYLINDRICAL_SURFACE('',#2126,2.);
#70=CYLINDRICAL_SURFACE('',#2131,2.);
#71=CYLINDRICAL_SURFACE('',#2133,2.);
#72=CYLINDRICAL_SURFACE('',#2137,2.);
#73=CYLINDRICAL_SURFACE('',#2142,2.);
#74=CYLINDRICAL_SURFACE('',#2147,2.);
#75=CYLINDRICAL_SURFACE('',#2150,2.);
#76=CYLINDRICAL_SURFACE('',#2151,2.);
#77=CYLINDRICAL_SURFACE('',#2155,2.);
#78=CYLINDRICAL_SURFACE('',#2158,2.);
#79=CYLINDRICAL_SURFACE('',#2160,2.);
#80=CYLINDRICAL_SURFACE('',#2163,2.);
#81=CYLINDRICAL_SURFACE('',#2166,2.);
#82=CYLINDRICAL_SURFACE('',#2171,2.);
#83=CYLINDRICAL_SURFACE('',#2173,2.);
#84=CYLINDRICAL_SURFACE('',#2177,2.);
#85=CYLINDRICAL_SURFACE('',#2180,2.);
#86=CYLINDRICAL_SURFACE('',#2183,2.);
#87=CYLINDRICAL_SURFACE('',#2191,2.);
#88=CYLINDRICAL_SURFACE('',#2194,2.);
#89=CYLINDRICAL_SURFACE('',#2196,2.);
#90=CYLINDRICAL_SURFACE('',#2204,2.);
#91=CYLINDRICAL_SURFACE('',#2206,2.);
#92=CYLINDRICAL_SURFACE('',#2208,2.);
#93=CYLINDRICAL_SURFACE('',#2210,2.);
#94=CYLINDRICAL_SURFACE('',#2214,2.);
#95=CYLINDRICAL_SURFACE('',#2217,2.);
#96=CYLINDRICAL_SURFACE('',#2219,2.);
#97=CYLINDRICAL_SURFACE('',#2224,2.);
#98=CYLINDRICAL_SURFACE('',#2228,2.);
#99=CYLINDRICAL_SURFACE('',#2233,2.);
#100=CYLINDRICAL_SURFACE('',#2235,2.);
#101=CYLINDRICAL_SURFACE('',#2237,2.);
#102=CYLINDRICAL_SURFACE('',#2239,2.);
#103=CYLINDRICAL_SURFACE('',#2241,2.);
#104=CYLINDRICAL_SURFACE('',#2242,2.);
#105=CYLINDRICAL_SURFACE('',#2244,2.);
#106=CYLINDRICAL_SURFACE('',#2247,2.);
#107=CYLINDRICAL_SURFACE('',#2249,2.);
#108=CYLINDRICAL_SURFACE('',#2253,2.);
#109=CYLINDRICAL_SURFACE('',#2255,2.);
#110=CYLINDRICAL_SURFACE('',#2256,2.);
#111=CYLINDRICAL_SURFACE('',#2258,2.);
#112=CYLINDRICAL_SURFACE('',#2259,2.);
#113=CYLINDRICAL_SURFACE('',#2260,2.);
#114=CYLINDRICAL_SURFACE('',#2263,2.);
#115=CYLINDRICAL_SURFACE('',#2266,2.);
#116=CYLINDRICAL_SURFACE('',#2267,2.);
#117=FACE_OUTER_BOUND('',#232,.T.);
#118=FACE_OUTER_BOUND('',#233,.T.);
#119=FACE_OUTER_BOUND('',#234,.T.);
#120=FACE_OUTER_BOUND('',#235,.T.);
#121=FACE_OUTER_BOUND('',#236,.T.);
#122=FACE_OUTER_BOUND('',#237,.T.);
#123=FACE_OUTER_BOUND('',#238,.T.);
#124=FACE_OUTER_BOUND('',#239,.T.);
#125=FACE_OUTER_BOUND('',#240,.T.);
#126=FACE_OUTER_BOUND('',#241,.T.);
#127=FACE_OUTER_BOUND('',#242,.T.);
#128=FACE_OUTER_BOUND('',#243,.T.);
#129=FACE_OUTER_BOUND('',#244,.T.);
#130=FACE_OUTER_BOUND('',#245,.T.);
#131=FACE_OUTER_BOUND('',#246,.T.);
#132=FACE_OUTER_BOUND('',#247,.T.);
#133=FACE_OUTER_BOUND('',#248,.T.);
#134=FACE_OUTER_BOUND('',#249,.T.);
#135=FACE_OUTER_BOUND('',#250,.T.);
#136=FACE_OUTER_BOUND('',#251,.T.);
#137=FACE_OUTER_BOUND('',#252,.T.);
#138=FACE_OUTER_BOUND('',#253,.T.);
#139=FACE_OUTER_BOUND('',#254,.T.);
#140=FACE_OUTER_BOUND('',#255,.T.);
#141=FACE_OUTER_BOUND('',#256,.T.);
#142=FACE_OUTER_BOUND('',#257,.T.);
#143=FACE_OUTER_BOUND('',#258,.T.);
#144=FACE_OUTER_BOUND('',#259,.T.);
#145=FACE_OUTER_BOUND('',#260,.T.);
#146=FACE_OUTER_BOUND('',#261,.T.);
#147=FACE_OUTER_BOUND('',#262,.T.);
#148=FACE_OUTER_BOUND('',#263,.T.);
#149=FACE_OUTER_BOUND('',#264,.T.);
#150=FACE_OUTER_BOUND('',#265,.T.);
#151=FACE_OUTER_BOUND('',#266,.T.);
#152=FACE_OUTER_BOUND('',#267,.T.);
#153=FACE_OUTER_BOUND('',#268,.T.);
#154=FACE_OUTER_BOUND('',#269,.T.);
#155=FACE_OUTER_BOUND('',#270,.T.);
#156=FACE_OUTER_BOUND('',#271,.T.);
#157=FACE_OUTER_BOUND('',#272,.T.);
#158=FACE_OUTER_BOUND('',#273,.T.);
#159=FACE_OUTER_BOUND('',#274,.T.);
#160=FACE_OUTER_BOUND('',#275,.T.);
#161=FACE_OUTER_BOUND('',#276,.T.);
#162=FACE_OUTER_BOUND('',#277,.T.);
#163=FACE_OUTER_BOUND('',#278,.T.);
#164=FACE_OUTER_BOUND('',#279,.T.);
#165=FACE_OUTER_BOUND('',#280,.T.);
#166=FACE_OUTER_BOUND('',#281,.T.);
#167=FACE_OUTER_BOUND('',#282,.T.);
#168=FACE_OUTER_BOUND('',#283,.T.);
#169=FACE_OUTER_BOUND('',#284,.T.);
#170=FACE_OUTER_BOUND('',#286,.T.);
#171=FACE_OUTER_BOUND('',#287,.T.);
#172=FACE_OUTER_BOUND('',#288,.T.);
#173=FACE_OUTER_BOUND('',#289,.T.);
#174=FACE_OUTER_BOUND('',#290,.T.);
#175=FACE_OUTER_BOUND('',#291,.T.);
#176=FACE_OUTER_BOUND('',#292,.T.);
#177=FACE_OUTER_BOUND('',#293,.T.);
#178=FACE_OUTER_BOUND('',#294,.T.);
#179=FACE_OUTER_BOUND('',#295,.T.);
#180=FACE_OUTER_BOUND('',#296,.T.);
#181=FACE_OUTER_BOUND('',#297,.T.);
#182=FACE_OUTER_BOUND('',#298,.T.);
#183=FACE_OUTER_BOUND('',#299,.T.);
#184=FACE_OUTER_BOUND('',#300,.T.);
#185=FACE_OUTER_BOUND('',#301,.T.);
#186=FACE_OUTER_BOUND('',#302,.T.);
#187=FACE_OUTER_BOUND('',#303,.T.);
#188=FACE_OUTER_BOUND('',#304,.T.);
#189=FACE_OUTER_BOUND('',#305,.T.);
#190=FACE_OUTER_BOUND('',#306,.T.);
#191=FACE_OUTER_BOUND('',#307,.T.);
#192=FACE_OUTER_BOUND('',#308,.T.);
#193=FACE_OUTER_BOUND('',#309,.T.);
#194=FACE_OUTER_BOUND('',#310,.T.);
#195=FACE_OUTER_BOUND('',#311,.T.);
#196=FACE_OUTER_BOUND('',#312,.T.);
#197=FACE_OUTER_BOUND('',#313,.T.);
#198=FACE_OUTER_BOUND('',#314,.T.);
#199=FACE_OUTER_BOUND('',#315,.T.);
#200=FACE_OUTER_BOUND('',#316,.T.);
#201=FACE_OUTER_BOUND('',#317,.T.);
#202=FACE_OUTER_BOUND('',#318,.T.);
#203=FACE_OUTER_BOUND('',#319,.T.);
#204=FACE_OUTER_BOUND('',#320,.T.);
#205=FACE_OUTER_BOUND('',#321,.T.);
#206=FACE_OUTER_BOUND('',#322,.T.);
#207=FACE_OUTER_BOUND('',#323,.T.);
#208=FACE_OUTER_BOUND('',#324,.T.);
#209=FACE_OUTER_BOUND('',#326,.T.);
#210=FACE_OUTER_BOUND('',#327,.T.);
#211=FACE_OUTER_BOUND('',#328,.T.);
#212=FACE_OUTER_BOUND('',#329,.T.);
#213=FACE_OUTER_BOUND('',#330,.T.);
#214=FACE_OUTER_BOUND('',#331,.T.);
#215=FACE_OUTER_BOUND('',#332,.T.);
#216=FACE_OUTER_BOUND('',#333,.T.);
#217=FACE_OUTER_BOUND('',#334,.T.);
#218=FACE_OUTER_BOUND('',#335,.T.);
#219=FACE_OUTER_BOUND('',#336,.T.);
#220=FACE_OUTER_BOUND('',#337,.T.);
#221=FACE_OUTER_BOUND('',#338,.T.);
#222=FACE_OUTER_BOUND('',#339,.T.);
#223=FACE_OUTER_BOUND('',#340,.T.);
#224=FACE_OUTER_BOUND('',#341,.T.);
#225=FACE_OUTER_BOUND('',#342,.T.);
#226=FACE_OUTER_BOUND('',#343,.T.);
#227=FACE_OUTER_BOUND('',#344,.T.);
#228=FACE_OUTER_BOUND('',#345,.T.);
#229=FACE_OUTER_BOUND('',#346,.T.);
#230=FACE_OUTER_BOUND('',#347,.T.);
#231=FACE_OUTER_BOUND('',#348,.T.);
#232=EDGE_LOOP('',(#1285,#1286,#1287,#1288));
#233=EDGE_LOOP('',(#1289,#1290,#1291,#1292));
#234=EDGE_LOOP('',(#1293,#1294,#1295,#1296));
#235=EDGE_LOOP('',(#1297,#1298,#1299,#1300,#1301,#1302));
#236=EDGE_LOOP('',(#1303,#1304,#1305,#1306,#1307,#1308));
#237=EDGE_LOOP('',(#1309,#1310,#1311,#1312,#1313,#1314,#1315,#1316,#1317,
#1318,#1319,#1320,#1321,#1322,#1323,#1324,#1325,#1326,#1327,#1328,#1329,
#1330));
#238=EDGE_LOOP('',(#1331,#1332,#1333,#1334));
#239=EDGE_LOOP('',(#1335,#1336,#1337,#1338,#1339,#1340));
#240=EDGE_LOOP('',(#1341,#1342,#1343,#1344));
#241=EDGE_LOOP('',(#1345,#1346,#1347,#1348,#1349,#1350));
#242=EDGE_LOOP('',(#1351,#1352,#1353,#1354,#1355,#1356,#1357,#1358,#1359));
#243=EDGE_LOOP('',(#1360,#1361,#1362,#1363,#1364));
#244=EDGE_LOOP('',(#1365,#1366,#1367));
#245=EDGE_LOOP('',(#1368,#1369,#1370));
#246=EDGE_LOOP('',(#1371,#1372,#1373,#1374,#1375));
#247=EDGE_LOOP('',(#1376,#1377,#1378));
#248=EDGE_LOOP('',(#1379,#1380,#1381,#1382));
#249=EDGE_LOOP('',(#1383,#1384,#1385,#1386,#1387,#1388,#1389,#1390,#1391,
#1392,#1393,#1394,#1395,#1396,#1397,#1398,#1399));
#250=EDGE_LOOP('',(#1400,#1401,#1402));
#251=EDGE_LOOP('',(#1403,#1404,#1405,#1406));
#252=EDGE_LOOP('',(#1407,#1408,#1409,#1410));
#253=EDGE_LOOP('',(#1411,#1412,#1413,#1414,#1415,#1416,#1417,#1418,#1419,
#1420,#1421,#1422,#1423,#1424,#1425,#1426,#1427));
#254=EDGE_LOOP('',(#1428,#1429,#1430,#1431));
#255=EDGE_LOOP('',(#1432,#1433,#1434,#1435,#1436,#1437,#1438,#1439,#1440,
#1441,#1442));
#256=EDGE_LOOP('',(#1443,#1444,#1445,#1446,#1447));
#257=EDGE_LOOP('',(#1448,#1449,#1450,#1451,#1452));
#258=EDGE_LOOP('',(#1453,#1454,#1455,#1456,#1457));
#259=EDGE_LOOP('',(#1458,#1459,#1460,#1461,#1462));
#260=EDGE_LOOP('',(#1463,#1464,#1465,#1466));
#261=EDGE_LOOP('',(#1467,#1468,#1469));
#262=EDGE_LOOP('',(#1470,#1471,#1472,#1473));
#263=EDGE_LOOP('',(#1474,#1475,#1476));
#264=EDGE_LOOP('',(#1477,#1478,#1479,#1480));
#265=EDGE_LOOP('',(#1481,#1482,#1483,#1484));
#266=EDGE_LOOP('',(#1485,#1486,#1487,#1488));
#267=EDGE_LOOP('',(#1489,#1490,#1491));
#268=EDGE_LOOP('',(#1492,#1493,#1494,#1495));
#269=EDGE_LOOP('',(#1496,#1497,#1498));
#270=EDGE_LOOP('',(#1499,#1500,#1501,#1502));
#271=EDGE_LOOP('',(#1503,#1504,#1505,#1506));
#272=EDGE_LOOP('',(#1507,#1508,#1509));
#273=EDGE_LOOP('',(#1510,#1511,#1512,#1513));
#274=EDGE_LOOP('',(#1514,#1515,#1516));
#275=EDGE_LOOP('',(#1517,#1518,#1519,#1520));
#276=EDGE_LOOP('',(#1521,#1522,#1523,#1524));
#277=EDGE_LOOP('',(#1525,#1526,#1527));
#278=EDGE_LOOP('',(#1528,#1529,#1530,#1531));
#279=EDGE_LOOP('',(#1532,#1533,#1534));
#280=EDGE_LOOP('',(#1535,#1536,#1537,#1538));
#281=EDGE_LOOP('',(#1539,#1540,#1541,#1542));
#282=EDGE_LOOP('',(#1543,#1544,#1545,#1546));
#283=EDGE_LOOP('',(#1547,#1548,#1549,#1550));
#284=EDGE_LOOP('',(#1551,#1552,#1553,#1554));
#285=EDGE_LOOP('',(#1555,#1556,#1557,#1558));
#286=EDGE_LOOP('',(#1559,#1560,#1561,#1562));
#287=EDGE_LOOP('',(#1563,#1564,#1565,#1566));
#288=EDGE_LOOP('',(#1567,#1568,#1569));
#289=EDGE_LOOP('',(#1570,#1571,#1572,#1573));
#290=EDGE_LOOP('',(#1574,#1575,#1576,#1577));
#291=EDGE_LOOP('',(#1578,#1579,#1580));
#292=EDGE_LOOP('',(#1581,#1582,#1583,#1584));
#293=EDGE_LOOP('',(#1585,#1586,#1587,#1588,#1589,#1590,#1591,#1592));
#294=EDGE_LOOP('',(#1593,#1594,#1595,#1596));
#295=EDGE_LOOP('',(#1597,#1598,#1599,#1600,#1601,#1602));
#296=EDGE_LOOP('',(#1603,#1604,#1605,#1606));
#297=EDGE_LOOP('',(#1607,#1608,#1609,#1610,#1611,#1612));
#298=EDGE_LOOP('',(#1613,#1614,#1615,#1616,#1617,#1618,#1619,#1620));
#299=EDGE_LOOP('',(#1621,#1622,#1623,#1624));
#300=EDGE_LOOP('',(#1625,#1626,#1627,#1628,#1629,#1630,#1631,#1632,#1633,
#1634,#1635,#1636));
#301=EDGE_LOOP('',(#1637,#1638,#1639,#1640));
#302=EDGE_LOOP('',(#1641,#1642,#1643,#1644));
#303=EDGE_LOOP('',(#1645,#1646,#1647,#1648));
#304=EDGE_LOOP('',(#1649,#1650,#1651,#1652,#1653,#1654,#1655,#1656));
#305=EDGE_LOOP('',(#1657,#1658,#1659,#1660));
#306=EDGE_LOOP('',(#1661,#1662,#1663,#1664,#1665,#1666,#1667,#1668,#1669));
#307=EDGE_LOOP('',(#1670,#1671,#1672,#1673));
#308=EDGE_LOOP('',(#1674,#1675,#1676,#1677));
#309=EDGE_LOOP('',(#1678,#1679,#1680,#1681));
#310=EDGE_LOOP('',(#1682,#1683,#1684,#1685,#1686,#1687));
#311=EDGE_LOOP('',(#1688,#1689,#1690));
#312=EDGE_LOOP('',(#1691,#1692,#1693,#1694));
#313=EDGE_LOOP('',(#1695,#1696,#1697,#1698));
#314=EDGE_LOOP('',(#1699,#1700,#1701,#1702));
#315=EDGE_LOOP('',(#1703,#1704,#1705,#1706,#1707));
#316=EDGE_LOOP('',(#1708,#1709,#1710,#1711,#1712,#1713,#1714));
#317=EDGE_LOOP('',(#1715,#1716,#1717,#1718,#1719,#1720));
#318=EDGE_LOOP('',(#1721,#1722,#1723,#1724,#1725,#1726,#1727));
#319=EDGE_LOOP('',(#1728,#1729,#1730,#1731,#1732,#1733));
#320=EDGE_LOOP('',(#1734,#1735,#1736,#1737,#1738,#1739,#1740,#1741,#1742,
#1743,#1744));
#321=EDGE_LOOP('',(#1745,#1746,#1747,#1748));
#322=EDGE_LOOP('',(#1749,#1750,#1751,#1752));
#323=EDGE_LOOP('',(#1753,#1754,#1755,#1756));
#324=EDGE_LOOP('',(#1757,#1758,#1759,#1760));
#325=EDGE_LOOP('',(#1761,#1762,#1763,#1764));
#326=EDGE_LOOP('',(#1765,#1766,#1767,#1768));
#327=EDGE_LOOP('',(#1769,#1770,#1771,#1772));
#328=EDGE_LOOP('',(#1773,#1774,#1775,#1776));
#329=EDGE_LOOP('',(#1777,#1778,#1779,#1780));
#330=EDGE_LOOP('',(#1781,#1782,#1783,#1784));
#331=EDGE_LOOP('',(#1785,#1786,#1787,#1788,#1789,#1790,#1791,#1792));
#332=EDGE_LOOP('',(#1793,#1794,#1795,#1796,#1797,#1798,#1799,#1800,#1801,
#1802));
#333=EDGE_LOOP('',(#1803,#1804,#1805,#1806));
#334=EDGE_LOOP('',(#1807,#1808,#1809,#1810));
#335=EDGE_LOOP('',(#1811,#1812,#1813,#1814));
#336=EDGE_LOOP('',(#1815,#1816,#1817,#1818));
#337=EDGE_LOOP('',(#1819,#1820,#1821,#1822));
#338=EDGE_LOOP('',(#1823,#1824,#1825,#1826));
#339=EDGE_LOOP('',(#1827,#1828,#1829,#1830));
#340=EDGE_LOOP('',(#1831,#1832,#1833,#1834,#1835,#1836,#1837,#1838));
#341=EDGE_LOOP('',(#1839,#1840,#1841,#1842));
#342=EDGE_LOOP('',(#1843,#1844,#1845,#1846));
#343=EDGE_LOOP('',(#1847,#1848,#1849,#1850,#1851));
#344=EDGE_LOOP('',(#1852,#1853,#1854,#1855,#1856));
#345=EDGE_LOOP('',(#1857,#1858,#1859,#1860));
#346=EDGE_LOOP('',(#1861,#1862,#1863,#1864,#1865,#1866,#1867,#1868));
#347=EDGE_LOOP('',(#1869,#1870,#1871,#1872,#1873,#1874,#1875,#1876));
#348=EDGE_LOOP('',(#1877,#1878,#1879,#1880));
#349=LINE('',#2899,#538);
#350=LINE('',#2902,#539);
#351=LINE('',#2908,#540);
#352=LINE('',#2911,#541);
#353=LINE('',#2915,#542);
#354=LINE('',#2917,#543);
#355=LINE('',#2920,#544);
#356=LINE('',#2923,#545);
#357=LINE('',#2927,#546);
#358=LINE('',#2930,#547);
#359=LINE('',#2936,#548);
#360=LINE('',#2938,#549);
#361=LINE('',#2940,#550);
#362=LINE('',#2943,#551);
#363=LINE('',#2948,#552);
#364=LINE('',#2950,#553);
#365=LINE('',#2952,#554);
#366=LINE('',#2954,#555);
#367=LINE('',#2956,#556);
#368=LINE('',#2963,#557);
#369=LINE('',#2967,#558);
#370=LINE('',#2969,#559);
#371=LINE('',#2971,#560);
#372=LINE('',#2973,#561);
#373=LINE('',#2975,#562);
#374=LINE('',#2979,#563);
#375=LINE('',#2987,#564);
#376=LINE('',#2988,#565);
#377=LINE('',#2991,#566);
#378=LINE('',#2995,#567);
#379=LINE('',#2999,#568);
#380=LINE('',#3000,#569);
#381=LINE('',#3005,#570);
#382=LINE('',#3009,#571);
#383=LINE('',#3011,#572);
#384=LINE('',#3013,#573);
#385=LINE('',#3015,#574);
#386=LINE('',#3017,#575);
#387=LINE('',#3019,#576);
#388=LINE('',#3020,#577);
#389=LINE('',#3023,#578);
#390=LINE('',#3025,#579);
#391=LINE('',#3029,#580);
#392=LINE('',#3032,#581);
#393=LINE('',#3035,#582);
#394=LINE('',#3039,#583);
#395=LINE('',#3040,#584);
#396=LINE('',#3042,#585);
#397=LINE('',#3046,#586);
#398=LINE('',#3049,#587);
#399=LINE('',#3051,#588);
#400=LINE('',#3053,#589);
#401=LINE('',#3055,#590);
#402=LINE('',#3057,#591);
#403=LINE('',#3059,#592);
#404=LINE('',#3060,#593);
#405=LINE('',#3062,#594);
#406=LINE('',#3064,#595);
#407=LINE('',#3066,#596);
#408=LINE('',#3068,#597);
#409=LINE('',#3069,#598);
#410=LINE('',#3073,#599);
#411=LINE('',#3076,#600);
#412=LINE('',#3080,#601);
#413=LINE('',#3084,#602);
#414=LINE('',#3086,#603);
#415=LINE('',#3088,#604);
#416=LINE('',#3090,#605);
#417=LINE('',#3091,#606);
#418=LINE('',#3093,#607);
#419=LINE('',#3095,#608);
#420=LINE('',#3097,#609);
#421=LINE('',#3101,#610);
#422=LINE('',#3103,#611);
#423=LINE('',#3105,#612);
#424=LINE('',#3106,#613);
#425=LINE('',#3110,#614);
#426=LINE('',#3113,#615);
#427=LINE('',#3115,#616);
#428=LINE('',#3117,#617);
#429=LINE('',#3119,#618);
#430=LINE('',#3120,#619);
#431=LINE('',#3123,#620);
#432=LINE('',#3127,#621);
#433=LINE('',#3130,#622);
#434=LINE('',#3133,#623);
#435=LINE('',#3138,#624);
#436=LINE('',#3139,#625);
#437=LINE('',#3142,#626);
#438=LINE('',#3144,#627);
#439=LINE('',#3147,#628);
#440=LINE('',#3151,#629);
#441=LINE('',#3190,#630);
#442=LINE('',#3193,#631);
#443=LINE('',#3234,#632);
#444=LINE('',#3236,#633);
#445=LINE('',#3237,#634);
#446=LINE('',#3240,#635);
#447=LINE('',#3244,#636);
#448=LINE('',#3247,#637);
#449=LINE('',#3283,#638);
#450=LINE('',#3286,#639);
#451=LINE('',#3326,#640);
#452=LINE('',#3329,#641);
#453=LINE('',#3332,#642);
#454=LINE('',#3376,#643);
#455=LINE('',#3414,#644);
#456=LINE('',#3417,#645);
#457=LINE('',#3420,#646);
#458=LINE('',#3456,#647);
#459=LINE('',#3458,#648);
#460=LINE('',#3491,#649);
#461=LINE('',#3492,#650);
#462=LINE('',#3495,#651);
#463=LINE('',#3496,#652);
#464=LINE('',#3501,#653);
#465=LINE('',#3503,#654);
#466=LINE('',#3505,#655);
#467=LINE('',#3506,#656);
#468=LINE('',#3511,#657);
#469=LINE('',#3564,#658);
#470=LINE('',#3568,#659);
#471=LINE('',#3570,#660);
#472=LINE('',#3575,#661);
#473=LINE('',#3578,#662);
#474=LINE('',#3580,#663);
#475=LINE('',#3582,#664);
#476=LINE('',#3583,#665);
#477=LINE('',#3587,#666);
#478=LINE('',#3590,#667);
#479=LINE('',#3592,#668);
#480=LINE('',#3594,#669);
#481=LINE('',#3595,#670);
#482=LINE('',#3601,#671);
#483=LINE('',#3604,#672);
#484=LINE('',#3607,#673);
#485=LINE('',#3608,#674);
#486=LINE('',#3610,#675);
#487=LINE('',#3611,#676);
#488=LINE('',#3614,#677);
#489=LINE('',#3618,#678);
#490=LINE('',#3625,#679);
#491=LINE('',#3626,#680);
#492=LINE('',#3629,#681);
#493=LINE('',#3631,#682);
#494=LINE('',#3632,#683);
#495=LINE('',#3634,#684);
#496=LINE('',#3636,#685);
#497=LINE('',#3638,#686);
#498=LINE('',#3640,#687);
#499=LINE('',#3642,#688);
#500=LINE('',#3644,#689);
#501=LINE('',#3645,#690);
#502=LINE('',#3653,#691);
#503=LINE('',#3656,#692);
#504=LINE('',#3658,#693);
#505=LINE('',#3659,#694);
#506=LINE('',#3664,#695);
#507=LINE('',#3668,#696);
#508=LINE('',#3671,#697);
#509=LINE('',#3673,#698);
#510=LINE('',#3674,#699);
#511=LINE('',#3678,#700);
#512=LINE('',#3685,#701);
#513=LINE('',#3705,#702);
#514=LINE('',#3709,#703);
#515=LINE('',#3713,#704);
#516=LINE('',#3716,#705);
#517=LINE('',#3717,#706);
#518=LINE('',#3719,#707);
#519=LINE('',#3721,#708);
#520=LINE('',#3723,#709);
#521=LINE('',#3724,#710);
#522=LINE('',#3728,#711);
#523=LINE('',#3732,#712);
#524=LINE('',#3736,#713);
#525=LINE('',#3738,#714);
#526=LINE('',#3740,#715);
#527=LINE('',#3741,#716);
#528=LINE('',#3743,#717);
#529=LINE('',#3747,#718);
#530=LINE('',#3752,#719);
#531=LINE('',#3755,#720);
#532=LINE('',#3757,#721);
#533=LINE('',#3758,#722);
#534=LINE('',#3761,#723);
#535=LINE('',#3763,#724);
#536=LINE('',#3765,#725);
#537=LINE('',#3774,#726);
#538=VECTOR('',#2278,10.);
#539=VECTOR('',#2281,10.);
#540=VECTOR('',#2286,10.);
#541=VECTOR('',#2289,10.);
#542=VECTOR('',#2292,10.);
#543=VECTOR('',#2293,10.);
#544=VECTOR('',#2296,10.);
#545=VECTOR('',#2299,10.);
#546=VECTOR('',#2302,10.);
#547=VECTOR('',#2305,10.);
#548=VECTOR('',#2310,10.);
#549=VECTOR('',#2311,10.);
#550=VECTOR('',#2312,10.);
#551=VECTOR('',#2315,10.);
#552=VECTOR('',#2320,10.);
#553=VECTOR('',#2321,10.);
#554=VECTOR('',#2322,10.);
#555=VECTOR('',#2323,10.);
#556=VECTOR('',#2324,10.);
#557=VECTOR('',#2331,10.);
#558=VECTOR('',#2334,10.);
#559=VECTOR('',#2335,10.);
#560=VECTOR('',#2336,10.);
#561=VECTOR('',#2337,10.);
#562=VECTOR('',#2338,10.);
#563=VECTOR('',#2341,10.);
#564=VECTOR('',#2350,10.);
#565=VECTOR('',#2351,10.);
#566=VECTOR('',#2354,10.);
#567=VECTOR('',#2357,10.);
#568=VECTOR('',#2362,10.);
#569=VECTOR('',#2363,10.);
#570=VECTOR('',#2368,10.);
#571=VECTOR('',#2373,10.);
#572=VECTOR('',#2374,10.);
#573=VECTOR('',#2375,10.);
#574=VECTOR('',#2376,10.);
#575=VECTOR('',#2377,10.);
#576=VECTOR('',#2378,10.);
#577=VECTOR('',#2379,10.);
#578=VECTOR('',#2382,10.);
#579=VECTOR('',#2383,10.);
#580=VECTOR('',#2388,10.);
#581=VECTOR('',#2393,10.);
#582=VECTOR('',#2396,10.);
#583=VECTOR('',#2399,10.);
#584=VECTOR('',#2400,10.);
#585=VECTOR('',#2403,10.);
#586=VECTOR('',#2408,10.);
#587=VECTOR('',#2411,10.);
#588=VECTOR('',#2412,10.);
#589=VECTOR('',#2413,10.);
#590=VECTOR('',#2414,10.);
#591=VECTOR('',#2415,10.);
#592=VECTOR('',#2416,10.);
#593=VECTOR('',#2417,10.);
#594=VECTOR('',#2418,10.);
#595=VECTOR('',#2419,10.);
#596=VECTOR('',#2420,10.);
#597=VECTOR('',#2421,10.);
#598=VECTOR('',#2422,10.);
#599=VECTOR('',#2427,10.);
#600=VECTOR('',#2430,10.);
#601=VECTOR('',#2435,10.);
#602=VECTOR('',#2440,10.);
#603=VECTOR('',#2441,10.);
#604=VECTOR('',#2442,10.);
#605=VECTOR('',#2443,10.);
#606=VECTOR('',#2444,10.);
#607=VECTOR('',#2445,10.);
#608=VECTOR('',#2446,10.);
#609=VECTOR('',#2447,10.);
#610=VECTOR('',#2450,10.);
#611=VECTOR('',#2451,10.);
#612=VECTOR('',#2452,10.);
#613=VECTOR('',#2453,10.);
#614=VECTOR('',#2458,10.);
#615=VECTOR('',#2461,10.);
#616=VECTOR('',#2462,10.);
#617=VECTOR('',#2463,10.);
#618=VECTOR('',#2464,10.);
#619=VECTOR('',#2465,10.);
#620=VECTOR('',#2468,10.);
#621=VECTOR('',#2473,10.);
#622=VECTOR('',#2476,10.);
#623=VECTOR('',#2479,10.);
#624=VECTOR('',#2484,10.);
#625=VECTOR('',#2485,10.);
#626=VECTOR('',#2488,10.);
#627=VECTOR('',#2489,10.);
#628=VECTOR('',#2492,10.);
#629=VECTOR('',#2497,10.);
#630=VECTOR('',#2506,10.);
#631=VECTOR('',#2509,10.);
#632=VECTOR('',#2516,10.);
#633=VECTOR('',#2517,10.);
#634=VECTOR('',#2518,10.);
#635=VECTOR('',#2521,10.);
#636=VECTOR('',#2526,10.);
#637=VECTOR('',#2529,10.);
#638=VECTOR('',#2536,10.);
#639=VECTOR('',#2539,10.);
#640=VECTOR('',#2546,10.);
#641=VECTOR('',#2549,10.);
#642=VECTOR('',#2552,10.);
#643=VECTOR('',#2563,10.);
#644=VECTOR('',#2568,10.);
#645=VECTOR('',#2571,10.);
#646=VECTOR('',#2574,10.);
#647=VECTOR('',#2581,10.);
#648=VECTOR('',#2584,10.);
#649=VECTOR('',#2589,10.);
#650=VECTOR('',#2590,10.);
#651=VECTOR('',#2595,10.);
#652=VECTOR('',#2596,10.);
#653=VECTOR('',#2601,10.);
#654=VECTOR('',#2602,10.);
#655=VECTOR('',#2603,10.);
#656=VECTOR('',#2604,10.);
#657=VECTOR('',#2609,10.);
#658=VECTOR('',#2624,10.);
#659=VECTOR('',#2629,10.);
#660=VECTOR('',#2632,10.);
#661=VECTOR('',#2639,10.);
#662=VECTOR('',#2644,10.);
#663=VECTOR('',#2645,10.);
#664=VECTOR('',#2646,10.);
#665=VECTOR('',#2647,10.);
#666=VECTOR('',#2652,10.);
#667=VECTOR('',#2655,10.);
#668=VECTOR('',#2656,10.);
#669=VECTOR('',#2657,10.);
#670=VECTOR('',#2658,10.);
#671=VECTOR('',#2663,10.);
#672=VECTOR('',#2666,10.);
#673=VECTOR('',#2669,10.);
#674=VECTOR('',#2670,10.);
#675=VECTOR('',#2671,10.);
#676=VECTOR('',#2672,10.);
#677=VECTOR('',#2675,10.);
#678=VECTOR('',#2678,10.);
#679=VECTOR('',#2687,10.);
#680=VECTOR('',#2688,10.);
#681=VECTOR('',#2691,10.);
#682=VECTOR('',#2692,10.);
#683=VECTOR('',#2693,10.);
#684=VECTOR('',#2694,10.);
#685=VECTOR('',#2695,10.);
#686=VECTOR('',#2696,10.);
#687=VECTOR('',#2697,10.);
#688=VECTOR('',#2698,10.);
#689=VECTOR('',#2699,10.);
#690=VECTOR('',#2700,10.);
#691=VECTOR('',#2711,10.);
#692=VECTOR('',#2714,10.);
#693=VECTOR('',#2715,10.);
#694=VECTOR('',#2716,10.);
#695=VECTOR('',#2721,10.);
#696=VECTOR('',#2728,10.);
#697=VECTOR('',#2731,10.);
#698=VECTOR('',#2732,10.);
#699=VECTOR('',#2733,10.);
#700=VECTOR('',#2740,10.);
#701=VECTOR('',#2749,10.);
#702=VECTOR('',#2782,10.);
#703=VECTOR('',#2787,10.);
#704=VECTOR('',#2790,10.);
#705=VECTOR('',#2795,10.);
#706=VECTOR('',#2796,10.);
#707=VECTOR('',#2799,10.);
#708=VECTOR('',#2800,10.);
#709=VECTOR('',#2801,10.);
#710=VECTOR('',#2802,10.);
#711=VECTOR('',#2807,10.);
#712=VECTOR('',#2814,10.);
#713=VECTOR('',#2817,10.);
#714=VECTOR('',#2818,10.);
#715=VECTOR('',#2819,10.);
#716=VECTOR('',#2820,10.);
#717=VECTOR('',#2823,10.);
#718=VECTOR('',#2828,10.);
#719=VECTOR('',#2837,10.);
#720=VECTOR('',#2842,10.);
#721=VECTOR('',#2845,10.);
#722=VECTOR('',#2846,10.);
#723=VECTOR('',#2851,10.);
#724=VECTOR('',#2854,10.);
#725=VECTOR('',#2857,10.);
#726=VECTOR('',#2874,10.);
#727=ELLIPSE('',#2058,2.08003139693729,2.);
#728=ELLIPSE('',#2059,2.08003139693729,2.);
#729=ELLIPSE('',#2061,2.08003139693729,2.);
#730=ELLIPSE('',#2062,2.08003139693729,2.);
#731=ELLIPSE('',#2064,2.38048061016239,2.);
#732=ELLIPSE('',#2066,2.08003139693729,2.);
#733=ELLIPSE('',#2067,2.08003139693729,2.);
#734=ELLIPSE('',#2069,2.08003139693729,2.);
#735=ELLIPSE('',#2070,2.08003139693729,2.);
#736=ELLIPSE('',#2072,13.9909642482712,2.);
#737=ELLIPSE('',#2073,13.9909642482712,2.);
#738=ELLIPSE('',#2074,13.9909642482712,2.);
#739=ELLIPSE('',#2075,2.1920742048324,2.);
#740=ELLIPSE('',#2076,2.1920742048324,2.);
#741=ELLIPSE('',#2077,2.1920742048324,2.);
#742=ELLIPSE('',#2078,2.1920742048324,2.);
#743=ELLIPSE('',#2079,13.9909642482712,2.);
#744=ELLIPSE('',#2081,2.38048061016239,2.);
#745=ELLIPSE('',#2083,2.08003139693729,2.);
#746=ELLIPSE('',#2084,2.08003139693729,2.);
#747=ELLIPSE('',#2087,2.50517114887044,2.);
#748=ELLIPSE('',#2088,2.08003139693729,2.);
#749=ELLIPSE('',#2091,2.08003139693729,2.);
#750=ELLIPSE('',#2093,2.08003139693729,2.);
#751=ELLIPSE('',#2096,2.08003139693729,2.);
#752=ELLIPSE('',#2099,2.50517114887045,2.);
#753=ELLIPSE('',#2102,2.50517114887044,2.);
#754=ELLIPSE('',#2104,2.50517114887045,2.);
#755=ELLIPSE('',#2106,3.32118050756755,2.);
#756=ELLIPSE('',#2110,2.08003139693729,2.);
#757=ELLIPSE('',#2114,2.08003139693729,2.);
#758=ELLIPSE('',#2116,2.08003139693729,2.);
#759=ELLIPSE('',#2118,2.08003139693729,2.);
#760=ELLIPSE('',#2120,2.08003139693729,2.);
#761=ELLIPSE('',#2124,4.47213595499957,2.00000000000001);
#762=ELLIPSE('',#2125,4.47213595499957,1.99999999999999);
#763=ELLIPSE('',#2128,4.47213595499958,1.99999999999999);
#764=ELLIPSE('',#2129,4.47213595499958,2.00000000000001);
#765=ELLIPSE('',#2132,4.47213595499958,1.99999999999999);
#766=ELLIPSE('',#2134,4.47213595499958,1.99999999999999);
#767=ELLIPSE('',#2136,4.4721359549996,1.99999999999999);
#768=ELLIPSE('',#2139,4.47213595499958,1.99999999999999);
#769=ELLIPSE('',#2140,4.47213595499958,1.99999999999999);
#770=ELLIPSE('',#2143,4.47213595499958,1.99999999999999);
#771=ELLIPSE('',#2145,4.47213595499959,1.99999999999999);
#772=ELLIPSE('',#2146,4.47213595499958,1.99999999999999);
#773=ELLIPSE('',#2149,4.47213595499959,1.99999999999999);
#774=ELLIPSE('',#2152,4.47213595499958,1.99999999999999);
#775=ELLIPSE('',#2154,4.4721359549996,1.99999999999999);
#776=ELLIPSE('',#2157,4.4721359549996,1.99999999999999);
#777=ELLIPSE('',#2164,2.08003139693729,2.);
#778=ELLIPSE('',#2165,2.82842712474618,2.);
#779=ELLIPSE('',#2178,2.08003139693729,2.);
#780=ELLIPSE('',#2181,2.08003139693729,2.);
#781=ELLIPSE('',#2185,2.08003139693729,2.);
#782=ELLIPSE('',#2192,2.08020281096676,2.);
#783=ELLIPSE('',#2195,2.82842712474619,2.);
#784=ELLIPSE('',#2197,2.08003139693729,2.);
#785=ELLIPSE('',#2207,2.08020281096675,2.);
#786=ELLIPSE('',#2209,2.82842712474619,2.);
#787=ELLIPSE('',#2215,199.619945657722,2.);
#788=ELLIPSE('',#2218,2.08020281096675,2.);
#789=ELLIPSE('',#2225,2.08628620983355,2.);
#790=ELLIPSE('',#2226,2.08020281096675,2.);
#791=ELLIPSE('',#2229,2.08003139693729,2.);
#792=ELLIPSE('',#2231,2.08003139693729,2.);
#793=ELLIPSE('',#2232,2.08003139693729,2.);
#794=ELLIPSE('',#2236,2.8284271247462,2.);
#795=ELLIPSE('',#2238,2.82842712474618,2.);
#796=ELLIPSE('',#2243,2.82842712474619,2.);
#797=ELLIPSE('',#2245,2.50517114887046,2.);
#798=ELLIPSE('',#2246,2.50517114887046,2.);
#799=ELLIPSE('',#2248,3.32118050756757,2.);
#800=ELLIPSE('',#2252,2.08003139693729,2.);
#801=ELLIPSE('',#2257,2.50517114887046,2.);
#802=ELLIPSE('',#2261,2.08003139693729,2.);
#803=ELLIPSE('',#2264,3.32118050756756,2.);
#804=VERTEX_POINT('',#2895);
#805=VERTEX_POINT('',#2896);
#806=VERTEX_POINT('',#2898);
#807=VERTEX_POINT('',#2900);
#808=VERTEX_POINT('',#2904);
#809=VERTEX_POINT('',#2905);
#810=VERTEX_POINT('',#2907);
#811=VERTEX_POINT('',#2909);
#812=VERTEX_POINT('',#2913);
#813=VERTEX_POINT('',#2914);
#814=VERTEX_POINT('',#2916);
#815=VERTEX_POINT('',#2918);
#816=VERTEX_POINT('',#2922);
#817=VERTEX_POINT('',#2924);
#818=VERTEX_POINT('',#2926);
#819=VERTEX_POINT('',#2928);
#820=VERTEX_POINT('',#2932);
#821=VERTEX_POINT('',#2933);
#822=VERTEX_POINT('',#2935);
#823=VERTEX_POINT('',#2937);
#824=VERTEX_POINT('',#2939);
#825=VERTEX_POINT('',#2941);
#826=VERTEX_POINT('',#2945);
#827=VERTEX_POINT('',#2947);
#828=VERTEX_POINT('',#2949);
#829=VERTEX_POINT('',#2951);
#830=VERTEX_POINT('',#2953);
#831=VERTEX_POINT('',#2955);
#832=VERTEX_POINT('',#2958);
#833=VERTEX_POINT('',#2960);
#834=VERTEX_POINT('',#2962);
#835=VERTEX_POINT('',#2964);
#836=VERTEX_POINT('',#2966);
#837=VERTEX_POINT('',#2968);
#838=VERTEX_POINT('',#2970);
#839=VERTEX_POINT('',#2972);
#840=VERTEX_POINT('',#2974);
#841=VERTEX_POINT('',#2976);
#842=VERTEX_POINT('',#2978);
#843=VERTEX_POINT('',#2980);
#844=VERTEX_POINT('',#2984);
#845=VERTEX_POINT('',#2986);
#846=VERTEX_POINT('',#2990);
#847=VERTEX_POINT('',#2992);
#848=VERTEX_POINT('',#2994);
#849=VERTEX_POINT('',#2998);
#850=VERTEX_POINT('',#3002);
#851=VERTEX_POINT('',#3004);
#852=VERTEX_POINT('',#3008);
#853=VERTEX_POINT('',#3010);
#854=VERTEX_POINT('',#3012);
#855=VERTEX_POINT('',#3014);
#856=VERTEX_POINT('',#3016);
#857=VERTEX_POINT('',#3018);
#858=VERTEX_POINT('',#3022);
#859=VERTEX_POINT('',#3024);
#860=VERTEX_POINT('',#3028);
#861=VERTEX_POINT('',#3034);
#862=VERTEX_POINT('',#3036);
#863=VERTEX_POINT('',#3038);
#864=VERTEX_POINT('',#3044);
#865=VERTEX_POINT('',#3048);
#866=VERTEX_POINT('',#3050);
#867=VERTEX_POINT('',#3052);
#868=VERTEX_POINT('',#3054);
#869=VERTEX_POINT('',#3056);
#870=VERTEX_POINT('',#3058);
#871=VERTEX_POINT('',#3061);
#872=VERTEX_POINT('',#3063);
#873=VERTEX_POINT('',#3065);
#874=VERTEX_POINT('',#3067);
#875=VERTEX_POINT('',#3071);
#876=VERTEX_POINT('',#3075);
#877=VERTEX_POINT('',#3079);
#878=VERTEX_POINT('',#3083);
#879=VERTEX_POINT('',#3085);
#880=VERTEX_POINT('',#3087);
#881=VERTEX_POINT('',#3089);
#882=VERTEX_POINT('',#3092);
#883=VERTEX_POINT('',#3094);
#884=VERTEX_POINT('',#3096);
#885=VERTEX_POINT('',#3098);
#886=VERTEX_POINT('',#3100);
#887=VERTEX_POINT('',#3102);
#888=VERTEX_POINT('',#3104);
#889=VERTEX_POINT('',#3108);
#890=VERTEX_POINT('',#3112);
#891=VERTEX_POINT('',#3114);
#892=VERTEX_POINT('',#3116);
#893=VERTEX_POINT('',#3118);
#894=VERTEX_POINT('',#3121);
#895=VERTEX_POINT('',#3125);
#896=VERTEX_POINT('',#3129);
#897=VERTEX_POINT('',#3131);
#898=VERTEX_POINT('',#3135);
#899=VERTEX_POINT('',#3137);
#900=VERTEX_POINT('',#3141);
#901=VERTEX_POINT('',#3143);
#902=VERTEX_POINT('',#3145);
#903=VERTEX_POINT('',#3149);
#904=VERTEX_POINT('',#3182);
#905=VERTEX_POINT('',#3183);
#906=VERTEX_POINT('',#3185);
#907=VERTEX_POINT('',#3189);
#908=VERTEX_POINT('',#3191);
#909=VERTEX_POINT('',#3229);
#910=VERTEX_POINT('',#3233);
#911=VERTEX_POINT('',#3235);
#912=VERTEX_POINT('',#3239);
#913=VERTEX_POINT('',#3243);
#914=VERTEX_POINT('',#3245);
#915=VERTEX_POINT('',#3278);
#916=VERTEX_POINT('',#3282);
#917=VERTEX_POINT('',#3284);
#918=VERTEX_POINT('',#3322);
#919=VERTEX_POINT('',#3328);
#920=VERTEX_POINT('',#3330);
#921=VERTEX_POINT('',#3368);
#922=VERTEX_POINT('',#3370);
#923=VERTEX_POINT('',#3374);
#924=VERTEX_POINT('',#3416);
#925=VERTEX_POINT('',#3418);
#926=VERTEX_POINT('',#3451);
#927=VERTEX_POINT('',#3455);
#928=VERTEX_POINT('',#3499);
#929=VERTEX_POINT('',#3500);
#930=VERTEX_POINT('',#3502);
#931=VERTEX_POINT('',#3504);
#932=VERTEX_POINT('',#3508);
#933=VERTEX_POINT('',#3510);
#934=VERTEX_POINT('',#3559);
#935=VERTEX_POINT('',#3563);
#936=VERTEX_POINT('',#3567);
#937=VERTEX_POINT('',#3574);
#938=VERTEX_POINT('',#3579);
#939=VERTEX_POINT('',#3581);
#940=VERTEX_POINT('',#3585);
#941=VERTEX_POINT('',#3589);
#942=VERTEX_POINT('',#3591);
#943=VERTEX_POINT('',#3593);
#944=VERTEX_POINT('',#3597);
#945=VERTEX_POINT('',#3598);
#946=VERTEX_POINT('',#3600);
#947=VERTEX_POINT('',#3602);
#948=VERTEX_POINT('',#3606);
#949=VERTEX_POINT('',#3609);
#950=VERTEX_POINT('',#3613);
#951=VERTEX_POINT('',#3615);
#952=VERTEX_POINT('',#3617);
#953=VERTEX_POINT('',#3622);
#954=VERTEX_POINT('',#3623);
#955=VERTEX_POINT('',#3628);
#956=VERTEX_POINT('',#3630);
#957=VERTEX_POINT('',#3633);
#958=VERTEX_POINT('',#3635);
#959=VERTEX_POINT('',#3637);
#960=VERTEX_POINT('',#3639);
#961=VERTEX_POINT('',#3641);
#962=VERTEX_POINT('',#3643);
#963=VERTEX_POINT('',#3649);
#964=VERTEX_POINT('',#3651);
#965=VERTEX_POINT('',#3655);
#966=VERTEX_POINT('',#3657);
#967=VERTEX_POINT('',#3661);
#968=VERTEX_POINT('',#3663);
#969=VERTEX_POINT('',#3670);
#970=VERTEX_POINT('',#3672);
#971=VERTEX_POINT('',#3682);
#972=VERTEX_POINT('',#3684);
#973=VERTEX_POINT('',#3688);
#974=VERTEX_POINT('',#3696);
#975=VERTEX_POINT('',#3704);
#976=VERTEX_POINT('',#3708);
#977=VERTEX_POINT('',#3710);
#978=VERTEX_POINT('',#3712);
#979=VERTEX_POINT('',#3720);
#980=VERTEX_POINT('',#3722);
#981=VERTEX_POINT('',#3726);
#982=VERTEX_POINT('',#3734);
#983=VERTEX_POINT('',#3735);
#984=VERTEX_POINT('',#3737);
#985=VERTEX_POINT('',#3739);
#986=VERTEX_POINT('',#3745);
#987=EDGE_CURVE('',#804,#805,#727,.T.);
#988=EDGE_CURVE('',#806,#804,#349,.T.);
#989=EDGE_CURVE('',#807,#806,#728,.T.);
#990=EDGE_CURVE('',#807,#805,#350,.T.);
#991=EDGE_CURVE('',#808,#809,#729,.T.);
#992=EDGE_CURVE('',#808,#810,#351,.T.);
#993=EDGE_CURVE('',#811,#810,#730,.T.);
#994=EDGE_CURVE('',#809,#811,#352,.T.);
#995=EDGE_CURVE('',#812,#813,#353,.T.);
#996=EDGE_CURVE('',#814,#812,#354,.T.);
#997=EDGE_CURVE('',#815,#814,#731,.T.);
#998=EDGE_CURVE('',#815,#813,#355,.T.);
#999=EDGE_CURVE('',#813,#816,#356,.T.);
#1000=EDGE_CURVE('',#817,#815,#732,.T.);
#1001=EDGE_CURVE('',#818,#817,#357,.T.);
#1002=EDGE_CURVE('',#819,#818,#733,.T.);
#1003=EDGE_CURVE('',#816,#819,#358,.T.);
#1004=EDGE_CURVE('',#820,#821,#734,.T.);
#1005=EDGE_CURVE('',#822,#820,#359,.T.);
#1006=EDGE_CURVE('',#823,#822,#360,.T.);
#1007=EDGE_CURVE('',#824,#823,#361,.T.);
#1008=EDGE_CURVE('',#825,#824,#735,.T.);
#1009=EDGE_CURVE('',#821,#825,#362,.T.);
#1010=EDGE_CURVE('',#826,#808,#736,.T.);
#1011=EDGE_CURVE('',#827,#826,#363,.T.);
#1012=EDGE_CURVE('',#828,#827,#364,.T.);
#1013=EDGE_CURVE('',#829,#828,#365,.T.);
#1014=EDGE_CURVE('',#830,#829,#366,.T.);
#1015=EDGE_CURVE('',#831,#830,#367,.T.);
#1016=EDGE_CURVE('',#805,#831,#737,.T.);
#1017=EDGE_CURVE('',#832,#807,#738,.T.);
#1018=EDGE_CURVE('',#833,#832,#739,.T.);
#1019=EDGE_CURVE('',#834,#833,#368,.T.);
#1020=EDGE_CURVE('',#835,#834,#740,.T.);
#1021=EDGE_CURVE('',#836,#835,#369,.T.);
#1022=EDGE_CURVE('',#837,#836,#370,.T.);
#1023=EDGE_CURVE('',#838,#837,#371,.T.);
#1024=EDGE_CURVE('',#839,#838,#372,.T.);
#1025=EDGE_CURVE('',#840,#839,#373,.T.);
#1026=EDGE_CURVE('',#841,#840,#741,.T.);
#1027=EDGE_CURVE('',#842,#841,#374,.T.);
#1028=EDGE_CURVE('',#843,#842,#742,.T.);
#1029=EDGE_CURVE('',#810,#843,#743,.T.);
#1030=EDGE_CURVE('',#844,#820,#744,.T.);
#1031=EDGE_CURVE('',#845,#844,#375,.T.);
#1032=EDGE_CURVE('',#822,#845,#376,.T.);
#1033=EDGE_CURVE('',#809,#846,#377,.T.);
#1034=EDGE_CURVE('',#846,#847,#745,.T.);
#1035=EDGE_CURVE('',#847,#848,#378,.T.);
#1036=EDGE_CURVE('',#848,#826,#746,.F.);
#1037=EDGE_CURVE('',#849,#811,#379,.T.);
#1038=EDGE_CURVE('',#849,#846,#380,.T.);
#1039=EDGE_CURVE('',#843,#850,#747,.F.);
#1040=EDGE_CURVE('',#850,#851,#381,.T.);
#1041=EDGE_CURVE('',#851,#849,#748,.T.);
#1042=EDGE_CURVE('',#852,#816,#382,.T.);
#1043=EDGE_CURVE('',#853,#852,#383,.T.);
#1044=EDGE_CURVE('',#854,#853,#384,.T.);
#1045=EDGE_CURVE('',#855,#854,#385,.T.);
#1046=EDGE_CURVE('',#855,#856,#386,.T.);
#1047=EDGE_CURVE('',#857,#856,#387,.T.);
#1048=EDGE_CURVE('',#812,#857,#388,.T.);
#1049=EDGE_CURVE('',#858,#819,#389,.T.);
#1050=EDGE_CURVE('',#859,#858,#390,.T.);
#1051=EDGE_CURVE('',#852,#859,#749,.F.);
#1052=EDGE_CURVE('',#830,#860,#391,.T.);
#1053=EDGE_CURVE('',#831,#860,#750,.F.);
#1054=EDGE_CURVE('',#848,#827,#392,.T.);
#1055=EDGE_CURVE('',#823,#861,#393,.T.);
#1056=EDGE_CURVE('',#862,#861,#751,.F.);
#1057=EDGE_CURVE('',#863,#862,#394,.T.);
#1058=EDGE_CURVE('',#824,#863,#395,.T.);
#1059=EDGE_CURVE('',#842,#850,#396,.T.);
#1060=EDGE_CURVE('',#864,#863,#752,.F.);
#1061=EDGE_CURVE('',#864,#825,#397,.T.);
#1062=EDGE_CURVE('',#865,#864,#398,.T.);
#1063=EDGE_CURVE('',#865,#866,#399,.T.);
#1064=EDGE_CURVE('',#867,#866,#400,.T.);
#1065=EDGE_CURVE('',#868,#867,#401,.T.);
#1066=EDGE_CURVE('',#869,#868,#402,.T.);
#1067=EDGE_CURVE('',#870,#869,#403,.T.);
#1068=EDGE_CURVE('',#851,#870,#404,.T.);
#1069=EDGE_CURVE('',#871,#841,#405,.T.);
#1070=EDGE_CURVE('',#872,#871,#406,.T.);
#1071=EDGE_CURVE('',#873,#872,#407,.T.);
#1072=EDGE_CURVE('',#874,#873,#408,.T.);
#1073=EDGE_CURVE('',#821,#874,#409,.T.);
#1074=EDGE_CURVE('',#875,#832,#753,.F.);
#1075=EDGE_CURVE('',#875,#833,#410,.T.);
#1076=EDGE_CURVE('',#818,#876,#411,.T.);
#1077=EDGE_CURVE('',#858,#876,#754,.F.);
#1078=EDGE_CURVE('',#840,#877,#412,.T.);
#1079=EDGE_CURVE('',#871,#877,#755,.F.);
#1080=EDGE_CURVE('',#878,#817,#413,.T.);
#1081=EDGE_CURVE('',#879,#878,#414,.T.);
#1082=EDGE_CURVE('',#880,#879,#415,.T.);
#1083=EDGE_CURVE('',#880,#881,#416,.T.);
#1084=EDGE_CURVE('',#834,#881,#417,.T.);
#1085=EDGE_CURVE('',#882,#875,#418,.T.);
#1086=EDGE_CURVE('',#882,#883,#419,.T.);
#1087=EDGE_CURVE('',#883,#884,#420,.T.);
#1088=EDGE_CURVE('',#885,#884,#29,.T.);
#1089=EDGE_CURVE('',#885,#886,#421,.T.);
#1090=EDGE_CURVE('',#887,#886,#422,.T.);
#1091=EDGE_CURVE('',#887,#888,#423,.T.);
#1092=EDGE_CURVE('',#876,#888,#424,.T.);
#1093=EDGE_CURVE('',#881,#889,#756,.F.);
#1094=EDGE_CURVE('',#889,#835,#425,.T.);
#1095=EDGE_CURVE('',#890,#847,#426,.T.);
#1096=EDGE_CURVE('',#891,#890,#427,.T.);
#1097=EDGE_CURVE('',#891,#892,#428,.T.);
#1098=EDGE_CURVE('',#893,#892,#429,.T.);
#1099=EDGE_CURVE('',#839,#893,#430,.T.);
#1100=EDGE_CURVE('',#894,#838,#30,.F.);
#1101=EDGE_CURVE('',#894,#828,#431,.T.);
#1102=EDGE_CURVE('',#895,#893,#757,.F.);
#1103=EDGE_CURVE('',#877,#895,#432,.T.);
#1104=EDGE_CURVE('',#896,#889,#433,.T.);
#1105=EDGE_CURVE('',#897,#896,#758,.F.);
#1106=EDGE_CURVE('',#897,#836,#434,.T.);
#1107=EDGE_CURVE('',#898,#857,#759,.F.);
#1108=EDGE_CURVE('',#898,#899,#435,.T.);
#1109=EDGE_CURVE('',#814,#899,#436,.T.);
#1110=EDGE_CURVE('',#900,#844,#437,.T.);
#1111=EDGE_CURVE('',#900,#901,#438,.T.);
#1112=EDGE_CURVE('',#902,#901,#760,.F.);
#1113=EDGE_CURVE('',#902,#845,#439,.T.);
#1114=EDGE_CURVE('',#837,#903,#31,.F.);
#1115=EDGE_CURVE('',#903,#894,#440,.T.);
#1116=EDGE_CURVE('',#904,#905,#32,.T.);
#1117=EDGE_CURVE('',#905,#906,#761,.T.);
#1118=EDGE_CURVE('',#906,#904,#762,.T.);
#1119=EDGE_CURVE('',#904,#907,#441,.T.);
#1120=EDGE_CURVE('',#907,#908,#33,.T.);
#1121=EDGE_CURVE('',#908,#905,#442,.T.);
#1122=EDGE_CURVE('',#907,#909,#763,.T.);
#1123=EDGE_CURVE('',#909,#908,#764,.T.);
#1124=EDGE_CURVE('',#910,#904,#443,.T.);
#1125=EDGE_CURVE('',#911,#910,#444,.T.);
#1126=EDGE_CURVE('',#907,#911,#445,.T.);
#1127=EDGE_CURVE('',#906,#912,#446,.T.);
#1128=EDGE_CURVE('',#910,#912,#765,.T.);
#1129=EDGE_CURVE('',#905,#913,#447,.T.);
#1130=EDGE_CURVE('',#914,#913,#766,.T.);
#1131=EDGE_CURVE('',#914,#906,#448,.T.);
#1132=EDGE_CURVE('',#913,#915,#34,.T.);
#1133=EDGE_CURVE('',#915,#914,#767,.T.);
#1134=EDGE_CURVE('',#913,#916,#449,.T.);
#1135=EDGE_CURVE('',#916,#917,#35,.T.);
#1136=EDGE_CURVE('',#917,#915,#450,.T.);
#1137=EDGE_CURVE('',#916,#918,#768,.T.);
#1138=EDGE_CURVE('',#918,#917,#769,.T.);
#1139=EDGE_CURVE('',#916,#908,#451,.T.);
#1140=EDGE_CURVE('',#915,#919,#452,.T.);
#1141=EDGE_CURVE('',#920,#919,#770,.T.);
#1142=EDGE_CURVE('',#920,#914,#453,.T.);
#1143=EDGE_CURVE('',#911,#921,#36,.T.);
#1144=EDGE_CURVE('',#921,#922,#771,.T.);
#1145=EDGE_CURVE('',#922,#911,#772,.T.);
#1146=EDGE_CURVE('',#910,#923,#37,.T.);
#1147=EDGE_CURVE('',#923,#921,#454,.T.);
#1148=EDGE_CURVE('',#912,#923,#773,.T.);
#1149=EDGE_CURVE('',#922,#909,#455,.T.);
#1150=EDGE_CURVE('',#921,#924,#456,.T.);
#1151=EDGE_CURVE('',#925,#924,#774,.T.);
#1152=EDGE_CURVE('',#925,#922,#457,.T.);
#1153=EDGE_CURVE('',#919,#926,#38,.T.);
#1154=EDGE_CURVE('',#926,#920,#775,.T.);
#1155=EDGE_CURVE('',#919,#927,#458,.T.);
#1156=EDGE_CURVE('',#927,#924,#39,.T.);
#1157=EDGE_CURVE('',#924,#926,#459,.T.);
#1158=EDGE_CURVE('',#927,#925,#776,.T.);
#1159=EDGE_CURVE('',#918,#925,#460,.T.);
#1160=EDGE_CURVE('',#927,#917,#461,.T.);
#1161=EDGE_CURVE('',#912,#920,#462,.T.);
#1162=EDGE_CURVE('',#926,#923,#463,.T.);
#1163=EDGE_CURVE('',#928,#929,#464,.T.);
#1164=EDGE_CURVE('',#930,#928,#465,.T.);
#1165=EDGE_CURVE('',#931,#930,#466,.T.);
#1166=EDGE_CURVE('',#929,#931,#467,.T.);
#1167=EDGE_CURVE('',#890,#932,#777,.T.);
#1168=EDGE_CURVE('',#932,#933,#468,.T.);
#1169=EDGE_CURVE('',#933,#891,#778,.F.);
#1170=EDGE_CURVE('',#929,#868,#18,.T.);
#1171=EDGE_CURVE('',#867,#928,#40,.T.);
#1172=EDGE_CURVE('',#867,#934,#41,.T.);
#1173=EDGE_CURVE('',#934,#928,#42,.T.);
#1174=EDGE_CURVE('',#929,#935,#469,.T.);
#1175=EDGE_CURVE('',#935,#869,#43,.T.);
#1176=EDGE_CURVE('',#884,#936,#470,.T.);
#1177=EDGE_CURVE('',#936,#935,#44,.T.);
#1178=EDGE_CURVE('',#935,#885,#471,.T.);
#1179=EDGE_CURVE('',#936,#869,#45,.T.);
#1180=EDGE_CURVE('',#936,#937,#472,.T.);
#1181=EDGE_CURVE('',#937,#870,#779,.T.);
#1182=EDGE_CURVE('',#937,#932,#473,.T.);
#1183=EDGE_CURVE('',#938,#883,#474,.T.);
#1184=EDGE_CURVE('',#939,#938,#475,.T.);
#1185=EDGE_CURVE('',#933,#939,#476,.T.);
#1186=EDGE_CURVE('',#940,#865,#780,.T.);
#1187=EDGE_CURVE('',#863,#940,#477,.T.);
#1188=EDGE_CURVE('',#941,#862,#478,.T.);
#1189=EDGE_CURVE('',#941,#942,#479,.T.);
#1190=EDGE_CURVE('',#943,#942,#480,.T.);
#1191=EDGE_CURVE('',#940,#943,#481,.T.);
#1192=EDGE_CURVE('',#944,#945,#46,.T.);
#1193=EDGE_CURVE('',#945,#946,#482,.T.);
#1194=EDGE_CURVE('',#946,#947,#781,.T.);
#1195=EDGE_CURVE('',#947,#944,#483,.T.);
#1196=EDGE_CURVE('',#945,#948,#484,.T.);
#1197=EDGE_CURVE('',#859,#948,#485,.T.);
#1198=EDGE_CURVE('',#949,#858,#486,.T.);
#1199=EDGE_CURVE('',#946,#949,#487,.T.);
#1200=EDGE_CURVE('',#944,#950,#488,.T.);
#1201=EDGE_CURVE('',#951,#950,#47,.T.);
#1202=EDGE_CURVE('',#952,#951,#489,.T.);
#1203=EDGE_CURVE('',#854,#952,#48,.F.);
#1204=EDGE_CURVE('',#948,#853,#49,.F.);
#1205=EDGE_CURVE('',#953,#954,#782,.T.);
#1206=EDGE_CURVE('',#954,#951,#490,.T.);
#1207=EDGE_CURVE('',#950,#953,#491,.T.);
#1208=EDGE_CURVE('',#954,#955,#492,.T.);
#1209=EDGE_CURVE('',#956,#955,#493,.T.);
#1210=EDGE_CURVE('',#934,#956,#494,.T.);
#1211=EDGE_CURVE('',#957,#934,#495,.T.);
#1212=EDGE_CURVE('',#957,#958,#496,.T.);
#1213=EDGE_CURVE('',#959,#958,#497,.T.);
#1214=EDGE_CURVE('',#959,#960,#498,.T.);
#1215=EDGE_CURVE('',#961,#960,#499,.T.);
#1216=EDGE_CURVE('',#962,#961,#500,.T.);
#1217=EDGE_CURVE('',#952,#962,#501,.T.);
#1218=EDGE_CURVE('',#962,#855,#783,.F.);
#1219=EDGE_CURVE('',#963,#943,#784,.T.);
#1220=EDGE_CURVE('',#942,#964,#50,.T.);
#1221=EDGE_CURVE('',#964,#963,#502,.T.);
#1222=EDGE_CURVE('',#965,#964,#503,.T.);
#1223=EDGE_CURVE('',#966,#965,#504,.T.);
#1224=EDGE_CURVE('',#963,#966,#505,.T.);
#1225=EDGE_CURVE('',#967,#941,#51,.F.);
#1226=EDGE_CURVE('',#968,#967,#506,.T.);
#1227=EDGE_CURVE('',#960,#968,#52,.F.);
#1228=EDGE_CURVE('',#965,#959,#53,.T.);
#1229=EDGE_CURVE('',#861,#967,#507,.T.);
#1230=EDGE_CURVE('',#969,#902,#508,.T.);
#1231=EDGE_CURVE('',#970,#969,#509,.T.);
#1232=EDGE_CURVE('',#968,#970,#510,.T.);
#1233=EDGE_CURVE('',#958,#966,#785,.T.);
#1234=EDGE_CURVE('',#970,#855,#511,.T.);
#1235=EDGE_CURVE('',#961,#970,#786,.T.);
#1236=EDGE_CURVE('',#971,#969,#54,.F.);
#1237=EDGE_CURVE('',#972,#971,#512,.T.);
#1238=EDGE_CURVE('',#856,#972,#55,.F.);
#1239=EDGE_CURVE('',#973,#931,#787,.F.);
#1240=EDGE_CURVE('',#930,#973,#56,.T.);
#1241=EDGE_CURVE('',#866,#957,#788,.T.);
#1242=EDGE_CURVE('',#956,#930,#57,.T.);
#1243=EDGE_CURVE('',#974,#973,#58,.F.);
#1244=EDGE_CURVE('',#956,#974,#59,.T.);
#1245=EDGE_CURVE('',#974,#886,#789,.T.);
#1246=EDGE_CURVE('',#955,#887,#790,.T.);
#1247=EDGE_CURVE('',#806,#975,#513,.T.);
#1248=EDGE_CURVE('',#975,#882,#791,.T.);
#1249=EDGE_CURVE('',#976,#975,#514,.T.);
#1250=EDGE_CURVE('',#977,#976,#792,.T.);
#1251=EDGE_CURVE('',#977,#978,#515,.T.);
#1252=EDGE_CURVE('',#938,#978,#793,.T.);
#1253=EDGE_CURVE('',#860,#977,#516,.T.);
#1254=EDGE_CURVE('',#976,#804,#517,.T.);
#1255=EDGE_CURVE('',#829,#903,#518,.T.);
#1256=EDGE_CURVE('',#979,#897,#519,.T.);
#1257=EDGE_CURVE('',#980,#979,#520,.T.);
#1258=EDGE_CURVE('',#978,#980,#521,.T.);
#1259=EDGE_CURVE('',#981,#979,#794,.F.);
#1260=EDGE_CURVE('',#896,#981,#522,.T.);
#1261=EDGE_CURVE('',#980,#939,#795,.F.);
#1262=EDGE_CURVE('',#909,#918,#523,.T.);
#1263=EDGE_CURVE('',#982,#983,#524,.T.);
#1264=EDGE_CURVE('',#982,#984,#525,.T.);
#1265=EDGE_CURVE('',#985,#984,#526,.T.);
#1266=EDGE_CURVE('',#983,#985,#527,.T.);
#1267=EDGE_CURVE('',#901,#971,#528,.T.);
#1268=EDGE_CURVE('',#892,#986,#796,.F.);
#1269=EDGE_CURVE('',#986,#895,#529,.T.);
#1270=EDGE_CURVE('',#983,#873,#797,.T.);
#1271=EDGE_CURVE('',#872,#982,#798,.T.);
#1272=EDGE_CURVE('',#983,#900,#530,.T.);
#1273=EDGE_CURVE('',#900,#874,#799,.F.);
#1274=EDGE_CURVE('',#877,#982,#531,.T.);
#1275=EDGE_CURVE('',#899,#985,#532,.T.);
#1276=EDGE_CURVE('',#972,#898,#533,.T.);
#1277=EDGE_CURVE('',#984,#880,#800,.F.);
#1278=EDGE_CURVE('',#981,#986,#534,.T.);
#1279=EDGE_CURVE('',#892,#979,#535,.T.);
#1280=EDGE_CURVE('',#980,#891,#536,.T.);
#1281=EDGE_CURVE('',#879,#985,#801,.F.);
#1282=EDGE_CURVE('',#888,#949,#802,.T.);
#1283=EDGE_CURVE('',#953,#947,#537,.T.);
#1284=EDGE_CURVE('',#878,#899,#803,.F.);
#1285=ORIENTED_EDGE('',*,*,#987,.F.);
#1286=ORIENTED_EDGE('',*,*,#988,.F.);
#1287=ORIENTED_EDGE('',*,*,#989,.F.);
#1288=ORIENTED_EDGE('',*,*,#990,.T.);
#1289=ORIENTED_EDGE('',*,*,#991,.F.);
#1290=ORIENTED_EDGE('',*,*,#992,.T.);
#1291=ORIENTED_EDGE('',*,*,#993,.F.);
#1292=ORIENTED_EDGE('',*,*,#994,.F.);
#1293=ORIENTED_EDGE('',*,*,#995,.F.);
#1294=ORIENTED_EDGE('',*,*,#996,.F.);
#1295=ORIENTED_EDGE('',*,*,#997,.F.);
#1296=ORIENTED_EDGE('',*,*,#998,.T.);
#1297=ORIENTED_EDGE('',*,*,#999,.F.);
#1298=ORIENTED_EDGE('',*,*,#998,.F.);
#1299=ORIENTED_EDGE('',*,*,#1000,.F.);
#1300=ORIENTED_EDGE('',*,*,#1001,.F.);
#1301=ORIENTED_EDGE('',*,*,#1002,.F.);
#1302=ORIENTED_EDGE('',*,*,#1003,.F.);
#1303=ORIENTED_EDGE('',*,*,#1004,.F.);
#1304=ORIENTED_EDGE('',*,*,#1005,.F.);
#1305=ORIENTED_EDGE('',*,*,#1006,.F.);
#1306=ORIENTED_EDGE('',*,*,#1007,.F.);
#1307=ORIENTED_EDGE('',*,*,#1008,.F.);
#1308=ORIENTED_EDGE('',*,*,#1009,.F.);
#1309=ORIENTED_EDGE('',*,*,#1010,.F.);
#1310=ORIENTED_EDGE('',*,*,#1011,.F.);
#1311=ORIENTED_EDGE('',*,*,#1012,.F.);
#1312=ORIENTED_EDGE('',*,*,#1013,.F.);
#1313=ORIENTED_EDGE('',*,*,#1014,.F.);
#1314=ORIENTED_EDGE('',*,*,#1015,.F.);
#1315=ORIENTED_EDGE('',*,*,#1016,.F.);
#1316=ORIENTED_EDGE('',*,*,#990,.F.);
#1317=ORIENTED_EDGE('',*,*,#1017,.F.);
#1318=ORIENTED_EDGE('',*,*,#1018,.F.);
#1319=ORIENTED_EDGE('',*,*,#1019,.F.);
#1320=ORIENTED_EDGE('',*,*,#1020,.F.);
#1321=ORIENTED_EDGE('',*,*,#1021,.F.);
#1322=ORIENTED_EDGE('',*,*,#1022,.F.);
#1323=ORIENTED_EDGE('',*,*,#1023,.F.);
#1324=ORIENTED_EDGE('',*,*,#1024,.F.);
#1325=ORIENTED_EDGE('',*,*,#1025,.F.);
#1326=ORIENTED_EDGE('',*,*,#1026,.F.);
#1327=ORIENTED_EDGE('',*,*,#1027,.F.);
#1328=ORIENTED_EDGE('',*,*,#1028,.F.);
#1329=ORIENTED_EDGE('',*,*,#1029,.F.);
#1330=ORIENTED_EDGE('',*,*,#992,.F.);
#1331=ORIENTED_EDGE('',*,*,#1030,.F.);
#1332=ORIENTED_EDGE('',*,*,#1031,.F.);
#1333=ORIENTED_EDGE('',*,*,#1032,.F.);
#1334=ORIENTED_EDGE('',*,*,#1005,.T.);
#1335=ORIENTED_EDGE('',*,*,#1010,.T.);
#1336=ORIENTED_EDGE('',*,*,#991,.T.);
#1337=ORIENTED_EDGE('',*,*,#1033,.T.);
#1338=ORIENTED_EDGE('',*,*,#1034,.T.);
#1339=ORIENTED_EDGE('',*,*,#1035,.T.);
#1340=ORIENTED_EDGE('',*,*,#1036,.T.);
#1341=ORIENTED_EDGE('',*,*,#994,.T.);
#1342=ORIENTED_EDGE('',*,*,#1037,.F.);
#1343=ORIENTED_EDGE('',*,*,#1038,.T.);
#1344=ORIENTED_EDGE('',*,*,#1033,.F.);
#1345=ORIENTED_EDGE('',*,*,#993,.T.);
#1346=ORIENTED_EDGE('',*,*,#1029,.T.);
#1347=ORIENTED_EDGE('',*,*,#1039,.T.);
#1348=ORIENTED_EDGE('',*,*,#1040,.T.);
#1349=ORIENTED_EDGE('',*,*,#1041,.T.);
#1350=ORIENTED_EDGE('',*,*,#1037,.T.);
#1351=ORIENTED_EDGE('',*,*,#995,.T.);
#1352=ORIENTED_EDGE('',*,*,#999,.T.);
#1353=ORIENTED_EDGE('',*,*,#1042,.F.);
#1354=ORIENTED_EDGE('',*,*,#1043,.F.);
#1355=ORIENTED_EDGE('',*,*,#1044,.F.);
#1356=ORIENTED_EDGE('',*,*,#1045,.F.);
#1357=ORIENTED_EDGE('',*,*,#1046,.T.);
#1358=ORIENTED_EDGE('',*,*,#1047,.F.);
#1359=ORIENTED_EDGE('',*,*,#1048,.F.);
#1360=ORIENTED_EDGE('',*,*,#1003,.T.);
#1361=ORIENTED_EDGE('',*,*,#1049,.F.);
#1362=ORIENTED_EDGE('',*,*,#1050,.F.);
#1363=ORIENTED_EDGE('',*,*,#1051,.F.);
#1364=ORIENTED_EDGE('',*,*,#1042,.T.);
#1365=ORIENTED_EDGE('',*,*,#1015,.T.);
#1366=ORIENTED_EDGE('',*,*,#1052,.T.);
#1367=ORIENTED_EDGE('',*,*,#1053,.F.);
#1368=ORIENTED_EDGE('',*,*,#1011,.T.);
#1369=ORIENTED_EDGE('',*,*,#1036,.F.);
#1370=ORIENTED_EDGE('',*,*,#1054,.T.);
#1371=ORIENTED_EDGE('',*,*,#1007,.T.);
#1372=ORIENTED_EDGE('',*,*,#1055,.T.);
#1373=ORIENTED_EDGE('',*,*,#1056,.F.);
#1374=ORIENTED_EDGE('',*,*,#1057,.F.);
#1375=ORIENTED_EDGE('',*,*,#1058,.F.);
#1376=ORIENTED_EDGE('',*,*,#1028,.T.);
#1377=ORIENTED_EDGE('',*,*,#1059,.T.);
#1378=ORIENTED_EDGE('',*,*,#1039,.F.);
#1379=ORIENTED_EDGE('',*,*,#1008,.T.);
#1380=ORIENTED_EDGE('',*,*,#1058,.T.);
#1381=ORIENTED_EDGE('',*,*,#1060,.F.);
#1382=ORIENTED_EDGE('',*,*,#1061,.T.);
#1383=ORIENTED_EDGE('',*,*,#1009,.T.);
#1384=ORIENTED_EDGE('',*,*,#1061,.F.);
#1385=ORIENTED_EDGE('',*,*,#1062,.F.);
#1386=ORIENTED_EDGE('',*,*,#1063,.T.);
#1387=ORIENTED_EDGE('',*,*,#1064,.F.);
#1388=ORIENTED_EDGE('',*,*,#1065,.F.);
#1389=ORIENTED_EDGE('',*,*,#1066,.F.);
#1390=ORIENTED_EDGE('',*,*,#1067,.F.);
#1391=ORIENTED_EDGE('',*,*,#1068,.F.);
#1392=ORIENTED_EDGE('',*,*,#1040,.F.);
#1393=ORIENTED_EDGE('',*,*,#1059,.F.);
#1394=ORIENTED_EDGE('',*,*,#1027,.T.);
#1395=ORIENTED_EDGE('',*,*,#1069,.F.);
#1396=ORIENTED_EDGE('',*,*,#1070,.F.);
#1397=ORIENTED_EDGE('',*,*,#1071,.F.);
#1398=ORIENTED_EDGE('',*,*,#1072,.F.);
#1399=ORIENTED_EDGE('',*,*,#1073,.F.);
#1400=ORIENTED_EDGE('',*,*,#1018,.T.);
#1401=ORIENTED_EDGE('',*,*,#1074,.F.);
#1402=ORIENTED_EDGE('',*,*,#1075,.T.);
#1403=ORIENTED_EDGE('',*,*,#1002,.T.);
#1404=ORIENTED_EDGE('',*,*,#1076,.T.);
#1405=ORIENTED_EDGE('',*,*,#1077,.F.);
#1406=ORIENTED_EDGE('',*,*,#1049,.T.);
#1407=ORIENTED_EDGE('',*,*,#1026,.T.);
#1408=ORIENTED_EDGE('',*,*,#1078,.T.);
#1409=ORIENTED_EDGE('',*,*,#1079,.F.);
#1410=ORIENTED_EDGE('',*,*,#1069,.T.);
#1411=ORIENTED_EDGE('',*,*,#1001,.T.);
#1412=ORIENTED_EDGE('',*,*,#1080,.F.);
#1413=ORIENTED_EDGE('',*,*,#1081,.F.);
#1414=ORIENTED_EDGE('',*,*,#1082,.F.);
#1415=ORIENTED_EDGE('',*,*,#1083,.T.);
#1416=ORIENTED_EDGE('',*,*,#1084,.F.);
#1417=ORIENTED_EDGE('',*,*,#1019,.T.);
#1418=ORIENTED_EDGE('',*,*,#1075,.F.);
#1419=ORIENTED_EDGE('',*,*,#1085,.F.);
#1420=ORIENTED_EDGE('',*,*,#1086,.T.);
#1421=ORIENTED_EDGE('',*,*,#1087,.T.);
#1422=ORIENTED_EDGE('',*,*,#1088,.F.);
#1423=ORIENTED_EDGE('',*,*,#1089,.T.);
#1424=ORIENTED_EDGE('',*,*,#1090,.F.);
#1425=ORIENTED_EDGE('',*,*,#1091,.T.);
#1426=ORIENTED_EDGE('',*,*,#1092,.F.);
#1427=ORIENTED_EDGE('',*,*,#1076,.F.);
#1428=ORIENTED_EDGE('',*,*,#1020,.T.);
#1429=ORIENTED_EDGE('',*,*,#1084,.T.);
#1430=ORIENTED_EDGE('',*,*,#1093,.T.);
#1431=ORIENTED_EDGE('',*,*,#1094,.T.);
#1432=ORIENTED_EDGE('',*,*,#1012,.T.);
#1433=ORIENTED_EDGE('',*,*,#1054,.F.);
#1434=ORIENTED_EDGE('',*,*,#1035,.F.);
#1435=ORIENTED_EDGE('',*,*,#1095,.F.);
#1436=ORIENTED_EDGE('',*,*,#1096,.F.);
#1437=ORIENTED_EDGE('',*,*,#1097,.T.);
#1438=ORIENTED_EDGE('',*,*,#1098,.F.);
#1439=ORIENTED_EDGE('',*,*,#1099,.F.);
#1440=ORIENTED_EDGE('',*,*,#1024,.T.);
#1441=ORIENTED_EDGE('',*,*,#1100,.F.);
#1442=ORIENTED_EDGE('',*,*,#1101,.T.);
#1443=ORIENTED_EDGE('',*,*,#1025,.T.);
#1444=ORIENTED_EDGE('',*,*,#1099,.T.);
#1445=ORIENTED_EDGE('',*,*,#1102,.F.);
#1446=ORIENTED_EDGE('',*,*,#1103,.F.);
#1447=ORIENTED_EDGE('',*,*,#1078,.F.);
#1448=ORIENTED_EDGE('',*,*,#1021,.T.);
#1449=ORIENTED_EDGE('',*,*,#1094,.F.);
#1450=ORIENTED_EDGE('',*,*,#1104,.F.);
#1451=ORIENTED_EDGE('',*,*,#1105,.F.);
#1452=ORIENTED_EDGE('',*,*,#1106,.T.);
#1453=ORIENTED_EDGE('',*,*,#996,.T.);
#1454=ORIENTED_EDGE('',*,*,#1048,.T.);
#1455=ORIENTED_EDGE('',*,*,#1107,.F.);
#1456=ORIENTED_EDGE('',*,*,#1108,.T.);
#1457=ORIENTED_EDGE('',*,*,#1109,.F.);
#1458=ORIENTED_EDGE('',*,*,#1031,.T.);
#1459=ORIENTED_EDGE('',*,*,#1110,.F.);
#1460=ORIENTED_EDGE('',*,*,#1111,.T.);
#1461=ORIENTED_EDGE('',*,*,#1112,.F.);
#1462=ORIENTED_EDGE('',*,*,#1113,.T.);
#1463=ORIENTED_EDGE('',*,*,#1023,.T.);
#1464=ORIENTED_EDGE('',*,*,#1114,.T.);
#1465=ORIENTED_EDGE('',*,*,#1115,.T.);
#1466=ORIENTED_EDGE('',*,*,#1100,.T.);
#1467=ORIENTED_EDGE('',*,*,#1116,.T.);
#1468=ORIENTED_EDGE('',*,*,#1117,.T.);
#1469=ORIENTED_EDGE('',*,*,#1118,.T.);
#1470=ORIENTED_EDGE('',*,*,#1116,.F.);
#1471=ORIENTED_EDGE('',*,*,#1119,.T.);
#1472=ORIENTED_EDGE('',*,*,#1120,.T.);
#1473=ORIENTED_EDGE('',*,*,#1121,.T.);
#1474=ORIENTED_EDGE('',*,*,#1120,.F.);
#1475=ORIENTED_EDGE('',*,*,#1122,.T.);
#1476=ORIENTED_EDGE('',*,*,#1123,.T.);
#1477=ORIENTED_EDGE('',*,*,#1119,.F.);
#1478=ORIENTED_EDGE('',*,*,#1124,.F.);
#1479=ORIENTED_EDGE('',*,*,#1125,.F.);
#1480=ORIENTED_EDGE('',*,*,#1126,.F.);
#1481=ORIENTED_EDGE('',*,*,#1118,.F.);
#1482=ORIENTED_EDGE('',*,*,#1127,.T.);
#1483=ORIENTED_EDGE('',*,*,#1128,.F.);
#1484=ORIENTED_EDGE('',*,*,#1124,.T.);
#1485=ORIENTED_EDGE('',*,*,#1117,.F.);
#1486=ORIENTED_EDGE('',*,*,#1129,.T.);
#1487=ORIENTED_EDGE('',*,*,#1130,.F.);
#1488=ORIENTED_EDGE('',*,*,#1131,.T.);
#1489=ORIENTED_EDGE('',*,*,#1132,.T.);
#1490=ORIENTED_EDGE('',*,*,#1133,.T.);
#1491=ORIENTED_EDGE('',*,*,#1130,.T.);
#1492=ORIENTED_EDGE('',*,*,#1132,.F.);
#1493=ORIENTED_EDGE('',*,*,#1134,.T.);
#1494=ORIENTED_EDGE('',*,*,#1135,.T.);
#1495=ORIENTED_EDGE('',*,*,#1136,.T.);
#1496=ORIENTED_EDGE('',*,*,#1135,.F.);
#1497=ORIENTED_EDGE('',*,*,#1137,.T.);
#1498=ORIENTED_EDGE('',*,*,#1138,.T.);
#1499=ORIENTED_EDGE('',*,*,#1121,.F.);
#1500=ORIENTED_EDGE('',*,*,#1139,.F.);
#1501=ORIENTED_EDGE('',*,*,#1134,.F.);
#1502=ORIENTED_EDGE('',*,*,#1129,.F.);
#1503=ORIENTED_EDGE('',*,*,#1133,.F.);
#1504=ORIENTED_EDGE('',*,*,#1140,.T.);
#1505=ORIENTED_EDGE('',*,*,#1141,.F.);
#1506=ORIENTED_EDGE('',*,*,#1142,.T.);
#1507=ORIENTED_EDGE('',*,*,#1143,.T.);
#1508=ORIENTED_EDGE('',*,*,#1144,.T.);
#1509=ORIENTED_EDGE('',*,*,#1145,.T.);
#1510=ORIENTED_EDGE('',*,*,#1146,.T.);
#1511=ORIENTED_EDGE('',*,*,#1147,.T.);
#1512=ORIENTED_EDGE('',*,*,#1143,.F.);
#1513=ORIENTED_EDGE('',*,*,#1125,.T.);
#1514=ORIENTED_EDGE('',*,*,#1146,.F.);
#1515=ORIENTED_EDGE('',*,*,#1128,.T.);
#1516=ORIENTED_EDGE('',*,*,#1148,.T.);
#1517=ORIENTED_EDGE('',*,*,#1122,.F.);
#1518=ORIENTED_EDGE('',*,*,#1126,.T.);
#1519=ORIENTED_EDGE('',*,*,#1145,.F.);
#1520=ORIENTED_EDGE('',*,*,#1149,.T.);
#1521=ORIENTED_EDGE('',*,*,#1144,.F.);
#1522=ORIENTED_EDGE('',*,*,#1150,.T.);
#1523=ORIENTED_EDGE('',*,*,#1151,.F.);
#1524=ORIENTED_EDGE('',*,*,#1152,.T.);
#1525=ORIENTED_EDGE('',*,*,#1153,.T.);
#1526=ORIENTED_EDGE('',*,*,#1154,.T.);
#1527=ORIENTED_EDGE('',*,*,#1141,.T.);
#1528=ORIENTED_EDGE('',*,*,#1153,.F.);
#1529=ORIENTED_EDGE('',*,*,#1155,.T.);
#1530=ORIENTED_EDGE('',*,*,#1156,.T.);
#1531=ORIENTED_EDGE('',*,*,#1157,.T.);
#1532=ORIENTED_EDGE('',*,*,#1156,.F.);
#1533=ORIENTED_EDGE('',*,*,#1158,.T.);
#1534=ORIENTED_EDGE('',*,*,#1151,.T.);
#1535=ORIENTED_EDGE('',*,*,#1138,.F.);
#1536=ORIENTED_EDGE('',*,*,#1159,.T.);
#1537=ORIENTED_EDGE('',*,*,#1158,.F.);
#1538=ORIENTED_EDGE('',*,*,#1160,.T.);
#1539=ORIENTED_EDGE('',*,*,#1136,.F.);
#1540=ORIENTED_EDGE('',*,*,#1160,.F.);
#1541=ORIENTED_EDGE('',*,*,#1155,.F.);
#1542=ORIENTED_EDGE('',*,*,#1140,.F.);
#1543=ORIENTED_EDGE('',*,*,#1148,.F.);
#1544=ORIENTED_EDGE('',*,*,#1161,.T.);
#1545=ORIENTED_EDGE('',*,*,#1154,.F.);
#1546=ORIENTED_EDGE('',*,*,#1162,.T.);
#1547=ORIENTED_EDGE('',*,*,#1147,.F.);
#1548=ORIENTED_EDGE('',*,*,#1162,.F.);
#1549=ORIENTED_EDGE('',*,*,#1157,.F.);
#1550=ORIENTED_EDGE('',*,*,#1150,.F.);
#1551=ORIENTED_EDGE('',*,*,#1163,.F.);
#1552=ORIENTED_EDGE('',*,*,#1164,.F.);
#1553=ORIENTED_EDGE('',*,*,#1165,.F.);
#1554=ORIENTED_EDGE('',*,*,#1166,.F.);
#1555=ORIENTED_EDGE('',*,*,#1142,.F.);
#1556=ORIENTED_EDGE('',*,*,#1161,.F.);
#1557=ORIENTED_EDGE('',*,*,#1127,.F.);
#1558=ORIENTED_EDGE('',*,*,#1131,.F.);
#1559=ORIENTED_EDGE('',*,*,#1167,.T.);
#1560=ORIENTED_EDGE('',*,*,#1168,.T.);
#1561=ORIENTED_EDGE('',*,*,#1169,.T.);
#1562=ORIENTED_EDGE('',*,*,#1096,.T.);
#1563=ORIENTED_EDGE('',*,*,#1170,.T.);
#1564=ORIENTED_EDGE('',*,*,#1065,.T.);
#1565=ORIENTED_EDGE('',*,*,#1171,.T.);
#1566=ORIENTED_EDGE('',*,*,#1163,.T.);
#1567=ORIENTED_EDGE('',*,*,#1171,.F.);
#1568=ORIENTED_EDGE('',*,*,#1172,.T.);
#1569=ORIENTED_EDGE('',*,*,#1173,.T.);
#1570=ORIENTED_EDGE('',*,*,#1170,.F.);
#1571=ORIENTED_EDGE('',*,*,#1174,.T.);
#1572=ORIENTED_EDGE('',*,*,#1175,.T.);
#1573=ORIENTED_EDGE('',*,*,#1066,.T.);
#1574=ORIENTED_EDGE('',*,*,#1088,.T.);
#1575=ORIENTED_EDGE('',*,*,#1176,.T.);
#1576=ORIENTED_EDGE('',*,*,#1177,.T.);
#1577=ORIENTED_EDGE('',*,*,#1178,.T.);
#1578=ORIENTED_EDGE('',*,*,#1177,.F.);
#1579=ORIENTED_EDGE('',*,*,#1179,.T.);
#1580=ORIENTED_EDGE('',*,*,#1175,.F.);
#1581=ORIENTED_EDGE('',*,*,#1179,.F.);
#1582=ORIENTED_EDGE('',*,*,#1180,.T.);
#1583=ORIENTED_EDGE('',*,*,#1181,.T.);
#1584=ORIENTED_EDGE('',*,*,#1067,.T.);
#1585=ORIENTED_EDGE('',*,*,#1168,.F.);
#1586=ORIENTED_EDGE('',*,*,#1182,.F.);
#1587=ORIENTED_EDGE('',*,*,#1180,.F.);
#1588=ORIENTED_EDGE('',*,*,#1176,.F.);
#1589=ORIENTED_EDGE('',*,*,#1087,.F.);
#1590=ORIENTED_EDGE('',*,*,#1183,.F.);
#1591=ORIENTED_EDGE('',*,*,#1184,.F.);
#1592=ORIENTED_EDGE('',*,*,#1185,.F.);
#1593=ORIENTED_EDGE('',*,*,#1186,.T.);
#1594=ORIENTED_EDGE('',*,*,#1062,.T.);
#1595=ORIENTED_EDGE('',*,*,#1060,.T.);
#1596=ORIENTED_EDGE('',*,*,#1187,.T.);
#1597=ORIENTED_EDGE('',*,*,#1187,.F.);
#1598=ORIENTED_EDGE('',*,*,#1057,.T.);
#1599=ORIENTED_EDGE('',*,*,#1188,.F.);
#1600=ORIENTED_EDGE('',*,*,#1189,.T.);
#1601=ORIENTED_EDGE('',*,*,#1190,.F.);
#1602=ORIENTED_EDGE('',*,*,#1191,.F.);
#1603=ORIENTED_EDGE('',*,*,#1192,.T.);
#1604=ORIENTED_EDGE('',*,*,#1193,.T.);
#1605=ORIENTED_EDGE('',*,*,#1194,.T.);
#1606=ORIENTED_EDGE('',*,*,#1195,.T.);
#1607=ORIENTED_EDGE('',*,*,#1193,.F.);
#1608=ORIENTED_EDGE('',*,*,#1196,.T.);
#1609=ORIENTED_EDGE('',*,*,#1197,.F.);
#1610=ORIENTED_EDGE('',*,*,#1050,.T.);
#1611=ORIENTED_EDGE('',*,*,#1198,.F.);
#1612=ORIENTED_EDGE('',*,*,#1199,.F.);
#1613=ORIENTED_EDGE('',*,*,#1192,.F.);
#1614=ORIENTED_EDGE('',*,*,#1200,.T.);
#1615=ORIENTED_EDGE('',*,*,#1201,.F.);
#1616=ORIENTED_EDGE('',*,*,#1202,.F.);
#1617=ORIENTED_EDGE('',*,*,#1203,.F.);
#1618=ORIENTED_EDGE('',*,*,#1044,.T.);
#1619=ORIENTED_EDGE('',*,*,#1204,.F.);
#1620=ORIENTED_EDGE('',*,*,#1196,.F.);
#1621=ORIENTED_EDGE('',*,*,#1205,.T.);
#1622=ORIENTED_EDGE('',*,*,#1206,.T.);
#1623=ORIENTED_EDGE('',*,*,#1201,.T.);
#1624=ORIENTED_EDGE('',*,*,#1207,.T.);
#1625=ORIENTED_EDGE('',*,*,#1206,.F.);
#1626=ORIENTED_EDGE('',*,*,#1208,.T.);
#1627=ORIENTED_EDGE('',*,*,#1209,.F.);
#1628=ORIENTED_EDGE('',*,*,#1210,.F.);
#1629=ORIENTED_EDGE('',*,*,#1211,.F.);
#1630=ORIENTED_EDGE('',*,*,#1212,.T.);
#1631=ORIENTED_EDGE('',*,*,#1213,.F.);
#1632=ORIENTED_EDGE('',*,*,#1214,.T.);
#1633=ORIENTED_EDGE('',*,*,#1215,.F.);
#1634=ORIENTED_EDGE('',*,*,#1216,.F.);
#1635=ORIENTED_EDGE('',*,*,#1217,.F.);
#1636=ORIENTED_EDGE('',*,*,#1202,.T.);
#1637=ORIENTED_EDGE('',*,*,#1218,.T.);
#1638=ORIENTED_EDGE('',*,*,#1045,.T.);
#1639=ORIENTED_EDGE('',*,*,#1203,.T.);
#1640=ORIENTED_EDGE('',*,*,#1217,.T.);
#1641=ORIENTED_EDGE('',*,*,#1219,.T.);
#1642=ORIENTED_EDGE('',*,*,#1190,.T.);
#1643=ORIENTED_EDGE('',*,*,#1220,.T.);
#1644=ORIENTED_EDGE('',*,*,#1221,.T.);
#1645=ORIENTED_EDGE('',*,*,#1221,.F.);
#1646=ORIENTED_EDGE('',*,*,#1222,.F.);
#1647=ORIENTED_EDGE('',*,*,#1223,.F.);
#1648=ORIENTED_EDGE('',*,*,#1224,.F.);
#1649=ORIENTED_EDGE('',*,*,#1220,.F.);
#1650=ORIENTED_EDGE('',*,*,#1189,.F.);
#1651=ORIENTED_EDGE('',*,*,#1225,.F.);
#1652=ORIENTED_EDGE('',*,*,#1226,.F.);
#1653=ORIENTED_EDGE('',*,*,#1227,.F.);
#1654=ORIENTED_EDGE('',*,*,#1214,.F.);
#1655=ORIENTED_EDGE('',*,*,#1228,.F.);
#1656=ORIENTED_EDGE('',*,*,#1222,.T.);
#1657=ORIENTED_EDGE('',*,*,#1056,.T.);
#1658=ORIENTED_EDGE('',*,*,#1229,.T.);
#1659=ORIENTED_EDGE('',*,*,#1225,.T.);
#1660=ORIENTED_EDGE('',*,*,#1188,.T.);
#1661=ORIENTED_EDGE('',*,*,#1032,.T.);
#1662=ORIENTED_EDGE('',*,*,#1113,.F.);
#1663=ORIENTED_EDGE('',*,*,#1230,.F.);
#1664=ORIENTED_EDGE('',*,*,#1231,.F.);
#1665=ORIENTED_EDGE('',*,*,#1232,.F.);
#1666=ORIENTED_EDGE('',*,*,#1226,.T.);
#1667=ORIENTED_EDGE('',*,*,#1229,.F.);
#1668=ORIENTED_EDGE('',*,*,#1055,.F.);
#1669=ORIENTED_EDGE('',*,*,#1006,.T.);
#1670=ORIENTED_EDGE('',*,*,#1233,.T.);
#1671=ORIENTED_EDGE('',*,*,#1223,.T.);
#1672=ORIENTED_EDGE('',*,*,#1228,.T.);
#1673=ORIENTED_EDGE('',*,*,#1213,.T.);
#1674=ORIENTED_EDGE('',*,*,#1234,.T.);
#1675=ORIENTED_EDGE('',*,*,#1218,.F.);
#1676=ORIENTED_EDGE('',*,*,#1216,.T.);
#1677=ORIENTED_EDGE('',*,*,#1235,.T.);
#1678=ORIENTED_EDGE('',*,*,#1215,.T.);
#1679=ORIENTED_EDGE('',*,*,#1227,.T.);
#1680=ORIENTED_EDGE('',*,*,#1232,.T.);
#1681=ORIENTED_EDGE('',*,*,#1235,.F.);
#1682=ORIENTED_EDGE('',*,*,#1234,.F.);
#1683=ORIENTED_EDGE('',*,*,#1231,.T.);
#1684=ORIENTED_EDGE('',*,*,#1236,.F.);
#1685=ORIENTED_EDGE('',*,*,#1237,.F.);
#1686=ORIENTED_EDGE('',*,*,#1238,.F.);
#1687=ORIENTED_EDGE('',*,*,#1046,.F.);
#1688=ORIENTED_EDGE('',*,*,#1239,.T.);
#1689=ORIENTED_EDGE('',*,*,#1165,.T.);
#1690=ORIENTED_EDGE('',*,*,#1240,.T.);
#1691=ORIENTED_EDGE('',*,*,#1172,.F.);
#1692=ORIENTED_EDGE('',*,*,#1064,.T.);
#1693=ORIENTED_EDGE('',*,*,#1241,.T.);
#1694=ORIENTED_EDGE('',*,*,#1211,.T.);
#1695=ORIENTED_EDGE('',*,*,#1173,.F.);
#1696=ORIENTED_EDGE('',*,*,#1210,.T.);
#1697=ORIENTED_EDGE('',*,*,#1242,.T.);
#1698=ORIENTED_EDGE('',*,*,#1164,.T.);
#1699=ORIENTED_EDGE('',*,*,#1243,.T.);
#1700=ORIENTED_EDGE('',*,*,#1240,.F.);
#1701=ORIENTED_EDGE('',*,*,#1242,.F.);
#1702=ORIENTED_EDGE('',*,*,#1244,.T.);
#1703=ORIENTED_EDGE('',*,*,#1245,.F.);
#1704=ORIENTED_EDGE('',*,*,#1244,.F.);
#1705=ORIENTED_EDGE('',*,*,#1209,.T.);
#1706=ORIENTED_EDGE('',*,*,#1246,.T.);
#1707=ORIENTED_EDGE('',*,*,#1090,.T.);
#1708=ORIENTED_EDGE('',*,*,#1174,.F.);
#1709=ORIENTED_EDGE('',*,*,#1166,.T.);
#1710=ORIENTED_EDGE('',*,*,#1239,.F.);
#1711=ORIENTED_EDGE('',*,*,#1243,.F.);
#1712=ORIENTED_EDGE('',*,*,#1245,.T.);
#1713=ORIENTED_EDGE('',*,*,#1089,.F.);
#1714=ORIENTED_EDGE('',*,*,#1178,.F.);
#1715=ORIENTED_EDGE('',*,*,#989,.T.);
#1716=ORIENTED_EDGE('',*,*,#1247,.T.);
#1717=ORIENTED_EDGE('',*,*,#1248,.T.);
#1718=ORIENTED_EDGE('',*,*,#1085,.T.);
#1719=ORIENTED_EDGE('',*,*,#1074,.T.);
#1720=ORIENTED_EDGE('',*,*,#1017,.T.);
#1721=ORIENTED_EDGE('',*,*,#1248,.F.);
#1722=ORIENTED_EDGE('',*,*,#1249,.F.);
#1723=ORIENTED_EDGE('',*,*,#1250,.F.);
#1724=ORIENTED_EDGE('',*,*,#1251,.T.);
#1725=ORIENTED_EDGE('',*,*,#1252,.F.);
#1726=ORIENTED_EDGE('',*,*,#1183,.T.);
#1727=ORIENTED_EDGE('',*,*,#1086,.F.);
#1728=ORIENTED_EDGE('',*,*,#1016,.T.);
#1729=ORIENTED_EDGE('',*,*,#1053,.T.);
#1730=ORIENTED_EDGE('',*,*,#1253,.T.);
#1731=ORIENTED_EDGE('',*,*,#1250,.T.);
#1732=ORIENTED_EDGE('',*,*,#1254,.T.);
#1733=ORIENTED_EDGE('',*,*,#987,.T.);
#1734=ORIENTED_EDGE('',*,*,#1014,.T.);
#1735=ORIENTED_EDGE('',*,*,#1255,.T.);
#1736=ORIENTED_EDGE('',*,*,#1114,.F.);
#1737=ORIENTED_EDGE('',*,*,#1022,.T.);
#1738=ORIENTED_EDGE('',*,*,#1106,.F.);
#1739=ORIENTED_EDGE('',*,*,#1256,.F.);
#1740=ORIENTED_EDGE('',*,*,#1257,.F.);
#1741=ORIENTED_EDGE('',*,*,#1258,.F.);
#1742=ORIENTED_EDGE('',*,*,#1251,.F.);
#1743=ORIENTED_EDGE('',*,*,#1253,.F.);
#1744=ORIENTED_EDGE('',*,*,#1052,.F.);
#1745=ORIENTED_EDGE('',*,*,#1259,.T.);
#1746=ORIENTED_EDGE('',*,*,#1256,.T.);
#1747=ORIENTED_EDGE('',*,*,#1105,.T.);
#1748=ORIENTED_EDGE('',*,*,#1260,.T.);
#1749=ORIENTED_EDGE('',*,*,#1252,.T.);
#1750=ORIENTED_EDGE('',*,*,#1258,.T.);
#1751=ORIENTED_EDGE('',*,*,#1261,.T.);
#1752=ORIENTED_EDGE('',*,*,#1184,.T.);
#1753=ORIENTED_EDGE('',*,*,#1123,.F.);
#1754=ORIENTED_EDGE('',*,*,#1262,.T.);
#1755=ORIENTED_EDGE('',*,*,#1137,.F.);
#1756=ORIENTED_EDGE('',*,*,#1139,.T.);
#1757=ORIENTED_EDGE('',*,*,#1263,.F.);
#1758=ORIENTED_EDGE('',*,*,#1264,.T.);
#1759=ORIENTED_EDGE('',*,*,#1265,.F.);
#1760=ORIENTED_EDGE('',*,*,#1266,.F.);
#1761=ORIENTED_EDGE('',*,*,#1152,.F.);
#1762=ORIENTED_EDGE('',*,*,#1159,.F.);
#1763=ORIENTED_EDGE('',*,*,#1262,.F.);
#1764=ORIENTED_EDGE('',*,*,#1149,.F.);
#1765=ORIENTED_EDGE('',*,*,#1236,.T.);
#1766=ORIENTED_EDGE('',*,*,#1230,.T.);
#1767=ORIENTED_EDGE('',*,*,#1112,.T.);
#1768=ORIENTED_EDGE('',*,*,#1267,.T.);
#1769=ORIENTED_EDGE('',*,*,#1102,.T.);
#1770=ORIENTED_EDGE('',*,*,#1098,.T.);
#1771=ORIENTED_EDGE('',*,*,#1268,.T.);
#1772=ORIENTED_EDGE('',*,*,#1269,.T.);
#1773=ORIENTED_EDGE('',*,*,#1263,.T.);
#1774=ORIENTED_EDGE('',*,*,#1270,.T.);
#1775=ORIENTED_EDGE('',*,*,#1071,.T.);
#1776=ORIENTED_EDGE('',*,*,#1271,.T.);
#1777=ORIENTED_EDGE('',*,*,#1272,.T.);
#1778=ORIENTED_EDGE('',*,*,#1273,.T.);
#1779=ORIENTED_EDGE('',*,*,#1072,.T.);
#1780=ORIENTED_EDGE('',*,*,#1270,.F.);
#1781=ORIENTED_EDGE('',*,*,#1070,.T.);
#1782=ORIENTED_EDGE('',*,*,#1079,.T.);
#1783=ORIENTED_EDGE('',*,*,#1274,.T.);
#1784=ORIENTED_EDGE('',*,*,#1271,.F.);
#1785=ORIENTED_EDGE('',*,*,#1267,.F.);
#1786=ORIENTED_EDGE('',*,*,#1111,.F.);
#1787=ORIENTED_EDGE('',*,*,#1272,.F.);
#1788=ORIENTED_EDGE('',*,*,#1266,.T.);
#1789=ORIENTED_EDGE('',*,*,#1275,.F.);
#1790=ORIENTED_EDGE('',*,*,#1108,.F.);
#1791=ORIENTED_EDGE('',*,*,#1276,.F.);
#1792=ORIENTED_EDGE('',*,*,#1237,.T.);
#1793=ORIENTED_EDGE('',*,*,#1260,.F.);
#1794=ORIENTED_EDGE('',*,*,#1104,.T.);
#1795=ORIENTED_EDGE('',*,*,#1093,.F.);
#1796=ORIENTED_EDGE('',*,*,#1083,.F.);
#1797=ORIENTED_EDGE('',*,*,#1277,.F.);
#1798=ORIENTED_EDGE('',*,*,#1264,.F.);
#1799=ORIENTED_EDGE('',*,*,#1274,.F.);
#1800=ORIENTED_EDGE('',*,*,#1103,.T.);
#1801=ORIENTED_EDGE('',*,*,#1269,.F.);
#1802=ORIENTED_EDGE('',*,*,#1278,.F.);
#1803=ORIENTED_EDGE('',*,*,#1278,.T.);
#1804=ORIENTED_EDGE('',*,*,#1268,.F.);
#1805=ORIENTED_EDGE('',*,*,#1279,.T.);
#1806=ORIENTED_EDGE('',*,*,#1259,.F.);
#1807=ORIENTED_EDGE('',*,*,#1279,.F.);
#1808=ORIENTED_EDGE('',*,*,#1097,.F.);
#1809=ORIENTED_EDGE('',*,*,#1280,.F.);
#1810=ORIENTED_EDGE('',*,*,#1257,.T.);
#1811=ORIENTED_EDGE('',*,*,#1280,.T.);
#1812=ORIENTED_EDGE('',*,*,#1169,.F.);
#1813=ORIENTED_EDGE('',*,*,#1185,.T.);
#1814=ORIENTED_EDGE('',*,*,#1261,.F.);
#1815=ORIENTED_EDGE('',*,*,#1281,.T.);
#1816=ORIENTED_EDGE('',*,*,#1265,.T.);
#1817=ORIENTED_EDGE('',*,*,#1277,.T.);
#1818=ORIENTED_EDGE('',*,*,#1082,.T.);
#1819=ORIENTED_EDGE('',*,*,#1107,.T.);
#1820=ORIENTED_EDGE('',*,*,#1047,.T.);
#1821=ORIENTED_EDGE('',*,*,#1238,.T.);
#1822=ORIENTED_EDGE('',*,*,#1276,.T.);
#1823=ORIENTED_EDGE('',*,*,#1204,.T.);
#1824=ORIENTED_EDGE('',*,*,#1043,.T.);
#1825=ORIENTED_EDGE('',*,*,#1051,.T.);
#1826=ORIENTED_EDGE('',*,*,#1197,.T.);
#1827=ORIENTED_EDGE('',*,*,#1282,.T.);
#1828=ORIENTED_EDGE('',*,*,#1198,.T.);
#1829=ORIENTED_EDGE('',*,*,#1077,.T.);
#1830=ORIENTED_EDGE('',*,*,#1092,.T.);
#1831=ORIENTED_EDGE('',*,*,#1194,.F.);
#1832=ORIENTED_EDGE('',*,*,#1199,.T.);
#1833=ORIENTED_EDGE('',*,*,#1282,.F.);
#1834=ORIENTED_EDGE('',*,*,#1091,.F.);
#1835=ORIENTED_EDGE('',*,*,#1246,.F.);
#1836=ORIENTED_EDGE('',*,*,#1208,.F.);
#1837=ORIENTED_EDGE('',*,*,#1205,.F.);
#1838=ORIENTED_EDGE('',*,*,#1283,.T.);
#1839=ORIENTED_EDGE('',*,*,#1284,.T.);
#1840=ORIENTED_EDGE('',*,*,#1275,.T.);
#1841=ORIENTED_EDGE('',*,*,#1281,.F.);
#1842=ORIENTED_EDGE('',*,*,#1081,.T.);
#1843=ORIENTED_EDGE('',*,*,#1013,.T.);
#1844=ORIENTED_EDGE('',*,*,#1101,.F.);
#1845=ORIENTED_EDGE('',*,*,#1115,.F.);
#1846=ORIENTED_EDGE('',*,*,#1255,.F.);
#1847=ORIENTED_EDGE('',*,*,#1004,.T.);
#1848=ORIENTED_EDGE('',*,*,#1073,.T.);
#1849=ORIENTED_EDGE('',*,*,#1273,.F.);
#1850=ORIENTED_EDGE('',*,*,#1110,.T.);
#1851=ORIENTED_EDGE('',*,*,#1030,.T.);
#1852=ORIENTED_EDGE('',*,*,#997,.T.);
#1853=ORIENTED_EDGE('',*,*,#1109,.T.);
#1854=ORIENTED_EDGE('',*,*,#1284,.F.);
#1855=ORIENTED_EDGE('',*,*,#1080,.T.);
#1856=ORIENTED_EDGE('',*,*,#1000,.T.);
#1857=ORIENTED_EDGE('',*,*,#1195,.F.);
#1858=ORIENTED_EDGE('',*,*,#1283,.F.);
#1859=ORIENTED_EDGE('',*,*,#1207,.F.);
#1860=ORIENTED_EDGE('',*,*,#1200,.F.);
#1861=ORIENTED_EDGE('',*,*,#1186,.F.);
#1862=ORIENTED_EDGE('',*,*,#1191,.T.);
#1863=ORIENTED_EDGE('',*,*,#1219,.F.);
#1864=ORIENTED_EDGE('',*,*,#1224,.T.);
#1865=ORIENTED_EDGE('',*,*,#1233,.F.);
#1866=ORIENTED_EDGE('',*,*,#1212,.F.);
#1867=ORIENTED_EDGE('',*,*,#1241,.F.);
#1868=ORIENTED_EDGE('',*,*,#1063,.F.);
#1869=ORIENTED_EDGE('',*,*,#1167,.F.);
#1870=ORIENTED_EDGE('',*,*,#1095,.T.);
#1871=ORIENTED_EDGE('',*,*,#1034,.F.);
#1872=ORIENTED_EDGE('',*,*,#1038,.F.);
#1873=ORIENTED_EDGE('',*,*,#1041,.F.);
#1874=ORIENTED_EDGE('',*,*,#1068,.T.);
#1875=ORIENTED_EDGE('',*,*,#1181,.F.);
#1876=ORIENTED_EDGE('',*,*,#1182,.T.);
#1877=ORIENTED_EDGE('',*,*,#988,.T.);
#1878=ORIENTED_EDGE('',*,*,#1254,.F.);
#1879=ORIENTED_EDGE('',*,*,#1249,.T.);
#1880=ORIENTED_EDGE('',*,*,#1247,.F.);
#1881=PLANE('',#2057);
#1882=PLANE('',#2060);
#1883=PLANE('',#2063);
#1884=PLANE('',#2065);
#1885=PLANE('',#2068);
#1886=PLANE('',#2071);
#1887=PLANE('',#2080);
#1888=PLANE('',#2085);
#1889=PLANE('',#2089);
#1890=PLANE('',#2090);
#1891=PLANE('',#2092);
#1892=PLANE('',#2094);
#1893=PLANE('',#2095);
#1894=PLANE('',#2100);
#1895=PLANE('',#2107);
#1896=PLANE('',#2111);
#1897=PLANE('',#2113);
#1898=PLANE('',#2115);
#1899=PLANE('',#2117);
#1900=PLANE('',#2119);
#1901=PLANE('',#2130);
#1902=PLANE('',#2141);
#1903=PLANE('',#2159);
#1904=PLANE('',#2161);
#1905=PLANE('',#2162);
#1906=PLANE('',#2179);
#1907=PLANE('',#2182);
#1908=PLANE('',#2186);
#1909=PLANE('',#2187);
#1910=PLANE('',#2193);
#1911=PLANE('',#2199);
#1912=PLANE('',#2200);
#1913=PLANE('',#2205);
#1914=PLANE('',#2211);
#1915=PLANE('',#2227);
#1916=PLANE('',#2230);
#1917=PLANE('',#2234);
#1918=PLANE('',#2240);
#1919=PLANE('',#2250);
#1920=PLANE('',#2251);
#1921=PLANE('',#2254);
#1922=PLANE('',#2262);
#1923=PLANE('',#2265);
#1924=PLANE('',#2268);
#1925=PLANE('',#2269);
#1926=PLANE('',#2270);
#1927=PLANE('',#2271);
#1928=ADVANCED_FACE('',(#117),#1881,.F.);
#1929=ADVANCED_FACE('',(#118),#1882,.F.);
#1930=ADVANCED_FACE('',(#119),#1883,.F.);
#1931=ADVANCED_FACE('',(#120),#1884,.F.);
#1932=ADVANCED_FACE('',(#121),#1885,.F.);
#1933=ADVANCED_FACE('',(#122),#1886,.F.);
#1934=ADVANCED_FACE('',(#123),#1887,.F.);
#1935=ADVANCED_FACE('',(#124),#60,.T.);
#1936=ADVANCED_FACE('',(#125),#1888,.T.);
#1937=ADVANCED_FACE('',(#126),#61,.T.);
#1938=ADVANCED_FACE('',(#127),#1889,.F.);
#1939=ADVANCED_FACE('',(#128),#1890,.T.);
#1940=ADVANCED_FACE('',(#129),#1891,.T.);
#1941=ADVANCED_FACE('',(#130),#1892,.T.);
#1942=ADVANCED_FACE('',(#131),#1893,.T.);
#1943=ADVANCED_FACE('',(#132),#62,.T.);
#1944=ADVANCED_FACE('',(#133),#63,.T.);
#1945=ADVANCED_FACE('',(#134),#1894,.F.);
#1946=ADVANCED_FACE('',(#135),#64,.T.);
#1947=ADVANCED_FACE('',(#136),#65,.T.);
#1948=ADVANCED_FACE('',(#137),#66,.T.);
#1949=ADVANCED_FACE('',(#138),#1895,.T.);
#1950=ADVANCED_FACE('',(#139),#67,.T.);
#1951=ADVANCED_FACE('',(#140),#1896,.F.);
#1952=ADVANCED_FACE('',(#141),#1897,.T.);
#1953=ADVANCED_FACE('',(#142),#1898,.T.);
#1954=ADVANCED_FACE('',(#143),#1899,.T.);
#1955=ADVANCED_FACE('',(#144),#1900,.T.);
#1956=ADVANCED_FACE('',(#145),#68,.T.);
#1957=ADVANCED_FACE('',(#146),#21,.T.);
#1958=ADVANCED_FACE('',(#147),#69,.F.);
#1959=ADVANCED_FACE('',(#148),#22,.T.);
#1960=ADVANCED_FACE('',(#149),#1901,.F.);
#1961=ADVANCED_FACE('',(#150),#70,.T.);
#1962=ADVANCED_FACE('',(#151),#71,.T.);
#1963=ADVANCED_FACE('',(#152),#23,.T.);
#1964=ADVANCED_FACE('',(#153),#72,.F.);
#1965=ADVANCED_FACE('',(#154),#24,.T.);
#1966=ADVANCED_FACE('',(#155),#1902,.F.);
#1967=ADVANCED_FACE('',(#156),#73,.T.);
#1968=ADVANCED_FACE('',(#157),#25,.T.);
#1969=ADVANCED_FACE('',(#158),#74,.F.);
#1970=ADVANCED_FACE('',(#159),#26,.T.);
#1971=ADVANCED_FACE('',(#160),#75,.T.);
#1972=ADVANCED_FACE('',(#161),#76,.T.);
#1973=ADVANCED_FACE('',(#162),#27,.T.);
#1974=ADVANCED_FACE('',(#163),#77,.F.);
#1975=ADVANCED_FACE('',(#164),#28,.T.);
#1976=ADVANCED_FACE('',(#165),#78,.T.);
#1977=ADVANCED_FACE('',(#166),#1903,.F.);
#1978=ADVANCED_FACE('',(#167),#79,.T.);
#1979=ADVANCED_FACE('',(#168),#1904,.F.);
#1980=ADVANCED_FACE('',(#169,#19),#1905,.T.);
#1981=ADVANCED_FACE('',(#170),#80,.T.);
#1982=ADVANCED_FACE('',(#171),#81,.T.);
#1983=ADVANCED_FACE('',(#172),#15,.T.);
#1984=ADVANCED_FACE('',(#173),#82,.T.);
#1985=ADVANCED_FACE('',(#174),#83,.T.);
#1986=ADVANCED_FACE('',(#175),#16,.T.);
#1987=ADVANCED_FACE('',(#176),#84,.T.);
#1988=ADVANCED_FACE('',(#177),#1906,.T.);
#1989=ADVANCED_FACE('',(#178),#85,.T.);
#1990=ADVANCED_FACE('',(#179),#1907,.T.);
#1991=ADVANCED_FACE('',(#180),#86,.T.);
#1992=ADVANCED_FACE('',(#181),#1908,.T.);
#1993=ADVANCED_FACE('',(#182),#1909,.F.);
#1994=ADVANCED_FACE('',(#183),#87,.T.);
#1995=ADVANCED_FACE('',(#184),#1910,.T.);
#1996=ADVANCED_FACE('',(#185),#88,.T.);
#1997=ADVANCED_FACE('',(#186),#89,.T.);
#1998=ADVANCED_FACE('',(#187),#1911,.F.);
#1999=ADVANCED_FACE('',(#188),#1912,.F.);
#2000=ADVANCED_FACE('',(#189),#90,.T.);
#2001=ADVANCED_FACE('',(#190),#1913,.F.);
#2002=ADVANCED_FACE('',(#191),#91,.T.);
#2003=ADVANCED_FACE('',(#192),#92,.T.);
#2004=ADVANCED_FACE('',(#193),#93,.T.);
#2005=ADVANCED_FACE('',(#194),#1914,.F.);
#2006=ADVANCED_FACE('',(#195),#94,.T.);
#2007=ADVANCED_FACE('',(#196),#95,.T.);
#2008=ADVANCED_FACE('',(#197),#96,.T.);
#2009=ADVANCED_FACE('',(#198),#17,.T.);
#2010=ADVANCED_FACE('',(#199),#97,.T.);
#2011=ADVANCED_FACE('',(#200),#1915,.T.);
#2012=ADVANCED_FACE('',(#201),#98,.T.);
#2013=ADVANCED_FACE('',(#202),#1916,.T.);
#2014=ADVANCED_FACE('',(#203),#99,.T.);
#2015=ADVANCED_FACE('',(#204),#1917,.F.);
#2016=ADVANCED_FACE('',(#205),#100,.T.);
#2017=ADVANCED_FACE('',(#206),#101,.T.);
#2018=ADVANCED_FACE('',(#207),#102,.T.);
#2019=ADVANCED_FACE('',(#208,#20),#1918,.T.);
#2020=ADVANCED_FACE('',(#209),#103,.T.);
#2021=ADVANCED_FACE('',(#210),#104,.T.);
#2022=ADVANCED_FACE('',(#211),#105,.T.);
#2023=ADVANCED_FACE('',(#212),#106,.T.);
#2024=ADVANCED_FACE('',(#213),#107,.T.);
#2025=ADVANCED_FACE('',(#214),#1919,.T.);
#2026=ADVANCED_FACE('',(#215),#1920,.T.);
#2027=ADVANCED_FACE('',(#216),#108,.T.);
#2028=ADVANCED_FACE('',(#217),#1921,.F.);
#2029=ADVANCED_FACE('',(#218),#109,.T.);
#2030=ADVANCED_FACE('',(#219),#110,.T.);
#2031=ADVANCED_FACE('',(#220),#111,.T.);
#2032=ADVANCED_FACE('',(#221),#112,.T.);
#2033=ADVANCED_FACE('',(#222),#113,.T.);
#2034=ADVANCED_FACE('',(#223),#1922,.T.);
#2035=ADVANCED_FACE('',(#224),#114,.T.);
#2036=ADVANCED_FACE('',(#225),#1923,.F.);
#2037=ADVANCED_FACE('',(#226),#115,.T.);
#2038=ADVANCED_FACE('',(#227),#116,.T.);
#2039=ADVANCED_FACE('',(#228),#1924,.F.);
#2040=ADVANCED_FACE('',(#229),#1925,.T.);
#2041=ADVANCED_FACE('',(#230),#1926,.T.);
#2042=ADVANCED_FACE('',(#231),#1927,.T.);
#2043=CLOSED_SHELL('',(#1928,#1929,#1930,#1931,#1932,#1933,#1934,#1935,
#1936,#1937,#1938,#1939,#1940,#1941,#1942,#1943,#1944,#1945,#1946,#1947,
#1948,#1949,#1950,#1951,#1952,#1953,#1954,#1955,#1956,#1957,#1958,#1959,
#1960,#1961,#1962,#1963,#1964,#1965,#1966,#1967,#1968,#1969,#1970,#1971,
#1972,#1973,#1974,#1975,#1976,#1977,#1978,#1979,#1980,#1981,#1982,#1983,
#1984,#1985,#1986,#1987,#1988,#1989,#1990,#1991,#1992,#1993,#1994,#1995,
#1996,#1997,#1998,#1999,#2000,#2001,#2002,#2003,#2004,#2005,#2006,#2007,
#2008,#2009,#2010,#2011,#2012,#2013,#2014,#2015,#2016,#2017,#2018,#2019,
#2020,#2021,#2022,#2023,#2024,#2025,#2026,#2027,#2028,#2029,#2030,#2031,
#2032,#2033,#2034,#2035,#2036,#2037,#2038,#2039,#2040,#2041,#2042));
#2044=DERIVED_UNIT_ELEMENT(#2046,1.);
#2045=DERIVED_UNIT_ELEMENT(#3789,-3.);
#2046=(
MASS_UNIT()
NAMED_UNIT(*)
SI_UNIT(.KILO.,.GRAM.)
);
#2047=DERIVED_UNIT((#2044,#2045));
#2048=MEASURE_REPRESENTATION_ITEM('density measure',
POSITIVE_RATIO_MEASURE(7850.),#2047);
#2049=PROPERTY_DEFINITION_REPRESENTATION(#2054,#2051);
#2050=PROPERTY_DEFINITION_REPRESENTATION(#2055,#2052);
#2051=REPRESENTATION('material name',(#2053),#3786);
#2052=REPRESENTATION('density',(#2048),#3786);
#2053=DESCRIPTIVE_REPRESENTATION_ITEM('Steel','Steel');
#2054=PROPERTY_DEFINITION('material property','material name',#3796);
#2055=PROPERTY_DEFINITION('material property','density of part',#3796);
#2056=AXIS2_PLACEMENT_3D('',#2893,#2272,#2273);
#2057=AXIS2_PLACEMENT_3D('',#2894,#2274,#2275);
#2058=AXIS2_PLACEMENT_3D('',#2897,#2276,#2277);
#2059=AXIS2_PLACEMENT_3D('',#2901,#2279,#2280);
#2060=AXIS2_PLACEMENT_3D('',#2903,#2282,#2283);
#2061=AXIS2_PLACEMENT_3D('',#2906,#2284,#2285);
#2062=AXIS2_PLACEMENT_3D('',#2910,#2287,#2288);
#2063=AXIS2_PLACEMENT_3D('',#2912,#2290,#2291);
#2064=AXIS2_PLACEMENT_3D('',#2919,#2294,#2295);
#2065=AXIS2_PLACEMENT_3D('',#2921,#2297,#2298);
#2066=AXIS2_PLACEMENT_3D('',#2925,#2300,#2301);
#2067=AXIS2_PLACEMENT_3D('',#2929,#2303,#2304);
#2068=AXIS2_PLACEMENT_3D('',#2931,#2306,#2307);
#2069=AXIS2_PLACEMENT_3D('',#2934,#2308,#2309);
#2070=AXIS2_PLACEMENT_3D('',#2942,#2313,#2314);
#2071=AXIS2_PLACEMENT_3D('',#2944,#2316,#2317);
#2072=AXIS2_PLACEMENT_3D('',#2946,#2318,#2319);
#2073=AXIS2_PLACEMENT_3D('',#2957,#2325,#2326);
#2074=AXIS2_PLACEMENT_3D('',#2959,#2327,#2328);
#2075=AXIS2_PLACEMENT_3D('',#2961,#2329,#2330);
#2076=AXIS2_PLACEMENT_3D('',#2965,#2332,#2333);
#2077=AXIS2_PLACEMENT_3D('',#2977,#2339,#2340);
#2078=AXIS2_PLACEMENT_3D('',#2981,#2342,#2343);
#2079=AXIS2_PLACEMENT_3D('',#2982,#2344,#2345);
#2080=AXIS2_PLACEMENT_3D('',#2983,#2346,#2347);
#2081=AXIS2_PLACEMENT_3D('',#2985,#2348,#2349);
#2082=AXIS2_PLACEMENT_3D('',#2989,#2352,#2353);
#2083=AXIS2_PLACEMENT_3D('',#2993,#2355,#2356);
#2084=AXIS2_PLACEMENT_3D('',#2996,#2358,#2359);
#2085=AXIS2_PLACEMENT_3D('',#2997,#2360,#2361);
#2086=AXIS2_PLACEMENT_3D('',#3001,#2364,#2365);
#2087=AXIS2_PLACEMENT_3D('',#3003,#2366,#2367);
#2088=AXIS2_PLACEMENT_3D('',#3006,#2369,#2370);
#2089=AXIS2_PLACEMENT_3D('',#3007,#2371,#2372);
#2090=AXIS2_PLACEMENT_3D('',#3021,#2380,#2381);
#2091=AXIS2_PLACEMENT_3D('',#3026,#2384,#2385);
#2092=AXIS2_PLACEMENT_3D('',#3027,#2386,#2387);
#2093=AXIS2_PLACEMENT_3D('',#3030,#2389,#2390);
#2094=AXIS2_PLACEMENT_3D('',#3031,#2391,#2392);
#2095=AXIS2_PLACEMENT_3D('',#3033,#2394,#2395);
#2096=AXIS2_PLACEMENT_3D('',#3037,#2397,#2398);
#2097=AXIS2_PLACEMENT_3D('',#3041,#2401,#2402);
#2098=AXIS2_PLACEMENT_3D('',#3043,#2404,#2405);
#2099=AXIS2_PLACEMENT_3D('',#3045,#2406,#2407);
#2100=AXIS2_PLACEMENT_3D('',#3047,#2409,#2410);
#2101=AXIS2_PLACEMENT_3D('',#3070,#2423,#2424);
#2102=AXIS2_PLACEMENT_3D('',#3072,#2425,#2426);
#2103=AXIS2_PLACEMENT_3D('',#3074,#2428,#2429);
#2104=AXIS2_PLACEMENT_3D('',#3077,#2431,#2432);
#2105=AXIS2_PLACEMENT_3D('',#3078,#2433,#2434);
#2106=AXIS2_PLACEMENT_3D('',#3081,#2436,#2437);
#2107=AXIS2_PLACEMENT_3D('',#3082,#2438,#2439);
#2108=AXIS2_PLACEMENT_3D('',#3099,#2448,#2449);
#2109=AXIS2_PLACEMENT_3D('',#3107,#2454,#2455);
#2110=AXIS2_PLACEMENT_3D('',#3109,#2456,#2457);
#2111=AXIS2_PLACEMENT_3D('',#3111,#2459,#2460);
#2112=AXIS2_PLACEMENT_3D('',#3122,#2466,#2467);
#2113=AXIS2_PLACEMENT_3D('',#3124,#2469,#2470);
#2114=AXIS2_PLACEMENT_3D('',#3126,#2471,#2472);
#2115=AXIS2_PLACEMENT_3D('',#3128,#2474,#2475);
#2116=AXIS2_PLACEMENT_3D('',#3132,#2477,#2478);
#2117=AXIS2_PLACEMENT_3D('',#3134,#2480,#2481);
#2118=AXIS2_PLACEMENT_3D('',#3136,#2482,#2483);
#2119=AXIS2_PLACEMENT_3D('',#3140,#2486,#2487);
#2120=AXIS2_PLACEMENT_3D('',#3146,#2490,#2491);
#2121=AXIS2_PLACEMENT_3D('',#3148,#2493,#2494);
#2122=AXIS2_PLACEMENT_3D('',#3150,#2495,#2496);
#2123=AXIS2_PLACEMENT_3D('',#3184,#2498,#2499);
#2124=AXIS2_PLACEMENT_3D('',#3186,#2500,#2501);
#2125=AXIS2_PLACEMENT_3D('',#3187,#2502,#2503);
#2126=AXIS2_PLACEMENT_3D('',#3188,#2504,#2505);
#2127=AXIS2_PLACEMENT_3D('',#3192,#2507,#2508);
#2128=AXIS2_PLACEMENT_3D('',#3230,#2510,#2511);
#2129=AXIS2_PLACEMENT_3D('',#3231,#2512,#2513);
#2130=AXIS2_PLACEMENT_3D('',#3232,#2514,#2515);
#2131=AXIS2_PLACEMENT_3D('',#3238,#2519,#2520);
#2132=AXIS2_PLACEMENT_3D('',#3241,#2522,#2523);
#2133=AXIS2_PLACEMENT_3D('',#3242,#2524,#2525);
#2134=AXIS2_PLACEMENT_3D('',#3246,#2527,#2528);
#2135=AXIS2_PLACEMENT_3D('',#3279,#2530,#2531);
#2136=AXIS2_PLACEMENT_3D('',#3280,#2532,#2533);
#2137=AXIS2_PLACEMENT_3D('',#3281,#2534,#2535);
#2138=AXIS2_PLACEMENT_3D('',#3285,#2537,#2538);
#2139=AXIS2_PLACEMENT_3D('',#3323,#2540,#2541);
#2140=AXIS2_PLACEMENT_3D('',#3324,#2542,#2543);
#2141=AXIS2_PLACEMENT_3D('',#3325,#2544,#2545);
#2142=AXIS2_PLACEMENT_3D('',#3327,#2547,#2548);
#2143=AXIS2_PLACEMENT_3D('',#3331,#2550,#2551);
#2144=AXIS2_PLACEMENT_3D('',#3369,#2553,#2554);
#2145=AXIS2_PLACEMENT_3D('',#3371,#2555,#2556);
#2146=AXIS2_PLACEMENT_3D('',#3372,#2557,#2558);
#2147=AXIS2_PLACEMENT_3D('',#3373,#2559,#2560);
#2148=AXIS2_PLACEMENT_3D('',#3375,#2561,#2562);
#2149=AXIS2_PLACEMENT_3D('',#3412,#2564,#2565);
#2150=AXIS2_PLACEMENT_3D('',#3413,#2566,#2567);
#2151=AXIS2_PLACEMENT_3D('',#3415,#2569,#2570);
#2152=AXIS2_PLACEMENT_3D('',#3419,#2572,#2573);
#2153=AXIS2_PLACEMENT_3D('',#3452,#2575,#2576);
#2154=AXIS2_PLACEMENT_3D('',#3453,#2577,#2578);
#2155=AXIS2_PLACEMENT_3D('',#3454,#2579,#2580);
#2156=AXIS2_PLACEMENT_3D('',#3457,#2582,#2583);
#2157=AXIS2_PLACEMENT_3D('',#3489,#2585,#2586);
#2158=AXIS2_PLACEMENT_3D('',#3490,#2587,#2588);
#2159=AXIS2_PLACEMENT_3D('',#3493,#2591,#2592);
#2160=AXIS2_PLACEMENT_3D('',#3494,#2593,#2594);
#2161=AXIS2_PLACEMENT_3D('',#3497,#2597,#2598);
#2162=AXIS2_PLACEMENT_3D('',#3498,#2599,#2600);
#2163=AXIS2_PLACEMENT_3D('',#3507,#2605,#2606);
#2164=AXIS2_PLACEMENT_3D('',#3509,#2607,#2608);
#2165=AXIS2_PLACEMENT_3D('',#3512,#2610,#2611);
#2166=AXIS2_PLACEMENT_3D('',#3513,#2612,#2613);
#2167=AXIS2_PLACEMENT_3D('',#3557,#2614,#2615);
#2168=AXIS2_PLACEMENT_3D('',#3558,#2616,#2617);
#2169=AXIS2_PLACEMENT_3D('',#3560,#2618,#2619);
#2170=AXIS2_PLACEMENT_3D('',#3561,#2620,#2621);
#2171=AXIS2_PLACEMENT_3D('',#3562,#2622,#2623);
#2172=AXIS2_PLACEMENT_3D('',#3565,#2625,#2626);
#2173=AXIS2_PLACEMENT_3D('',#3566,#2627,#2628);
#2174=AXIS2_PLACEMENT_3D('',#3569,#2630,#2631);
#2175=AXIS2_PLACEMENT_3D('',#3571,#2633,#2634);
#2176=AXIS2_PLACEMENT_3D('',#3572,#2635,#2636);
#2177=AXIS2_PLACEMENT_3D('',#3573,#2637,#2638);
#2178=AXIS2_PLACEMENT_3D('',#3576,#2640,#2641);
#2179=AXIS2_PLACEMENT_3D('',#3577,#2642,#2643);
#2180=AXIS2_PLACEMENT_3D('',#3584,#2648,#2649);
#2181=AXIS2_PLACEMENT_3D('',#3586,#2650,#2651);
#2182=AXIS2_PLACEMENT_3D('',#3588,#2653,#2654);
#2183=AXIS2_PLACEMENT_3D('',#3596,#2659,#2660);
#2184=AXIS2_PLACEMENT_3D('',#3599,#2661,#2662);
#2185=AXIS2_PLACEMENT_3D('',#3603,#2664,#2665);
#2186=AXIS2_PLACEMENT_3D('',#3605,#2667,#2668);
#2187=AXIS2_PLACEMENT_3D('',#3612,#2673,#2674);
#2188=AXIS2_PLACEMENT_3D('',#3616,#2676,#2677);
#2189=AXIS2_PLACEMENT_3D('',#3619,#2679,#2680);
#2190=AXIS2_PLACEMENT_3D('',#3620,#2681,#2682);
#2191=AXIS2_PLACEMENT_3D('',#3621,#2683,#2684);
#2192=AXIS2_PLACEMENT_3D('',#3624,#2685,#2686);
#2193=AXIS2_PLACEMENT_3D('',#3627,#2689,#2690);
#2194=AXIS2_PLACEMENT_3D('',#3646,#2701,#2702);
#2195=AXIS2_PLACEMENT_3D('',#3647,#2703,#2704);
#2196=AXIS2_PLACEMENT_3D('',#3648,#2705,#2706);
#2197=AXIS2_PLACEMENT_3D('',#3650,#2707,#2708);
#2198=AXIS2_PLACEMENT_3D('',#3652,#2709,#2710);
#2199=AXIS2_PLACEMENT_3D('',#3654,#2712,#2713);
#2200=AXIS2_PLACEMENT_3D('',#3660,#2717,#2718);
#2201=AXIS2_PLACEMENT_3D('',#3662,#2719,#2720);
#2202=AXIS2_PLACEMENT_3D('',#3665,#2722,#2723);
#2203=AXIS2_PLACEMENT_3D('',#3666,#2724,#2725);
#2204=AXIS2_PLACEMENT_3D('',#3667,#2726,#2727);
#2205=AXIS2_PLACEMENT_3D('',#3669,#2729,#2730);
#2206=AXIS2_PLACEMENT_3D('',#3675,#2734,#2735);
#2207=AXIS2_PLACEMENT_3D('',#3676,#2736,#2737);
#2208=AXIS2_PLACEMENT_3D('',#3677,#2738,#2739);
#2209=AXIS2_PLACEMENT_3D('',#3679,#2741,#2742);
#2210=AXIS2_PLACEMENT_3D('',#3680,#2743,#2744);
#2211=AXIS2_PLACEMENT_3D('',#3681,#2745,#2746);
#2212=AXIS2_PLACEMENT_3D('',#3683,#2747,#2748);
#2213=AXIS2_PLACEMENT_3D('',#3686,#2750,#2751);
#2214=AXIS2_PLACEMENT_3D('',#3687,#2752,#2753);
#2215=AXIS2_PLACEMENT_3D('',#3689,#2754,#2755);
#2216=AXIS2_PLACEMENT_3D('',#3690,#2756,#2757);
#2217=AXIS2_PLACEMENT_3D('',#3691,#2758,#2759);
#2218=AXIS2_PLACEMENT_3D('',#3692,#2760,#2761);
#2219=AXIS2_PLACEMENT_3D('',#3693,#2762,#2763);
#2220=AXIS2_PLACEMENT_3D('',#3694,#2764,#2765);
#2221=AXIS2_PLACEMENT_3D('',#3695,#2766,#2767);
#2222=AXIS2_PLACEMENT_3D('',#3697,#2768,#2769);
#2223=AXIS2_PLACEMENT_3D('',#3698,#2770,#2771);
#2224=AXIS2_PLACEMENT_3D('',#3699,#2772,#2773);
#2225=AXIS2_PLACEMENT_3D('',#3700,#2774,#2775);
#2226=AXIS2_PLACEMENT_3D('',#3701,#2776,#2777);
#2227=AXIS2_PLACEMENT_3D('',#3702,#2778,#2779);
#2228=AXIS2_PLACEMENT_3D('',#3703,#2780,#2781);
#2229=AXIS2_PLACEMENT_3D('',#3706,#2783,#2784);
#2230=AXIS2_PLACEMENT_3D('',#3707,#2785,#2786);
#2231=AXIS2_PLACEMENT_3D('',#3711,#2788,#2789);
#2232=AXIS2_PLACEMENT_3D('',#3714,#2791,#2792);
#2233=AXIS2_PLACEMENT_3D('',#3715,#2793,#2794);
#2234=AXIS2_PLACEMENT_3D('',#3718,#2797,#2798);
#2235=AXIS2_PLACEMENT_3D('',#3725,#2803,#2804);
#2236=AXIS2_PLACEMENT_3D('',#3727,#2805,#2806);
#2237=AXIS2_PLACEMENT_3D('',#3729,#2808,#2809);
#2238=AXIS2_PLACEMENT_3D('',#3730,#2810,#2811);
#2239=AXIS2_PLACEMENT_3D('',#3731,#2812,#2813);
#2240=AXIS2_PLACEMENT_3D('',#3733,#2815,#2816);
#2241=AXIS2_PLACEMENT_3D('',#3742,#2821,#2822);
#2242=AXIS2_PLACEMENT_3D('',#3744,#2824,#2825);
#2243=AXIS2_PLACEMENT_3D('',#3746,#2826,#2827);
#2244=AXIS2_PLACEMENT_3D('',#3748,#2829,#2830);
#2245=AXIS2_PLACEMENT_3D('',#3749,#2831,#2832);
#2246=AXIS2_PLACEMENT_3D('',#3750,#2833,#2834);
#2247=AXIS2_PLACEMENT_3D('',#3751,#2835,#2836);
#2248=AXIS2_PLACEMENT_3D('',#3753,#2838,#2839);
#2249=AXIS2_PLACEMENT_3D('',#3754,#2840,#2841);
#2250=AXIS2_PLACEMENT_3D('',#3756,#2843,#2844);
#2251=AXIS2_PLACEMENT_3D('',#3759,#2847,#2848);
#2252=AXIS2_PLACEMENT_3D('',#3760,#2849,#2850);
#2253=AXIS2_PLACEMENT_3D('',#3762,#2852,#2853);
#2254=AXIS2_PLACEMENT_3D('',#3764,#2855,#2856);
#2255=AXIS2_PLACEMENT_3D('',#3766,#2858,#2859);
#2256=AXIS2_PLACEMENT_3D('',#3767,#2860,#2861);
#2257=AXIS2_PLACEMENT_3D('',#3768,#2862,#2863);
#2258=AXIS2_PLACEMENT_3D('',#3769,#2864,#2865);
#2259=AXIS2_PLACEMENT_3D('',#3770,#2866,#2867);
#2260=AXIS2_PLACEMENT_3D('',#3771,#2868,#2869);
#2261=AXIS2_PLACEMENT_3D('',#3772,#2870,#2871);
#2262=AXIS2_PLACEMENT_3D('',#3773,#2872,#2873);
#2263=AXIS2_PLACEMENT_3D('',#3775,#2875,#2876);
#2264=AXIS2_PLACEMENT_3D('',#3776,#2877,#2878);
#2265=AXIS2_PLACEMENT_3D('',#3777,#2879,#2880);
#2266=AXIS2_PLACEMENT_3D('',#3778,#2881,#2882);
#2267=AXIS2_PLACEMENT_3D('',#3779,#2883,#2884);
#2268=AXIS2_PLACEMENT_3D('',#3780,#2885,#2886);
#2269=AXIS2_PLACEMENT_3D('',#3781,#2887,#2888);
#2270=AXIS2_PLACEMENT_3D('',#3782,#2889,#2890);
#2271=AXIS2_PLACEMENT_3D('',#3783,#2891,#2892);
#2272=DIRECTION('axis',(0.,0.,1.));
#2273=DIRECTION('refdir',(1.,0.,0.));
#2274=DIRECTION('center_axis',(0.,-1.,0.));
#2275=DIRECTION('ref_axis',(-1.,0.,0.));
#2276=DIRECTION('center_axis',(0.,-1.,0.));
#2277=DIRECTION('ref_axis',(-1.,0.,-6.67191265874572E-17));
#2278=DIRECTION('',(-5.65024217889589E-17,0.,-1.));
#2279=DIRECTION('center_axis',(0.,-1.,0.));
#2280=DIRECTION('ref_axis',(-1.,0.,-1.80141641786134E-15));
#2281=DIRECTION('',(0.,0.,-1.));
#2282=DIRECTION('center_axis',(0.,-1.,0.));
#2283=DIRECTION('ref_axis',(-1.,0.,0.));
#2284=DIRECTION('center_axis',(0.,-1.,0.));
#2285=DIRECTION('ref_axis',(-1.,0.,-2.00157379762372E-15));
#2286=DIRECTION('',(0.,0.,-1.));
#2287=DIRECTION('center_axis',(0.,-1.,0.));
#2288=DIRECTION('ref_axis',(-1.,0.,2.00157379762372E-15));
#2289=DIRECTION('',(-5.65024217889589E-17,0.,-1.));
#2290=DIRECTION('center_axis',(-0.840166473720432,0.542328587146367,0.));
#2291=DIRECTION('ref_axis',(0.542328587146366,0.840166473720432,0.));
#2292=DIRECTION('',(-0.542328587146366,-0.840166473720432,1.82791272201246E-16));
#2293=DIRECTION('',(-1.43330090689308E-16,-2.22044604925031E-16,-1.));
#2294=DIRECTION('center_axis',(-0.840166473720432,0.542328587146367,0.));
#2295=DIRECTION('ref_axis',(0.542328587146367,0.840166473720432,1.16596520455319E-16));
#2296=DIRECTION('',(0.,0.,-1.));
#2297=DIRECTION('center_axis',(-0.961523947640823,0.274721127897378,0.));
#2298=DIRECTION('ref_axis',(0.274721127897378,0.961523947640823,0.));
#2299=DIRECTION('',(-0.274721127897378,-0.961523947640823,2.11594944320221E-16));
#2300=DIRECTION('center_axis',(-0.961523947640823,0.274721127897378,0.));
#2301=DIRECTION('ref_axis',(0.274721127897378,0.961523947640823,-1.33438253174914E-16));
#2302=DIRECTION('',(0.274721127897378,0.961523947640823,-2.11594944320221E-16));
#2303=DIRECTION('center_axis',(-0.961523947640823,0.274721127897378,0.));
#2304=DIRECTION('ref_axis',(-0.274721127897378,-0.961523947640823,-1.33438253174914E-16));
#2305=DIRECTION('',(6.34413156928661E-17,2.22044604925031E-16,1.));
#2306=DIRECTION('center_axis',(-0.961523947640823,0.274721127897378,0.));
#2307=DIRECTION('ref_axis',(0.274721127897378,0.961523947640823,0.));
#2308=DIRECTION('center_axis',(-0.961523947640823,0.274721127897378,0.));
#2309=DIRECTION('ref_axis',(0.274721127897378,0.961523947640823,-9.34067772224401E-16));
#2310=DIRECTION('',(0.,0.,-1.));
#2311=DIRECTION('',(0.274721127897378,0.961523947640823,-2.11594944320221E-16));
#2312=DIRECTION('',(6.34413156928661E-17,2.22044604925031E-16,1.));
#2313=DIRECTION('center_axis',(-0.961523947640823,0.274721127897378,0.));
#2314=DIRECTION('ref_axis',(-0.274721127897378,-0.961523947640823,-9.34067772224401E-16));
#2315=DIRECTION('',(-0.274721127897378,-0.961523947640823,2.11594944320221E-16));
#2316=DIRECTION('center_axis',(0.912377872788714,0.409349016421857,0.));
#2317=DIRECTION('ref_axis',(0.409349016421857,-0.912377872788714,0.));
#2318=DIRECTION('center_axis',(0.912377872788714,0.409349016421857,0.));
#2319=DIRECTION('ref_axis',(-0.409349016421857,0.912377872788714,-2.57896794388393E-16));
#2320=DIRECTION('',(9.96229121055091E-17,-2.22044604925031E-16,-1.));
#2321=DIRECTION('',(0.409349016421857,-0.912377872788714,2.0542901370033E-16));
#2322=DIRECTION('',(-1.55574556065274E-16,3.46752469967103E-16,-1.));
#2323=DIRECTION('',(-0.409349016421857,0.912377872788714,-2.0542901370033E-16));
#2324=DIRECTION('',(9.96229121055091E-17,-2.22044604925031E-16,-1.));
#2325=DIRECTION('center_axis',(0.912377872788714,0.409349016421857,0.));
#2326=DIRECTION('ref_axis',(-0.409349016421857,0.912377872788714,-2.47977686911917E-16));
#2327=DIRECTION('center_axis',(0.912377872788714,0.409349016421857,0.));
#2328=DIRECTION('ref_axis',(-0.409349016421857,0.912377872788714,-2.28139471958963E-16));
#2329=DIRECTION('center_axis',(0.912377872788714,0.409349016421857,0.));
#2330=DIRECTION('ref_axis',(0.409349016421857,-0.912377872788714,-1.26617865191069E-16));
#2331=DIRECTION('',(0.409349016421857,-0.912377872788714,2.0542901370033E-16));
#2332=DIRECTION('center_axis',(0.912377872788714,0.409349016421857,0.));
#2333=DIRECTION('ref_axis',(-0.409349016421857,0.912377872788714,-1.26617865191069E-16));
#2334=DIRECTION('',(-9.96229121055091E-17,2.22044604925031E-16,1.));
#2335=DIRECTION('',(-0.409349016421857,0.912377872788714,-2.0542901370033E-16));
#2336=DIRECTION('',(-6.93889390390723E-18,2.22044604925031E-16,1.));
#2337=DIRECTION('',(0.409349016421857,-0.912377872788714,2.0542901370033E-16));
#2338=DIRECTION('',(-9.96229121055091E-17,2.22044604925031E-16,1.));
#2339=DIRECTION('center_axis',(0.912377872788714,0.409349016421857,0.));
#2340=DIRECTION('ref_axis',(-0.409349016421857,0.912377872788714,-1.89926797786603E-16));
#2341=DIRECTION('',(-0.409349016421857,0.912377872788714,-2.0542901370033E-16));
#2342=DIRECTION('center_axis',(0.912377872788714,0.409349016421857,0.));
#2343=DIRECTION('ref_axis',(0.409349016421857,-0.912377872788714,-1.89926797786603E-16));
#2344=DIRECTION('center_axis',(0.912377872788714,0.409349016421857,0.));
#2345=DIRECTION('ref_axis',(-0.409349016421857,0.912377872788714,-2.18220364482486E-16));
#2346=DIRECTION('center_axis',(-0.840166473720432,0.542328587146367,0.));
#2347=DIRECTION('ref_axis',(0.542328587146366,0.840166473720432,0.));
#2348=DIRECTION('center_axis',(-0.840166473720432,0.542328587146367,0.));
#2349=DIRECTION('ref_axis',(0.542328587146366,0.840166473720432,-1.74894780682978E-16));
#2350=DIRECTION('',(-1.43330090689308E-16,-2.22044604925031E-16,-1.));
#2351=DIRECTION('',(0.542328587146366,0.840166473720432,-1.82791272201246E-16));
#2352=DIRECTION('center_axis',(-0.274721127897378,0.961523947640823,-2.15407465839505E-16));
#2353=DIRECTION('ref_axis',(-0.679900103650088,-0.194257172471454,0.707106781186545));
#2354=DIRECTION('',(0.274721127897378,-0.961523947640823,2.15407465839505E-16));
#2355=DIRECTION('center_axis',(-6.93889390390723E-18,1.,-2.22044604925031E-16));
#2356=DIRECTION('ref_axis',(-1.,4.88882529433818E-31,-2.00157379762372E-15));
#2357=DIRECTION('',(-0.274721127897378,0.961523947640823,-2.15407465839505E-16));
#2358=DIRECTION('center_axis',(-6.93889390390723E-18,1.,-2.22044604925031E-16));
#2359=DIRECTION('ref_axis',(-1.,4.88882529433818E-31,-2.00157379762372E-15));
#2360=DIRECTION('center_axis',(-0.961523947640823,-0.274721127897378,5.43284316497866E-17));
#2361=DIRECTION('ref_axis',(0.274721127897378,-0.961523947640823,2.15407465839505E-16));
#2362=DIRECTION('',(-0.274721127897378,0.961523947640823,-2.15407465839505E-16));
#2363=DIRECTION('',(-6.93889390390723E-18,2.22044604925031E-16,1.));
#2364=DIRECTION('center_axis',(-0.274721127897378,0.961523947640823,-2.15407465839505E-16));
#2365=DIRECTION('ref_axis',(-0.679900103650088,-0.194257172471454,-0.707106781186545));
#2366=DIRECTION('center_axis',(-0.798348648116026,0.602195513144456,0.));
#2367=DIRECTION('ref_axis',(-0.602195513144455,-0.798348648116026,8.30948485140734E-16));
#2368=DIRECTION('',(0.274721127897378,-0.961523947640823,2.15407465839505E-16));
#2369=DIRECTION('center_axis',(-6.93889390390723E-18,1.,-2.22044604925031E-16));
#2370=DIRECTION('ref_axis',(-1.,-4.88882529433818E-31,2.00157379762372E-15));
#2371=DIRECTION('center_axis',(-6.93889390390723E-18,2.22044604925031E-16,
1.));
#2372=DIRECTION('ref_axis',(-0.274998288770277,-0.961444715609493,2.11575428085236E-16));
#2373=DIRECTION('',(1.,6.93889390390723E-18,6.93889390390723E-18));
#2374=DIRECTION('',(0.274721127897378,0.961523947640823,-2.11594944320221E-16));
#2375=DIRECTION('',(0.961444715609493,-0.274998288770277,6.77332492611424E-17));
#2376=DIRECTION('',(-0.274998288770277,-0.961444715609493,2.11575428085236E-16));
#2377=DIRECTION('',(0.961444715609493,-0.274998288770277,6.77332492611424E-17));
#2378=DIRECTION('',(0.274721127897378,0.961523947640823,-2.11594944320221E-16));
#2379=DIRECTION('',(-1.,-6.93889390390723E-18,-6.93889390390723E-18));
#2380=DIRECTION('center_axis',(6.93889390390723E-18,-1.,2.22044604925031E-16));
#2381=DIRECTION('ref_axis',(1.,6.93889390390723E-18,6.93889390390723E-18));
#2382=DIRECTION('',(1.,6.93889390390723E-18,6.93889390390723E-18));
#2383=DIRECTION('',(-6.93889390390723E-18,2.22044604925031E-16,1.));
#2384=DIRECTION('center_axis',(-6.93889390390723E-18,1.,-2.22044604925031E-16));
#2385=DIRECTION('ref_axis',(1.,-1.48146221040551E-32,1.80141641786134E-15));
#2386=DIRECTION('center_axis',(6.93889390390723E-18,-1.,2.22044604925031E-16));
#2387=DIRECTION('ref_axis',(1.,6.93889390390723E-18,6.93889390390723E-18));
#2388=DIRECTION('',(1.,6.93889390390723E-18,6.93889390390723E-18));
#2389=DIRECTION('center_axis',(-6.93889390390723E-18,1.,-2.22044604925031E-16));
#2390=DIRECTION('ref_axis',(-1.,-7.25916483098699E-31,-6.67191265874572E-17));
#2391=DIRECTION('center_axis',(6.93889390390723E-18,-1.,2.22044604925031E-16));
#2392=DIRECTION('ref_axis',(1.,6.93889390390723E-18,6.93889390390723E-18));
#2393=DIRECTION('',(-1.,-6.93889390390723E-18,-6.93889390390723E-18));
#2394=DIRECTION('center_axis',(6.93889390390723E-18,-1.,2.22044604925031E-16));
#2395=DIRECTION('ref_axis',(1.,6.93889390390723E-18,6.93889390390723E-18));
#2396=DIRECTION('',(-1.,-6.93889390390723E-18,-6.93889390390723E-18));
#2397=DIRECTION('center_axis',(-6.93889390390723E-18,1.,-2.22044604925031E-16));
#2398=DIRECTION('ref_axis',(1.,4.88882529433818E-31,3.33595632937286E-16));
#2399=DIRECTION('',(-6.93889390390723E-18,2.22044604925031E-16,1.));
#2400=DIRECTION('',(-1.,-6.93889390390723E-18,-6.93889390390723E-18));
#2401=DIRECTION('center_axis',(-1.,-6.93889390390723E-18,-6.93889390390723E-18));
#2402=DIRECTION('ref_axis',(0.,-0.707106781186551,-0.707106781186544));
#2403=DIRECTION('',(1.,6.93889390390723E-18,6.93889390390723E-18));
#2404=DIRECTION('center_axis',(-1.,-6.93889390390723E-18,-6.93889390390723E-18));
#2405=DIRECTION('ref_axis',(0.,-0.707106781186551,-0.707106781186544));
#2406=DIRECTION('center_axis',(0.798348648116028,0.602195513144452,0.));
#2407=DIRECTION('ref_axis',(0.602195513144452,-0.798348648116028,4.98569091084439E-16));
#2408=DIRECTION('',(1.,6.93889390390723E-18,6.93889390390723E-18));
#2409=DIRECTION('center_axis',(-6.93889390390723E-18,2.22044604925031E-16,
1.));
#2410=DIRECTION('ref_axis',(1.,6.93889390390723E-18,6.93889390390723E-18));
#2411=DIRECTION('',(0.274721127897378,0.961523947640823,-2.11594944320221E-16));
#2412=DIRECTION('',(-1.,-6.93889390390723E-18,-6.93889390390723E-18));
#2413=DIRECTION('',(-0.274998288770277,-0.961444715609493,2.11575428085236E-16));
#2414=DIRECTION('',(-1.,0.,-6.93889390390723E-18));
#2415=DIRECTION('',(-0.999949808170188,-0.0100190388961897,-4.71387209469235E-18));
#2416=DIRECTION('',(-0.274721127897378,0.961523947640823,-2.15407465839505E-16));
#2417=DIRECTION('',(1.,6.93889390390723E-18,6.93889390390723E-18));
#2418=DIRECTION('',(-1.,-6.93889390390723E-18,-6.93889390390723E-18));
#2419=DIRECTION('',(0.274721127897378,-0.961523947640823,2.15407465839505E-16));
#2420=DIRECTION('',(1.,6.93889390390723E-18,6.93889390390723E-18));
#2421=DIRECTION('',(0.274721127897378,0.961523947640823,-2.11594944320221E-16));
#2422=DIRECTION('',(-1.,-6.93889390390723E-18,-6.93889390390723E-18));
#2423=DIRECTION('center_axis',(1.,6.93889390390723E-18,6.93889390390723E-18));
#2424=DIRECTION('ref_axis',(0.,-0.70710678118655,0.707106781186545));
#2425=DIRECTION('center_axis',(-0.798348648116026,0.602195513144456,0.));
#2426=DIRECTION('ref_axis',(-0.602195513144456,-0.798348648116026,6.09362222436539E-16));
#2427=DIRECTION('',(-1.,-6.93889390390723E-18,-6.93889390390723E-18));
#2428=DIRECTION('center_axis',(1.,6.93889390390723E-18,6.93889390390723E-18));
#2429=DIRECTION('ref_axis',(0.,-0.70710678118655,0.707106781186545));
#2430=DIRECTION('',(-1.,-6.93889390390723E-18,-6.93889390390723E-18));
#2431=DIRECTION('center_axis',(0.798348648116029,0.602195513144451,0.));
#2432=DIRECTION('ref_axis',(0.602195513144451,-0.798348648116029,3.87775959732341E-16));
#2433=DIRECTION('center_axis',(-1.,-6.93889390390723E-18,-6.93889390390723E-18));
#2434=DIRECTION('ref_axis',(0.,0.707106781186551,-0.707106781186544));
#2435=DIRECTION('',(1.,6.93889390390723E-18,6.93889390390723E-18));
#2436=DIRECTION('center_axis',(-0.602195513144452,-0.798348648116028,0.));
#2437=DIRECTION('ref_axis',(-0.798348648116028,0.602195513144452,-1.67142831004733E-16));
#2438=DIRECTION('center_axis',(-6.93889390390723E-18,2.22044604925031E-16,
1.));
#2439=DIRECTION('ref_axis',(6.93889390390723E-18,-1.,2.22044604925031E-16));
#2440=DIRECTION('',(1.,6.93889390390723E-18,6.93889390390723E-18));
#2441=DIRECTION('',(-0.274721127897378,-0.961523947640823,2.11594944320221E-16));
#2442=DIRECTION('',(-1.,-6.93889390390723E-18,-6.93889390390723E-18));
#2443=DIRECTION('',(0.274721127897378,-0.961523947640823,2.15407465839505E-16));
#2444=DIRECTION('',(1.,6.93889390390723E-18,6.93889390390723E-18));
#2445=DIRECTION('',(-0.274721127897378,0.961523947640823,-2.15407465839505E-16));
#2446=DIRECTION('',(1.,6.93889390390723E-18,6.93889390390723E-18));
#2447=DIRECTION('',(-0.274721127897378,0.961523947640823,-2.15407465839505E-16));
#2448=DIRECTION('center_axis',(6.93889390390723E-18,-2.22044604925031E-16,
-1.));
#2449=DIRECTION('ref_axis',(0.598188563509735,0.801355378397225,0.));
#2450=DIRECTION('',(-0.999949808170188,-0.0100190388961897,-4.71387209469235E-18));
#2451=DIRECTION('',(0.274998288770277,0.961444715609493,-2.11575428085236E-16));
#2452=DIRECTION('',(1.,6.93889390390723E-18,6.93889390390723E-18));
#2453=DIRECTION('',(-0.274721127897378,-0.961523947640823,2.11594944320221E-16));
#2454=DIRECTION('center_axis',(-1.,-6.93889390390723E-18,-6.93889390390723E-18));
#2455=DIRECTION('ref_axis',(0.,0.70710678118655,0.707106781186545));
#2456=DIRECTION('center_axis',(0.961523947640823,0.274721127897378,-5.43284316497866E-17));
#2457=DIRECTION('ref_axis',(-0.274721127897378,0.961523947640823,-1.33438253174914E-16));
#2458=DIRECTION('',(-1.,-6.93889390390723E-18,-6.93889390390723E-18));
#2459=DIRECTION('center_axis',(6.93889390390723E-18,-2.22044604925031E-16,
-1.));
#2460=DIRECTION('ref_axis',(0.274721127897378,-0.961523947640823,2.15407465839505E-16));
#2461=DIRECTION('',(-1.,-6.93889390390723E-18,-6.93889390390723E-18));
#2462=DIRECTION('',(0.274721127897378,-0.961523947640823,2.15407465839505E-16));
#2463=DIRECTION('',(-0.961523947640823,-0.274721127897378,5.43284316497866E-17));
#2464=DIRECTION('',(-0.274721127897378,0.961523947640823,-2.15407465839505E-16));
#2465=DIRECTION('',(1.,6.93889390390723E-18,6.93889390390723E-18));
#2466=DIRECTION('center_axis',(6.93889390390723E-18,-2.22044604925031E-16,
-1.));
#2467=DIRECTION('ref_axis',(0.602195513144455,0.798348648116026,0.));
#2468=DIRECTION('',(0.274721127897378,-0.961523947640823,2.15407465839505E-16));
#2469=DIRECTION('center_axis',(-6.93889390390723E-18,1.,-2.22044604925031E-16));
#2470=DIRECTION('ref_axis',(-1.,-6.93889390390723E-18,-6.93889390390723E-18));
#2471=DIRECTION('center_axis',(6.93889390390723E-18,-1.,2.22044604925031E-16));
#2472=DIRECTION('ref_axis',(-1.,1.00739430307575E-30,1.33438253174914E-16));
#2473=DIRECTION('',(-6.93889390390723E-18,2.22044604925031E-16,1.));
#2474=DIRECTION('center_axis',(-6.93889390390723E-18,1.,-2.22044604925031E-16));
#2475=DIRECTION('ref_axis',(-1.,-6.93889390390723E-18,-6.93889390390723E-18));
#2476=DIRECTION('',(-6.93889390390723E-18,2.22044604925031E-16,1.));
#2477=DIRECTION('center_axis',(6.93889390390723E-18,-1.,2.22044604925031E-16));
#2478=DIRECTION('ref_axis',(-1.,-7.25916483098699E-31,-6.67191265874572E-17));
#2479=DIRECTION('',(-1.,-6.93889390390723E-18,-6.93889390390723E-18));
#2480=DIRECTION('center_axis',(-6.93889390390723E-18,1.,-2.22044604925031E-16));
#2481=DIRECTION('ref_axis',(-1.,-6.93889390390723E-18,-6.93889390390723E-18));
#2482=DIRECTION('center_axis',(6.93889390390723E-18,-1.,2.22044604925031E-16));
#2483=DIRECTION('ref_axis',(1.,2.51848575768936E-31,1.93485467103626E-15));
#2484=DIRECTION('',(-6.93889390390723E-18,2.22044604925031E-16,1.));
#2485=DIRECTION('',(-1.,-6.93889390390723E-18,-6.93889390390723E-18));
#2486=DIRECTION('center_axis',(-6.93889390390723E-18,1.,-2.22044604925031E-16));
#2487=DIRECTION('ref_axis',(-1.,-6.93889390390723E-18,-6.93889390390723E-18));
#2488=DIRECTION('',(1.,6.93889390390723E-18,6.93889390390723E-18));
#2489=DIRECTION('',(-6.93889390390723E-18,2.22044604925031E-16,1.));
#2490=DIRECTION('center_axis',(6.93889390390723E-18,-1.,2.22044604925031E-16));
#2491=DIRECTION('ref_axis',(1.,4.88882529433818E-31,7.33910392462029E-16));
#2492=DIRECTION('',(1.,6.93889390390723E-18,6.93889390390723E-18));
#2493=DIRECTION('center_axis',(6.93889390390723E-18,-2.22044604925031E-16,
-1.));
#2494=DIRECTION('ref_axis',(0.602195513144455,0.798348648116026,0.));
#2495=DIRECTION('center_axis',(-6.93889390390723E-18,2.22044604925031E-16,
1.));
#2496=DIRECTION('ref_axis',(0.602195513144455,0.798348648116026,0.));
#2497=DIRECTION('',(6.93889390390723E-18,-2.22044604925031E-16,-1.));
#2498=DIRECTION('center_axis',(0.,-1.,0.));
#2499=DIRECTION('ref_axis',(6.10622663543841E-15,0.,1.));
#2500=DIRECTION('center_axis',(0.894427190999916,-1.24126707662363E-16,
0.447213595499959));
#2501=DIRECTION('ref_axis',(0.447213595499959,-3.97205464519564E-15,-0.894427190999915));
#2502=DIRECTION('center_axis',(-0.447213595499958,9.93013661298915E-16,
-0.894427190999916));
#2503=DIRECTION('ref_axis',(0.894427190999916,0.,-0.447213595499958));
#2504=DIRECTION('center_axis',(6.93889390390723E-18,-1.,2.22044604925031E-16));
#2505=DIRECTION('ref_axis',(-0.707106781186546,0.,0.707106781186549));
#2506=DIRECTION('',(6.93889390390723E-18,-1.,2.22044604925031E-16));
#2507=DIRECTION('center_axis',(0.,-1.,0.));
#2508=DIRECTION('ref_axis',(0.,0.,1.));
#2509=DIRECTION('',(-6.93889390390723E-18,1.,-2.22044604925031E-16));
#2510=DIRECTION('center_axis',(-0.447213595499958,9.93013661298913E-16,
-0.894427190999916));
#2511=DIRECTION('ref_axis',(0.894427190999916,0.,-0.447213595499958));
#2512=DIRECTION('center_axis',(0.894427190999916,-1.24126707662363E-16,
0.447213595499958));
#2513=DIRECTION('ref_axis',(0.447213595499958,-3.97205464519563E-15,-0.894427190999916));
#2514=DIRECTION('center_axis',(-6.93889390390723E-18,2.22044604925031E-16,
1.));
#2515=DIRECTION('ref_axis',(-1.,-6.93889390390723E-18,-6.93889390390723E-18));
#2516=DIRECTION('',(-1.,0.,-6.93889390390723E-18));
#2517=DIRECTION('',(-6.93889390390723E-18,1.,-2.22044604925031E-16));
#2518=DIRECTION('',(1.,6.93889390390723E-18,6.93889390390723E-18));
#2519=DIRECTION('center_axis',(-1.,0.,-6.93889390390723E-18));
#2520=DIRECTION('ref_axis',(0.,0.707106781186546,-0.707106781186549));
#2521=DIRECTION('',(1.,0.,6.93889390390723E-18));
#2522=DIRECTION('center_axis',(0.447213595499957,0.,-0.894427190999916));
#2523=DIRECTION('ref_axis',(-0.894427190999916,0.,-0.447213595499958));
#2524=DIRECTION('center_axis',(6.93889390390723E-18,-2.22044604925031E-16,
-1.));
#2525=DIRECTION('ref_axis',(0.707106781186549,0.707106781186546,0.));
#2526=DIRECTION('',(6.93889390390723E-18,-2.22044604925031E-16,-1.));
#2527=DIRECTION('center_axis',(0.894427190999916,1.98602732259783E-15,-0.447213595499958));
#2528=DIRECTION('ref_axis',(0.447213595499958,0.,0.894427190999916));
#2529=DIRECTION('',(-6.93889390390723E-18,2.22044604925031E-16,1.));
#2530=DIRECTION('center_axis',(0.,-1.,0.));
#2531=DIRECTION('ref_axis',(-1.,0.,0.));
#2532=DIRECTION('center_axis',(-0.447213595499956,0.,0.894427190999917));
#2533=DIRECTION('ref_axis',(0.894427190999917,0.,0.447213595499956));
#2534=DIRECTION('center_axis',(6.93889390390723E-18,-1.,2.22044604925031E-16));
#2535=DIRECTION('ref_axis',(-0.707106781186549,0.,-0.707106781186546));
#2536=DIRECTION('',(6.93889390390723E-18,-1.,2.22044604925031E-16));
#2537=DIRECTION('center_axis',(0.,-1.,0.));
#2538=DIRECTION('ref_axis',(-1.,0.,0.));
#2539=DIRECTION('',(-6.93889390390723E-18,1.,-2.22044604925031E-16));
#2540=DIRECTION('center_axis',(0.894427190999916,0.,-0.447213595499957));
#2541=DIRECTION('ref_axis',(0.447213595499958,0.,0.894427190999916));
#2542=DIRECTION('center_axis',(-0.447213595499958,3.10316769155911E-17,
0.894427190999916));
#2543=DIRECTION('ref_axis',(0.894427190999916,0.,0.447213595499958));
#2544=DIRECTION('center_axis',(-1.,-6.93889390390723E-18,-6.93889390390723E-18));
#2545=DIRECTION('ref_axis',(6.93889390390723E-18,-2.22044604925031E-16,
-1.));
#2546=DIRECTION('',(-6.93889390390723E-18,2.22044604925031E-16,1.));
#2547=DIRECTION('center_axis',(1.,0.,6.93889390390723E-18));
#2548=DIRECTION('ref_axis',(0.,0.707106781186548,0.707106781186548));
#2549=DIRECTION('',(1.,0.,6.93889390390723E-18));
#2550=DIRECTION('center_axis',(0.447213595499958,0.,0.894427190999916));
#2551=DIRECTION('ref_axis',(-0.894427190999916,0.,0.447213595499958));
#2552=DIRECTION('',(-1.,0.,-6.93889390390723E-18));
#2553=DIRECTION('center_axis',(0.,1.,8.88178419700119E-15));
#2554=DIRECTION('ref_axis',(0.,-8.8817841970012E-15,1.));
#2555=DIRECTION('center_axis',(-0.894427190999917,0.,0.447213595499956));
#2556=DIRECTION('ref_axis',(-0.447213595499956,0.,-0.894427190999917));
#2557=DIRECTION('center_axis',(0.447213595499957,0.,-0.894427190999916));
#2558=DIRECTION('ref_axis',(-0.894427190999916,0.,-0.447213595499958));
#2559=DIRECTION('center_axis',(6.93889390390723E-18,-1.,2.22044604925031E-16));
#2560=DIRECTION('ref_axis',(0.707106781186546,0.,0.707106781186549));
#2561=DIRECTION('center_axis',(-8.88178419700128E-15,1.,0.));
#2562=DIRECTION('ref_axis',(0.,0.,1.));
#2563=DIRECTION('',(6.93889390390723E-18,-1.,2.22044604925031E-16));
#2564=DIRECTION('center_axis',(-0.894427190999917,0.,0.447213595499956));
#2565=DIRECTION('ref_axis',(-0.447213595499956,0.,-0.894427190999917));
#2566=DIRECTION('center_axis',(1.,6.93889390390723E-18,6.93889390390723E-18));
#2567=DIRECTION('ref_axis',(0.,-0.707106781186546,-0.707106781186549));
#2568=DIRECTION('',(-1.,-6.93889390390723E-18,-6.93889390390723E-18));
#2569=DIRECTION('center_axis',(6.93889390390723E-18,-2.22044604925031E-16,
-1.));
#2570=DIRECTION('ref_axis',(-0.707106781186548,-0.707106781186548,0.));
#2571=DIRECTION('',(6.93889390390723E-18,-2.22044604925031E-16,-1.));
#2572=DIRECTION('center_axis',(-0.894427190999917,0.,-0.447213595499956));
#2573=DIRECTION('ref_axis',(-0.447213595499956,0.,0.894427190999917));
#2574=DIRECTION('',(-6.93889390390723E-18,2.22044604925031E-16,1.));
#2575=DIRECTION('center_axis',(0.,-1.,0.));
#2576=DIRECTION('ref_axis',(8.88178419700113E-15,0.,-1.));
#2577=DIRECTION('center_axis',(-0.894427190999918,0.,-0.447213595499955));
#2578=DIRECTION('ref_axis',(-0.447213595499955,0.,0.894427190999917));
#2579=DIRECTION('center_axis',(6.93889390390723E-18,-1.,2.22044604925031E-16));
#2580=DIRECTION('ref_axis',(0.707106781186544,0.,-0.707106781186551));
#2581=DIRECTION('',(6.93889390390723E-18,-1.,2.22044604925031E-16));
#2582=DIRECTION('center_axis',(0.,-1.,0.));
#2583=DIRECTION('ref_axis',(0.,0.,-1.));
#2584=DIRECTION('',(-6.93889390390723E-18,1.,-2.22044604925031E-16));
#2585=DIRECTION('center_axis',(0.447213595499956,0.,0.894427190999917));
#2586=DIRECTION('ref_axis',(-0.894427190999917,0.,0.447213595499956));
#2587=DIRECTION('center_axis',(-1.,-6.93889390390723E-18,-6.93889390390723E-18));
#2588=DIRECTION('ref_axis',(0.,-0.707106781186548,0.707106781186548));
#2589=DIRECTION('',(1.,6.93889390390723E-18,6.93889390390723E-18));
#2590=DIRECTION('',(-1.,-6.93889390390723E-18,-6.93889390390723E-18));
#2591=DIRECTION('center_axis',(6.93889390390723E-18,-2.22044604925031E-16,
-1.));
#2592=DIRECTION('ref_axis',(1.,6.93889390390723E-18,6.93889390390723E-18));
#2593=DIRECTION('center_axis',(-6.93889390390723E-18,2.22044604925031E-16,
1.));
#2594=DIRECTION('ref_axis',(-0.707106781186548,0.707106781186548,0.));
#2595=DIRECTION('',(6.93889390390723E-18,-2.22044604925031E-16,-1.));
#2596=DIRECTION('',(-6.93889390390723E-18,2.22044604925031E-16,1.));
#2597=DIRECTION('center_axis',(1.,6.93889390390723E-18,6.93889390390723E-18));
#2598=DIRECTION('ref_axis',(-6.93889390390723E-18,2.22044604925031E-16,
1.));
#2599=DIRECTION('center_axis',(1.54074395550979E-33,1.,-2.22044604925031E-16));
#2600=DIRECTION('ref_axis',(-1.,0.,-6.93889390390723E-18));
#2601=DIRECTION('',(1.,0.,6.93889390390723E-18));
#2602=DIRECTION('',(6.93889390390723E-18,-2.22044604925031E-16,-1.));
#2603=DIRECTION('',(-1.,0.,-6.93889390390723E-18));
#2604=DIRECTION('',(-6.93889390390723E-18,2.22044604925031E-16,1.));
#2605=DIRECTION('center_axis',(0.274721127897378,-0.961523947640823,2.15407465839505E-16));
#2606=DIRECTION('ref_axis',(0.679900103650088,0.194257172471454,0.707106781186545));
#2607=DIRECTION('center_axis',(-6.93889390390723E-18,1.,-2.22044604925031E-16));
#2608=DIRECTION('ref_axis',(1.,7.25916483098699E-31,-1.00078689881186E-15));
#2609=DIRECTION('',(-0.274721127897378,0.961523947640823,-2.15407465839505E-16));
#2610=DIRECTION('center_axis',(-0.194257172471453,0.679900103650087,0.707106781186546));
#2611=DIRECTION('ref_axis',(0.194257172471453,-0.679900103650083,0.707106781186549));
#2612=DIRECTION('center_axis',(-1.,0.,-6.93889390390723E-18));
#2613=DIRECTION('ref_axis',(0.,0.707106781186548,-0.707106781186548));
#2614=DIRECTION('center_axis',(1.,8.88178419700128E-15,-1.11022302462516E-15));
#2615=DIRECTION('ref_axis',(-1.11022302462516E-15,0.,-1.));
#2616=DIRECTION('center_axis',(-0.860007069682662,-0.40151702323206,0.314915735000185));
#2617=DIRECTION('ref_axis',(-0.510282118142348,0.676699155821062,-0.530745148272899));
#2618=DIRECTION('center_axis',(0.274998288770277,0.961444715609493,-2.11575428085236E-16));
#2619=DIRECTION('ref_axis',(-0.679844078143447,0.194453154804161,-0.707106781186545));
#2620=DIRECTION('center_axis',(6.93889390390723E-18,-2.22044604925031E-16,
-1.));
#2621=DIRECTION('ref_axis',(-0.602080439488666,0.798435435326573,0.));
#2622=DIRECTION('center_axis',(-0.999949808170188,-0.0100190388961897,-4.71387209469235E-18));
#2623=DIRECTION('ref_axis',(-0.00708453034447216,0.70707129020333,-0.707106781186545));
#2624=DIRECTION('',(0.999949808170188,0.0100190388961897,4.71387209469235E-18));
#2625=DIRECTION('center_axis',(-0.999949808170189,-0.0100190388961785,0.));
#2626=DIRECTION('ref_axis',(-0.0100190388961785,0.999949808170189,0.));
#2627=DIRECTION('center_axis',(-6.93889390390722E-18,2.22044604925031E-16,
1.));
#2628=DIRECTION('ref_axis',(0.598188563509735,0.801355378397225,0.));
#2629=DIRECTION('',(6.93889390390723E-18,-2.22044604925031E-16,-1.));
#2630=DIRECTION('center_axis',(0.,0.,1.));
#2631=DIRECTION('ref_axis',(0.961523947640823,0.274721127897378,0.));
#2632=DIRECTION('',(-6.93889390390722E-18,2.22044604925031E-16,1.));
#2633=DIRECTION('center_axis',(-0.862284379507455,0.398442572389938,-0.312584653117731));
#2634=DIRECTION('ref_axis',(0.506424376247281,0.678424701529081,-0.532235169354422));
#2635=DIRECTION('center_axis',(-0.274721127897378,0.961523947640823,-2.15407465839505E-16));
#2636=DIRECTION('ref_axis',(0.679900103650085,0.194257172471453,-0.707106781186547));
#2637=DIRECTION('center_axis',(-0.274721127897378,0.961523947640823,-2.15407465839505E-16));
#2638=DIRECTION('ref_axis',(0.679900103650088,0.194257172471454,-0.707106781186545));
#2639=DIRECTION('',(0.274721127897378,-0.961523947640823,2.15407465839505E-16));
#2640=DIRECTION('center_axis',(-6.93889390390723E-18,1.,-2.22044604925031E-16));
#2641=DIRECTION('ref_axis',(1.,-1.49627683250956E-30,-2.20173117738609E-15));
#2642=DIRECTION('center_axis',(0.961523947640823,0.274721127897378,-5.43284316497867E-17));
#2643=DIRECTION('ref_axis',(-0.274721127897378,0.961523947640823,-2.15407465839505E-16));
#2644=DIRECTION('',(-6.93889390390723E-18,2.22044604925031E-16,1.));
#2645=DIRECTION('',(-6.93889390390723E-18,2.22044604925031E-16,1.));
#2646=DIRECTION('',(0.274721127897378,-0.961523947640823,2.15407465839505E-16));
#2647=DIRECTION('',(-6.93889390390722E-18,2.22044604925031E-16,1.));
#2648=DIRECTION('center_axis',(-0.274721127897378,-0.961523947640823,2.11594944320221E-16));
#2649=DIRECTION('ref_axis',(0.679900103650088,-0.194257172471454,-0.707106781186545));
#2650=DIRECTION('center_axis',(-6.93889390390723E-18,1.,-2.22044604925031E-16));
#2651=DIRECTION('ref_axis',(1.,-1.00739430307575E-30,-1.33438253174914E-16));
#2652=DIRECTION('',(-0.274721127897378,-0.961523947640823,2.11594944320221E-16));
#2653=DIRECTION('center_axis',(0.961523947640823,-0.274721127897378,6.7672256967278E-17));
#2654=DIRECTION('ref_axis',(0.274721127897378,0.961523947640823,-2.11594944320221E-16));
#2655=DIRECTION('',(0.274721127897378,0.961523947640823,-2.11594944320221E-16));
#2656=DIRECTION('',(-6.93889390390723E-18,2.22044604925031E-16,1.));
#2657=DIRECTION('',(0.274721127897378,0.961523947640823,-2.11594944320221E-16));
#2658=DIRECTION('',(-6.93889390390723E-18,2.22044604925031E-16,1.));
#2659=DIRECTION('center_axis',(0.274721127897378,0.961523947640823,-2.11594944320221E-16));
#2660=DIRECTION('ref_axis',(0.679900103650085,-0.194257172471453,-0.707106781186548));
#2661=DIRECTION('center_axis',(-0.274998288770277,-0.961444715609493,2.11575428085236E-16));
#2662=DIRECTION('ref_axis',(0.961444715609493,-0.274998288770277,-4.85722553092737E-16));
#2663=DIRECTION('',(-0.274721127897378,-0.961523947640823,2.11594944320221E-16));
#2664=DIRECTION('center_axis',(-6.93889390390723E-18,1.,-2.22044604925031E-16));
#2665=DIRECTION('ref_axis',(1.,2.51848575768936E-31,7.33910392462029E-16));
#2666=DIRECTION('',(0.274721127897378,0.961523947640823,-2.11594944320221E-16));
#2667=DIRECTION('center_axis',(0.961523947640823,-0.274721127897378,6.7672256967278E-17));
#2668=DIRECTION('ref_axis',(0.274721127897378,0.961523947640823,-2.11594944320221E-16));
#2669=DIRECTION('',(-6.93889390390723E-18,2.22044604925031E-16,1.));
#2670=DIRECTION('',(-0.274721127897378,-0.961523947640823,2.11594944320221E-16));
#2671=DIRECTION('',(0.274721127897378,0.961523947640823,-2.11594944320221E-16));
#2672=DIRECTION('',(-6.93889390390723E-18,2.22044604925031E-16,1.));
#2673=DIRECTION('center_axis',(-0.274998288770277,-0.961444715609493,2.11575428085236E-16));
#2674=DIRECTION('ref_axis',(6.93889390390723E-18,-2.22044604925031E-16,
-1.));
#2675=DIRECTION('',(-0.961444715609493,0.274998288770277,-6.77332492611424E-17));
#2676=DIRECTION('center_axis',(-0.274998288770277,-0.961444715609493,2.11575428085236E-16));
#2677=DIRECTION('ref_axis',(-0.679844078143446,0.194453154804161,-0.707106781186546));
#2678=DIRECTION('',(6.93889390390723E-18,-2.22044604925031E-16,-1.));
#2679=DIRECTION('center_axis',(-0.274998288770277,-0.961444715609493,2.11575428085236E-16));
#2680=DIRECTION('ref_axis',(-0.679844078143445,0.194453154804161,-0.707106781186546));
#2681=DIRECTION('center_axis',(-0.274998288770277,-0.961444715609493,2.11575428085236E-16));
#2682=DIRECTION('ref_axis',(0.961444715609493,-0.274998288770277,1.87350127621484E-15));
#2683=DIRECTION('center_axis',(-0.274998288770277,-0.961444715609493,2.11575428085236E-16));
#2684=DIRECTION('ref_axis',(-0.679844078143446,0.194453154804161,-0.707106781186546));
#2685=DIRECTION('center_axis',(-6.93889390390723E-18,1.,-2.22044604925031E-16));
#2686=DIRECTION('ref_axis',(-1.,-1.00731129120986E-30,-1.60112709026077E-15));
#2687=DIRECTION('',(0.274998288770277,0.961444715609493,-2.11575428085236E-16));
#2688=DIRECTION('',(-0.274998288770277,-0.961444715609493,2.11575428085236E-16));
#2689=DIRECTION('center_axis',(-0.961444715609493,0.274998288770277,-6.77332492611423E-17));
#2690=DIRECTION('ref_axis',(-0.274998288770277,-0.961444715609493,2.11575428085236E-16));
#2691=DIRECTION('',(-6.93889390390723E-18,2.22044604925031E-16,1.));
#2692=DIRECTION('',(-0.274998288770277,-0.961444715609493,2.11575428085236E-16));
#2693=DIRECTION('',(-6.93889390390723E-18,2.22044604925031E-16,1.));
#2694=DIRECTION('',(0.274998288770277,0.961444715609493,-2.11575428085236E-16));
#2695=DIRECTION('',(-6.93889390390723E-18,2.22044604925031E-16,1.));
#2696=DIRECTION('',(-0.274998288770277,-0.961444715609493,2.11575428085236E-16));
#2697=DIRECTION('',(6.93889390390723E-18,-2.22044604925031E-16,-1.));
#2698=DIRECTION('',(-0.274998288770277,-0.961444715609493,2.11575428085236E-16));
#2699=DIRECTION('',(6.93889390390723E-18,-2.22044604925031E-16,-1.));
#2700=DIRECTION('',(0.274998288770277,0.961444715609493,-2.11575428085236E-16));
#2701=DIRECTION('center_axis',(-0.274998288770277,-0.961444715609493,2.11575428085236E-16));
#2702=DIRECTION('ref_axis',(-0.679844078143445,0.194453154804161,-0.707106781186546));
#2703=DIRECTION('center_axis',(0.194453154804162,0.679844078143445,-0.707106781186547));
#2704=DIRECTION('ref_axis',(-0.194453154804157,-0.679844078143444,-0.707106781186548));
#2705=DIRECTION('center_axis',(-0.274721127897378,-0.961523947640823,2.11594944320221E-16));
#2706=DIRECTION('ref_axis',(0.679900103650086,-0.194257172471453,0.707106781186546));
#2707=DIRECTION('center_axis',(-6.93889390390723E-18,1.,-2.22044604925031E-16));
#2708=DIRECTION('ref_axis',(1.,4.88882529433818E-31,3.33595632937286E-16));
#2709=DIRECTION('center_axis',(-0.274998288770277,-0.961444715609493,2.11575428085236E-16));
#2710=DIRECTION('ref_axis',(0.961444715609493,-0.274998288770277,-1.73472340390263E-15));
#2711=DIRECTION('',(-0.274721127897378,-0.961523947640823,2.11594944320221E-16));
#2712=DIRECTION('center_axis',(6.93889390390723E-18,-2.22044604925031E-16,
-1.));
#2713=DIRECTION('ref_axis',(0.274998288770277,0.961444715609493,-2.11575428085236E-16));
#2714=DIRECTION('',(0.961444715609493,-0.274998288770277,6.77332492611424E-17));
#2715=DIRECTION('',(0.274998288770277,0.961444715609493,-2.11575428085236E-16));
#2716=DIRECTION('',(-1.,-6.93889390390723E-18,-6.93889390390723E-18));
#2717=DIRECTION('center_axis',(-0.274998288770277,-0.961444715609493,2.11575428085236E-16));
#2718=DIRECTION('ref_axis',(6.93889390390723E-18,-2.22044604925031E-16,
-1.));
#2719=DIRECTION('center_axis',(-0.274998288770277,-0.961444715609493,2.11575428085236E-16));
#2720=DIRECTION('ref_axis',(0.961444715609493,-0.274998288770277,-1.73472340390263E-15));
#2721=DIRECTION('',(0.961444715609493,-0.274998288770277,6.77332492611424E-17));
#2722=DIRECTION('center_axis',(-0.274998288770277,-0.961444715609493,2.11575428085236E-16));
#2723=DIRECTION('ref_axis',(-0.679844078143447,0.194453154804162,0.707106781186544));
#2724=DIRECTION('center_axis',(-0.274998288770277,-0.961444715609493,2.11575428085236E-16));
#2725=DIRECTION('ref_axis',(-0.679844078143446,0.194453154804156,0.707106781186546));
#2726=DIRECTION('center_axis',(-0.274721127897378,-0.961523947640823,2.11594944320221E-16));
#2727=DIRECTION('ref_axis',(0.679900103650086,-0.194257172471453,0.707106781186546));
#2728=DIRECTION('',(-0.274721127897378,-0.961523947640823,2.11594944320221E-16));
#2729=DIRECTION('center_axis',(6.93889390390723E-18,-2.22044604925031E-16,
-1.));
#2730=DIRECTION('ref_axis',(0.274998288770277,0.961444715609493,-2.11575428085236E-16));
#2731=DIRECTION('',(-0.274721127897378,-0.961523947640823,2.11594944320221E-16));
#2732=DIRECTION('',(0.961444715609493,-0.274998288770277,6.77332492611424E-17));
#2733=DIRECTION('',(0.274998288770277,0.961444715609493,-2.11575428085236E-16));
#2734=DIRECTION('center_axis',(0.274998288770277,0.961444715609493,-2.11575428085236E-16));
#2735=DIRECTION('ref_axis',(-0.679844078143446,0.194453154804156,0.707106781186546));
#2736=DIRECTION('center_axis',(-6.93889390390723E-18,1.,-2.22044604925031E-16));
#2737=DIRECTION('ref_axis',(-1.,1.48134013413215E-32,-1.33427257521731E-15));
#2738=DIRECTION('center_axis',(-6.93889390390723E-18,2.22044604925031E-16,
1.));
#2739=DIRECTION('ref_axis',(-0.874297232947605,-0.485390923339282,0.));
#2740=DIRECTION('',(-6.93889390390723E-18,2.22044604925031E-16,1.));
#2741=DIRECTION('center_axis',(0.194453154804161,0.679844078143443,0.707106781186548));
#2742=DIRECTION('ref_axis',(0.194453154804162,0.679844078143444,-0.707106781186547));
#2743=DIRECTION('center_axis',(0.274998288770277,0.961444715609493,-2.11575428085236E-16));
#2744=DIRECTION('ref_axis',(-0.679844078143447,0.194453154804162,0.707106781186544));
#2745=DIRECTION('center_axis',(0.274998288770277,0.961444715609493,-2.11575428085236E-16));
#2746=DIRECTION('ref_axis',(-6.93889390390723E-18,2.22044604925031E-16,
1.));
#2747=DIRECTION('center_axis',(0.274998288770277,0.961444715609493,-2.11575428085236E-16));
#2748=DIRECTION('ref_axis',(0.961444715609493,-0.274998288770277,-1.318389786966E-15));
#2749=DIRECTION('',(6.93889390390723E-18,-2.22044604925031E-16,-1.));
#2750=DIRECTION('center_axis',(0.274998288770277,0.961444715609493,-2.11575428085236E-16));
#2751=DIRECTION('ref_axis',(0.961444715609493,-0.274998288770277,1.04380937053502E-9));
#2752=DIRECTION('center_axis',(-1.,0.,-6.93889390390723E-18));
#2753=DIRECTION('ref_axis',(0.,0.707106781186548,0.707106781186548));
#2754=DIRECTION('center_axis',(0.0100190388961897,-0.999949808170188,2.2210298114793E-16));
#2755=DIRECTION('ref_axis',(0.999949808170188,0.0100190388961897,5.56168383358243E-18));
#2756=DIRECTION('center_axis',(1.,0.,-3.33066907387548E-15));
#2757=DIRECTION('ref_axis',(0.,1.,0.));
#2758=DIRECTION('center_axis',(0.274998288770277,0.961444715609493,-2.11575428085236E-16));
#2759=DIRECTION('ref_axis',(-0.679844078143447,0.194453154804162,-0.707106781186545));
#2760=DIRECTION('center_axis',(-6.93889390390723E-18,1.,-2.22044604925031E-16));
#2761=DIRECTION('ref_axis',(-1.,-1.00731129120986E-30,1.33427257521731E-16));
#2762=DIRECTION('center_axis',(-6.93889390390723E-18,2.22044604925031E-16,
1.));
#2763=DIRECTION('ref_axis',(-0.602080439488667,0.798435435326573,0.));
#2764=DIRECTION('center_axis',(-2.30948905662527E-15,0.,-1.));
#2765=DIRECTION('ref_axis',(-0.961444715609495,0.274998288770273,2.22044604925032E-15));
#2766=DIRECTION('center_axis',(0.,0.,1.));
#2767=DIRECTION('ref_axis',(1.,0.,0.));
#2768=DIRECTION('center_axis',(0.0100190388961897,-0.999949808170188,2.2210298114793E-16));
#2769=DIRECTION('ref_axis',(0.,-2.22114129462515E-16,-1.));
#2770=DIRECTION('center_axis',(0.274998288770277,0.961444715609493,-2.11575428085236E-16));
#2771=DIRECTION('ref_axis',(-0.679844078143445,0.194453154804162,0.707106781186547));
#2772=DIRECTION('center_axis',(-0.274998288770277,-0.961444715609493,2.11575428085236E-16));
#2773=DIRECTION('ref_axis',(-0.679844078143444,0.194453154804162,0.707106781186547));
#2774=DIRECTION('center_axis',(-0.0100190388961897,0.999949808170188,-2.2210298114793E-16));
#2775=DIRECTION('ref_axis',(-0.999949808170189,-0.0100190388961897,-9.97786478844748E-16));
#2776=DIRECTION('center_axis',(-6.93889390390723E-18,1.,-2.22044604925031E-16));
#2777=DIRECTION('ref_axis',(-1.,1.48134013413215E-32,-1.00070443141298E-15));
#2778=DIRECTION('center_axis',(-0.0100190388961897,0.999949808170188,-2.2210298114793E-16));
#2779=DIRECTION('ref_axis',(-0.999949808170188,-0.0100190388961897,-4.71387209469235E-18));
#2780=DIRECTION('center_axis',(0.274721127897378,-0.961523947640823,2.15407465839505E-16));
#2781=DIRECTION('ref_axis',(-0.679900103650087,-0.194257172471453,0.707106781186545));
#2782=DIRECTION('',(0.274721127897378,-0.961523947640823,2.15407465839505E-16));
#2783=DIRECTION('center_axis',(-6.93889390390723E-18,1.,-2.22044604925031E-16));
#2784=DIRECTION('ref_axis',(-1.,1.00739430307575E-30,1.20094427857423E-15));
#2785=DIRECTION('center_axis',(6.93889390390723E-18,-1.,2.22044604925031E-16));
#2786=DIRECTION('ref_axis',(1.,6.93889390390723E-18,6.93889390390723E-18));
#2787=DIRECTION('',(-6.93889390390723E-18,2.22044604925031E-16,1.));
#2788=DIRECTION('center_axis',(-6.93889390390723E-18,1.,-2.22044604925031E-16));
#2789=DIRECTION('ref_axis',(-1.,-7.25916483098699E-31,-6.67191265874572E-17));
#2790=DIRECTION('',(1.,6.93889390390723E-18,6.93889390390723E-18));
#2791=DIRECTION('center_axis',(-6.93889390390723E-18,1.,-2.22044604925031E-16));
#2792=DIRECTION('ref_axis',(1.,-7.25916483098699E-31,-1.13422515198677E-15));
#2793=DIRECTION('center_axis',(0.274721127897378,-0.961523947640823,2.15407465839505E-16));
#2794=DIRECTION('ref_axis',(-0.679900103650087,-0.194257172471453,-0.707106781186545));
#2795=DIRECTION('',(0.274721127897378,-0.961523947640823,2.15407465839505E-16));
#2796=DIRECTION('',(-0.274721127897378,0.961523947640823,-2.15407465839505E-16));
#2797=DIRECTION('center_axis',(-6.93889390390723E-18,2.22044604925031E-16,
1.));
#2798=DIRECTION('ref_axis',(-0.274721127897378,0.961523947640823,-2.15407465839505E-16));
#2799=DIRECTION('',(-0.274721127897378,0.961523947640823,-2.15407465839505E-16));
#2800=DIRECTION('',(0.274721127897378,-0.961523947640823,2.15407465839505E-16));
#2801=DIRECTION('',(-0.961523947640823,-0.274721127897378,5.43284316497866E-17));
#2802=DIRECTION('',(-0.274721127897378,0.961523947640823,-2.15407465839505E-16));
#2803=DIRECTION('center_axis',(0.274721127897378,-0.961523947640823,2.15407465839505E-16));
#2804=DIRECTION('ref_axis',(-0.679900103650087,-0.194257172471453,-0.707106781186545));
#2805=DIRECTION('center_axis',(-0.194257172471452,0.679900103650083,-0.70710678118655));
#2806=DIRECTION('ref_axis',(0.194257172471453,-0.679900103650087,-0.707106781186545));
#2807=DIRECTION('',(-0.274721127897378,0.961523947640823,-2.15407465839505E-16));
#2808=DIRECTION('center_axis',(-0.274721127897378,0.961523947640823,-2.15407465839505E-16));
#2809=DIRECTION('ref_axis',(0.679900103650086,0.194257172471453,-0.707106781186546));
#2810=DIRECTION('center_axis',(-0.194257172471458,0.679900103650085,-0.707106781186546));
#2811=DIRECTION('ref_axis',(0.194257172471448,-0.679900103650085,-0.707106781186549));
#2812=DIRECTION('center_axis',(-6.93889390390723E-18,2.22044604925031E-16,
1.));
#2813=DIRECTION('ref_axis',(0.707106781186549,-0.707106781186546,0.));
#2814=DIRECTION('',(6.93889390390723E-18,-2.22044604925031E-16,-1.));
#2815=DIRECTION('center_axis',(6.93889390390723E-18,-1.,2.22044604925031E-16));
#2816=DIRECTION('ref_axis',(1.,6.93889390390723E-18,6.93889390390723E-18));
#2817=DIRECTION('',(-1.,-6.93889390390723E-18,-6.93889390390723E-18));
#2818=DIRECTION('',(-6.93889390390723E-18,2.22044604925031E-16,1.));
#2819=DIRECTION('',(1.,6.93889390390723E-18,6.93889390390723E-18));
#2820=DIRECTION('',(-6.93889390390723E-18,2.22044604925031E-16,1.));
#2821=DIRECTION('center_axis',(-0.274721127897378,-0.961523947640823,2.11594944320221E-16));
#2822=DIRECTION('ref_axis',(0.679900103650086,-0.194257172471451,0.707106781186547));
#2823=DIRECTION('',(0.274721127897378,0.961523947640823,-2.11594944320221E-16));
#2824=DIRECTION('center_axis',(-0.274721127897378,0.961523947640823,-2.15407465839505E-16));
#2825=DIRECTION('ref_axis',(-0.679900103650088,-0.194257172471454,0.707106781186545));
#2826=DIRECTION('center_axis',(-0.194257172471453,0.679900103650085,0.707106781186547));
#2827=DIRECTION('ref_axis',(0.194257172471453,-0.679900103650085,0.707106781186548));
#2828=DIRECTION('',(0.274721127897378,-0.961523947640823,2.15407465839505E-16));
#2829=DIRECTION('center_axis',(1.,6.93889390390723E-18,6.93889390390723E-18));
#2830=DIRECTION('ref_axis',(0.,-0.707106781186548,-0.707106781186548));
#2831=DIRECTION('center_axis',(0.798348648116024,0.602195513144457,2.21586262704197E-15));
#2832=DIRECTION('ref_axis',(-0.602195513144457,0.798348648116024,2.926112865911E-15));
#2833=DIRECTION('center_axis',(-0.798348648116024,0.602195513144457,0.));
#2834=DIRECTION('ref_axis',(-0.602195513144457,-0.798348648116024,-1.15226595888679E-17));
#2835=DIRECTION('center_axis',(0.274721127897378,0.961523947640823,-2.11594944320221E-16));
#2836=DIRECTION('ref_axis',(0.679900103650087,-0.194257172471454,-0.707106781186545));
#2837=DIRECTION('',(-0.274721127897378,-0.961523947640823,2.11594944320221E-16));
#2838=DIRECTION('center_axis',(0.602195513144455,-0.798348648116026,0.));
#2839=DIRECTION('ref_axis',(0.798348648116026,0.602195513144455,-2.08928538755916E-16));
#2840=DIRECTION('center_axis',(0.274721127897378,-0.961523947640823,2.15407465839505E-16));
#2841=DIRECTION('ref_axis',(-0.679900103650088,-0.194257172471454,-0.707106781186545));
#2842=DIRECTION('',(-0.274721127897378,0.961523947640823,-2.15407465839505E-16));
#2843=DIRECTION('center_axis',(0.961523947640823,-0.274721127897378,6.7672256967278E-17));
#2844=DIRECTION('ref_axis',(0.274721127897378,0.961523947640823,-2.11594944320221E-16));
#2845=DIRECTION('',(0.274721127897378,0.961523947640823,-2.11594944320221E-16));
#2846=DIRECTION('',(-0.274721127897378,-0.961523947640823,2.11594944320221E-16));
#2847=DIRECTION('center_axis',(-0.961523947640823,-0.274721127897378,5.43284316497866E-17));
#2848=DIRECTION('ref_axis',(0.274721127897378,-0.961523947640823,2.15407465839505E-16));
#2849=DIRECTION('center_axis',(0.961523947640823,0.274721127897378,-5.43284316497866E-17));
#2850=DIRECTION('ref_axis',(0.274721127897378,-0.961523947640823,0.));
#2851=DIRECTION('',(6.93889390390723E-18,-2.22044604925031E-16,-1.));
#2852=DIRECTION('center_axis',(6.93889390390723E-18,-2.22044604925031E-16,
-1.));
#2853=DIRECTION('ref_axis',(-0.485642931178632,-0.874157276121538,0.));
#2854=DIRECTION('',(-6.93889390390723E-18,2.22044604925031E-16,1.));
#2855=DIRECTION('center_axis',(-0.274721127897378,0.961523947640823,-2.15407465839505E-16));
#2856=DIRECTION('ref_axis',(6.93889390390723E-18,-2.22044604925031E-16,
-1.));
#2857=DIRECTION('',(6.93889390390723E-18,-2.22044604925031E-16,-1.));
#2858=DIRECTION('center_axis',(6.93889390390723E-18,-2.22044604925031E-16,
-1.));
#2859=DIRECTION('ref_axis',(0.874157276121538,-0.485642931178632,0.));
#2860=DIRECTION('center_axis',(1.,6.93889390390723E-18,6.93889390390723E-18));
#2861=DIRECTION('ref_axis',(0.,-0.707106781186547,0.707106781186548));
#2862=DIRECTION('center_axis',(-0.798348648116025,-0.602195513144456,0.));
#2863=DIRECTION('ref_axis',(0.602195513144456,-0.798348648116025,-5.53965656760487E-17));
#2864=DIRECTION('center_axis',(0.274721127897378,0.961523947640823,-2.11594944320221E-16));
#2865=DIRECTION('ref_axis',(0.679900103650085,-0.194257172471454,-0.707106781186547));
#2866=DIRECTION('center_axis',(0.274721127897378,0.961523947640823,-2.11594944320221E-16));
#2867=DIRECTION('ref_axis',(0.679900103650086,-0.194257172471454,-0.707106781186546));
#2868=DIRECTION('center_axis',(0.274721127897378,0.961523947640823,-2.11594944320221E-16));
#2869=DIRECTION('ref_axis',(0.679900103650087,-0.194257172471453,0.707106781186545));
#2870=DIRECTION('center_axis',(-6.93889390390723E-18,1.,-2.22044604925031E-16));
#2871=DIRECTION('ref_axis',(1.,1.00739430307575E-30,1.20094427857423E-15));
#2872=DIRECTION('center_axis',(6.93889390390723E-18,-1.,2.22044604925031E-16));
#2873=DIRECTION('ref_axis',(1.,6.93889390390723E-18,6.93889390390723E-18));
#2874=DIRECTION('',(1.,6.93889390390723E-18,6.93889390390723E-18));
#2875=DIRECTION('center_axis',(0.274721127897378,0.961523947640823,-2.11594944320221E-16));
#2876=DIRECTION('ref_axis',(0.679900103650088,-0.194257172471453,0.707106781186545));
#2877=DIRECTION('center_axis',(0.602195513144453,-0.798348648116028,0.));
#2878=DIRECTION('ref_axis',(0.798348648116028,0.602195513144453,-2.507142465071E-16));
#2879=DIRECTION('center_axis',(-0.961523947640823,-0.274721127897378,5.43284316497866E-17));
#2880=DIRECTION('ref_axis',(0.274721127897378,-0.961523947640823,2.15407465839505E-16));
#2881=DIRECTION('center_axis',(-1.,-6.93889390390723E-18,-6.93889390390723E-18));
#2882=DIRECTION('ref_axis',(0.,0.707106781186551,-0.707106781186544));
#2883=DIRECTION('center_axis',(-1.,-6.93889390390723E-18,-6.93889390390723E-18));
#2884=DIRECTION('ref_axis',(0.,0.70710678118655,0.707106781186545));
#2885=DIRECTION('center_axis',(-6.93889390390723E-18,2.22044604925031E-16,
1.));
#2886=DIRECTION('ref_axis',(-0.274998288770277,-0.961444715609493,2.11575428085236E-16));
#2887=DIRECTION('center_axis',(6.93889390390723E-18,-1.,2.22044604925031E-16));
#2888=DIRECTION('ref_axis',(1.,6.93889390390723E-18,6.93889390390723E-18));
#2889=DIRECTION('center_axis',(6.93889390390723E-18,-1.,2.22044604925031E-16));
#2890=DIRECTION('ref_axis',(1.,6.93889390390723E-18,6.93889390390723E-18));
#2891=DIRECTION('center_axis',(-0.961523947640823,-0.274721127897378,5.43284316497866E-17));
#2892=DIRECTION('ref_axis',(0.274721127897378,-0.961523947640823,2.15407465839505E-16));
#2893=CARTESIAN_POINT('',(0.,0.,0.));
#2894=CARTESIAN_POINT('Origin',(172.978033365249,44.9917032162023,-9.99999999999997));
#2895=CARTESIAN_POINT('',(172.859513366799,44.9917032162023,-18.));
#2896=CARTESIAN_POINT('',(172.978033365249,44.9917032162023,-18.665471582635));
#2897=CARTESIAN_POINT('Origin',(174.939544763737,44.9917032162023,-18.));
#2898=CARTESIAN_POINT('',(172.859513366799,44.9917032162023,-12.));
#2899=CARTESIAN_POINT('',(172.859513366799,44.9917032162023,-50.));
#2900=CARTESIAN_POINT('',(172.978033365249,44.9917032162023,-11.334528417365));
#2901=CARTESIAN_POINT('Origin',(174.939544763737,44.9917032162023,-12.));
#2902=CARTESIAN_POINT('',(172.978033365249,44.9917032162023,-9.99999999999997));
#2903=CARTESIAN_POINT('Origin',(172.978033365249,44.9917032162023,-9.99999999999997));
#2904=CARTESIAN_POINT('',(172.978033365249,44.9917032162023,-81.334528417365));
#2905=CARTESIAN_POINT('',(172.859513366799,44.9917032162023,-82.));
#2906=CARTESIAN_POINT('Origin',(174.939544763737,44.9917032162023,-82.));
#2907=CARTESIAN_POINT('',(172.978033365249,44.9917032162023,-88.665471582635));
#2908=CARTESIAN_POINT('',(172.978033365249,44.9917032162023,-9.99999999999997));
#2909=CARTESIAN_POINT('',(172.859513366799,44.9917032162023,-88.));
#2910=CARTESIAN_POINT('Origin',(174.939544763737,44.9917032162023,-88.));
#2911=CARTESIAN_POINT('',(172.859513366799,44.9917032162023,-50.));
#2912=CARTESIAN_POINT('Origin',(-9.91477595891602,54.8286870315862,-9.99999999999997));
#2913=CARTESIAN_POINT('',(-9.8041932077283,55.,-20.));
#2914=CARTESIAN_POINT('',(-9.91477595891602,54.8286870315862,-20.));
#2915=CARTESIAN_POINT('',(-1.80625726066265,67.390270033607,-20.));
#2916=CARTESIAN_POINT('',(-9.8041932077283,55.,-12.));
#2917=CARTESIAN_POINT('',(-9.80419320772834,55.,-50.));
#2918=CARTESIAN_POINT('',(-9.91477595891602,54.8286870315862,-11.1901211568955));
#2919=CARTESIAN_POINT('Origin',(-11.095195893767,53.,-12.));
#2920=CARTESIAN_POINT('',(-9.91477595891602,54.8286870315862,-9.99999999999997));
#2921=CARTESIAN_POINT('Origin',(-12.7253427633114,44.9917032162023,-9.99999999999997));
#2922=CARTESIAN_POINT('',(-12.7229722536549,45.,-20.));
#2923=CARTESIAN_POINT('',(-6.6218573748909,66.3539020756742,-20.));
#2924=CARTESIAN_POINT('',(-10.4372579679407,53.,-9.99999999999998));
#2925=CARTESIAN_POINT('Origin',(-10.4372579679407,53.,-12.));
#2926=CARTESIAN_POINT('',(-12.1515436822264,47.,-9.99999999999998));
#2927=CARTESIAN_POINT('',(-8.60404234983378,59.4162546633741,-9.99999999999998));
#2928=CARTESIAN_POINT('',(-12.7229722536549,45.,-12.));
#2929=CARTESIAN_POINT('Origin',(-12.1515436822264,47.,-12.));
#2930=CARTESIAN_POINT('',(-12.722972253655,45.,-50.));
#2931=CARTESIAN_POINT('Origin',(-12.7253427633114,44.9917032162023,-9.99999999999997));
#2932=CARTESIAN_POINT('',(-9.91477595891602,54.8286870315862,-88.8098788431044));
#2933=CARTESIAN_POINT('',(-10.4372579679407,53.,-90.));
#2934=CARTESIAN_POINT('Origin',(-10.4372579679407,53.,-88.));
#2935=CARTESIAN_POINT('',(-9.91477595891602,54.8286870315862,-80.));
#2936=CARTESIAN_POINT('',(-9.91477595891602,54.8286870315862,-9.99999999999997));
#2937=CARTESIAN_POINT('',(-12.722972253655,45.,-80.));
#2938=CARTESIAN_POINT('',(-18.255128500166,25.6374531372114,-80.));
#2939=CARTESIAN_POINT('',(-12.722972253655,45.,-88.));
#2940=CARTESIAN_POINT('',(-12.722972253655,45.,-50.));
#2941=CARTESIAN_POINT('',(-12.1515436822264,47.,-90.));
#2942=CARTESIAN_POINT('Origin',(-12.1515436822264,47.,-88.));
#2943=CARTESIAN_POINT('',(-8.60404234983379,59.4162546633741,-90.));
#2944=CARTESIAN_POINT('Origin',(167.234397254019,57.7934110181249,-9.99999999999997));
#2945=CARTESIAN_POINT('',(172.974310916045,45.,-81.338224111731));
#2946=CARTESIAN_POINT('Origin',(178.37888620261,32.9540081801462,-82.));
#2947=CARTESIAN_POINT('',(172.974310916045,45.,-80.));
#2948=CARTESIAN_POINT('',(172.974310916045,45.,-50.));
#2949=CARTESIAN_POINT('',(171.549900927066,48.174797308867,-80.));
#2950=CARTESIAN_POINT('',(161.355738679101,70.8960637429757,-80.));
#2951=CARTESIAN_POINT('',(171.549900927066,48.1747973088669,-20.));
#2952=CARTESIAN_POINT('',(171.549900927066,48.1747973088667,-30.));
#2953=CARTESIAN_POINT('',(172.974310916045,45.,-20.));
#2954=CARTESIAN_POINT('',(178.498046743826,32.6884171154225,-20.));
#2955=CARTESIAN_POINT('',(172.974310916045,45.,-18.6617758882689));
#2956=CARTESIAN_POINT('',(172.974310916045,45.,-50.));
#2957=CARTESIAN_POINT('Origin',(178.37888620261,32.9540081801463,-18.));
#2958=CARTESIAN_POINT('',(172.930611470353,45.0973995434286,-11.3834681657415));
#2959=CARTESIAN_POINT('Origin',(178.37888620261,32.9540081801463,-12.));
#2960=CARTESIAN_POINT('',(172.076987496373,47.,-9.99999999999998));
#2961=CARTESIAN_POINT('Origin',(172.076987496373,47.,-12.));
#2962=CARTESIAN_POINT('',(169.385017237357,53.,-9.99999999999998));
#2963=CARTESIAN_POINT('',(161.433916164705,70.7218177935433,-9.99999999999999));
#2964=CARTESIAN_POINT('',(168.487693817685,55.,-12.));
#2965=CARTESIAN_POINT('Origin',(169.385017237357,53.,-12.));
#2966=CARTESIAN_POINT('',(168.487693817685,55.,-20.));
#2967=CARTESIAN_POINT('',(168.487693817685,55.,-50.));
#2968=CARTESIAN_POINT('',(168.507327682938,54.9562390442015,-20.));
#2969=CARTESIAN_POINT('',(178.498046743826,32.6884171154225,-20.));
#2970=CARTESIAN_POINT('',(168.507327682938,54.9562390442014,-80.));
#2971=CARTESIAN_POINT('',(168.507327682938,54.9562390442014,-70.));
#2972=CARTESIAN_POINT('',(168.487693817685,55.,-80.));
#2973=CARTESIAN_POINT('',(161.355738679101,70.8960637429757,-80.));
#2974=CARTESIAN_POINT('',(168.487693817685,55.,-88.));
#2975=CARTESIAN_POINT('',(168.487693817685,55.,-50.));
#2976=CARTESIAN_POINT('',(169.385017237357,53.,-90.));
#2977=CARTESIAN_POINT('Origin',(169.385017237357,53.,-88.));
#2978=CARTESIAN_POINT('',(172.076987496373,47.,-90.));
#2979=CARTESIAN_POINT('',(161.433916164705,70.7218177935433,-90.));
#2980=CARTESIAN_POINT('',(172.930611470353,45.0973995434285,-88.6165318342585));
#2981=CARTESIAN_POINT('Origin',(172.076987496373,47.,-88.));
#2982=CARTESIAN_POINT('Origin',(178.37888620261,32.9540081801463,-88.));
#2983=CARTESIAN_POINT('Origin',(-9.91477595891602,54.8286870315862,-9.99999999999997));
#2984=CARTESIAN_POINT('',(-9.80419320772832,55.,-88.));
#2985=CARTESIAN_POINT('Origin',(-11.095195893767,53.,-88.));
#2986=CARTESIAN_POINT('',(-9.80419320772832,55.,-80.));
#2987=CARTESIAN_POINT('',(-9.80419320772834,55.,-50.));
#2988=CARTESIAN_POINT('',(-23.7820617082498,33.3457173998434,-80.));
#2989=CARTESIAN_POINT('Origin',(168.663817188122,66.9567497308524,-82.));
#2990=CARTESIAN_POINT('',(185.864636856693,-0.526228998424044,-82.));
#2991=CARTESIAN_POINT('',(166.740769292841,66.4073074750577,-82.));
#2992=CARTESIAN_POINT('',(187.94466825363,-0.526228998424045,-80.));
#2993=CARTESIAN_POINT('Origin',(187.94466825363,-0.526228998424045,-82.));
#2994=CARTESIAN_POINT('',(174.93717425408,45.,-80.));
#2995=CARTESIAN_POINT('',(168.663817188122,66.9567497308524,-80.));
#2996=CARTESIAN_POINT('Origin',(174.93717425408,45.,-82.));
#2997=CARTESIAN_POINT('Origin',(172.857142857143,45.,-90.));
#2998=CARTESIAN_POINT('',(185.864636856693,-0.526228998424045,-88.));
#2999=CARTESIAN_POINT('',(168.730575370655,59.442986202708,-88.));
#3000=CARTESIAN_POINT('',(185.864636856693,-0.526228998424045,-90.));
#3001=CARTESIAN_POINT('Origin',(170.653623265937,59.9924284585028,-88.));
#3002=CARTESIAN_POINT('',(174.365745682652,47.,-90.));
#3003=CARTESIAN_POINT('Origin',(174.365745682652,47.,-88.));
#3004=CARTESIAN_POINT('',(187.94466825363,-0.526228998424045,-90.));
#3005=CARTESIAN_POINT('',(170.653623265937,59.9924284585028,-90.));
#3006=CARTESIAN_POINT('Origin',(187.94466825363,-0.526228998424045,-88.));
#3007=CARTESIAN_POINT('Origin',(-9.86145366712691,90.3855528439051,-20.));
#3008=CARTESIAN_POINT('',(-14.9371742540802,45.,-20.));
#3009=CARTESIAN_POINT('',(-11.3592982621349,45.,-20.));
#3010=CARTESIAN_POINT('',(-25.8326094909202,6.86597667105995,-20.));
#3011=CARTESIAN_POINT('',(-15.1949826190833,44.0976707224891,-20.));
#3012=CARTESIAN_POINT('',(-31.2285806220053,8.40936528530964,-20.));
#3013=CARTESIAN_POINT('',(-33.1514700532243,8.9593618628502,-20.));
#3014=CARTESIAN_POINT('',(-7.93856423590792,89.8355562663645,-20.));
#3015=CARTESIAN_POINT('',(-6.56357279205654,94.642779844412,-20.));
#3016=CARTESIAN_POINT('',(-2.56606530701646,88.2988813147229,-20.));
#3017=CARTESIAN_POINT('',(-9.86145366712691,90.3855528439051,-20.));
#3018=CARTESIAN_POINT('',(-12.0800313969373,55.,-20.));
#3019=CARTESIAN_POINT('',(-7.24425614861973,71.9252133691115,-20.));
#3020=CARTESIAN_POINT('',(80.0692731664365,55.,-20.));
#3021=CARTESIAN_POINT('Origin',(-12.8571428571429,45.,-90.));
#3022=CARTESIAN_POINT('',(-12.8571428571429,45.,-12.));
#3023=CARTESIAN_POINT('',(33.5622245503699,45.,-12.));
#3024=CARTESIAN_POINT('',(-12.8571428571429,45.,-18.));
#3025=CARTESIAN_POINT('',(-12.8571428571429,45.,-90.));
#3026=CARTESIAN_POINT('Origin',(-14.9371742540802,45.,-18.));
#3027=CARTESIAN_POINT('Origin',(-12.8571428571429,45.,-90.));
#3028=CARTESIAN_POINT('',(174.93717425408,45.,-20.));
#3029=CARTESIAN_POINT('',(90.130141360288,45.,-20.));
#3030=CARTESIAN_POINT('Origin',(174.93717425408,45.,-18.));
#3031=CARTESIAN_POINT('Origin',(-12.8571428571429,45.,-90.));
#3032=CARTESIAN_POINT('',(78.5062679451317,45.,-80.));
#3033=CARTESIAN_POINT('Origin',(-12.8571428571429,45.,-90.));
#3034=CARTESIAN_POINT('',(-14.9371742540802,45.,-80.));
#3035=CARTESIAN_POINT('',(-23.0043064551836,45.,-80.));
#3036=CARTESIAN_POINT('',(-12.8571428571429,45.,-82.));
#3037=CARTESIAN_POINT('Origin',(-14.9371742540802,45.,-82.));
#3038=CARTESIAN_POINT('',(-12.8571428571429,45.,-88.));
#3039=CARTESIAN_POINT('',(-12.8571428571429,45.,-90.));
#3040=CARTESIAN_POINT('',(33.5622245503699,45.,-88.));
#3041=CARTESIAN_POINT('Origin',(33.5622245503699,47.,-88.));
#3042=CARTESIAN_POINT('',(33.5622245503699,47.,-90.));
#3043=CARTESIAN_POINT('Origin',(33.5622245503699,47.,-88.));
#3044=CARTESIAN_POINT('',(-14.3657456826516,47.,-90.));
#3045=CARTESIAN_POINT('Origin',(-14.3657456826516,47.,-88.));
#3046=CARTESIAN_POINT('',(33.5622245503699,47.,-90.));
#3047=CARTESIAN_POINT('Origin',(79.9815919578828,49.7081392836205,-90.));
#3048=CARTESIAN_POINT('',(-27.9814843378644,-0.655085293244753,-90.));
#3049=CARTESIAN_POINT('',(-17.1771675940261,37.160023310189,-90.));
#3050=CARTESIAN_POINT('',(-33.8212501299603,-0.655085293244753,-90.));
#3051=CARTESIAN_POINT('',(-25.9014529409271,-0.655085293244753,-90.));
#3052=CARTESIAN_POINT('',(-5.60332018176835,98.,-90.));
#3053=CARTESIAN_POINT('',(-8.54389053891748,87.7192239144416,-90.));
#3054=CARTESIAN_POINT('',(160.010019038896,98.,-90.));
#3055=CARTESIAN_POINT('',(119.990795978941,98.,-90.));
#3056=CARTESIAN_POINT('',(165.618199632396,98.0561913973329,-90.));
#3057=CARTESIAN_POINT('',(123.324158551369,97.6324244850283,-90.));
#3058=CARTESIAN_POINT('',(193.784605459755,-0.526228998424045,-90.));
#3059=CARTESIAN_POINT('',(182.933915984582,37.4511841646824,-90.));
#3060=CARTESIAN_POINT('',(185.864636856693,-0.526228998424045,-90.));
#3061=CARTESIAN_POINT('',(172.651459968366,53.,-90.));
#3062=CARTESIAN_POINT('',(124.990795978941,53.,-90.));
#3063=CARTESIAN_POINT('',(161.508602825509,92.,-90.));
#3064=CARTESIAN_POINT('',(164.225051837365,82.4924284585027,-90.));
#3065=CARTESIAN_POINT('',(-1.50860282550872,92.,-90.));
#3066=CARTESIAN_POINT('',(39.9907959789414,92.,-90.));
#3067=CARTESIAN_POINT('',(-12.6514599683659,53.,-90.));
#3068=CARTESIAN_POINT('',(-9.22644112356261,64.9875659568114,-90.));
#3069=CARTESIAN_POINT('',(124.990795978941,53.,-90.));
#3070=CARTESIAN_POINT('Origin',(33.5622245503699,47.,-12.));
#3071=CARTESIAN_POINT('',(174.365745682652,47.,-9.99999999999998));
#3072=CARTESIAN_POINT('Origin',(174.365745682652,47.,-12.));
#3073=CARTESIAN_POINT('',(33.5622245503699,47.,-9.99999999999998));
#3074=CARTESIAN_POINT('Origin',(33.5622245503699,47.,-12.));
#3075=CARTESIAN_POINT('',(-14.3657456826516,47.,-9.99999999999998));
#3076=CARTESIAN_POINT('',(33.5622245503699,47.,-9.99999999999998));
#3077=CARTESIAN_POINT('Origin',(-14.3657456826516,47.,-12.));
#3078=CARTESIAN_POINT('Origin',(124.990795978941,53.,-88.));
#3079=CARTESIAN_POINT('',(170.,55.,-88.));
#3080=CARTESIAN_POINT('',(124.990795978941,55.,-88.));
#3081=CARTESIAN_POINT('Origin',(172.651459968366,53.,-88.));
#3082=CARTESIAN_POINT('Origin',(79.9815919578828,49.7081392836205,-9.99999999999998));
#3083=CARTESIAN_POINT('',(-12.6514599683659,53.,-9.99999999999998));
#3084=CARTESIAN_POINT('',(124.990795978941,53.,-9.99999999999998));
#3085=CARTESIAN_POINT('',(-1.50860282550873,92.,-9.99999999999999));
#3086=CARTESIAN_POINT('',(-9.22644112356262,64.9875659568114,-9.99999999999999));
#3087=CARTESIAN_POINT('',(159.428571428571,92.,-9.99999999999999));
#3088=CARTESIAN_POINT('',(39.9907959789414,92.,-9.99999999999999));
#3089=CARTESIAN_POINT('',(170.571428571429,53.,-9.99999999999998));
#3090=CARTESIAN_POINT('',(160.,90.,-10.));
#3091=CARTESIAN_POINT('',(124.990795978941,53.,-9.99999999999998));
#3092=CARTESIAN_POINT('',(187.94466825363,-0.526228998424028,-9.99999999999998));
#3093=CARTESIAN_POINT('',(170.653623265937,59.9924284585028,-9.99999999999998));
#3094=CARTESIAN_POINT('',(195.864636856693,-0.526228998424028,-9.99999999999998));
#3095=CARTESIAN_POINT('',(185.864636856693,-0.526228998424028,-9.99999999999998));
#3096=CARTESIAN_POINT('',(167.541247527678,98.6056336531277,-10.));
#3097=CARTESIAN_POINT('',(195.864636856693,-0.526228998424028,-9.99999999999998));
#3098=CARTESIAN_POINT('',(165.598161554604,100.056091013673,-10.));
#3099=CARTESIAN_POINT('Origin',(165.618199632396,98.0561913973329,-10.));
#3100=CARTESIAN_POINT('',(-5.50558222903774,98.3417099014963,-9.99999999999999));
#3101=CARTESIAN_POINT('',(167.122467468433,100.071363860486,-10.));
#3102=CARTESIAN_POINT('',(-33.8212501299603,-0.655085293244735,-9.99999999999998));
#3103=CARTESIAN_POINT('',(-8.54389053891749,87.7192239144416,-9.99999999999999));
#3104=CARTESIAN_POINT('',(-27.9814843378644,-0.655085293244735,-9.99999999999998));
#3105=CARTESIAN_POINT('',(-25.9014529409271,-0.655085293244735,-9.99999999999998));
#3106=CARTESIAN_POINT('',(-17.1771675940261,37.1600233101891,-9.99999999999998));
#3107=CARTESIAN_POINT('Origin',(124.990795978941,53.,-12.));
#3108=CARTESIAN_POINT('',(170.,55.,-12.));
#3109=CARTESIAN_POINT('Origin',(170.571428571429,53.,-12.));
#3110=CARTESIAN_POINT('',(124.990795978941,55.,-12.));
#3111=CARTESIAN_POINT('Origin',(169.869678747406,90.4561243840776,-80.));
#3112=CARTESIAN_POINT('',(193.784605459755,-0.526228998424045,-80.));
#3113=CARTESIAN_POINT('',(189.491031217206,-0.526228998424045,-80.));
#3114=CARTESIAN_POINT('',(167.946630852125,89.9066821282828,-80.));
#3115=CARTESIAN_POINT('',(180.944109906768,44.415505437032,-80.));
#3116=CARTESIAN_POINT('',(162.54744362382,88.3640572059101,-80.));
#3117=CARTESIAN_POINT('',(169.869678747406,90.4561243840776,-80.));
#3118=CARTESIAN_POINT('',(172.080031396937,55.,-80.));
#3119=CARTESIAN_POINT('',(162.235245759551,89.4567497308524,-80.));
#3120=CARTESIAN_POINT('',(169.934839373703,55.,-80.));
#3121=CARTESIAN_POINT('',(170.014288085086,53.5494422557947,-80.));
#3122=CARTESIAN_POINT('Origin',(168.091240189805,53.,-80.));
#3123=CARTESIAN_POINT('',(160.254439270998,87.7089131051038,-80.));
#3124=CARTESIAN_POINT('Origin',(170.,55.,-90.));
#3125=CARTESIAN_POINT('',(170.,55.,-82.));
#3126=CARTESIAN_POINT('Origin',(172.080031396937,55.,-82.));
#3127=CARTESIAN_POINT('',(170.,55.,-90.));
#3128=CARTESIAN_POINT('Origin',(170.,55.,-90.));
#3129=CARTESIAN_POINT('',(170.,55.,-18.));
#3130=CARTESIAN_POINT('',(170.,55.,-90.));
#3131=CARTESIAN_POINT('',(172.080031396937,55.,-20.));
#3132=CARTESIAN_POINT('Origin',(172.080031396937,55.,-18.));
#3133=CARTESIAN_POINT('',(181.558712788859,55.,-20.));
#3134=CARTESIAN_POINT('Origin',(170.,55.,-90.));
#3135=CARTESIAN_POINT('',(-10.,55.,-18.));
#3136=CARTESIAN_POINT('Origin',(-12.0800313969373,55.,-18.));
#3137=CARTESIAN_POINT('',(-10.,55.,-12.));
#3138=CARTESIAN_POINT('',(-10.,55.,-90.));
#3139=CARTESIAN_POINT('',(124.990795978941,55.,-12.));
#3140=CARTESIAN_POINT('Origin',(170.,55.,-90.));
#3141=CARTESIAN_POINT('',(-10.,55.,-88.));
#3142=CARTESIAN_POINT('',(124.990795978941,55.,-88.));
#3143=CARTESIAN_POINT('',(-10.,55.,-82.));
#3144=CARTESIAN_POINT('',(-10.,55.,-90.));
#3145=CARTESIAN_POINT('',(-12.0800313969373,55.,-80.));
#3146=CARTESIAN_POINT('Origin',(-12.0800313969373,55.,-82.));
#3147=CARTESIAN_POINT('',(68.4242649733878,55.,-80.));
#3148=CARTESIAN_POINT('Origin',(168.091240189805,53.,-70.));
#3149=CARTESIAN_POINT('',(170.014288085086,53.5494422557948,-20.));
#3150=CARTESIAN_POINT('Origin',(168.091240189805,53.,-20.));
#3151=CARTESIAN_POINT('',(170.014288085086,53.5494422557947,-70.));
#3152=CARTESIAN_POINT('Ctrl Pts',(0.888529220575866,100.,-18.));
#3153=CARTESIAN_POINT('Ctrl Pts',(1.33732817108869,100.,-18.8975979010257));
#3154=CARTESIAN_POINT('Ctrl Pts',(2.08257527766026,99.7376914601891,-20.3880921141688));
#3155=CARTESIAN_POINT('Ctrl Pts',(2.75165816614864,98.8965093488607,-21.7262578911455));
#3156=CARTESIAN_POINT('Ctrl Pts',(2.88852922057586,98.2991993003419,-22.));
#3157=CARTESIAN_POINT('Ctrl Pts',(2.88852922057586,98.,-22.));
#3158=CARTESIAN_POINT('Ctrl Pts',(0.888529220575868,100.,-18.));
#3159=CARTESIAN_POINT('Ctrl Pts',(1.42281368547209,100.,-18.8121123866423));
#3160=CARTESIAN_POINT('Ctrl Pts',(2.30854585490507,99.6179653319339,-20.1623098006537));
#3161=CARTESIAN_POINT('Ctrl Pts',(2.85298668109239,98.6488988640618,-21.2338586499521));
#3162=CARTESIAN_POINT('Ctrl Pts',(2.88852922057586,98.2083065138543,-21.4016013993162));
#3163=CARTESIAN_POINT('Ctrl Pts',(2.88852922057586,98.,-21.4016013993162));
#3164=CARTESIAN_POINT('Ctrl Pts',(0.888529220575871,100.,-18.));
#3165=CARTESIAN_POINT('Ctrl Pts',(1.57241333564304,100.,-18.6625127364713));
#3166=CARTESIAN_POINT('Ctrl Pts',(2.70751469814802,99.5301323303117,-19.7612681926033));
#3167=CARTESIAN_POINT('Ctrl Pts',(3.38127656499228,98.441137245386,-20.3748127540459));
#3168=CARTESIAN_POINT('Ctrl Pts',(3.39060757527718,98.130209212626,-20.3655670842507));
#3169=CARTESIAN_POINT('Ctrl Pts',(3.39060757527718,98.,-20.3655670842507));
#3170=CARTESIAN_POINT('Ctrl Pts',(0.888529220575875,100.,-18.));
#3171=CARTESIAN_POINT('Ctrl Pts',(1.72201298581399,100.,-18.5129130863004));
#3172=CARTESIAN_POINT('Ctrl Pts',(3.1054706066588,99.6474905850849,-19.3615786256214));
#3173=CARTESIAN_POINT('Ctrl Pts',(4.2449576010795,98.7126104410756,-19.9385684237422));
#3174=CARTESIAN_POINT('Ctrl Pts',(4.43973027006303,98.2319963679758,-20.));
#3175=CARTESIAN_POINT('Ctrl Pts',(4.43973027006303,98.,-20.));
#3176=CARTESIAN_POINT('Ctrl Pts',(0.888529220575876,100.,-18.));
#3177=CARTESIAN_POINT('Ctrl Pts',(1.78612712160154,100.,-18.4487989505128));
#3178=CARTESIAN_POINT('Ctrl Pts',(3.27662133474465,99.7376914601892,-19.1940460570844));
#3179=CARTESIAN_POINT('Ctrl Pts',(4.61478711172142,98.8965093488607,-19.8631289455728));
#3180=CARTESIAN_POINT('Ctrl Pts',(4.88852922057585,98.2991993003419,-20.));
#3181=CARTESIAN_POINT('Ctrl Pts',(4.88852922057585,98.,-20.));
#3182=CARTESIAN_POINT('',(4.88852922057587,98.,-20.));
#3183=CARTESIAN_POINT('',(2.88852922057586,98.,-22.));
#3184=CARTESIAN_POINT('Origin',(4.88852922057586,98.,-22.));
#3185=CARTESIAN_POINT('',(0.888529220575851,100.,-18.));
#3186=CARTESIAN_POINT('Origin',(0.888529220575859,98.,-18.));
#3187=CARTESIAN_POINT('Origin',(0.88852922057586,98.,-18.));
#3188=CARTESIAN_POINT('Origin',(4.88852922057585,100.,-22.));
#3189=CARTESIAN_POINT('',(4.88852922057585,92.,-20.));
#3190=CARTESIAN_POINT('',(4.88852922057585,100.,-20.));
#3191=CARTESIAN_POINT('',(2.88852922057586,92.,-22.));
#3192=CARTESIAN_POINT('Origin',(4.88852922057585,92.,-22.));
#3193=CARTESIAN_POINT('',(2.88852922057586,100.,-22.));
#3194=CARTESIAN_POINT('Ctrl Pts',(2.88852922057586,92.,-22.));
#3195=CARTESIAN_POINT('Ctrl Pts',(2.88852922057586,91.7008006996581,-22.));
#3196=CARTESIAN_POINT('Ctrl Pts',(2.78565805744536,91.2525537994143,-21.794257673739));
#3197=CARTESIAN_POINT('Ctrl Pts',(2.3852870209881,90.6149396391384,-20.9935156008245));
#3198=CARTESIAN_POINT('Ctrl Pts',(1.78605601109781,90.1366023798953,-19.7950535810439));
#3199=CARTESIAN_POINT('Ctrl Pts',(1.18772852091774,90.,-18.5983986006838));
#3200=CARTESIAN_POINT('Ctrl Pts',(0.888529220575856,90.,-18.));
#3201=CARTESIAN_POINT('Ctrl Pts',(2.88852922057586,92.,-21.4016013993162));
#3202=CARTESIAN_POINT('Ctrl Pts',(2.88852922057586,91.7916934861456,-21.4016013993162));
#3203=CARTESIAN_POINT('Ctrl Pts',(2.8570333719219,91.4601482128088,-21.2723135360585));
#3204=CARTESIAN_POINT('Ctrl Pts',(2.56458989471585,90.802979624059,-20.6533684116651));
#3205=CARTESIAN_POINT('Ctrl Pts',(1.95917595518235,90.1930706739877,-19.6254369970438));
#3206=CARTESIAN_POINT('Ctrl Pts',(1.24471886384001,90.,-18.5414082577615));
#3207=CARTESIAN_POINT('Ctrl Pts',(0.888529220575856,90.,-18.));
#3208=CARTESIAN_POINT('Ctrl Pts',(3.39059617437523,92.,-20.3655575873071));
#3209=CARTESIAN_POINT('Ctrl Pts',(3.39059617437523,91.869790787374,-20.3655575873071));
#3210=CARTESIAN_POINT('Ctrl Pts',(3.37639661076508,91.6367125924014,-20.3649351529006));
#3211=CARTESIAN_POINT('Ctrl Pts',(3.02782202856304,90.9526484842305,-20.0552125823585));
#3212=CARTESIAN_POINT('Ctrl Pts',(2.25756237096259,90.2345737238888,-19.3264566066009));
#3213=CARTESIAN_POINT('Ctrl Pts',(1.34445196395397,90.,-18.4416751576475));
#3214=CARTESIAN_POINT('Ctrl Pts',(0.888529220575856,90.,-18.));
#3215=CARTESIAN_POINT('Ctrl Pts',(4.43973027006303,92.,-20.));
#3216=CARTESIAN_POINT('Ctrl Pts',(4.43973027006303,91.7680036320241,-20.));
#3217=CARTESIAN_POINT('Ctrl Pts',(4.291268762534,91.4066751932646,-19.9506039647705));
#3218=CARTESIAN_POINT('Ctrl Pts',(3.62560448800588,90.7554230112599,-19.6298141983598));
#3219=CARTESIAN_POINT('Ctrl Pts',(2.55561075212242,90.1792718181757,-19.0265509155968));
#3220=CARTESIAN_POINT('Ctrl Pts',(1.44418506406793,90.,-18.3419420575336));
#3221=CARTESIAN_POINT('Ctrl Pts',(0.888529220575856,90.,-18.));
#3222=CARTESIAN_POINT('Ctrl Pts',(4.88852922057585,92.,-20.));
#3223=CARTESIAN_POINT('Ctrl Pts',(4.88852922057585,91.7008006996581,-20.));
#3224=CARTESIAN_POINT('Ctrl Pts',(4.68278689431486,91.2525537994143,-19.8971288368695));
#3225=CARTESIAN_POINT('Ctrl Pts',(3.88204482140033,90.6149396391384,-19.4967578004122));
#3226=CARTESIAN_POINT('Ctrl Pts',(2.68358280161975,90.1366023798953,-18.8975267905219));
#3227=CARTESIAN_POINT('Ctrl Pts',(1.48692782125963,90.,-18.2991993003419));
#3228=CARTESIAN_POINT('Ctrl Pts',(0.888529220575856,90.,-18.));
#3229=CARTESIAN_POINT('',(0.888529220575861,90.,-18.));
#3230=CARTESIAN_POINT('Origin',(0.888529220575864,92.,-18.));
#3231=CARTESIAN_POINT('Origin',(0.888529220575861,92.,-18.));
#3232=CARTESIAN_POINT('Origin',(150.,100.,-20.));
#3233=CARTESIAN_POINT('',(148.,98.,-20.));
#3234=CARTESIAN_POINT('',(155.,98.,-20.));
#3235=CARTESIAN_POINT('',(148.,92.,-20.));
#3236=CARTESIAN_POINT('',(148.,100.,-20.));
#3237=CARTESIAN_POINT('',(75.,92.,-20.));
#3238=CARTESIAN_POINT('Origin',(155.,98.,-18.));
#3239=CARTESIAN_POINT('',(152.,100.,-18.));
#3240=CARTESIAN_POINT('',(155.,100.,-18.));
#3241=CARTESIAN_POINT('Origin',(152.,98.,-18.));
#3242=CARTESIAN_POINT('Origin',(0.88852922057586,98.,-55.));
#3243=CARTESIAN_POINT('',(2.88852922057586,98.,-78.));
#3244=CARTESIAN_POINT('',(2.88852922057586,98.,-55.));
#3245=CARTESIAN_POINT('',(0.88852922057586,100.,-82.));
#3246=CARTESIAN_POINT('Origin',(0.88852922057586,98.,-82.));
#3247=CARTESIAN_POINT('',(0.88852922057586,100.,-55.));
#3248=CARTESIAN_POINT('Ctrl Pts',(0.888529220575869,100.,-82.));
#3249=CARTESIAN_POINT('Ctrl Pts',(1.78612712160153,100.,-81.5512010494872));
#3250=CARTESIAN_POINT('Ctrl Pts',(3.27657064478336,99.7376308687988,-80.8059792878963));
#3251=CARTESIAN_POINT('Ctrl Pts',(4.61475071851106,98.8964803606048,-80.1368892510324));
#3252=CARTESIAN_POINT('Ctrl Pts',(4.88852922057589,98.2991993003419,-80.));
#3253=CARTESIAN_POINT('Ctrl Pts',(4.88852922057589,98.,-80.));
#3254=CARTESIAN_POINT('Ctrl Pts',(0.888529220575868,100.,-82.));
#3255=CARTESIAN_POINT('Ctrl Pts',(1.70064160721813,100.,-81.4657155351038));
#3256=CARTESIAN_POINT('Ctrl Pts',(3.05095579977214,99.6178189977926,-80.579728325451));
#3257=CARTESIAN_POINT('Ctrl Pts',(4.12247856020069,98.6488354714919,-80.035354091215));
#3258=CARTESIAN_POINT('Ctrl Pts',(4.29013061989212,98.2083065138543,-80.));
#3259=CARTESIAN_POINT('Ctrl Pts',(4.29013061989212,98.,-80.));
#3260=CARTESIAN_POINT('Ctrl Pts',(0.888529220575867,100.,-82.));
#3261=CARTESIAN_POINT('Ctrl Pts',(1.55104195704718,100.,-81.3161158849328));
#3262=CARTESIAN_POINT('Ctrl Pts',(2.64994806464547,99.5301145382406,-80.1808837086354));
#3263=CARTESIAN_POINT('Ctrl Pts',(3.26352206258914,98.4413370029892,-79.5070849642844));
#3264=CARTESIAN_POINT('Ctrl Pts',(3.25415605480788,98.130209212626,-79.4978499165708));
#3265=CARTESIAN_POINT('Ctrl Pts',(3.25415605480788,98.,-79.4978499165708));
#3266=CARTESIAN_POINT('Ctrl Pts',(0.888529220575866,100.,-82.));
#3267=CARTESIAN_POINT('Ctrl Pts',(1.40144230687624,100.,-81.1665162347619));
#3268=CARTESIAN_POINT('Ctrl Pts',(2.25018409512887,99.6474044270452,-79.7830853877903));
#3269=CARTESIAN_POINT('Ctrl Pts',(2.82717350205587,98.712628219172,-78.6435699126895));
#3270=CARTESIAN_POINT('Ctrl Pts',(2.88852922057589,98.2319963679758,-78.4487989505128));
#3271=CARTESIAN_POINT('Ctrl Pts',(2.88852922057589,98.,-78.4487989505128));
#3272=CARTESIAN_POINT('Ctrl Pts',(0.888529220575865,100.,-82.));
#3273=CARTESIAN_POINT('Ctrl Pts',(1.33732817108869,100.,-81.1024020989743));
#3274=CARTESIAN_POINT('Ctrl Pts',(2.08254993267962,99.7376308687988,-79.6119585757925));
#3275=CARTESIAN_POINT('Ctrl Pts',(2.75163996954347,98.8964803606048,-78.2737785020648));
#3276=CARTESIAN_POINT('Ctrl Pts',(2.88852922057589,98.2991993003419,-78.));
#3277=CARTESIAN_POINT('Ctrl Pts',(2.88852922057589,98.,-78.));
#3278=CARTESIAN_POINT('',(4.88852922057587,98.,-80.));
#3279=CARTESIAN_POINT('Origin',(4.88852922057589,98.,-78.));
#3280=CARTESIAN_POINT('Origin',(0.888529220575869,98.,-82.));
#3281=CARTESIAN_POINT('Origin',(4.88852922057586,100.,-78.));
#3282=CARTESIAN_POINT('',(2.88852922057586,92.,-78.));
#3283=CARTESIAN_POINT('',(2.88852922057586,100.,-78.));
#3284=CARTESIAN_POINT('',(4.88852922057586,92.,-80.));
#3285=CARTESIAN_POINT('Origin',(4.88852922057586,92.,-78.));
#3286=CARTESIAN_POINT('',(4.88852922057586,100.,-80.));
#3287=CARTESIAN_POINT('Ctrl Pts',(4.88852922057586,92.,-80.));
#3288=CARTESIAN_POINT('Ctrl Pts',(4.88852922057586,91.850400349829,-80.));
#3289=CARTESIAN_POINT('Ctrl Pts',(4.78829532895824,91.4015167430258,-80.0501169458088));
#3290=CARTESIAN_POINT('Ctrl Pts',(4.12299828323962,90.7104283963602,-80.3827654686681));
#3291=CARTESIAN_POINT('Ctrl Pts',(2.68326923360131,90.1366446890955,-81.1026299934873));
#3292=CARTESIAN_POINT('Ctrl Pts',(1.48692782125963,90.,-81.7008006996581));
#3293=CARTESIAN_POINT('Ctrl Pts',(0.888529220575862,90.,-82.));
#3294=CARTESIAN_POINT('Ctrl Pts',(4.29013061989209,92.,-80.));
#3295=CARTESIAN_POINT('Ctrl Pts',(4.29013061989209,91.8958467430728,-80.));
#3296=CARTESIAN_POINT('Ctrl Pts',(4.22731453266249,91.5881132688292,-80.0161035640167));
#3297=CARTESIAN_POINT('Ctrl Pts',(3.74898340765506,90.9318570720993,-80.2022797109428));
#3298=CARTESIAN_POINT('Ctrl Pts',(2.51328728821756,90.1909158892251,-80.9297083647473));
#3299=CARTESIAN_POINT('Ctrl Pts',(1.42993747833737,90.,-81.6438103567358));
#3300=CARTESIAN_POINT('Ctrl Pts',(0.888529220575862,90.,-82.));
#3301=CARTESIAN_POINT('Ctrl Pts',(3.25415123338623,91.9999999999999,-79.4978557045967));
#3302=CARTESIAN_POINT('Ctrl Pts',(3.25415123338623,91.9348953936869,-79.4978557045967));
#3303=CARTESIAN_POINT('Ctrl Pts',(3.25399779759894,91.7490898549017,-79.5043992547838));
#3304=CARTESIAN_POINT('Ctrl Pts',(3.09149774829089,91.1096262922413,-79.7044924834734));
#3305=CARTESIAN_POINT('Ctrl Pts',(2.21347189844328,90.2300891081663,-80.6325297940758));
#3306=CARTESIAN_POINT('Ctrl Pts',(1.3302043782234,89.9999999999999,-81.5440772566218));
#3307=CARTESIAN_POINT('Ctrl Pts',(0.888529220575862,89.9999999999999,-82.));
#3308=CARTESIAN_POINT('Ctrl Pts',(2.88852922057586,92.,-78.4487989505128));
#3309=CARTESIAN_POINT('Ctrl Pts',(2.88852922057586,91.884001816012,-78.4487989505128));
#3310=CARTESIAN_POINT('Ctrl Pts',(2.8638959807877,91.5396173893115,-78.5210001563026));
#3311=CARTESIAN_POINT('Ctrl Pts',(2.63969966749251,90.8755717443592,-79.0473820257019));
#3312=CARTESIAN_POINT('Ctrl Pts',(1.91463271238336,90.1776321633365,-80.3336380939189));
#3313=CARTESIAN_POINT('Ctrl Pts',(1.23047127810944,90.,-81.4443441565079));
#3314=CARTESIAN_POINT('Ctrl Pts',(0.888529220575862,90.,-82.));
#3315=CARTESIAN_POINT('Ctrl Pts',(2.88852922057586,92.,-78.));
#3316=CARTESIAN_POINT('Ctrl Pts',(2.88852922057586,91.850400349829,-78.));
#3317=CARTESIAN_POINT('Ctrl Pts',(2.83841227476705,91.4015167430258,-78.1002338916176));
#3318=CARTESIAN_POINT('Ctrl Pts',(2.50576375190774,90.7104283963602,-78.7655309373362));
#3319=CARTESIAN_POINT('Ctrl Pts',(1.78589922708858,90.1366446890955,-80.2052599869745));
#3320=CARTESIAN_POINT('Ctrl Pts',(1.18772852091774,90.,-81.4016013993162));
#3321=CARTESIAN_POINT('Ctrl Pts',(0.888529220575862,90.,-82.));
#3322=CARTESIAN_POINT('',(0.888529220575861,90.,-82.));
#3323=CARTESIAN_POINT('Origin',(0.888529220575861,92.,-82.));
#3324=CARTESIAN_POINT('Origin',(0.888529220575862,92.,-82.));
#3325=CARTESIAN_POINT('Origin',(2.88852922057586,100.,-20.));
#3326=CARTESIAN_POINT('',(2.88852922057586,92.,-55.));
#3327=CARTESIAN_POINT('Origin',(81.4442646102879,98.,-82.));
#3328=CARTESIAN_POINT('',(148.,98.,-80.));
#3329=CARTESIAN_POINT('',(81.4442646102879,98.,-80.));
#3330=CARTESIAN_POINT('',(152.,100.,-82.));
#3331=CARTESIAN_POINT('Origin',(152.,98.,-82.));
#3332=CARTESIAN_POINT('',(81.4442646102879,100.,-82.));
#3333=CARTESIAN_POINT('Ctrl Pts',(152.,90.,-18.));
#3334=CARTESIAN_POINT('Ctrl Pts',(151.700800699658,90.,-18.5983986006838));
#3335=CARTESIAN_POINT('Ctrl Pts',(151.102629462797,90.1366537758824,-19.7947410744066));
#3336=CARTESIAN_POINT('Ctrl Pts',(150.382764735505,90.7104333503185,-21.2344705289897));
#3337=CARTESIAN_POINT('Ctrl Pts',(150.050116302521,91.4015199799067,-21.8997673949588));
#3338=CARTESIAN_POINT('Ctrl Pts',(150.,91.8504003498291,-22.));
#3339=CARTESIAN_POINT('Ctrl Pts',(150.,92.,-22.));
#3340=CARTESIAN_POINT('Ctrl Pts',(152.,90.,-18.));
#3341=CARTESIAN_POINT('Ctrl Pts',(151.643810356736,90.,-18.5414082577615));
#3342=CARTESIAN_POINT('Ctrl Pts',(150.929578396,90.1909878763085,-19.6248172888636));
#3343=CARTESIAN_POINT('Ctrl Pts',(150.202162969464,90.9319515890554,-20.8605093999373));
#3344=CARTESIAN_POINT('Ctrl Pts',(150.016036278114,91.5881962183622,-21.3388187156995));
#3345=CARTESIAN_POINT('Ctrl Pts',(150.,91.8958467430729,-21.4016013993162));
#3346=CARTESIAN_POINT('Ctrl Pts',(150.,92.,-21.4016013993162));
#3347=CARTESIAN_POINT('Ctrl Pts',(152.,90.,-18.));
#3348=CARTESIAN_POINT('Ctrl Pts',(151.544077256622,90.,-18.4416751576475));
#3349=CARTESIAN_POINT('Ctrl Pts',(150.632522066357,90.230112192008,-19.3249617740707));
#3350=CARTESIAN_POINT('Ctrl Pts',(149.704471732078,91.109639591735,-20.2029968510726));
#3351=CARTESIAN_POINT('Ctrl Pts',(149.504354856027,91.7490888545055,-20.3655127921339));
#3352=CARTESIAN_POINT('Ctrl Pts',(149.497803387092,91.934895393687,-20.3656655932558));
#3353=CARTESIAN_POINT('Ctrl Pts',(149.497803387092,92.,-20.3656655932558));
#3354=CARTESIAN_POINT('Ctrl Pts',(152.,90.,-18.));
#3355=CARTESIAN_POINT('Ctrl Pts',(151.444344156508,90.,-18.3419420575336));
#3356=CARTESIAN_POINT('Ctrl Pts',(150.333650699656,90.1776600971895,-19.0261398668887));
#3357=CARTESIAN_POINT('Ctrl Pts',(149.047392608039,90.8755955452776,-19.7512023484733));
#3358=CARTESIAN_POINT('Ctrl Pts',(148.521003577502,91.5396331929753,-19.9753867377318));
#3359=CARTESIAN_POINT('Ctrl Pts',(148.448798950513,91.8840018160121,-20.));
#3360=CARTESIAN_POINT('Ctrl Pts',(148.448798950513,92.,-20.));
#3361=CARTESIAN_POINT('Ctrl Pts',(152.,90.,-18.));
#3362=CARTESIAN_POINT('Ctrl Pts',(151.401601399316,90.,-18.2991993003419));
#3363=CARTESIAN_POINT('Ctrl Pts',(150.205258925593,90.1366537758824,-18.8973705372033));
#3364=CARTESIAN_POINT('Ctrl Pts',(148.76552947101,90.7104333503185,-19.6172352644949));
#3365=CARTESIAN_POINT('Ctrl Pts',(148.100232605041,91.4015199799067,-19.9498836974794));
#3366=CARTESIAN_POINT('Ctrl Pts',(148.,91.850400349829,-20.));
#3367=CARTESIAN_POINT('Ctrl Pts',(148.,92.,-20.));
#3368=CARTESIAN_POINT('',(150.,92.,-22.));
#3369=CARTESIAN_POINT('Origin',(148.,92.,-22.));
#3370=CARTESIAN_POINT('',(152.,90.,-18.));
#3371=CARTESIAN_POINT('Origin',(152.,92.,-18.));
#3372=CARTESIAN_POINT('Origin',(152.,92.,-18.));
#3373=CARTESIAN_POINT('Origin',(148.,100.,-22.));
#3374=CARTESIAN_POINT('',(150.,98.,-22.));
#3375=CARTESIAN_POINT('Origin',(148.,98.,-22.));
#3376=CARTESIAN_POINT('',(150.,100.,-22.));
#3377=CARTESIAN_POINT('Ctrl Pts',(150.,98.,-22.));
#3378=CARTESIAN_POINT('Ctrl Pts',(150.,98.1495996501709,-22.));
#3379=CARTESIAN_POINT('Ctrl Pts',(150.050116268139,98.5984798431684,-21.8997674637215));
#3380=CARTESIAN_POINT('Ctrl Pts',(150.382764695928,99.2895663785996,-21.2344706081436));
#3381=CARTESIAN_POINT('Ctrl Pts',(151.102629433603,99.8633457368844,-19.7947411327936));
#3382=CARTESIAN_POINT('Ctrl Pts',(151.700800699658,100.,-18.5983986006838));
#3383=CARTESIAN_POINT('Ctrl Pts',(152.,100.,-18.));
#3384=CARTESIAN_POINT('Ctrl Pts',(150.,98.,-21.4016013993162));
#3385=CARTESIAN_POINT('Ctrl Pts',(150.,98.1041532569272,-21.4016013993162));
#3386=CARTESIAN_POINT('Ctrl Pts',(150.016032614996,98.4117993467297,-21.3388205295549));
#3387=CARTESIAN_POINT('Ctrl Pts',(150.202156656426,99.0680433058968,-20.8605123850183));
#3388=CARTESIAN_POINT('Ctrl Pts',(150.929571361702,99.8090081715439,-19.6248204977347));
#3389=CARTESIAN_POINT('Ctrl Pts',(151.643810356736,100.,-18.5414082577615));
#3390=CARTESIAN_POINT('Ctrl Pts',(152.,100.,-18.));
#3391=CARTESIAN_POINT('Ctrl Pts',(149.497800650867,98.,-20.3656678725299));
#3392=CARTESIAN_POINT('Ctrl Pts',(149.497800650867,98.065104606313,-20.3656678725299));
#3393=CARTESIAN_POINT('Ctrl Pts',(149.504352516997,98.2509111342058,-20.3655151326665));
#3394=CARTESIAN_POINT('Ctrl Pts',(149.704470605771,98.8903596435513,-20.2029983874963));
#3395=CARTESIAN_POINT('Ctrl Pts',(150.632521619414,99.7698865436326,-19.3249628316327));
#3396=CARTESIAN_POINT('Ctrl Pts',(151.544077256622,100.,-18.4416751576475));
#3397=CARTESIAN_POINT('Ctrl Pts',(152.,100.,-18.));
#3398=CARTESIAN_POINT('Ctrl Pts',(148.448798950513,98.,-20.));
#3399=CARTESIAN_POINT('Ctrl Pts',(148.448798950513,98.1159981839879,-20.));
#3400=CARTESIAN_POINT('Ctrl Pts',(148.521003770344,98.4603659508605,-19.975387822018));
#3401=CARTESIAN_POINT('Ctrl Pts',(149.047393179006,99.1244031649391,-19.7512040754823));
#3402=CARTESIAN_POINT('Ctrl Pts',(150.333651379699,99.8223383919732,-19.0261418351473));
#3403=CARTESIAN_POINT('Ctrl Pts',(151.444344156508,100.,-18.3419420575336));
#3404=CARTESIAN_POINT('Ctrl Pts',(152.,100.,-18.));
#3405=CARTESIAN_POINT('Ctrl Pts',(148.,98.,-20.));
#3406=CARTESIAN_POINT('Ctrl Pts',(148.,98.1495996501709,-20.));
#3407=CARTESIAN_POINT('Ctrl Pts',(148.100232536278,98.5984798431684,-19.9498837318607));
#3408=CARTESIAN_POINT('Ctrl Pts',(148.765529391856,99.2895663785995,-19.6172353040718));
#3409=CARTESIAN_POINT('Ctrl Pts',(150.205258867206,99.8633457368844,-18.8973705663968));
#3410=CARTESIAN_POINT('Ctrl Pts',(151.401601399316,100.,-18.2991993003419));
#3411=CARTESIAN_POINT('Ctrl Pts',(152.,100.,-18.));
#3412=CARTESIAN_POINT('Origin',(152.,98.,-18.));
#3413=CARTESIAN_POINT('Origin',(75.,92.,-18.));
#3414=CARTESIAN_POINT('',(75.,90.,-18.));
#3415=CARTESIAN_POINT('Origin',(152.,92.,-85.));
#3416=CARTESIAN_POINT('',(150.,92.,-78.));
#3417=CARTESIAN_POINT('',(150.,92.,-85.));
#3418=CARTESIAN_POINT('',(152.,90.,-82.));
#3419=CARTESIAN_POINT('Origin',(152.,92.,-82.));
#3420=CARTESIAN_POINT('',(152.,90.,-85.));
#3421=CARTESIAN_POINT('Ctrl Pts',(152.,100.,-82.));
#3422=CARTESIAN_POINT('Ctrl Pts',(151.551201049487,100.,-81.1024020989743));
#3423=CARTESIAN_POINT('Ctrl Pts',(150.806005791095,99.7375683541531,-79.612011582189));
#3424=CARTESIAN_POINT('Ctrl Pts',(150.136908164415,98.8964494327373,-78.2738163288293));
#3425=CARTESIAN_POINT('Ctrl Pts',(150.,98.2991993003419,-78.));
#3426=CARTESIAN_POINT('Ctrl Pts',(150.,98.,-78.));
#3427=CARTESIAN_POINT('Ctrl Pts',(152.,100.,-82.));
#3428=CARTESIAN_POINT('Ctrl Pts',(151.465715535104,100.,-81.1878876133577));
#3429=CARTESIAN_POINT('Ctrl Pts',(150.579461319215,99.617668404341,-79.8374509067156));
#3430=CARTESIAN_POINT('Ctrl Pts',(150.035158513369,98.6487672915185,-78.7659567747546));
#3431=CARTESIAN_POINT('Ctrl Pts',(150.,98.2083065138543,-78.5983986006838));
#3432=CARTESIAN_POINT('Ctrl Pts',(150.,98.,-78.5983986006838));
#3433=CARTESIAN_POINT('Ctrl Pts',(152.,100.,-82.));
#3434=CARTESIAN_POINT('Ctrl Pts',(151.316115884933,100.,-81.3374872635287));
#3435=CARTESIAN_POINT('Ctrl Pts',(150.180741877751,99.5301059569264,-80.2384187908352));
#3436=CARTESIAN_POINT('Ctrl Pts',(149.50691434561,98.4415295709405,-79.6248235878884));
#3437=CARTESIAN_POINT('Ctrl Pts',(149.497780466752,98.130209212626,-79.6343153141165));
#3438=CARTESIAN_POINT('Ctrl Pts',(149.497780466752,98.,-79.6343153141165));
#3439=CARTESIAN_POINT('Ctrl Pts',(152.,100.,-82.));
#3440=CARTESIAN_POINT('Ctrl Pts',(151.166516234762,100.,-81.4870869136996));
#3441=CARTESIAN_POINT('Ctrl Pts',(149.783112165715,99.6473189717983,-80.6382641618416));
#3442=CARTESIAN_POINT('Ctrl Pts',(148.643569289022,98.7126423204006,-80.0612780332327));
#3443=CARTESIAN_POINT('Ctrl Pts',(148.448798950513,98.2319963679758,-80.));
#3444=CARTESIAN_POINT('Ctrl Pts',(148.448798950513,98.,-80.));
#3445=CARTESIAN_POINT('Ctrl Pts',(152.,100.,-82.));
#3446=CARTESIAN_POINT('Ctrl Pts',(151.102402098974,100.,-81.5512010494872));
#3447=CARTESIAN_POINT('Ctrl Pts',(149.612011582189,99.7375683541531,-80.8060057910945));
#3448=CARTESIAN_POINT('Ctrl Pts',(148.273816328829,98.8964494327373,-80.1369081644146));
#3449=CARTESIAN_POINT('Ctrl Pts',(148.,98.2991993003419,-80.));
#3450=CARTESIAN_POINT('Ctrl Pts',(148.,98.,-80.));
#3451=CARTESIAN_POINT('',(150.,98.,-78.));
#3452=CARTESIAN_POINT('Origin',(148.,98.,-78.));
#3453=CARTESIAN_POINT('Origin',(152.,98.,-82.));
#3454=CARTESIAN_POINT('Origin',(148.,100.,-78.));
#3455=CARTESIAN_POINT('',(148.,92.,-80.));
#3456=CARTESIAN_POINT('',(148.,100.,-80.));
#3457=CARTESIAN_POINT('Origin',(148.,92.,-78.));
#3458=CARTESIAN_POINT('',(150.,100.,-78.));
#3459=CARTESIAN_POINT('Ctrl Pts',(152.,90.,-82.));
#3460=CARTESIAN_POINT('Ctrl Pts',(151.102402098974,90.,-81.5512010494872));
#3461=CARTESIAN_POINT('Ctrl Pts',(149.612009452831,90.2624291495865,-80.8060047264155));
#3462=CARTESIAN_POINT('Ctrl Pts',(148.273814813351,91.1035493138862,-80.1369074066755));
#3463=CARTESIAN_POINT('Ctrl Pts',(148.,91.7008006996581,-80.));
#3464=CARTESIAN_POINT('Ctrl Pts',(148.,92.,-80.));
#3465=CARTESIAN_POINT('Ctrl Pts',(152.,90.,-82.));
#3466=CARTESIAN_POINT('Ctrl Pts',(151.187887613358,90.,-81.4657155351038));
#3467=CARTESIAN_POINT('Ctrl Pts',(149.837455835423,90.3823255892995,-80.5794720508561));
#3468=CARTESIAN_POINT('Ctrl Pts',(148.765960529411,91.351229935907,-80.0351663436712));
#3469=CARTESIAN_POINT('Ctrl Pts',(148.598398600684,91.7916934861456,-80.));
#3470=CARTESIAN_POINT('Ctrl Pts',(148.598398600684,92.,-80.));
#3471=CARTESIAN_POINT('Ctrl Pts',(152.,90.,-82.));
#3472=CARTESIAN_POINT('Ctrl Pts',(151.337487263529,90.,-81.3161158849328));
#3473=CARTESIAN_POINT('Ctrl Pts',(150.2384253995,90.4698938739254,-80.1807476652684));
#3474=CARTESIAN_POINT('Ctrl Pts',(149.624830877906,91.5584778747371,-79.5069211156083));
#3475=CARTESIAN_POINT('Ctrl Pts',(149.634317553776,91.869790787374,-79.4977831554209));
#3476=CARTESIAN_POINT('Ctrl Pts',(149.634317553776,92.,-79.4977831554209));
#3477=CARTESIAN_POINT('Ctrl Pts',(152.,90.,-82.));
#3478=CARTESIAN_POINT('Ctrl Pts',(151.4870869137,90.,-81.1665162347619));
#3479=CARTESIAN_POINT('Ctrl Pts',(150.638267436198,90.3526776779526,-79.7831111117176));
#3480=CARTESIAN_POINT('Ctrl Pts',(150.061281124795,91.2873581661197,-78.6435692933974));
#3481=CARTESIAN_POINT('Ctrl Pts',(150.,91.7680036320241,-78.4487989505128));
#3482=CARTESIAN_POINT('Ctrl Pts',(150.,92.,-78.4487989505128));
#3483=CARTESIAN_POINT('Ctrl Pts',(152.,90.,-82.));
#3484=CARTESIAN_POINT('Ctrl Pts',(151.551201049487,90.,-81.1024020989743));
#3485=CARTESIAN_POINT('Ctrl Pts',(150.806004726415,90.2624291495865,-79.612009452831));
#3486=CARTESIAN_POINT('Ctrl Pts',(150.136907406676,91.1035493138862,-78.2738148133512));
#3487=CARTESIAN_POINT('Ctrl Pts',(150.,91.7008006996581,-78.));
#3488=CARTESIAN_POINT('Ctrl Pts',(150.,92.,-78.));
#3489=CARTESIAN_POINT('Origin',(152.,92.,-82.));
#3490=CARTESIAN_POINT('Origin',(1.44426461028793,92.,-82.));
#3491=CARTESIAN_POINT('',(1.44426461028793,90.,-82.));
#3492=CARTESIAN_POINT('',(1.44426461028793,92.,-80.));
#3493=CARTESIAN_POINT('Origin',(2.88852922057586,100.,-80.));
#3494=CARTESIAN_POINT('Origin',(152.,98.,-85.));
#3495=CARTESIAN_POINT('',(152.,100.,-85.));
#3496=CARTESIAN_POINT('',(150.,98.,-85.));
#3497=CARTESIAN_POINT('Origin',(150.,100.,-80.));
#3498=CARTESIAN_POINT('Origin',(160.,100.,-90.));
#3499=CARTESIAN_POINT('',(-5.60332018176837,100.,-88.));
#3500=CARTESIAN_POINT('',(160.,100.,-88.));
#3501=CARTESIAN_POINT('',(119.990795978941,100.,-88.));
#3502=CARTESIAN_POINT('',(-5.60332018176837,100.,-12.));
#3503=CARTESIAN_POINT('',(-5.60332018176837,100.,-90.));
#3504=CARTESIAN_POINT('',(160.,100.,-12.));
#3505=CARTESIAN_POINT('',(119.990795978941,100.,-12.));
#3506=CARTESIAN_POINT('',(160.,100.,-90.));
#3507=CARTESIAN_POINT('Origin',(180.944109906768,44.415505437032,-82.));
#3508=CARTESIAN_POINT('',(195.864636856693,-0.526228998424044,-82.));
#3509=CARTESIAN_POINT('Origin',(193.784605459755,-0.526228998424045,-82.));
#3510=CARTESIAN_POINT('',(169.320236491612,92.3791722793592,-82.));
#3511=CARTESIAN_POINT('',(182.867157802049,44.9649476928268,-82.));
#3512=CARTESIAN_POINT('Origin',(167.39718859633,91.8297300235645,-82.));
#3513=CARTESIAN_POINT('Origin',(119.990795978941,98.,-88.));
#3514=CARTESIAN_POINT('Ctrl Pts',(160.,100.,-88.));
#3515=CARTESIAN_POINT('Ctrl Pts',(160.000237814595,100.,-88.0745696859694));
#3516=CARTESIAN_POINT('Ctrl Pts',(160.00047562919,99.9958251786662,-88.1491391775073));
#3517=CARTESIAN_POINT('Ctrl Pts',(160.000713443785,99.9875016035819,-88.2232428627287));
#3518=CARTESIAN_POINT('Ctrl Pts',(160.000951250507,99.9791783040301,-88.2973440949208));
#3519=CARTESIAN_POINT('Ctrl Pts',(160.00118905723,99.9667065690786,-88.3709791652786));
#3520=CARTESIAN_POINT('Ctrl Pts',(160.001426863952,99.9501642670912,-88.4436883268249));
#3521=CARTESIAN_POINT('Ctrl Pts',(160.001664663385,99.9336224722309,-88.5163952593713));
#3522=CARTESIAN_POINT('Ctrl Pts',(160.001902462817,99.9130104464113,-88.5881759608645));
#3523=CARTESIAN_POINT('Ctrl Pts',(160.002140262249,99.8884568747357,-88.6585822896673));
#3524=CARTESIAN_POINT('Ctrl Pts',(160.002378054973,99.8639039957327,-88.7289866322609));
#3525=CARTESIAN_POINT('Ctrl Pts',(160.002615847697,99.8354099214845,-88.7980163127653));
#3526=CARTESIAN_POINT('Ctrl Pts',(160.002853640421,99.803152536321,-88.8652403890014));
#3527=CARTESIAN_POINT('Ctrl Pts',(160.003091427018,99.7708959822837,-88.9324627331784));
#3528=CARTESIAN_POINT('Ctrl Pts',(160.003329213615,99.7348764795943,-88.99787921583));
#3529=CARTESIAN_POINT('Ctrl Pts',(160.003567000212,99.6953188811638,-89.0610814724466));
#3530=CARTESIAN_POINT('Ctrl Pts',(160.003804781263,99.6557622052451,-89.1242822551409));
#3531=CARTESIAN_POINT('Ctrl Pts',(160.004042562315,99.6126678049462,-89.1852685857783));
#3532=CARTESIAN_POINT('Ctrl Pts',(160.004280343367,99.5663046859316,-89.2436597729398));
#3533=CARTESIAN_POINT('Ctrl Pts',(160.00451945568,99.5196819942409,-89.3023778741881));
#3534=CARTESIAN_POINT('Ctrl Pts',(160.004758567994,99.469754088162,-89.3584713508667));
#3535=CARTESIAN_POINT('Ctrl Pts',(160.004997680308,99.4168361226946,-89.4115861296526));
#3536=CARTESIAN_POINT('Ctrl Pts',(160.005235495174,99.3642052954614,-89.4644127022753));
#3537=CARTESIAN_POINT('Ctrl Pts',(160.00547331004,99.308617079868,-89.5142925704857));
#3538=CARTESIAN_POINT('Ctrl Pts',(160.005711124906,99.2504185695078,-89.5609142836908));
#3539=CARTESIAN_POINT('Ctrl Pts',(160.005948924571,99.1922237792768,-89.6075330167716));
#3540=CARTESIAN_POINT('Ctrl Pts',(160.006186724235,99.1314193317471,-89.6508937687304));
#3541=CARTESIAN_POINT('Ctrl Pts',(160.0064245239,99.0683848422922,-89.6907258289741));
#3542=CARTESIAN_POINT('Ctrl Pts',(160.006662310691,99.0053537654128,-89.7305557327807));
#3543=CARTESIAN_POINT('Ctrl Pts',(160.006900097481,98.9400932168784,-89.7668571197098));
#3544=CARTESIAN_POINT('Ctrl Pts',(160.007137884272,98.8730105884373,-89.7994033768103));
#3545=CARTESIAN_POINT('Ctrl Pts',(160.007377980491,98.80527644145,-89.8322657290103));
#3546=CARTESIAN_POINT('Ctrl Pts',(160.007618076709,98.7356849740165,-89.8612994030694));
#3547=CARTESIAN_POINT('Ctrl Pts',(160.007858172928,98.6646790770987,-89.8863196241537));
#3548=CARTESIAN_POINT('Ctrl Pts',(160.008095972865,98.5943522810061,-89.911100551693));
#3549=CARTESIAN_POINT('Ctrl Pts',(160.008333772802,98.522638381248,-89.9319443768041));
#3550=CARTESIAN_POINT('Ctrl Pts',(160.008571572739,98.4499851043013,-89.9487209666617));
#3551=CARTESIAN_POINT('Ctrl Pts',(160.008812817099,98.3762794781134,-89.9657405576935));
#3552=CARTESIAN_POINT('Ctrl Pts',(160.009054061458,98.3016074338827,-89.9785740172249));
#3553=CARTESIAN_POINT('Ctrl Pts',(160.009295305818,98.2264487432915,-89.9871388896254));
#3554=CARTESIAN_POINT('Ctrl Pts',(160.009536550177,98.1512900527002,-89.995703762026));
#3555=CARTESIAN_POINT('Ctrl Pts',(160.009777794537,98.0756451307794,-90.));
#3556=CARTESIAN_POINT('Ctrl Pts',(160.010019038896,98.,-90.));
#3557=CARTESIAN_POINT('Origin',(-5.60332018176835,98.,-88.));
#3558=CARTESIAN_POINT('Origin',(-5.60332018176836,98.,-88.));
#3559=CARTESIAN_POINT('',(-7.52620961298735,98.5499965775405,-88.));
#3560=CARTESIAN_POINT('Origin',(-5.60332018176835,98.,-88.));
#3561=CARTESIAN_POINT('Origin',(-5.60332018176837,98.,-88.));
#3562=CARTESIAN_POINT('Origin',(123.324158551369,97.6324244850283,-88.));
#3563=CARTESIAN_POINT('',(165.598161554604,100.056091013673,-88.));
#3564=CARTESIAN_POINT('',(123.304120473576,99.6323241013687,-88.));
#3565=CARTESIAN_POINT('Origin',(165.618199632396,98.0561913973329,-88.));
#3566=CARTESIAN_POINT('Origin',(165.618199632396,98.0561913973329,-90.));
#3567=CARTESIAN_POINT('',(167.541247527678,98.6056336531277,-88.));
#3568=CARTESIAN_POINT('',(167.541247527678,98.6056336531277,-90.));
#3569=CARTESIAN_POINT('Origin',(165.618199632396,98.0561913973329,-88.));
#3570=CARTESIAN_POINT('',(165.598161554604,100.056091013673,-90.));
#3571=CARTESIAN_POINT('Origin',(165.618199632396,98.0561913973329,-88.));
#3572=CARTESIAN_POINT('Origin',(165.618199632396,98.0561913973329,-88.));
#3573=CARTESIAN_POINT('Origin',(182.933915984582,37.4511841646824,-88.));
#3574=CARTESIAN_POINT('',(195.864636856693,-0.526228998424045,-88.));
#3575=CARTESIAN_POINT('',(184.856963879864,38.0006264204771,-88.));
#3576=CARTESIAN_POINT('Origin',(193.784605459755,-0.526228998424045,-88.));
#3577=CARTESIAN_POINT('Origin',(195.864636856693,-0.526228998424045,-90.));
#3578=CARTESIAN_POINT('',(195.864636856693,-0.526228998424045,-90.));
#3579=CARTESIAN_POINT('',(195.864636856693,-0.526228998424029,-18.));
#3580=CARTESIAN_POINT('',(195.864636856693,-0.526228998424045,-90.));
#3581=CARTESIAN_POINT('',(169.320236491612,92.3791722793592,-18.));
#3582=CARTESIAN_POINT('',(194.491031217206,4.2813907397801,-18.));
#3583=CARTESIAN_POINT('',(169.320236491612,92.3791722793592,-55.));
#3584=CARTESIAN_POINT('Origin',(-17.1771675940261,37.160023310189,-88.));
#3585=CARTESIAN_POINT('',(-25.9014529409271,-0.655085293244752,-88.));
#3586=CARTESIAN_POINT('Origin',(-27.9814843378644,-0.655085293244753,-88.));
#3587=CARTESIAN_POINT('',(-15.2541196987445,36.6105810543943,-88.));
#3588=CARTESIAN_POINT('Origin',(-25.9014529409271,-0.655085293244735,-90.));
#3589=CARTESIAN_POINT('',(-23.9097199798091,6.31598007066816,-82.));
#3590=CARTESIAN_POINT('',(-24.9052058490767,2.83177952823158,-82.));
#3591=CARTESIAN_POINT('',(-23.9097199798091,6.31598007066814,-81.9711187813093));
#3592=CARTESIAN_POINT('',(-23.9097199798091,6.31598007066815,-55.));
#3593=CARTESIAN_POINT('',(-25.9014529409271,-0.655085293244751,-81.9711187813093));
#3594=CARTESIAN_POINT('',(-26.2788114314931,-1.97584001022588,-81.9711187813093));
#3595=CARTESIAN_POINT('',(-25.9014529409271,-0.655085293244753,-90.));
#3596=CARTESIAN_POINT('Origin',(-26.8282537443583,3.38122178402636,-19.1907316384281));
#3597=CARTESIAN_POINT('',(-25.8326094909202,6.86597667105995,-21.1907316384281));
#3598=CARTESIAN_POINT('',(-23.9097199798091,6.31598007066816,-19.1907316384281));
#3599=CARTESIAN_POINT('Origin',(-25.8326094909202,6.86597667105995,-19.1907316384281));
#3600=CARTESIAN_POINT('',(-25.9014529409271,-0.655085293244737,-19.1907316384281));
#3601=CARTESIAN_POINT('',(-24.9052058490767,2.8317795282316,-19.1907316384281));
#3602=CARTESIAN_POINT('',(-27.9814843378644,-0.655085293244735,-21.1907316384281));
#3603=CARTESIAN_POINT('Origin',(-27.9814843378644,-0.655085293244737,-19.1907316384281));
#3604=CARTESIAN_POINT('',(-26.8282537443583,3.38122178402636,-21.1907316384281));
#3605=CARTESIAN_POINT('Origin',(-25.9014529409271,-0.655085293244735,-90.));
#3606=CARTESIAN_POINT('',(-23.9097199798091,6.31598007066817,-18.));
#3607=CARTESIAN_POINT('',(-23.9097199798091,6.31598007066815,-55.));
#3608=CARTESIAN_POINT('',(-13.2719347238016,43.5482284666944,-18.));
#3609=CARTESIAN_POINT('',(-25.9014529409271,-0.655085293244735,-12.));
#3610=CARTESIAN_POINT('',(-15.2541196987445,36.6105810543943,-12.));
#3611=CARTESIAN_POINT('',(-25.9014529409271,-0.655085293244753,-90.));
#3612=CARTESIAN_POINT('Origin',(-33.1514700532243,8.9593618628502,-20.));
#3613=CARTESIAN_POINT('',(-31.2285806220053,8.40936528530964,-21.1907316384281));
#3614=CARTESIAN_POINT('',(-33.1514700532243,8.9593618628502,-21.1907316384281));
#3615=CARTESIAN_POINT('',(-33.1514700532243,8.95936186285019,-19.1907316384281));
#3616=CARTESIAN_POINT('Origin',(-31.2285806220053,8.40936528530965,-19.1907316384281));
#3617=CARTESIAN_POINT('',(-33.1514700532243,8.95936186285018,-18.));
#3618=CARTESIAN_POINT('',(-33.1514700532243,8.95936186285018,-55.));
#3619=CARTESIAN_POINT('Origin',(-31.2285806220053,8.40936528530964,-18.));
#3620=CARTESIAN_POINT('Origin',(-25.8326094909202,6.86597667105994,-18.));
#3621=CARTESIAN_POINT('Origin',(-18.2085809851052,53.9296843538845,-19.1907316384281));
#3622=CARTESIAN_POINT('',(-33.8212501299603,-0.655085293244735,-21.1907316384281));
#3623=CARTESIAN_POINT('',(-35.9014529409271,-0.655085293244737,-19.1907316384281));
#3624=CARTESIAN_POINT('Origin',(-33.8212501299603,-0.655085293244735,-19.1907316384281));
#3625=CARTESIAN_POINT('',(-20.1314704163242,54.4796809314251,-19.1907316384281));
#3626=CARTESIAN_POINT('',(-18.2085809851052,53.9296843538845,-21.1907316384281));
#3627=CARTESIAN_POINT('Origin',(-7.11147077942414,100.,-90.));
#3628=CARTESIAN_POINT('',(-35.9014529409271,-0.655085293244735,-12.));
#3629=CARTESIAN_POINT('',(-35.9014529409271,-0.655085293244753,-90.));
#3630=CARTESIAN_POINT('',(-7.52620961298735,98.5499965775406,-12.));
#3631=CARTESIAN_POINT('',(-10.4667799701365,88.2692204919822,-12.));
#3632=CARTESIAN_POINT('',(-7.52620961298735,98.5499965775405,-90.));
#3633=CARTESIAN_POINT('',(-35.9014529409271,-0.655085293244752,-88.));
#3634=CARTESIAN_POINT('',(-10.4667799701365,88.2692204919821,-88.));
#3635=CARTESIAN_POINT('',(-35.9014529409271,-0.655085293244751,-81.9711187813093));
#3636=CARTESIAN_POINT('',(-35.9014529409271,-0.655085293244753,-90.));
#3637=CARTESIAN_POINT('',(-33.1514700532243,8.95936186285018,-81.9711187813093));
#3638=CARTESIAN_POINT('',(-21.5064618601756,49.6724573533776,-81.9711187813093));
#3639=CARTESIAN_POINT('',(-33.1514700532243,8.95936186285019,-82.));
#3640=CARTESIAN_POINT('',(-33.1514700532243,8.95936186285018,-55.));
#3641=CARTESIAN_POINT('',(-9.31145708958636,92.308442275124,-82.));
#3642=CARTESIAN_POINT('',(-20.1314704163242,54.4796809314251,-82.));
#3643=CARTESIAN_POINT('',(-9.31145708958636,92.3084422751241,-18.));
#3644=CARTESIAN_POINT('',(-9.31145708958636,92.308442275124,-85.));
#3645=CARTESIAN_POINT('',(-8.48646222327553,95.1927764219525,-18.));
#3646=CARTESIAN_POINT('Origin',(-6.56357279205654,94.642779844412,-18.));
#3647=CARTESIAN_POINT('Origin',(-7.38856765836737,91.7584456975835,-18.));
#3648=CARTESIAN_POINT('Origin',(-28.2018593267748,-1.42639775443112,-81.9711187813093));
#3649=CARTESIAN_POINT('',(-27.9814843378644,-0.655085293244753,-79.9711187813093));
#3650=CARTESIAN_POINT('Origin',(-27.9814843378644,-0.655085293244751,-81.9711187813093));
#3651=CARTESIAN_POINT('',(-25.8326094909202,6.86597667105993,-79.9711187813093));
#3652=CARTESIAN_POINT('Origin',(-25.8326094909202,6.86597667105993,-81.9711187813093));
#3653=CARTESIAN_POINT('',(-28.2018593267748,-1.42639775443112,-79.9711187813093));
#3654=CARTESIAN_POINT('Origin',(-35.9014529409271,-0.655085293244753,-79.9711187813093));
#3655=CARTESIAN_POINT('',(-31.2285806220053,8.40936528530963,-79.9711187813093));
#3656=CARTESIAN_POINT('',(-33.1514700532243,8.95936186285018,-79.9711187813093));
#3657=CARTESIAN_POINT('',(-33.8212501299603,-0.655085293244753,-79.9711187813093));
#3658=CARTESIAN_POINT('',(-19.5835724289566,49.1224607758371,-79.9711187813093));
#3659=CARTESIAN_POINT('',(-35.9014529409271,-0.655085293244753,-79.9711187813093));
#3660=CARTESIAN_POINT('Origin',(-33.1514700532243,8.9593618628502,-20.));
#3661=CARTESIAN_POINT('',(-25.8326094909202,6.86597667105993,-80.));
#3662=CARTESIAN_POINT('Origin',(-25.8326094909202,6.86597667105993,-82.));
#3663=CARTESIAN_POINT('',(-31.2285806220053,8.40936528530963,-80.));
#3664=CARTESIAN_POINT('',(-33.1514700532243,8.95936186285018,-80.));
#3665=CARTESIAN_POINT('Origin',(-31.2285806220053,8.40936528530964,-82.));
#3666=CARTESIAN_POINT('Origin',(-31.2285806220053,8.40936528530962,-81.9711187813093));
#3667=CARTESIAN_POINT('Origin',(-26.8282537443583,3.38122178402634,-82.));
#3668=CARTESIAN_POINT('',(-26.8282537443583,3.38122178402634,-80.));
#3669=CARTESIAN_POINT('Origin',(-33.1514700532243,8.95936186285018,-80.));
#3670=CARTESIAN_POINT('',(-2.56606530701646,88.2988813147229,-80.));
#3671=CARTESIAN_POINT('',(-18.8775272738948,31.2087644306487,-80.));
#3672=CARTESIAN_POINT('',(-7.93856423590792,89.8355562663645,-80.));
#3673=CARTESIAN_POINT('',(-9.86145366712691,90.385552843905,-80.));
#3674=CARTESIAN_POINT('',(-18.2085809851052,53.9296843538845,-80.));
#3675=CARTESIAN_POINT('Origin',(-19.5835724289566,49.1224607758371,-81.9711187813093));
#3676=CARTESIAN_POINT('Origin',(-33.8212501299603,-0.655085293244753,-81.9711187813093));
#3677=CARTESIAN_POINT('Origin',(-7.38856765836737,91.7584456975835,-85.));
#3678=CARTESIAN_POINT('',(-7.93856423590792,89.8355562663645,-85.));
#3679=CARTESIAN_POINT('Origin',(-7.38856765836737,91.7584456975835,-82.));
#3680=CARTESIAN_POINT('Origin',(-18.2085809851052,53.9296843538845,-82.));
#3681=CARTESIAN_POINT('Origin',(-9.86145366712691,90.385552843905,-80.));
#3682=CARTESIAN_POINT('',(-0.643175795905397,87.7488847143311,-82.));
#3683=CARTESIAN_POINT('Origin',(-2.56606530701646,88.2988813147229,-82.));
#3684=CARTESIAN_POINT('',(-0.643175795905393,87.7488847143311,-18.));
#3685=CARTESIAN_POINT('',(-0.643175795905392,87.7488847143311,-85.));
#3686=CARTESIAN_POINT('Origin',(-2.56606530701646,88.2988813147229,-18.));
#3687=CARTESIAN_POINT('Origin',(119.990795978941,98.,-12.));
#3688=CARTESIAN_POINT('',(-5.60332018176836,98.340730611994,-10.0292380534295));
#3689=CARTESIAN_POINT('Origin',(-39.6099263673812,98.,-12.));
#3690=CARTESIAN_POINT('Origin',(-5.60332018176837,98.,-12.));
#3691=CARTESIAN_POINT('Origin',(-8.54389053891748,87.7192239144416,-88.));
#3692=CARTESIAN_POINT('Origin',(-33.8212501299603,-0.655085293244753,-88.));
#3693=CARTESIAN_POINT('Origin',(-5.60332018176837,98.,-90.));
#3694=CARTESIAN_POINT('Origin',(-5.60332018176837,98.,-12.));
#3695=CARTESIAN_POINT('Origin',(-5.60332018176836,98.,-12.));
#3696=CARTESIAN_POINT('',(-6.75425961890234,98.3291987261997,-10.3978244132686));
#3697=CARTESIAN_POINT('Origin',(-5.60673380367852,98.3406964090666,-12.));
#3698=CARTESIAN_POINT('Origin',(-5.60332018176836,98.,-12.));
#3699=CARTESIAN_POINT('Origin',(-8.54389053891749,87.7192239144416,-12.));
#3700=CARTESIAN_POINT('Origin',(-5.50558222903774,98.3417099014963,-12.));
#3701=CARTESIAN_POINT('Origin',(-33.8212501299603,-0.655085293244735,-12.));
#3702=CARTESIAN_POINT('Origin',(167.122467468433,100.071363860486,-90.));
#3703=CARTESIAN_POINT('Origin',(170.653623265937,59.9924284585028,-12.));
#3704=CARTESIAN_POINT('',(185.864636856693,-0.526228998424028,-12.));
#3705=CARTESIAN_POINT('',(168.730575370655,59.442986202708,-12.));
#3706=CARTESIAN_POINT('Origin',(187.94466825363,-0.526228998424028,-12.));
#3707=CARTESIAN_POINT('Origin',(185.864636856693,-0.526228998424045,-90.));
#3708=CARTESIAN_POINT('',(185.864636856693,-0.526228998424029,-18.));
#3709=CARTESIAN_POINT('',(185.864636856693,-0.526228998424045,-90.));
#3710=CARTESIAN_POINT('',(187.94466825363,-0.526228998424028,-20.));
#3711=CARTESIAN_POINT('Origin',(187.94466825363,-0.526228998424028,-18.));
#3712=CARTESIAN_POINT('',(193.784605459755,-0.526228998424028,-20.));
#3713=CARTESIAN_POINT('',(190.864636856693,-0.526228998424028,-20.));
#3714=CARTESIAN_POINT('Origin',(193.784605459755,-0.526228998424029,-18.));
#3715=CARTESIAN_POINT('Origin',(180.287690603278,26.2731927778057,-18.));
#3716=CARTESIAN_POINT('',(180.287690603278,26.2731927778057,-20.));
#3717=CARTESIAN_POINT('',(178.364642707997,25.723750522011,-18.));
#3718=CARTESIAN_POINT('Origin',(193.117425577719,9.08901047798423,-20.));
#3719=CARTESIAN_POINT('',(183.502186101311,6.34179919901042,-20.));
#3720=CARTESIAN_POINT('',(162.54744362382,88.3640572059101,-20.));
#3721=CARTESIAN_POINT('',(173.859119174707,48.7731927778057,-20.));
#3722=CARTESIAN_POINT('',(167.946630852125,89.9066821282828,-20.));
#3723=CARTESIAN_POINT('',(169.869678747406,90.4561243840776,-20.));
#3724=CARTESIAN_POINT('',(192.567983321924,3.73194848398534,-20.));
#3725=CARTESIAN_POINT('Origin',(173.859119174707,48.7731927778057,-18.));
#3726=CARTESIAN_POINT('',(160.074953472744,89.737662845397,-18.));
#3727=CARTESIAN_POINT('Origin',(161.998001368025,90.2871051011918,-18.));
#3728=CARTESIAN_POINT('',(171.936071279425,48.223750522011,-18.));
#3729=CARTESIAN_POINT('Origin',(192.567983321924,3.73194848398534,-18.));
#3730=CARTESIAN_POINT('Origin',(167.39718859633,91.8297300235645,-18.));
#3731=CARTESIAN_POINT('Origin',(0.888529220575861,92.,-55.));
#3732=CARTESIAN_POINT('',(0.888529220575861,90.,-55.));
#3733=CARTESIAN_POINT('Origin',(0.,90.,-90.));
#3734=CARTESIAN_POINT('',(160.,90.,-88.));
#3735=CARTESIAN_POINT('',(-1.38777878078145E-17,90.,-88.));
#3736=CARTESIAN_POINT('',(39.9907959789414,90.,-88.));
#3737=CARTESIAN_POINT('',(160.,90.,-12.));
#3738=CARTESIAN_POINT('',(160.,90.,-90.));
#3739=CARTESIAN_POINT('',(-5.41233724504764E-16,90.,-12.));
#3740=CARTESIAN_POINT('',(39.9907959789414,90.,-12.));
#3741=CARTESIAN_POINT('',(0.,90.,-90.));
#3742=CARTESIAN_POINT('Origin',(-18.8775272738948,31.2087644306487,-82.));
#3743=CARTESIAN_POINT('',(-16.9544793786132,30.6593221748539,-82.));
#3744=CARTESIAN_POINT('Origin',(162.235245759551,89.4567497308524,-82.));
#3745=CARTESIAN_POINT('',(160.074953472744,89.737662845397,-82.));
#3746=CARTESIAN_POINT('Origin',(161.998001368025,90.2871051011918,-82.));
#3747=CARTESIAN_POINT('',(160.312197864269,88.9073074750577,-82.));
#3748=CARTESIAN_POINT('Origin',(39.9907959789414,92.,-88.));
#3749=CARTESIAN_POINT('Origin',(-1.50860282550873,92.,-88.));
#3750=CARTESIAN_POINT('Origin',(161.508602825509,92.,-88.));
#3751=CARTESIAN_POINT('Origin',(-9.22644112356261,64.9875659568114,-88.));
#3752=CARTESIAN_POINT('',(-7.30339322828096,64.4381237010166,-88.));
#3753=CARTESIAN_POINT('Origin',(-12.6514599683659,53.,-88.));
#3754=CARTESIAN_POINT('Origin',(164.225051837365,82.4924284585027,-88.));
#3755=CARTESIAN_POINT('',(162.302003942083,81.942986202708,-88.));
#3756=CARTESIAN_POINT('Origin',(-10.,55.,-90.));
#3757=CARTESIAN_POINT('',(-7.30339322828096,64.4381237010167,-12.));
#3758=CARTESIAN_POINT('',(-5.32120825333808,71.3757711133167,-18.));
#3759=CARTESIAN_POINT('Origin',(160.,90.,-90.));
#3760=CARTESIAN_POINT('Origin',(159.428571428571,92.,-12.));
#3761=CARTESIAN_POINT('',(160.074953472744,89.737662845397,-55.));
#3762=CARTESIAN_POINT('Origin',(161.998001368025,90.2871051011918,-55.));
#3763=CARTESIAN_POINT('',(162.54744362382,88.3640572059101,-55.));
#3764=CARTESIAN_POINT('Origin',(169.869678747406,90.4561243840776,-20.));
#3765=CARTESIAN_POINT('',(167.946630852125,89.9066821282828,-55.));
#3766=CARTESIAN_POINT('Origin',(167.39718859633,91.8297300235645,-55.));
#3767=CARTESIAN_POINT('Origin',(39.9907959789414,92.,-12.));
#3768=CARTESIAN_POINT('Origin',(-1.50860282550873,92.,-12.));
#3769=CARTESIAN_POINT('Origin',(-7.24425614861973,71.9252133691115,-18.));
#3770=CARTESIAN_POINT('Origin',(-15.1949826190833,44.0976707224891,-18.));
#3771=CARTESIAN_POINT('Origin',(-17.1771675940261,37.1600233101891,-12.));
#3772=CARTESIAN_POINT('Origin',(-27.9814843378644,-0.655085293244735,-12.));
#3773=CARTESIAN_POINT('Origin',(-35.9014529409271,-0.655085293244753,-90.));
#3774=CARTESIAN_POINT('',(-34.5264614970757,-0.655085293244735,-21.1907316384281));
#3775=CARTESIAN_POINT('Origin',(-9.22644112356262,64.9875659568114,-12.));
#3776=CARTESIAN_POINT('Origin',(-12.6514599683659,53.,-12.));
#3777=CARTESIAN_POINT('Origin',(171.878312686154,47.0253561520571,-50.));
#3778=CARTESIAN_POINT('Origin',(124.990795978941,53.,-88.));
#3779=CARTESIAN_POINT('Origin',(124.990795978941,53.,-12.));
#3780=CARTESIAN_POINT('Origin',(-33.1514700532243,8.9593618628502,-21.1907316384281));
#3781=CARTESIAN_POINT('Origin',(-35.9014529409271,-0.655085293244753,-90.));
#3782=CARTESIAN_POINT('Origin',(185.864636856693,-0.526228998424045,-90.));
#3783=CARTESIAN_POINT('Origin',(172.857142857143,45.,-90.));
#3784=UNCERTAINTY_MEASURE_WITH_UNIT(LENGTH_MEASURE(0.01),#3788,
'DISTANCE_ACCURACY_VALUE',
'Maximum model space distance between geometric entities at asserted c
onnectivities');
#3785=UNCERTAINTY_MEASURE_WITH_UNIT(LENGTH_MEASURE(0.01),#3788,
'DISTANCE_ACCURACY_VALUE',
'Maximum model space distance between geometric entities at asserted c
onnectivities');
#3786=(
GEOMETRIC_REPRESENTATION_CONTEXT(3)
GLOBAL_UNCERTAINTY_ASSIGNED_CONTEXT((#3784))
GLOBAL_UNIT_ASSIGNED_CONTEXT((#3788,#3790,#3791))
REPRESENTATION_CONTEXT('','3D')
);
#3787=(
GEOMETRIC_REPRESENTATION_CONTEXT(3)
GLOBAL_UNCERTAINTY_ASSIGNED_CONTEXT((#3785))
GLOBAL_UNIT_ASSIGNED_CONTEXT((#3788,#3790,#3791))
REPRESENTATION_CONTEXT('','3D')
);
#3788=(
LENGTH_UNIT()
NAMED_UNIT(*)
SI_UNIT(.MILLI.,.METRE.)
);
#3789=(
LENGTH_UNIT()
NAMED_UNIT(*)
SI_UNIT($,.METRE.)
);
#3790=(
NAMED_UNIT(*)
PLANE_ANGLE_UNIT()
SI_UNIT($,.RADIAN.)
);
#3791=(
NAMED_UNIT(*)
SI_UNIT($,.STERADIAN.)
SOLID_ANGLE_UNIT()
);
#3792=SHAPE_DEFINITION_REPRESENTATION(#3793,#3794);
#3793=PRODUCT_DEFINITION_SHAPE('',$,#3796);
#3794=SHAPE_REPRESENTATION('',(#2056),#3786);
#3795=PRODUCT_DEFINITION_CONTEXT('part definition',#3800,'design');
#3796=PRODUCT_DEFINITION('2026-03-18-23-45-34-608','Stand v18',#3797,#3795);
#3797=PRODUCT_DEFINITION_FORMATION('',$,#3802);
#3798=PRODUCT_RELATED_PRODUCT_CATEGORY('Stand v18','Stand v18',(#3802));
#3799=APPLICATION_PROTOCOL_DEFINITION('international standard',
'automotive_design',2009,#3800);
#3800=APPLICATION_CONTEXT(
'Core Data for Automotive Mechanical Design Process');
#3801=PRODUCT_CONTEXT('part definition',#3800,'mechanical');
#3802=PRODUCT('2026-03-18-23-45-34-608','Stand v18',$,(#3801));
#3803=PRESENTATION_STYLE_ASSIGNMENT((#3804));
#3804=SURFACE_STYLE_USAGE(.BOTH.,#3805);
#3805=SURFACE_SIDE_STYLE('',(#3806));
#3806=SURFACE_STYLE_FILL_AREA(#3807);
#3807=FILL_AREA_STYLE('Steel - Satin',(#3808));
#3808=FILL_AREA_STYLE_COLOUR('Steel - Satin',#3809);
#3809=COLOUR_RGB('Steel - Satin',0.627450980392157,0.627450980392157,0.627450980392157);
ENDSEC;
END-ISO-10303-21;
