ISO-10303-21;
HEADER;
/* Generated by software containing ST-Developer
 * from STEP Tools, Inc. (www.steptools.com) 
 */

FILE_DESCRIPTION(
/* description */ (''),
/* implementation_level */ '2;1');

FILE_NAME(
/* name */ 'b3438f3a-07af-46d9-8b56-b543d1ac7084.stp',
/* time_stamp */ '2026-06-11T14:03:09Z',
/* author */ (''),
/* organization */ (''),
/* preprocessor_version */ 'ST-DEVELOPER v20.1',
/* originating_system */ 'Autodesk Translation Framework v15.8.0.0',
/* authorisation */ '');

FILE_SCHEMA (('AUTOMOTIVE_DESIGN { 1 0 10303 214 3 1 1 }'));
ENDSEC;

DATA;
#10=MECHANICAL_DESIGN_GEOMETRIC_PRESENTATION_REPRESENTATION('',(#243,#244,
#245,#246,#247),#10312);
#11=SHAPE_REPRESENTATION_RELATIONSHIP('SRR','None',#10319,#12);
#12=ADVANCED_BREP_SHAPE_REPRESENTATION('',(#248,#249,#250,#251,#252),#10311);
#13=(
BOUNDED_SURFACE()
B_SPLINE_SURFACE(2,2,((#9044,#9045,#9046),(#9047,#9048,#9049),(#9050,#9051,
#9052)),.UNSPECIFIED.,.F.,.F.,.F.)
B_SPLINE_SURFACE_WITH_KNOTS((3,3),(3,3),(-1.57079632679492,-0.349065850398846),
(0.826267755529865,2.26356088127733),.UNSPECIFIED.)
GEOMETRIC_REPRESENTATION_ITEM()
RATIONAL_B_SPLINE_SURFACE(((1.,0.752697475988199,1.),(0.819152044289028,
0.616573676186925,0.819152044289028),(1.,0.752697475988199,1.)))
REPRESENTATION_ITEM('')
SURFACE()
);
#14=(
BOUNDED_SURFACE()
B_SPLINE_SURFACE(2,2,((#9060,#9061,#9062),(#9063,#9064,#9065),(#9066,#9067,
#9068)),.UNSPECIFIED.,.F.,.F.,.F.)
B_SPLINE_SURFACE_WITH_KNOTS((3,3),(3,3),(-1.57079632679492,-0.349065850398834),
(-0.785398163397416,0.785398163397417),.UNSPECIFIED.)
GEOMETRIC_REPRESENTATION_ITEM()
RATIONAL_B_SPLINE_SURFACE(((1.,0.70710678118657,1.),(0.819152044288831,
0.579227965339474,0.819152044288831),(1.,0.70710678118657,1.)))
REPRESENTATION_ITEM('')
SURFACE()
);
#15=(
BOUNDED_SURFACE()
B_SPLINE_SURFACE(2,2,((#9084,#9085,#9086),(#9087,#9088,#9089),(#9090,#9091,
#9092)),.UNSPECIFIED.,.F.,.F.,.F.)
B_SPLINE_SURFACE_WITH_KNOTS((3,3),(3,3),(-1.57079632679491,-0.349065850398787),
(-0.785398163397361,0.785398163397361),.UNSPECIFIED.)
GEOMETRIC_REPRESENTATION_ITEM()
RATIONAL_B_SPLINE_SURFACE(((1.,0.707106781186609,1.),(0.819152044288906,
0.579227965339559,0.819152044288906),(1.,0.707106781186609,1.)))
REPRESENTATION_ITEM('')
SURFACE()
);
#16=(
BOUNDED_SURFACE()
B_SPLINE_SURFACE(2,2,((#9100,#9101,#9102),(#9103,#9104,#9105),(#9106,#9107,
#9108)),.UNSPECIFIED.,.F.,.F.,.F.)
B_SPLINE_SURFACE_WITH_KNOTS((3,3),(3,3),(-1.57079632679494,-0.349065850398848),
(-2.26356088127752,-0.826267755529898),.UNSPECIFIED.)
GEOMETRIC_REPRESENTATION_ITEM()
RATIONAL_B_SPLINE_SURFACE(((1.,0.752697475988146,1.),(0.819152044289192,
0.616573676187005,0.819152044289192),(1.,0.752697475988146,1.)))
REPRESENTATION_ITEM('')
SURFACE()
);
#17=B_SPLINE_CURVE_WITH_KNOTS('',3,(#8962,#8963,#8964,#8965,#8966,#8967,
#8968,#8969,#8970,#8971,#8972,#8973,#8974,#8975,#8976,#8977,#8978,#8979,
#8980,#8981,#8982,#8983,#8984,#8985,#8986,#8987,#8988,#8989,#8990,#8991,
#8992,#8993,#8994,#8995,#8996,#8997,#8998,#8999,#9000,#9001),
 .UNSPECIFIED.,.F.,.F.,(4,3,3,3,3,3,3,3,3,3,3,3,3,4),(-0.000156928891476199,
9.48676900924816E-19,0.00405564432200375,0.00503031982636533,0.0090531706191982,
0.0100204354024726,0.0140109856043201,0.0165781433716887,0.0175614894243834,
0.021550882734325,0.0252157919333736,0.0292615113095158,0.0331651767999452,
0.0333219336236157),.UNSPECIFIED.);
#18=B_SPLINE_CURVE_WITH_KNOTS('',3,(#9002,#9003,#9004,#9005),
 .UNSPECIFIED.,.F.,.F.,(4,4),(0.279209501203826,0.583569225623312),
 .UNSPECIFIED.);
#19=B_SPLINE_CURVE_WITH_KNOTS('',3,(#9006,#9007,#9008,#9009),
 .UNSPECIFIED.,.F.,.F.,(4,4),(-0.583569225982221,-0.279209501203821),
 .UNSPECIFIED.);
#20=B_SPLINE_CURVE_WITH_KNOTS('',3,(#9140,#9141,#9142,#9143,#9144,#9145,
#9146,#9147),.UNSPECIFIED.,.F.,.F.,(4,2,2,4),(0.,0.00134323230050863,0.00999475094453275,
0.0100849239224488),.UNSPECIFIED.);
#21=B_SPLINE_CURVE_WITH_KNOTS('',3,(#9159,#9160,#9161,#9162),
 .UNSPECIFIED.,.F.,.F.,(4,4),(0.155391596727892,0.16890126227712),
 .UNSPECIFIED.);
#22=B_SPLINE_CURVE_WITH_KNOTS('',3,(#9164,#9165,#9166,#9167,#9168,#9169,
#9170,#9171),.UNSPECIFIED.,.F.,.F.,(4,2,2,4),(-0.000151922794751836,0.,
0.0109517276093648,0.0195596050870028),.UNSPECIFIED.);
#23=B_SPLINE_CURVE_WITH_KNOTS('',3,(#9249,#9250,#9251,#9252,#9253,#9254,
#9255),.UNSPECIFIED.,.F.,.F.,(4,1,1,1,4),(0.39583747210653,0.414316034746295,
0.43279459738606,0.457432680905747,0.482070764425433),.UNSPECIFIED.);
#24=B_SPLINE_CURVE_WITH_KNOTS('',3,(#9258,#9259,#9260,#9261,#9262,#9263,
#9264),.UNSPECIFIED.,.F.,.F.,(4,1,1,1,4),(-0.482070764425433,-0.457432680905747,
-0.43279459738606,-0.414316034746295,-0.39583747210653),.UNSPECIFIED.);
#25=B_SPLINE_CURVE_WITH_KNOTS('',3,(#9365,#9366,#9367,#9368,#9369,#9370,
#9371,#9372,#9373,#9374,#9375,#9376,#9377,#9378,#9379,#9380,#9381,#9382,
#9383,#9384),.UNSPECIFIED.,.F.,.F.,(4,1,1,1,1,1,1,1,1,1,1,1,1,1,1,1,1,4),
(0.,0.0146097421294342,0.0292194842588685,0.0294477614796409,0.0296760387004133,
0.0301325931419581,0.0310457020250478,0.0328719197912271,0.0365243553235856,
0.0438292263883027,0.0511340974530199,0.058438968517737,0.0730487106471712,
0.0803535817118884,0.0840060172442469,0.0876584527766055,0.146097421294342,
0.204536389812079),.UNSPECIFIED.);
#26=B_SPLINE_CURVE_WITH_KNOTS('',3,(#9385,#9386,#9387,#9388,#9389,#9390,
#9391,#9392,#9393,#9394,#9395,#9396,#9397,#9398,#9399,#9400,#9401,#9402,
#9403),.UNSPECIFIED.,.F.,.F.,(4,1,1,1,1,1,1,1,1,1,1,1,1,1,1,1,4),(-0.204536389812079,
-0.146097421294342,-0.0876584527766055,-0.0840060172442469,-0.0803535817118884,
-0.0730487106471712,-0.058438968517737,-0.0511340974530199,-0.0438292263883027,
-0.0365243553235856,-0.0328719197912271,-0.0310457020250478,-0.0301325931419581,
-0.0296760387004133,-0.0294477614796409,-0.0292194842588685,-0.0247410748128581),
 .UNSPECIFIED.);
#27=B_SPLINE_CURVE_WITH_KNOTS('',3,(#9424,#9425,#9426,#9427),
 .UNSPECIFIED.,.F.,.F.,(4,4),(-0.133721010933172,-0.123407771207709),
 .UNSPECIFIED.);
#28=B_SPLINE_CURVE_WITH_KNOTS('',3,(#9428,#9429,#9430,#9431,#9432),
 .UNSPECIFIED.,.F.,.F.,(4,1,4),(0.123407771207709,0.138566898453285,0.153726025698861),
 .UNSPECIFIED.);
#29=B_SPLINE_CURVE_WITH_KNOTS('',3,(#9443,#9444,#9445,#9446),
 .UNSPECIFIED.,.F.,.F.,(4,4),(0.732286711477055,0.767041804614511),
 .UNSPECIFIED.);
#30=B_SPLINE_CURVE_WITH_KNOTS('',3,(#9447,#9448,#9449,#9450),
 .UNSPECIFIED.,.F.,.F.,(4,4),(0.0347550931374555,0.0670104344341886),
 .UNSPECIFIED.);
#31=B_SPLINE_CURVE_WITH_KNOTS('',3,(#9634,#9635,#9636,#9637,#9638,#9639,
#9640,#9641),.UNSPECIFIED.,.F.,.F.,(4,2,2,4),(-0.0103186393062994,-0.00521578684916073,
0.,4.83946381082643E-5),.UNSPECIFIED.);
#32=B_SPLINE_SURFACE_WITH_KNOTS('',3,3,((#8940,#8941,#8942,#8943),(#8944,
#8945,#8946,#8947),(#8948,#8949,#8950,#8951),(#8952,#8953,#8954,#8955),
(#8956,#8957,#8958,#8959)),.UNSPECIFIED.,.F.,.F.,.F.,(4,1,4),(4,4),(0.,
0.5,1.),(0.277364882504011,0.583569225982221),.UNSPECIFIED.);
#33=B_SPLINE_SURFACE_WITH_KNOTS('',3,3,((#9210,#9211,#9212,#9213,#9214,
#9215,#9216),(#9217,#9218,#9219,#9220,#9221,#9222,#9223),(#9224,#9225,#9226,
#9227,#9228,#9229,#9230),(#9231,#9232,#9233,#9234,#9235,#9236,#9237),(#9238,
#9239,#9240,#9241,#9242,#9243,#9244)),.UNSPECIFIED.,.F.,.F.,.F.,(4,1,4),
(4,1,1,1,4),(0.,0.571428571428571,1.),(0.39583747210653,0.414316034746295,
0.43279459738606,0.457432680905747,0.482070764425433),.UNSPECIFIED.);
#34=B_SPLINE_SURFACE_WITH_KNOTS('',3,3,((#9265,#9266,#9267,#9268,#9269,
#9270,#9271,#9272,#9273,#9274,#9275,#9276,#9277,#9278,#9279,#9280,#9281,
#9282,#9283,#9284),(#9285,#9286,#9287,#9288,#9289,#9290,#9291,#9292,#9293,
#9294,#9295,#9296,#9297,#9298,#9299,#9300,#9301,#9302,#9303,#9304),(#9305,
#9306,#9307,#9308,#9309,#9310,#9311,#9312,#9313,#9314,#9315,#9316,#9317,
#9318,#9319,#9320,#9321,#9322,#9323,#9324),(#9325,#9326,#9327,#9328,#9329,
#9330,#9331,#9332,#9333,#9334,#9335,#9336,#9337,#9338,#9339,#9340,#9341,
#9342,#9343,#9344),(#9345,#9346,#9347,#9348,#9349,#9350,#9351,#9352,#9353,
#9354,#9355,#9356,#9357,#9358,#9359,#9360,#9361,#9362,#9363,#9364)),
 .UNSPECIFIED.,.F.,.F.,.F.,(4,1,4),(4,1,1,1,1,1,1,1,1,1,1,1,1,1,1,1,1,4),
(0.,0.571428571428571,1.),(0.,0.0146097421294342,0.0292194842588685,0.0294477614796409,
0.0296760387004133,0.0301325931419581,0.0310457020250478,0.0328719197912271,
0.0365243553235856,0.0438292263883027,0.0511340974530199,0.058438968517737,
0.0730487106471712,0.0803535817118884,0.0840060172442469,0.0876584527766055,
0.146097421294342,0.204536389812079),.UNSPECIFIED.);
#35=B_SPLINE_SURFACE_WITH_KNOTS('',3,3,((#9404,#9405,#9406,#9407,#9408),
(#9409,#9410,#9411,#9412,#9413),(#9414,#9415,#9416,#9417,#9418),(#9419,
#9420,#9421,#9422,#9423)),.UNSPECIFIED.,.F.,.F.,.F.,(4,4),(4,1,4),(0.,1.),
(0.123407771207709,0.138566898453285,0.153726025698861),.UNSPECIFIED.);
#36=TOROIDAL_SURFACE('',#6011,11.959892678973,0.2);
#37=TOROIDAL_SURFACE('',#6016,11.9598926789733,0.2);
#38=TOROIDAL_SURFACE('',#6033,21.959892678973,0.2);
#39=TOROIDAL_SURFACE('',#6038,31.9598926789729,0.2);
#40=TOROIDAL_SURFACE('',#6051,21.9598926789732,0.2);
#41=TOROIDAL_SURFACE('',#6064,31.9598926789731,0.2);
#42=TOROIDAL_SURFACE('',#6069,21.959892678973,0.2);
#43=TOROIDAL_SURFACE('',#6095,20.2856296013484,0.2);
#44=TOROIDAL_SURFACE('',#6104,20.2,0.2);
#45=TOROIDAL_SURFACE('',#6110,30.2000000000001,0.2);
#46=TOROIDAL_SURFACE('',#6116,1.80000000000001,0.2);
#47=TOROIDAL_SURFACE('',#6122,1.80000000000002,0.2);
#48=TOROIDAL_SURFACE('',#6128,20.2000000000002,0.2);
#49=TOROIDAL_SURFACE('',#6134,1.80000000000002,0.2);
#50=TOROIDAL_SURFACE('',#6140,1.80000000000001,0.2);
#51=TOROIDAL_SURFACE('',#6146,30.1999999999999,0.2);
#52=TOROIDAL_SURFACE('',#6152,20.2,0.2);
#53=TOROIDAL_SURFACE('',#6158,0.8,0.2);
#54=TOROIDAL_SURFACE('',#6164,0.800000000000002,0.2);
#55=TOROIDAL_SURFACE('',#6170,10.2000000000003,0.2);
#56=TOROIDAL_SURFACE('',#6176,10.2,0.2);
#57=TOROIDAL_SURFACE('',#6182,0.800000000000003,0.2);
#58=TOROIDAL_SURFACE('',#6188,0.799999999999996,0.2);
#59=TOROIDAL_SURFACE('',#6215,0.799999999999996,0.2);
#60=TOROIDAL_SURFACE('',#6225,0.714370398651573,0.2);
#61=TOROIDAL_SURFACE('',#6226,20.2,0.2);
#62=TOROIDAL_SURFACE('',#6231,30.2000000000001,0.2);
#63=TOROIDAL_SURFACE('',#6237,1.80000000000001,0.2);
#64=TOROIDAL_SURFACE('',#6243,1.80000000000002,0.2);
#65=TOROIDAL_SURFACE('',#6249,20.2000000000002,0.2);
#66=TOROIDAL_SURFACE('',#6255,1.80000000000002,0.2);
#67=TOROIDAL_SURFACE('',#6261,1.80000000000001,0.2);
#68=TOROIDAL_SURFACE('',#6267,30.1999999999999,0.2);
#69=TOROIDAL_SURFACE('',#6272,20.2,0.2);
#70=TOROIDAL_SURFACE('',#6277,0.8,0.2);
#71=TOROIDAL_SURFACE('',#6282,0.800000000000002,0.2);
#72=TOROIDAL_SURFACE('',#6286,10.2000000000003,0.2);
#73=TOROIDAL_SURFACE('',#6290,10.2,0.2);
#74=TOROIDAL_SURFACE('',#6294,0.800000000000003,0.2);
#75=ELLIPSE('',#6002,0.205232214519142,0.2);
#76=ELLIPSE('',#6008,0.205232214519404,0.2);
#77=ELLIPSE('',#6029,0.206475794475671,0.2);
#78=SPHERICAL_SURFACE('',#5997,0.199999999999997);
#79=SPHERICAL_SURFACE('',#6003,0.200000000000003);
#80=SPHERICAL_SURFACE('',#6020,0.199999999999994);
#81=SPHERICAL_SURFACE('',#6024,0.200000000000008);
#82=SPHERICAL_SURFACE('',#6098,0.2);
#83=FACE_BOUND('',#1044,.T.);
#84=FACE_BOUND('',#1046,.T.);
#85=FACE_BOUND('',#1047,.T.);
#86=FACE_BOUND('',#1099,.T.);
#87=FACE_BOUND('',#1100,.T.);
#88=FACE_BOUND('',#1101,.T.);
#89=FACE_BOUND('',#1145,.T.);
#90=FACE_BOUND('',#1150,.T.);
#91=FACE_BOUND('',#1155,.T.);
#92=FACE_BOUND('',#1159,.T.);
#93=FACE_BOUND('',#1192,.T.);
#94=FACE_BOUND('',#1199,.T.);
#95=FACE_BOUND('',#1206,.T.);
#96=FACE_BOUND('',#1207,.T.);
#97=FACE_BOUND('',#1208,.T.);
#98=FACE_BOUND('',#1209,.T.);
#99=FACE_BOUND('',#1210,.T.);
#100=FACE_BOUND('',#1230,.T.);
#101=FACE_BOUND('',#1234,.T.);
#102=FACE_BOUND('',#1240,.T.);
#103=FACE_BOUND('',#1245,.T.);
#104=FACE_BOUND('',#1252,.T.);
#105=FACE_BOUND('',#1255,.T.);
#106=FACE_BOUND('',#1256,.T.);
#107=FACE_BOUND('',#1257,.T.);
#108=FACE_BOUND('',#1272,.T.);
#109=FACE_BOUND('',#1273,.T.);
#110=FACE_BOUND('',#1274,.T.);
#111=FACE_BOUND('',#1294,.T.);
#112=FACE_BOUND('',#1296,.T.);
#113=FACE_BOUND('',#1316,.T.);
#114=FACE_BOUND('',#1318,.T.);
#115=CYLINDRICAL_SURFACE('',#5855,0.999999999999996);
#116=CYLINDRICAL_SURFACE('',#5859,0.999999999999995);
#117=CYLINDRICAL_SURFACE('',#5863,0.999999999999996);
#118=CYLINDRICAL_SURFACE('',#5867,0.999999999999997);
#119=CYLINDRICAL_SURFACE('',#5871,0.999999999999996);
#120=CYLINDRICAL_SURFACE('',#5875,0.999999999999996);
#121=CYLINDRICAL_SURFACE('',#5879,0.999999999999996);
#122=CYLINDRICAL_SURFACE('',#5883,0.999999999999996);
#123=CYLINDRICAL_SURFACE('',#5887,0.999999999999996);
#124=CYLINDRICAL_SURFACE('',#5891,0.999999999999996);
#125=CYLINDRICAL_SURFACE('',#5895,0.999999999999996);
#126=CYLINDRICAL_SURFACE('',#5899,0.999999999999996);
#127=CYLINDRICAL_SURFACE('',#5903,0.999999999999996);
#128=CYLINDRICAL_SURFACE('',#5907,0.999999999999996);
#129=CYLINDRICAL_SURFACE('',#5911,0.999999999999996);
#130=CYLINDRICAL_SURFACE('',#5915,0.999999999999988);
#131=CYLINDRICAL_SURFACE('',#5919,0.999999999999996);
#132=CYLINDRICAL_SURFACE('',#5923,0.999999999999997);
#133=CYLINDRICAL_SURFACE('',#5927,0.999999999999988);
#134=CYLINDRICAL_SURFACE('',#5931,0.999999999999997);
#135=CYLINDRICAL_SURFACE('',#5935,1.00000000000001);
#136=CYLINDRICAL_SURFACE('',#5939,1.);
#137=CYLINDRICAL_SURFACE('',#5944,0.999999999999996);
#138=CYLINDRICAL_SURFACE('',#5948,0.999999999999996);
#139=CYLINDRICAL_SURFACE('',#5952,0.999999999999999);
#140=CYLINDRICAL_SURFACE('',#5956,1.00000000000001);
#141=CYLINDRICAL_SURFACE('',#5960,0.999999999999988);
#142=CYLINDRICAL_SURFACE('',#5964,0.999999999999996);
#143=CYLINDRICAL_SURFACE('',#5983,0.991083364698055);
#144=CYLINDRICAL_SURFACE('',#5986,1.35);
#145=CYLINDRICAL_SURFACE('',#5989,1.35);
#146=CYLINDRICAL_SURFACE('',#5992,1.35);
#147=CYLINDRICAL_SURFACE('',#5995,1.00000000000001);
#148=CYLINDRICAL_SURFACE('',#6001,0.2);
#149=CYLINDRICAL_SURFACE('',#6007,0.2);
#150=CYLINDRICAL_SURFACE('',#6009,0.2);
#151=CYLINDRICAL_SURFACE('',#6014,0.2);
#152=CYLINDRICAL_SURFACE('',#6019,0.2);
#153=CYLINDRICAL_SURFACE('',#6028,0.2);
#154=CYLINDRICAL_SURFACE('',#6030,0.2);
#155=CYLINDRICAL_SURFACE('',#6031,0.2);
#156=CYLINDRICAL_SURFACE('',#6036,0.2);
#157=CYLINDRICAL_SURFACE('',#6041,0.2);
#158=CYLINDRICAL_SURFACE('',#6045,0.2);
#159=CYLINDRICAL_SURFACE('',#6049,0.2);
#160=CYLINDRICAL_SURFACE('',#6054,0.2);
#161=CYLINDRICAL_SURFACE('',#6058,0.2);
#162=CYLINDRICAL_SURFACE('',#6062,0.2);
#163=CYLINDRICAL_SURFACE('',#6067,0.2);
#164=CYLINDRICAL_SURFACE('',#6071,0.2);
#165=CYLINDRICAL_SURFACE('',#6102,0.2);
#166=CYLINDRICAL_SURFACE('',#6108,0.2);
#167=CYLINDRICAL_SURFACE('',#6114,0.2);
#168=CYLINDRICAL_SURFACE('',#6120,0.2);
#169=CYLINDRICAL_SURFACE('',#6126,0.2);
#170=CYLINDRICAL_SURFACE('',#6132,0.2);
#171=CYLINDRICAL_SURFACE('',#6138,0.2);
#172=CYLINDRICAL_SURFACE('',#6144,0.2);
#173=CYLINDRICAL_SURFACE('',#6150,0.2);
#174=CYLINDRICAL_SURFACE('',#6156,0.2);
#175=CYLINDRICAL_SURFACE('',#6162,0.2);
#176=CYLINDRICAL_SURFACE('',#6168,0.2);
#177=CYLINDRICAL_SURFACE('',#6174,0.2);
#178=CYLINDRICAL_SURFACE('',#6180,0.2);
#179=CYLINDRICAL_SURFACE('',#6186,0.2);
#180=CYLINDRICAL_SURFACE('',#6191,0.2);
#181=CYLINDRICAL_SURFACE('',#6192,29.9999999999999);
#182=CYLINDRICAL_SURFACE('',#6195,20.);
#183=CYLINDRICAL_SURFACE('',#6198,1.);
#184=CYLINDRICAL_SURFACE('',#6201,1.);
#185=CYLINDRICAL_SURFACE('',#6204,10.0000000000003);
#186=CYLINDRICAL_SURFACE('',#6207,10.);
#187=CYLINDRICAL_SURFACE('',#6210,1.);
#188=CYLINDRICAL_SURFACE('',#6213,0.999999999999996);
#189=CYLINDRICAL_SURFACE('',#6229,0.2);
#190=CYLINDRICAL_SURFACE('',#6235,0.2);
#191=CYLINDRICAL_SURFACE('',#6241,0.2);
#192=CYLINDRICAL_SURFACE('',#6247,0.2);
#193=CYLINDRICAL_SURFACE('',#6253,0.2);
#194=CYLINDRICAL_SURFACE('',#6259,0.2);
#195=CYLINDRICAL_SURFACE('',#6265,0.2);
#196=CYLINDRICAL_SURFACE('',#6270,0.2);
#197=CYLINDRICAL_SURFACE('',#6275,0.2);
#198=CYLINDRICAL_SURFACE('',#6280,0.2);
#199=CYLINDRICAL_SURFACE('',#6284,0.2);
#200=CYLINDRICAL_SURFACE('',#6288,0.2);
#201=CYLINDRICAL_SURFACE('',#6292,0.2);
#202=CYLINDRICAL_SURFACE('',#6296,0.2);
#203=CYLINDRICAL_SURFACE('',#6298,2.00000000000001);
#204=CYLINDRICAL_SURFACE('',#6300,2.00000000000002);
#205=CYLINDRICAL_SURFACE('',#6302,20.0000000000002);
#206=CYLINDRICAL_SURFACE('',#6304,2.00000000000002);
#207=CYLINDRICAL_SURFACE('',#6306,2.00000000000001);
#208=CYLINDRICAL_SURFACE('',#6308,30.0000000000001);
#209=CYLINDRICAL_SURFACE('',#6310,20.);
#210=CYLINDRICAL_SURFACE('',#6336,12.0000000000003);
#211=CYLINDRICAL_SURFACE('',#6338,12.);
#212=CYLINDRICAL_SURFACE('',#6341,22.);
#213=CYLINDRICAL_SURFACE('',#6343,32.0000000000001);
#214=CYLINDRICAL_SURFACE('',#6347,22.0000000000003);
#215=CYLINDRICAL_SURFACE('',#6351,31.9999999999999);
#216=CYLINDRICAL_SURFACE('',#6353,22.);
#217=CYLINDRICAL_SURFACE('',#6366,1.35);
#218=CYLINDRICAL_SURFACE('',#6369,0.999999999999996);
#219=CYLINDRICAL_SURFACE('',#6372,0.999999999999996);
#220=CYLINDRICAL_SURFACE('',#6374,1.35);
#221=CYLINDRICAL_SURFACE('',#6376,0.991083364698055);
#222=CYLINDRICAL_SURFACE('',#6378,1.35);
#223=CYLINDRICAL_SURFACE('',#6381,1.);
#224=CYLINDRICAL_SURFACE('',#6384,1.00000000000001);
#225=CYLINDRICAL_SURFACE('',#6389,1.00000000000001);
#226=CYLINDRICAL_SURFACE('',#6393,1.);
#227=CYLINDRICAL_SURFACE('',#6397,1.35);
#228=CYLINDRICAL_SURFACE('',#6401,0.999999999999996);
#229=CYLINDRICAL_SURFACE('',#6405,0.999999999999996);
#230=CYLINDRICAL_SURFACE('',#6409,0.999999999999999);
#231=CYLINDRICAL_SURFACE('',#6413,1.00000000000001);
#232=CYLINDRICAL_SURFACE('',#6417,0.999999999999988);
#233=CYLINDRICAL_SURFACE('',#6421,0.999999999999996);
#234=CYLINDRICAL_SURFACE('',#6427,1.00000000000001);
#235=CYLINDRICAL_SURFACE('',#6431,1.);
#236=CYLINDRICAL_SURFACE('',#6435,1.35);
#237=CYLINDRICAL_SURFACE('',#6439,0.999999999999996);
#238=CYLINDRICAL_SURFACE('',#6443,0.999999999999996);
#239=CYLINDRICAL_SURFACE('',#6447,0.999999999999999);
#240=CYLINDRICAL_SURFACE('',#6451,1.00000000000001);
#241=CYLINDRICAL_SURFACE('',#6455,0.999999999999988);
#242=CYLINDRICAL_SURFACE('',#6459,0.999999999999996);
#243=STYLED_ITEM('',(#10328),#248);
#244=STYLED_ITEM('',(#10328),#249);
#245=STYLED_ITEM('',(#10328),#250);
#246=STYLED_ITEM('',(#10328),#251);
#247=STYLED_ITEM('',(#10328),#252);
#248=MANIFOLD_SOLID_BREP('Body3',#5782);
#249=MANIFOLD_SOLID_BREP('Body4',#5783);
#250=MANIFOLD_SOLID_BREP('Body9',#5784);
#251=MANIFOLD_SOLID_BREP('Body11',#5785);
#252=MANIFOLD_SOLID_BREP('Body7',#5786);
#253=(
BOUNDED_CURVE()
B_SPLINE_CURVE(2,(#8443,#8444,#8445),.UNSPECIFIED.,.F.,.F.)
B_SPLINE_CURVE_WITH_KNOTS((3,3),(0.00470325220921988,0.0621976688189172),
 .UNSPECIFIED.)
CURVE()
GEOMETRIC_REPRESENTATION_ITEM()
RATIONAL_B_SPLINE_CURVE((1.,1.,1.))
REPRESENTATION_ITEM('')
);
#254=(
BOUNDED_CURVE()
B_SPLINE_CURVE(2,(#9149,#9150,#9151),.UNSPECIFIED.,.F.,.F.)
B_SPLINE_CURVE_WITH_KNOTS((3,3),(0.424799914141513,0.545241941497213),
 .UNSPECIFIED.)
CURVE()
GEOMETRIC_REPRESENTATION_ITEM()
RATIONAL_B_SPLINE_CURVE((1.00702317614655,1.00651417812167,1.00515197730382))
REPRESENTATION_ITEM('')
);
#255=CIRCLE('',#5802,10.5);
#256=CIRCLE('',#5803,12.319851171331);
#257=CIRCLE('',#5806,10.5000000000003);
#258=CIRCLE('',#5807,12.3198511713313);
#259=CIRCLE('',#5810,0.499999999999993);
#260=CIRCLE('',#5813,0.499999999999992);
#261=CIRCLE('',#5816,20.5);
#262=CIRCLE('',#5817,22.319851171331);
#263=CIRCLE('',#5820,30.4999999999999);
#264=CIRCLE('',#5821,32.3198511713309);
#265=CIRCLE('',#5824,1.50000000000003);
#266=CIRCLE('',#5827,1.50000000000001);
#267=CIRCLE('',#5830,20.5000000000002);
#268=CIRCLE('',#5831,22.3198511713313);
#269=CIRCLE('',#5834,1.50000000000001);
#270=CIRCLE('',#5837,1.49999999999999);
#271=CIRCLE('',#5840,30.5000000000001);
#272=CIRCLE('',#5841,32.3198511713311);
#273=CIRCLE('',#5844,20.5);
#274=CIRCLE('',#5845,22.319851171331);
#275=CIRCLE('',#5848,0.499999999999814);
#276=CIRCLE('',#5851,0.499999999999974);
#277=CIRCLE('',#5856,0.999999999999996);
#278=CIRCLE('',#5857,0.999999999999996);
#279=CIRCLE('',#5860,0.999999999999995);
#280=CIRCLE('',#5861,0.999999999999995);
#281=CIRCLE('',#5864,0.999999999999996);
#282=CIRCLE('',#5865,0.999999999999996);
#283=CIRCLE('',#5868,0.999999999999997);
#284=CIRCLE('',#5869,0.999999999999997);
#285=CIRCLE('',#5872,0.999999999999996);
#286=CIRCLE('',#5873,0.999999999999996);
#287=CIRCLE('',#5876,0.999999999999996);
#288=CIRCLE('',#5877,0.999999999999996);
#289=CIRCLE('',#5880,0.999999999999996);
#290=CIRCLE('',#5881,0.999999999999996);
#291=CIRCLE('',#5884,0.999999999999996);
#292=CIRCLE('',#5885,0.999999999999996);
#293=CIRCLE('',#5888,0.999999999999996);
#294=CIRCLE('',#5889,0.999999999999996);
#295=CIRCLE('',#5892,0.999999999999996);
#296=CIRCLE('',#5893,0.999999999999996);
#297=CIRCLE('',#5896,0.999999999999996);
#298=CIRCLE('',#5897,0.999999999999996);
#299=CIRCLE('',#5900,0.999999999999996);
#300=CIRCLE('',#5901,0.999999999999996);
#301=CIRCLE('',#5904,0.999999999999996);
#302=CIRCLE('',#5905,0.999999999999996);
#303=CIRCLE('',#5908,0.999999999999996);
#304=CIRCLE('',#5909,0.999999999999996);
#305=CIRCLE('',#5912,0.999999999999996);
#306=CIRCLE('',#5913,0.999999999999996);
#307=CIRCLE('',#5916,0.999999999999988);
#308=CIRCLE('',#5917,0.999999999999988);
#309=CIRCLE('',#5920,0.999999999999996);
#310=CIRCLE('',#5921,0.999999999999996);
#311=CIRCLE('',#5924,0.999999999999997);
#312=CIRCLE('',#5925,0.999999999999997);
#313=CIRCLE('',#5928,0.999999999999988);
#314=CIRCLE('',#5929,0.999999999999988);
#315=CIRCLE('',#5932,0.999999999999997);
#316=CIRCLE('',#5933,0.999999999999997);
#317=CIRCLE('',#5936,1.00000000000001);
#318=CIRCLE('',#5937,1.00000000000001);
#319=CIRCLE('',#5940,1.);
#320=CIRCLE('',#5941,1.);
#321=CIRCLE('',#5945,0.999999999999996);
#322=CIRCLE('',#5946,0.999999999999996);
#323=CIRCLE('',#5949,0.999999999999996);
#324=CIRCLE('',#5950,0.999999999999996);
#325=CIRCLE('',#5953,0.999999999999999);
#326=CIRCLE('',#5954,0.999999999999999);
#327=CIRCLE('',#5957,1.00000000000001);
#328=CIRCLE('',#5958,1.00000000000001);
#329=CIRCLE('',#5961,0.999999999999988);
#330=CIRCLE('',#5962,0.999999999999988);
#331=CIRCLE('',#5965,0.999999999999996);
#332=CIRCLE('',#5966,0.999999999999996);
#333=CIRCLE('',#5968,1.35);
#334=CIRCLE('',#5969,1.35);
#335=CIRCLE('',#5971,21.959892678973);
#336=CIRCLE('',#5972,31.9598926789731);
#337=CIRCLE('',#5973,0.0401073210270569);
#338=CIRCLE('',#5974,0.0401073210270661);
#339=CIRCLE('',#5975,21.9598926789732);
#340=CIRCLE('',#5976,0.0401073210270669);
#341=CIRCLE('',#5977,0.0401073210270536);
#342=CIRCLE('',#5978,31.9598926789729);
#343=CIRCLE('',#5979,21.959892678973);
#344=CIRCLE('',#5980,11.9598926789733);
#345=CIRCLE('',#5981,11.959892678973);
#346=CIRCLE('',#5982,1.00000000000001);
#347=CIRCLE('',#5984,0.991083364698055);
#348=CIRCLE('',#5985,0.991083364698055);
#349=CIRCLE('',#5987,1.35);
#350=CIRCLE('',#5988,1.35);
#351=CIRCLE('',#5990,1.35);
#352=CIRCLE('',#5991,1.35);
#353=CIRCLE('',#5993,1.35);
#354=CIRCLE('',#5994,1.35);
#355=CIRCLE('',#5996,1.00000000000001);
#356=CIRCLE('',#5998,0.200000000000003);
#357=CIRCLE('',#5999,0.199999999999997);
#358=CIRCLE('',#6000,0.199999999999996);
#359=CIRCLE('',#6004,0.199999999999982);
#360=CIRCLE('',#6005,0.200000000000003);
#361=CIRCLE('',#6006,0.199999999999996);
#362=CIRCLE('',#6010,0.199999999999996);
#363=CIRCLE('',#6012,0.199999999999996);
#364=CIRCLE('',#6013,11.7719541548158);
#365=CIRCLE('',#6015,0.199999999999996);
#366=CIRCLE('',#6017,0.199999999999996);
#367=CIRCLE('',#6018,11.7719541548161);
#368=CIRCLE('',#6021,0.200000000000005);
#369=CIRCLE('',#6022,0.199999999999994);
#370=CIRCLE('',#6023,0.199999999999996);
#371=CIRCLE('',#6025,0.200000000000009);
#372=CIRCLE('',#6026,0.200000000000008);
#373=CIRCLE('',#6027,0.199999999999996);
#374=CIRCLE('',#6032,0.199999999999996);
#375=CIRCLE('',#6034,0.199999999999996);
#376=CIRCLE('',#6035,21.7719541548158);
#377=CIRCLE('',#6037,0.199999999999996);
#378=CIRCLE('',#6039,0.199999999999996);
#379=CIRCLE('',#6040,31.7719541548157);
#380=CIRCLE('',#6042,0.199999999999996);
#381=CIRCLE('',#6043,0.199999999999996);
#382=CIRCLE('',#6044,0.228045845184237);
#383=CIRCLE('',#6046,0.199999999999996);
#384=CIRCLE('',#6047,0.199999999999996);
#385=CIRCLE('',#6048,0.228045845184256);
#386=CIRCLE('',#6050,0.199999999999996);
#387=CIRCLE('',#6052,0.199999999999996);
#388=CIRCLE('',#6053,21.771954154816);
#389=CIRCLE('',#6055,0.199999999999996);
#390=CIRCLE('',#6056,0.199999999999996);
#391=CIRCLE('',#6057,0.228045845184254);
#392=CIRCLE('',#6059,0.199999999999996);
#393=CIRCLE('',#6060,0.199999999999996);
#394=CIRCLE('',#6061,0.228045845184237);
#395=CIRCLE('',#6063,0.199999999999996);
#396=CIRCLE('',#6065,0.199999999999996);
#397=CIRCLE('',#6066,31.7719541548159);
#398=CIRCLE('',#6068,0.199999999999996);
#399=CIRCLE('',#6070,21.7719541548158);
#400=CIRCLE('',#6074,20.0976910771913);
#401=CIRCLE('',#6075,20.0120614758428);
#402=CIRCLE('',#6077,0.987938524157186);
#403=CIRCLE('',#6078,0.902308922808756);
#404=CIRCLE('',#6081,0.987938524157189);
#405=CIRCLE('',#6084,10.0120614758429);
#406=CIRCLE('',#6087,10.0120614758431);
#407=CIRCLE('',#6090,0.987938524157188);
#408=CIRCLE('',#6093,0.199999999999998);
#409=CIRCLE('',#6094,0.199999999999999);
#410=CIRCLE('',#6096,0.199999999999996);
#411=CIRCLE('',#6099,0.2);
#412=CIRCLE('',#6100,0.2);
#413=CIRCLE('',#6101,0.200000000000003);
#414=CIRCLE('',#6103,0.2);
#415=CIRCLE('',#6105,0.2);
#416=CIRCLE('',#6106,20.);
#417=CIRCLE('',#6107,20.2);
#418=CIRCLE('',#6109,0.2);
#419=CIRCLE('',#6111,0.2);
#420=CIRCLE('',#6112,30.0000000000001);
#421=CIRCLE('',#6113,30.2000000000001);
#422=CIRCLE('',#6115,0.2);
#423=CIRCLE('',#6117,0.2);
#424=CIRCLE('',#6118,2.00000000000001);
#425=CIRCLE('',#6119,1.80000000000001);
#426=CIRCLE('',#6121,0.2);
#427=CIRCLE('',#6123,0.2);
#428=CIRCLE('',#6124,2.00000000000002);
#429=CIRCLE('',#6125,1.80000000000002);
#430=CIRCLE('',#6127,0.2);
#431=CIRCLE('',#6129,0.2);
#432=CIRCLE('',#6130,20.0000000000002);
#433=CIRCLE('',#6131,20.2000000000002);
#434=CIRCLE('',#6133,0.2);
#435=CIRCLE('',#6135,0.2);
#436=CIRCLE('',#6136,2.00000000000002);
#437=CIRCLE('',#6137,1.80000000000002);
#438=CIRCLE('',#6139,0.2);
#439=CIRCLE('',#6141,0.2);
#440=CIRCLE('',#6142,2.00000000000001);
#441=CIRCLE('',#6143,1.80000000000001);
#442=CIRCLE('',#6145,0.2);
#443=CIRCLE('',#6147,0.2);
#444=CIRCLE('',#6148,29.9999999999999);
#445=CIRCLE('',#6149,30.1999999999999);
#446=CIRCLE('',#6151,0.2);
#447=CIRCLE('',#6153,0.2);
#448=CIRCLE('',#6154,20.);
#449=CIRCLE('',#6155,20.2);
#450=CIRCLE('',#6157,0.2);
#451=CIRCLE('',#6159,0.2);
#452=CIRCLE('',#6160,1.);
#453=CIRCLE('',#6161,0.8);
#454=CIRCLE('',#6163,0.2);
#455=CIRCLE('',#6165,0.2);
#456=CIRCLE('',#6166,1.);
#457=CIRCLE('',#6167,0.800000000000002);
#458=CIRCLE('',#6169,0.2);
#459=CIRCLE('',#6171,0.2);
#460=CIRCLE('',#6172,10.0000000000003);
#461=CIRCLE('',#6173,10.2000000000003);
#462=CIRCLE('',#6175,0.2);
#463=CIRCLE('',#6177,0.2);
#464=CIRCLE('',#6178,10.);
#465=CIRCLE('',#6179,10.2);
#466=CIRCLE('',#6181,0.2);
#467=CIRCLE('',#6183,0.2);
#468=CIRCLE('',#6184,1.);
#469=CIRCLE('',#6185,0.800000000000004);
#470=CIRCLE('',#6187,0.2);
#471=CIRCLE('',#6189,0.999999999999996);
#472=CIRCLE('',#6190,0.799999999999996);
#473=CIRCLE('',#6193,29.9999999999999);
#474=CIRCLE('',#6196,20.);
#475=CIRCLE('',#6199,1.);
#476=CIRCLE('',#6202,1.);
#477=CIRCLE('',#6205,10.0000000000003);
#478=CIRCLE('',#6208,10.);
#479=CIRCLE('',#6211,1.);
#480=CIRCLE('',#6214,0.999999999999996);
#481=CIRCLE('',#6216,0.200000000000006);
#482=CIRCLE('',#6218,12.0000000000003);
#483=CIRCLE('',#6219,12.);
#484=CIRCLE('',#6220,22.);
#485=CIRCLE('',#6221,32.0000000000001);
#486=CIRCLE('',#6222,22.0000000000003);
#487=CIRCLE('',#6223,31.9999999999999);
#488=CIRCLE('',#6224,22.);
#489=CIRCLE('',#6227,20.);
#490=CIRCLE('',#6228,0.200000000000005);
#491=CIRCLE('',#6230,0.2);
#492=CIRCLE('',#6232,30.0000000000001);
#493=CIRCLE('',#6233,0.200000000000001);
#494=CIRCLE('',#6234,30.012061475843);
#495=CIRCLE('',#6236,0.200000000000001);
#496=CIRCLE('',#6238,2.00000000000001);
#497=CIRCLE('',#6239,0.199999999999994);
#498=CIRCLE('',#6240,1.98793852415719);
#499=CIRCLE('',#6242,0.199999999999997);
#500=CIRCLE('',#6244,2.00000000000002);
#501=CIRCLE('',#6245,0.200000000000006);
#502=CIRCLE('',#6246,1.98793852415721);
#503=CIRCLE('',#6248,0.200000000000005);
#504=CIRCLE('',#6250,20.0000000000002);
#505=CIRCLE('',#6251,0.200000000000005);
#506=CIRCLE('',#6252,20.0120614758431);
#507=CIRCLE('',#6254,0.200000000000006);
#508=CIRCLE('',#6256,2.00000000000002);
#509=CIRCLE('',#6257,0.199999999999994);
#510=CIRCLE('',#6258,1.98793852415721);
#511=CIRCLE('',#6260,0.199999999999994);
#512=CIRCLE('',#6262,2.00000000000001);
#513=CIRCLE('',#6263,0.200000000000001);
#514=CIRCLE('',#6264,1.98793852415719);
#515=CIRCLE('',#6266,0.200000000000001);
#516=CIRCLE('',#6268,0.2);
#517=CIRCLE('',#6269,30.0120614758428);
#518=CIRCLE('',#6271,0.2);
#519=CIRCLE('',#6273,0.199999999999999);
#520=CIRCLE('',#6274,20.0120614758428);
#521=CIRCLE('',#6276,0.199999999999991);
#522=CIRCLE('',#6278,0.199999999999999);
#523=CIRCLE('',#6279,0.987938524157179);
#524=CIRCLE('',#6281,0.200000000000002);
#525=CIRCLE('',#6283,0.2);
#526=CIRCLE('',#6285,0.199999999999999);
#527=CIRCLE('',#6287,0.199999999999996);
#528=CIRCLE('',#6289,0.199999999999996);
#529=CIRCLE('',#6291,0.200000000000001);
#530=CIRCLE('',#6293,0.2);
#531=CIRCLE('',#6295,0.199999999999993);
#532=CIRCLE('',#6312,12.0000000000003);
#533=CIRCLE('',#6313,22.);
#534=CIRCLE('',#6314,31.9999999999999);
#535=CIRCLE('',#6315,22.0000000000003);
#536=CIRCLE('',#6316,32.0000000000001);
#537=CIRCLE('',#6317,22.);
#538=CIRCLE('',#6318,12.);
#539=CIRCLE('',#6358,0.999999999999996);
#540=CIRCLE('',#6359,0.999999999999996);
#541=CIRCLE('',#6360,1.35);
#542=CIRCLE('',#6361,1.);
#543=CIRCLE('',#6362,1.00000000000001);
#544=CIRCLE('',#6363,1.35);
#545=CIRCLE('',#6364,0.991083364698055);
#546=CIRCLE('',#6365,1.35);
#547=CIRCLE('',#6367,1.35);
#548=CIRCLE('',#6370,0.999999999999996);
#549=CIRCLE('',#6373,0.999999999999996);
#550=CIRCLE('',#6375,1.35);
#551=CIRCLE('',#6377,0.991083364698055);
#552=CIRCLE('',#6379,1.35);
#553=CIRCLE('',#6382,1.);
#554=CIRCLE('',#6385,1.00000000000001);
#555=CIRCLE('',#6390,1.00000000000001);
#556=CIRCLE('',#6391,1.00000000000001);
#557=CIRCLE('',#6394,1.);
#558=CIRCLE('',#6395,1.);
#559=CIRCLE('',#6398,1.35);
#560=CIRCLE('',#6399,1.35);
#561=CIRCLE('',#6402,0.999999999999996);
#562=CIRCLE('',#6403,0.999999999999996);
#563=CIRCLE('',#6406,0.999999999999996);
#564=CIRCLE('',#6407,0.999999999999996);
#565=CIRCLE('',#6410,0.999999999999999);
#566=CIRCLE('',#6411,0.999999999999999);
#567=CIRCLE('',#6414,1.00000000000001);
#568=CIRCLE('',#6415,1.00000000000001);
#569=CIRCLE('',#6418,0.999999999999988);
#570=CIRCLE('',#6419,0.999999999999988);
#571=CIRCLE('',#6422,0.999999999999996);
#572=CIRCLE('',#6423,0.999999999999996);
#573=CIRCLE('',#6428,1.00000000000001);
#574=CIRCLE('',#6429,1.00000000000001);
#575=CIRCLE('',#6432,1.);
#576=CIRCLE('',#6433,1.);
#577=CIRCLE('',#6436,1.35);
#578=CIRCLE('',#6437,1.35);
#579=CIRCLE('',#6440,0.999999999999996);
#580=CIRCLE('',#6441,0.999999999999996);
#581=CIRCLE('',#6444,0.999999999999996);
#582=CIRCLE('',#6445,0.999999999999996);
#583=CIRCLE('',#6448,0.999999999999999);
#584=CIRCLE('',#6449,0.999999999999999);
#585=CIRCLE('',#6452,1.00000000000001);
#586=CIRCLE('',#6453,1.00000000000001);
#587=CIRCLE('',#6456,0.999999999999988);
#588=CIRCLE('',#6457,0.999999999999988);
#589=CIRCLE('',#6460,0.999999999999996);
#590=CIRCLE('',#6461,0.999999999999996);
#591=CONICAL_SURFACE('',#5801,10.5,0.349065850398866);
#592=CONICAL_SURFACE('',#5805,10.5000000000003,0.349065850398866);
#593=CONICAL_SURFACE('',#5809,0.499999999999993,0.349065850398866);
#594=CONICAL_SURFACE('',#5812,0.499999999999992,0.349065850398866);
#595=CONICAL_SURFACE('',#5815,20.5,0.349065850398866);
#596=CONICAL_SURFACE('',#5819,30.4999999999999,0.349065850398866);
#597=CONICAL_SURFACE('',#5823,1.50000000000003,0.349065850398866);
#598=CONICAL_SURFACE('',#5826,1.50000000000001,0.349065850398866);
#599=CONICAL_SURFACE('',#5829,20.5000000000002,0.349065850398866);
#600=CONICAL_SURFACE('',#5833,1.50000000000001,0.349065850398866);
#601=CONICAL_SURFACE('',#5836,1.49999999999999,0.349065850398866);
#602=CONICAL_SURFACE('',#5839,30.5000000000001,0.349065850398866);
#603=CONICAL_SURFACE('',#5843,20.5,0.349065850398866);
#604=CONICAL_SURFACE('',#5847,0.499999999999814,0.349065850398866);
#605=CONICAL_SURFACE('',#5850,0.499999999999974,0.349065850398866);
#606=CONICAL_SURFACE('',#6073,20.,0.349065850398866);
#607=CONICAL_SURFACE('',#6076,0.999999999999996,0.349065850398866);
#608=CONICAL_SURFACE('',#6080,1.,0.349065850398866);
#609=CONICAL_SURFACE('',#6083,10.,0.349065850398866);
#610=CONICAL_SURFACE('',#6086,10.0000000000003,0.349065850398866);
#611=CONICAL_SURFACE('',#6089,1.,0.349065850398866);
#612=CONICAL_SURFACE('',#6320,30.0000000000001,0.349065850398866);
#613=CONICAL_SURFACE('',#6321,1.,0.349065850398866);
#614=CONICAL_SURFACE('',#6323,20.,0.349065850398866);
#615=CONICAL_SURFACE('',#6325,29.9999999999999,0.349065850398866);
#616=CONICAL_SURFACE('',#6327,2.00000000000001,0.349065850398866);
#617=CONICAL_SURFACE('',#6329,2.00000000000002,0.349065850398866);
#618=CONICAL_SURFACE('',#6331,20.0000000000002,0.349065850398866);
#619=CONICAL_SURFACE('',#6333,2.00000000000002,0.349065850398866);
#620=CONICAL_SURFACE('',#6335,2.00000000000001,0.349065850398866);
#621=FACE_OUTER_BOUND('',#954,.T.);
#622=FACE_OUTER_BOUND('',#955,.T.);
#623=FACE_OUTER_BOUND('',#956,.T.);
#624=FACE_OUTER_BOUND('',#957,.T.);
#625=FACE_OUTER_BOUND('',#958,.T.);
#626=FACE_OUTER_BOUND('',#959,.T.);
#627=FACE_OUTER_BOUND('',#960,.T.);
#628=FACE_OUTER_BOUND('',#961,.T.);
#629=FACE_OUTER_BOUND('',#962,.T.);
#630=FACE_OUTER_BOUND('',#963,.T.);
#631=FACE_OUTER_BOUND('',#964,.T.);
#632=FACE_OUTER_BOUND('',#965,.T.);
#633=FACE_OUTER_BOUND('',#966,.T.);
#634=FACE_OUTER_BOUND('',#967,.T.);
#635=FACE_OUTER_BOUND('',#968,.T.);
#636=FACE_OUTER_BOUND('',#969,.T.);
#637=FACE_OUTER_BOUND('',#970,.T.);
#638=FACE_OUTER_BOUND('',#971,.T.);
#639=FACE_OUTER_BOUND('',#972,.T.);
#640=FACE_OUTER_BOUND('',#973,.T.);
#641=FACE_OUTER_BOUND('',#974,.T.);
#642=FACE_OUTER_BOUND('',#975,.T.);
#643=FACE_OUTER_BOUND('',#976,.T.);
#644=FACE_OUTER_BOUND('',#977,.T.);
#645=FACE_OUTER_BOUND('',#978,.T.);
#646=FACE_OUTER_BOUND('',#979,.T.);
#647=FACE_OUTER_BOUND('',#980,.T.);
#648=FACE_OUTER_BOUND('',#981,.T.);
#649=FACE_OUTER_BOUND('',#982,.T.);
#650=FACE_OUTER_BOUND('',#983,.T.);
#651=FACE_OUTER_BOUND('',#984,.T.);
#652=FACE_OUTER_BOUND('',#985,.T.);
#653=FACE_OUTER_BOUND('',#986,.T.);
#654=FACE_OUTER_BOUND('',#987,.T.);
#655=FACE_OUTER_BOUND('',#988,.T.);
#656=FACE_OUTER_BOUND('',#989,.T.);
#657=FACE_OUTER_BOUND('',#990,.T.);
#658=FACE_OUTER_BOUND('',#991,.T.);
#659=FACE_OUTER_BOUND('',#992,.T.);
#660=FACE_OUTER_BOUND('',#993,.T.);
#661=FACE_OUTER_BOUND('',#994,.T.);
#662=FACE_OUTER_BOUND('',#995,.T.);
#663=FACE_OUTER_BOUND('',#996,.T.);
#664=FACE_OUTER_BOUND('',#997,.T.);
#665=FACE_OUTER_BOUND('',#998,.T.);
#666=FACE_OUTER_BOUND('',#999,.T.);
#667=FACE_OUTER_BOUND('',#1000,.T.);
#668=FACE_OUTER_BOUND('',#1001,.T.);
#669=FACE_OUTER_BOUND('',#1002,.T.);
#670=FACE_OUTER_BOUND('',#1003,.T.);
#671=FACE_OUTER_BOUND('',#1004,.T.);
#672=FACE_OUTER_BOUND('',#1005,.T.);
#673=FACE_OUTER_BOUND('',#1006,.T.);
#674=FACE_OUTER_BOUND('',#1007,.T.);
#675=FACE_OUTER_BOUND('',#1008,.T.);
#676=FACE_OUTER_BOUND('',#1009,.T.);
#677=FACE_OUTER_BOUND('',#1010,.T.);
#678=FACE_OUTER_BOUND('',#1011,.T.);
#679=FACE_OUTER_BOUND('',#1012,.T.);
#680=FACE_OUTER_BOUND('',#1013,.T.);
#681=FACE_OUTER_BOUND('',#1014,.T.);
#682=FACE_OUTER_BOUND('',#1015,.T.);
#683=FACE_OUTER_BOUND('',#1016,.T.);
#684=FACE_OUTER_BOUND('',#1017,.T.);
#685=FACE_OUTER_BOUND('',#1018,.T.);
#686=FACE_OUTER_BOUND('',#1019,.T.);
#687=FACE_OUTER_BOUND('',#1020,.T.);
#688=FACE_OUTER_BOUND('',#1021,.T.);
#689=FACE_OUTER_BOUND('',#1022,.T.);
#690=FACE_OUTER_BOUND('',#1023,.T.);
#691=FACE_OUTER_BOUND('',#1024,.T.);
#692=FACE_OUTER_BOUND('',#1025,.T.);
#693=FACE_OUTER_BOUND('',#1026,.T.);
#694=FACE_OUTER_BOUND('',#1027,.T.);
#695=FACE_OUTER_BOUND('',#1028,.T.);
#696=FACE_OUTER_BOUND('',#1029,.T.);
#697=FACE_OUTER_BOUND('',#1030,.T.);
#698=FACE_OUTER_BOUND('',#1031,.T.);
#699=FACE_OUTER_BOUND('',#1032,.T.);
#700=FACE_OUTER_BOUND('',#1033,.T.);
#701=FACE_OUTER_BOUND('',#1034,.T.);
#702=FACE_OUTER_BOUND('',#1035,.T.);
#703=FACE_OUTER_BOUND('',#1036,.T.);
#704=FACE_OUTER_BOUND('',#1037,.T.);
#705=FACE_OUTER_BOUND('',#1038,.T.);
#706=FACE_OUTER_BOUND('',#1039,.T.);
#707=FACE_OUTER_BOUND('',#1040,.T.);
#708=FACE_OUTER_BOUND('',#1041,.T.);
#709=FACE_OUTER_BOUND('',#1042,.T.);
#710=FACE_OUTER_BOUND('',#1043,.T.);
#711=FACE_OUTER_BOUND('',#1045,.T.);
#712=FACE_OUTER_BOUND('',#1048,.T.);
#713=FACE_OUTER_BOUND('',#1049,.T.);
#714=FACE_OUTER_BOUND('',#1050,.T.);
#715=FACE_OUTER_BOUND('',#1051,.T.);
#716=FACE_OUTER_BOUND('',#1052,.T.);
#717=FACE_OUTER_BOUND('',#1053,.T.);
#718=FACE_OUTER_BOUND('',#1054,.T.);
#719=FACE_OUTER_BOUND('',#1055,.T.);
#720=FACE_OUTER_BOUND('',#1056,.T.);
#721=FACE_OUTER_BOUND('',#1057,.T.);
#722=FACE_OUTER_BOUND('',#1058,.T.);
#723=FACE_OUTER_BOUND('',#1059,.T.);
#724=FACE_OUTER_BOUND('',#1060,.T.);
#725=FACE_OUTER_BOUND('',#1061,.T.);
#726=FACE_OUTER_BOUND('',#1062,.T.);
#727=FACE_OUTER_BOUND('',#1063,.T.);
#728=FACE_OUTER_BOUND('',#1064,.T.);
#729=FACE_OUTER_BOUND('',#1065,.T.);
#730=FACE_OUTER_BOUND('',#1066,.T.);
#731=FACE_OUTER_BOUND('',#1067,.T.);
#732=FACE_OUTER_BOUND('',#1068,.T.);
#733=FACE_OUTER_BOUND('',#1069,.T.);
#734=FACE_OUTER_BOUND('',#1070,.T.);
#735=FACE_OUTER_BOUND('',#1071,.T.);
#736=FACE_OUTER_BOUND('',#1072,.T.);
#737=FACE_OUTER_BOUND('',#1073,.T.);
#738=FACE_OUTER_BOUND('',#1074,.T.);
#739=FACE_OUTER_BOUND('',#1075,.T.);
#740=FACE_OUTER_BOUND('',#1076,.T.);
#741=FACE_OUTER_BOUND('',#1077,.T.);
#742=FACE_OUTER_BOUND('',#1078,.T.);
#743=FACE_OUTER_BOUND('',#1079,.T.);
#744=FACE_OUTER_BOUND('',#1080,.T.);
#745=FACE_OUTER_BOUND('',#1081,.T.);
#746=FACE_OUTER_BOUND('',#1082,.T.);
#747=FACE_OUTER_BOUND('',#1083,.T.);
#748=FACE_OUTER_BOUND('',#1084,.T.);
#749=FACE_OUTER_BOUND('',#1085,.T.);
#750=FACE_OUTER_BOUND('',#1086,.T.);
#751=FACE_OUTER_BOUND('',#1087,.T.);
#752=FACE_OUTER_BOUND('',#1088,.T.);
#753=FACE_OUTER_BOUND('',#1089,.T.);
#754=FACE_OUTER_BOUND('',#1090,.T.);
#755=FACE_OUTER_BOUND('',#1091,.T.);
#756=FACE_OUTER_BOUND('',#1092,.T.);
#757=FACE_OUTER_BOUND('',#1093,.T.);
#758=FACE_OUTER_BOUND('',#1094,.T.);
#759=FACE_OUTER_BOUND('',#1095,.T.);
#760=FACE_OUTER_BOUND('',#1096,.T.);
#761=FACE_OUTER_BOUND('',#1097,.T.);
#762=FACE_OUTER_BOUND('',#1098,.T.);
#763=FACE_OUTER_BOUND('',#1102,.T.);
#764=FACE_OUTER_BOUND('',#1103,.T.);
#765=FACE_OUTER_BOUND('',#1104,.T.);
#766=FACE_OUTER_BOUND('',#1105,.T.);
#767=FACE_OUTER_BOUND('',#1106,.T.);
#768=FACE_OUTER_BOUND('',#1107,.T.);
#769=FACE_OUTER_BOUND('',#1108,.T.);
#770=FACE_OUTER_BOUND('',#1109,.T.);
#771=FACE_OUTER_BOUND('',#1110,.T.);
#772=FACE_OUTER_BOUND('',#1111,.T.);
#773=FACE_OUTER_BOUND('',#1112,.T.);
#774=FACE_OUTER_BOUND('',#1113,.T.);
#775=FACE_OUTER_BOUND('',#1114,.T.);
#776=FACE_OUTER_BOUND('',#1115,.T.);
#777=FACE_OUTER_BOUND('',#1116,.T.);
#778=FACE_OUTER_BOUND('',#1117,.T.);
#779=FACE_OUTER_BOUND('',#1118,.T.);
#780=FACE_OUTER_BOUND('',#1119,.T.);
#781=FACE_OUTER_BOUND('',#1120,.T.);
#782=FACE_OUTER_BOUND('',#1121,.T.);
#783=FACE_OUTER_BOUND('',#1122,.T.);
#784=FACE_OUTER_BOUND('',#1123,.T.);
#785=FACE_OUTER_BOUND('',#1124,.T.);
#786=FACE_OUTER_BOUND('',#1125,.T.);
#787=FACE_OUTER_BOUND('',#1126,.T.);
#788=FACE_OUTER_BOUND('',#1127,.T.);
#789=FACE_OUTER_BOUND('',#1128,.T.);
#790=FACE_OUTER_BOUND('',#1129,.T.);
#791=FACE_OUTER_BOUND('',#1130,.T.);
#792=FACE_OUTER_BOUND('',#1131,.T.);
#793=FACE_OUTER_BOUND('',#1132,.T.);
#794=FACE_OUTER_BOUND('',#1133,.T.);
#795=FACE_OUTER_BOUND('',#1134,.T.);
#796=FACE_OUTER_BOUND('',#1135,.T.);
#797=FACE_OUTER_BOUND('',#1136,.T.);
#798=FACE_OUTER_BOUND('',#1137,.T.);
#799=FACE_OUTER_BOUND('',#1138,.T.);
#800=FACE_OUTER_BOUND('',#1139,.T.);
#801=FACE_OUTER_BOUND('',#1140,.T.);
#802=FACE_OUTER_BOUND('',#1141,.T.);
#803=FACE_OUTER_BOUND('',#1142,.T.);
#804=FACE_OUTER_BOUND('',#1143,.T.);
#805=FACE_OUTER_BOUND('',#1144,.T.);
#806=FACE_OUTER_BOUND('',#1146,.T.);
#807=FACE_OUTER_BOUND('',#1147,.T.);
#808=FACE_OUTER_BOUND('',#1148,.T.);
#809=FACE_OUTER_BOUND('',#1149,.T.);
#810=FACE_OUTER_BOUND('',#1151,.T.);
#811=FACE_OUTER_BOUND('',#1152,.T.);
#812=FACE_OUTER_BOUND('',#1153,.T.);
#813=FACE_OUTER_BOUND('',#1154,.T.);
#814=FACE_OUTER_BOUND('',#1156,.T.);
#815=FACE_OUTER_BOUND('',#1157,.T.);
#816=FACE_OUTER_BOUND('',#1158,.T.);
#817=FACE_OUTER_BOUND('',#1160,.T.);
#818=FACE_OUTER_BOUND('',#1161,.T.);
#819=FACE_OUTER_BOUND('',#1162,.T.);
#820=FACE_OUTER_BOUND('',#1163,.T.);
#821=FACE_OUTER_BOUND('',#1164,.T.);
#822=FACE_OUTER_BOUND('',#1165,.T.);
#823=FACE_OUTER_BOUND('',#1166,.T.);
#824=FACE_OUTER_BOUND('',#1167,.T.);
#825=FACE_OUTER_BOUND('',#1168,.T.);
#826=FACE_OUTER_BOUND('',#1169,.T.);
#827=FACE_OUTER_BOUND('',#1170,.T.);
#828=FACE_OUTER_BOUND('',#1171,.T.);
#829=FACE_OUTER_BOUND('',#1172,.T.);
#830=FACE_OUTER_BOUND('',#1173,.T.);
#831=FACE_OUTER_BOUND('',#1174,.T.);
#832=FACE_OUTER_BOUND('',#1175,.T.);
#833=FACE_OUTER_BOUND('',#1176,.T.);
#834=FACE_OUTER_BOUND('',#1177,.T.);
#835=FACE_OUTER_BOUND('',#1178,.T.);
#836=FACE_OUTER_BOUND('',#1179,.T.);
#837=FACE_OUTER_BOUND('',#1180,.T.);
#838=FACE_OUTER_BOUND('',#1181,.T.);
#839=FACE_OUTER_BOUND('',#1182,.T.);
#840=FACE_OUTER_BOUND('',#1183,.T.);
#841=FACE_OUTER_BOUND('',#1184,.T.);
#842=FACE_OUTER_BOUND('',#1185,.T.);
#843=FACE_OUTER_BOUND('',#1186,.T.);
#844=FACE_OUTER_BOUND('',#1187,.T.);
#845=FACE_OUTER_BOUND('',#1188,.T.);
#846=FACE_OUTER_BOUND('',#1189,.T.);
#847=FACE_OUTER_BOUND('',#1190,.T.);
#848=FACE_OUTER_BOUND('',#1191,.T.);
#849=FACE_OUTER_BOUND('',#1193,.T.);
#850=FACE_OUTER_BOUND('',#1194,.T.);
#851=FACE_OUTER_BOUND('',#1195,.T.);
#852=FACE_OUTER_BOUND('',#1196,.T.);
#853=FACE_OUTER_BOUND('',#1197,.T.);
#854=FACE_OUTER_BOUND('',#1198,.T.);
#855=FACE_OUTER_BOUND('',#1200,.T.);
#856=FACE_OUTER_BOUND('',#1201,.T.);
#857=FACE_OUTER_BOUND('',#1202,.T.);
#858=FACE_OUTER_BOUND('',#1203,.T.);
#859=FACE_OUTER_BOUND('',#1204,.T.);
#860=FACE_OUTER_BOUND('',#1205,.T.);
#861=FACE_OUTER_BOUND('',#1211,.T.);
#862=FACE_OUTER_BOUND('',#1212,.T.);
#863=FACE_OUTER_BOUND('',#1213,.T.);
#864=FACE_OUTER_BOUND('',#1214,.T.);
#865=FACE_OUTER_BOUND('',#1215,.T.);
#866=FACE_OUTER_BOUND('',#1216,.T.);
#867=FACE_OUTER_BOUND('',#1217,.T.);
#868=FACE_OUTER_BOUND('',#1218,.T.);
#869=FACE_OUTER_BOUND('',#1219,.T.);
#870=FACE_OUTER_BOUND('',#1220,.T.);
#871=FACE_OUTER_BOUND('',#1221,.T.);
#872=FACE_OUTER_BOUND('',#1222,.T.);
#873=FACE_OUTER_BOUND('',#1223,.T.);
#874=FACE_OUTER_BOUND('',#1224,.T.);
#875=FACE_OUTER_BOUND('',#1225,.T.);
#876=FACE_OUTER_BOUND('',#1226,.T.);
#877=FACE_OUTER_BOUND('',#1227,.T.);
#878=FACE_OUTER_BOUND('',#1228,.T.);
#879=FACE_OUTER_BOUND('',#1229,.T.);
#880=FACE_OUTER_BOUND('',#1231,.T.);
#881=FACE_OUTER_BOUND('',#1232,.T.);
#882=FACE_OUTER_BOUND('',#1233,.T.);
#883=FACE_OUTER_BOUND('',#1235,.T.);
#884=FACE_OUTER_BOUND('',#1236,.T.);
#885=FACE_OUTER_BOUND('',#1237,.T.);
#886=FACE_OUTER_BOUND('',#1238,.T.);
#887=FACE_OUTER_BOUND('',#1239,.T.);
#888=FACE_OUTER_BOUND('',#1241,.T.);
#889=FACE_OUTER_BOUND('',#1242,.T.);
#890=FACE_OUTER_BOUND('',#1243,.T.);
#891=FACE_OUTER_BOUND('',#1244,.T.);
#892=FACE_OUTER_BOUND('',#1246,.T.);
#893=FACE_OUTER_BOUND('',#1247,.T.);
#894=FACE_OUTER_BOUND('',#1248,.T.);
#895=FACE_OUTER_BOUND('',#1249,.T.);
#896=FACE_OUTER_BOUND('',#1250,.T.);
#897=FACE_OUTER_BOUND('',#1251,.T.);
#898=FACE_OUTER_BOUND('',#1253,.T.);
#899=FACE_OUTER_BOUND('',#1254,.T.);
#900=FACE_OUTER_BOUND('',#1258,.T.);
#901=FACE_OUTER_BOUND('',#1259,.T.);
#902=FACE_OUTER_BOUND('',#1260,.T.);
#903=FACE_OUTER_BOUND('',#1261,.T.);
#904=FACE_OUTER_BOUND('',#1262,.T.);
#905=FACE_OUTER_BOUND('',#1263,.T.);
#906=FACE_OUTER_BOUND('',#1264,.T.);
#907=FACE_OUTER_BOUND('',#1265,.T.);
#908=FACE_OUTER_BOUND('',#1266,.T.);
#909=FACE_OUTER_BOUND('',#1267,.T.);
#910=FACE_OUTER_BOUND('',#1268,.T.);
#911=FACE_OUTER_BOUND('',#1269,.T.);
#912=FACE_OUTER_BOUND('',#1270,.T.);
#913=FACE_OUTER_BOUND('',#1271,.T.);
#914=FACE_OUTER_BOUND('',#1275,.T.);
#915=FACE_OUTER_BOUND('',#1276,.T.);
#916=FACE_OUTER_BOUND('',#1277,.T.);
#917=FACE_OUTER_BOUND('',#1278,.T.);
#918=FACE_OUTER_BOUND('',#1279,.T.);
#919=FACE_OUTER_BOUND('',#1280,.T.);
#920=FACE_OUTER_BOUND('',#1281,.T.);
#921=FACE_OUTER_BOUND('',#1282,.T.);
#922=FACE_OUTER_BOUND('',#1283,.T.);
#923=FACE_OUTER_BOUND('',#1284,.T.);
#924=FACE_OUTER_BOUND('',#1285,.T.);
#925=FACE_OUTER_BOUND('',#1286,.T.);
#926=FACE_OUTER_BOUND('',#1287,.T.);
#927=FACE_OUTER_BOUND('',#1288,.T.);
#928=FACE_OUTER_BOUND('',#1289,.T.);
#929=FACE_OUTER_BOUND('',#1290,.T.);
#930=FACE_OUTER_BOUND('',#1291,.T.);
#931=FACE_OUTER_BOUND('',#1292,.T.);
#932=FACE_OUTER_BOUND('',#1293,.T.);
#933=FACE_OUTER_BOUND('',#1295,.T.);
#934=FACE_OUTER_BOUND('',#1297,.T.);
#935=FACE_OUTER_BOUND('',#1298,.T.);
#936=FACE_OUTER_BOUND('',#1299,.T.);
#937=FACE_OUTER_BOUND('',#1300,.T.);
#938=FACE_OUTER_BOUND('',#1301,.T.);
#939=FACE_OUTER_BOUND('',#1302,.T.);
#940=FACE_OUTER_BOUND('',#1303,.T.);
#941=FACE_OUTER_BOUND('',#1304,.T.);
#942=FACE_OUTER_BOUND('',#1305,.T.);
#943=FACE_OUTER_BOUND('',#1306,.T.);
#944=FACE_OUTER_BOUND('',#1307,.T.);
#945=FACE_OUTER_BOUND('',#1308,.T.);
#946=FACE_OUTER_BOUND('',#1309,.T.);
#947=FACE_OUTER_BOUND('',#1310,.T.);
#948=FACE_OUTER_BOUND('',#1311,.T.);
#949=FACE_OUTER_BOUND('',#1312,.T.);
#950=FACE_OUTER_BOUND('',#1313,.T.);
#951=FACE_OUTER_BOUND('',#1314,.T.);
#952=FACE_OUTER_BOUND('',#1315,.T.);
#953=FACE_OUTER_BOUND('',#1317,.T.);
#954=EDGE_LOOP('',(#3646,#3647,#3648,#3649,#3650));
#955=EDGE_LOOP('',(#3651,#3652,#3653,#3654));
#956=EDGE_LOOP('',(#3655,#3656,#3657,#3658));
#957=EDGE_LOOP('',(#3659,#3660,#3661,#3662));
#958=EDGE_LOOP('',(#3663,#3664,#3665,#3666,#3667));
#959=EDGE_LOOP('',(#3668,#3669,#3670));
#960=EDGE_LOOP('',(#3671,#3672,#3673,#3674,#3675,#3676));
#961=EDGE_LOOP('',(#3677,#3678,#3679));
#962=EDGE_LOOP('',(#3680,#3681,#3682,#3683,#3684));
#963=EDGE_LOOP('',(#3685,#3686,#3687,#3688));
#964=EDGE_LOOP('',(#3689,#3690,#3691,#3692));
#965=EDGE_LOOP('',(#3693,#3694,#3695,#3696));
#966=EDGE_LOOP('',(#3697,#3698,#3699,#3700,#3701));
#967=EDGE_LOOP('',(#3702,#3703,#3704));
#968=EDGE_LOOP('',(#3705,#3706,#3707,#3708,#3709,#3710));
#969=EDGE_LOOP('',(#3711,#3712,#3713));
#970=EDGE_LOOP('',(#3714,#3715,#3716,#3717,#3718));
#971=EDGE_LOOP('',(#3719,#3720,#3721,#3722));
#972=EDGE_LOOP('',(#3723,#3724,#3725,#3726,#3727));
#973=EDGE_LOOP('',(#3728,#3729,#3730));
#974=EDGE_LOOP('',(#3731,#3732,#3733,#3734,#3735,#3736));
#975=EDGE_LOOP('',(#3737,#3738,#3739));
#976=EDGE_LOOP('',(#3740,#3741,#3742,#3743,#3744));
#977=EDGE_LOOP('',(#3745,#3746,#3747,#3748));
#978=EDGE_LOOP('',(#3749,#3750,#3751,#3752));
#979=EDGE_LOOP('',(#3753,#3754,#3755,#3756));
#980=EDGE_LOOP('',(#3757,#3758,#3759,#3760,#3761));
#981=EDGE_LOOP('',(#3762,#3763,#3764));
#982=EDGE_LOOP('',(#3765,#3766,#3767,#3768,#3769,#3770));
#983=EDGE_LOOP('',(#3771,#3772,#3773));
#984=EDGE_LOOP('',(#3774,#3775,#3776,#3777,#3778,#3779,#3780,#3781,#3782,
#3783,#3784,#3785,#3786,#3787,#3788,#3789,#3790,#3791,#3792,#3793,#3794,
#3795));
#985=EDGE_LOOP('',(#3796,#3797,#3798,#3799,#3800,#3801,#3802,#3803,#3804,
#3805,#3806,#3807,#3808,#3809,#3810,#3811,#3812,#3813,#3814,#3815,#3816,
#3817,#3818,#3819,#3820,#3821,#3822,#3823,#3824,#3825));
#986=EDGE_LOOP('',(#3826,#3827,#3828,#3829));
#987=EDGE_LOOP('',(#3830,#3831,#3832,#3833));
#988=EDGE_LOOP('',(#3834,#3835,#3836,#3837));
#989=EDGE_LOOP('',(#3838,#3839,#3840,#3841));
#990=EDGE_LOOP('',(#3842,#3843,#3844,#3845));
#991=EDGE_LOOP('',(#3846,#3847,#3848,#3849));
#992=EDGE_LOOP('',(#3850,#3851,#3852,#3853));
#993=EDGE_LOOP('',(#3854,#3855,#3856,#3857));
#994=EDGE_LOOP('',(#3858,#3859,#3860,#3861));
#995=EDGE_LOOP('',(#3862,#3863,#3864,#3865));
#996=EDGE_LOOP('',(#3866,#3867,#3868,#3869));
#997=EDGE_LOOP('',(#3870,#3871,#3872,#3873));
#998=EDGE_LOOP('',(#3874,#3875,#3876,#3877));
#999=EDGE_LOOP('',(#3878,#3879,#3880,#3881));
#1000=EDGE_LOOP('',(#3882,#3883,#3884,#3885));
#1001=EDGE_LOOP('',(#3886,#3887,#3888,#3889));
#1002=EDGE_LOOP('',(#3890,#3891,#3892,#3893));
#1003=EDGE_LOOP('',(#3894,#3895,#3896,#3897));
#1004=EDGE_LOOP('',(#3898,#3899,#3900,#3901));
#1005=EDGE_LOOP('',(#3902,#3903,#3904,#3905));
#1006=EDGE_LOOP('',(#3906,#3907,#3908,#3909));
#1007=EDGE_LOOP('',(#3910,#3911,#3912,#3913));
#1008=EDGE_LOOP('',(#3914,#3915,#3916,#3917));
#1009=EDGE_LOOP('',(#3918,#3919,#3920,#3921));
#1010=EDGE_LOOP('',(#3922,#3923,#3924,#3925));
#1011=EDGE_LOOP('',(#3926,#3927,#3928,#3929));
#1012=EDGE_LOOP('',(#3930,#3931,#3932,#3933));
#1013=EDGE_LOOP('',(#3934,#3935,#3936,#3937));
#1014=EDGE_LOOP('',(#3938,#3939,#3940,#3941));
#1015=EDGE_LOOP('',(#3942,#3943,#3944,#3945));
#1016=EDGE_LOOP('',(#3946,#3947,#3948,#3949));
#1017=EDGE_LOOP('',(#3950,#3951,#3952,#3953));
#1018=EDGE_LOOP('',(#3954,#3955,#3956,#3957));
#1019=EDGE_LOOP('',(#3958,#3959,#3960,#3961));
#1020=EDGE_LOOP('',(#3962,#3963,#3964,#3965));
#1021=EDGE_LOOP('',(#3966,#3967,#3968,#3969));
#1022=EDGE_LOOP('',(#3970,#3971,#3972,#3973));
#1023=EDGE_LOOP('',(#3974,#3975,#3976,#3977));
#1024=EDGE_LOOP('',(#3978,#3979,#3980,#3981));
#1025=EDGE_LOOP('',(#3982,#3983,#3984,#3985));
#1026=EDGE_LOOP('',(#3986,#3987,#3988,#3989));
#1027=EDGE_LOOP('',(#3990,#3991,#3992,#3993));
#1028=EDGE_LOOP('',(#3994,#3995,#3996,#3997));
#1029=EDGE_LOOP('',(#3998,#3999,#4000,#4001));
#1030=EDGE_LOOP('',(#4002,#4003,#4004,#4005));
#1031=EDGE_LOOP('',(#4006,#4007,#4008,#4009));
#1032=EDGE_LOOP('',(#4010,#4011,#4012,#4013));
#1033=EDGE_LOOP('',(#4014,#4015,#4016,#4017));
#1034=EDGE_LOOP('',(#4018,#4019,#4020,#4021));
#1035=EDGE_LOOP('',(#4022,#4023,#4024,#4025));
#1036=EDGE_LOOP('',(#4026,#4027,#4028,#4029));
#1037=EDGE_LOOP('',(#4030,#4031,#4032,#4033));
#1038=EDGE_LOOP('',(#4034,#4035,#4036,#4037));
#1039=EDGE_LOOP('',(#4038,#4039,#4040,#4041));
#1040=EDGE_LOOP('',(#4042,#4043,#4044,#4045));
#1041=EDGE_LOOP('',(#4046,#4047,#4048,#4049));
#1042=EDGE_LOOP('',(#4050,#4051,#4052,#4053));
#1043=EDGE_LOOP('',(#4054,#4055,#4056,#4057,#4058,#4059,#4060,#4061));
#1044=EDGE_LOOP('',(#4062,#4063,#4064,#4065,#4066,#4067,#4068,#4069,#4070,
#4071,#4072));
#1045=EDGE_LOOP('',(#4073,#4074,#4075,#4076,#4077,#4078,#4079,#4080,#4081,
#4082,#4083,#4084,#4085,#4086,#4087,#4088,#4089,#4090,#4091,#4092,#4093,
#4094,#4095,#4096,#4097));
#1046=EDGE_LOOP('',(#4098));
#1047=EDGE_LOOP('',(#4099,#4100,#4101,#4102,#4103,#4104,#4105,#4106));
#1048=EDGE_LOOP('',(#4107,#4108,#4109,#4110));
#1049=EDGE_LOOP('',(#4111,#4112,#4113,#4114));
#1050=EDGE_LOOP('',(#4115,#4116,#4117,#4118,#4119,#4120,#4121,#4122));
#1051=EDGE_LOOP('',(#4123,#4124,#4125,#4126));
#1052=EDGE_LOOP('',(#4127,#4128,#4129,#4130));
#1053=EDGE_LOOP('',(#4131,#4132,#4133));
#1054=EDGE_LOOP('',(#4134,#4135,#4136,#4137));
#1055=EDGE_LOOP('',(#4138,#4139,#4140));
#1056=EDGE_LOOP('',(#4141,#4142,#4143,#4144));
#1057=EDGE_LOOP('',(#4145,#4146,#4147,#4148));
#1058=EDGE_LOOP('',(#4149,#4150,#4151,#4152));
#1059=EDGE_LOOP('',(#4153,#4154,#4155,#4156));
#1060=EDGE_LOOP('',(#4157,#4158,#4159,#4160));
#1061=EDGE_LOOP('',(#4161,#4162,#4163,#4164));
#1062=EDGE_LOOP('',(#4165,#4166,#4167));
#1063=EDGE_LOOP('',(#4168,#4169,#4170,#4171));
#1064=EDGE_LOOP('',(#4172,#4173,#4174));
#1065=EDGE_LOOP('',(#4175,#4176,#4177,#4178));
#1066=EDGE_LOOP('',(#4179,#4180,#4181,#4182));
#1067=EDGE_LOOP('',(#4183,#4184,#4185,#4186));
#1068=EDGE_LOOP('',(#4187,#4188,#4189,#4190));
#1069=EDGE_LOOP('',(#4191,#4192,#4193,#4194));
#1070=EDGE_LOOP('',(#4195,#4196,#4197,#4198));
#1071=EDGE_LOOP('',(#4199,#4200,#4201,#4202));
#1072=EDGE_LOOP('',(#4203,#4204,#4205,#4206));
#1073=EDGE_LOOP('',(#4207,#4208,#4209,#4210));
#1074=EDGE_LOOP('',(#4211,#4212,#4213,#4214));
#1075=EDGE_LOOP('',(#4215,#4216,#4217,#4218));
#1076=EDGE_LOOP('',(#4219,#4220,#4221,#4222));
#1077=EDGE_LOOP('',(#4223,#4224,#4225,#4226));
#1078=EDGE_LOOP('',(#4227,#4228,#4229,#4230));
#1079=EDGE_LOOP('',(#4231,#4232,#4233,#4234));
#1080=EDGE_LOOP('',(#4235,#4236,#4237,#4238));
#1081=EDGE_LOOP('',(#4239,#4240,#4241,#4242));
#1082=EDGE_LOOP('',(#4243,#4244,#4245,#4246));
#1083=EDGE_LOOP('',(#4247,#4248,#4249,#4250));
#1084=EDGE_LOOP('',(#4251,#4252,#4253,#4254));
#1085=EDGE_LOOP('',(#4255,#4256,#4257,#4258));
#1086=EDGE_LOOP('',(#4259,#4260,#4261,#4262));
#1087=EDGE_LOOP('',(#4263,#4264,#4265,#4266,#4267,#4268,#4269,#4270));
#1088=EDGE_LOOP('',(#4271,#4272,#4273,#4274,#4275,#4276,#4277));
#1089=EDGE_LOOP('',(#4278,#4279,#4280,#4281,#4282,#4283));
#1090=EDGE_LOOP('',(#4284,#4285,#4286,#4287));
#1091=EDGE_LOOP('',(#4288,#4289,#4290,#4291,#4292));
#1092=EDGE_LOOP('',(#4293,#4294,#4295,#4296));
#1093=EDGE_LOOP('',(#4297,#4298,#4299,#4300));
#1094=EDGE_LOOP('',(#4301,#4302,#4303,#4304));
#1095=EDGE_LOOP('',(#4305,#4306,#4307,#4308,#4309));
#1096=EDGE_LOOP('',(#4310,#4311,#4312,#4313));
#1097=EDGE_LOOP('',(#4314,#4315,#4316,#4317,#4318,#4319));
#1098=EDGE_LOOP('',(#4320,#4321,#4322,#4323,#4324,#4325,#4326,#4327,#4328,
#4329));
#1099=EDGE_LOOP('',(#4330));
#1100=EDGE_LOOP('',(#4331));
#1101=EDGE_LOOP('',(#4332));
#1102=EDGE_LOOP('',(#4333,#4334,#4335,#4336));
#1103=EDGE_LOOP('',(#4337,#4338,#4339,#4340));
#1104=EDGE_LOOP('',(#4341,#4342,#4343,#4344));
#1105=EDGE_LOOP('',(#4345,#4346,#4347));
#1106=EDGE_LOOP('',(#4348,#4349,#4350,#4351,#4352,#4353,#4354,#4355));
#1107=EDGE_LOOP('',(#4356,#4357,#4358));
#1108=EDGE_LOOP('',(#4359,#4360,#4361,#4362));
#1109=EDGE_LOOP('',(#4363,#4364,#4365,#4366));
#1110=EDGE_LOOP('',(#4367,#4368,#4369,#4370));
#1111=EDGE_LOOP('',(#4371,#4372,#4373,#4374));
#1112=EDGE_LOOP('',(#4375,#4376,#4377,#4378));
#1113=EDGE_LOOP('',(#4379,#4380,#4381,#4382));
#1114=EDGE_LOOP('',(#4383,#4384,#4385,#4386));
#1115=EDGE_LOOP('',(#4387,#4388,#4389,#4390));
#1116=EDGE_LOOP('',(#4391,#4392,#4393,#4394));
#1117=EDGE_LOOP('',(#4395,#4396,#4397,#4398));
#1118=EDGE_LOOP('',(#4399,#4400,#4401,#4402));
#1119=EDGE_LOOP('',(#4403,#4404,#4405,#4406));
#1120=EDGE_LOOP('',(#4407,#4408,#4409,#4410));
#1121=EDGE_LOOP('',(#4411,#4412,#4413,#4414));
#1122=EDGE_LOOP('',(#4415,#4416,#4417,#4418));
#1123=EDGE_LOOP('',(#4419,#4420,#4421,#4422));
#1124=EDGE_LOOP('',(#4423,#4424,#4425,#4426));
#1125=EDGE_LOOP('',(#4427,#4428,#4429,#4430));
#1126=EDGE_LOOP('',(#4431,#4432,#4433,#4434));
#1127=EDGE_LOOP('',(#4435,#4436,#4437,#4438));
#1128=EDGE_LOOP('',(#4439,#4440,#4441,#4442));
#1129=EDGE_LOOP('',(#4443,#4444,#4445,#4446));
#1130=EDGE_LOOP('',(#4447,#4448,#4449,#4450));
#1131=EDGE_LOOP('',(#4451,#4452,#4453,#4454));
#1132=EDGE_LOOP('',(#4455,#4456,#4457,#4458));
#1133=EDGE_LOOP('',(#4459,#4460,#4461,#4462));
#1134=EDGE_LOOP('',(#4463,#4464,#4465,#4466));
#1135=EDGE_LOOP('',(#4467,#4468,#4469,#4470));
#1136=EDGE_LOOP('',(#4471,#4472,#4473,#4474));
#1137=EDGE_LOOP('',(#4475,#4476,#4477,#4478));
#1138=EDGE_LOOP('',(#4479,#4480,#4481,#4482,#4483,#4484));
#1139=EDGE_LOOP('',(#4485,#4486,#4487,#4488));
#1140=EDGE_LOOP('',(#4489,#4490,#4491,#4492));
#1141=EDGE_LOOP('',(#4493,#4494,#4495,#4496));
#1142=EDGE_LOOP('',(#4497,#4498,#4499,#4500));
#1143=EDGE_LOOP('',(#4501,#4502,#4503,#4504));
#1144=EDGE_LOOP('',(#4505,#4506,#4507,#4508));
#1145=EDGE_LOOP('',(#4509,#4510,#4511,#4512,#4513,#4514,#4515,#4516));
#1146=EDGE_LOOP('',(#4517,#4518,#4519,#4520));
#1147=EDGE_LOOP('',(#4521,#4522,#4523,#4524));
#1148=EDGE_LOOP('',(#4525,#4526,#4527,#4528));
#1149=EDGE_LOOP('',(#4529,#4530,#4531,#4532));
#1150=EDGE_LOOP('',(#4533,#4534,#4535,#4536,#4537,#4538,#4539,#4540));
#1151=EDGE_LOOP('',(#4541,#4542,#4543,#4544));
#1152=EDGE_LOOP('',(#4545,#4546,#4547,#4548));
#1153=EDGE_LOOP('',(#4549,#4550,#4551,#4552));
#1154=EDGE_LOOP('',(#4553,#4554,#4555,#4556));
#1155=EDGE_LOOP('',(#4557,#4558,#4559,#4560,#4561,#4562,#4563,#4564));
#1156=EDGE_LOOP('',(#4565,#4566,#4567,#4568));
#1157=EDGE_LOOP('',(#4569,#4570,#4571,#4572));
#1158=EDGE_LOOP('',(#4573,#4574,#4575,#4576,#4577,#4578,#4579,#4580,#4581,
#4582,#4583,#4584,#4585,#4586,#4587,#4588,#4589,#4590,#4591,#4592,#4593,
#4594,#4595,#4596,#4597,#4598,#4599,#4600,#4601,#4602));
#1159=EDGE_LOOP('',(#4603,#4604,#4605,#4606,#4607,#4608,#4609,#4610,#4611,
#4612,#4613,#4614,#4615,#4616,#4617,#4618,#4619,#4620,#4621,#4622,#4623));
#1160=EDGE_LOOP('',(#4624,#4625,#4626,#4627));
#1161=EDGE_LOOP('',(#4628,#4629,#4630,#4631,#4632));
#1162=EDGE_LOOP('',(#4633,#4634,#4635,#4636));
#1163=EDGE_LOOP('',(#4637,#4638,#4639,#4640));
#1164=EDGE_LOOP('',(#4641,#4642,#4643,#4644));
#1165=EDGE_LOOP('',(#4645,#4646,#4647,#4648));
#1166=EDGE_LOOP('',(#4649,#4650,#4651,#4652));
#1167=EDGE_LOOP('',(#4653,#4654,#4655,#4656));
#1168=EDGE_LOOP('',(#4657,#4658,#4659,#4660));
#1169=EDGE_LOOP('',(#4661,#4662,#4663,#4664));
#1170=EDGE_LOOP('',(#4665,#4666,#4667,#4668));
#1171=EDGE_LOOP('',(#4669,#4670,#4671,#4672));
#1172=EDGE_LOOP('',(#4673,#4674,#4675,#4676));
#1173=EDGE_LOOP('',(#4677,#4678,#4679,#4680));
#1174=EDGE_LOOP('',(#4681,#4682,#4683,#4684));
#1175=EDGE_LOOP('',(#4685,#4686,#4687,#4688));
#1176=EDGE_LOOP('',(#4689,#4690,#4691,#4692));
#1177=EDGE_LOOP('',(#4693,#4694,#4695,#4696));
#1178=EDGE_LOOP('',(#4697,#4698,#4699,#4700));
#1179=EDGE_LOOP('',(#4701,#4702,#4703,#4704));
#1180=EDGE_LOOP('',(#4705,#4706,#4707,#4708));
#1181=EDGE_LOOP('',(#4709,#4710,#4711,#4712));
#1182=EDGE_LOOP('',(#4713,#4714,#4715,#4716));
#1183=EDGE_LOOP('',(#4717,#4718,#4719,#4720));
#1184=EDGE_LOOP('',(#4721,#4722,#4723,#4724));
#1185=EDGE_LOOP('',(#4725,#4726,#4727,#4728));
#1186=EDGE_LOOP('',(#4729,#4730,#4731,#4732));
#1187=EDGE_LOOP('',(#4733,#4734,#4735,#4736));
#1188=EDGE_LOOP('',(#4737,#4738,#4739,#4740));
#1189=EDGE_LOOP('',(#4741,#4742,#4743,#4744));
#1190=EDGE_LOOP('',(#4745,#4746,#4747,#4748));
#1191=EDGE_LOOP('',(#4749,#4750,#4751,#4752));
#1192=EDGE_LOOP('',(#4753,#4754,#4755,#4756,#4757,#4758,#4759,#4760));
#1193=EDGE_LOOP('',(#4761,#4762,#4763,#4764));
#1194=EDGE_LOOP('',(#4765,#4766,#4767,#4768));
#1195=EDGE_LOOP('',(#4769,#4770,#4771,#4772));
#1196=EDGE_LOOP('',(#4773,#4774,#4775,#4776));
#1197=EDGE_LOOP('',(#4777,#4778,#4779,#4780));
#1198=EDGE_LOOP('',(#4781,#4782,#4783,#4784));
#1199=EDGE_LOOP('',(#4785,#4786,#4787,#4788,#4789,#4790,#4791,#4792));
#1200=EDGE_LOOP('',(#4793,#4794,#4795,#4796));
#1201=EDGE_LOOP('',(#4797,#4798,#4799,#4800));
#1202=EDGE_LOOP('',(#4801,#4802,#4803,#4804));
#1203=EDGE_LOOP('',(#4805,#4806,#4807,#4808));
#1204=EDGE_LOOP('',(#4809,#4810,#4811,#4812));
#1205=EDGE_LOOP('',(#4813,#4814,#4815,#4816,#4817,#4818,#4819,#4820,#4821,
#4822,#4823,#4824,#4825,#4826,#4827,#4828,#4829,#4830,#4831,#4832,#4833));
#1206=EDGE_LOOP('',(#4834));
#1207=EDGE_LOOP('',(#4835));
#1208=EDGE_LOOP('',(#4836));
#1209=EDGE_LOOP('',(#4837));
#1210=EDGE_LOOP('',(#4838));
#1211=EDGE_LOOP('',(#4839,#4840,#4841,#4842));
#1212=EDGE_LOOP('',(#4843,#4844,#4845,#4846));
#1213=EDGE_LOOP('',(#4847,#4848,#4849,#4850));
#1214=EDGE_LOOP('',(#4851,#4852,#4853,#4854,#4855));
#1215=EDGE_LOOP('',(#4856,#4857,#4858,#4859));
#1216=EDGE_LOOP('',(#4860,#4861,#4862,#4863));
#1217=EDGE_LOOP('',(#4864,#4865,#4866,#4867));
#1218=EDGE_LOOP('',(#4868,#4869,#4870,#4871));
#1219=EDGE_LOOP('',(#4872,#4873,#4874,#4875));
#1220=EDGE_LOOP('',(#4876,#4877,#4878,#4879));
#1221=EDGE_LOOP('',(#4880,#4881,#4882,#4883));
#1222=EDGE_LOOP('',(#4884,#4885,#4886,#4887));
#1223=EDGE_LOOP('',(#4888,#4889,#4890,#4891));
#1224=EDGE_LOOP('',(#4892,#4893,#4894,#4895));
#1225=EDGE_LOOP('',(#4896,#4897,#4898,#4899));
#1226=EDGE_LOOP('',(#4900,#4901,#4902,#4903));
#1227=EDGE_LOOP('',(#4904,#4905,#4906,#4907));
#1228=EDGE_LOOP('',(#4908,#4909,#4910,#4911));
#1229=EDGE_LOOP('',(#4912,#4913,#4914,#4915));
#1230=EDGE_LOOP('',(#4916,#4917,#4918,#4919,#4920,#4921,#4922,#4923));
#1231=EDGE_LOOP('',(#4924,#4925,#4926,#4927));
#1232=EDGE_LOOP('',(#4928,#4929,#4930,#4931));
#1233=EDGE_LOOP('',(#4932,#4933,#4934,#4935));
#1234=EDGE_LOOP('',(#4936,#4937,#4938,#4939,#4940,#4941,#4942,#4943));
#1235=EDGE_LOOP('',(#4944,#4945,#4946,#4947));
#1236=EDGE_LOOP('',(#4948,#4949,#4950,#4951));
#1237=EDGE_LOOP('',(#4952,#4953,#4954,#4955));
#1238=EDGE_LOOP('',(#4956,#4957,#4958,#4959));
#1239=EDGE_LOOP('',(#4960,#4961,#4962,#4963));
#1240=EDGE_LOOP('',(#4964,#4965,#4966,#4967,#4968,#4969,#4970,#4971));
#1241=EDGE_LOOP('',(#4972,#4973,#4974,#4975));
#1242=EDGE_LOOP('',(#4976,#4977,#4978,#4979));
#1243=EDGE_LOOP('',(#4980,#4981,#4982,#4983));
#1244=EDGE_LOOP('',(#4984,#4985,#4986,#4987));
#1245=EDGE_LOOP('',(#4988,#4989,#4990,#4991,#4992,#4993,#4994,#4995));
#1246=EDGE_LOOP('',(#4996,#4997,#4998,#4999));
#1247=EDGE_LOOP('',(#5000,#5001,#5002,#5003));
#1248=EDGE_LOOP('',(#5004,#5005,#5006,#5007));
#1249=EDGE_LOOP('',(#5008,#5009,#5010,#5011));
#1250=EDGE_LOOP('',(#5012,#5013,#5014,#5015));
#1251=EDGE_LOOP('',(#5016,#5017,#5018,#5019));
#1252=EDGE_LOOP('',(#5020,#5021,#5022,#5023,#5024,#5025,#5026,#5027));
#1253=EDGE_LOOP('',(#5028,#5029,#5030,#5031));
#1254=EDGE_LOOP('',(#5032,#5033,#5034,#5035,#5036,#5037,#5038,#5039,#5040,
#5041));
#1255=EDGE_LOOP('',(#5042));
#1256=EDGE_LOOP('',(#5043));
#1257=EDGE_LOOP('',(#5044));
#1258=EDGE_LOOP('',(#5045,#5046,#5047,#5048));
#1259=EDGE_LOOP('',(#5049,#5050,#5051,#5052));
#1260=EDGE_LOOP('',(#5053,#5054,#5055,#5056));
#1261=EDGE_LOOP('',(#5057,#5058,#5059,#5060));
#1262=EDGE_LOOP('',(#5061,#5062,#5063,#5064));
#1263=EDGE_LOOP('',(#5065,#5066,#5067,#5068));
#1264=EDGE_LOOP('',(#5069,#5070,#5071,#5072));
#1265=EDGE_LOOP('',(#5073,#5074,#5075,#5076));
#1266=EDGE_LOOP('',(#5077,#5078,#5079,#5080));
#1267=EDGE_LOOP('',(#5081,#5082,#5083,#5084));
#1268=EDGE_LOOP('',(#5085,#5086,#5087,#5088));
#1269=EDGE_LOOP('',(#5089,#5090,#5091,#5092));
#1270=EDGE_LOOP('',(#5093,#5094,#5095,#5096));
#1271=EDGE_LOOP('',(#5097,#5098,#5099,#5100,#5101,#5102,#5103,#5104,#5105,
#5106));
#1272=EDGE_LOOP('',(#5107));
#1273=EDGE_LOOP('',(#5108));
#1274=EDGE_LOOP('',(#5109));
#1275=EDGE_LOOP('',(#5110,#5111,#5112,#5113));
#1276=EDGE_LOOP('',(#5114,#5115,#5116,#5117));
#1277=EDGE_LOOP('',(#5118,#5119,#5120,#5121));
#1278=EDGE_LOOP('',(#5122,#5123,#5124,#5125));
#1279=EDGE_LOOP('',(#5126,#5127,#5128,#5129));
#1280=EDGE_LOOP('',(#5130,#5131,#5132,#5133));
#1281=EDGE_LOOP('',(#5134,#5135,#5136,#5137));
#1282=EDGE_LOOP('',(#5138,#5139,#5140,#5141));
#1283=EDGE_LOOP('',(#5142,#5143,#5144,#5145));
#1284=EDGE_LOOP('',(#5146,#5147,#5148,#5149));
#1285=EDGE_LOOP('',(#5150,#5151,#5152,#5153));
#1286=EDGE_LOOP('',(#5154,#5155,#5156,#5157));
#1287=EDGE_LOOP('',(#5158,#5159,#5160,#5161));
#1288=EDGE_LOOP('',(#5162,#5163,#5164,#5165));
#1289=EDGE_LOOP('',(#5166,#5167,#5168,#5169));
#1290=EDGE_LOOP('',(#5170,#5171,#5172,#5173));
#1291=EDGE_LOOP('',(#5174,#5175,#5176,#5177));
#1292=EDGE_LOOP('',(#5178,#5179,#5180,#5181));
#1293=EDGE_LOOP('',(#5182,#5183,#5184,#5185,#5186,#5187,#5188,#5189));
#1294=EDGE_LOOP('',(#5190,#5191,#5192,#5193,#5194,#5195,#5196,#5197,#5198,
#5199));
#1295=EDGE_LOOP('',(#5200,#5201,#5202,#5203,#5204,#5205,#5206,#5207));
#1296=EDGE_LOOP('',(#5208,#5209,#5210,#5211,#5212,#5213,#5214,#5215,#5216,
#5217));
#1297=EDGE_LOOP('',(#5218,#5219,#5220,#5221));
#1298=EDGE_LOOP('',(#5222,#5223,#5224,#5225));
#1299=EDGE_LOOP('',(#5226,#5227,#5228,#5229));
#1300=EDGE_LOOP('',(#5230,#5231,#5232,#5233));
#1301=EDGE_LOOP('',(#5234,#5235,#5236,#5237));
#1302=EDGE_LOOP('',(#5238,#5239,#5240,#5241));
#1303=EDGE_LOOP('',(#5242,#5243,#5244,#5245));
#1304=EDGE_LOOP('',(#5246,#5247,#5248,#5249));
#1305=EDGE_LOOP('',(#5250,#5251,#5252,#5253));
#1306=EDGE_LOOP('',(#5254,#5255,#5256,#5257));
#1307=EDGE_LOOP('',(#5258,#5259,#5260,#5261));
#1308=EDGE_LOOP('',(#5262,#5263,#5264,#5265));
#1309=EDGE_LOOP('',(#5266,#5267,#5268,#5269));
#1310=EDGE_LOOP('',(#5270,#5271,#5272,#5273));
#1311=EDGE_LOOP('',(#5274,#5275,#5276,#5277));
#1312=EDGE_LOOP('',(#5278,#5279,#5280,#5281));
#1313=EDGE_LOOP('',(#5282,#5283,#5284,#5285));
#1314=EDGE_LOOP('',(#5286,#5287,#5288,#5289));
#1315=EDGE_LOOP('',(#5290,#5291,#5292,#5293,#5294,#5295,#5296,#5297));
#1316=EDGE_LOOP('',(#5298,#5299,#5300,#5301,#5302,#5303,#5304,#5305,#5306,
#5307));
#1317=EDGE_LOOP('',(#5308,#5309,#5310,#5311,#5312,#5313,#5314,#5315));
#1318=EDGE_LOOP('',(#5316,#5317,#5318,#5319,#5320,#5321,#5322,#5323,#5324,
#5325));
#1319=LINE('',#8282,#1803);
#1320=LINE('',#8284,#1804);
#1321=LINE('',#8286,#1805);
#1322=LINE('',#8288,#1806);
#1323=LINE('',#8289,#1807);
#1324=LINE('',#8293,#1808);
#1325=LINE('',#8299,#1809);
#1326=LINE('',#8300,#1810);
#1327=LINE('',#8301,#1811);
#1328=LINE('',#8305,#1812);
#1329=LINE('',#8311,#1813);
#1330=LINE('',#8312,#1814);
#1331=LINE('',#8314,#1815);
#1332=LINE('',#8315,#1816);
#1333=LINE('',#8318,#1817);
#1334=LINE('',#8323,#1818);
#1335=LINE('',#8324,#1819);
#1336=LINE('',#8326,#1820);
#1337=LINE('',#8327,#1821);
#1338=LINE('',#8330,#1822);
#1339=LINE('',#8335,#1823);
#1340=LINE('',#8336,#1824);
#1341=LINE('',#8337,#1825);
#1342=LINE('',#8341,#1826);
#1343=LINE('',#8347,#1827);
#1344=LINE('',#8348,#1828);
#1345=LINE('',#8349,#1829);
#1346=LINE('',#8353,#1830);
#1347=LINE('',#8359,#1831);
#1348=LINE('',#8360,#1832);
#1349=LINE('',#8362,#1833);
#1350=LINE('',#8363,#1834);
#1351=LINE('',#8366,#1835);
#1352=LINE('',#8371,#1836);
#1353=LINE('',#8372,#1837);
#1354=LINE('',#8374,#1838);
#1355=LINE('',#8375,#1839);
#1356=LINE('',#8378,#1840);
#1357=LINE('',#8383,#1841);
#1358=LINE('',#8384,#1842);
#1359=LINE('',#8385,#1843);
#1360=LINE('',#8389,#1844);
#1361=LINE('',#8395,#1845);
#1362=LINE('',#8396,#1846);
#1363=LINE('',#8398,#1847);
#1364=LINE('',#8399,#1848);
#1365=LINE('',#8402,#1849);
#1366=LINE('',#8407,#1850);
#1367=LINE('',#8408,#1851);
#1368=LINE('',#8410,#1852);
#1369=LINE('',#8411,#1853);
#1370=LINE('',#8414,#1854);
#1371=LINE('',#8419,#1855);
#1372=LINE('',#8420,#1856);
#1373=LINE('',#8421,#1857);
#1374=LINE('',#8425,#1858);
#1375=LINE('',#8431,#1859);
#1376=LINE('',#8432,#1860);
#1377=LINE('',#8433,#1861);
#1378=LINE('',#8437,#1862);
#1379=LINE('',#8446,#1863);
#1380=LINE('',#8448,#1864);
#1381=LINE('',#8449,#1865);
#1382=LINE('',#8452,#1866);
#1383=LINE('',#8456,#1867);
#1384=LINE('',#8457,#1868);
#1385=LINE('',#8458,#1869);
#1386=LINE('',#8466,#1870);
#1387=LINE('',#8468,#1871);
#1388=LINE('',#8470,#1872);
#1389=LINE('',#8471,#1873);
#1390=LINE('',#8477,#1874);
#1391=LINE('',#8480,#1875);
#1392=LINE('',#8482,#1876);
#1393=LINE('',#8483,#1877);
#1394=LINE('',#8489,#1878);
#1395=LINE('',#8492,#1879);
#1396=LINE('',#8494,#1880);
#1397=LINE('',#8495,#1881);
#1398=LINE('',#8501,#1882);
#1399=LINE('',#8504,#1883);
#1400=LINE('',#8506,#1884);
#1401=LINE('',#8507,#1885);
#1402=LINE('',#8514,#1886);
#1403=LINE('',#8516,#1887);
#1404=LINE('',#8518,#1888);
#1405=LINE('',#8519,#1889);
#1406=LINE('',#8525,#1890);
#1407=LINE('',#8528,#1891);
#1408=LINE('',#8530,#1892);
#1409=LINE('',#8531,#1893);
#1410=LINE('',#8537,#1894);
#1411=LINE('',#8540,#1895);
#1412=LINE('',#8542,#1896);
#1413=LINE('',#8543,#1897);
#1414=LINE('',#8549,#1898);
#1415=LINE('',#8552,#1899);
#1416=LINE('',#8554,#1900);
#1417=LINE('',#8555,#1901);
#1418=LINE('',#8562,#1902);
#1419=LINE('',#8564,#1903);
#1420=LINE('',#8566,#1904);
#1421=LINE('',#8567,#1905);
#1422=LINE('',#8573,#1906);
#1423=LINE('',#8576,#1907);
#1424=LINE('',#8578,#1908);
#1425=LINE('',#8579,#1909);
#1426=LINE('',#8585,#1910);
#1427=LINE('',#8588,#1911);
#1428=LINE('',#8590,#1912);
#1429=LINE('',#8591,#1913);
#1430=LINE('',#8597,#1914);
#1431=LINE('',#8600,#1915);
#1432=LINE('',#8602,#1916);
#1433=LINE('',#8603,#1917);
#1434=LINE('',#8610,#1918);
#1435=LINE('',#8612,#1919);
#1436=LINE('',#8614,#1920);
#1437=LINE('',#8615,#1921);
#1438=LINE('',#8621,#1922);
#1439=LINE('',#8624,#1923);
#1440=LINE('',#8626,#1924);
#1441=LINE('',#8627,#1925);
#1442=LINE('',#8633,#1926);
#1443=LINE('',#8636,#1927);
#1444=LINE('',#8638,#1928);
#1445=LINE('',#8639,#1929);
#1446=LINE('',#8645,#1930);
#1447=LINE('',#8648,#1931);
#1448=LINE('',#8650,#1932);
#1449=LINE('',#8651,#1933);
#1450=LINE('',#8658,#1934);
#1451=LINE('',#8660,#1935);
#1452=LINE('',#8662,#1936);
#1453=LINE('',#8663,#1937);
#1454=LINE('',#8669,#1938);
#1455=LINE('',#8672,#1939);
#1456=LINE('',#8674,#1940);
#1457=LINE('',#8675,#1941);
#1458=LINE('',#8681,#1942);
#1459=LINE('',#8684,#1943);
#1460=LINE('',#8686,#1944);
#1461=LINE('',#8687,#1945);
#1462=LINE('',#8693,#1946);
#1463=LINE('',#8696,#1947);
#1464=LINE('',#8698,#1948);
#1465=LINE('',#8699,#1949);
#1466=LINE('',#8706,#1950);
#1467=LINE('',#8708,#1951);
#1468=LINE('',#8710,#1952);
#1469=LINE('',#8711,#1953);
#1470=LINE('',#8717,#1954);
#1471=LINE('',#8720,#1955);
#1472=LINE('',#8722,#1956);
#1473=LINE('',#8723,#1957);
#1474=LINE('',#8729,#1958);
#1475=LINE('',#8732,#1959);
#1476=LINE('',#8734,#1960);
#1477=LINE('',#8735,#1961);
#1478=LINE('',#8739,#1962);
#1479=LINE('',#8741,#1963);
#1480=LINE('',#8743,#1964);
#1481=LINE('',#8744,#1965);
#1482=LINE('',#8750,#1966);
#1483=LINE('',#8753,#1967);
#1484=LINE('',#8755,#1968);
#1485=LINE('',#8756,#1969);
#1486=LINE('',#8763,#1970);
#1487=LINE('',#8765,#1971);
#1488=LINE('',#8767,#1972);
#1489=LINE('',#8768,#1973);
#1490=LINE('',#8774,#1974);
#1491=LINE('',#8777,#1975);
#1492=LINE('',#8779,#1976);
#1493=LINE('',#8780,#1977);
#1494=LINE('',#8786,#1978);
#1495=LINE('',#8789,#1979);
#1496=LINE('',#8791,#1980);
#1497=LINE('',#8792,#1981);
#1498=LINE('',#8798,#1982);
#1499=LINE('',#8801,#1983);
#1500=LINE('',#8803,#1984);
#1501=LINE('',#8804,#1985);
#1502=LINE('',#8815,#1986);
#1503=LINE('',#8817,#1987);
#1504=LINE('',#8821,#1988);
#1505=LINE('',#8825,#1989);
#1506=LINE('',#8829,#1990);
#1507=LINE('',#8833,#1991);
#1508=LINE('',#8837,#1992);
#1509=LINE('',#8841,#1993);
#1510=LINE('',#8845,#1994);
#1511=LINE('',#8849,#1995);
#1512=LINE('',#8853,#1996);
#1513=LINE('',#8855,#1997);
#1514=LINE('',#8857,#1998);
#1515=LINE('',#8861,#1999);
#1516=LINE('',#8869,#2000);
#1517=LINE('',#8875,#2001);
#1518=LINE('',#8879,#2002);
#1519=LINE('',#8886,#2003);
#1520=LINE('',#8890,#2004);
#1521=LINE('',#8902,#2005);
#1522=LINE('',#8903,#2006);
#1523=LINE('',#8914,#2007);
#1524=LINE('',#8915,#2008);
#1525=LINE('',#8919,#2009);
#1526=LINE('',#8927,#2010);
#1527=LINE('',#8933,#2011);
#1528=LINE('',#9020,#2012);
#1529=LINE('',#9021,#2013);
#1530=LINE('',#9023,#2014);
#1531=LINE('',#9027,#2015);
#1532=LINE('',#9035,#2016);
#1533=LINE('',#9043,#2017);
#1534=LINE('',#9059,#2018);
#1535=LINE('',#9075,#2019);
#1536=LINE('',#9083,#2020);
#1537=LINE('',#9099,#2021);
#1538=LINE('',#9115,#2022);
#1539=LINE('',#9123,#2023);
#1540=LINE('',#9127,#2024);
#1541=LINE('',#9130,#2025);
#1542=LINE('',#9132,#2026);
#1543=LINE('',#9133,#2027);
#1544=LINE('',#9136,#2028);
#1545=LINE('',#9155,#2029);
#1546=LINE('',#9175,#2030);
#1547=LINE('',#9176,#2031);
#1548=LINE('',#9179,#2032);
#1549=LINE('',#9183,#2033);
#1550=LINE('',#9184,#2034);
#1551=LINE('',#9187,#2035);
#1552=LINE('',#9191,#2036);
#1553=LINE('',#9192,#2037);
#1554=LINE('',#9195,#2038);
#1555=LINE('',#9199,#2039);
#1556=LINE('',#9200,#2040);
#1557=LINE('',#9203,#2041);
#1558=LINE('',#9207,#2042);
#1559=LINE('',#9208,#2043);
#1560=LINE('',#9437,#2044);
#1561=LINE('',#9439,#2045);
#1562=LINE('',#9441,#2046);
#1563=LINE('',#9460,#2047);
#1564=LINE('',#9471,#2048);
#1565=LINE('',#9472,#2049);
#1566=LINE('',#9483,#2050);
#1567=LINE('',#9484,#2051);
#1568=LINE('',#9495,#2052);
#1569=LINE('',#9496,#2053);
#1570=LINE('',#9507,#2054);
#1571=LINE('',#9508,#2055);
#1572=LINE('',#9519,#2056);
#1573=LINE('',#9520,#2057);
#1574=LINE('',#9531,#2058);
#1575=LINE('',#9532,#2059);
#1576=LINE('',#9543,#2060);
#1577=LINE('',#9544,#2061);
#1578=LINE('',#9555,#2062);
#1579=LINE('',#9556,#2063);
#1580=LINE('',#9567,#2064);
#1581=LINE('',#9568,#2065);
#1582=LINE('',#9579,#2066);
#1583=LINE('',#9580,#2067);
#1584=LINE('',#9591,#2068);
#1585=LINE('',#9592,#2069);
#1586=LINE('',#9603,#2070);
#1587=LINE('',#9604,#2071);
#1588=LINE('',#9615,#2072);
#1589=LINE('',#9616,#2073);
#1590=LINE('',#9627,#2074);
#1591=LINE('',#9628,#2075);
#1592=LINE('',#9642,#2076);
#1593=LINE('',#9645,#2077);
#1594=LINE('',#9648,#2078);
#1595=LINE('',#9651,#2079);
#1596=LINE('',#9652,#2080);
#1597=LINE('',#9655,#2081);
#1598=LINE('',#9659,#2082);
#1599=LINE('',#9660,#2083);
#1600=LINE('',#9663,#2084);
#1601=LINE('',#9667,#2085);
#1602=LINE('',#9668,#2086);
#1603=LINE('',#9671,#2087);
#1604=LINE('',#9675,#2088);
#1605=LINE('',#9676,#2089);
#1606=LINE('',#9679,#2090);
#1607=LINE('',#9683,#2091);
#1608=LINE('',#9684,#2092);
#1609=LINE('',#9687,#2093);
#1610=LINE('',#9691,#2094);
#1611=LINE('',#9692,#2095);
#1612=LINE('',#9695,#2096);
#1613=LINE('',#9699,#2097);
#1614=LINE('',#9700,#2098);
#1615=LINE('',#9708,#2099);
#1616=LINE('',#9712,#2100);
#1617=LINE('',#9716,#2101);
#1618=LINE('',#9718,#2102);
#1619=LINE('',#9722,#2103);
#1620=LINE('',#9726,#2104);
#1621=LINE('',#9728,#2105);
#1622=LINE('',#9730,#2106);
#1623=LINE('',#9734,#2107);
#1624=LINE('',#9736,#2108);
#1625=LINE('',#9738,#2109);
#1626=LINE('',#9742,#2110);
#1627=LINE('',#9746,#2111);
#1628=LINE('',#9747,#2112);
#1629=LINE('',#9755,#2113);
#1630=LINE('',#9765,#2114);
#1631=LINE('',#9768,#2115);
#1632=LINE('',#9777,#2116);
#1633=LINE('',#9780,#2117);
#1634=LINE('',#9789,#2118);
#1635=LINE('',#9792,#2119);
#1636=LINE('',#9801,#2120);
#1637=LINE('',#9804,#2121);
#1638=LINE('',#9813,#2122);
#1639=LINE('',#9816,#2123);
#1640=LINE('',#9824,#2124);
#1641=LINE('',#9827,#2125);
#1642=LINE('',#9835,#2126);
#1643=LINE('',#9843,#2127);
#1644=LINE('',#9865,#2128);
#1645=LINE('',#9867,#2129);
#1646=LINE('',#9869,#2130);
#1647=LINE('',#9871,#2131);
#1648=LINE('',#9873,#2132);
#1649=LINE('',#9875,#2133);
#1650=LINE('',#9877,#2134);
#1651=LINE('',#9879,#2135);
#1652=LINE('',#9881,#2136);
#1653=LINE('',#9883,#2137);
#1654=LINE('',#9885,#2138);
#1655=LINE('',#9887,#2139);
#1656=LINE('',#9889,#2140);
#1657=LINE('',#9896,#2141);
#1658=LINE('',#9898,#2142);
#1659=LINE('',#9900,#2143);
#1660=LINE('',#9904,#2144);
#1661=LINE('',#9908,#2145);
#1662=LINE('',#9910,#2146);
#1663=LINE('',#9912,#2147);
#1664=LINE('',#9916,#2148);
#1665=LINE('',#9918,#2149);
#1666=LINE('',#9920,#2150);
#1667=LINE('',#9924,#2151);
#1668=LINE('',#9928,#2152);
#1669=LINE('',#9930,#2153);
#1670=LINE('',#9933,#2154);
#1671=LINE('',#9935,#2155);
#1672=LINE('',#9936,#2156);
#1673=LINE('',#9939,#2157);
#1674=LINE('',#9941,#2158);
#1675=LINE('',#9943,#2159);
#1676=LINE('',#9945,#2160);
#1677=LINE('',#9947,#2161);
#1678=LINE('',#9949,#2162);
#1679=LINE('',#9951,#2163);
#1680=LINE('',#9953,#2164);
#1681=LINE('',#9955,#2165);
#1682=LINE('',#9957,#2166);
#1683=LINE('',#9959,#2167);
#1684=LINE('',#9961,#2168);
#1685=LINE('',#9963,#2169);
#1686=LINE('',#9965,#2170);
#1687=LINE('',#9968,#2171);
#1688=LINE('',#9969,#2172);
#1689=LINE('',#9971,#2173);
#1690=LINE('',#9973,#2174);
#1691=LINE('',#9975,#2175);
#1692=LINE('',#9977,#2176);
#1693=LINE('',#9979,#2177);
#1694=LINE('',#9981,#2178);
#1695=LINE('',#9983,#2179);
#1696=LINE('',#9985,#2180);
#1697=LINE('',#9987,#2181);
#1698=LINE('',#9989,#2182);
#1699=LINE('',#9991,#2183);
#1700=LINE('',#9993,#2184);
#1701=LINE('',#9995,#2185);
#1702=LINE('',#9997,#2186);
#1703=LINE('',#9999,#2187);
#1704=LINE('',#10001,#2188);
#1705=LINE('',#10003,#2189);
#1706=LINE('',#10005,#2190);
#1707=LINE('',#10007,#2191);
#1708=LINE('',#10014,#2192);
#1709=LINE('',#10018,#2193);
#1710=LINE('',#10022,#2194);
#1711=LINE('',#10026,#2195);
#1712=LINE('',#10029,#2196);
#1713=LINE('',#10038,#2197);
#1714=LINE('',#10041,#2198);
#1715=LINE('',#10044,#2199);
#1716=LINE('',#10045,#2200);
#1717=LINE('',#10048,#2201);
#1718=LINE('',#10052,#2202);
#1719=LINE('',#10053,#2203);
#1720=LINE('',#10056,#2204);
#1721=LINE('',#10061,#2205);
#1722=LINE('',#10065,#2206);
#1723=LINE('',#10069,#2207);
#1724=LINE('',#10072,#2208);
#1725=LINE('',#10073,#2209);
#1726=LINE('',#10077,#2210);
#1727=LINE('',#10080,#2211);
#1728=LINE('',#10081,#2212);
#1729=LINE('',#10085,#2213);
#1730=LINE('',#10087,#2214);
#1731=LINE('',#10092,#2215);
#1732=LINE('',#10094,#2216);
#1733=LINE('',#10096,#2217);
#1734=LINE('',#10097,#2218);
#1735=LINE('',#10103,#2219);
#1736=LINE('',#10106,#2220);
#1737=LINE('',#10108,#2221);
#1738=LINE('',#10109,#2222);
#1739=LINE('',#10115,#2223);
#1740=LINE('',#10118,#2224);
#1741=LINE('',#10120,#2225);
#1742=LINE('',#10121,#2226);
#1743=LINE('',#10127,#2227);
#1744=LINE('',#10130,#2228);
#1745=LINE('',#10132,#2229);
#1746=LINE('',#10133,#2230);
#1747=LINE('',#10139,#2231);
#1748=LINE('',#10142,#2232);
#1749=LINE('',#10144,#2233);
#1750=LINE('',#10145,#2234);
#1751=LINE('',#10152,#2235);
#1752=LINE('',#10154,#2236);
#1753=LINE('',#10156,#2237);
#1754=LINE('',#10157,#2238);
#1755=LINE('',#10163,#2239);
#1756=LINE('',#10166,#2240);
#1757=LINE('',#10168,#2241);
#1758=LINE('',#10169,#2242);
#1759=LINE('',#10175,#2243);
#1760=LINE('',#10178,#2244);
#1761=LINE('',#10180,#2245);
#1762=LINE('',#10181,#2246);
#1763=LINE('',#10187,#2247);
#1764=LINE('',#10190,#2248);
#1765=LINE('',#10192,#2249);
#1766=LINE('',#10193,#2250);
#1767=LINE('',#10202,#2251);
#1768=LINE('',#10204,#2252);
#1769=LINE('',#10206,#2253);
#1770=LINE('',#10207,#2254);
#1771=LINE('',#10213,#2255);
#1772=LINE('',#10216,#2256);
#1773=LINE('',#10218,#2257);
#1774=LINE('',#10219,#2258);
#1775=LINE('',#10225,#2259);
#1776=LINE('',#10228,#2260);
#1777=LINE('',#10230,#2261);
#1778=LINE('',#10231,#2262);
#1779=LINE('',#10237,#2263);
#1780=LINE('',#10240,#2264);
#1781=LINE('',#10242,#2265);
#1782=LINE('',#10243,#2266);
#1783=LINE('',#10249,#2267);
#1784=LINE('',#10252,#2268);
#1785=LINE('',#10254,#2269);
#1786=LINE('',#10255,#2270);
#1787=LINE('',#10262,#2271);
#1788=LINE('',#10264,#2272);
#1789=LINE('',#10266,#2273);
#1790=LINE('',#10267,#2274);
#1791=LINE('',#10273,#2275);
#1792=LINE('',#10276,#2276);
#1793=LINE('',#10278,#2277);
#1794=LINE('',#10279,#2278);
#1795=LINE('',#10285,#2279);
#1796=LINE('',#10288,#2280);
#1797=LINE('',#10290,#2281);
#1798=LINE('',#10291,#2282);
#1799=LINE('',#10297,#2283);
#1800=LINE('',#10300,#2284);
#1801=LINE('',#10302,#2285);
#1802=LINE('',#10303,#2286);
#1803=VECTOR('',#6468,10.);
#1804=VECTOR('',#6469,10.);
#1805=VECTOR('',#6470,10.);
#1806=VECTOR('',#6471,10.);
#1807=VECTOR('',#6472,10.);
#1808=VECTOR('',#6475,10.);
#1809=VECTOR('',#6482,10.);
#1810=VECTOR('',#6483,10.);
#1811=VECTOR('',#6484,10.);
#1812=VECTOR('',#6487,10.);
#1813=VECTOR('',#6494,10.);
#1814=VECTOR('',#6495,10.);
#1815=VECTOR('',#6496,10.);
#1816=VECTOR('',#6497,10.);
#1817=VECTOR('',#6500,10.);
#1818=VECTOR('',#6505,10.);
#1819=VECTOR('',#6506,10.);
#1820=VECTOR('',#6507,10.);
#1821=VECTOR('',#6508,10.);
#1822=VECTOR('',#6511,10.);
#1823=VECTOR('',#6516,10.);
#1824=VECTOR('',#6517,10.);
#1825=VECTOR('',#6518,10.);
#1826=VECTOR('',#6521,10.);
#1827=VECTOR('',#6528,10.);
#1828=VECTOR('',#6529,10.);
#1829=VECTOR('',#6530,10.);
#1830=VECTOR('',#6533,10.);
#1831=VECTOR('',#6540,10.);
#1832=VECTOR('',#6541,10.);
#1833=VECTOR('',#6542,10.);
#1834=VECTOR('',#6543,10.);
#1835=VECTOR('',#6546,10.);
#1836=VECTOR('',#6551,10.);
#1837=VECTOR('',#6552,10.);
#1838=VECTOR('',#6553,10.);
#1839=VECTOR('',#6554,10.);
#1840=VECTOR('',#6557,10.);
#1841=VECTOR('',#6562,10.);
#1842=VECTOR('',#6563,10.);
#1843=VECTOR('',#6564,10.);
#1844=VECTOR('',#6567,10.);
#1845=VECTOR('',#6574,10.);
#1846=VECTOR('',#6575,10.);
#1847=VECTOR('',#6576,10.);
#1848=VECTOR('',#6577,10.);
#1849=VECTOR('',#6580,10.);
#1850=VECTOR('',#6585,10.);
#1851=VECTOR('',#6586,10.);
#1852=VECTOR('',#6587,10.);
#1853=VECTOR('',#6588,10.);
#1854=VECTOR('',#6591,10.);
#1855=VECTOR('',#6596,10.);
#1856=VECTOR('',#6597,10.);
#1857=VECTOR('',#6598,10.);
#1858=VECTOR('',#6601,10.);
#1859=VECTOR('',#6608,10.);
#1860=VECTOR('',#6609,10.);
#1861=VECTOR('',#6610,10.);
#1862=VECTOR('',#6613,10.);
#1863=VECTOR('',#6620,10.);
#1864=VECTOR('',#6621,10.);
#1865=VECTOR('',#6622,10.);
#1866=VECTOR('',#6625,10.);
#1867=VECTOR('',#6630,10.);
#1868=VECTOR('',#6631,10.);
#1869=VECTOR('',#6632,10.);
#1870=VECTOR('',#6643,10.);
#1871=VECTOR('',#6644,10.);
#1872=VECTOR('',#6645,10.);
#1873=VECTOR('',#6646,10.);
#1874=VECTOR('',#6653,10.);
#1875=VECTOR('',#6656,10.);
#1876=VECTOR('',#6657,10.);
#1877=VECTOR('',#6658,10.);
#1878=VECTOR('',#6665,10.);
#1879=VECTOR('',#6668,10.);
#1880=VECTOR('',#6669,10.);
#1881=VECTOR('',#6670,10.);
#1882=VECTOR('',#6677,10.);
#1883=VECTOR('',#6680,10.);
#1884=VECTOR('',#6681,10.);
#1885=VECTOR('',#6682,10.);
#1886=VECTOR('',#6691,10.);
#1887=VECTOR('',#6692,10.);
#1888=VECTOR('',#6693,10.);
#1889=VECTOR('',#6694,10.);
#1890=VECTOR('',#6701,10.);
#1891=VECTOR('',#6704,10.);
#1892=VECTOR('',#6705,10.);
#1893=VECTOR('',#6706,10.);
#1894=VECTOR('',#6713,10.);
#1895=VECTOR('',#6716,10.);
#1896=VECTOR('',#6717,10.);
#1897=VECTOR('',#6718,10.);
#1898=VECTOR('',#6725,10.);
#1899=VECTOR('',#6728,10.);
#1900=VECTOR('',#6729,10.);
#1901=VECTOR('',#6730,10.);
#1902=VECTOR('',#6739,10.);
#1903=VECTOR('',#6740,10.);
#1904=VECTOR('',#6741,10.);
#1905=VECTOR('',#6742,10.);
#1906=VECTOR('',#6749,10.);
#1907=VECTOR('',#6752,10.);
#1908=VECTOR('',#6753,10.);
#1909=VECTOR('',#6754,10.);
#1910=VECTOR('',#6761,10.);
#1911=VECTOR('',#6764,10.);
#1912=VECTOR('',#6765,10.);
#1913=VECTOR('',#6766,10.);
#1914=VECTOR('',#6773,10.);
#1915=VECTOR('',#6776,10.);
#1916=VECTOR('',#6777,10.);
#1917=VECTOR('',#6778,10.);
#1918=VECTOR('',#6787,10.);
#1919=VECTOR('',#6788,10.);
#1920=VECTOR('',#6789,10.);
#1921=VECTOR('',#6790,10.);
#1922=VECTOR('',#6797,10.);
#1923=VECTOR('',#6800,10.);
#1924=VECTOR('',#6801,10.);
#1925=VECTOR('',#6802,10.);
#1926=VECTOR('',#6809,10.);
#1927=VECTOR('',#6812,10.);
#1928=VECTOR('',#6813,10.);
#1929=VECTOR('',#6814,10.);
#1930=VECTOR('',#6821,10.);
#1931=VECTOR('',#6824,10.);
#1932=VECTOR('',#6825,10.);
#1933=VECTOR('',#6826,10.);
#1934=VECTOR('',#6835,10.);
#1935=VECTOR('',#6836,10.);
#1936=VECTOR('',#6837,10.);
#1937=VECTOR('',#6838,10.);
#1938=VECTOR('',#6845,10.);
#1939=VECTOR('',#6848,10.);
#1940=VECTOR('',#6849,10.);
#1941=VECTOR('',#6850,10.);
#1942=VECTOR('',#6857,10.);
#1943=VECTOR('',#6860,10.);
#1944=VECTOR('',#6861,10.);
#1945=VECTOR('',#6862,10.);
#1946=VECTOR('',#6869,10.);
#1947=VECTOR('',#6872,10.);
#1948=VECTOR('',#6873,10.);
#1949=VECTOR('',#6874,10.);
#1950=VECTOR('',#6883,10.);
#1951=VECTOR('',#6884,10.);
#1952=VECTOR('',#6885,10.);
#1953=VECTOR('',#6886,10.);
#1954=VECTOR('',#6893,10.);
#1955=VECTOR('',#6896,10.);
#1956=VECTOR('',#6897,10.);
#1957=VECTOR('',#6898,10.);
#1958=VECTOR('',#6905,10.);
#1959=VECTOR('',#6908,10.);
#1960=VECTOR('',#6909,10.);
#1961=VECTOR('',#6910,10.);
#1962=VECTOR('',#6913,10.);
#1963=VECTOR('',#6914,10.);
#1964=VECTOR('',#6915,10.);
#1965=VECTOR('',#6916,10.);
#1966=VECTOR('',#6923,10.);
#1967=VECTOR('',#6926,10.);
#1968=VECTOR('',#6927,10.);
#1969=VECTOR('',#6928,10.);
#1970=VECTOR('',#6937,10.);
#1971=VECTOR('',#6938,10.);
#1972=VECTOR('',#6939,10.);
#1973=VECTOR('',#6940,10.);
#1974=VECTOR('',#6947,10.);
#1975=VECTOR('',#6950,10.);
#1976=VECTOR('',#6951,10.);
#1977=VECTOR('',#6952,10.);
#1978=VECTOR('',#6959,10.);
#1979=VECTOR('',#6962,10.);
#1980=VECTOR('',#6963,10.);
#1981=VECTOR('',#6964,10.);
#1982=VECTOR('',#6971,10.);
#1983=VECTOR('',#6974,10.);
#1984=VECTOR('',#6975,10.);
#1985=VECTOR('',#6976,10.);
#1986=VECTOR('',#6991,10.);
#1987=VECTOR('',#6992,10.);
#1988=VECTOR('',#6995,10.);
#1989=VECTOR('',#6998,10.);
#1990=VECTOR('',#7001,10.);
#1991=VECTOR('',#7004,10.);
#1992=VECTOR('',#7007,10.);
#1993=VECTOR('',#7010,10.);
#1994=VECTOR('',#7013,10.);
#1995=VECTOR('',#7016,10.);
#1996=VECTOR('',#7019,10.);
#1997=VECTOR('',#7020,10.);
#1998=VECTOR('',#7021,10.);
#1999=VECTOR('',#7024,10.);
#2000=VECTOR('',#7033,0.991083364698055);
#2001=VECTOR('',#7040,1.35);
#2002=VECTOR('',#7045,1.35);
#2003=VECTOR('',#7054,1.35);
#2004=VECTOR('',#7059,1.00000000000001);
#2005=VECTOR('',#7074,10.);
#2006=VECTOR('',#7075,10.);
#2007=VECTOR('',#7088,10.);
#2008=VECTOR('',#7089,10.);
#2009=VECTOR('',#7094,10.);
#2010=VECTOR('',#7105,10.);
#2011=VECTOR('',#7114,10.);
#2012=VECTOR('',#7135,10.);
#2013=VECTOR('',#7136,10.);
#2014=VECTOR('',#7139,10.);
#2015=VECTOR('',#7144,10.);
#2016=VECTOR('',#7155,10.);
#2017=VECTOR('',#7166,10.);
#2018=VECTOR('',#7175,10.);
#2019=VECTOR('',#7184,10.);
#2020=VECTOR('',#7195,10.);
#2021=VECTOR('',#7204,10.);
#2022=VECTOR('',#7213,10.);
#2023=VECTOR('',#7224,10.);
#2024=VECTOR('',#7231,10.);
#2025=VECTOR('',#7234,10.);
#2026=VECTOR('',#7235,10.);
#2027=VECTOR('',#7236,10.);
#2028=VECTOR('',#7239,10.);
#2029=VECTOR('',#7246,10.);
#2030=VECTOR('',#7253,10.);
#2031=VECTOR('',#7254,10.);
#2032=VECTOR('',#7257,10.);
#2033=VECTOR('',#7262,10.);
#2034=VECTOR('',#7263,10.);
#2035=VECTOR('',#7266,10.);
#2036=VECTOR('',#7271,10.);
#2037=VECTOR('',#7272,10.);
#2038=VECTOR('',#7275,10.);
#2039=VECTOR('',#7280,10.);
#2040=VECTOR('',#7281,10.);
#2041=VECTOR('',#7284,10.);
#2042=VECTOR('',#7289,10.);
#2043=VECTOR('',#7290,10.);
#2044=VECTOR('',#7303,10.);
#2045=VECTOR('',#7304,10.);
#2046=VECTOR('',#7305,10.);
#2047=VECTOR('',#7318,10.);
#2048=VECTOR('',#7331,10.);
#2049=VECTOR('',#7332,10.);
#2050=VECTOR('',#7345,10.);
#2051=VECTOR('',#7346,10.);
#2052=VECTOR('',#7359,10.);
#2053=VECTOR('',#7360,10.);
#2054=VECTOR('',#7373,10.);
#2055=VECTOR('',#7374,10.);
#2056=VECTOR('',#7387,10.);
#2057=VECTOR('',#7388,10.);
#2058=VECTOR('',#7401,10.);
#2059=VECTOR('',#7402,10.);
#2060=VECTOR('',#7415,10.);
#2061=VECTOR('',#7416,10.);
#2062=VECTOR('',#7429,10.);
#2063=VECTOR('',#7430,10.);
#2064=VECTOR('',#7443,10.);
#2065=VECTOR('',#7444,10.);
#2066=VECTOR('',#7457,10.);
#2067=VECTOR('',#7458,10.);
#2068=VECTOR('',#7471,10.);
#2069=VECTOR('',#7472,10.);
#2070=VECTOR('',#7485,10.);
#2071=VECTOR('',#7486,10.);
#2072=VECTOR('',#7499,10.);
#2073=VECTOR('',#7500,10.);
#2074=VECTOR('',#7513,10.);
#2075=VECTOR('',#7514,10.);
#2076=VECTOR('',#7523,10.);
#2077=VECTOR('',#7526,10.);
#2078=VECTOR('',#7529,10.);
#2079=VECTOR('',#7532,10.);
#2080=VECTOR('',#7533,10.);
#2081=VECTOR('',#7536,10.);
#2082=VECTOR('',#7541,10.);
#2083=VECTOR('',#7542,10.);
#2084=VECTOR('',#7545,10.);
#2085=VECTOR('',#7550,10.);
#2086=VECTOR('',#7551,10.);
#2087=VECTOR('',#7554,10.);
#2088=VECTOR('',#7559,10.);
#2089=VECTOR('',#7560,10.);
#2090=VECTOR('',#7563,10.);
#2091=VECTOR('',#7568,10.);
#2092=VECTOR('',#7569,10.);
#2093=VECTOR('',#7572,10.);
#2094=VECTOR('',#7577,10.);
#2095=VECTOR('',#7578,10.);
#2096=VECTOR('',#7581,10.);
#2097=VECTOR('',#7586,10.);
#2098=VECTOR('',#7587,10.);
#2099=VECTOR('',#7598,10.);
#2100=VECTOR('',#7601,10.);
#2101=VECTOR('',#7604,10.);
#2102=VECTOR('',#7605,10.);
#2103=VECTOR('',#7608,10.);
#2104=VECTOR('',#7611,10.);
#2105=VECTOR('',#7612,10.);
#2106=VECTOR('',#7613,10.);
#2107=VECTOR('',#7616,10.);
#2108=VECTOR('',#7617,10.);
#2109=VECTOR('',#7618,10.);
#2110=VECTOR('',#7621,10.);
#2111=VECTOR('',#7624,10.);
#2112=VECTOR('',#7625,10.);
#2113=VECTOR('',#7636,10.);
#2114=VECTOR('',#7649,10.);
#2115=VECTOR('',#7652,10.);
#2116=VECTOR('',#7663,10.);
#2117=VECTOR('',#7666,10.);
#2118=VECTOR('',#7677,10.);
#2119=VECTOR('',#7680,10.);
#2120=VECTOR('',#7691,10.);
#2121=VECTOR('',#7694,10.);
#2122=VECTOR('',#7705,10.);
#2123=VECTOR('',#7708,10.);
#2124=VECTOR('',#7719,10.);
#2125=VECTOR('',#7722,10.);
#2126=VECTOR('',#7733,10.);
#2127=VECTOR('',#7744,10.);
#2128=VECTOR('',#7787,10.);
#2129=VECTOR('',#7790,10.);
#2130=VECTOR('',#7793,10.);
#2131=VECTOR('',#7796,10.);
#2132=VECTOR('',#7799,10.);
#2133=VECTOR('',#7802,10.);
#2134=VECTOR('',#7805,10.);
#2135=VECTOR('',#7808,10.);
#2136=VECTOR('',#7811,10.);
#2137=VECTOR('',#7814,10.);
#2138=VECTOR('',#7817,10.);
#2139=VECTOR('',#7820,10.);
#2140=VECTOR('',#7823,10.);
#2141=VECTOR('',#7830,10.);
#2142=VECTOR('',#7831,10.);
#2143=VECTOR('',#7832,10.);
#2144=VECTOR('',#7835,10.);
#2145=VECTOR('',#7838,10.);
#2146=VECTOR('',#7839,10.);
#2147=VECTOR('',#7840,10.);
#2148=VECTOR('',#7843,10.);
#2149=VECTOR('',#7844,10.);
#2150=VECTOR('',#7845,10.);
#2151=VECTOR('',#7848,10.);
#2152=VECTOR('',#7851,10.);
#2153=VECTOR('',#7852,10.);
#2154=VECTOR('',#7855,10.);
#2155=VECTOR('',#7858,10.);
#2156=VECTOR('',#7859,10.);
#2157=VECTOR('',#7864,10.);
#2158=VECTOR('',#7867,10.);
#2159=VECTOR('',#7870,10.);
#2160=VECTOR('',#7873,10.);
#2161=VECTOR('',#7876,10.);
#2162=VECTOR('',#7879,10.);
#2163=VECTOR('',#7882,10.);
#2164=VECTOR('',#7885,10.);
#2165=VECTOR('',#7888,10.);
#2166=VECTOR('',#7891,10.);
#2167=VECTOR('',#7894,10.);
#2168=VECTOR('',#7897,10.);
#2169=VECTOR('',#7900,10.);
#2170=VECTOR('',#7903,10.);
#2171=VECTOR('',#7908,10.);
#2172=VECTOR('',#7909,10.);
#2173=VECTOR('',#7912,10.);
#2174=VECTOR('',#7915,10.);
#2175=VECTOR('',#7918,10.);
#2176=VECTOR('',#7921,10.);
#2177=VECTOR('',#7924,10.);
#2178=VECTOR('',#7927,10.);
#2179=VECTOR('',#7930,10.);
#2180=VECTOR('',#7933,10.);
#2181=VECTOR('',#7936,10.);
#2182=VECTOR('',#7939,10.);
#2183=VECTOR('',#7942,10.);
#2184=VECTOR('',#7945,10.);
#2185=VECTOR('',#7948,10.);
#2186=VECTOR('',#7951,10.);
#2187=VECTOR('',#7954,10.);
#2188=VECTOR('',#7957,10.);
#2189=VECTOR('',#7960,10.);
#2190=VECTOR('',#7963,10.);
#2191=VECTOR('',#7966,10.);
#2192=VECTOR('',#7973,10.);
#2193=VECTOR('',#7976,10.);
#2194=VECTOR('',#7979,10.);
#2195=VECTOR('',#7982,10.);
#2196=VECTOR('',#7985,10.);
#2197=VECTOR('',#7994,10.);
#2198=VECTOR('',#7997,10.);
#2199=VECTOR('',#8000,10.);
#2200=VECTOR('',#8001,10.);
#2201=VECTOR('',#8004,10.);
#2202=VECTOR('',#8009,10.);
#2203=VECTOR('',#8010,10.);
#2204=VECTOR('',#8013,10.);
#2205=VECTOR('',#8020,1.35);
#2206=VECTOR('',#8025,0.991083364698055);
#2207=VECTOR('',#8030,1.35);
#2208=VECTOR('',#8033,10.);
#2209=VECTOR('',#8034,10.);
#2210=VECTOR('',#8039,10.);
#2211=VECTOR('',#8042,10.);
#2212=VECTOR('',#8043,10.);
#2213=VECTOR('',#8048,10.);
#2214=VECTOR('',#8051,10.);
#2215=VECTOR('',#8056,10.);
#2216=VECTOR('',#8057,10.);
#2217=VECTOR('',#8058,10.);
#2218=VECTOR('',#8059,10.);
#2219=VECTOR('',#8066,10.);
#2220=VECTOR('',#8069,10.);
#2221=VECTOR('',#8070,10.);
#2222=VECTOR('',#8071,10.);
#2223=VECTOR('',#8078,10.);
#2224=VECTOR('',#8081,10.);
#2225=VECTOR('',#8082,10.);
#2226=VECTOR('',#8083,10.);
#2227=VECTOR('',#8090,10.);
#2228=VECTOR('',#8093,10.);
#2229=VECTOR('',#8094,10.);
#2230=VECTOR('',#8095,10.);
#2231=VECTOR('',#8102,10.);
#2232=VECTOR('',#8105,10.);
#2233=VECTOR('',#8106,10.);
#2234=VECTOR('',#8107,10.);
#2235=VECTOR('',#8116,10.);
#2236=VECTOR('',#8117,10.);
#2237=VECTOR('',#8118,10.);
#2238=VECTOR('',#8119,10.);
#2239=VECTOR('',#8126,10.);
#2240=VECTOR('',#8129,10.);
#2241=VECTOR('',#8130,10.);
#2242=VECTOR('',#8131,10.);
#2243=VECTOR('',#8138,10.);
#2244=VECTOR('',#8141,10.);
#2245=VECTOR('',#8142,10.);
#2246=VECTOR('',#8143,10.);
#2247=VECTOR('',#8150,10.);
#2248=VECTOR('',#8153,10.);
#2249=VECTOR('',#8154,10.);
#2250=VECTOR('',#8155,10.);
#2251=VECTOR('',#8168,10.);
#2252=VECTOR('',#8169,10.);
#2253=VECTOR('',#8170,10.);
#2254=VECTOR('',#8171,10.);
#2255=VECTOR('',#8178,10.);
#2256=VECTOR('',#8181,10.);
#2257=VECTOR('',#8182,10.);
#2258=VECTOR('',#8183,10.);
#2259=VECTOR('',#8190,10.);
#2260=VECTOR('',#8193,10.);
#2261=VECTOR('',#8194,10.);
#2262=VECTOR('',#8195,10.);
#2263=VECTOR('',#8202,10.);
#2264=VECTOR('',#8205,10.);
#2265=VECTOR('',#8206,10.);
#2266=VECTOR('',#8207,10.);
#2267=VECTOR('',#8214,10.);
#2268=VECTOR('',#8217,10.);
#2269=VECTOR('',#8218,10.);
#2270=VECTOR('',#8219,10.);
#2271=VECTOR('',#8228,10.);
#2272=VECTOR('',#8229,10.);
#2273=VECTOR('',#8230,10.);
#2274=VECTOR('',#8231,10.);
#2275=VECTOR('',#8238,10.);
#2276=VECTOR('',#8241,10.);
#2277=VECTOR('',#8242,10.);
#2278=VECTOR('',#8243,10.);
#2279=VECTOR('',#8250,10.);
#2280=VECTOR('',#8253,10.);
#2281=VECTOR('',#8254,10.);
#2282=VECTOR('',#8255,10.);
#2283=VECTOR('',#8262,10.);
#2284=VECTOR('',#8265,10.);
#2285=VECTOR('',#8266,10.);
#2286=VECTOR('',#8267,10.);
#2287=VERTEX_POINT('',#8280);
#2288=VERTEX_POINT('',#8281);
#2289=VERTEX_POINT('',#8283);
#2290=VERTEX_POINT('',#8285);
#2291=VERTEX_POINT('',#8287);
#2292=VERTEX_POINT('',#8291);
#2293=VERTEX_POINT('',#8292);
#2294=VERTEX_POINT('',#8297);
#2295=VERTEX_POINT('',#8298);
#2296=VERTEX_POINT('',#8303);
#2297=VERTEX_POINT('',#8304);
#2298=VERTEX_POINT('',#8309);
#2299=VERTEX_POINT('',#8310);
#2300=VERTEX_POINT('',#8313);
#2301=VERTEX_POINT('',#8317);
#2302=VERTEX_POINT('',#8321);
#2303=VERTEX_POINT('',#8322);
#2304=VERTEX_POINT('',#8325);
#2305=VERTEX_POINT('',#8329);
#2306=VERTEX_POINT('',#8333);
#2307=VERTEX_POINT('',#8334);
#2308=VERTEX_POINT('',#8339);
#2309=VERTEX_POINT('',#8340);
#2310=VERTEX_POINT('',#8345);
#2311=VERTEX_POINT('',#8346);
#2312=VERTEX_POINT('',#8351);
#2313=VERTEX_POINT('',#8352);
#2314=VERTEX_POINT('',#8357);
#2315=VERTEX_POINT('',#8358);
#2316=VERTEX_POINT('',#8361);
#2317=VERTEX_POINT('',#8365);
#2318=VERTEX_POINT('',#8369);
#2319=VERTEX_POINT('',#8370);
#2320=VERTEX_POINT('',#8373);
#2321=VERTEX_POINT('',#8377);
#2322=VERTEX_POINT('',#8381);
#2323=VERTEX_POINT('',#8382);
#2324=VERTEX_POINT('',#8387);
#2325=VERTEX_POINT('',#8388);
#2326=VERTEX_POINT('',#8393);
#2327=VERTEX_POINT('',#8394);
#2328=VERTEX_POINT('',#8397);
#2329=VERTEX_POINT('',#8401);
#2330=VERTEX_POINT('',#8405);
#2331=VERTEX_POINT('',#8406);
#2332=VERTEX_POINT('',#8409);
#2333=VERTEX_POINT('',#8413);
#2334=VERTEX_POINT('',#8417);
#2335=VERTEX_POINT('',#8418);
#2336=VERTEX_POINT('',#8423);
#2337=VERTEX_POINT('',#8424);
#2338=VERTEX_POINT('',#8429);
#2339=VERTEX_POINT('',#8430);
#2340=VERTEX_POINT('',#8435);
#2341=VERTEX_POINT('',#8436);
#2342=VERTEX_POINT('',#8441);
#2343=VERTEX_POINT('',#8442);
#2344=VERTEX_POINT('',#8447);
#2345=VERTEX_POINT('',#8451);
#2346=VERTEX_POINT('',#8455);
#2347=VERTEX_POINT('',#8464);
#2348=VERTEX_POINT('',#8465);
#2349=VERTEX_POINT('',#8467);
#2350=VERTEX_POINT('',#8469);
#2351=VERTEX_POINT('',#8473);
#2352=VERTEX_POINT('',#8475);
#2353=VERTEX_POINT('',#8479);
#2354=VERTEX_POINT('',#8481);
#2355=VERTEX_POINT('',#8485);
#2356=VERTEX_POINT('',#8487);
#2357=VERTEX_POINT('',#8491);
#2358=VERTEX_POINT('',#8493);
#2359=VERTEX_POINT('',#8497);
#2360=VERTEX_POINT('',#8499);
#2361=VERTEX_POINT('',#8503);
#2362=VERTEX_POINT('',#8505);
#2363=VERTEX_POINT('',#8512);
#2364=VERTEX_POINT('',#8513);
#2365=VERTEX_POINT('',#8515);
#2366=VERTEX_POINT('',#8517);
#2367=VERTEX_POINT('',#8521);
#2368=VERTEX_POINT('',#8523);
#2369=VERTEX_POINT('',#8527);
#2370=VERTEX_POINT('',#8529);
#2371=VERTEX_POINT('',#8533);
#2372=VERTEX_POINT('',#8535);
#2373=VERTEX_POINT('',#8539);
#2374=VERTEX_POINT('',#8541);
#2375=VERTEX_POINT('',#8545);
#2376=VERTEX_POINT('',#8547);
#2377=VERTEX_POINT('',#8551);
#2378=VERTEX_POINT('',#8553);
#2379=VERTEX_POINT('',#8560);
#2380=VERTEX_POINT('',#8561);
#2381=VERTEX_POINT('',#8563);
#2382=VERTEX_POINT('',#8565);
#2383=VERTEX_POINT('',#8569);
#2384=VERTEX_POINT('',#8571);
#2385=VERTEX_POINT('',#8575);
#2386=VERTEX_POINT('',#8577);
#2387=VERTEX_POINT('',#8581);
#2388=VERTEX_POINT('',#8583);
#2389=VERTEX_POINT('',#8587);
#2390=VERTEX_POINT('',#8589);
#2391=VERTEX_POINT('',#8593);
#2392=VERTEX_POINT('',#8595);
#2393=VERTEX_POINT('',#8599);
#2394=VERTEX_POINT('',#8601);
#2395=VERTEX_POINT('',#8608);
#2396=VERTEX_POINT('',#8609);
#2397=VERTEX_POINT('',#8611);
#2398=VERTEX_POINT('',#8613);
#2399=VERTEX_POINT('',#8617);
#2400=VERTEX_POINT('',#8619);
#2401=VERTEX_POINT('',#8623);
#2402=VERTEX_POINT('',#8625);
#2403=VERTEX_POINT('',#8629);
#2404=VERTEX_POINT('',#8631);
#2405=VERTEX_POINT('',#8635);
#2406=VERTEX_POINT('',#8637);
#2407=VERTEX_POINT('',#8641);
#2408=VERTEX_POINT('',#8643);
#2409=VERTEX_POINT('',#8647);
#2410=VERTEX_POINT('',#8649);
#2411=VERTEX_POINT('',#8656);
#2412=VERTEX_POINT('',#8657);
#2413=VERTEX_POINT('',#8659);
#2414=VERTEX_POINT('',#8661);
#2415=VERTEX_POINT('',#8665);
#2416=VERTEX_POINT('',#8667);
#2417=VERTEX_POINT('',#8671);
#2418=VERTEX_POINT('',#8673);
#2419=VERTEX_POINT('',#8677);
#2420=VERTEX_POINT('',#8679);
#2421=VERTEX_POINT('',#8683);
#2422=VERTEX_POINT('',#8685);
#2423=VERTEX_POINT('',#8689);
#2424=VERTEX_POINT('',#8691);
#2425=VERTEX_POINT('',#8695);
#2426=VERTEX_POINT('',#8697);
#2427=VERTEX_POINT('',#8704);
#2428=VERTEX_POINT('',#8705);
#2429=VERTEX_POINT('',#8707);
#2430=VERTEX_POINT('',#8709);
#2431=VERTEX_POINT('',#8713);
#2432=VERTEX_POINT('',#8715);
#2433=VERTEX_POINT('',#8719);
#2434=VERTEX_POINT('',#8721);
#2435=VERTEX_POINT('',#8725);
#2436=VERTEX_POINT('',#8727);
#2437=VERTEX_POINT('',#8731);
#2438=VERTEX_POINT('',#8733);
#2439=VERTEX_POINT('',#8737);
#2440=VERTEX_POINT('',#8738);
#2441=VERTEX_POINT('',#8740);
#2442=VERTEX_POINT('',#8742);
#2443=VERTEX_POINT('',#8746);
#2444=VERTEX_POINT('',#8748);
#2445=VERTEX_POINT('',#8752);
#2446=VERTEX_POINT('',#8754);
#2447=VERTEX_POINT('',#8761);
#2448=VERTEX_POINT('',#8762);
#2449=VERTEX_POINT('',#8764);
#2450=VERTEX_POINT('',#8766);
#2451=VERTEX_POINT('',#8770);
#2452=VERTEX_POINT('',#8772);
#2453=VERTEX_POINT('',#8776);
#2454=VERTEX_POINT('',#8778);
#2455=VERTEX_POINT('',#8782);
#2456=VERTEX_POINT('',#8784);
#2457=VERTEX_POINT('',#8788);
#2458=VERTEX_POINT('',#8790);
#2459=VERTEX_POINT('',#8794);
#2460=VERTEX_POINT('',#8796);
#2461=VERTEX_POINT('',#8800);
#2462=VERTEX_POINT('',#8802);
#2463=VERTEX_POINT('',#8809);
#2464=VERTEX_POINT('',#8813);
#2465=VERTEX_POINT('',#8814);
#2466=VERTEX_POINT('',#8816);
#2467=VERTEX_POINT('',#8818);
#2468=VERTEX_POINT('',#8820);
#2469=VERTEX_POINT('',#8822);
#2470=VERTEX_POINT('',#8824);
#2471=VERTEX_POINT('',#8826);
#2472=VERTEX_POINT('',#8828);
#2473=VERTEX_POINT('',#8830);
#2474=VERTEX_POINT('',#8832);
#2475=VERTEX_POINT('',#8834);
#2476=VERTEX_POINT('',#8836);
#2477=VERTEX_POINT('',#8838);
#2478=VERTEX_POINT('',#8840);
#2479=VERTEX_POINT('',#8842);
#2480=VERTEX_POINT('',#8844);
#2481=VERTEX_POINT('',#8846);
#2482=VERTEX_POINT('',#8848);
#2483=VERTEX_POINT('',#8850);
#2484=VERTEX_POINT('',#8852);
#2485=VERTEX_POINT('',#8854);
#2486=VERTEX_POINT('',#8856);
#2487=VERTEX_POINT('',#8858);
#2488=VERTEX_POINT('',#8860);
#2489=VERTEX_POINT('',#8863);
#2490=VERTEX_POINT('',#8866);
#2491=VERTEX_POINT('',#8868);
#2492=VERTEX_POINT('',#8872);
#2493=VERTEX_POINT('',#8874);
#2494=VERTEX_POINT('',#8878);
#2495=VERTEX_POINT('',#8883);
#2496=VERTEX_POINT('',#8885);
#2497=VERTEX_POINT('',#8889);
#2498=VERTEX_POINT('',#8893);
#2499=VERTEX_POINT('',#8895);
#2500=VERTEX_POINT('',#8899);
#2501=VERTEX_POINT('',#8900);
#2502=VERTEX_POINT('',#8905);
#2503=VERTEX_POINT('',#8907);
#2504=VERTEX_POINT('',#8911);
#2505=VERTEX_POINT('',#8912);
#2506=VERTEX_POINT('',#8917);
#2507=VERTEX_POINT('',#8921);
#2508=VERTEX_POINT('',#8925);
#2509=VERTEX_POINT('',#8929);
#2510=VERTEX_POINT('',#8935);
#2511=VERTEX_POINT('',#8937);
#2512=VERTEX_POINT('',#8960);
#2513=VERTEX_POINT('',#8961);
#2514=VERTEX_POINT('',#9011);
#2515=VERTEX_POINT('',#9013);
#2516=VERTEX_POINT('',#9017);
#2517=VERTEX_POINT('',#9018);
#2518=VERTEX_POINT('',#9025);
#2519=VERTEX_POINT('',#9029);
#2520=VERTEX_POINT('',#9033);
#2521=VERTEX_POINT('',#9037);
#2522=VERTEX_POINT('',#9041);
#2523=VERTEX_POINT('',#9053);
#2524=VERTEX_POINT('',#9057);
#2525=VERTEX_POINT('',#9069);
#2526=VERTEX_POINT('',#9073);
#2527=VERTEX_POINT('',#9077);
#2528=VERTEX_POINT('',#9081);
#2529=VERTEX_POINT('',#9093);
#2530=VERTEX_POINT('',#9097);
#2531=VERTEX_POINT('',#9109);
#2532=VERTEX_POINT('',#9113);
#2533=VERTEX_POINT('',#9117);
#2534=VERTEX_POINT('',#9121);
#2535=VERTEX_POINT('',#9129);
#2536=VERTEX_POINT('',#9131);
#2537=VERTEX_POINT('',#9135);
#2538=VERTEX_POINT('',#9137);
#2539=VERTEX_POINT('',#9139);
#2540=VERTEX_POINT('',#9148);
#2541=VERTEX_POINT('',#9154);
#2542=VERTEX_POINT('',#9156);
#2543=VERTEX_POINT('',#9158);
#2544=VERTEX_POINT('',#9163);
#2545=VERTEX_POINT('',#9174);
#2546=VERTEX_POINT('',#9178);
#2547=VERTEX_POINT('',#9182);
#2548=VERTEX_POINT('',#9186);
#2549=VERTEX_POINT('',#9190);
#2550=VERTEX_POINT('',#9194);
#2551=VERTEX_POINT('',#9198);
#2552=VERTEX_POINT('',#9202);
#2553=VERTEX_POINT('',#9206);
#2554=VERTEX_POINT('',#9245);
#2555=VERTEX_POINT('',#9246);
#2556=VERTEX_POINT('',#9248);
#2557=VERTEX_POINT('',#9256);
#2558=VERTEX_POINT('',#9436);
#2559=VERTEX_POINT('',#9438);
#2560=VERTEX_POINT('',#9440);
#2561=VERTEX_POINT('',#9442);
#2562=VERTEX_POINT('',#9452);
#2563=VERTEX_POINT('',#9454);
#2564=VERTEX_POINT('',#9458);
#2565=VERTEX_POINT('',#9462);
#2566=VERTEX_POINT('',#9463);
#2567=VERTEX_POINT('',#9468);
#2568=VERTEX_POINT('',#9469);
#2569=VERTEX_POINT('',#9474);
#2570=VERTEX_POINT('',#9475);
#2571=VERTEX_POINT('',#9480);
#2572=VERTEX_POINT('',#9481);
#2573=VERTEX_POINT('',#9486);
#2574=VERTEX_POINT('',#9487);
#2575=VERTEX_POINT('',#9492);
#2576=VERTEX_POINT('',#9493);
#2577=VERTEX_POINT('',#9498);
#2578=VERTEX_POINT('',#9499);
#2579=VERTEX_POINT('',#9504);
#2580=VERTEX_POINT('',#9505);
#2581=VERTEX_POINT('',#9510);
#2582=VERTEX_POINT('',#9511);
#2583=VERTEX_POINT('',#9516);
#2584=VERTEX_POINT('',#9517);
#2585=VERTEX_POINT('',#9522);
#2586=VERTEX_POINT('',#9523);
#2587=VERTEX_POINT('',#9528);
#2588=VERTEX_POINT('',#9529);
#2589=VERTEX_POINT('',#9534);
#2590=VERTEX_POINT('',#9535);
#2591=VERTEX_POINT('',#9540);
#2592=VERTEX_POINT('',#9541);
#2593=VERTEX_POINT('',#9546);
#2594=VERTEX_POINT('',#9547);
#2595=VERTEX_POINT('',#9552);
#2596=VERTEX_POINT('',#9553);
#2597=VERTEX_POINT('',#9558);
#2598=VERTEX_POINT('',#9559);
#2599=VERTEX_POINT('',#9564);
#2600=VERTEX_POINT('',#9565);
#2601=VERTEX_POINT('',#9570);
#2602=VERTEX_POINT('',#9571);
#2603=VERTEX_POINT('',#9576);
#2604=VERTEX_POINT('',#9577);
#2605=VERTEX_POINT('',#9582);
#2606=VERTEX_POINT('',#9583);
#2607=VERTEX_POINT('',#9588);
#2608=VERTEX_POINT('',#9589);
#2609=VERTEX_POINT('',#9594);
#2610=VERTEX_POINT('',#9595);
#2611=VERTEX_POINT('',#9600);
#2612=VERTEX_POINT('',#9601);
#2613=VERTEX_POINT('',#9606);
#2614=VERTEX_POINT('',#9607);
#2615=VERTEX_POINT('',#9612);
#2616=VERTEX_POINT('',#9613);
#2617=VERTEX_POINT('',#9618);
#2618=VERTEX_POINT('',#9619);
#2619=VERTEX_POINT('',#9624);
#2620=VERTEX_POINT('',#9625);
#2621=VERTEX_POINT('',#9633);
#2622=VERTEX_POINT('',#9644);
#2623=VERTEX_POINT('',#9646);
#2624=VERTEX_POINT('',#9650);
#2625=VERTEX_POINT('',#9654);
#2626=VERTEX_POINT('',#9658);
#2627=VERTEX_POINT('',#9662);
#2628=VERTEX_POINT('',#9666);
#2629=VERTEX_POINT('',#9670);
#2630=VERTEX_POINT('',#9674);
#2631=VERTEX_POINT('',#9678);
#2632=VERTEX_POINT('',#9682);
#2633=VERTEX_POINT('',#9686);
#2634=VERTEX_POINT('',#9690);
#2635=VERTEX_POINT('',#9694);
#2636=VERTEX_POINT('',#9698);
#2637=VERTEX_POINT('',#9706);
#2638=VERTEX_POINT('',#9707);
#2639=VERTEX_POINT('',#9709);
#2640=VERTEX_POINT('',#9711);
#2641=VERTEX_POINT('',#9713);
#2642=VERTEX_POINT('',#9715);
#2643=VERTEX_POINT('',#9717);
#2644=VERTEX_POINT('',#9719);
#2645=VERTEX_POINT('',#9721);
#2646=VERTEX_POINT('',#9723);
#2647=VERTEX_POINT('',#9725);
#2648=VERTEX_POINT('',#9727);
#2649=VERTEX_POINT('',#9729);
#2650=VERTEX_POINT('',#9731);
#2651=VERTEX_POINT('',#9733);
#2652=VERTEX_POINT('',#9735);
#2653=VERTEX_POINT('',#9737);
#2654=VERTEX_POINT('',#9739);
#2655=VERTEX_POINT('',#9741);
#2656=VERTEX_POINT('',#9743);
#2657=VERTEX_POINT('',#9745);
#2658=VERTEX_POINT('',#9750);
#2659=VERTEX_POINT('',#9754);
#2660=VERTEX_POINT('',#9758);
#2661=VERTEX_POINT('',#9760);
#2662=VERTEX_POINT('',#9764);
#2663=VERTEX_POINT('',#9766);
#2664=VERTEX_POINT('',#9770);
#2665=VERTEX_POINT('',#9772);
#2666=VERTEX_POINT('',#9776);
#2667=VERTEX_POINT('',#9778);
#2668=VERTEX_POINT('',#9782);
#2669=VERTEX_POINT('',#9784);
#2670=VERTEX_POINT('',#9788);
#2671=VERTEX_POINT('',#9790);
#2672=VERTEX_POINT('',#9794);
#2673=VERTEX_POINT('',#9796);
#2674=VERTEX_POINT('',#9800);
#2675=VERTEX_POINT('',#9802);
#2676=VERTEX_POINT('',#9806);
#2677=VERTEX_POINT('',#9808);
#2678=VERTEX_POINT('',#9812);
#2679=VERTEX_POINT('',#9814);
#2680=VERTEX_POINT('',#9818);
#2681=VERTEX_POINT('',#9820);
#2682=VERTEX_POINT('',#9825);
#2683=VERTEX_POINT('',#9829);
#2684=VERTEX_POINT('',#9833);
#2685=VERTEX_POINT('',#9837);
#2686=VERTEX_POINT('',#9841);
#2687=VERTEX_POINT('',#9892);
#2688=VERTEX_POINT('',#9893);
#2689=VERTEX_POINT('',#9895);
#2690=VERTEX_POINT('',#9897);
#2691=VERTEX_POINT('',#9899);
#2692=VERTEX_POINT('',#9901);
#2693=VERTEX_POINT('',#9903);
#2694=VERTEX_POINT('',#9905);
#2695=VERTEX_POINT('',#9907);
#2696=VERTEX_POINT('',#9909);
#2697=VERTEX_POINT('',#9911);
#2698=VERTEX_POINT('',#9913);
#2699=VERTEX_POINT('',#9915);
#2700=VERTEX_POINT('',#9917);
#2701=VERTEX_POINT('',#9919);
#2702=VERTEX_POINT('',#9921);
#2703=VERTEX_POINT('',#9923);
#2704=VERTEX_POINT('',#9925);
#2705=VERTEX_POINT('',#9927);
#2706=VERTEX_POINT('',#9929);
#2707=VERTEX_POINT('',#9931);
#2708=VERTEX_POINT('',#10010);
#2709=VERTEX_POINT('',#10011);
#2710=VERTEX_POINT('',#10013);
#2711=VERTEX_POINT('',#10015);
#2712=VERTEX_POINT('',#10017);
#2713=VERTEX_POINT('',#10019);
#2714=VERTEX_POINT('',#10021);
#2715=VERTEX_POINT('',#10023);
#2716=VERTEX_POINT('',#10025);
#2717=VERTEX_POINT('',#10027);
#2718=VERTEX_POINT('',#10030);
#2719=VERTEX_POINT('',#10032);
#2720=VERTEX_POINT('',#10034);
#2721=VERTEX_POINT('',#10037);
#2722=VERTEX_POINT('',#10039);
#2723=VERTEX_POINT('',#10043);
#2724=VERTEX_POINT('',#10047);
#2725=VERTEX_POINT('',#10051);
#2726=VERTEX_POINT('',#10055);
#2727=VERTEX_POINT('',#10059);
#2728=VERTEX_POINT('',#10063);
#2729=VERTEX_POINT('',#10067);
#2730=VERTEX_POINT('',#10071);
#2731=VERTEX_POINT('',#10075);
#2732=VERTEX_POINT('',#10079);
#2733=VERTEX_POINT('',#10083);
#2734=VERTEX_POINT('',#10090);
#2735=VERTEX_POINT('',#10091);
#2736=VERTEX_POINT('',#10093);
#2737=VERTEX_POINT('',#10095);
#2738=VERTEX_POINT('',#10099);
#2739=VERTEX_POINT('',#10101);
#2740=VERTEX_POINT('',#10105);
#2741=VERTEX_POINT('',#10107);
#2742=VERTEX_POINT('',#10111);
#2743=VERTEX_POINT('',#10113);
#2744=VERTEX_POINT('',#10117);
#2745=VERTEX_POINT('',#10119);
#2746=VERTEX_POINT('',#10123);
#2747=VERTEX_POINT('',#10125);
#2748=VERTEX_POINT('',#10129);
#2749=VERTEX_POINT('',#10131);
#2750=VERTEX_POINT('',#10135);
#2751=VERTEX_POINT('',#10137);
#2752=VERTEX_POINT('',#10141);
#2753=VERTEX_POINT('',#10143);
#2754=VERTEX_POINT('',#10150);
#2755=VERTEX_POINT('',#10151);
#2756=VERTEX_POINT('',#10153);
#2757=VERTEX_POINT('',#10155);
#2758=VERTEX_POINT('',#10159);
#2759=VERTEX_POINT('',#10161);
#2760=VERTEX_POINT('',#10165);
#2761=VERTEX_POINT('',#10167);
#2762=VERTEX_POINT('',#10171);
#2763=VERTEX_POINT('',#10173);
#2764=VERTEX_POINT('',#10177);
#2765=VERTEX_POINT('',#10179);
#2766=VERTEX_POINT('',#10183);
#2767=VERTEX_POINT('',#10185);
#2768=VERTEX_POINT('',#10189);
#2769=VERTEX_POINT('',#10191);
#2770=VERTEX_POINT('',#10200);
#2771=VERTEX_POINT('',#10201);
#2772=VERTEX_POINT('',#10203);
#2773=VERTEX_POINT('',#10205);
#2774=VERTEX_POINT('',#10209);
#2775=VERTEX_POINT('',#10211);
#2776=VERTEX_POINT('',#10215);
#2777=VERTEX_POINT('',#10217);
#2778=VERTEX_POINT('',#10221);
#2779=VERTEX_POINT('',#10223);
#2780=VERTEX_POINT('',#10227);
#2781=VERTEX_POINT('',#10229);
#2782=VERTEX_POINT('',#10233);
#2783=VERTEX_POINT('',#10235);
#2784=VERTEX_POINT('',#10239);
#2785=VERTEX_POINT('',#10241);
#2786=VERTEX_POINT('',#10245);
#2787=VERTEX_POINT('',#10247);
#2788=VERTEX_POINT('',#10251);
#2789=VERTEX_POINT('',#10253);
#2790=VERTEX_POINT('',#10260);
#2791=VERTEX_POINT('',#10261);
#2792=VERTEX_POINT('',#10263);
#2793=VERTEX_POINT('',#10265);
#2794=VERTEX_POINT('',#10269);
#2795=VERTEX_POINT('',#10271);
#2796=VERTEX_POINT('',#10275);
#2797=VERTEX_POINT('',#10277);
#2798=VERTEX_POINT('',#10281);
#2799=VERTEX_POINT('',#10283);
#2800=VERTEX_POINT('',#10287);
#2801=VERTEX_POINT('',#10289);
#2802=VERTEX_POINT('',#10293);
#2803=VERTEX_POINT('',#10295);
#2804=VERTEX_POINT('',#10299);
#2805=VERTEX_POINT('',#10301);
#2806=EDGE_CURVE('',#2287,#2288,#1319,.T.);
#2807=EDGE_CURVE('',#2287,#2289,#1320,.T.);
#2808=EDGE_CURVE('',#2289,#2290,#1321,.T.);
#2809=EDGE_CURVE('',#2290,#2291,#1322,.T.);
#2810=EDGE_CURVE('',#2291,#2288,#1323,.T.);
#2811=EDGE_CURVE('',#2292,#2293,#1324,.T.);
#2812=EDGE_CURVE('',#2287,#2292,#255,.T.);
#2813=EDGE_CURVE('',#2288,#2293,#256,.T.);
#2814=EDGE_CURVE('',#2294,#2295,#1325,.T.);
#2815=EDGE_CURVE('',#2294,#2292,#1326,.T.);
#2816=EDGE_CURVE('',#2293,#2295,#1327,.T.);
#2817=EDGE_CURVE('',#2296,#2297,#1328,.T.);
#2818=EDGE_CURVE('',#2294,#2296,#257,.T.);
#2819=EDGE_CURVE('',#2295,#2297,#258,.T.);
#2820=EDGE_CURVE('',#2298,#2299,#1329,.T.);
#2821=EDGE_CURVE('',#2298,#2296,#1330,.T.);
#2822=EDGE_CURVE('',#2297,#2300,#1331,.T.);
#2823=EDGE_CURVE('',#2299,#2300,#1332,.T.);
#2824=EDGE_CURVE('',#2301,#2299,#1333,.T.);
#2825=EDGE_CURVE('',#2301,#2298,#259,.T.);
#2826=EDGE_CURVE('',#2302,#2303,#1334,.T.);
#2827=EDGE_CURVE('',#2302,#2301,#1335,.T.);
#2828=EDGE_CURVE('',#2300,#2304,#1336,.T.);
#2829=EDGE_CURVE('',#2303,#2304,#1337,.T.);
#2830=EDGE_CURVE('',#2305,#2303,#1338,.T.);
#2831=EDGE_CURVE('',#2305,#2302,#260,.T.);
#2832=EDGE_CURVE('',#2306,#2307,#1339,.T.);
#2833=EDGE_CURVE('',#2306,#2305,#1340,.T.);
#2834=EDGE_CURVE('',#2304,#2307,#1341,.T.);
#2835=EDGE_CURVE('',#2308,#2309,#1342,.T.);
#2836=EDGE_CURVE('',#2306,#2308,#261,.T.);
#2837=EDGE_CURVE('',#2307,#2309,#262,.T.);
#2838=EDGE_CURVE('',#2310,#2311,#1343,.T.);
#2839=EDGE_CURVE('',#2310,#2308,#1344,.T.);
#2840=EDGE_CURVE('',#2309,#2311,#1345,.T.);
#2841=EDGE_CURVE('',#2312,#2313,#1346,.T.);
#2842=EDGE_CURVE('',#2310,#2312,#263,.T.);
#2843=EDGE_CURVE('',#2311,#2313,#264,.T.);
#2844=EDGE_CURVE('',#2314,#2315,#1347,.T.);
#2845=EDGE_CURVE('',#2314,#2312,#1348,.T.);
#2846=EDGE_CURVE('',#2313,#2316,#1349,.T.);
#2847=EDGE_CURVE('',#2315,#2316,#1350,.T.);
#2848=EDGE_CURVE('',#2317,#2315,#1351,.T.);
#2849=EDGE_CURVE('',#2317,#2314,#265,.T.);
#2850=EDGE_CURVE('',#2318,#2319,#1352,.T.);
#2851=EDGE_CURVE('',#2318,#2317,#1353,.T.);
#2852=EDGE_CURVE('',#2316,#2320,#1354,.T.);
#2853=EDGE_CURVE('',#2319,#2320,#1355,.T.);
#2854=EDGE_CURVE('',#2321,#2319,#1356,.T.);
#2855=EDGE_CURVE('',#2321,#2318,#266,.T.);
#2856=EDGE_CURVE('',#2322,#2323,#1357,.T.);
#2857=EDGE_CURVE('',#2322,#2321,#1358,.T.);
#2858=EDGE_CURVE('',#2320,#2323,#1359,.T.);
#2859=EDGE_CURVE('',#2324,#2325,#1360,.T.);
#2860=EDGE_CURVE('',#2322,#2324,#267,.T.);
#2861=EDGE_CURVE('',#2323,#2325,#268,.T.);
#2862=EDGE_CURVE('',#2326,#2327,#1361,.T.);
#2863=EDGE_CURVE('',#2326,#2324,#1362,.T.);
#2864=EDGE_CURVE('',#2325,#2328,#1363,.T.);
#2865=EDGE_CURVE('',#2327,#2328,#1364,.T.);
#2866=EDGE_CURVE('',#2329,#2327,#1365,.T.);
#2867=EDGE_CURVE('',#2329,#2326,#269,.T.);
#2868=EDGE_CURVE('',#2330,#2331,#1366,.T.);
#2869=EDGE_CURVE('',#2330,#2329,#1367,.T.);
#2870=EDGE_CURVE('',#2328,#2332,#1368,.T.);
#2871=EDGE_CURVE('',#2331,#2332,#1369,.T.);
#2872=EDGE_CURVE('',#2333,#2331,#1370,.T.);
#2873=EDGE_CURVE('',#2333,#2330,#270,.T.);
#2874=EDGE_CURVE('',#2334,#2335,#1371,.T.);
#2875=EDGE_CURVE('',#2334,#2333,#1372,.T.);
#2876=EDGE_CURVE('',#2332,#2335,#1373,.T.);
#2877=EDGE_CURVE('',#2336,#2337,#1374,.T.);
#2878=EDGE_CURVE('',#2334,#2336,#271,.T.);
#2879=EDGE_CURVE('',#2335,#2337,#272,.T.);
#2880=EDGE_CURVE('',#2338,#2339,#1375,.T.);
#2881=EDGE_CURVE('',#2338,#2336,#1376,.T.);
#2882=EDGE_CURVE('',#2337,#2339,#1377,.T.);
#2883=EDGE_CURVE('',#2340,#2341,#1378,.T.);
#2884=EDGE_CURVE('',#2338,#2340,#273,.T.);
#2885=EDGE_CURVE('',#2339,#2341,#274,.T.);
#2886=EDGE_CURVE('',#2342,#2343,#253,.T.);
#2887=EDGE_CURVE('',#2342,#2340,#1379,.T.);
#2888=EDGE_CURVE('',#2341,#2344,#1380,.T.);
#2889=EDGE_CURVE('',#2343,#2344,#1381,.T.);
#2890=EDGE_CURVE('',#2345,#2343,#1382,.T.);
#2891=EDGE_CURVE('',#2345,#2342,#275,.T.);
#2892=EDGE_CURVE('',#2346,#2290,#1383,.T.);
#2893=EDGE_CURVE('',#2346,#2345,#1384,.T.);
#2894=EDGE_CURVE('',#2344,#2291,#1385,.T.);
#2895=EDGE_CURVE('',#2289,#2346,#276,.T.);
#2896=EDGE_CURVE('',#2347,#2348,#1386,.T.);
#2897=EDGE_CURVE('',#2349,#2347,#1387,.T.);
#2898=EDGE_CURVE('',#2350,#2349,#1388,.T.);
#2899=EDGE_CURVE('',#2350,#2348,#1389,.T.);
#2900=EDGE_CURVE('',#2348,#2351,#277,.T.);
#2901=EDGE_CURVE('',#2352,#2350,#278,.T.);
#2902=EDGE_CURVE('',#2352,#2351,#1390,.T.);
#2903=EDGE_CURVE('',#2351,#2353,#1391,.T.);
#2904=EDGE_CURVE('',#2354,#2352,#1392,.T.);
#2905=EDGE_CURVE('',#2354,#2353,#1393,.T.);
#2906=EDGE_CURVE('',#2353,#2355,#279,.T.);
#2907=EDGE_CURVE('',#2356,#2354,#280,.T.);
#2908=EDGE_CURVE('',#2356,#2355,#1394,.T.);
#2909=EDGE_CURVE('',#2355,#2357,#1395,.T.);
#2910=EDGE_CURVE('',#2358,#2356,#1396,.T.);
#2911=EDGE_CURVE('',#2358,#2357,#1397,.T.);
#2912=EDGE_CURVE('',#2357,#2359,#281,.T.);
#2913=EDGE_CURVE('',#2360,#2358,#282,.T.);
#2914=EDGE_CURVE('',#2360,#2359,#1398,.T.);
#2915=EDGE_CURVE('',#2359,#2361,#1399,.T.);
#2916=EDGE_CURVE('',#2362,#2360,#1400,.T.);
#2917=EDGE_CURVE('',#2362,#2361,#1401,.T.);
#2918=EDGE_CURVE('',#2361,#2347,#283,.T.);
#2919=EDGE_CURVE('',#2349,#2362,#284,.T.);
#2920=EDGE_CURVE('',#2363,#2364,#1402,.T.);
#2921=EDGE_CURVE('',#2365,#2363,#1403,.T.);
#2922=EDGE_CURVE('',#2366,#2365,#1404,.T.);
#2923=EDGE_CURVE('',#2366,#2364,#1405,.T.);
#2924=EDGE_CURVE('',#2364,#2367,#285,.T.);
#2925=EDGE_CURVE('',#2368,#2366,#286,.T.);
#2926=EDGE_CURVE('',#2368,#2367,#1406,.T.);
#2927=EDGE_CURVE('',#2367,#2369,#1407,.T.);
#2928=EDGE_CURVE('',#2370,#2368,#1408,.T.);
#2929=EDGE_CURVE('',#2370,#2369,#1409,.T.);
#2930=EDGE_CURVE('',#2369,#2371,#287,.T.);
#2931=EDGE_CURVE('',#2372,#2370,#288,.T.);
#2932=EDGE_CURVE('',#2372,#2371,#1410,.T.);
#2933=EDGE_CURVE('',#2371,#2373,#1411,.T.);
#2934=EDGE_CURVE('',#2374,#2372,#1412,.T.);
#2935=EDGE_CURVE('',#2374,#2373,#1413,.T.);
#2936=EDGE_CURVE('',#2373,#2375,#289,.T.);
#2937=EDGE_CURVE('',#2376,#2374,#290,.T.);
#2938=EDGE_CURVE('',#2376,#2375,#1414,.T.);
#2939=EDGE_CURVE('',#2375,#2377,#1415,.T.);
#2940=EDGE_CURVE('',#2378,#2376,#1416,.T.);
#2941=EDGE_CURVE('',#2378,#2377,#1417,.T.);
#2942=EDGE_CURVE('',#2377,#2363,#291,.T.);
#2943=EDGE_CURVE('',#2365,#2378,#292,.T.);
#2944=EDGE_CURVE('',#2379,#2380,#1418,.T.);
#2945=EDGE_CURVE('',#2381,#2379,#1419,.T.);
#2946=EDGE_CURVE('',#2382,#2381,#1420,.T.);
#2947=EDGE_CURVE('',#2382,#2380,#1421,.T.);
#2948=EDGE_CURVE('',#2380,#2383,#293,.T.);
#2949=EDGE_CURVE('',#2384,#2382,#294,.T.);
#2950=EDGE_CURVE('',#2384,#2383,#1422,.T.);
#2951=EDGE_CURVE('',#2383,#2385,#1423,.T.);
#2952=EDGE_CURVE('',#2386,#2384,#1424,.T.);
#2953=EDGE_CURVE('',#2386,#2385,#1425,.T.);
#2954=EDGE_CURVE('',#2385,#2387,#295,.T.);
#2955=EDGE_CURVE('',#2388,#2386,#296,.T.);
#2956=EDGE_CURVE('',#2388,#2387,#1426,.T.);
#2957=EDGE_CURVE('',#2387,#2389,#1427,.T.);
#2958=EDGE_CURVE('',#2390,#2388,#1428,.T.);
#2959=EDGE_CURVE('',#2390,#2389,#1429,.T.);
#2960=EDGE_CURVE('',#2389,#2391,#297,.T.);
#2961=EDGE_CURVE('',#2392,#2390,#298,.T.);
#2962=EDGE_CURVE('',#2392,#2391,#1430,.T.);
#2963=EDGE_CURVE('',#2391,#2393,#1431,.T.);
#2964=EDGE_CURVE('',#2394,#2392,#1432,.T.);
#2965=EDGE_CURVE('',#2394,#2393,#1433,.T.);
#2966=EDGE_CURVE('',#2393,#2379,#299,.T.);
#2967=EDGE_CURVE('',#2381,#2394,#300,.T.);
#2968=EDGE_CURVE('',#2395,#2396,#1434,.T.);
#2969=EDGE_CURVE('',#2397,#2395,#1435,.T.);
#2970=EDGE_CURVE('',#2398,#2397,#1436,.T.);
#2971=EDGE_CURVE('',#2398,#2396,#1437,.T.);
#2972=EDGE_CURVE('',#2396,#2399,#301,.T.);
#2973=EDGE_CURVE('',#2400,#2398,#302,.T.);
#2974=EDGE_CURVE('',#2400,#2399,#1438,.T.);
#2975=EDGE_CURVE('',#2399,#2401,#1439,.T.);
#2976=EDGE_CURVE('',#2402,#2400,#1440,.T.);
#2977=EDGE_CURVE('',#2402,#2401,#1441,.T.);
#2978=EDGE_CURVE('',#2401,#2403,#303,.T.);
#2979=EDGE_CURVE('',#2404,#2402,#304,.T.);
#2980=EDGE_CURVE('',#2404,#2403,#1442,.T.);
#2981=EDGE_CURVE('',#2403,#2405,#1443,.T.);
#2982=EDGE_CURVE('',#2406,#2404,#1444,.T.);
#2983=EDGE_CURVE('',#2406,#2405,#1445,.T.);
#2984=EDGE_CURVE('',#2405,#2407,#305,.T.);
#2985=EDGE_CURVE('',#2408,#2406,#306,.T.);
#2986=EDGE_CURVE('',#2408,#2407,#1446,.T.);
#2987=EDGE_CURVE('',#2407,#2409,#1447,.T.);
#2988=EDGE_CURVE('',#2410,#2408,#1448,.T.);
#2989=EDGE_CURVE('',#2410,#2409,#1449,.T.);
#2990=EDGE_CURVE('',#2409,#2395,#307,.T.);
#2991=EDGE_CURVE('',#2397,#2410,#308,.T.);
#2992=EDGE_CURVE('',#2411,#2412,#1450,.T.);
#2993=EDGE_CURVE('',#2413,#2411,#1451,.T.);
#2994=EDGE_CURVE('',#2414,#2413,#1452,.T.);
#2995=EDGE_CURVE('',#2414,#2412,#1453,.T.);
#2996=EDGE_CURVE('',#2412,#2415,#309,.T.);
#2997=EDGE_CURVE('',#2416,#2414,#310,.T.);
#2998=EDGE_CURVE('',#2416,#2415,#1454,.T.);
#2999=EDGE_CURVE('',#2415,#2417,#1455,.T.);
#3000=EDGE_CURVE('',#2418,#2416,#1456,.T.);
#3001=EDGE_CURVE('',#2418,#2417,#1457,.T.);
#3002=EDGE_CURVE('',#2417,#2419,#311,.T.);
#3003=EDGE_CURVE('',#2420,#2418,#312,.T.);
#3004=EDGE_CURVE('',#2420,#2419,#1458,.T.);
#3005=EDGE_CURVE('',#2419,#2421,#1459,.T.);
#3006=EDGE_CURVE('',#2422,#2420,#1460,.T.);
#3007=EDGE_CURVE('',#2422,#2421,#1461,.T.);
#3008=EDGE_CURVE('',#2421,#2423,#313,.T.);
#3009=EDGE_CURVE('',#2424,#2422,#314,.T.);
#3010=EDGE_CURVE('',#2424,#2423,#1462,.T.);
#3011=EDGE_CURVE('',#2423,#2425,#1463,.T.);
#3012=EDGE_CURVE('',#2426,#2424,#1464,.T.);
#3013=EDGE_CURVE('',#2426,#2425,#1465,.T.);
#3014=EDGE_CURVE('',#2425,#2411,#315,.T.);
#3015=EDGE_CURVE('',#2413,#2426,#316,.T.);
#3016=EDGE_CURVE('',#2427,#2428,#1466,.T.);
#3017=EDGE_CURVE('',#2427,#2429,#1467,.T.);
#3018=EDGE_CURVE('',#2430,#2429,#1468,.T.);
#3019=EDGE_CURVE('',#2428,#2430,#1469,.T.);
#3020=EDGE_CURVE('',#2428,#2431,#317,.T.);
#3021=EDGE_CURVE('',#2432,#2430,#318,.T.);
#3022=EDGE_CURVE('',#2431,#2432,#1470,.T.);
#3023=EDGE_CURVE('',#2431,#2433,#1471,.T.);
#3024=EDGE_CURVE('',#2434,#2432,#1472,.T.);
#3025=EDGE_CURVE('',#2433,#2434,#1473,.T.);
#3026=EDGE_CURVE('',#2433,#2435,#319,.T.);
#3027=EDGE_CURVE('',#2436,#2434,#320,.T.);
#3028=EDGE_CURVE('',#2435,#2436,#1474,.T.);
#3029=EDGE_CURVE('',#2435,#2437,#1475,.T.);
#3030=EDGE_CURVE('',#2438,#2436,#1476,.T.);
#3031=EDGE_CURVE('',#2437,#2438,#1477,.T.);
#3032=EDGE_CURVE('',#2439,#2440,#1478,.T.);
#3033=EDGE_CURVE('',#2439,#2441,#1479,.T.);
#3034=EDGE_CURVE('',#2442,#2441,#1480,.T.);
#3035=EDGE_CURVE('',#2440,#2442,#1481,.T.);
#3036=EDGE_CURVE('',#2440,#2443,#321,.T.);
#3037=EDGE_CURVE('',#2444,#2442,#322,.T.);
#3038=EDGE_CURVE('',#2443,#2444,#1482,.T.);
#3039=EDGE_CURVE('',#2443,#2445,#1483,.T.);
#3040=EDGE_CURVE('',#2446,#2444,#1484,.T.);
#3041=EDGE_CURVE('',#2445,#2446,#1485,.T.);
#3042=EDGE_CURVE('',#2445,#2427,#323,.T.);
#3043=EDGE_CURVE('',#2429,#2446,#324,.T.);
#3044=EDGE_CURVE('',#2447,#2448,#1486,.T.);
#3045=EDGE_CURVE('',#2447,#2449,#1487,.T.);
#3046=EDGE_CURVE('',#2450,#2449,#1488,.T.);
#3047=EDGE_CURVE('',#2448,#2450,#1489,.T.);
#3048=EDGE_CURVE('',#2448,#2451,#325,.T.);
#3049=EDGE_CURVE('',#2452,#2450,#326,.T.);
#3050=EDGE_CURVE('',#2451,#2452,#1490,.T.);
#3051=EDGE_CURVE('',#2451,#2453,#1491,.T.);
#3052=EDGE_CURVE('',#2454,#2452,#1492,.T.);
#3053=EDGE_CURVE('',#2453,#2454,#1493,.T.);
#3054=EDGE_CURVE('',#2453,#2455,#327,.T.);
#3055=EDGE_CURVE('',#2456,#2454,#328,.T.);
#3056=EDGE_CURVE('',#2455,#2456,#1494,.T.);
#3057=EDGE_CURVE('',#2455,#2457,#1495,.T.);
#3058=EDGE_CURVE('',#2458,#2456,#1496,.T.);
#3059=EDGE_CURVE('',#2457,#2458,#1497,.T.);
#3060=EDGE_CURVE('',#2457,#2459,#329,.T.);
#3061=EDGE_CURVE('',#2460,#2458,#330,.T.);
#3062=EDGE_CURVE('',#2459,#2460,#1498,.T.);
#3063=EDGE_CURVE('',#2459,#2461,#1499,.T.);
#3064=EDGE_CURVE('',#2462,#2460,#1500,.T.);
#3065=EDGE_CURVE('',#2461,#2462,#1501,.T.);
#3066=EDGE_CURVE('',#2461,#2447,#331,.T.);
#3067=EDGE_CURVE('',#2449,#2462,#332,.T.);
#3068=EDGE_CURVE('',#2441,#2463,#333,.T.);
#3069=EDGE_CURVE('',#2463,#2438,#334,.T.);
#3070=EDGE_CURVE('',#2464,#2465,#1502,.T.);
#3071=EDGE_CURVE('',#2466,#2464,#1503,.T.);
#3072=EDGE_CURVE('',#2467,#2466,#335,.T.);
#3073=EDGE_CURVE('',#2468,#2467,#1504,.T.);
#3074=EDGE_CURVE('',#2469,#2468,#336,.T.);
#3075=EDGE_CURVE('',#2470,#2469,#1505,.T.);
#3076=EDGE_CURVE('',#2471,#2470,#337,.T.);
#3077=EDGE_CURVE('',#2472,#2471,#1506,.T.);
#3078=EDGE_CURVE('',#2473,#2472,#338,.T.);
#3079=EDGE_CURVE('',#2474,#2473,#1507,.T.);
#3080=EDGE_CURVE('',#2475,#2474,#339,.T.);
#3081=EDGE_CURVE('',#2476,#2475,#1508,.T.);
#3082=EDGE_CURVE('',#2477,#2476,#340,.T.);
#3083=EDGE_CURVE('',#2478,#2477,#1509,.T.);
#3084=EDGE_CURVE('',#2479,#2478,#341,.T.);
#3085=EDGE_CURVE('',#2480,#2479,#1510,.T.);
#3086=EDGE_CURVE('',#2481,#2480,#342,.T.);
#3087=EDGE_CURVE('',#2482,#2481,#1511,.T.);
#3088=EDGE_CURVE('',#2483,#2482,#343,.T.);
#3089=EDGE_CURVE('',#2484,#2483,#1512,.T.);
#3090=EDGE_CURVE('',#2485,#2484,#1513,.T.);
#3091=EDGE_CURVE('',#2486,#2485,#1514,.T.);
#3092=EDGE_CURVE('',#2487,#2486,#344,.T.);
#3093=EDGE_CURVE('',#2488,#2487,#1515,.T.);
#3094=EDGE_CURVE('',#2465,#2488,#345,.T.);
#3095=EDGE_CURVE('',#2489,#2489,#346,.T.);
#3096=EDGE_CURVE('',#2490,#2490,#347,.T.);
#3097=EDGE_CURVE('',#2490,#2491,#1516,.T.);
#3098=EDGE_CURVE('',#2491,#2491,#348,.T.);
#3099=EDGE_CURVE('',#2492,#2492,#349,.T.);
#3100=EDGE_CURVE('',#2492,#2493,#1517,.T.);
#3101=EDGE_CURVE('',#2493,#2493,#350,.T.);
#3102=EDGE_CURVE('',#2463,#2494,#1518,.T.);
#3103=EDGE_CURVE('',#2494,#2494,#351,.T.);
#3104=EDGE_CURVE('',#2437,#2439,#352,.T.);
#3105=EDGE_CURVE('',#2495,#2495,#353,.T.);
#3106=EDGE_CURVE('',#2495,#2496,#1519,.T.);
#3107=EDGE_CURVE('',#2496,#2496,#354,.T.);
#3108=EDGE_CURVE('',#2489,#2497,#1520,.T.);
#3109=EDGE_CURVE('',#2497,#2497,#355,.T.);
#3110=EDGE_CURVE('',#2498,#2464,#356,.F.);
#3111=EDGE_CURVE('',#2499,#2498,#357,.F.);
#3112=EDGE_CURVE('',#2464,#2499,#358,.F.);
#3113=EDGE_CURVE('',#2500,#2501,#75,.T.);
#3114=EDGE_CURVE('',#2501,#2499,#1521,.T.);
#3115=EDGE_CURVE('',#2498,#2500,#1522,.T.);
#3116=EDGE_CURVE('',#2502,#2485,#359,.F.);
#3117=EDGE_CURVE('',#2503,#2502,#360,.F.);
#3118=EDGE_CURVE('',#2485,#2503,#361,.F.);
#3119=EDGE_CURVE('',#2504,#2505,#76,.T.);
#3120=EDGE_CURVE('',#2505,#2503,#1523,.T.);
#3121=EDGE_CURVE('',#2502,#2504,#1524,.T.);
#3122=EDGE_CURVE('',#2465,#2506,#362,.T.);
#3123=EDGE_CURVE('',#2506,#2498,#1525,.T.);
#3124=EDGE_CURVE('',#2488,#2507,#363,.T.);
#3125=EDGE_CURVE('',#2507,#2506,#364,.T.);
#3126=EDGE_CURVE('',#2487,#2508,#365,.T.);
#3127=EDGE_CURVE('',#2508,#2507,#1526,.T.);
#3128=EDGE_CURVE('',#2486,#2509,#366,.T.);
#3129=EDGE_CURVE('',#2509,#2508,#367,.T.);
#3130=EDGE_CURVE('',#2503,#2509,#1527,.T.);
#3131=EDGE_CURVE('',#2510,#2466,#368,.F.);
#3132=EDGE_CURVE('',#2511,#2510,#369,.F.);
#3133=EDGE_CURVE('',#2466,#2511,#370,.F.);
#3134=EDGE_CURVE('',#2512,#2513,#17,.T.);
#3135=EDGE_CURVE('',#2513,#2511,#18,.T.);
#3136=EDGE_CURVE('',#2510,#2512,#19,.T.);
#3137=EDGE_CURVE('',#2514,#2484,#371,.F.);
#3138=EDGE_CURVE('',#2515,#2514,#372,.F.);
#3139=EDGE_CURVE('',#2484,#2515,#373,.F.);
#3140=EDGE_CURVE('',#2516,#2517,#77,.T.);
#3141=EDGE_CURVE('',#2517,#2515,#1528,.T.);
#3142=EDGE_CURVE('',#2514,#2516,#1529,.T.);
#3143=EDGE_CURVE('',#2515,#2502,#1530,.T.);
#3144=EDGE_CURVE('',#2483,#2518,#374,.T.);
#3145=EDGE_CURVE('',#2518,#2514,#1531,.T.);
#3146=EDGE_CURVE('',#2482,#2519,#375,.T.);
#3147=EDGE_CURVE('',#2519,#2518,#376,.T.);
#3148=EDGE_CURVE('',#2481,#2520,#377,.T.);
#3149=EDGE_CURVE('',#2520,#2519,#1532,.T.);
#3150=EDGE_CURVE('',#2480,#2521,#378,.T.);
#3151=EDGE_CURVE('',#2521,#2520,#379,.T.);
#3152=EDGE_CURVE('',#2479,#2522,#380,.T.);
#3153=EDGE_CURVE('',#2522,#2521,#1533,.T.);
#3154=EDGE_CURVE('',#2478,#2523,#381,.T.);
#3155=EDGE_CURVE('',#2523,#2522,#382,.T.);
#3156=EDGE_CURVE('',#2477,#2524,#383,.T.);
#3157=EDGE_CURVE('',#2524,#2523,#1534,.T.);
#3158=EDGE_CURVE('',#2476,#2525,#384,.T.);
#3159=EDGE_CURVE('',#2525,#2524,#385,.T.);
#3160=EDGE_CURVE('',#2475,#2526,#386,.T.);
#3161=EDGE_CURVE('',#2526,#2525,#1535,.T.);
#3162=EDGE_CURVE('',#2474,#2527,#387,.T.);
#3163=EDGE_CURVE('',#2527,#2526,#388,.T.);
#3164=EDGE_CURVE('',#2473,#2528,#389,.T.);
#3165=EDGE_CURVE('',#2528,#2527,#1536,.T.);
#3166=EDGE_CURVE('',#2472,#2529,#390,.T.);
#3167=EDGE_CURVE('',#2529,#2528,#391,.T.);
#3168=EDGE_CURVE('',#2471,#2530,#392,.T.);
#3169=EDGE_CURVE('',#2530,#2529,#1537,.T.);
#3170=EDGE_CURVE('',#2470,#2531,#393,.T.);
#3171=EDGE_CURVE('',#2531,#2530,#394,.T.);
#3172=EDGE_CURVE('',#2469,#2532,#395,.T.);
#3173=EDGE_CURVE('',#2532,#2531,#1538,.T.);
#3174=EDGE_CURVE('',#2468,#2533,#396,.T.);
#3175=EDGE_CURVE('',#2533,#2532,#397,.T.);
#3176=EDGE_CURVE('',#2467,#2534,#398,.T.);
#3177=EDGE_CURVE('',#2534,#2533,#1539,.T.);
#3178=EDGE_CURVE('',#2511,#2534,#399,.T.);
#3179=EDGE_CURVE('',#2499,#2510,#1540,.T.);
#3180=EDGE_CURVE('',#2535,#2534,#1541,.T.);
#3181=EDGE_CURVE('',#2536,#2535,#1542,.T.);
#3182=EDGE_CURVE('',#2536,#2533,#1543,.T.);
#3183=EDGE_CURVE('',#2537,#2513,#1544,.T.);
#3184=EDGE_CURVE('',#2538,#2537,#400,.T.);
#3185=EDGE_CURVE('',#2539,#2538,#20,.T.);
#3186=EDGE_CURVE('',#2540,#2539,#254,.T.);
#3187=EDGE_CURVE('',#2535,#2540,#401,.T.);
#3188=EDGE_CURVE('',#2541,#2512,#1545,.T.);
#3189=EDGE_CURVE('',#2542,#2541,#402,.T.);
#3190=EDGE_CURVE('',#2543,#2542,#21,.T.);
#3191=EDGE_CURVE('',#2544,#2543,#22,.T.);
#3192=EDGE_CURVE('',#2537,#2544,#403,.T.);
#3193=EDGE_CURVE('',#2545,#2501,#1546,.T.);
#3194=EDGE_CURVE('',#2541,#2545,#1547,.T.);
#3195=EDGE_CURVE('',#2546,#2500,#1548,.T.);
#3196=EDGE_CURVE('',#2545,#2546,#404,.T.);
#3197=EDGE_CURVE('',#2547,#2506,#1549,.T.);
#3198=EDGE_CURVE('',#2546,#2547,#1550,.T.);
#3199=EDGE_CURVE('',#2548,#2507,#1551,.T.);
#3200=EDGE_CURVE('',#2547,#2548,#405,.T.);
#3201=EDGE_CURVE('',#2549,#2508,#1552,.T.);
#3202=EDGE_CURVE('',#2548,#2549,#1553,.T.);
#3203=EDGE_CURVE('',#2550,#2509,#1554,.T.);
#3204=EDGE_CURVE('',#2549,#2550,#406,.T.);
#3205=EDGE_CURVE('',#2551,#2505,#1555,.T.);
#3206=EDGE_CURVE('',#2550,#2551,#1556,.T.);
#3207=EDGE_CURVE('',#2552,#2504,#1557,.T.);
#3208=EDGE_CURVE('',#2551,#2552,#407,.T.);
#3209=EDGE_CURVE('',#2553,#2517,#1558,.T.);
#3210=EDGE_CURVE('',#2552,#2553,#1559,.T.);
#3211=EDGE_CURVE('',#2554,#2555,#408,.T.);
#3212=EDGE_CURVE('',#2555,#2556,#23,.T.);
#3213=EDGE_CURVE('',#2556,#2557,#409,.T.);
#3214=EDGE_CURVE('',#2557,#2554,#24,.T.);
#3215=EDGE_CURVE('',#2538,#2557,#25,.T.);
#3216=EDGE_CURVE('',#2556,#2539,#26,.T.);
#3217=EDGE_CURVE('',#2543,#2555,#27,.T.);
#3218=EDGE_CURVE('',#2554,#2544,#28,.T.);
#3219=EDGE_CURVE('',#2557,#2537,#410,.T.);
#3220=EDGE_CURVE('',#2558,#2555,#1560,.T.);
#3221=EDGE_CURVE('',#2559,#2558,#1561,.T.);
#3222=EDGE_CURVE('',#2559,#2560,#1562,.T.);
#3223=EDGE_CURVE('',#2561,#2560,#29,.T.);
#3224=EDGE_CURVE('',#2561,#2540,#30,.T.);
#3225=EDGE_CURVE('',#2562,#2558,#411,.F.);
#3226=EDGE_CURVE('',#2563,#2562,#412,.F.);
#3227=EDGE_CURVE('',#2558,#2563,#413,.F.);
#3228=EDGE_CURVE('',#2564,#2559,#414,.T.);
#3229=EDGE_CURVE('',#2563,#2564,#1563,.T.);
#3230=EDGE_CURVE('',#2565,#2566,#415,.T.);
#3231=EDGE_CURVE('',#2566,#2559,#416,.T.);
#3232=EDGE_CURVE('',#2564,#2565,#417,.T.);
#3233=EDGE_CURVE('',#2567,#2568,#418,.T.);
#3234=EDGE_CURVE('',#2568,#2566,#1564,.T.);
#3235=EDGE_CURVE('',#2565,#2567,#1565,.T.);
#3236=EDGE_CURVE('',#2569,#2570,#419,.T.);
#3237=EDGE_CURVE('',#2570,#2568,#420,.T.);
#3238=EDGE_CURVE('',#2567,#2569,#421,.T.);
#3239=EDGE_CURVE('',#2571,#2572,#422,.T.);
#3240=EDGE_CURVE('',#2572,#2570,#1566,.T.);
#3241=EDGE_CURVE('',#2569,#2571,#1567,.T.);
#3242=EDGE_CURVE('',#2573,#2574,#423,.T.);
#3243=EDGE_CURVE('',#2574,#2572,#424,.T.);
#3244=EDGE_CURVE('',#2571,#2573,#425,.T.);
#3245=EDGE_CURVE('',#2575,#2576,#426,.T.);
#3246=EDGE_CURVE('',#2576,#2574,#1568,.T.);
#3247=EDGE_CURVE('',#2573,#2575,#1569,.T.);
#3248=EDGE_CURVE('',#2577,#2578,#427,.T.);
#3249=EDGE_CURVE('',#2578,#2576,#428,.T.);
#3250=EDGE_CURVE('',#2575,#2577,#429,.T.);
#3251=EDGE_CURVE('',#2579,#2580,#430,.T.);
#3252=EDGE_CURVE('',#2580,#2578,#1570,.T.);
#3253=EDGE_CURVE('',#2577,#2579,#1571,.T.);
#3254=EDGE_CURVE('',#2581,#2582,#431,.T.);
#3255=EDGE_CURVE('',#2582,#2580,#432,.T.);
#3256=EDGE_CURVE('',#2579,#2581,#433,.T.);
#3257=EDGE_CURVE('',#2583,#2584,#434,.T.);
#3258=EDGE_CURVE('',#2584,#2582,#1572,.T.);
#3259=EDGE_CURVE('',#2581,#2583,#1573,.T.);
#3260=EDGE_CURVE('',#2585,#2586,#435,.T.);
#3261=EDGE_CURVE('',#2586,#2584,#436,.T.);
#3262=EDGE_CURVE('',#2583,#2585,#437,.T.);
#3263=EDGE_CURVE('',#2587,#2588,#438,.T.);
#3264=EDGE_CURVE('',#2588,#2586,#1574,.T.);
#3265=EDGE_CURVE('',#2585,#2587,#1575,.T.);
#3266=EDGE_CURVE('',#2589,#2590,#439,.T.);
#3267=EDGE_CURVE('',#2590,#2588,#440,.T.);
#3268=EDGE_CURVE('',#2587,#2589,#441,.T.);
#3269=EDGE_CURVE('',#2591,#2592,#442,.T.);
#3270=EDGE_CURVE('',#2592,#2590,#1576,.T.);
#3271=EDGE_CURVE('',#2589,#2591,#1577,.T.);
#3272=EDGE_CURVE('',#2593,#2594,#443,.T.);
#3273=EDGE_CURVE('',#2594,#2592,#444,.T.);
#3274=EDGE_CURVE('',#2591,#2593,#445,.T.);
#3275=EDGE_CURVE('',#2595,#2596,#446,.T.);
#3276=EDGE_CURVE('',#2596,#2594,#1578,.T.);
#3277=EDGE_CURVE('',#2593,#2595,#1579,.T.);
#3278=EDGE_CURVE('',#2597,#2598,#447,.T.);
#3279=EDGE_CURVE('',#2598,#2596,#448,.T.);
#3280=EDGE_CURVE('',#2595,#2597,#449,.T.);
#3281=EDGE_CURVE('',#2599,#2600,#450,.T.);
#3282=EDGE_CURVE('',#2600,#2598,#1580,.T.);
#3283=EDGE_CURVE('',#2597,#2599,#1581,.T.);
#3284=EDGE_CURVE('',#2601,#2602,#451,.T.);
#3285=EDGE_CURVE('',#2602,#2600,#452,.T.);
#3286=EDGE_CURVE('',#2599,#2601,#453,.T.);
#3287=EDGE_CURVE('',#2603,#2604,#454,.T.);
#3288=EDGE_CURVE('',#2604,#2602,#1582,.T.);
#3289=EDGE_CURVE('',#2601,#2603,#1583,.T.);
#3290=EDGE_CURVE('',#2605,#2606,#455,.T.);
#3291=EDGE_CURVE('',#2606,#2604,#456,.T.);
#3292=EDGE_CURVE('',#2603,#2605,#457,.T.);
#3293=EDGE_CURVE('',#2607,#2608,#458,.T.);
#3294=EDGE_CURVE('',#2608,#2606,#1584,.T.);
#3295=EDGE_CURVE('',#2605,#2607,#1585,.T.);
#3296=EDGE_CURVE('',#2609,#2610,#459,.T.);
#3297=EDGE_CURVE('',#2610,#2608,#460,.T.);
#3298=EDGE_CURVE('',#2607,#2609,#461,.T.);
#3299=EDGE_CURVE('',#2611,#2612,#462,.T.);
#3300=EDGE_CURVE('',#2612,#2610,#1586,.T.);
#3301=EDGE_CURVE('',#2609,#2611,#1587,.T.);
#3302=EDGE_CURVE('',#2613,#2614,#463,.T.);
#3303=EDGE_CURVE('',#2614,#2612,#464,.T.);
#3304=EDGE_CURVE('',#2611,#2613,#465,.T.);
#3305=EDGE_CURVE('',#2615,#2616,#466,.T.);
#3306=EDGE_CURVE('',#2616,#2614,#1588,.T.);
#3307=EDGE_CURVE('',#2613,#2615,#1589,.T.);
#3308=EDGE_CURVE('',#2617,#2618,#467,.T.);
#3309=EDGE_CURVE('',#2618,#2616,#468,.T.);
#3310=EDGE_CURVE('',#2615,#2617,#469,.T.);
#3311=EDGE_CURVE('',#2619,#2620,#470,.T.);
#3312=EDGE_CURVE('',#2620,#2618,#1590,.T.);
#3313=EDGE_CURVE('',#2617,#2619,#1591,.T.);
#3314=EDGE_CURVE('',#2562,#2620,#471,.T.);
#3315=EDGE_CURVE('',#2619,#2563,#472,.T.);
#3316=EDGE_CURVE('',#2542,#2621,#31,.T.);
#3317=EDGE_CURVE('',#2621,#2562,#1592,.T.);
#3318=EDGE_CURVE('',#2594,#2622,#1593,.T.);
#3319=EDGE_CURVE('',#2623,#2622,#473,.T.);
#3320=EDGE_CURVE('',#2592,#2623,#1594,.T.);
#3321=EDGE_CURVE('',#2596,#2624,#1595,.T.);
#3322=EDGE_CURVE('',#2622,#2624,#1596,.T.);
#3323=EDGE_CURVE('',#2598,#2625,#1597,.T.);
#3324=EDGE_CURVE('',#2624,#2625,#474,.T.);
#3325=EDGE_CURVE('',#2600,#2626,#1598,.T.);
#3326=EDGE_CURVE('',#2625,#2626,#1599,.T.);
#3327=EDGE_CURVE('',#2602,#2627,#1600,.T.);
#3328=EDGE_CURVE('',#2626,#2627,#475,.T.);
#3329=EDGE_CURVE('',#2604,#2628,#1601,.T.);
#3330=EDGE_CURVE('',#2627,#2628,#1602,.T.);
#3331=EDGE_CURVE('',#2606,#2629,#1603,.T.);
#3332=EDGE_CURVE('',#2628,#2629,#476,.T.);
#3333=EDGE_CURVE('',#2608,#2630,#1604,.T.);
#3334=EDGE_CURVE('',#2629,#2630,#1605,.T.);
#3335=EDGE_CURVE('',#2610,#2631,#1606,.T.);
#3336=EDGE_CURVE('',#2630,#2631,#477,.T.);
#3337=EDGE_CURVE('',#2612,#2632,#1607,.T.);
#3338=EDGE_CURVE('',#2631,#2632,#1608,.T.);
#3339=EDGE_CURVE('',#2614,#2633,#1609,.T.);
#3340=EDGE_CURVE('',#2632,#2633,#478,.T.);
#3341=EDGE_CURVE('',#2616,#2634,#1610,.T.);
#3342=EDGE_CURVE('',#2633,#2634,#1611,.T.);
#3343=EDGE_CURVE('',#2618,#2635,#1612,.T.);
#3344=EDGE_CURVE('',#2634,#2635,#479,.T.);
#3345=EDGE_CURVE('',#2620,#2636,#1613,.T.);
#3346=EDGE_CURVE('',#2635,#2636,#1614,.T.);
#3347=EDGE_CURVE('',#2636,#2621,#480,.T.);
#3348=EDGE_CURVE('',#2636,#2541,#481,.T.);
#3349=EDGE_CURVE('',#2637,#2638,#1615,.T.);
#3350=EDGE_CURVE('',#2639,#2637,#482,.T.);
#3351=EDGE_CURVE('',#2640,#2639,#1616,.T.);
#3352=EDGE_CURVE('',#2641,#2640,#483,.T.);
#3353=EDGE_CURVE('',#2642,#2641,#1617,.T.);
#3354=EDGE_CURVE('',#2643,#2642,#1618,.T.);
#3355=EDGE_CURVE('',#2644,#2643,#484,.T.);
#3356=EDGE_CURVE('',#2645,#2644,#1619,.T.);
#3357=EDGE_CURVE('',#2646,#2645,#485,.T.);
#3358=EDGE_CURVE('',#2647,#2646,#1620,.T.);
#3359=EDGE_CURVE('',#2648,#2647,#1621,.T.);
#3360=EDGE_CURVE('',#2649,#2648,#1622,.T.);
#3361=EDGE_CURVE('',#2650,#2649,#486,.T.);
#3362=EDGE_CURVE('',#2651,#2650,#1623,.T.);
#3363=EDGE_CURVE('',#2652,#2651,#1624,.T.);
#3364=EDGE_CURVE('',#2653,#2652,#1625,.T.);
#3365=EDGE_CURVE('',#2654,#2653,#487,.T.);
#3366=EDGE_CURVE('',#2655,#2654,#1626,.T.);
#3367=EDGE_CURVE('',#2656,#2655,#488,.T.);
#3368=EDGE_CURVE('',#2657,#2656,#1627,.T.);
#3369=EDGE_CURVE('',#2638,#2657,#1628,.T.);
#3370=EDGE_CURVE('',#2560,#2658,#489,.T.);
#3371=EDGE_CURVE('',#2658,#2535,#490,.T.);
#3372=EDGE_CURVE('',#2658,#2659,#1629,.T.);
#3373=EDGE_CURVE('',#2659,#2536,#491,.T.);
#3374=EDGE_CURVE('',#2659,#2660,#492,.T.);
#3375=EDGE_CURVE('',#2660,#2661,#493,.T.);
#3376=EDGE_CURVE('',#2661,#2536,#494,.T.);
#3377=EDGE_CURVE('',#2660,#2662,#1630,.T.);
#3378=EDGE_CURVE('',#2662,#2663,#495,.T.);
#3379=EDGE_CURVE('',#2663,#2661,#1631,.T.);
#3380=EDGE_CURVE('',#2662,#2664,#496,.T.);
#3381=EDGE_CURVE('',#2664,#2665,#497,.T.);
#3382=EDGE_CURVE('',#2665,#2663,#498,.T.);
#3383=EDGE_CURVE('',#2664,#2666,#1632,.T.);
#3384=EDGE_CURVE('',#2666,#2667,#499,.T.);
#3385=EDGE_CURVE('',#2667,#2665,#1633,.T.);
#3386=EDGE_CURVE('',#2666,#2668,#500,.T.);
#3387=EDGE_CURVE('',#2668,#2669,#501,.T.);
#3388=EDGE_CURVE('',#2669,#2667,#502,.T.);
#3389=EDGE_CURVE('',#2668,#2670,#1634,.T.);
#3390=EDGE_CURVE('',#2670,#2671,#503,.T.);
#3391=EDGE_CURVE('',#2671,#2669,#1635,.T.);
#3392=EDGE_CURVE('',#2670,#2672,#504,.T.);
#3393=EDGE_CURVE('',#2672,#2673,#505,.T.);
#3394=EDGE_CURVE('',#2673,#2671,#506,.T.);
#3395=EDGE_CURVE('',#2672,#2674,#1636,.T.);
#3396=EDGE_CURVE('',#2674,#2675,#507,.T.);
#3397=EDGE_CURVE('',#2675,#2673,#1637,.T.);
#3398=EDGE_CURVE('',#2674,#2676,#508,.T.);
#3399=EDGE_CURVE('',#2676,#2677,#509,.T.);
#3400=EDGE_CURVE('',#2677,#2675,#510,.T.);
#3401=EDGE_CURVE('',#2676,#2678,#1638,.T.);
#3402=EDGE_CURVE('',#2678,#2679,#511,.T.);
#3403=EDGE_CURVE('',#2679,#2677,#1639,.T.);
#3404=EDGE_CURVE('',#2678,#2680,#512,.T.);
#3405=EDGE_CURVE('',#2680,#2681,#513,.T.);
#3406=EDGE_CURVE('',#2681,#2679,#514,.T.);
#3407=EDGE_CURVE('',#2680,#2623,#1640,.T.);
#3408=EDGE_CURVE('',#2623,#2682,#515,.T.);
#3409=EDGE_CURVE('',#2682,#2681,#1641,.T.);
#3410=EDGE_CURVE('',#2622,#2683,#516,.T.);
#3411=EDGE_CURVE('',#2683,#2682,#517,.T.);
#3412=EDGE_CURVE('',#2624,#2684,#518,.T.);
#3413=EDGE_CURVE('',#2684,#2683,#1642,.T.);
#3414=EDGE_CURVE('',#2625,#2685,#519,.T.);
#3415=EDGE_CURVE('',#2685,#2684,#520,.T.);
#3416=EDGE_CURVE('',#2626,#2686,#521,.T.);
#3417=EDGE_CURVE('',#2686,#2685,#1643,.T.);
#3418=EDGE_CURVE('',#2627,#2553,#522,.T.);
#3419=EDGE_CURVE('',#2553,#2686,#523,.T.);
#3420=EDGE_CURVE('',#2628,#2552,#524,.T.);
#3421=EDGE_CURVE('',#2629,#2551,#525,.T.);
#3422=EDGE_CURVE('',#2630,#2550,#526,.T.);
#3423=EDGE_CURVE('',#2631,#2549,#527,.T.);
#3424=EDGE_CURVE('',#2632,#2548,#528,.T.);
#3425=EDGE_CURVE('',#2633,#2547,#529,.T.);
#3426=EDGE_CURVE('',#2634,#2546,#530,.T.);
#3427=EDGE_CURVE('',#2635,#2545,#531,.T.);
#3428=EDGE_CURVE('',#2590,#2680,#1644,.T.);
#3429=EDGE_CURVE('',#2588,#2678,#1645,.T.);
#3430=EDGE_CURVE('',#2586,#2676,#1646,.T.);
#3431=EDGE_CURVE('',#2584,#2674,#1647,.T.);
#3432=EDGE_CURVE('',#2582,#2672,#1648,.T.);
#3433=EDGE_CURVE('',#2580,#2670,#1649,.T.);
#3434=EDGE_CURVE('',#2578,#2668,#1650,.T.);
#3435=EDGE_CURVE('',#2576,#2666,#1651,.T.);
#3436=EDGE_CURVE('',#2574,#2664,#1652,.T.);
#3437=EDGE_CURVE('',#2572,#2662,#1653,.T.);
#3438=EDGE_CURVE('',#2570,#2660,#1654,.T.);
#3439=EDGE_CURVE('',#2568,#2659,#1655,.T.);
#3440=EDGE_CURVE('',#2566,#2658,#1656,.T.);
#3441=EDGE_CURVE('',#2687,#2688,#532,.T.);
#3442=EDGE_CURVE('',#2688,#2689,#1657,.T.);
#3443=EDGE_CURVE('',#2689,#2690,#1658,.T.);
#3444=EDGE_CURVE('',#2690,#2691,#1659,.T.);
#3445=EDGE_CURVE('',#2691,#2692,#533,.T.);
#3446=EDGE_CURVE('',#2692,#2693,#1660,.T.);
#3447=EDGE_CURVE('',#2693,#2694,#534,.T.);
#3448=EDGE_CURVE('',#2694,#2695,#1661,.T.);
#3449=EDGE_CURVE('',#2695,#2696,#1662,.T.);
#3450=EDGE_CURVE('',#2696,#2697,#1663,.T.);
#3451=EDGE_CURVE('',#2697,#2698,#535,.T.);
#3452=EDGE_CURVE('',#2698,#2699,#1664,.T.);
#3453=EDGE_CURVE('',#2699,#2700,#1665,.T.);
#3454=EDGE_CURVE('',#2700,#2701,#1666,.T.);
#3455=EDGE_CURVE('',#2701,#2702,#536,.T.);
#3456=EDGE_CURVE('',#2702,#2703,#1667,.T.);
#3457=EDGE_CURVE('',#2703,#2704,#537,.T.);
#3458=EDGE_CURVE('',#2704,#2705,#1668,.T.);
#3459=EDGE_CURVE('',#2705,#2706,#1669,.T.);
#3460=EDGE_CURVE('',#2706,#2707,#538,.T.);
#3461=EDGE_CURVE('',#2707,#2687,#1670,.T.);
#3462=EDGE_CURVE('',#2661,#2532,#1671,.T.);
#3463=EDGE_CURVE('',#2663,#2531,#1672,.T.);
#3464=EDGE_CURVE('',#2686,#2516,#1673,.T.);
#3465=EDGE_CURVE('',#2685,#2518,#1674,.T.);
#3466=EDGE_CURVE('',#2684,#2519,#1675,.T.);
#3467=EDGE_CURVE('',#2683,#2520,#1676,.T.);
#3468=EDGE_CURVE('',#2682,#2521,#1677,.T.);
#3469=EDGE_CURVE('',#2681,#2522,#1678,.T.);
#3470=EDGE_CURVE('',#2679,#2523,#1679,.T.);
#3471=EDGE_CURVE('',#2677,#2524,#1680,.T.);
#3472=EDGE_CURVE('',#2675,#2525,#1681,.T.);
#3473=EDGE_CURVE('',#2673,#2526,#1682,.T.);
#3474=EDGE_CURVE('',#2671,#2527,#1683,.T.);
#3475=EDGE_CURVE('',#2669,#2528,#1684,.T.);
#3476=EDGE_CURVE('',#2667,#2529,#1685,.T.);
#3477=EDGE_CURVE('',#2665,#2530,#1686,.T.);
#3478=EDGE_CURVE('',#2637,#2688,#1687,.T.);
#3479=EDGE_CURVE('',#2639,#2687,#1688,.T.);
#3480=EDGE_CURVE('',#2640,#2707,#1689,.T.);
#3481=EDGE_CURVE('',#2641,#2706,#1690,.T.);
#3482=EDGE_CURVE('',#2642,#2705,#1691,.T.);
#3483=EDGE_CURVE('',#2643,#2704,#1692,.T.);
#3484=EDGE_CURVE('',#2644,#2703,#1693,.T.);
#3485=EDGE_CURVE('',#2645,#2702,#1694,.T.);
#3486=EDGE_CURVE('',#2646,#2701,#1695,.T.);
#3487=EDGE_CURVE('',#2647,#2700,#1696,.T.);
#3488=EDGE_CURVE('',#2648,#2699,#1697,.T.);
#3489=EDGE_CURVE('',#2649,#2698,#1698,.T.);
#3490=EDGE_CURVE('',#2650,#2697,#1699,.T.);
#3491=EDGE_CURVE('',#2651,#2696,#1700,.T.);
#3492=EDGE_CURVE('',#2652,#2695,#1701,.T.);
#3493=EDGE_CURVE('',#2653,#2694,#1702,.T.);
#3494=EDGE_CURVE('',#2654,#2693,#1703,.T.);
#3495=EDGE_CURVE('',#2655,#2692,#1704,.T.);
#3496=EDGE_CURVE('',#2656,#2691,#1705,.T.);
#3497=EDGE_CURVE('',#2657,#2690,#1706,.T.);
#3498=EDGE_CURVE('',#2638,#2689,#1707,.T.);
#3499=EDGE_CURVE('',#2708,#2709,#539,.T.);
#3500=EDGE_CURVE('',#2710,#2708,#1708,.T.);
#3501=EDGE_CURVE('',#2711,#2710,#540,.T.);
#3502=EDGE_CURVE('',#2712,#2711,#1709,.T.);
#3503=EDGE_CURVE('',#2713,#2712,#541,.T.);
#3504=EDGE_CURVE('',#2714,#2713,#1710,.T.);
#3505=EDGE_CURVE('',#2715,#2714,#542,.T.);
#3506=EDGE_CURVE('',#2716,#2715,#1711,.T.);
#3507=EDGE_CURVE('',#2717,#2716,#543,.T.);
#3508=EDGE_CURVE('',#2709,#2717,#1712,.T.);
#3509=EDGE_CURVE('',#2718,#2718,#544,.T.);
#3510=EDGE_CURVE('',#2719,#2719,#545,.T.);
#3511=EDGE_CURVE('',#2720,#2720,#546,.T.);
#3512=EDGE_CURVE('',#2712,#2721,#1713,.T.);
#3513=EDGE_CURVE('',#2722,#2721,#547,.T.);
#3514=EDGE_CURVE('',#2713,#2722,#1714,.T.);
#3515=EDGE_CURVE('',#2711,#2723,#1715,.T.);
#3516=EDGE_CURVE('',#2721,#2723,#1716,.T.);
#3517=EDGE_CURVE('',#2710,#2724,#1717,.T.);
#3518=EDGE_CURVE('',#2723,#2724,#548,.T.);
#3519=EDGE_CURVE('',#2708,#2725,#1718,.T.);
#3520=EDGE_CURVE('',#2724,#2725,#1719,.T.);
#3521=EDGE_CURVE('',#2709,#2726,#1720,.T.);
#3522=EDGE_CURVE('',#2725,#2726,#549,.T.);
#3523=EDGE_CURVE('',#2727,#2727,#550,.T.);
#3524=EDGE_CURVE('',#2727,#2718,#1721,.T.);
#3525=EDGE_CURVE('',#2728,#2728,#551,.T.);
#3526=EDGE_CURVE('',#2728,#2719,#1722,.T.);
#3527=EDGE_CURVE('',#2729,#2729,#552,.T.);
#3528=EDGE_CURVE('',#2729,#2720,#1723,.T.);
#3529=EDGE_CURVE('',#2730,#2722,#1724,.T.);
#3530=EDGE_CURVE('',#2714,#2730,#1725,.T.);
#3531=EDGE_CURVE('',#2731,#2730,#553,.T.);
#3532=EDGE_CURVE('',#2715,#2731,#1726,.T.);
#3533=EDGE_CURVE('',#2732,#2731,#1727,.T.);
#3534=EDGE_CURVE('',#2716,#2732,#1728,.T.);
#3535=EDGE_CURVE('',#2733,#2732,#554,.T.);
#3536=EDGE_CURVE('',#2717,#2733,#1729,.T.);
#3537=EDGE_CURVE('',#2726,#2733,#1730,.T.);
#3538=EDGE_CURVE('',#2734,#2735,#1731,.T.);
#3539=EDGE_CURVE('',#2735,#2736,#1732,.T.);
#3540=EDGE_CURVE('',#2737,#2736,#1733,.T.);
#3541=EDGE_CURVE('',#2734,#2737,#1734,.T.);
#3542=EDGE_CURVE('',#2738,#2734,#555,.T.);
#3543=EDGE_CURVE('',#2739,#2737,#556,.T.);
#3544=EDGE_CURVE('',#2738,#2739,#1735,.T.);
#3545=EDGE_CURVE('',#2740,#2738,#1736,.T.);
#3546=EDGE_CURVE('',#2741,#2739,#1737,.T.);
#3547=EDGE_CURVE('',#2740,#2741,#1738,.T.);
#3548=EDGE_CURVE('',#2742,#2740,#557,.T.);
#3549=EDGE_CURVE('',#2743,#2741,#558,.T.);
#3550=EDGE_CURVE('',#2742,#2743,#1739,.T.);
#3551=EDGE_CURVE('',#2744,#2742,#1740,.T.);
#3552=EDGE_CURVE('',#2745,#2743,#1741,.T.);
#3553=EDGE_CURVE('',#2744,#2745,#1742,.T.);
#3554=EDGE_CURVE('',#2746,#2744,#559,.T.);
#3555=EDGE_CURVE('',#2747,#2745,#560,.T.);
#3556=EDGE_CURVE('',#2746,#2747,#1743,.T.);
#3557=EDGE_CURVE('',#2748,#2746,#1744,.T.);
#3558=EDGE_CURVE('',#2749,#2747,#1745,.T.);
#3559=EDGE_CURVE('',#2748,#2749,#1746,.T.);
#3560=EDGE_CURVE('',#2750,#2748,#561,.T.);
#3561=EDGE_CURVE('',#2751,#2749,#562,.T.);
#3562=EDGE_CURVE('',#2750,#2751,#1747,.T.);
#3563=EDGE_CURVE('',#2752,#2750,#1748,.T.);
#3564=EDGE_CURVE('',#2753,#2751,#1749,.T.);
#3565=EDGE_CURVE('',#2752,#2753,#1750,.T.);
#3566=EDGE_CURVE('',#2735,#2752,#563,.T.);
#3567=EDGE_CURVE('',#2736,#2753,#564,.T.);
#3568=EDGE_CURVE('',#2754,#2755,#1751,.T.);
#3569=EDGE_CURVE('',#2754,#2756,#1752,.T.);
#3570=EDGE_CURVE('',#2757,#2756,#1753,.T.);
#3571=EDGE_CURVE('',#2755,#2757,#1754,.T.);
#3572=EDGE_CURVE('',#2758,#2755,#565,.T.);
#3573=EDGE_CURVE('',#2759,#2757,#566,.T.);
#3574=EDGE_CURVE('',#2758,#2759,#1755,.T.);
#3575=EDGE_CURVE('',#2758,#2760,#1756,.T.);
#3576=EDGE_CURVE('',#2761,#2759,#1757,.T.);
#3577=EDGE_CURVE('',#2760,#2761,#1758,.T.);
#3578=EDGE_CURVE('',#2762,#2760,#567,.T.);
#3579=EDGE_CURVE('',#2763,#2761,#568,.T.);
#3580=EDGE_CURVE('',#2762,#2763,#1759,.T.);
#3581=EDGE_CURVE('',#2762,#2764,#1760,.T.);
#3582=EDGE_CURVE('',#2765,#2763,#1761,.T.);
#3583=EDGE_CURVE('',#2764,#2765,#1762,.T.);
#3584=EDGE_CURVE('',#2766,#2764,#569,.T.);
#3585=EDGE_CURVE('',#2767,#2765,#570,.T.);
#3586=EDGE_CURVE('',#2766,#2767,#1763,.T.);
#3587=EDGE_CURVE('',#2766,#2768,#1764,.T.);
#3588=EDGE_CURVE('',#2769,#2767,#1765,.T.);
#3589=EDGE_CURVE('',#2768,#2769,#1766,.T.);
#3590=EDGE_CURVE('',#2754,#2768,#571,.T.);
#3591=EDGE_CURVE('',#2756,#2769,#572,.T.);
#3592=EDGE_CURVE('',#2770,#2771,#1767,.T.);
#3593=EDGE_CURVE('',#2771,#2772,#1768,.T.);
#3594=EDGE_CURVE('',#2773,#2772,#1769,.T.);
#3595=EDGE_CURVE('',#2770,#2773,#1770,.T.);
#3596=EDGE_CURVE('',#2774,#2770,#573,.T.);
#3597=EDGE_CURVE('',#2775,#2773,#574,.T.);
#3598=EDGE_CURVE('',#2774,#2775,#1771,.T.);
#3599=EDGE_CURVE('',#2776,#2774,#1772,.T.);
#3600=EDGE_CURVE('',#2777,#2775,#1773,.T.);
#3601=EDGE_CURVE('',#2776,#2777,#1774,.T.);
#3602=EDGE_CURVE('',#2778,#2776,#575,.T.);
#3603=EDGE_CURVE('',#2779,#2777,#576,.T.);
#3604=EDGE_CURVE('',#2778,#2779,#1775,.T.);
#3605=EDGE_CURVE('',#2780,#2778,#1776,.T.);
#3606=EDGE_CURVE('',#2781,#2779,#1777,.T.);
#3607=EDGE_CURVE('',#2780,#2781,#1778,.T.);
#3608=EDGE_CURVE('',#2782,#2780,#577,.T.);
#3609=EDGE_CURVE('',#2783,#2781,#578,.T.);
#3610=EDGE_CURVE('',#2782,#2783,#1779,.T.);
#3611=EDGE_CURVE('',#2784,#2782,#1780,.T.);
#3612=EDGE_CURVE('',#2785,#2783,#1781,.T.);
#3613=EDGE_CURVE('',#2784,#2785,#1782,.T.);
#3614=EDGE_CURVE('',#2786,#2784,#579,.T.);
#3615=EDGE_CURVE('',#2787,#2785,#580,.T.);
#3616=EDGE_CURVE('',#2786,#2787,#1783,.T.);
#3617=EDGE_CURVE('',#2788,#2786,#1784,.T.);
#3618=EDGE_CURVE('',#2789,#2787,#1785,.T.);
#3619=EDGE_CURVE('',#2788,#2789,#1786,.T.);
#3620=EDGE_CURVE('',#2771,#2788,#581,.T.);
#3621=EDGE_CURVE('',#2772,#2789,#582,.T.);
#3622=EDGE_CURVE('',#2790,#2791,#1787,.T.);
#3623=EDGE_CURVE('',#2790,#2792,#1788,.T.);
#3624=EDGE_CURVE('',#2793,#2792,#1789,.T.);
#3625=EDGE_CURVE('',#2791,#2793,#1790,.T.);
#3626=EDGE_CURVE('',#2794,#2791,#583,.T.);
#3627=EDGE_CURVE('',#2795,#2793,#584,.T.);
#3628=EDGE_CURVE('',#2794,#2795,#1791,.T.);
#3629=EDGE_CURVE('',#2794,#2796,#1792,.T.);
#3630=EDGE_CURVE('',#2797,#2795,#1793,.T.);
#3631=EDGE_CURVE('',#2796,#2797,#1794,.T.);
#3632=EDGE_CURVE('',#2798,#2796,#585,.T.);
#3633=EDGE_CURVE('',#2799,#2797,#586,.T.);
#3634=EDGE_CURVE('',#2798,#2799,#1795,.T.);
#3635=EDGE_CURVE('',#2798,#2800,#1796,.T.);
#3636=EDGE_CURVE('',#2801,#2799,#1797,.T.);
#3637=EDGE_CURVE('',#2800,#2801,#1798,.T.);
#3638=EDGE_CURVE('',#2802,#2800,#587,.T.);
#3639=EDGE_CURVE('',#2803,#2801,#588,.T.);
#3640=EDGE_CURVE('',#2802,#2803,#1799,.T.);
#3641=EDGE_CURVE('',#2802,#2804,#1800,.T.);
#3642=EDGE_CURVE('',#2805,#2803,#1801,.T.);
#3643=EDGE_CURVE('',#2804,#2805,#1802,.T.);
#3644=EDGE_CURVE('',#2790,#2804,#589,.T.);
#3645=EDGE_CURVE('',#2792,#2805,#590,.T.);
#3646=ORIENTED_EDGE('',*,*,#2806,.F.);
#3647=ORIENTED_EDGE('',*,*,#2807,.T.);
#3648=ORIENTED_EDGE('',*,*,#2808,.T.);
#3649=ORIENTED_EDGE('',*,*,#2809,.T.);
#3650=ORIENTED_EDGE('',*,*,#2810,.T.);
#3651=ORIENTED_EDGE('',*,*,#2811,.F.);
#3652=ORIENTED_EDGE('',*,*,#2812,.F.);
#3653=ORIENTED_EDGE('',*,*,#2806,.T.);
#3654=ORIENTED_EDGE('',*,*,#2813,.T.);
#3655=ORIENTED_EDGE('',*,*,#2814,.F.);
#3656=ORIENTED_EDGE('',*,*,#2815,.T.);
#3657=ORIENTED_EDGE('',*,*,#2811,.T.);
#3658=ORIENTED_EDGE('',*,*,#2816,.T.);
#3659=ORIENTED_EDGE('',*,*,#2817,.F.);
#3660=ORIENTED_EDGE('',*,*,#2818,.F.);
#3661=ORIENTED_EDGE('',*,*,#2814,.T.);
#3662=ORIENTED_EDGE('',*,*,#2819,.T.);
#3663=ORIENTED_EDGE('',*,*,#2820,.F.);
#3664=ORIENTED_EDGE('',*,*,#2821,.T.);
#3665=ORIENTED_EDGE('',*,*,#2817,.T.);
#3666=ORIENTED_EDGE('',*,*,#2822,.T.);
#3667=ORIENTED_EDGE('',*,*,#2823,.F.);
#3668=ORIENTED_EDGE('',*,*,#2824,.F.);
#3669=ORIENTED_EDGE('',*,*,#2825,.T.);
#3670=ORIENTED_EDGE('',*,*,#2820,.T.);
#3671=ORIENTED_EDGE('',*,*,#2826,.F.);
#3672=ORIENTED_EDGE('',*,*,#2827,.T.);
#3673=ORIENTED_EDGE('',*,*,#2824,.T.);
#3674=ORIENTED_EDGE('',*,*,#2823,.T.);
#3675=ORIENTED_EDGE('',*,*,#2828,.T.);
#3676=ORIENTED_EDGE('',*,*,#2829,.F.);
#3677=ORIENTED_EDGE('',*,*,#2830,.F.);
#3678=ORIENTED_EDGE('',*,*,#2831,.T.);
#3679=ORIENTED_EDGE('',*,*,#2826,.T.);
#3680=ORIENTED_EDGE('',*,*,#2832,.F.);
#3681=ORIENTED_EDGE('',*,*,#2833,.T.);
#3682=ORIENTED_EDGE('',*,*,#2830,.T.);
#3683=ORIENTED_EDGE('',*,*,#2829,.T.);
#3684=ORIENTED_EDGE('',*,*,#2834,.T.);
#3685=ORIENTED_EDGE('',*,*,#2835,.F.);
#3686=ORIENTED_EDGE('',*,*,#2836,.F.);
#3687=ORIENTED_EDGE('',*,*,#2832,.T.);
#3688=ORIENTED_EDGE('',*,*,#2837,.T.);
#3689=ORIENTED_EDGE('',*,*,#2838,.F.);
#3690=ORIENTED_EDGE('',*,*,#2839,.T.);
#3691=ORIENTED_EDGE('',*,*,#2835,.T.);
#3692=ORIENTED_EDGE('',*,*,#2840,.T.);
#3693=ORIENTED_EDGE('',*,*,#2841,.F.);
#3694=ORIENTED_EDGE('',*,*,#2842,.F.);
#3695=ORIENTED_EDGE('',*,*,#2838,.T.);
#3696=ORIENTED_EDGE('',*,*,#2843,.T.);
#3697=ORIENTED_EDGE('',*,*,#2844,.F.);
#3698=ORIENTED_EDGE('',*,*,#2845,.T.);
#3699=ORIENTED_EDGE('',*,*,#2841,.T.);
#3700=ORIENTED_EDGE('',*,*,#2846,.T.);
#3701=ORIENTED_EDGE('',*,*,#2847,.F.);
#3702=ORIENTED_EDGE('',*,*,#2848,.F.);
#3703=ORIENTED_EDGE('',*,*,#2849,.T.);
#3704=ORIENTED_EDGE('',*,*,#2844,.T.);
#3705=ORIENTED_EDGE('',*,*,#2850,.F.);
#3706=ORIENTED_EDGE('',*,*,#2851,.T.);
#3707=ORIENTED_EDGE('',*,*,#2848,.T.);
#3708=ORIENTED_EDGE('',*,*,#2847,.T.);
#3709=ORIENTED_EDGE('',*,*,#2852,.T.);
#3710=ORIENTED_EDGE('',*,*,#2853,.F.);
#3711=ORIENTED_EDGE('',*,*,#2854,.F.);
#3712=ORIENTED_EDGE('',*,*,#2855,.T.);
#3713=ORIENTED_EDGE('',*,*,#2850,.T.);
#3714=ORIENTED_EDGE('',*,*,#2856,.F.);
#3715=ORIENTED_EDGE('',*,*,#2857,.T.);
#3716=ORIENTED_EDGE('',*,*,#2854,.T.);
#3717=ORIENTED_EDGE('',*,*,#2853,.T.);
#3718=ORIENTED_EDGE('',*,*,#2858,.T.);
#3719=ORIENTED_EDGE('',*,*,#2859,.F.);
#3720=ORIENTED_EDGE('',*,*,#2860,.F.);
#3721=ORIENTED_EDGE('',*,*,#2856,.T.);
#3722=ORIENTED_EDGE('',*,*,#2861,.T.);
#3723=ORIENTED_EDGE('',*,*,#2862,.F.);
#3724=ORIENTED_EDGE('',*,*,#2863,.T.);
#3725=ORIENTED_EDGE('',*,*,#2859,.T.);
#3726=ORIENTED_EDGE('',*,*,#2864,.T.);
#3727=ORIENTED_EDGE('',*,*,#2865,.F.);
#3728=ORIENTED_EDGE('',*,*,#2866,.F.);
#3729=ORIENTED_EDGE('',*,*,#2867,.T.);
#3730=ORIENTED_EDGE('',*,*,#2862,.T.);
#3731=ORIENTED_EDGE('',*,*,#2868,.F.);
#3732=ORIENTED_EDGE('',*,*,#2869,.T.);
#3733=ORIENTED_EDGE('',*,*,#2866,.T.);
#3734=ORIENTED_EDGE('',*,*,#2865,.T.);
#3735=ORIENTED_EDGE('',*,*,#2870,.T.);
#3736=ORIENTED_EDGE('',*,*,#2871,.F.);
#3737=ORIENTED_EDGE('',*,*,#2872,.F.);
#3738=ORIENTED_EDGE('',*,*,#2873,.T.);
#3739=ORIENTED_EDGE('',*,*,#2868,.T.);
#3740=ORIENTED_EDGE('',*,*,#2874,.F.);
#3741=ORIENTED_EDGE('',*,*,#2875,.T.);
#3742=ORIENTED_EDGE('',*,*,#2872,.T.);
#3743=ORIENTED_EDGE('',*,*,#2871,.T.);
#3744=ORIENTED_EDGE('',*,*,#2876,.T.);
#3745=ORIENTED_EDGE('',*,*,#2877,.F.);
#3746=ORIENTED_EDGE('',*,*,#2878,.F.);
#3747=ORIENTED_EDGE('',*,*,#2874,.T.);
#3748=ORIENTED_EDGE('',*,*,#2879,.T.);
#3749=ORIENTED_EDGE('',*,*,#2880,.F.);
#3750=ORIENTED_EDGE('',*,*,#2881,.T.);
#3751=ORIENTED_EDGE('',*,*,#2877,.T.);
#3752=ORIENTED_EDGE('',*,*,#2882,.T.);
#3753=ORIENTED_EDGE('',*,*,#2883,.F.);
#3754=ORIENTED_EDGE('',*,*,#2884,.F.);
#3755=ORIENTED_EDGE('',*,*,#2880,.T.);
#3756=ORIENTED_EDGE('',*,*,#2885,.T.);
#3757=ORIENTED_EDGE('',*,*,#2886,.F.);
#3758=ORIENTED_EDGE('',*,*,#2887,.T.);
#3759=ORIENTED_EDGE('',*,*,#2883,.T.);
#3760=ORIENTED_EDGE('',*,*,#2888,.T.);
#3761=ORIENTED_EDGE('',*,*,#2889,.F.);
#3762=ORIENTED_EDGE('',*,*,#2886,.T.);
#3763=ORIENTED_EDGE('',*,*,#2890,.F.);
#3764=ORIENTED_EDGE('',*,*,#2891,.T.);
#3765=ORIENTED_EDGE('',*,*,#2892,.F.);
#3766=ORIENTED_EDGE('',*,*,#2893,.T.);
#3767=ORIENTED_EDGE('',*,*,#2890,.T.);
#3768=ORIENTED_EDGE('',*,*,#2889,.T.);
#3769=ORIENTED_EDGE('',*,*,#2894,.T.);
#3770=ORIENTED_EDGE('',*,*,#2809,.F.);
#3771=ORIENTED_EDGE('',*,*,#2808,.F.);
#3772=ORIENTED_EDGE('',*,*,#2895,.T.);
#3773=ORIENTED_EDGE('',*,*,#2892,.T.);
#3774=ORIENTED_EDGE('',*,*,#2816,.F.);
#3775=ORIENTED_EDGE('',*,*,#2813,.F.);
#3776=ORIENTED_EDGE('',*,*,#2810,.F.);
#3777=ORIENTED_EDGE('',*,*,#2894,.F.);
#3778=ORIENTED_EDGE('',*,*,#2888,.F.);
#3779=ORIENTED_EDGE('',*,*,#2885,.F.);
#3780=ORIENTED_EDGE('',*,*,#2882,.F.);
#3781=ORIENTED_EDGE('',*,*,#2879,.F.);
#3782=ORIENTED_EDGE('',*,*,#2876,.F.);
#3783=ORIENTED_EDGE('',*,*,#2870,.F.);
#3784=ORIENTED_EDGE('',*,*,#2864,.F.);
#3785=ORIENTED_EDGE('',*,*,#2861,.F.);
#3786=ORIENTED_EDGE('',*,*,#2858,.F.);
#3787=ORIENTED_EDGE('',*,*,#2852,.F.);
#3788=ORIENTED_EDGE('',*,*,#2846,.F.);
#3789=ORIENTED_EDGE('',*,*,#2843,.F.);
#3790=ORIENTED_EDGE('',*,*,#2840,.F.);
#3791=ORIENTED_EDGE('',*,*,#2837,.F.);
#3792=ORIENTED_EDGE('',*,*,#2834,.F.);
#3793=ORIENTED_EDGE('',*,*,#2828,.F.);
#3794=ORIENTED_EDGE('',*,*,#2822,.F.);
#3795=ORIENTED_EDGE('',*,*,#2819,.F.);
#3796=ORIENTED_EDGE('',*,*,#2807,.F.);
#3797=ORIENTED_EDGE('',*,*,#2812,.T.);
#3798=ORIENTED_EDGE('',*,*,#2815,.F.);
#3799=ORIENTED_EDGE('',*,*,#2818,.T.);
#3800=ORIENTED_EDGE('',*,*,#2821,.F.);
#3801=ORIENTED_EDGE('',*,*,#2825,.F.);
#3802=ORIENTED_EDGE('',*,*,#2827,.F.);
#3803=ORIENTED_EDGE('',*,*,#2831,.F.);
#3804=ORIENTED_EDGE('',*,*,#2833,.F.);
#3805=ORIENTED_EDGE('',*,*,#2836,.T.);
#3806=ORIENTED_EDGE('',*,*,#2839,.F.);
#3807=ORIENTED_EDGE('',*,*,#2842,.T.);
#3808=ORIENTED_EDGE('',*,*,#2845,.F.);
#3809=ORIENTED_EDGE('',*,*,#2849,.F.);
#3810=ORIENTED_EDGE('',*,*,#2851,.F.);
#3811=ORIENTED_EDGE('',*,*,#2855,.F.);
#3812=ORIENTED_EDGE('',*,*,#2857,.F.);
#3813=ORIENTED_EDGE('',*,*,#2860,.T.);
#3814=ORIENTED_EDGE('',*,*,#2863,.F.);
#3815=ORIENTED_EDGE('',*,*,#2867,.F.);
#3816=ORIENTED_EDGE('',*,*,#2869,.F.);
#3817=ORIENTED_EDGE('',*,*,#2873,.F.);
#3818=ORIENTED_EDGE('',*,*,#2875,.F.);
#3819=ORIENTED_EDGE('',*,*,#2878,.T.);
#3820=ORIENTED_EDGE('',*,*,#2881,.F.);
#3821=ORIENTED_EDGE('',*,*,#2884,.T.);
#3822=ORIENTED_EDGE('',*,*,#2887,.F.);
#3823=ORIENTED_EDGE('',*,*,#2891,.F.);
#3824=ORIENTED_EDGE('',*,*,#2893,.F.);
#3825=ORIENTED_EDGE('',*,*,#2895,.F.);
#3826=ORIENTED_EDGE('',*,*,#2896,.F.);
#3827=ORIENTED_EDGE('',*,*,#2897,.F.);
#3828=ORIENTED_EDGE('',*,*,#2898,.F.);
#3829=ORIENTED_EDGE('',*,*,#2899,.T.);
#3830=ORIENTED_EDGE('',*,*,#2900,.F.);
#3831=ORIENTED_EDGE('',*,*,#2899,.F.);
#3832=ORIENTED_EDGE('',*,*,#2901,.F.);
#3833=ORIENTED_EDGE('',*,*,#2902,.T.);
#3834=ORIENTED_EDGE('',*,*,#2903,.F.);
#3835=ORIENTED_EDGE('',*,*,#2902,.F.);
#3836=ORIENTED_EDGE('',*,*,#2904,.F.);
#3837=ORIENTED_EDGE('',*,*,#2905,.T.);
#3838=ORIENTED_EDGE('',*,*,#2906,.F.);
#3839=ORIENTED_EDGE('',*,*,#2905,.F.);
#3840=ORIENTED_EDGE('',*,*,#2907,.F.);
#3841=ORIENTED_EDGE('',*,*,#2908,.T.);
#3842=ORIENTED_EDGE('',*,*,#2909,.F.);
#3843=ORIENTED_EDGE('',*,*,#2908,.F.);
#3844=ORIENTED_EDGE('',*,*,#2910,.F.);
#3845=ORIENTED_EDGE('',*,*,#2911,.T.);
#3846=ORIENTED_EDGE('',*,*,#2912,.F.);
#3847=ORIENTED_EDGE('',*,*,#2911,.F.);
#3848=ORIENTED_EDGE('',*,*,#2913,.F.);
#3849=ORIENTED_EDGE('',*,*,#2914,.T.);
#3850=ORIENTED_EDGE('',*,*,#2915,.F.);
#3851=ORIENTED_EDGE('',*,*,#2914,.F.);
#3852=ORIENTED_EDGE('',*,*,#2916,.F.);
#3853=ORIENTED_EDGE('',*,*,#2917,.T.);
#3854=ORIENTED_EDGE('',*,*,#2918,.F.);
#3855=ORIENTED_EDGE('',*,*,#2917,.F.);
#3856=ORIENTED_EDGE('',*,*,#2919,.F.);
#3857=ORIENTED_EDGE('',*,*,#2897,.T.);
#3858=ORIENTED_EDGE('',*,*,#2920,.F.);
#3859=ORIENTED_EDGE('',*,*,#2921,.F.);
#3860=ORIENTED_EDGE('',*,*,#2922,.F.);
#3861=ORIENTED_EDGE('',*,*,#2923,.T.);
#3862=ORIENTED_EDGE('',*,*,#2924,.F.);
#3863=ORIENTED_EDGE('',*,*,#2923,.F.);
#3864=ORIENTED_EDGE('',*,*,#2925,.F.);
#3865=ORIENTED_EDGE('',*,*,#2926,.T.);
#3866=ORIENTED_EDGE('',*,*,#2927,.F.);
#3867=ORIENTED_EDGE('',*,*,#2926,.F.);
#3868=ORIENTED_EDGE('',*,*,#2928,.F.);
#3869=ORIENTED_EDGE('',*,*,#2929,.T.);
#3870=ORIENTED_EDGE('',*,*,#2930,.F.);
#3871=ORIENTED_EDGE('',*,*,#2929,.F.);
#3872=ORIENTED_EDGE('',*,*,#2931,.F.);
#3873=ORIENTED_EDGE('',*,*,#2932,.T.);
#3874=ORIENTED_EDGE('',*,*,#2933,.F.);
#3875=ORIENTED_EDGE('',*,*,#2932,.F.);
#3876=ORIENTED_EDGE('',*,*,#2934,.F.);
#3877=ORIENTED_EDGE('',*,*,#2935,.T.);
#3878=ORIENTED_EDGE('',*,*,#2936,.F.);
#3879=ORIENTED_EDGE('',*,*,#2935,.F.);
#3880=ORIENTED_EDGE('',*,*,#2937,.F.);
#3881=ORIENTED_EDGE('',*,*,#2938,.T.);
#3882=ORIENTED_EDGE('',*,*,#2939,.F.);
#3883=ORIENTED_EDGE('',*,*,#2938,.F.);
#3884=ORIENTED_EDGE('',*,*,#2940,.F.);
#3885=ORIENTED_EDGE('',*,*,#2941,.T.);
#3886=ORIENTED_EDGE('',*,*,#2942,.F.);
#3887=ORIENTED_EDGE('',*,*,#2941,.F.);
#3888=ORIENTED_EDGE('',*,*,#2943,.F.);
#3889=ORIENTED_EDGE('',*,*,#2921,.T.);
#3890=ORIENTED_EDGE('',*,*,#2944,.F.);
#3891=ORIENTED_EDGE('',*,*,#2945,.F.);
#3892=ORIENTED_EDGE('',*,*,#2946,.F.);
#3893=ORIENTED_EDGE('',*,*,#2947,.T.);
#3894=ORIENTED_EDGE('',*,*,#2948,.F.);
#3895=ORIENTED_EDGE('',*,*,#2947,.F.);
#3896=ORIENTED_EDGE('',*,*,#2949,.F.);
#3897=ORIENTED_EDGE('',*,*,#2950,.T.);
#3898=ORIENTED_EDGE('',*,*,#2951,.F.);
#3899=ORIENTED_EDGE('',*,*,#2950,.F.);
#3900=ORIENTED_EDGE('',*,*,#2952,.F.);
#3901=ORIENTED_EDGE('',*,*,#2953,.T.);
#3902=ORIENTED_EDGE('',*,*,#2954,.F.);
#3903=ORIENTED_EDGE('',*,*,#2953,.F.);
#3904=ORIENTED_EDGE('',*,*,#2955,.F.);
#3905=ORIENTED_EDGE('',*,*,#2956,.T.);
#3906=ORIENTED_EDGE('',*,*,#2957,.F.);
#3907=ORIENTED_EDGE('',*,*,#2956,.F.);
#3908=ORIENTED_EDGE('',*,*,#2958,.F.);
#3909=ORIENTED_EDGE('',*,*,#2959,.T.);
#3910=ORIENTED_EDGE('',*,*,#2960,.F.);
#3911=ORIENTED_EDGE('',*,*,#2959,.F.);
#3912=ORIENTED_EDGE('',*,*,#2961,.F.);
#3913=ORIENTED_EDGE('',*,*,#2962,.T.);
#3914=ORIENTED_EDGE('',*,*,#2963,.F.);
#3915=ORIENTED_EDGE('',*,*,#2962,.F.);
#3916=ORIENTED_EDGE('',*,*,#2964,.F.);
#3917=ORIENTED_EDGE('',*,*,#2965,.T.);
#3918=ORIENTED_EDGE('',*,*,#2966,.F.);
#3919=ORIENTED_EDGE('',*,*,#2965,.F.);
#3920=ORIENTED_EDGE('',*,*,#2967,.F.);
#3921=ORIENTED_EDGE('',*,*,#2945,.T.);
#3922=ORIENTED_EDGE('',*,*,#2968,.F.);
#3923=ORIENTED_EDGE('',*,*,#2969,.F.);
#3924=ORIENTED_EDGE('',*,*,#2970,.F.);
#3925=ORIENTED_EDGE('',*,*,#2971,.T.);
#3926=ORIENTED_EDGE('',*,*,#2972,.F.);
#3927=ORIENTED_EDGE('',*,*,#2971,.F.);
#3928=ORIENTED_EDGE('',*,*,#2973,.F.);
#3929=ORIENTED_EDGE('',*,*,#2974,.T.);
#3930=ORIENTED_EDGE('',*,*,#2975,.F.);
#3931=ORIENTED_EDGE('',*,*,#2974,.F.);
#3932=ORIENTED_EDGE('',*,*,#2976,.F.);
#3933=ORIENTED_EDGE('',*,*,#2977,.T.);
#3934=ORIENTED_EDGE('',*,*,#2978,.F.);
#3935=ORIENTED_EDGE('',*,*,#2977,.F.);
#3936=ORIENTED_EDGE('',*,*,#2979,.F.);
#3937=ORIENTED_EDGE('',*,*,#2980,.T.);
#3938=ORIENTED_EDGE('',*,*,#2981,.F.);
#3939=ORIENTED_EDGE('',*,*,#2980,.F.);
#3940=ORIENTED_EDGE('',*,*,#2982,.F.);
#3941=ORIENTED_EDGE('',*,*,#2983,.T.);
#3942=ORIENTED_EDGE('',*,*,#2984,.F.);
#3943=ORIENTED_EDGE('',*,*,#2983,.F.);
#3944=ORIENTED_EDGE('',*,*,#2985,.F.);
#3945=ORIENTED_EDGE('',*,*,#2986,.T.);
#3946=ORIENTED_EDGE('',*,*,#2987,.F.);
#3947=ORIENTED_EDGE('',*,*,#2986,.F.);
#3948=ORIENTED_EDGE('',*,*,#2988,.F.);
#3949=ORIENTED_EDGE('',*,*,#2989,.T.);
#3950=ORIENTED_EDGE('',*,*,#2990,.F.);
#3951=ORIENTED_EDGE('',*,*,#2989,.F.);
#3952=ORIENTED_EDGE('',*,*,#2991,.F.);
#3953=ORIENTED_EDGE('',*,*,#2969,.T.);
#3954=ORIENTED_EDGE('',*,*,#2992,.F.);
#3955=ORIENTED_EDGE('',*,*,#2993,.F.);
#3956=ORIENTED_EDGE('',*,*,#2994,.F.);
#3957=ORIENTED_EDGE('',*,*,#2995,.T.);
#3958=ORIENTED_EDGE('',*,*,#2996,.F.);
#3959=ORIENTED_EDGE('',*,*,#2995,.F.);
#3960=ORIENTED_EDGE('',*,*,#2997,.F.);
#3961=ORIENTED_EDGE('',*,*,#2998,.T.);
#3962=ORIENTED_EDGE('',*,*,#2999,.F.);
#3963=ORIENTED_EDGE('',*,*,#2998,.F.);
#3964=ORIENTED_EDGE('',*,*,#3000,.F.);
#3965=ORIENTED_EDGE('',*,*,#3001,.T.);
#3966=ORIENTED_EDGE('',*,*,#3002,.F.);
#3967=ORIENTED_EDGE('',*,*,#3001,.F.);
#3968=ORIENTED_EDGE('',*,*,#3003,.F.);
#3969=ORIENTED_EDGE('',*,*,#3004,.T.);
#3970=ORIENTED_EDGE('',*,*,#3005,.F.);
#3971=ORIENTED_EDGE('',*,*,#3004,.F.);
#3972=ORIENTED_EDGE('',*,*,#3006,.F.);
#3973=ORIENTED_EDGE('',*,*,#3007,.T.);
#3974=ORIENTED_EDGE('',*,*,#3008,.F.);
#3975=ORIENTED_EDGE('',*,*,#3007,.F.);
#3976=ORIENTED_EDGE('',*,*,#3009,.F.);
#3977=ORIENTED_EDGE('',*,*,#3010,.T.);
#3978=ORIENTED_EDGE('',*,*,#3011,.F.);
#3979=ORIENTED_EDGE('',*,*,#3010,.F.);
#3980=ORIENTED_EDGE('',*,*,#3012,.F.);
#3981=ORIENTED_EDGE('',*,*,#3013,.T.);
#3982=ORIENTED_EDGE('',*,*,#3014,.F.);
#3983=ORIENTED_EDGE('',*,*,#3013,.F.);
#3984=ORIENTED_EDGE('',*,*,#3015,.F.);
#3985=ORIENTED_EDGE('',*,*,#2993,.T.);
#3986=ORIENTED_EDGE('',*,*,#3016,.F.);
#3987=ORIENTED_EDGE('',*,*,#3017,.T.);
#3988=ORIENTED_EDGE('',*,*,#3018,.F.);
#3989=ORIENTED_EDGE('',*,*,#3019,.F.);
#3990=ORIENTED_EDGE('',*,*,#3020,.F.);
#3991=ORIENTED_EDGE('',*,*,#3019,.T.);
#3992=ORIENTED_EDGE('',*,*,#3021,.F.);
#3993=ORIENTED_EDGE('',*,*,#3022,.F.);
#3994=ORIENTED_EDGE('',*,*,#3023,.F.);
#3995=ORIENTED_EDGE('',*,*,#3022,.T.);
#3996=ORIENTED_EDGE('',*,*,#3024,.F.);
#3997=ORIENTED_EDGE('',*,*,#3025,.F.);
#3998=ORIENTED_EDGE('',*,*,#3026,.F.);
#3999=ORIENTED_EDGE('',*,*,#3025,.T.);
#4000=ORIENTED_EDGE('',*,*,#3027,.F.);
#4001=ORIENTED_EDGE('',*,*,#3028,.F.);
#4002=ORIENTED_EDGE('',*,*,#3029,.F.);
#4003=ORIENTED_EDGE('',*,*,#3028,.T.);
#4004=ORIENTED_EDGE('',*,*,#3030,.F.);
#4005=ORIENTED_EDGE('',*,*,#3031,.F.);
#4006=ORIENTED_EDGE('',*,*,#3032,.F.);
#4007=ORIENTED_EDGE('',*,*,#3033,.T.);
#4008=ORIENTED_EDGE('',*,*,#3034,.F.);
#4009=ORIENTED_EDGE('',*,*,#3035,.F.);
#4010=ORIENTED_EDGE('',*,*,#3036,.F.);
#4011=ORIENTED_EDGE('',*,*,#3035,.T.);
#4012=ORIENTED_EDGE('',*,*,#3037,.F.);
#4013=ORIENTED_EDGE('',*,*,#3038,.F.);
#4014=ORIENTED_EDGE('',*,*,#3039,.F.);
#4015=ORIENTED_EDGE('',*,*,#3038,.T.);
#4016=ORIENTED_EDGE('',*,*,#3040,.F.);
#4017=ORIENTED_EDGE('',*,*,#3041,.F.);
#4018=ORIENTED_EDGE('',*,*,#3042,.F.);
#4019=ORIENTED_EDGE('',*,*,#3041,.T.);
#4020=ORIENTED_EDGE('',*,*,#3043,.F.);
#4021=ORIENTED_EDGE('',*,*,#3017,.F.);
#4022=ORIENTED_EDGE('',*,*,#3044,.F.);
#4023=ORIENTED_EDGE('',*,*,#3045,.T.);
#4024=ORIENTED_EDGE('',*,*,#3046,.F.);
#4025=ORIENTED_EDGE('',*,*,#3047,.F.);
#4026=ORIENTED_EDGE('',*,*,#3048,.F.);
#4027=ORIENTED_EDGE('',*,*,#3047,.T.);
#4028=ORIENTED_EDGE('',*,*,#3049,.F.);
#4029=ORIENTED_EDGE('',*,*,#3050,.F.);
#4030=ORIENTED_EDGE('',*,*,#3051,.F.);
#4031=ORIENTED_EDGE('',*,*,#3050,.T.);
#4032=ORIENTED_EDGE('',*,*,#3052,.F.);
#4033=ORIENTED_EDGE('',*,*,#3053,.F.);
#4034=ORIENTED_EDGE('',*,*,#3054,.F.);
#4035=ORIENTED_EDGE('',*,*,#3053,.T.);
#4036=ORIENTED_EDGE('',*,*,#3055,.F.);
#4037=ORIENTED_EDGE('',*,*,#3056,.F.);
#4038=ORIENTED_EDGE('',*,*,#3057,.F.);
#4039=ORIENTED_EDGE('',*,*,#3056,.T.);
#4040=ORIENTED_EDGE('',*,*,#3058,.F.);
#4041=ORIENTED_EDGE('',*,*,#3059,.F.);
#4042=ORIENTED_EDGE('',*,*,#3060,.F.);
#4043=ORIENTED_EDGE('',*,*,#3059,.T.);
#4044=ORIENTED_EDGE('',*,*,#3061,.F.);
#4045=ORIENTED_EDGE('',*,*,#3062,.F.);
#4046=ORIENTED_EDGE('',*,*,#3063,.F.);
#4047=ORIENTED_EDGE('',*,*,#3062,.T.);
#4048=ORIENTED_EDGE('',*,*,#3064,.F.);
#4049=ORIENTED_EDGE('',*,*,#3065,.F.);
#4050=ORIENTED_EDGE('',*,*,#3066,.F.);
#4051=ORIENTED_EDGE('',*,*,#3065,.T.);
#4052=ORIENTED_EDGE('',*,*,#3067,.F.);
#4053=ORIENTED_EDGE('',*,*,#3045,.F.);
#4054=ORIENTED_EDGE('',*,*,#3067,.T.);
#4055=ORIENTED_EDGE('',*,*,#3064,.T.);
#4056=ORIENTED_EDGE('',*,*,#3061,.T.);
#4057=ORIENTED_EDGE('',*,*,#3058,.T.);
#4058=ORIENTED_EDGE('',*,*,#3055,.T.);
#4059=ORIENTED_EDGE('',*,*,#3052,.T.);
#4060=ORIENTED_EDGE('',*,*,#3049,.T.);
#4061=ORIENTED_EDGE('',*,*,#3046,.T.);
#4062=ORIENTED_EDGE('',*,*,#3043,.T.);
#4063=ORIENTED_EDGE('',*,*,#3040,.T.);
#4064=ORIENTED_EDGE('',*,*,#3037,.T.);
#4065=ORIENTED_EDGE('',*,*,#3034,.T.);
#4066=ORIENTED_EDGE('',*,*,#3068,.T.);
#4067=ORIENTED_EDGE('',*,*,#3069,.T.);
#4068=ORIENTED_EDGE('',*,*,#3030,.T.);
#4069=ORIENTED_EDGE('',*,*,#3027,.T.);
#4070=ORIENTED_EDGE('',*,*,#3024,.T.);
#4071=ORIENTED_EDGE('',*,*,#3021,.T.);
#4072=ORIENTED_EDGE('',*,*,#3018,.T.);
#4073=ORIENTED_EDGE('',*,*,#3070,.F.);
#4074=ORIENTED_EDGE('',*,*,#3071,.F.);
#4075=ORIENTED_EDGE('',*,*,#3072,.F.);
#4076=ORIENTED_EDGE('',*,*,#3073,.F.);
#4077=ORIENTED_EDGE('',*,*,#3074,.F.);
#4078=ORIENTED_EDGE('',*,*,#3075,.F.);
#4079=ORIENTED_EDGE('',*,*,#3076,.F.);
#4080=ORIENTED_EDGE('',*,*,#3077,.F.);
#4081=ORIENTED_EDGE('',*,*,#3078,.F.);
#4082=ORIENTED_EDGE('',*,*,#3079,.F.);
#4083=ORIENTED_EDGE('',*,*,#3080,.F.);
#4084=ORIENTED_EDGE('',*,*,#3081,.F.);
#4085=ORIENTED_EDGE('',*,*,#3082,.F.);
#4086=ORIENTED_EDGE('',*,*,#3083,.F.);
#4087=ORIENTED_EDGE('',*,*,#3084,.F.);
#4088=ORIENTED_EDGE('',*,*,#3085,.F.);
#4089=ORIENTED_EDGE('',*,*,#3086,.F.);
#4090=ORIENTED_EDGE('',*,*,#3087,.F.);
#4091=ORIENTED_EDGE('',*,*,#3088,.F.);
#4092=ORIENTED_EDGE('',*,*,#3089,.F.);
#4093=ORIENTED_EDGE('',*,*,#3090,.F.);
#4094=ORIENTED_EDGE('',*,*,#3091,.F.);
#4095=ORIENTED_EDGE('',*,*,#3092,.F.);
#4096=ORIENTED_EDGE('',*,*,#3093,.F.);
#4097=ORIENTED_EDGE('',*,*,#3094,.F.);
#4098=ORIENTED_EDGE('',*,*,#3095,.T.);
#4099=ORIENTED_EDGE('',*,*,#3044,.T.);
#4100=ORIENTED_EDGE('',*,*,#3048,.T.);
#4101=ORIENTED_EDGE('',*,*,#3051,.T.);
#4102=ORIENTED_EDGE('',*,*,#3054,.T.);
#4103=ORIENTED_EDGE('',*,*,#3057,.T.);
#4104=ORIENTED_EDGE('',*,*,#3060,.T.);
#4105=ORIENTED_EDGE('',*,*,#3063,.T.);
#4106=ORIENTED_EDGE('',*,*,#3066,.T.);
#4107=ORIENTED_EDGE('',*,*,#3096,.F.);
#4108=ORIENTED_EDGE('',*,*,#3097,.T.);
#4109=ORIENTED_EDGE('',*,*,#3098,.F.);
#4110=ORIENTED_EDGE('',*,*,#3097,.F.);
#4111=ORIENTED_EDGE('',*,*,#3099,.F.);
#4112=ORIENTED_EDGE('',*,*,#3100,.T.);
#4113=ORIENTED_EDGE('',*,*,#3101,.F.);
#4114=ORIENTED_EDGE('',*,*,#3100,.F.);
#4115=ORIENTED_EDGE('',*,*,#3031,.T.);
#4116=ORIENTED_EDGE('',*,*,#3069,.F.);
#4117=ORIENTED_EDGE('',*,*,#3102,.T.);
#4118=ORIENTED_EDGE('',*,*,#3103,.F.);
#4119=ORIENTED_EDGE('',*,*,#3102,.F.);
#4120=ORIENTED_EDGE('',*,*,#3068,.F.);
#4121=ORIENTED_EDGE('',*,*,#3033,.F.);
#4122=ORIENTED_EDGE('',*,*,#3104,.F.);
#4123=ORIENTED_EDGE('',*,*,#3105,.F.);
#4124=ORIENTED_EDGE('',*,*,#3106,.T.);
#4125=ORIENTED_EDGE('',*,*,#3107,.F.);
#4126=ORIENTED_EDGE('',*,*,#3106,.F.);
#4127=ORIENTED_EDGE('',*,*,#3095,.F.);
#4128=ORIENTED_EDGE('',*,*,#3108,.T.);
#4129=ORIENTED_EDGE('',*,*,#3109,.F.);
#4130=ORIENTED_EDGE('',*,*,#3108,.F.);
#4131=ORIENTED_EDGE('',*,*,#3110,.F.);
#4132=ORIENTED_EDGE('',*,*,#3111,.F.);
#4133=ORIENTED_EDGE('',*,*,#3112,.F.);
#4134=ORIENTED_EDGE('',*,*,#3113,.T.);
#4135=ORIENTED_EDGE('',*,*,#3114,.T.);
#4136=ORIENTED_EDGE('',*,*,#3111,.T.);
#4137=ORIENTED_EDGE('',*,*,#3115,.T.);
#4138=ORIENTED_EDGE('',*,*,#3116,.F.);
#4139=ORIENTED_EDGE('',*,*,#3117,.F.);
#4140=ORIENTED_EDGE('',*,*,#3118,.F.);
#4141=ORIENTED_EDGE('',*,*,#3119,.T.);
#4142=ORIENTED_EDGE('',*,*,#3120,.T.);
#4143=ORIENTED_EDGE('',*,*,#3117,.T.);
#4144=ORIENTED_EDGE('',*,*,#3121,.T.);
#4145=ORIENTED_EDGE('',*,*,#3122,.T.);
#4146=ORIENTED_EDGE('',*,*,#3123,.T.);
#4147=ORIENTED_EDGE('',*,*,#3110,.T.);
#4148=ORIENTED_EDGE('',*,*,#3070,.T.);
#4149=ORIENTED_EDGE('',*,*,#3124,.T.);
#4150=ORIENTED_EDGE('',*,*,#3125,.T.);
#4151=ORIENTED_EDGE('',*,*,#3122,.F.);
#4152=ORIENTED_EDGE('',*,*,#3094,.T.);
#4153=ORIENTED_EDGE('',*,*,#3126,.T.);
#4154=ORIENTED_EDGE('',*,*,#3127,.T.);
#4155=ORIENTED_EDGE('',*,*,#3124,.F.);
#4156=ORIENTED_EDGE('',*,*,#3093,.T.);
#4157=ORIENTED_EDGE('',*,*,#3128,.T.);
#4158=ORIENTED_EDGE('',*,*,#3129,.T.);
#4159=ORIENTED_EDGE('',*,*,#3126,.F.);
#4160=ORIENTED_EDGE('',*,*,#3092,.T.);
#4161=ORIENTED_EDGE('',*,*,#3118,.T.);
#4162=ORIENTED_EDGE('',*,*,#3130,.T.);
#4163=ORIENTED_EDGE('',*,*,#3128,.F.);
#4164=ORIENTED_EDGE('',*,*,#3091,.T.);
#4165=ORIENTED_EDGE('',*,*,#3131,.F.);
#4166=ORIENTED_EDGE('',*,*,#3132,.F.);
#4167=ORIENTED_EDGE('',*,*,#3133,.F.);
#4168=ORIENTED_EDGE('',*,*,#3134,.T.);
#4169=ORIENTED_EDGE('',*,*,#3135,.T.);
#4170=ORIENTED_EDGE('',*,*,#3132,.T.);
#4171=ORIENTED_EDGE('',*,*,#3136,.T.);
#4172=ORIENTED_EDGE('',*,*,#3137,.F.);
#4173=ORIENTED_EDGE('',*,*,#3138,.F.);
#4174=ORIENTED_EDGE('',*,*,#3139,.F.);
#4175=ORIENTED_EDGE('',*,*,#3140,.T.);
#4176=ORIENTED_EDGE('',*,*,#3141,.T.);
#4177=ORIENTED_EDGE('',*,*,#3138,.T.);
#4178=ORIENTED_EDGE('',*,*,#3142,.T.);
#4179=ORIENTED_EDGE('',*,*,#3139,.T.);
#4180=ORIENTED_EDGE('',*,*,#3143,.T.);
#4181=ORIENTED_EDGE('',*,*,#3116,.T.);
#4182=ORIENTED_EDGE('',*,*,#3090,.T.);
#4183=ORIENTED_EDGE('',*,*,#3144,.T.);
#4184=ORIENTED_EDGE('',*,*,#3145,.T.);
#4185=ORIENTED_EDGE('',*,*,#3137,.T.);
#4186=ORIENTED_EDGE('',*,*,#3089,.T.);
#4187=ORIENTED_EDGE('',*,*,#3146,.T.);
#4188=ORIENTED_EDGE('',*,*,#3147,.T.);
#4189=ORIENTED_EDGE('',*,*,#3144,.F.);
#4190=ORIENTED_EDGE('',*,*,#3088,.T.);
#4191=ORIENTED_EDGE('',*,*,#3148,.T.);
#4192=ORIENTED_EDGE('',*,*,#3149,.T.);
#4193=ORIENTED_EDGE('',*,*,#3146,.F.);
#4194=ORIENTED_EDGE('',*,*,#3087,.T.);
#4195=ORIENTED_EDGE('',*,*,#3150,.T.);
#4196=ORIENTED_EDGE('',*,*,#3151,.T.);
#4197=ORIENTED_EDGE('',*,*,#3148,.F.);
#4198=ORIENTED_EDGE('',*,*,#3086,.T.);
#4199=ORIENTED_EDGE('',*,*,#3152,.T.);
#4200=ORIENTED_EDGE('',*,*,#3153,.T.);
#4201=ORIENTED_EDGE('',*,*,#3150,.F.);
#4202=ORIENTED_EDGE('',*,*,#3085,.T.);
#4203=ORIENTED_EDGE('',*,*,#3154,.T.);
#4204=ORIENTED_EDGE('',*,*,#3155,.T.);
#4205=ORIENTED_EDGE('',*,*,#3152,.F.);
#4206=ORIENTED_EDGE('',*,*,#3084,.T.);
#4207=ORIENTED_EDGE('',*,*,#3156,.T.);
#4208=ORIENTED_EDGE('',*,*,#3157,.T.);
#4209=ORIENTED_EDGE('',*,*,#3154,.F.);
#4210=ORIENTED_EDGE('',*,*,#3083,.T.);
#4211=ORIENTED_EDGE('',*,*,#3158,.T.);
#4212=ORIENTED_EDGE('',*,*,#3159,.T.);
#4213=ORIENTED_EDGE('',*,*,#3156,.F.);
#4214=ORIENTED_EDGE('',*,*,#3082,.T.);
#4215=ORIENTED_EDGE('',*,*,#3160,.T.);
#4216=ORIENTED_EDGE('',*,*,#3161,.T.);
#4217=ORIENTED_EDGE('',*,*,#3158,.F.);
#4218=ORIENTED_EDGE('',*,*,#3081,.T.);
#4219=ORIENTED_EDGE('',*,*,#3162,.T.);
#4220=ORIENTED_EDGE('',*,*,#3163,.T.);
#4221=ORIENTED_EDGE('',*,*,#3160,.F.);
#4222=ORIENTED_EDGE('',*,*,#3080,.T.);
#4223=ORIENTED_EDGE('',*,*,#3164,.T.);
#4224=ORIENTED_EDGE('',*,*,#3165,.T.);
#4225=ORIENTED_EDGE('',*,*,#3162,.F.);
#4226=ORIENTED_EDGE('',*,*,#3079,.T.);
#4227=ORIENTED_EDGE('',*,*,#3166,.T.);
#4228=ORIENTED_EDGE('',*,*,#3167,.T.);
#4229=ORIENTED_EDGE('',*,*,#3164,.F.);
#4230=ORIENTED_EDGE('',*,*,#3078,.T.);
#4231=ORIENTED_EDGE('',*,*,#3168,.T.);
#4232=ORIENTED_EDGE('',*,*,#3169,.T.);
#4233=ORIENTED_EDGE('',*,*,#3166,.F.);
#4234=ORIENTED_EDGE('',*,*,#3077,.T.);
#4235=ORIENTED_EDGE('',*,*,#3170,.T.);
#4236=ORIENTED_EDGE('',*,*,#3171,.T.);
#4237=ORIENTED_EDGE('',*,*,#3168,.F.);
#4238=ORIENTED_EDGE('',*,*,#3076,.T.);
#4239=ORIENTED_EDGE('',*,*,#3172,.T.);
#4240=ORIENTED_EDGE('',*,*,#3173,.T.);
#4241=ORIENTED_EDGE('',*,*,#3170,.F.);
#4242=ORIENTED_EDGE('',*,*,#3075,.T.);
#4243=ORIENTED_EDGE('',*,*,#3174,.T.);
#4244=ORIENTED_EDGE('',*,*,#3175,.T.);
#4245=ORIENTED_EDGE('',*,*,#3172,.F.);
#4246=ORIENTED_EDGE('',*,*,#3074,.T.);
#4247=ORIENTED_EDGE('',*,*,#3176,.T.);
#4248=ORIENTED_EDGE('',*,*,#3177,.T.);
#4249=ORIENTED_EDGE('',*,*,#3174,.F.);
#4250=ORIENTED_EDGE('',*,*,#3073,.T.);
#4251=ORIENTED_EDGE('',*,*,#3133,.T.);
#4252=ORIENTED_EDGE('',*,*,#3178,.T.);
#4253=ORIENTED_EDGE('',*,*,#3176,.F.);
#4254=ORIENTED_EDGE('',*,*,#3072,.T.);
#4255=ORIENTED_EDGE('',*,*,#3112,.T.);
#4256=ORIENTED_EDGE('',*,*,#3179,.T.);
#4257=ORIENTED_EDGE('',*,*,#3131,.T.);
#4258=ORIENTED_EDGE('',*,*,#3071,.T.);
#4259=ORIENTED_EDGE('',*,*,#3177,.F.);
#4260=ORIENTED_EDGE('',*,*,#3180,.F.);
#4261=ORIENTED_EDGE('',*,*,#3181,.F.);
#4262=ORIENTED_EDGE('',*,*,#3182,.T.);
#4263=ORIENTED_EDGE('',*,*,#3178,.F.);
#4264=ORIENTED_EDGE('',*,*,#3135,.F.);
#4265=ORIENTED_EDGE('',*,*,#3183,.F.);
#4266=ORIENTED_EDGE('',*,*,#3184,.F.);
#4267=ORIENTED_EDGE('',*,*,#3185,.F.);
#4268=ORIENTED_EDGE('',*,*,#3186,.F.);
#4269=ORIENTED_EDGE('',*,*,#3187,.F.);
#4270=ORIENTED_EDGE('',*,*,#3180,.T.);
#4271=ORIENTED_EDGE('',*,*,#3134,.F.);
#4272=ORIENTED_EDGE('',*,*,#3188,.F.);
#4273=ORIENTED_EDGE('',*,*,#3189,.F.);
#4274=ORIENTED_EDGE('',*,*,#3190,.F.);
#4275=ORIENTED_EDGE('',*,*,#3191,.F.);
#4276=ORIENTED_EDGE('',*,*,#3192,.F.);
#4277=ORIENTED_EDGE('',*,*,#3183,.T.);
#4278=ORIENTED_EDGE('',*,*,#3136,.F.);
#4279=ORIENTED_EDGE('',*,*,#3179,.F.);
#4280=ORIENTED_EDGE('',*,*,#3114,.F.);
#4281=ORIENTED_EDGE('',*,*,#3193,.F.);
#4282=ORIENTED_EDGE('',*,*,#3194,.F.);
#4283=ORIENTED_EDGE('',*,*,#3188,.T.);
#4284=ORIENTED_EDGE('',*,*,#3113,.F.);
#4285=ORIENTED_EDGE('',*,*,#3195,.F.);
#4286=ORIENTED_EDGE('',*,*,#3196,.F.);
#4287=ORIENTED_EDGE('',*,*,#3193,.T.);
#4288=ORIENTED_EDGE('',*,*,#3115,.F.);
#4289=ORIENTED_EDGE('',*,*,#3123,.F.);
#4290=ORIENTED_EDGE('',*,*,#3197,.F.);
#4291=ORIENTED_EDGE('',*,*,#3198,.F.);
#4292=ORIENTED_EDGE('',*,*,#3195,.T.);
#4293=ORIENTED_EDGE('',*,*,#3125,.F.);
#4294=ORIENTED_EDGE('',*,*,#3199,.F.);
#4295=ORIENTED_EDGE('',*,*,#3200,.F.);
#4296=ORIENTED_EDGE('',*,*,#3197,.T.);
#4297=ORIENTED_EDGE('',*,*,#3127,.F.);
#4298=ORIENTED_EDGE('',*,*,#3201,.F.);
#4299=ORIENTED_EDGE('',*,*,#3202,.F.);
#4300=ORIENTED_EDGE('',*,*,#3199,.T.);
#4301=ORIENTED_EDGE('',*,*,#3129,.F.);
#4302=ORIENTED_EDGE('',*,*,#3203,.F.);
#4303=ORIENTED_EDGE('',*,*,#3204,.F.);
#4304=ORIENTED_EDGE('',*,*,#3201,.T.);
#4305=ORIENTED_EDGE('',*,*,#3130,.F.);
#4306=ORIENTED_EDGE('',*,*,#3120,.F.);
#4307=ORIENTED_EDGE('',*,*,#3205,.F.);
#4308=ORIENTED_EDGE('',*,*,#3206,.F.);
#4309=ORIENTED_EDGE('',*,*,#3203,.T.);
#4310=ORIENTED_EDGE('',*,*,#3119,.F.);
#4311=ORIENTED_EDGE('',*,*,#3207,.F.);
#4312=ORIENTED_EDGE('',*,*,#3208,.F.);
#4313=ORIENTED_EDGE('',*,*,#3205,.T.);
#4314=ORIENTED_EDGE('',*,*,#3121,.F.);
#4315=ORIENTED_EDGE('',*,*,#3143,.F.);
#4316=ORIENTED_EDGE('',*,*,#3141,.F.);
#4317=ORIENTED_EDGE('',*,*,#3209,.F.);
#4318=ORIENTED_EDGE('',*,*,#3210,.F.);
#4319=ORIENTED_EDGE('',*,*,#3207,.T.);
#4320=ORIENTED_EDGE('',*,*,#3029,.T.);
#4321=ORIENTED_EDGE('',*,*,#3104,.T.);
#4322=ORIENTED_EDGE('',*,*,#3032,.T.);
#4323=ORIENTED_EDGE('',*,*,#3036,.T.);
#4324=ORIENTED_EDGE('',*,*,#3039,.T.);
#4325=ORIENTED_EDGE('',*,*,#3042,.T.);
#4326=ORIENTED_EDGE('',*,*,#3016,.T.);
#4327=ORIENTED_EDGE('',*,*,#3020,.T.);
#4328=ORIENTED_EDGE('',*,*,#3023,.T.);
#4329=ORIENTED_EDGE('',*,*,#3026,.T.);
#4330=ORIENTED_EDGE('',*,*,#3096,.T.);
#4331=ORIENTED_EDGE('',*,*,#3099,.T.);
#4332=ORIENTED_EDGE('',*,*,#3105,.T.);
#4333=ORIENTED_EDGE('',*,*,#3211,.T.);
#4334=ORIENTED_EDGE('',*,*,#3212,.T.);
#4335=ORIENTED_EDGE('',*,*,#3213,.T.);
#4336=ORIENTED_EDGE('',*,*,#3214,.T.);
#4337=ORIENTED_EDGE('',*,*,#3185,.T.);
#4338=ORIENTED_EDGE('',*,*,#3215,.T.);
#4339=ORIENTED_EDGE('',*,*,#3213,.F.);
#4340=ORIENTED_EDGE('',*,*,#3216,.T.);
#4341=ORIENTED_EDGE('',*,*,#3191,.T.);
#4342=ORIENTED_EDGE('',*,*,#3217,.T.);
#4343=ORIENTED_EDGE('',*,*,#3211,.F.);
#4344=ORIENTED_EDGE('',*,*,#3218,.T.);
#4345=ORIENTED_EDGE('',*,*,#3215,.F.);
#4346=ORIENTED_EDGE('',*,*,#3184,.T.);
#4347=ORIENTED_EDGE('',*,*,#3219,.F.);
#4348=ORIENTED_EDGE('',*,*,#3216,.F.);
#4349=ORIENTED_EDGE('',*,*,#3212,.F.);
#4350=ORIENTED_EDGE('',*,*,#3220,.F.);
#4351=ORIENTED_EDGE('',*,*,#3221,.F.);
#4352=ORIENTED_EDGE('',*,*,#3222,.T.);
#4353=ORIENTED_EDGE('',*,*,#3223,.F.);
#4354=ORIENTED_EDGE('',*,*,#3224,.T.);
#4355=ORIENTED_EDGE('',*,*,#3186,.T.);
#4356=ORIENTED_EDGE('',*,*,#3225,.F.);
#4357=ORIENTED_EDGE('',*,*,#3226,.F.);
#4358=ORIENTED_EDGE('',*,*,#3227,.F.);
#4359=ORIENTED_EDGE('',*,*,#3228,.T.);
#4360=ORIENTED_EDGE('',*,*,#3221,.T.);
#4361=ORIENTED_EDGE('',*,*,#3227,.T.);
#4362=ORIENTED_EDGE('',*,*,#3229,.T.);
#4363=ORIENTED_EDGE('',*,*,#3230,.T.);
#4364=ORIENTED_EDGE('',*,*,#3231,.T.);
#4365=ORIENTED_EDGE('',*,*,#3228,.F.);
#4366=ORIENTED_EDGE('',*,*,#3232,.T.);
#4367=ORIENTED_EDGE('',*,*,#3233,.T.);
#4368=ORIENTED_EDGE('',*,*,#3234,.T.);
#4369=ORIENTED_EDGE('',*,*,#3230,.F.);
#4370=ORIENTED_EDGE('',*,*,#3235,.T.);
#4371=ORIENTED_EDGE('',*,*,#3236,.T.);
#4372=ORIENTED_EDGE('',*,*,#3237,.T.);
#4373=ORIENTED_EDGE('',*,*,#3233,.F.);
#4374=ORIENTED_EDGE('',*,*,#3238,.T.);
#4375=ORIENTED_EDGE('',*,*,#3239,.T.);
#4376=ORIENTED_EDGE('',*,*,#3240,.T.);
#4377=ORIENTED_EDGE('',*,*,#3236,.F.);
#4378=ORIENTED_EDGE('',*,*,#3241,.T.);
#4379=ORIENTED_EDGE('',*,*,#3242,.T.);
#4380=ORIENTED_EDGE('',*,*,#3243,.T.);
#4381=ORIENTED_EDGE('',*,*,#3239,.F.);
#4382=ORIENTED_EDGE('',*,*,#3244,.T.);
#4383=ORIENTED_EDGE('',*,*,#3245,.T.);
#4384=ORIENTED_EDGE('',*,*,#3246,.T.);
#4385=ORIENTED_EDGE('',*,*,#3242,.F.);
#4386=ORIENTED_EDGE('',*,*,#3247,.T.);
#4387=ORIENTED_EDGE('',*,*,#3248,.T.);
#4388=ORIENTED_EDGE('',*,*,#3249,.T.);
#4389=ORIENTED_EDGE('',*,*,#3245,.F.);
#4390=ORIENTED_EDGE('',*,*,#3250,.T.);
#4391=ORIENTED_EDGE('',*,*,#3251,.T.);
#4392=ORIENTED_EDGE('',*,*,#3252,.T.);
#4393=ORIENTED_EDGE('',*,*,#3248,.F.);
#4394=ORIENTED_EDGE('',*,*,#3253,.T.);
#4395=ORIENTED_EDGE('',*,*,#3254,.T.);
#4396=ORIENTED_EDGE('',*,*,#3255,.T.);
#4397=ORIENTED_EDGE('',*,*,#3251,.F.);
#4398=ORIENTED_EDGE('',*,*,#3256,.T.);
#4399=ORIENTED_EDGE('',*,*,#3257,.T.);
#4400=ORIENTED_EDGE('',*,*,#3258,.T.);
#4401=ORIENTED_EDGE('',*,*,#3254,.F.);
#4402=ORIENTED_EDGE('',*,*,#3259,.T.);
#4403=ORIENTED_EDGE('',*,*,#3260,.T.);
#4404=ORIENTED_EDGE('',*,*,#3261,.T.);
#4405=ORIENTED_EDGE('',*,*,#3257,.F.);
#4406=ORIENTED_EDGE('',*,*,#3262,.T.);
#4407=ORIENTED_EDGE('',*,*,#3263,.T.);
#4408=ORIENTED_EDGE('',*,*,#3264,.T.);
#4409=ORIENTED_EDGE('',*,*,#3260,.F.);
#4410=ORIENTED_EDGE('',*,*,#3265,.T.);
#4411=ORIENTED_EDGE('',*,*,#3266,.T.);
#4412=ORIENTED_EDGE('',*,*,#3267,.T.);
#4413=ORIENTED_EDGE('',*,*,#3263,.F.);
#4414=ORIENTED_EDGE('',*,*,#3268,.T.);
#4415=ORIENTED_EDGE('',*,*,#3269,.T.);
#4416=ORIENTED_EDGE('',*,*,#3270,.T.);
#4417=ORIENTED_EDGE('',*,*,#3266,.F.);
#4418=ORIENTED_EDGE('',*,*,#3271,.T.);
#4419=ORIENTED_EDGE('',*,*,#3272,.T.);
#4420=ORIENTED_EDGE('',*,*,#3273,.T.);
#4421=ORIENTED_EDGE('',*,*,#3269,.F.);
#4422=ORIENTED_EDGE('',*,*,#3274,.T.);
#4423=ORIENTED_EDGE('',*,*,#3275,.T.);
#4424=ORIENTED_EDGE('',*,*,#3276,.T.);
#4425=ORIENTED_EDGE('',*,*,#3272,.F.);
#4426=ORIENTED_EDGE('',*,*,#3277,.T.);
#4427=ORIENTED_EDGE('',*,*,#3278,.T.);
#4428=ORIENTED_EDGE('',*,*,#3279,.T.);
#4429=ORIENTED_EDGE('',*,*,#3275,.F.);
#4430=ORIENTED_EDGE('',*,*,#3280,.T.);
#4431=ORIENTED_EDGE('',*,*,#3281,.T.);
#4432=ORIENTED_EDGE('',*,*,#3282,.T.);
#4433=ORIENTED_EDGE('',*,*,#3278,.F.);
#4434=ORIENTED_EDGE('',*,*,#3283,.T.);
#4435=ORIENTED_EDGE('',*,*,#3284,.T.);
#4436=ORIENTED_EDGE('',*,*,#3285,.T.);
#4437=ORIENTED_EDGE('',*,*,#3281,.F.);
#4438=ORIENTED_EDGE('',*,*,#3286,.T.);
#4439=ORIENTED_EDGE('',*,*,#3287,.T.);
#4440=ORIENTED_EDGE('',*,*,#3288,.T.);
#4441=ORIENTED_EDGE('',*,*,#3284,.F.);
#4442=ORIENTED_EDGE('',*,*,#3289,.T.);
#4443=ORIENTED_EDGE('',*,*,#3290,.T.);
#4444=ORIENTED_EDGE('',*,*,#3291,.T.);
#4445=ORIENTED_EDGE('',*,*,#3287,.F.);
#4446=ORIENTED_EDGE('',*,*,#3292,.T.);
#4447=ORIENTED_EDGE('',*,*,#3293,.T.);
#4448=ORIENTED_EDGE('',*,*,#3294,.T.);
#4449=ORIENTED_EDGE('',*,*,#3290,.F.);
#4450=ORIENTED_EDGE('',*,*,#3295,.T.);
#4451=ORIENTED_EDGE('',*,*,#3296,.T.);
#4452=ORIENTED_EDGE('',*,*,#3297,.T.);
#4453=ORIENTED_EDGE('',*,*,#3293,.F.);
#4454=ORIENTED_EDGE('',*,*,#3298,.T.);
#4455=ORIENTED_EDGE('',*,*,#3299,.T.);
#4456=ORIENTED_EDGE('',*,*,#3300,.T.);
#4457=ORIENTED_EDGE('',*,*,#3296,.F.);
#4458=ORIENTED_EDGE('',*,*,#3301,.T.);
#4459=ORIENTED_EDGE('',*,*,#3302,.T.);
#4460=ORIENTED_EDGE('',*,*,#3303,.T.);
#4461=ORIENTED_EDGE('',*,*,#3299,.F.);
#4462=ORIENTED_EDGE('',*,*,#3304,.T.);
#4463=ORIENTED_EDGE('',*,*,#3305,.T.);
#4464=ORIENTED_EDGE('',*,*,#3306,.T.);
#4465=ORIENTED_EDGE('',*,*,#3302,.F.);
#4466=ORIENTED_EDGE('',*,*,#3307,.T.);
#4467=ORIENTED_EDGE('',*,*,#3308,.T.);
#4468=ORIENTED_EDGE('',*,*,#3309,.T.);
#4469=ORIENTED_EDGE('',*,*,#3305,.F.);
#4470=ORIENTED_EDGE('',*,*,#3310,.T.);
#4471=ORIENTED_EDGE('',*,*,#3311,.T.);
#4472=ORIENTED_EDGE('',*,*,#3312,.T.);
#4473=ORIENTED_EDGE('',*,*,#3308,.F.);
#4474=ORIENTED_EDGE('',*,*,#3313,.T.);
#4475=ORIENTED_EDGE('',*,*,#3226,.T.);
#4476=ORIENTED_EDGE('',*,*,#3314,.T.);
#4477=ORIENTED_EDGE('',*,*,#3311,.F.);
#4478=ORIENTED_EDGE('',*,*,#3315,.T.);
#4479=ORIENTED_EDGE('',*,*,#3217,.F.);
#4480=ORIENTED_EDGE('',*,*,#3190,.T.);
#4481=ORIENTED_EDGE('',*,*,#3316,.T.);
#4482=ORIENTED_EDGE('',*,*,#3317,.T.);
#4483=ORIENTED_EDGE('',*,*,#3225,.T.);
#4484=ORIENTED_EDGE('',*,*,#3220,.T.);
#4485=ORIENTED_EDGE('',*,*,#3273,.F.);
#4486=ORIENTED_EDGE('',*,*,#3318,.T.);
#4487=ORIENTED_EDGE('',*,*,#3319,.F.);
#4488=ORIENTED_EDGE('',*,*,#3320,.F.);
#4489=ORIENTED_EDGE('',*,*,#3276,.F.);
#4490=ORIENTED_EDGE('',*,*,#3321,.T.);
#4491=ORIENTED_EDGE('',*,*,#3322,.F.);
#4492=ORIENTED_EDGE('',*,*,#3318,.F.);
#4493=ORIENTED_EDGE('',*,*,#3279,.F.);
#4494=ORIENTED_EDGE('',*,*,#3323,.T.);
#4495=ORIENTED_EDGE('',*,*,#3324,.F.);
#4496=ORIENTED_EDGE('',*,*,#3321,.F.);
#4497=ORIENTED_EDGE('',*,*,#3282,.F.);
#4498=ORIENTED_EDGE('',*,*,#3325,.T.);
#4499=ORIENTED_EDGE('',*,*,#3326,.F.);
#4500=ORIENTED_EDGE('',*,*,#3323,.F.);
#4501=ORIENTED_EDGE('',*,*,#3285,.F.);
#4502=ORIENTED_EDGE('',*,*,#3327,.T.);
#4503=ORIENTED_EDGE('',*,*,#3328,.F.);
#4504=ORIENTED_EDGE('',*,*,#3325,.F.);
#4505=ORIENTED_EDGE('',*,*,#3288,.F.);
#4506=ORIENTED_EDGE('',*,*,#3329,.T.);
#4507=ORIENTED_EDGE('',*,*,#3330,.F.);
#4508=ORIENTED_EDGE('',*,*,#3327,.F.);
#4509=ORIENTED_EDGE('',*,*,#2982,.T.);
#4510=ORIENTED_EDGE('',*,*,#2979,.T.);
#4511=ORIENTED_EDGE('',*,*,#2976,.T.);
#4512=ORIENTED_EDGE('',*,*,#2973,.T.);
#4513=ORIENTED_EDGE('',*,*,#2970,.T.);
#4514=ORIENTED_EDGE('',*,*,#2991,.T.);
#4515=ORIENTED_EDGE('',*,*,#2988,.T.);
#4516=ORIENTED_EDGE('',*,*,#2985,.T.);
#4517=ORIENTED_EDGE('',*,*,#3291,.F.);
#4518=ORIENTED_EDGE('',*,*,#3331,.T.);
#4519=ORIENTED_EDGE('',*,*,#3332,.F.);
#4520=ORIENTED_EDGE('',*,*,#3329,.F.);
#4521=ORIENTED_EDGE('',*,*,#3294,.F.);
#4522=ORIENTED_EDGE('',*,*,#3333,.T.);
#4523=ORIENTED_EDGE('',*,*,#3334,.F.);
#4524=ORIENTED_EDGE('',*,*,#3331,.F.);
#4525=ORIENTED_EDGE('',*,*,#3297,.F.);
#4526=ORIENTED_EDGE('',*,*,#3335,.T.);
#4527=ORIENTED_EDGE('',*,*,#3336,.F.);
#4528=ORIENTED_EDGE('',*,*,#3333,.F.);
#4529=ORIENTED_EDGE('',*,*,#3300,.F.);
#4530=ORIENTED_EDGE('',*,*,#3337,.T.);
#4531=ORIENTED_EDGE('',*,*,#3338,.F.);
#4532=ORIENTED_EDGE('',*,*,#3335,.F.);
#4533=ORIENTED_EDGE('',*,*,#2910,.T.);
#4534=ORIENTED_EDGE('',*,*,#2907,.T.);
#4535=ORIENTED_EDGE('',*,*,#2904,.T.);
#4536=ORIENTED_EDGE('',*,*,#2901,.T.);
#4537=ORIENTED_EDGE('',*,*,#2898,.T.);
#4538=ORIENTED_EDGE('',*,*,#2919,.T.);
#4539=ORIENTED_EDGE('',*,*,#2916,.T.);
#4540=ORIENTED_EDGE('',*,*,#2913,.T.);
#4541=ORIENTED_EDGE('',*,*,#3303,.F.);
#4542=ORIENTED_EDGE('',*,*,#3339,.T.);
#4543=ORIENTED_EDGE('',*,*,#3340,.F.);
#4544=ORIENTED_EDGE('',*,*,#3337,.F.);
#4545=ORIENTED_EDGE('',*,*,#3306,.F.);
#4546=ORIENTED_EDGE('',*,*,#3341,.T.);
#4547=ORIENTED_EDGE('',*,*,#3342,.F.);
#4548=ORIENTED_EDGE('',*,*,#3339,.F.);
#4549=ORIENTED_EDGE('',*,*,#3309,.F.);
#4550=ORIENTED_EDGE('',*,*,#3343,.T.);
#4551=ORIENTED_EDGE('',*,*,#3344,.F.);
#4552=ORIENTED_EDGE('',*,*,#3341,.F.);
#4553=ORIENTED_EDGE('',*,*,#3312,.F.);
#4554=ORIENTED_EDGE('',*,*,#3345,.T.);
#4555=ORIENTED_EDGE('',*,*,#3346,.F.);
#4556=ORIENTED_EDGE('',*,*,#3343,.F.);
#4557=ORIENTED_EDGE('',*,*,#3006,.T.);
#4558=ORIENTED_EDGE('',*,*,#3003,.T.);
#4559=ORIENTED_EDGE('',*,*,#3000,.T.);
#4560=ORIENTED_EDGE('',*,*,#2997,.T.);
#4561=ORIENTED_EDGE('',*,*,#2994,.T.);
#4562=ORIENTED_EDGE('',*,*,#3015,.T.);
#4563=ORIENTED_EDGE('',*,*,#3012,.T.);
#4564=ORIENTED_EDGE('',*,*,#3009,.T.);
#4565=ORIENTED_EDGE('',*,*,#3314,.F.);
#4566=ORIENTED_EDGE('',*,*,#3317,.F.);
#4567=ORIENTED_EDGE('',*,*,#3347,.F.);
#4568=ORIENTED_EDGE('',*,*,#3345,.F.);
#4569=ORIENTED_EDGE('',*,*,#3316,.F.);
#4570=ORIENTED_EDGE('',*,*,#3189,.T.);
#4571=ORIENTED_EDGE('',*,*,#3348,.F.);
#4572=ORIENTED_EDGE('',*,*,#3347,.T.);
#4573=ORIENTED_EDGE('',*,*,#3229,.F.);
#4574=ORIENTED_EDGE('',*,*,#3315,.F.);
#4575=ORIENTED_EDGE('',*,*,#3313,.F.);
#4576=ORIENTED_EDGE('',*,*,#3310,.F.);
#4577=ORIENTED_EDGE('',*,*,#3307,.F.);
#4578=ORIENTED_EDGE('',*,*,#3304,.F.);
#4579=ORIENTED_EDGE('',*,*,#3301,.F.);
#4580=ORIENTED_EDGE('',*,*,#3298,.F.);
#4581=ORIENTED_EDGE('',*,*,#3295,.F.);
#4582=ORIENTED_EDGE('',*,*,#3292,.F.);
#4583=ORIENTED_EDGE('',*,*,#3289,.F.);
#4584=ORIENTED_EDGE('',*,*,#3286,.F.);
#4585=ORIENTED_EDGE('',*,*,#3283,.F.);
#4586=ORIENTED_EDGE('',*,*,#3280,.F.);
#4587=ORIENTED_EDGE('',*,*,#3277,.F.);
#4588=ORIENTED_EDGE('',*,*,#3274,.F.);
#4589=ORIENTED_EDGE('',*,*,#3271,.F.);
#4590=ORIENTED_EDGE('',*,*,#3268,.F.);
#4591=ORIENTED_EDGE('',*,*,#3265,.F.);
#4592=ORIENTED_EDGE('',*,*,#3262,.F.);
#4593=ORIENTED_EDGE('',*,*,#3259,.F.);
#4594=ORIENTED_EDGE('',*,*,#3256,.F.);
#4595=ORIENTED_EDGE('',*,*,#3253,.F.);
#4596=ORIENTED_EDGE('',*,*,#3250,.F.);
#4597=ORIENTED_EDGE('',*,*,#3247,.F.);
#4598=ORIENTED_EDGE('',*,*,#3244,.F.);
#4599=ORIENTED_EDGE('',*,*,#3241,.F.);
#4600=ORIENTED_EDGE('',*,*,#3238,.F.);
#4601=ORIENTED_EDGE('',*,*,#3235,.F.);
#4602=ORIENTED_EDGE('',*,*,#3232,.F.);
#4603=ORIENTED_EDGE('',*,*,#3349,.F.);
#4604=ORIENTED_EDGE('',*,*,#3350,.F.);
#4605=ORIENTED_EDGE('',*,*,#3351,.F.);
#4606=ORIENTED_EDGE('',*,*,#3352,.F.);
#4607=ORIENTED_EDGE('',*,*,#3353,.F.);
#4608=ORIENTED_EDGE('',*,*,#3354,.F.);
#4609=ORIENTED_EDGE('',*,*,#3355,.F.);
#4610=ORIENTED_EDGE('',*,*,#3356,.F.);
#4611=ORIENTED_EDGE('',*,*,#3357,.F.);
#4612=ORIENTED_EDGE('',*,*,#3358,.F.);
#4613=ORIENTED_EDGE('',*,*,#3359,.F.);
#4614=ORIENTED_EDGE('',*,*,#3360,.F.);
#4615=ORIENTED_EDGE('',*,*,#3361,.F.);
#4616=ORIENTED_EDGE('',*,*,#3362,.F.);
#4617=ORIENTED_EDGE('',*,*,#3363,.F.);
#4618=ORIENTED_EDGE('',*,*,#3364,.F.);
#4619=ORIENTED_EDGE('',*,*,#3365,.F.);
#4620=ORIENTED_EDGE('',*,*,#3366,.F.);
#4621=ORIENTED_EDGE('',*,*,#3367,.F.);
#4622=ORIENTED_EDGE('',*,*,#3368,.F.);
#4623=ORIENTED_EDGE('',*,*,#3369,.F.);
#4624=ORIENTED_EDGE('',*,*,#3214,.F.);
#4625=ORIENTED_EDGE('',*,*,#3219,.T.);
#4626=ORIENTED_EDGE('',*,*,#3192,.T.);
#4627=ORIENTED_EDGE('',*,*,#3218,.F.);
#4628=ORIENTED_EDGE('',*,*,#3224,.F.);
#4629=ORIENTED_EDGE('',*,*,#3223,.T.);
#4630=ORIENTED_EDGE('',*,*,#3370,.T.);
#4631=ORIENTED_EDGE('',*,*,#3371,.T.);
#4632=ORIENTED_EDGE('',*,*,#3187,.T.);
#4633=ORIENTED_EDGE('',*,*,#3371,.F.);
#4634=ORIENTED_EDGE('',*,*,#3372,.T.);
#4635=ORIENTED_EDGE('',*,*,#3373,.T.);
#4636=ORIENTED_EDGE('',*,*,#3181,.T.);
#4637=ORIENTED_EDGE('',*,*,#3373,.F.);
#4638=ORIENTED_EDGE('',*,*,#3374,.T.);
#4639=ORIENTED_EDGE('',*,*,#3375,.T.);
#4640=ORIENTED_EDGE('',*,*,#3376,.T.);
#4641=ORIENTED_EDGE('',*,*,#3375,.F.);
#4642=ORIENTED_EDGE('',*,*,#3377,.T.);
#4643=ORIENTED_EDGE('',*,*,#3378,.T.);
#4644=ORIENTED_EDGE('',*,*,#3379,.T.);
#4645=ORIENTED_EDGE('',*,*,#3378,.F.);
#4646=ORIENTED_EDGE('',*,*,#3380,.T.);
#4647=ORIENTED_EDGE('',*,*,#3381,.T.);
#4648=ORIENTED_EDGE('',*,*,#3382,.T.);
#4649=ORIENTED_EDGE('',*,*,#3381,.F.);
#4650=ORIENTED_EDGE('',*,*,#3383,.T.);
#4651=ORIENTED_EDGE('',*,*,#3384,.T.);
#4652=ORIENTED_EDGE('',*,*,#3385,.T.);
#4653=ORIENTED_EDGE('',*,*,#3384,.F.);
#4654=ORIENTED_EDGE('',*,*,#3386,.T.);
#4655=ORIENTED_EDGE('',*,*,#3387,.T.);
#4656=ORIENTED_EDGE('',*,*,#3388,.T.);
#4657=ORIENTED_EDGE('',*,*,#3387,.F.);
#4658=ORIENTED_EDGE('',*,*,#3389,.T.);
#4659=ORIENTED_EDGE('',*,*,#3390,.T.);
#4660=ORIENTED_EDGE('',*,*,#3391,.T.);
#4661=ORIENTED_EDGE('',*,*,#3390,.F.);
#4662=ORIENTED_EDGE('',*,*,#3392,.T.);
#4663=ORIENTED_EDGE('',*,*,#3393,.T.);
#4664=ORIENTED_EDGE('',*,*,#3394,.T.);
#4665=ORIENTED_EDGE('',*,*,#3393,.F.);
#4666=ORIENTED_EDGE('',*,*,#3395,.T.);
#4667=ORIENTED_EDGE('',*,*,#3396,.T.);
#4668=ORIENTED_EDGE('',*,*,#3397,.T.);
#4669=ORIENTED_EDGE('',*,*,#3396,.F.);
#4670=ORIENTED_EDGE('',*,*,#3398,.T.);
#4671=ORIENTED_EDGE('',*,*,#3399,.T.);
#4672=ORIENTED_EDGE('',*,*,#3400,.T.);
#4673=ORIENTED_EDGE('',*,*,#3399,.F.);
#4674=ORIENTED_EDGE('',*,*,#3401,.T.);
#4675=ORIENTED_EDGE('',*,*,#3402,.T.);
#4676=ORIENTED_EDGE('',*,*,#3403,.T.);
#4677=ORIENTED_EDGE('',*,*,#3402,.F.);
#4678=ORIENTED_EDGE('',*,*,#3404,.T.);
#4679=ORIENTED_EDGE('',*,*,#3405,.T.);
#4680=ORIENTED_EDGE('',*,*,#3406,.T.);
#4681=ORIENTED_EDGE('',*,*,#3405,.F.);
#4682=ORIENTED_EDGE('',*,*,#3407,.T.);
#4683=ORIENTED_EDGE('',*,*,#3408,.T.);
#4684=ORIENTED_EDGE('',*,*,#3409,.T.);
#4685=ORIENTED_EDGE('',*,*,#3408,.F.);
#4686=ORIENTED_EDGE('',*,*,#3319,.T.);
#4687=ORIENTED_EDGE('',*,*,#3410,.T.);
#4688=ORIENTED_EDGE('',*,*,#3411,.T.);
#4689=ORIENTED_EDGE('',*,*,#3410,.F.);
#4690=ORIENTED_EDGE('',*,*,#3322,.T.);
#4691=ORIENTED_EDGE('',*,*,#3412,.T.);
#4692=ORIENTED_EDGE('',*,*,#3413,.T.);
#4693=ORIENTED_EDGE('',*,*,#3412,.F.);
#4694=ORIENTED_EDGE('',*,*,#3324,.T.);
#4695=ORIENTED_EDGE('',*,*,#3414,.T.);
#4696=ORIENTED_EDGE('',*,*,#3415,.T.);
#4697=ORIENTED_EDGE('',*,*,#3414,.F.);
#4698=ORIENTED_EDGE('',*,*,#3326,.T.);
#4699=ORIENTED_EDGE('',*,*,#3416,.T.);
#4700=ORIENTED_EDGE('',*,*,#3417,.T.);
#4701=ORIENTED_EDGE('',*,*,#3416,.F.);
#4702=ORIENTED_EDGE('',*,*,#3328,.T.);
#4703=ORIENTED_EDGE('',*,*,#3418,.T.);
#4704=ORIENTED_EDGE('',*,*,#3419,.T.);
#4705=ORIENTED_EDGE('',*,*,#3418,.F.);
#4706=ORIENTED_EDGE('',*,*,#3330,.T.);
#4707=ORIENTED_EDGE('',*,*,#3420,.T.);
#4708=ORIENTED_EDGE('',*,*,#3210,.T.);
#4709=ORIENTED_EDGE('',*,*,#3420,.F.);
#4710=ORIENTED_EDGE('',*,*,#3332,.T.);
#4711=ORIENTED_EDGE('',*,*,#3421,.T.);
#4712=ORIENTED_EDGE('',*,*,#3208,.T.);
#4713=ORIENTED_EDGE('',*,*,#3421,.F.);
#4714=ORIENTED_EDGE('',*,*,#3334,.T.);
#4715=ORIENTED_EDGE('',*,*,#3422,.T.);
#4716=ORIENTED_EDGE('',*,*,#3206,.T.);
#4717=ORIENTED_EDGE('',*,*,#3422,.F.);
#4718=ORIENTED_EDGE('',*,*,#3336,.T.);
#4719=ORIENTED_EDGE('',*,*,#3423,.T.);
#4720=ORIENTED_EDGE('',*,*,#3204,.T.);
#4721=ORIENTED_EDGE('',*,*,#3423,.F.);
#4722=ORIENTED_EDGE('',*,*,#3338,.T.);
#4723=ORIENTED_EDGE('',*,*,#3424,.T.);
#4724=ORIENTED_EDGE('',*,*,#3202,.T.);
#4725=ORIENTED_EDGE('',*,*,#3424,.F.);
#4726=ORIENTED_EDGE('',*,*,#3340,.T.);
#4727=ORIENTED_EDGE('',*,*,#3425,.T.);
#4728=ORIENTED_EDGE('',*,*,#3200,.T.);
#4729=ORIENTED_EDGE('',*,*,#3425,.F.);
#4730=ORIENTED_EDGE('',*,*,#3342,.T.);
#4731=ORIENTED_EDGE('',*,*,#3426,.T.);
#4732=ORIENTED_EDGE('',*,*,#3198,.T.);
#4733=ORIENTED_EDGE('',*,*,#3426,.F.);
#4734=ORIENTED_EDGE('',*,*,#3344,.T.);
#4735=ORIENTED_EDGE('',*,*,#3427,.T.);
#4736=ORIENTED_EDGE('',*,*,#3196,.T.);
#4737=ORIENTED_EDGE('',*,*,#3427,.F.);
#4738=ORIENTED_EDGE('',*,*,#3346,.T.);
#4739=ORIENTED_EDGE('',*,*,#3348,.T.);
#4740=ORIENTED_EDGE('',*,*,#3194,.T.);
#4741=ORIENTED_EDGE('',*,*,#3270,.F.);
#4742=ORIENTED_EDGE('',*,*,#3320,.T.);
#4743=ORIENTED_EDGE('',*,*,#3407,.F.);
#4744=ORIENTED_EDGE('',*,*,#3428,.F.);
#4745=ORIENTED_EDGE('',*,*,#3267,.F.);
#4746=ORIENTED_EDGE('',*,*,#3428,.T.);
#4747=ORIENTED_EDGE('',*,*,#3404,.F.);
#4748=ORIENTED_EDGE('',*,*,#3429,.F.);
#4749=ORIENTED_EDGE('',*,*,#3264,.F.);
#4750=ORIENTED_EDGE('',*,*,#3429,.T.);
#4751=ORIENTED_EDGE('',*,*,#3401,.F.);
#4752=ORIENTED_EDGE('',*,*,#3430,.F.);
#4753=ORIENTED_EDGE('',*,*,#2934,.T.);
#4754=ORIENTED_EDGE('',*,*,#2931,.T.);
#4755=ORIENTED_EDGE('',*,*,#2928,.T.);
#4756=ORIENTED_EDGE('',*,*,#2925,.T.);
#4757=ORIENTED_EDGE('',*,*,#2922,.T.);
#4758=ORIENTED_EDGE('',*,*,#2943,.T.);
#4759=ORIENTED_EDGE('',*,*,#2940,.T.);
#4760=ORIENTED_EDGE('',*,*,#2937,.T.);
#4761=ORIENTED_EDGE('',*,*,#3261,.F.);
#4762=ORIENTED_EDGE('',*,*,#3430,.T.);
#4763=ORIENTED_EDGE('',*,*,#3398,.F.);
#4764=ORIENTED_EDGE('',*,*,#3431,.F.);
#4765=ORIENTED_EDGE('',*,*,#3258,.F.);
#4766=ORIENTED_EDGE('',*,*,#3431,.T.);
#4767=ORIENTED_EDGE('',*,*,#3395,.F.);
#4768=ORIENTED_EDGE('',*,*,#3432,.F.);
#4769=ORIENTED_EDGE('',*,*,#3255,.F.);
#4770=ORIENTED_EDGE('',*,*,#3432,.T.);
#4771=ORIENTED_EDGE('',*,*,#3392,.F.);
#4772=ORIENTED_EDGE('',*,*,#3433,.F.);
#4773=ORIENTED_EDGE('',*,*,#3252,.F.);
#4774=ORIENTED_EDGE('',*,*,#3433,.T.);
#4775=ORIENTED_EDGE('',*,*,#3389,.F.);
#4776=ORIENTED_EDGE('',*,*,#3434,.F.);
#4777=ORIENTED_EDGE('',*,*,#3249,.F.);
#4778=ORIENTED_EDGE('',*,*,#3434,.T.);
#4779=ORIENTED_EDGE('',*,*,#3386,.F.);
#4780=ORIENTED_EDGE('',*,*,#3435,.F.);
#4781=ORIENTED_EDGE('',*,*,#3246,.F.);
#4782=ORIENTED_EDGE('',*,*,#3435,.T.);
#4783=ORIENTED_EDGE('',*,*,#3383,.F.);
#4784=ORIENTED_EDGE('',*,*,#3436,.F.);
#4785=ORIENTED_EDGE('',*,*,#2958,.T.);
#4786=ORIENTED_EDGE('',*,*,#2955,.T.);
#4787=ORIENTED_EDGE('',*,*,#2952,.T.);
#4788=ORIENTED_EDGE('',*,*,#2949,.T.);
#4789=ORIENTED_EDGE('',*,*,#2946,.T.);
#4790=ORIENTED_EDGE('',*,*,#2967,.T.);
#4791=ORIENTED_EDGE('',*,*,#2964,.T.);
#4792=ORIENTED_EDGE('',*,*,#2961,.T.);
#4793=ORIENTED_EDGE('',*,*,#3243,.F.);
#4794=ORIENTED_EDGE('',*,*,#3436,.T.);
#4795=ORIENTED_EDGE('',*,*,#3380,.F.);
#4796=ORIENTED_EDGE('',*,*,#3437,.F.);
#4797=ORIENTED_EDGE('',*,*,#3240,.F.);
#4798=ORIENTED_EDGE('',*,*,#3437,.T.);
#4799=ORIENTED_EDGE('',*,*,#3377,.F.);
#4800=ORIENTED_EDGE('',*,*,#3438,.F.);
#4801=ORIENTED_EDGE('',*,*,#3237,.F.);
#4802=ORIENTED_EDGE('',*,*,#3438,.T.);
#4803=ORIENTED_EDGE('',*,*,#3374,.F.);
#4804=ORIENTED_EDGE('',*,*,#3439,.F.);
#4805=ORIENTED_EDGE('',*,*,#3234,.F.);
#4806=ORIENTED_EDGE('',*,*,#3439,.T.);
#4807=ORIENTED_EDGE('',*,*,#3372,.F.);
#4808=ORIENTED_EDGE('',*,*,#3440,.F.);
#4809=ORIENTED_EDGE('',*,*,#3231,.F.);
#4810=ORIENTED_EDGE('',*,*,#3440,.T.);
#4811=ORIENTED_EDGE('',*,*,#3370,.F.);
#4812=ORIENTED_EDGE('',*,*,#3222,.F.);
#4813=ORIENTED_EDGE('',*,*,#3441,.T.);
#4814=ORIENTED_EDGE('',*,*,#3442,.T.);
#4815=ORIENTED_EDGE('',*,*,#3443,.T.);
#4816=ORIENTED_EDGE('',*,*,#3444,.T.);
#4817=ORIENTED_EDGE('',*,*,#3445,.T.);
#4818=ORIENTED_EDGE('',*,*,#3446,.T.);
#4819=ORIENTED_EDGE('',*,*,#3447,.T.);
#4820=ORIENTED_EDGE('',*,*,#3448,.T.);
#4821=ORIENTED_EDGE('',*,*,#3449,.T.);
#4822=ORIENTED_EDGE('',*,*,#3450,.T.);
#4823=ORIENTED_EDGE('',*,*,#3451,.T.);
#4824=ORIENTED_EDGE('',*,*,#3452,.T.);
#4825=ORIENTED_EDGE('',*,*,#3453,.T.);
#4826=ORIENTED_EDGE('',*,*,#3454,.T.);
#4827=ORIENTED_EDGE('',*,*,#3455,.T.);
#4828=ORIENTED_EDGE('',*,*,#3456,.T.);
#4829=ORIENTED_EDGE('',*,*,#3457,.T.);
#4830=ORIENTED_EDGE('',*,*,#3458,.T.);
#4831=ORIENTED_EDGE('',*,*,#3459,.T.);
#4832=ORIENTED_EDGE('',*,*,#3460,.T.);
#4833=ORIENTED_EDGE('',*,*,#3461,.T.);
#4834=ORIENTED_EDGE('',*,*,#3098,.T.);
#4835=ORIENTED_EDGE('',*,*,#3101,.T.);
#4836=ORIENTED_EDGE('',*,*,#3103,.T.);
#4837=ORIENTED_EDGE('',*,*,#3107,.T.);
#4838=ORIENTED_EDGE('',*,*,#3109,.T.);
#4839=ORIENTED_EDGE('',*,*,#3173,.F.);
#4840=ORIENTED_EDGE('',*,*,#3462,.F.);
#4841=ORIENTED_EDGE('',*,*,#3379,.F.);
#4842=ORIENTED_EDGE('',*,*,#3463,.T.);
#4843=ORIENTED_EDGE('',*,*,#3175,.F.);
#4844=ORIENTED_EDGE('',*,*,#3182,.F.);
#4845=ORIENTED_EDGE('',*,*,#3376,.F.);
#4846=ORIENTED_EDGE('',*,*,#3462,.T.);
#4847=ORIENTED_EDGE('',*,*,#3140,.F.);
#4848=ORIENTED_EDGE('',*,*,#3464,.F.);
#4849=ORIENTED_EDGE('',*,*,#3419,.F.);
#4850=ORIENTED_EDGE('',*,*,#3209,.T.);
#4851=ORIENTED_EDGE('',*,*,#3145,.F.);
#4852=ORIENTED_EDGE('',*,*,#3465,.F.);
#4853=ORIENTED_EDGE('',*,*,#3417,.F.);
#4854=ORIENTED_EDGE('',*,*,#3464,.T.);
#4855=ORIENTED_EDGE('',*,*,#3142,.F.);
#4856=ORIENTED_EDGE('',*,*,#3147,.F.);
#4857=ORIENTED_EDGE('',*,*,#3466,.F.);
#4858=ORIENTED_EDGE('',*,*,#3415,.F.);
#4859=ORIENTED_EDGE('',*,*,#3465,.T.);
#4860=ORIENTED_EDGE('',*,*,#3149,.F.);
#4861=ORIENTED_EDGE('',*,*,#3467,.F.);
#4862=ORIENTED_EDGE('',*,*,#3413,.F.);
#4863=ORIENTED_EDGE('',*,*,#3466,.T.);
#4864=ORIENTED_EDGE('',*,*,#3151,.F.);
#4865=ORIENTED_EDGE('',*,*,#3468,.F.);
#4866=ORIENTED_EDGE('',*,*,#3411,.F.);
#4867=ORIENTED_EDGE('',*,*,#3467,.T.);
#4868=ORIENTED_EDGE('',*,*,#3153,.F.);
#4869=ORIENTED_EDGE('',*,*,#3469,.F.);
#4870=ORIENTED_EDGE('',*,*,#3409,.F.);
#4871=ORIENTED_EDGE('',*,*,#3468,.T.);
#4872=ORIENTED_EDGE('',*,*,#3155,.F.);
#4873=ORIENTED_EDGE('',*,*,#3470,.F.);
#4874=ORIENTED_EDGE('',*,*,#3406,.F.);
#4875=ORIENTED_EDGE('',*,*,#3469,.T.);
#4876=ORIENTED_EDGE('',*,*,#3157,.F.);
#4877=ORIENTED_EDGE('',*,*,#3471,.F.);
#4878=ORIENTED_EDGE('',*,*,#3403,.F.);
#4879=ORIENTED_EDGE('',*,*,#3470,.T.);
#4880=ORIENTED_EDGE('',*,*,#3159,.F.);
#4881=ORIENTED_EDGE('',*,*,#3472,.F.);
#4882=ORIENTED_EDGE('',*,*,#3400,.F.);
#4883=ORIENTED_EDGE('',*,*,#3471,.T.);
#4884=ORIENTED_EDGE('',*,*,#3161,.F.);
#4885=ORIENTED_EDGE('',*,*,#3473,.F.);
#4886=ORIENTED_EDGE('',*,*,#3397,.F.);
#4887=ORIENTED_EDGE('',*,*,#3472,.T.);
#4888=ORIENTED_EDGE('',*,*,#3163,.F.);
#4889=ORIENTED_EDGE('',*,*,#3474,.F.);
#4890=ORIENTED_EDGE('',*,*,#3394,.F.);
#4891=ORIENTED_EDGE('',*,*,#3473,.T.);
#4892=ORIENTED_EDGE('',*,*,#3165,.F.);
#4893=ORIENTED_EDGE('',*,*,#3475,.F.);
#4894=ORIENTED_EDGE('',*,*,#3391,.F.);
#4895=ORIENTED_EDGE('',*,*,#3474,.T.);
#4896=ORIENTED_EDGE('',*,*,#3167,.F.);
#4897=ORIENTED_EDGE('',*,*,#3476,.F.);
#4898=ORIENTED_EDGE('',*,*,#3388,.F.);
#4899=ORIENTED_EDGE('',*,*,#3475,.T.);
#4900=ORIENTED_EDGE('',*,*,#3169,.F.);
#4901=ORIENTED_EDGE('',*,*,#3477,.F.);
#4902=ORIENTED_EDGE('',*,*,#3385,.F.);
#4903=ORIENTED_EDGE('',*,*,#3476,.T.);
#4904=ORIENTED_EDGE('',*,*,#3171,.F.);
#4905=ORIENTED_EDGE('',*,*,#3463,.F.);
#4906=ORIENTED_EDGE('',*,*,#3382,.F.);
#4907=ORIENTED_EDGE('',*,*,#3477,.T.);
#4908=ORIENTED_EDGE('',*,*,#3350,.T.);
#4909=ORIENTED_EDGE('',*,*,#3478,.T.);
#4910=ORIENTED_EDGE('',*,*,#3441,.F.);
#4911=ORIENTED_EDGE('',*,*,#3479,.F.);
#4912=ORIENTED_EDGE('',*,*,#3351,.T.);
#4913=ORIENTED_EDGE('',*,*,#3479,.T.);
#4914=ORIENTED_EDGE('',*,*,#3461,.F.);
#4915=ORIENTED_EDGE('',*,*,#3480,.F.);
#4916=ORIENTED_EDGE('',*,*,#2909,.T.);
#4917=ORIENTED_EDGE('',*,*,#2912,.T.);
#4918=ORIENTED_EDGE('',*,*,#2915,.T.);
#4919=ORIENTED_EDGE('',*,*,#2918,.T.);
#4920=ORIENTED_EDGE('',*,*,#2896,.T.);
#4921=ORIENTED_EDGE('',*,*,#2900,.T.);
#4922=ORIENTED_EDGE('',*,*,#2903,.T.);
#4923=ORIENTED_EDGE('',*,*,#2906,.T.);
#4924=ORIENTED_EDGE('',*,*,#3352,.T.);
#4925=ORIENTED_EDGE('',*,*,#3480,.T.);
#4926=ORIENTED_EDGE('',*,*,#3460,.F.);
#4927=ORIENTED_EDGE('',*,*,#3481,.F.);
#4928=ORIENTED_EDGE('',*,*,#3353,.T.);
#4929=ORIENTED_EDGE('',*,*,#3481,.T.);
#4930=ORIENTED_EDGE('',*,*,#3459,.F.);
#4931=ORIENTED_EDGE('',*,*,#3482,.F.);
#4932=ORIENTED_EDGE('',*,*,#3354,.T.);
#4933=ORIENTED_EDGE('',*,*,#3482,.T.);
#4934=ORIENTED_EDGE('',*,*,#3458,.F.);
#4935=ORIENTED_EDGE('',*,*,#3483,.F.);
#4936=ORIENTED_EDGE('',*,*,#3005,.T.);
#4937=ORIENTED_EDGE('',*,*,#3008,.T.);
#4938=ORIENTED_EDGE('',*,*,#3011,.T.);
#4939=ORIENTED_EDGE('',*,*,#3014,.T.);
#4940=ORIENTED_EDGE('',*,*,#2992,.T.);
#4941=ORIENTED_EDGE('',*,*,#2996,.T.);
#4942=ORIENTED_EDGE('',*,*,#2999,.T.);
#4943=ORIENTED_EDGE('',*,*,#3002,.T.);
#4944=ORIENTED_EDGE('',*,*,#3355,.T.);
#4945=ORIENTED_EDGE('',*,*,#3483,.T.);
#4946=ORIENTED_EDGE('',*,*,#3457,.F.);
#4947=ORIENTED_EDGE('',*,*,#3484,.F.);
#4948=ORIENTED_EDGE('',*,*,#3356,.T.);
#4949=ORIENTED_EDGE('',*,*,#3484,.T.);
#4950=ORIENTED_EDGE('',*,*,#3456,.F.);
#4951=ORIENTED_EDGE('',*,*,#3485,.F.);
#4952=ORIENTED_EDGE('',*,*,#3357,.T.);
#4953=ORIENTED_EDGE('',*,*,#3485,.T.);
#4954=ORIENTED_EDGE('',*,*,#3455,.F.);
#4955=ORIENTED_EDGE('',*,*,#3486,.F.);
#4956=ORIENTED_EDGE('',*,*,#3358,.T.);
#4957=ORIENTED_EDGE('',*,*,#3486,.T.);
#4958=ORIENTED_EDGE('',*,*,#3454,.F.);
#4959=ORIENTED_EDGE('',*,*,#3487,.F.);
#4960=ORIENTED_EDGE('',*,*,#3359,.T.);
#4961=ORIENTED_EDGE('',*,*,#3487,.T.);
#4962=ORIENTED_EDGE('',*,*,#3453,.F.);
#4963=ORIENTED_EDGE('',*,*,#3488,.F.);
#4964=ORIENTED_EDGE('',*,*,#2957,.T.);
#4965=ORIENTED_EDGE('',*,*,#2960,.T.);
#4966=ORIENTED_EDGE('',*,*,#2963,.T.);
#4967=ORIENTED_EDGE('',*,*,#2966,.T.);
#4968=ORIENTED_EDGE('',*,*,#2944,.T.);
#4969=ORIENTED_EDGE('',*,*,#2948,.T.);
#4970=ORIENTED_EDGE('',*,*,#2951,.T.);
#4971=ORIENTED_EDGE('',*,*,#2954,.T.);
#4972=ORIENTED_EDGE('',*,*,#3360,.T.);
#4973=ORIENTED_EDGE('',*,*,#3488,.T.);
#4974=ORIENTED_EDGE('',*,*,#3452,.F.);
#4975=ORIENTED_EDGE('',*,*,#3489,.F.);
#4976=ORIENTED_EDGE('',*,*,#3361,.T.);
#4977=ORIENTED_EDGE('',*,*,#3489,.T.);
#4978=ORIENTED_EDGE('',*,*,#3451,.F.);
#4979=ORIENTED_EDGE('',*,*,#3490,.F.);
#4980=ORIENTED_EDGE('',*,*,#3362,.T.);
#4981=ORIENTED_EDGE('',*,*,#3490,.T.);
#4982=ORIENTED_EDGE('',*,*,#3450,.F.);
#4983=ORIENTED_EDGE('',*,*,#3491,.F.);
#4984=ORIENTED_EDGE('',*,*,#3363,.T.);
#4985=ORIENTED_EDGE('',*,*,#3491,.T.);
#4986=ORIENTED_EDGE('',*,*,#3449,.F.);
#4987=ORIENTED_EDGE('',*,*,#3492,.F.);
#4988=ORIENTED_EDGE('',*,*,#2933,.T.);
#4989=ORIENTED_EDGE('',*,*,#2936,.T.);
#4990=ORIENTED_EDGE('',*,*,#2939,.T.);
#4991=ORIENTED_EDGE('',*,*,#2942,.T.);
#4992=ORIENTED_EDGE('',*,*,#2920,.T.);
#4993=ORIENTED_EDGE('',*,*,#2924,.T.);
#4994=ORIENTED_EDGE('',*,*,#2927,.T.);
#4995=ORIENTED_EDGE('',*,*,#2930,.T.);
#4996=ORIENTED_EDGE('',*,*,#3364,.T.);
#4997=ORIENTED_EDGE('',*,*,#3492,.T.);
#4998=ORIENTED_EDGE('',*,*,#3448,.F.);
#4999=ORIENTED_EDGE('',*,*,#3493,.F.);
#5000=ORIENTED_EDGE('',*,*,#3365,.T.);
#5001=ORIENTED_EDGE('',*,*,#3493,.T.);
#5002=ORIENTED_EDGE('',*,*,#3447,.F.);
#5003=ORIENTED_EDGE('',*,*,#3494,.F.);
#5004=ORIENTED_EDGE('',*,*,#3366,.T.);
#5005=ORIENTED_EDGE('',*,*,#3494,.T.);
#5006=ORIENTED_EDGE('',*,*,#3446,.F.);
#5007=ORIENTED_EDGE('',*,*,#3495,.F.);
#5008=ORIENTED_EDGE('',*,*,#3367,.T.);
#5009=ORIENTED_EDGE('',*,*,#3495,.T.);
#5010=ORIENTED_EDGE('',*,*,#3445,.F.);
#5011=ORIENTED_EDGE('',*,*,#3496,.F.);
#5012=ORIENTED_EDGE('',*,*,#3368,.T.);
#5013=ORIENTED_EDGE('',*,*,#3496,.T.);
#5014=ORIENTED_EDGE('',*,*,#3444,.F.);
#5015=ORIENTED_EDGE('',*,*,#3497,.F.);
#5016=ORIENTED_EDGE('',*,*,#3369,.T.);
#5017=ORIENTED_EDGE('',*,*,#3497,.T.);
#5018=ORIENTED_EDGE('',*,*,#3443,.F.);
#5019=ORIENTED_EDGE('',*,*,#3498,.F.);
#5020=ORIENTED_EDGE('',*,*,#2981,.T.);
#5021=ORIENTED_EDGE('',*,*,#2984,.T.);
#5022=ORIENTED_EDGE('',*,*,#2987,.T.);
#5023=ORIENTED_EDGE('',*,*,#2990,.T.);
#5024=ORIENTED_EDGE('',*,*,#2968,.T.);
#5025=ORIENTED_EDGE('',*,*,#2972,.T.);
#5026=ORIENTED_EDGE('',*,*,#2975,.T.);
#5027=ORIENTED_EDGE('',*,*,#2978,.T.);
#5028=ORIENTED_EDGE('',*,*,#3349,.T.);
#5029=ORIENTED_EDGE('',*,*,#3498,.T.);
#5030=ORIENTED_EDGE('',*,*,#3442,.F.);
#5031=ORIENTED_EDGE('',*,*,#3478,.F.);
#5032=ORIENTED_EDGE('',*,*,#3499,.F.);
#5033=ORIENTED_EDGE('',*,*,#3500,.F.);
#5034=ORIENTED_EDGE('',*,*,#3501,.F.);
#5035=ORIENTED_EDGE('',*,*,#3502,.F.);
#5036=ORIENTED_EDGE('',*,*,#3503,.F.);
#5037=ORIENTED_EDGE('',*,*,#3504,.F.);
#5038=ORIENTED_EDGE('',*,*,#3505,.F.);
#5039=ORIENTED_EDGE('',*,*,#3506,.F.);
#5040=ORIENTED_EDGE('',*,*,#3507,.F.);
#5041=ORIENTED_EDGE('',*,*,#3508,.F.);
#5042=ORIENTED_EDGE('',*,*,#3509,.F.);
#5043=ORIENTED_EDGE('',*,*,#3510,.F.);
#5044=ORIENTED_EDGE('',*,*,#3511,.F.);
#5045=ORIENTED_EDGE('',*,*,#3503,.T.);
#5046=ORIENTED_EDGE('',*,*,#3512,.T.);
#5047=ORIENTED_EDGE('',*,*,#3513,.F.);
#5048=ORIENTED_EDGE('',*,*,#3514,.F.);
#5049=ORIENTED_EDGE('',*,*,#3502,.T.);
#5050=ORIENTED_EDGE('',*,*,#3515,.T.);
#5051=ORIENTED_EDGE('',*,*,#3516,.F.);
#5052=ORIENTED_EDGE('',*,*,#3512,.F.);
#5053=ORIENTED_EDGE('',*,*,#3501,.T.);
#5054=ORIENTED_EDGE('',*,*,#3517,.T.);
#5055=ORIENTED_EDGE('',*,*,#3518,.F.);
#5056=ORIENTED_EDGE('',*,*,#3515,.F.);
#5057=ORIENTED_EDGE('',*,*,#3500,.T.);
#5058=ORIENTED_EDGE('',*,*,#3519,.T.);
#5059=ORIENTED_EDGE('',*,*,#3520,.F.);
#5060=ORIENTED_EDGE('',*,*,#3517,.F.);
#5061=ORIENTED_EDGE('',*,*,#3499,.T.);
#5062=ORIENTED_EDGE('',*,*,#3521,.T.);
#5063=ORIENTED_EDGE('',*,*,#3522,.F.);
#5064=ORIENTED_EDGE('',*,*,#3519,.F.);
#5065=ORIENTED_EDGE('',*,*,#3523,.F.);
#5066=ORIENTED_EDGE('',*,*,#3524,.T.);
#5067=ORIENTED_EDGE('',*,*,#3509,.T.);
#5068=ORIENTED_EDGE('',*,*,#3524,.F.);
#5069=ORIENTED_EDGE('',*,*,#3525,.F.);
#5070=ORIENTED_EDGE('',*,*,#3526,.T.);
#5071=ORIENTED_EDGE('',*,*,#3510,.T.);
#5072=ORIENTED_EDGE('',*,*,#3526,.F.);
#5073=ORIENTED_EDGE('',*,*,#3527,.F.);
#5074=ORIENTED_EDGE('',*,*,#3528,.T.);
#5075=ORIENTED_EDGE('',*,*,#3511,.T.);
#5076=ORIENTED_EDGE('',*,*,#3528,.F.);
#5077=ORIENTED_EDGE('',*,*,#3504,.T.);
#5078=ORIENTED_EDGE('',*,*,#3514,.T.);
#5079=ORIENTED_EDGE('',*,*,#3529,.F.);
#5080=ORIENTED_EDGE('',*,*,#3530,.F.);
#5081=ORIENTED_EDGE('',*,*,#3505,.T.);
#5082=ORIENTED_EDGE('',*,*,#3530,.T.);
#5083=ORIENTED_EDGE('',*,*,#3531,.F.);
#5084=ORIENTED_EDGE('',*,*,#3532,.F.);
#5085=ORIENTED_EDGE('',*,*,#3506,.T.);
#5086=ORIENTED_EDGE('',*,*,#3532,.T.);
#5087=ORIENTED_EDGE('',*,*,#3533,.F.);
#5088=ORIENTED_EDGE('',*,*,#3534,.F.);
#5089=ORIENTED_EDGE('',*,*,#3507,.T.);
#5090=ORIENTED_EDGE('',*,*,#3534,.T.);
#5091=ORIENTED_EDGE('',*,*,#3535,.F.);
#5092=ORIENTED_EDGE('',*,*,#3536,.F.);
#5093=ORIENTED_EDGE('',*,*,#3508,.T.);
#5094=ORIENTED_EDGE('',*,*,#3536,.T.);
#5095=ORIENTED_EDGE('',*,*,#3537,.F.);
#5096=ORIENTED_EDGE('',*,*,#3521,.F.);
#5097=ORIENTED_EDGE('',*,*,#3522,.T.);
#5098=ORIENTED_EDGE('',*,*,#3537,.T.);
#5099=ORIENTED_EDGE('',*,*,#3535,.T.);
#5100=ORIENTED_EDGE('',*,*,#3533,.T.);
#5101=ORIENTED_EDGE('',*,*,#3531,.T.);
#5102=ORIENTED_EDGE('',*,*,#3529,.T.);
#5103=ORIENTED_EDGE('',*,*,#3513,.T.);
#5104=ORIENTED_EDGE('',*,*,#3516,.T.);
#5105=ORIENTED_EDGE('',*,*,#3518,.T.);
#5106=ORIENTED_EDGE('',*,*,#3520,.T.);
#5107=ORIENTED_EDGE('',*,*,#3527,.T.);
#5108=ORIENTED_EDGE('',*,*,#3525,.T.);
#5109=ORIENTED_EDGE('',*,*,#3523,.T.);
#5110=ORIENTED_EDGE('',*,*,#3538,.T.);
#5111=ORIENTED_EDGE('',*,*,#3539,.T.);
#5112=ORIENTED_EDGE('',*,*,#3540,.F.);
#5113=ORIENTED_EDGE('',*,*,#3541,.F.);
#5114=ORIENTED_EDGE('',*,*,#3542,.T.);
#5115=ORIENTED_EDGE('',*,*,#3541,.T.);
#5116=ORIENTED_EDGE('',*,*,#3543,.F.);
#5117=ORIENTED_EDGE('',*,*,#3544,.F.);
#5118=ORIENTED_EDGE('',*,*,#3545,.T.);
#5119=ORIENTED_EDGE('',*,*,#3544,.T.);
#5120=ORIENTED_EDGE('',*,*,#3546,.F.);
#5121=ORIENTED_EDGE('',*,*,#3547,.F.);
#5122=ORIENTED_EDGE('',*,*,#3548,.T.);
#5123=ORIENTED_EDGE('',*,*,#3547,.T.);
#5124=ORIENTED_EDGE('',*,*,#3549,.F.);
#5125=ORIENTED_EDGE('',*,*,#3550,.F.);
#5126=ORIENTED_EDGE('',*,*,#3551,.T.);
#5127=ORIENTED_EDGE('',*,*,#3550,.T.);
#5128=ORIENTED_EDGE('',*,*,#3552,.F.);
#5129=ORIENTED_EDGE('',*,*,#3553,.F.);
#5130=ORIENTED_EDGE('',*,*,#3554,.T.);
#5131=ORIENTED_EDGE('',*,*,#3553,.T.);
#5132=ORIENTED_EDGE('',*,*,#3555,.F.);
#5133=ORIENTED_EDGE('',*,*,#3556,.F.);
#5134=ORIENTED_EDGE('',*,*,#3557,.T.);
#5135=ORIENTED_EDGE('',*,*,#3556,.T.);
#5136=ORIENTED_EDGE('',*,*,#3558,.F.);
#5137=ORIENTED_EDGE('',*,*,#3559,.F.);
#5138=ORIENTED_EDGE('',*,*,#3560,.T.);
#5139=ORIENTED_EDGE('',*,*,#3559,.T.);
#5140=ORIENTED_EDGE('',*,*,#3561,.F.);
#5141=ORIENTED_EDGE('',*,*,#3562,.F.);
#5142=ORIENTED_EDGE('',*,*,#3563,.T.);
#5143=ORIENTED_EDGE('',*,*,#3562,.T.);
#5144=ORIENTED_EDGE('',*,*,#3564,.F.);
#5145=ORIENTED_EDGE('',*,*,#3565,.F.);
#5146=ORIENTED_EDGE('',*,*,#3566,.T.);
#5147=ORIENTED_EDGE('',*,*,#3565,.T.);
#5148=ORIENTED_EDGE('',*,*,#3567,.F.);
#5149=ORIENTED_EDGE('',*,*,#3539,.F.);
#5150=ORIENTED_EDGE('',*,*,#3568,.F.);
#5151=ORIENTED_EDGE('',*,*,#3569,.T.);
#5152=ORIENTED_EDGE('',*,*,#3570,.F.);
#5153=ORIENTED_EDGE('',*,*,#3571,.F.);
#5154=ORIENTED_EDGE('',*,*,#3572,.T.);
#5155=ORIENTED_EDGE('',*,*,#3571,.T.);
#5156=ORIENTED_EDGE('',*,*,#3573,.F.);
#5157=ORIENTED_EDGE('',*,*,#3574,.F.);
#5158=ORIENTED_EDGE('',*,*,#3575,.F.);
#5159=ORIENTED_EDGE('',*,*,#3574,.T.);
#5160=ORIENTED_EDGE('',*,*,#3576,.F.);
#5161=ORIENTED_EDGE('',*,*,#3577,.F.);
#5162=ORIENTED_EDGE('',*,*,#3578,.T.);
#5163=ORIENTED_EDGE('',*,*,#3577,.T.);
#5164=ORIENTED_EDGE('',*,*,#3579,.F.);
#5165=ORIENTED_EDGE('',*,*,#3580,.F.);
#5166=ORIENTED_EDGE('',*,*,#3581,.F.);
#5167=ORIENTED_EDGE('',*,*,#3580,.T.);
#5168=ORIENTED_EDGE('',*,*,#3582,.F.);
#5169=ORIENTED_EDGE('',*,*,#3583,.F.);
#5170=ORIENTED_EDGE('',*,*,#3584,.T.);
#5171=ORIENTED_EDGE('',*,*,#3583,.T.);
#5172=ORIENTED_EDGE('',*,*,#3585,.F.);
#5173=ORIENTED_EDGE('',*,*,#3586,.F.);
#5174=ORIENTED_EDGE('',*,*,#3587,.F.);
#5175=ORIENTED_EDGE('',*,*,#3586,.T.);
#5176=ORIENTED_EDGE('',*,*,#3588,.F.);
#5177=ORIENTED_EDGE('',*,*,#3589,.F.);
#5178=ORIENTED_EDGE('',*,*,#3590,.T.);
#5179=ORIENTED_EDGE('',*,*,#3589,.T.);
#5180=ORIENTED_EDGE('',*,*,#3591,.F.);
#5181=ORIENTED_EDGE('',*,*,#3569,.F.);
#5182=ORIENTED_EDGE('',*,*,#3591,.T.);
#5183=ORIENTED_EDGE('',*,*,#3588,.T.);
#5184=ORIENTED_EDGE('',*,*,#3585,.T.);
#5185=ORIENTED_EDGE('',*,*,#3582,.T.);
#5186=ORIENTED_EDGE('',*,*,#3579,.T.);
#5187=ORIENTED_EDGE('',*,*,#3576,.T.);
#5188=ORIENTED_EDGE('',*,*,#3573,.T.);
#5189=ORIENTED_EDGE('',*,*,#3570,.T.);
#5190=ORIENTED_EDGE('',*,*,#3567,.T.);
#5191=ORIENTED_EDGE('',*,*,#3564,.T.);
#5192=ORIENTED_EDGE('',*,*,#3561,.T.);
#5193=ORIENTED_EDGE('',*,*,#3558,.T.);
#5194=ORIENTED_EDGE('',*,*,#3555,.T.);
#5195=ORIENTED_EDGE('',*,*,#3552,.T.);
#5196=ORIENTED_EDGE('',*,*,#3549,.T.);
#5197=ORIENTED_EDGE('',*,*,#3546,.T.);
#5198=ORIENTED_EDGE('',*,*,#3543,.T.);
#5199=ORIENTED_EDGE('',*,*,#3540,.T.);
#5200=ORIENTED_EDGE('',*,*,#3590,.F.);
#5201=ORIENTED_EDGE('',*,*,#3568,.T.);
#5202=ORIENTED_EDGE('',*,*,#3572,.F.);
#5203=ORIENTED_EDGE('',*,*,#3575,.T.);
#5204=ORIENTED_EDGE('',*,*,#3578,.F.);
#5205=ORIENTED_EDGE('',*,*,#3581,.T.);
#5206=ORIENTED_EDGE('',*,*,#3584,.F.);
#5207=ORIENTED_EDGE('',*,*,#3587,.T.);
#5208=ORIENTED_EDGE('',*,*,#3566,.F.);
#5209=ORIENTED_EDGE('',*,*,#3538,.F.);
#5210=ORIENTED_EDGE('',*,*,#3542,.F.);
#5211=ORIENTED_EDGE('',*,*,#3545,.F.);
#5212=ORIENTED_EDGE('',*,*,#3548,.F.);
#5213=ORIENTED_EDGE('',*,*,#3551,.F.);
#5214=ORIENTED_EDGE('',*,*,#3554,.F.);
#5215=ORIENTED_EDGE('',*,*,#3557,.F.);
#5216=ORIENTED_EDGE('',*,*,#3560,.F.);
#5217=ORIENTED_EDGE('',*,*,#3563,.F.);
#5218=ORIENTED_EDGE('',*,*,#3592,.T.);
#5219=ORIENTED_EDGE('',*,*,#3593,.T.);
#5220=ORIENTED_EDGE('',*,*,#3594,.F.);
#5221=ORIENTED_EDGE('',*,*,#3595,.F.);
#5222=ORIENTED_EDGE('',*,*,#3596,.T.);
#5223=ORIENTED_EDGE('',*,*,#3595,.T.);
#5224=ORIENTED_EDGE('',*,*,#3597,.F.);
#5225=ORIENTED_EDGE('',*,*,#3598,.F.);
#5226=ORIENTED_EDGE('',*,*,#3599,.T.);
#5227=ORIENTED_EDGE('',*,*,#3598,.T.);
#5228=ORIENTED_EDGE('',*,*,#3600,.F.);
#5229=ORIENTED_EDGE('',*,*,#3601,.F.);
#5230=ORIENTED_EDGE('',*,*,#3602,.T.);
#5231=ORIENTED_EDGE('',*,*,#3601,.T.);
#5232=ORIENTED_EDGE('',*,*,#3603,.F.);
#5233=ORIENTED_EDGE('',*,*,#3604,.F.);
#5234=ORIENTED_EDGE('',*,*,#3605,.T.);
#5235=ORIENTED_EDGE('',*,*,#3604,.T.);
#5236=ORIENTED_EDGE('',*,*,#3606,.F.);
#5237=ORIENTED_EDGE('',*,*,#3607,.F.);
#5238=ORIENTED_EDGE('',*,*,#3608,.T.);
#5239=ORIENTED_EDGE('',*,*,#3607,.T.);
#5240=ORIENTED_EDGE('',*,*,#3609,.F.);
#5241=ORIENTED_EDGE('',*,*,#3610,.F.);
#5242=ORIENTED_EDGE('',*,*,#3611,.T.);
#5243=ORIENTED_EDGE('',*,*,#3610,.T.);
#5244=ORIENTED_EDGE('',*,*,#3612,.F.);
#5245=ORIENTED_EDGE('',*,*,#3613,.F.);
#5246=ORIENTED_EDGE('',*,*,#3614,.T.);
#5247=ORIENTED_EDGE('',*,*,#3613,.T.);
#5248=ORIENTED_EDGE('',*,*,#3615,.F.);
#5249=ORIENTED_EDGE('',*,*,#3616,.F.);
#5250=ORIENTED_EDGE('',*,*,#3617,.T.);
#5251=ORIENTED_EDGE('',*,*,#3616,.T.);
#5252=ORIENTED_EDGE('',*,*,#3618,.F.);
#5253=ORIENTED_EDGE('',*,*,#3619,.F.);
#5254=ORIENTED_EDGE('',*,*,#3620,.T.);
#5255=ORIENTED_EDGE('',*,*,#3619,.T.);
#5256=ORIENTED_EDGE('',*,*,#3621,.F.);
#5257=ORIENTED_EDGE('',*,*,#3593,.F.);
#5258=ORIENTED_EDGE('',*,*,#3622,.F.);
#5259=ORIENTED_EDGE('',*,*,#3623,.T.);
#5260=ORIENTED_EDGE('',*,*,#3624,.F.);
#5261=ORIENTED_EDGE('',*,*,#3625,.F.);
#5262=ORIENTED_EDGE('',*,*,#3626,.T.);
#5263=ORIENTED_EDGE('',*,*,#3625,.T.);
#5264=ORIENTED_EDGE('',*,*,#3627,.F.);
#5265=ORIENTED_EDGE('',*,*,#3628,.F.);
#5266=ORIENTED_EDGE('',*,*,#3629,.F.);
#5267=ORIENTED_EDGE('',*,*,#3628,.T.);
#5268=ORIENTED_EDGE('',*,*,#3630,.F.);
#5269=ORIENTED_EDGE('',*,*,#3631,.F.);
#5270=ORIENTED_EDGE('',*,*,#3632,.T.);
#5271=ORIENTED_EDGE('',*,*,#3631,.T.);
#5272=ORIENTED_EDGE('',*,*,#3633,.F.);
#5273=ORIENTED_EDGE('',*,*,#3634,.F.);
#5274=ORIENTED_EDGE('',*,*,#3635,.F.);
#5275=ORIENTED_EDGE('',*,*,#3634,.T.);
#5276=ORIENTED_EDGE('',*,*,#3636,.F.);
#5277=ORIENTED_EDGE('',*,*,#3637,.F.);
#5278=ORIENTED_EDGE('',*,*,#3638,.T.);
#5279=ORIENTED_EDGE('',*,*,#3637,.T.);
#5280=ORIENTED_EDGE('',*,*,#3639,.F.);
#5281=ORIENTED_EDGE('',*,*,#3640,.F.);
#5282=ORIENTED_EDGE('',*,*,#3641,.F.);
#5283=ORIENTED_EDGE('',*,*,#3640,.T.);
#5284=ORIENTED_EDGE('',*,*,#3642,.F.);
#5285=ORIENTED_EDGE('',*,*,#3643,.F.);
#5286=ORIENTED_EDGE('',*,*,#3644,.T.);
#5287=ORIENTED_EDGE('',*,*,#3643,.T.);
#5288=ORIENTED_EDGE('',*,*,#3645,.F.);
#5289=ORIENTED_EDGE('',*,*,#3623,.F.);
#5290=ORIENTED_EDGE('',*,*,#3645,.T.);
#5291=ORIENTED_EDGE('',*,*,#3642,.T.);
#5292=ORIENTED_EDGE('',*,*,#3639,.T.);
#5293=ORIENTED_EDGE('',*,*,#3636,.T.);
#5294=ORIENTED_EDGE('',*,*,#3633,.T.);
#5295=ORIENTED_EDGE('',*,*,#3630,.T.);
#5296=ORIENTED_EDGE('',*,*,#3627,.T.);
#5297=ORIENTED_EDGE('',*,*,#3624,.T.);
#5298=ORIENTED_EDGE('',*,*,#3621,.T.);
#5299=ORIENTED_EDGE('',*,*,#3618,.T.);
#5300=ORIENTED_EDGE('',*,*,#3615,.T.);
#5301=ORIENTED_EDGE('',*,*,#3612,.T.);
#5302=ORIENTED_EDGE('',*,*,#3609,.T.);
#5303=ORIENTED_EDGE('',*,*,#3606,.T.);
#5304=ORIENTED_EDGE('',*,*,#3603,.T.);
#5305=ORIENTED_EDGE('',*,*,#3600,.T.);
#5306=ORIENTED_EDGE('',*,*,#3597,.T.);
#5307=ORIENTED_EDGE('',*,*,#3594,.T.);
#5308=ORIENTED_EDGE('',*,*,#3644,.F.);
#5309=ORIENTED_EDGE('',*,*,#3622,.T.);
#5310=ORIENTED_EDGE('',*,*,#3626,.F.);
#5311=ORIENTED_EDGE('',*,*,#3629,.T.);
#5312=ORIENTED_EDGE('',*,*,#3632,.F.);
#5313=ORIENTED_EDGE('',*,*,#3635,.T.);
#5314=ORIENTED_EDGE('',*,*,#3638,.F.);
#5315=ORIENTED_EDGE('',*,*,#3641,.T.);
#5316=ORIENTED_EDGE('',*,*,#3620,.F.);
#5317=ORIENTED_EDGE('',*,*,#3592,.F.);
#5318=ORIENTED_EDGE('',*,*,#3596,.F.);
#5319=ORIENTED_EDGE('',*,*,#3599,.F.);
#5320=ORIENTED_EDGE('',*,*,#3602,.F.);
#5321=ORIENTED_EDGE('',*,*,#3605,.F.);
#5322=ORIENTED_EDGE('',*,*,#3608,.F.);
#5323=ORIENTED_EDGE('',*,*,#3611,.F.);
#5324=ORIENTED_EDGE('',*,*,#3614,.F.);
#5325=ORIENTED_EDGE('',*,*,#3617,.F.);
#5326=PLANE('',#5800);
#5327=PLANE('',#5804);
#5328=PLANE('',#5808);
#5329=PLANE('',#5811);
#5330=PLANE('',#5814);
#5331=PLANE('',#5818);
#5332=PLANE('',#5822);
#5333=PLANE('',#5825);
#5334=PLANE('',#5828);
#5335=PLANE('',#5832);
#5336=PLANE('',#5835);
#5337=PLANE('',#5838);
#5338=PLANE('',#5842);
#5339=PLANE('',#5846);
#5340=PLANE('',#5849);
#5341=PLANE('',#5852);
#5342=PLANE('',#5853);
#5343=PLANE('',#5854);
#5344=PLANE('',#5858);
#5345=PLANE('',#5862);
#5346=PLANE('',#5866);
#5347=PLANE('',#5870);
#5348=PLANE('',#5874);
#5349=PLANE('',#5878);
#5350=PLANE('',#5882);
#5351=PLANE('',#5886);
#5352=PLANE('',#5890);
#5353=PLANE('',#5894);
#5354=PLANE('',#5898);
#5355=PLANE('',#5902);
#5356=PLANE('',#5906);
#5357=PLANE('',#5910);
#5358=PLANE('',#5914);
#5359=PLANE('',#5918);
#5360=PLANE('',#5922);
#5361=PLANE('',#5926);
#5362=PLANE('',#5930);
#5363=PLANE('',#5934);
#5364=PLANE('',#5938);
#5365=PLANE('',#5942);
#5366=PLANE('',#5943);
#5367=PLANE('',#5947);
#5368=PLANE('',#5951);
#5369=PLANE('',#5955);
#5370=PLANE('',#5959);
#5371=PLANE('',#5963);
#5372=PLANE('',#5967);
#5373=PLANE('',#5970);
#5374=PLANE('',#6072);
#5375=PLANE('',#6079);
#5376=PLANE('',#6082);
#5377=PLANE('',#6085);
#5378=PLANE('',#6088);
#5379=PLANE('',#6091);
#5380=PLANE('',#6092);
#5381=PLANE('',#6097);
#5382=PLANE('',#6194);
#5383=PLANE('',#6197);
#5384=PLANE('',#6200);
#5385=PLANE('',#6203);
#5386=PLANE('',#6206);
#5387=PLANE('',#6209);
#5388=PLANE('',#6212);
#5389=PLANE('',#6217);
#5390=PLANE('',#6297);
#5391=PLANE('',#6299);
#5392=PLANE('',#6301);
#5393=PLANE('',#6303);
#5394=PLANE('',#6305);
#5395=PLANE('',#6307);
#5396=PLANE('',#6309);
#5397=PLANE('',#6311);
#5398=PLANE('',#6319);
#5399=PLANE('',#6322);
#5400=PLANE('',#6324);
#5401=PLANE('',#6326);
#5402=PLANE('',#6328);
#5403=PLANE('',#6330);
#5404=PLANE('',#6332);
#5405=PLANE('',#6334);
#5406=PLANE('',#6337);
#5407=PLANE('',#6339);
#5408=PLANE('',#6340);
#5409=PLANE('',#6342);
#5410=PLANE('',#6344);
#5411=PLANE('',#6345);
#5412=PLANE('',#6346);
#5413=PLANE('',#6348);
#5414=PLANE('',#6349);
#5415=PLANE('',#6350);
#5416=PLANE('',#6352);
#5417=PLANE('',#6354);
#5418=PLANE('',#6355);
#5419=PLANE('',#6356);
#5420=PLANE('',#6357);
#5421=PLANE('',#6368);
#5422=PLANE('',#6371);
#5423=PLANE('',#6380);
#5424=PLANE('',#6383);
#5425=PLANE('',#6386);
#5426=PLANE('',#6387);
#5427=PLANE('',#6388);
#5428=PLANE('',#6392);
#5429=PLANE('',#6396);
#5430=PLANE('',#6400);
#5431=PLANE('',#6404);
#5432=PLANE('',#6408);
#5433=PLANE('',#6412);
#5434=PLANE('',#6416);
#5435=PLANE('',#6420);
#5436=PLANE('',#6424);
#5437=PLANE('',#6425);
#5438=PLANE('',#6426);
#5439=PLANE('',#6430);
#5440=PLANE('',#6434);
#5441=PLANE('',#6438);
#5442=PLANE('',#6442);
#5443=PLANE('',#6446);
#5444=PLANE('',#6450);
#5445=PLANE('',#6454);
#5446=PLANE('',#6458);
#5447=PLANE('',#6462);
#5448=PLANE('',#6463);
#5449=ADVANCED_FACE('',(#621),#5326,.T.);
#5450=ADVANCED_FACE('',(#622),#591,.F.);
#5451=ADVANCED_FACE('',(#623),#5327,.T.);
#5452=ADVANCED_FACE('',(#624),#592,.F.);
#5453=ADVANCED_FACE('',(#625),#5328,.T.);
#5454=ADVANCED_FACE('',(#626),#593,.T.);
#5455=ADVANCED_FACE('',(#627),#5329,.T.);
#5456=ADVANCED_FACE('',(#628),#594,.T.);
#5457=ADVANCED_FACE('',(#629),#5330,.T.);
#5458=ADVANCED_FACE('',(#630),#595,.F.);
#5459=ADVANCED_FACE('',(#631),#5331,.T.);
#5460=ADVANCED_FACE('',(#632),#596,.F.);
#5461=ADVANCED_FACE('',(#633),#5332,.T.);
#5462=ADVANCED_FACE('',(#634),#597,.T.);
#5463=ADVANCED_FACE('',(#635),#5333,.T.);
#5464=ADVANCED_FACE('',(#636),#598,.T.);
#5465=ADVANCED_FACE('',(#637),#5334,.T.);
#5466=ADVANCED_FACE('',(#638),#599,.F.);
#5467=ADVANCED_FACE('',(#639),#5335,.T.);
#5468=ADVANCED_FACE('',(#640),#600,.T.);
#5469=ADVANCED_FACE('',(#641),#5336,.T.);
#5470=ADVANCED_FACE('',(#642),#601,.T.);
#5471=ADVANCED_FACE('',(#643),#5337,.T.);
#5472=ADVANCED_FACE('',(#644),#602,.F.);
#5473=ADVANCED_FACE('',(#645),#5338,.T.);
#5474=ADVANCED_FACE('',(#646),#603,.F.);
#5475=ADVANCED_FACE('',(#647),#5339,.T.);
#5476=ADVANCED_FACE('',(#648),#604,.T.);
#5477=ADVANCED_FACE('',(#649),#5340,.T.);
#5478=ADVANCED_FACE('',(#650),#605,.T.);
#5479=ADVANCED_FACE('',(#651),#5341,.T.);
#5480=ADVANCED_FACE('',(#652),#5342,.F.);
#5481=ADVANCED_FACE('',(#653),#5343,.F.);
#5482=ADVANCED_FACE('',(#654),#115,.F.);
#5483=ADVANCED_FACE('',(#655),#5344,.F.);
#5484=ADVANCED_FACE('',(#656),#116,.F.);
#5485=ADVANCED_FACE('',(#657),#5345,.F.);
#5486=ADVANCED_FACE('',(#658),#117,.F.);
#5487=ADVANCED_FACE('',(#659),#5346,.F.);
#5488=ADVANCED_FACE('',(#660),#118,.F.);
#5489=ADVANCED_FACE('',(#661),#5347,.F.);
#5490=ADVANCED_FACE('',(#662),#119,.F.);
#5491=ADVANCED_FACE('',(#663),#5348,.F.);
#5492=ADVANCED_FACE('',(#664),#120,.F.);
#5493=ADVANCED_FACE('',(#665),#5349,.F.);
#5494=ADVANCED_FACE('',(#666),#121,.F.);
#5495=ADVANCED_FACE('',(#667),#5350,.F.);
#5496=ADVANCED_FACE('',(#668),#122,.F.);
#5497=ADVANCED_FACE('',(#669),#5351,.F.);
#5498=ADVANCED_FACE('',(#670),#123,.F.);
#5499=ADVANCED_FACE('',(#671),#5352,.F.);
#5500=ADVANCED_FACE('',(#672),#124,.F.);
#5501=ADVANCED_FACE('',(#673),#5353,.F.);
#5502=ADVANCED_FACE('',(#674),#125,.F.);
#5503=ADVANCED_FACE('',(#675),#5354,.F.);
#5504=ADVANCED_FACE('',(#676),#126,.F.);
#5505=ADVANCED_FACE('',(#677),#5355,.F.);
#5506=ADVANCED_FACE('',(#678),#127,.F.);
#5507=ADVANCED_FACE('',(#679),#5356,.F.);
#5508=ADVANCED_FACE('',(#680),#128,.F.);
#5509=ADVANCED_FACE('',(#681),#5357,.F.);
#5510=ADVANCED_FACE('',(#682),#129,.F.);
#5511=ADVANCED_FACE('',(#683),#5358,.F.);
#5512=ADVANCED_FACE('',(#684),#130,.F.);
#5513=ADVANCED_FACE('',(#685),#5359,.F.);
#5514=ADVANCED_FACE('',(#686),#131,.F.);
#5515=ADVANCED_FACE('',(#687),#5360,.F.);
#5516=ADVANCED_FACE('',(#688),#132,.F.);
#5517=ADVANCED_FACE('',(#689),#5361,.F.);
#5518=ADVANCED_FACE('',(#690),#133,.F.);
#5519=ADVANCED_FACE('',(#691),#5362,.F.);
#5520=ADVANCED_FACE('',(#692),#134,.F.);
#5521=ADVANCED_FACE('',(#693),#5363,.T.);
#5522=ADVANCED_FACE('',(#694),#135,.F.);
#5523=ADVANCED_FACE('',(#695),#5364,.T.);
#5524=ADVANCED_FACE('',(#696),#136,.F.);
#5525=ADVANCED_FACE('',(#697),#5365,.T.);
#5526=ADVANCED_FACE('',(#698),#5366,.T.);
#5527=ADVANCED_FACE('',(#699),#137,.F.);
#5528=ADVANCED_FACE('',(#700),#5367,.T.);
#5529=ADVANCED_FACE('',(#701),#138,.F.);
#5530=ADVANCED_FACE('',(#702),#5368,.T.);
#5531=ADVANCED_FACE('',(#703),#139,.T.);
#5532=ADVANCED_FACE('',(#704),#5369,.T.);
#5533=ADVANCED_FACE('',(#705),#140,.T.);
#5534=ADVANCED_FACE('',(#706),#5370,.T.);
#5535=ADVANCED_FACE('',(#707),#141,.T.);
#5536=ADVANCED_FACE('',(#708),#5371,.T.);
#5537=ADVANCED_FACE('',(#709),#142,.T.);
#5538=ADVANCED_FACE('',(#710,#83),#5372,.T.);
#5539=ADVANCED_FACE('',(#711,#84,#85),#5373,.T.);
#5540=ADVANCED_FACE('',(#712),#143,.F.);
#5541=ADVANCED_FACE('',(#713),#144,.F.);
#5542=ADVANCED_FACE('',(#714),#145,.F.);
#5543=ADVANCED_FACE('',(#715),#146,.F.);
#5544=ADVANCED_FACE('',(#716),#147,.F.);
#5545=ADVANCED_FACE('',(#717),#78,.T.);
#5546=ADVANCED_FACE('',(#718),#148,.T.);
#5547=ADVANCED_FACE('',(#719),#79,.T.);
#5548=ADVANCED_FACE('',(#720),#149,.T.);
#5549=ADVANCED_FACE('',(#721),#150,.T.);
#5550=ADVANCED_FACE('',(#722),#36,.T.);
#5551=ADVANCED_FACE('',(#723),#151,.T.);
#5552=ADVANCED_FACE('',(#724),#37,.T.);
#5553=ADVANCED_FACE('',(#725),#152,.T.);
#5554=ADVANCED_FACE('',(#726),#80,.T.);
#5555=ADVANCED_FACE('',(#727),#32,.F.);
#5556=ADVANCED_FACE('',(#728),#81,.T.);
#5557=ADVANCED_FACE('',(#729),#153,.T.);
#5558=ADVANCED_FACE('',(#730),#154,.T.);
#5559=ADVANCED_FACE('',(#731),#155,.T.);
#5560=ADVANCED_FACE('',(#732),#38,.T.);
#5561=ADVANCED_FACE('',(#733),#156,.T.);
#5562=ADVANCED_FACE('',(#734),#39,.T.);
#5563=ADVANCED_FACE('',(#735),#157,.T.);
#5564=ADVANCED_FACE('',(#736),#13,.F.);
#5565=ADVANCED_FACE('',(#737),#158,.T.);
#5566=ADVANCED_FACE('',(#738),#14,.F.);
#5567=ADVANCED_FACE('',(#739),#159,.T.);
#5568=ADVANCED_FACE('',(#740),#40,.T.);
#5569=ADVANCED_FACE('',(#741),#160,.T.);
#5570=ADVANCED_FACE('',(#742),#15,.F.);
#5571=ADVANCED_FACE('',(#743),#161,.T.);
#5572=ADVANCED_FACE('',(#744),#16,.F.);
#5573=ADVANCED_FACE('',(#745),#162,.T.);
#5574=ADVANCED_FACE('',(#746),#41,.T.);
#5575=ADVANCED_FACE('',(#747),#163,.T.);
#5576=ADVANCED_FACE('',(#748),#42,.T.);
#5577=ADVANCED_FACE('',(#749),#164,.T.);
#5578=ADVANCED_FACE('',(#750),#5374,.T.);
#5579=ADVANCED_FACE('',(#751),#606,.F.);
#5580=ADVANCED_FACE('',(#752),#607,.T.);
#5581=ADVANCED_FACE('',(#753),#5375,.T.);
#5582=ADVANCED_FACE('',(#754),#608,.T.);
#5583=ADVANCED_FACE('',(#755),#5376,.T.);
#5584=ADVANCED_FACE('',(#756),#609,.F.);
#5585=ADVANCED_FACE('',(#757),#5377,.T.);
#5586=ADVANCED_FACE('',(#758),#610,.F.);
#5587=ADVANCED_FACE('',(#759),#5378,.T.);
#5588=ADVANCED_FACE('',(#760),#611,.T.);
#5589=ADVANCED_FACE('',(#761),#5379,.T.);
#5590=ADVANCED_FACE('',(#762,#86,#87,#88),#5380,.T.);
#5591=ADVANCED_FACE('',(#763),#33,.T.);
#5592=ADVANCED_FACE('',(#764),#34,.T.);
#5593=ADVANCED_FACE('',(#765),#35,.T.);
#5594=ADVANCED_FACE('',(#766),#43,.T.);
#5595=ADVANCED_FACE('',(#767),#5381,.T.);
#5596=ADVANCED_FACE('',(#768),#82,.T.);
#5597=ADVANCED_FACE('',(#769),#165,.T.);
#5598=ADVANCED_FACE('',(#770),#44,.T.);
#5599=ADVANCED_FACE('',(#771),#166,.T.);
#5600=ADVANCED_FACE('',(#772),#45,.T.);
#5601=ADVANCED_FACE('',(#773),#167,.T.);
#5602=ADVANCED_FACE('',(#774),#46,.T.);
#5603=ADVANCED_FACE('',(#775),#168,.T.);
#5604=ADVANCED_FACE('',(#776),#47,.T.);
#5605=ADVANCED_FACE('',(#777),#169,.T.);
#5606=ADVANCED_FACE('',(#778),#48,.T.);
#5607=ADVANCED_FACE('',(#779),#170,.T.);
#5608=ADVANCED_FACE('',(#780),#49,.T.);
#5609=ADVANCED_FACE('',(#781),#171,.T.);
#5610=ADVANCED_FACE('',(#782),#50,.T.);
#5611=ADVANCED_FACE('',(#783),#172,.T.);
#5612=ADVANCED_FACE('',(#784),#51,.T.);
#5613=ADVANCED_FACE('',(#785),#173,.T.);
#5614=ADVANCED_FACE('',(#786),#52,.T.);
#5615=ADVANCED_FACE('',(#787),#174,.T.);
#5616=ADVANCED_FACE('',(#788),#53,.T.);
#5617=ADVANCED_FACE('',(#789),#175,.T.);
#5618=ADVANCED_FACE('',(#790),#54,.T.);
#5619=ADVANCED_FACE('',(#791),#176,.T.);
#5620=ADVANCED_FACE('',(#792),#55,.T.);
#5621=ADVANCED_FACE('',(#793),#177,.T.);
#5622=ADVANCED_FACE('',(#794),#56,.T.);
#5623=ADVANCED_FACE('',(#795),#178,.T.);
#5624=ADVANCED_FACE('',(#796),#57,.T.);
#5625=ADVANCED_FACE('',(#797),#179,.T.);
#5626=ADVANCED_FACE('',(#798),#58,.T.);
#5627=ADVANCED_FACE('',(#799),#180,.T.);
#5628=ADVANCED_FACE('',(#800),#181,.F.);
#5629=ADVANCED_FACE('',(#801),#5382,.T.);
#5630=ADVANCED_FACE('',(#802),#182,.F.);
#5631=ADVANCED_FACE('',(#803),#5383,.T.);
#5632=ADVANCED_FACE('',(#804),#183,.T.);
#5633=ADVANCED_FACE('',(#805,#89),#5384,.T.);
#5634=ADVANCED_FACE('',(#806),#184,.T.);
#5635=ADVANCED_FACE('',(#807),#5385,.T.);
#5636=ADVANCED_FACE('',(#808),#185,.F.);
#5637=ADVANCED_FACE('',(#809,#90),#5386,.T.);
#5638=ADVANCED_FACE('',(#810),#186,.F.);
#5639=ADVANCED_FACE('',(#811),#5387,.T.);
#5640=ADVANCED_FACE('',(#812),#187,.T.);
#5641=ADVANCED_FACE('',(#813,#91),#5388,.T.);
#5642=ADVANCED_FACE('',(#814),#188,.T.);
#5643=ADVANCED_FACE('',(#815),#59,.T.);
#5644=ADVANCED_FACE('',(#816,#92),#5389,.F.);
#5645=ADVANCED_FACE('',(#817),#60,.T.);
#5646=ADVANCED_FACE('',(#818),#61,.T.);
#5647=ADVANCED_FACE('',(#819),#189,.T.);
#5648=ADVANCED_FACE('',(#820),#62,.T.);
#5649=ADVANCED_FACE('',(#821),#190,.T.);
#5650=ADVANCED_FACE('',(#822),#63,.T.);
#5651=ADVANCED_FACE('',(#823),#191,.T.);
#5652=ADVANCED_FACE('',(#824),#64,.T.);
#5653=ADVANCED_FACE('',(#825),#192,.T.);
#5654=ADVANCED_FACE('',(#826),#65,.T.);
#5655=ADVANCED_FACE('',(#827),#193,.T.);
#5656=ADVANCED_FACE('',(#828),#66,.T.);
#5657=ADVANCED_FACE('',(#829),#194,.T.);
#5658=ADVANCED_FACE('',(#830),#67,.T.);
#5659=ADVANCED_FACE('',(#831),#195,.T.);
#5660=ADVANCED_FACE('',(#832),#68,.T.);
#5661=ADVANCED_FACE('',(#833),#196,.T.);
#5662=ADVANCED_FACE('',(#834),#69,.T.);
#5663=ADVANCED_FACE('',(#835),#197,.T.);
#5664=ADVANCED_FACE('',(#836),#70,.T.);
#5665=ADVANCED_FACE('',(#837),#198,.T.);
#5666=ADVANCED_FACE('',(#838),#71,.T.);
#5667=ADVANCED_FACE('',(#839),#199,.T.);
#5668=ADVANCED_FACE('',(#840),#72,.T.);
#5669=ADVANCED_FACE('',(#841),#200,.T.);
#5670=ADVANCED_FACE('',(#842),#73,.T.);
#5671=ADVANCED_FACE('',(#843),#201,.T.);
#5672=ADVANCED_FACE('',(#844),#74,.T.);
#5673=ADVANCED_FACE('',(#845),#202,.T.);
#5674=ADVANCED_FACE('',(#846),#5390,.T.);
#5675=ADVANCED_FACE('',(#847),#203,.T.);
#5676=ADVANCED_FACE('',(#848,#93),#5391,.T.);
#5677=ADVANCED_FACE('',(#849),#204,.T.);
#5678=ADVANCED_FACE('',(#850),#5392,.T.);
#5679=ADVANCED_FACE('',(#851),#205,.F.);
#5680=ADVANCED_FACE('',(#852),#5393,.T.);
#5681=ADVANCED_FACE('',(#853),#206,.T.);
#5682=ADVANCED_FACE('',(#854,#94),#5394,.T.);
#5683=ADVANCED_FACE('',(#855),#207,.T.);
#5684=ADVANCED_FACE('',(#856),#5395,.T.);
#5685=ADVANCED_FACE('',(#857),#208,.F.);
#5686=ADVANCED_FACE('',(#858),#5396,.T.);
#5687=ADVANCED_FACE('',(#859),#209,.F.);
#5688=ADVANCED_FACE('',(#860,#95,#96,#97,#98,#99),#5397,.F.);
#5689=ADVANCED_FACE('',(#861),#5398,.T.);
#5690=ADVANCED_FACE('',(#862),#612,.F.);
#5691=ADVANCED_FACE('',(#863),#613,.T.);
#5692=ADVANCED_FACE('',(#864),#5399,.T.);
#5693=ADVANCED_FACE('',(#865),#614,.F.);
#5694=ADVANCED_FACE('',(#866),#5400,.T.);
#5695=ADVANCED_FACE('',(#867),#615,.F.);
#5696=ADVANCED_FACE('',(#868),#5401,.T.);
#5697=ADVANCED_FACE('',(#869),#616,.T.);
#5698=ADVANCED_FACE('',(#870),#5402,.T.);
#5699=ADVANCED_FACE('',(#871),#617,.T.);
#5700=ADVANCED_FACE('',(#872),#5403,.T.);
#5701=ADVANCED_FACE('',(#873),#618,.F.);
#5702=ADVANCED_FACE('',(#874),#5404,.T.);
#5703=ADVANCED_FACE('',(#875),#619,.T.);
#5704=ADVANCED_FACE('',(#876),#5405,.T.);
#5705=ADVANCED_FACE('',(#877),#620,.T.);
#5706=ADVANCED_FACE('',(#878),#210,.T.);
#5707=ADVANCED_FACE('',(#879,#100),#5406,.T.);
#5708=ADVANCED_FACE('',(#880),#211,.T.);
#5709=ADVANCED_FACE('',(#881),#5407,.T.);
#5710=ADVANCED_FACE('',(#882,#101),#5408,.T.);
#5711=ADVANCED_FACE('',(#883),#212,.T.);
#5712=ADVANCED_FACE('',(#884),#5409,.T.);
#5713=ADVANCED_FACE('',(#885),#213,.T.);
#5714=ADVANCED_FACE('',(#886),#5410,.T.);
#5715=ADVANCED_FACE('',(#887,#102),#5411,.T.);
#5716=ADVANCED_FACE('',(#888),#5412,.T.);
#5717=ADVANCED_FACE('',(#889),#214,.T.);
#5718=ADVANCED_FACE('',(#890),#5413,.T.);
#5719=ADVANCED_FACE('',(#891,#103),#5414,.T.);
#5720=ADVANCED_FACE('',(#892),#5415,.T.);
#5721=ADVANCED_FACE('',(#893),#215,.T.);
#5722=ADVANCED_FACE('',(#894),#5416,.T.);
#5723=ADVANCED_FACE('',(#895),#216,.T.);
#5724=ADVANCED_FACE('',(#896),#5417,.T.);
#5725=ADVANCED_FACE('',(#897,#104),#5418,.T.);
#5726=ADVANCED_FACE('',(#898),#5419,.T.);
#5727=ADVANCED_FACE('',(#899,#105,#106,#107),#5420,.F.);
#5728=ADVANCED_FACE('',(#900),#217,.F.);
#5729=ADVANCED_FACE('',(#901),#5421,.T.);
#5730=ADVANCED_FACE('',(#902),#218,.T.);
#5731=ADVANCED_FACE('',(#903),#5422,.T.);
#5732=ADVANCED_FACE('',(#904),#219,.T.);
#5733=ADVANCED_FACE('',(#905),#220,.F.);
#5734=ADVANCED_FACE('',(#906),#221,.F.);
#5735=ADVANCED_FACE('',(#907),#222,.F.);
#5736=ADVANCED_FACE('',(#908),#5423,.T.);
#5737=ADVANCED_FACE('',(#909),#223,.T.);
#5738=ADVANCED_FACE('',(#910),#5424,.T.);
#5739=ADVANCED_FACE('',(#911),#224,.T.);
#5740=ADVANCED_FACE('',(#912),#5425,.T.);
#5741=ADVANCED_FACE('',(#913,#108,#109,#110),#5426,.T.);
#5742=ADVANCED_FACE('',(#914),#5427,.T.);
#5743=ADVANCED_FACE('',(#915),#225,.F.);
#5744=ADVANCED_FACE('',(#916),#5428,.T.);
#5745=ADVANCED_FACE('',(#917),#226,.F.);
#5746=ADVANCED_FACE('',(#918),#5429,.T.);
#5747=ADVANCED_FACE('',(#919),#227,.F.);
#5748=ADVANCED_FACE('',(#920),#5430,.T.);
#5749=ADVANCED_FACE('',(#921),#228,.F.);
#5750=ADVANCED_FACE('',(#922),#5431,.T.);
#5751=ADVANCED_FACE('',(#923),#229,.F.);
#5752=ADVANCED_FACE('',(#924),#5432,.T.);
#5753=ADVANCED_FACE('',(#925),#230,.T.);
#5754=ADVANCED_FACE('',(#926),#5433,.T.);
#5755=ADVANCED_FACE('',(#927),#231,.T.);
#5756=ADVANCED_FACE('',(#928),#5434,.T.);
#5757=ADVANCED_FACE('',(#929),#232,.T.);
#5758=ADVANCED_FACE('',(#930),#5435,.T.);
#5759=ADVANCED_FACE('',(#931),#233,.T.);
#5760=ADVANCED_FACE('',(#932,#111),#5436,.T.);
#5761=ADVANCED_FACE('',(#933,#112),#5437,.F.);
#5762=ADVANCED_FACE('',(#934),#5438,.T.);
#5763=ADVANCED_FACE('',(#935),#234,.F.);
#5764=ADVANCED_FACE('',(#936),#5439,.T.);
#5765=ADVANCED_FACE('',(#937),#235,.F.);
#5766=ADVANCED_FACE('',(#938),#5440,.T.);
#5767=ADVANCED_FACE('',(#939),#236,.F.);
#5768=ADVANCED_FACE('',(#940),#5441,.T.);
#5769=ADVANCED_FACE('',(#941),#237,.F.);
#5770=ADVANCED_FACE('',(#942),#5442,.T.);
#5771=ADVANCED_FACE('',(#943),#238,.F.);
#5772=ADVANCED_FACE('',(#944),#5443,.T.);
#5773=ADVANCED_FACE('',(#945),#239,.T.);
#5774=ADVANCED_FACE('',(#946),#5444,.T.);
#5775=ADVANCED_FACE('',(#947),#240,.T.);
#5776=ADVANCED_FACE('',(#948),#5445,.T.);
#5777=ADVANCED_FACE('',(#949),#241,.T.);
#5778=ADVANCED_FACE('',(#950),#5446,.T.);
#5779=ADVANCED_FACE('',(#951),#242,.T.);
#5780=ADVANCED_FACE('',(#952,#113),#5447,.T.);
#5781=ADVANCED_FACE('',(#953,#114),#5448,.F.);
#5782=CLOSED_SHELL('',(#5449,#5450,#5451,#5452,#5453,#5454,#5455,#5456,
#5457,#5458,#5459,#5460,#5461,#5462,#5463,#5464,#5465,#5466,#5467,#5468,
#5469,#5470,#5471,#5472,#5473,#5474,#5475,#5476,#5477,#5478,#5479,#5480));
#5783=CLOSED_SHELL('',(#5481,#5482,#5483,#5484,#5485,#5486,#5487,#5488,
#5489,#5490,#5491,#5492,#5493,#5494,#5495,#5496,#5497,#5498,#5499,#5500,
#5501,#5502,#5503,#5504,#5505,#5506,#5507,#5508,#5509,#5510,#5511,#5512,
#5513,#5514,#5515,#5516,#5517,#5518,#5519,#5520,#5521,#5522,#5523,#5524,
#5525,#5526,#5527,#5528,#5529,#5530,#5531,#5532,#5533,#5534,#5535,#5536,
#5537,#5538,#5539,#5540,#5541,#5542,#5543,#5544,#5545,#5546,#5547,#5548,
#5549,#5550,#5551,#5552,#5553,#5554,#5555,#5556,#5557,#5558,#5559,#5560,
#5561,#5562,#5563,#5564,#5565,#5566,#5567,#5568,#5569,#5570,#5571,#5572,
#5573,#5574,#5575,#5576,#5577,#5578,#5579,#5580,#5581,#5582,#5583,#5584,
#5585,#5586,#5587,#5588,#5589,#5590,#5591,#5592,#5593,#5594,#5595,#5596,
#5597,#5598,#5599,#5600,#5601,#5602,#5603,#5604,#5605,#5606,#5607,#5608,
#5609,#5610,#5611,#5612,#5613,#5614,#5615,#5616,#5617,#5618,#5619,#5620,
#5621,#5622,#5623,#5624,#5625,#5626,#5627,#5628,#5629,#5630,#5631,#5632,
#5633,#5634,#5635,#5636,#5637,#5638,#5639,#5640,#5641,#5642,#5643,#5644,
#5645,#5646,#5647,#5648,#5649,#5650,#5651,#5652,#5653,#5654,#5655,#5656,
#5657,#5658,#5659,#5660,#5661,#5662,#5663,#5664,#5665,#5666,#5667,#5668,
#5669,#5670,#5671,#5672,#5673,#5674,#5675,#5676,#5677,#5678,#5679,#5680,
#5681,#5682,#5683,#5684,#5685,#5686,#5687,#5688,#5689,#5690,#5691,#5692,
#5693,#5694,#5695,#5696,#5697,#5698,#5699,#5700,#5701,#5702,#5703,#5704,
#5705,#5706,#5707,#5708,#5709,#5710,#5711,#5712,#5713,#5714,#5715,#5716,
#5717,#5718,#5719,#5720,#5721,#5722,#5723,#5724,#5725,#5726));
#5784=CLOSED_SHELL('',(#5727,#5728,#5729,#5730,#5731,#5732,#5733,#5734,
#5735,#5736,#5737,#5738,#5739,#5740,#5741));
#5785=CLOSED_SHELL('',(#5742,#5743,#5744,#5745,#5746,#5747,#5748,#5749,
#5750,#5751,#5752,#5753,#5754,#5755,#5756,#5757,#5758,#5759,#5760,#5761));
#5786=CLOSED_SHELL('',(#5762,#5763,#5764,#5765,#5766,#5767,#5768,#5769,
#5770,#5771,#5772,#5773,#5774,#5775,#5776,#5777,#5778,#5779,#5780,#5781));
#5787=DERIVED_UNIT_ELEMENT(#5789,1.);
#5788=DERIVED_UNIT_ELEMENT(#10314,-3.);
#5789=(
MASS_UNIT()
NAMED_UNIT(*)
SI_UNIT(.KILO.,.GRAM.)
);
#5790=DERIVED_UNIT((#5787,#5788));
#5791=MEASURE_REPRESENTATION_ITEM('density measure',
POSITIVE_RATIO_MEASURE(7850.),#5790);
#5792=PROPERTY_DEFINITION_REPRESENTATION(#5797,#5794);
#5793=PROPERTY_DEFINITION_REPRESENTATION(#5798,#5795);
#5794=REPRESENTATION('material name',(#5796),#10311);
#5795=REPRESENTATION('density',(#5791),#10311);
#5796=DESCRIPTIVE_REPRESENTATION_ITEM('Steel','Steel');
#5797=PROPERTY_DEFINITION('material property','material name',#10321);
#5798=PROPERTY_DEFINITION('material property','density of part',#10321);
#5799=AXIS2_PLACEMENT_3D('',#8278,#6464,#6465);
#5800=AXIS2_PLACEMENT_3D('',#8279,#6466,#6467);
#5801=AXIS2_PLACEMENT_3D('',#8290,#6473,#6474);
#5802=AXIS2_PLACEMENT_3D('',#8294,#6476,#6477);
#5803=AXIS2_PLACEMENT_3D('',#8295,#6478,#6479);
#5804=AXIS2_PLACEMENT_3D('',#8296,#6480,#6481);
#5805=AXIS2_PLACEMENT_3D('',#8302,#6485,#6486);
#5806=AXIS2_PLACEMENT_3D('',#8306,#6488,#6489);
#5807=AXIS2_PLACEMENT_3D('',#8307,#6490,#6491);
#5808=AXIS2_PLACEMENT_3D('',#8308,#6492,#6493);
#5809=AXIS2_PLACEMENT_3D('',#8316,#6498,#6499);
#5810=AXIS2_PLACEMENT_3D('',#8319,#6501,#6502);
#5811=AXIS2_PLACEMENT_3D('',#8320,#6503,#6504);
#5812=AXIS2_PLACEMENT_3D('',#8328,#6509,#6510);
#5813=AXIS2_PLACEMENT_3D('',#8331,#6512,#6513);
#5814=AXIS2_PLACEMENT_3D('',#8332,#6514,#6515);
#5815=AXIS2_PLACEMENT_3D('',#8338,#6519,#6520);
#5816=AXIS2_PLACEMENT_3D('',#8342,#6522,#6523);
#5817=AXIS2_PLACEMENT_3D('',#8343,#6524,#6525);
#5818=AXIS2_PLACEMENT_3D('',#8344,#6526,#6527);
#5819=AXIS2_PLACEMENT_3D('',#8350,#6531,#6532);
#5820=AXIS2_PLACEMENT_3D('',#8354,#6534,#6535);
#5821=AXIS2_PLACEMENT_3D('',#8355,#6536,#6537);
#5822=AXIS2_PLACEMENT_3D('',#8356,#6538,#6539);
#5823=AXIS2_PLACEMENT_3D('',#8364,#6544,#6545);
#5824=AXIS2_PLACEMENT_3D('',#8367,#6547,#6548);
#5825=AXIS2_PLACEMENT_3D('',#8368,#6549,#6550);
#5826=AXIS2_PLACEMENT_3D('',#8376,#6555,#6556);
#5827=AXIS2_PLACEMENT_3D('',#8379,#6558,#6559);
#5828=AXIS2_PLACEMENT_3D('',#8380,#6560,#6561);
#5829=AXIS2_PLACEMENT_3D('',#8386,#6565,#6566);
#5830=AXIS2_PLACEMENT_3D('',#8390,#6568,#6569);
#5831=AXIS2_PLACEMENT_3D('',#8391,#6570,#6571);
#5832=AXIS2_PLACEMENT_3D('',#8392,#6572,#6573);
#5833=AXIS2_PLACEMENT_3D('',#8400,#6578,#6579);
#5834=AXIS2_PLACEMENT_3D('',#8403,#6581,#6582);
#5835=AXIS2_PLACEMENT_3D('',#8404,#6583,#6584);
#5836=AXIS2_PLACEMENT_3D('',#8412,#6589,#6590);
#5837=AXIS2_PLACEMENT_3D('',#8415,#6592,#6593);
#5838=AXIS2_PLACEMENT_3D('',#8416,#6594,#6595);
#5839=AXIS2_PLACEMENT_3D('',#8422,#6599,#6600);
#5840=AXIS2_PLACEMENT_3D('',#8426,#6602,#6603);
#5841=AXIS2_PLACEMENT_3D('',#8427,#6604,#6605);
#5842=AXIS2_PLACEMENT_3D('',#8428,#6606,#6607);
#5843=AXIS2_PLACEMENT_3D('',#8434,#6611,#6612);
#5844=AXIS2_PLACEMENT_3D('',#8438,#6614,#6615);
#5845=AXIS2_PLACEMENT_3D('',#8439,#6616,#6617);
#5846=AXIS2_PLACEMENT_3D('',#8440,#6618,#6619);
#5847=AXIS2_PLACEMENT_3D('',#8450,#6623,#6624);
#5848=AXIS2_PLACEMENT_3D('',#8453,#6626,#6627);
#5849=AXIS2_PLACEMENT_3D('',#8454,#6628,#6629);
#5850=AXIS2_PLACEMENT_3D('',#8459,#6633,#6634);
#5851=AXIS2_PLACEMENT_3D('',#8460,#6635,#6636);
#5852=AXIS2_PLACEMENT_3D('',#8461,#6637,#6638);
#5853=AXIS2_PLACEMENT_3D('',#8462,#6639,#6640);
#5854=AXIS2_PLACEMENT_3D('',#8463,#6641,#6642);
#5855=AXIS2_PLACEMENT_3D('',#8472,#6647,#6648);
#5856=AXIS2_PLACEMENT_3D('',#8474,#6649,#6650);
#5857=AXIS2_PLACEMENT_3D('',#8476,#6651,#6652);
#5858=AXIS2_PLACEMENT_3D('',#8478,#6654,#6655);
#5859=AXIS2_PLACEMENT_3D('',#8484,#6659,#6660);
#5860=AXIS2_PLACEMENT_3D('',#8486,#6661,#6662);
#5861=AXIS2_PLACEMENT_3D('',#8488,#6663,#6664);
#5862=AXIS2_PLACEMENT_3D('',#8490,#6666,#6667);
#5863=AXIS2_PLACEMENT_3D('',#8496,#6671,#6672);
#5864=AXIS2_PLACEMENT_3D('',#8498,#6673,#6674);
#5865=AXIS2_PLACEMENT_3D('',#8500,#6675,#6676);
#5866=AXIS2_PLACEMENT_3D('',#8502,#6678,#6679);
#5867=AXIS2_PLACEMENT_3D('',#8508,#6683,#6684);
#5868=AXIS2_PLACEMENT_3D('',#8509,#6685,#6686);
#5869=AXIS2_PLACEMENT_3D('',#8510,#6687,#6688);
#5870=AXIS2_PLACEMENT_3D('',#8511,#6689,#6690);
#5871=AXIS2_PLACEMENT_3D('',#8520,#6695,#6696);
#5872=AXIS2_PLACEMENT_3D('',#8522,#6697,#6698);
#5873=AXIS2_PLACEMENT_3D('',#8524,#6699,#6700);
#5874=AXIS2_PLACEMENT_3D('',#8526,#6702,#6703);
#5875=AXIS2_PLACEMENT_3D('',#8532,#6707,#6708);
#5876=AXIS2_PLACEMENT_3D('',#8534,#6709,#6710);
#5877=AXIS2_PLACEMENT_3D('',#8536,#6711,#6712);
#5878=AXIS2_PLACEMENT_3D('',#8538,#6714,#6715);
#5879=AXIS2_PLACEMENT_3D('',#8544,#6719,#6720);
#5880=AXIS2_PLACEMENT_3D('',#8546,#6721,#6722);
#5881=AXIS2_PLACEMENT_3D('',#8548,#6723,#6724);
#5882=AXIS2_PLACEMENT_3D('',#8550,#6726,#6727);
#5883=AXIS2_PLACEMENT_3D('',#8556,#6731,#6732);
#5884=AXIS2_PLACEMENT_3D('',#8557,#6733,#6734);
#5885=AXIS2_PLACEMENT_3D('',#8558,#6735,#6736);
#5886=AXIS2_PLACEMENT_3D('',#8559,#6737,#6738);
#5887=AXIS2_PLACEMENT_3D('',#8568,#6743,#6744);
#5888=AXIS2_PLACEMENT_3D('',#8570,#6745,#6746);
#5889=AXIS2_PLACEMENT_3D('',#8572,#6747,#6748);
#5890=AXIS2_PLACEMENT_3D('',#8574,#6750,#6751);
#5891=AXIS2_PLACEMENT_3D('',#8580,#6755,#6756);
#5892=AXIS2_PLACEMENT_3D('',#8582,#6757,#6758);
#5893=AXIS2_PLACEMENT_3D('',#8584,#6759,#6760);
#5894=AXIS2_PLACEMENT_3D('',#8586,#6762,#6763);
#5895=AXIS2_PLACEMENT_3D('',#8592,#6767,#6768);
#5896=AXIS2_PLACEMENT_3D('',#8594,#6769,#6770);
#5897=AXIS2_PLACEMENT_3D('',#8596,#6771,#6772);
#5898=AXIS2_PLACEMENT_3D('',#8598,#6774,#6775);
#5899=AXIS2_PLACEMENT_3D('',#8604,#6779,#6780);
#5900=AXIS2_PLACEMENT_3D('',#8605,#6781,#6782);
#5901=AXIS2_PLACEMENT_3D('',#8606,#6783,#6784);
#5902=AXIS2_PLACEMENT_3D('',#8607,#6785,#6786);
#5903=AXIS2_PLACEMENT_3D('',#8616,#6791,#6792);
#5904=AXIS2_PLACEMENT_3D('',#8618,#6793,#6794);
#5905=AXIS2_PLACEMENT_3D('',#8620,#6795,#6796);
#5906=AXIS2_PLACEMENT_3D('',#8622,#6798,#6799);
#5907=AXIS2_PLACEMENT_3D('',#8628,#6803,#6804);
#5908=AXIS2_PLACEMENT_3D('',#8630,#6805,#6806);
#5909=AXIS2_PLACEMENT_3D('',#8632,#6807,#6808);
#5910=AXIS2_PLACEMENT_3D('',#8634,#6810,#6811);
#5911=AXIS2_PLACEMENT_3D('',#8640,#6815,#6816);
#5912=AXIS2_PLACEMENT_3D('',#8642,#6817,#6818);
#5913=AXIS2_PLACEMENT_3D('',#8644,#6819,#6820);
#5914=AXIS2_PLACEMENT_3D('',#8646,#6822,#6823);
#5915=AXIS2_PLACEMENT_3D('',#8652,#6827,#6828);
#5916=AXIS2_PLACEMENT_3D('',#8653,#6829,#6830);
#5917=AXIS2_PLACEMENT_3D('',#8654,#6831,#6832);
#5918=AXIS2_PLACEMENT_3D('',#8655,#6833,#6834);
#5919=AXIS2_PLACEMENT_3D('',#8664,#6839,#6840);
#5920=AXIS2_PLACEMENT_3D('',#8666,#6841,#6842);
#5921=AXIS2_PLACEMENT_3D('',#8668,#6843,#6844);
#5922=AXIS2_PLACEMENT_3D('',#8670,#6846,#6847);
#5923=AXIS2_PLACEMENT_3D('',#8676,#6851,#6852);
#5924=AXIS2_PLACEMENT_3D('',#8678,#6853,#6854);
#5925=AXIS2_PLACEMENT_3D('',#8680,#6855,#6856);
#5926=AXIS2_PLACEMENT_3D('',#8682,#6858,#6859);
#5927=AXIS2_PLACEMENT_3D('',#8688,#6863,#6864);
#5928=AXIS2_PLACEMENT_3D('',#8690,#6865,#6866);
#5929=AXIS2_PLACEMENT_3D('',#8692,#6867,#6868);
#5930=AXIS2_PLACEMENT_3D('',#8694,#6870,#6871);
#5931=AXIS2_PLACEMENT_3D('',#8700,#6875,#6876);
#5932=AXIS2_PLACEMENT_3D('',#8701,#6877,#6878);
#5933=AXIS2_PLACEMENT_3D('',#8702,#6879,#6880);
#5934=AXIS2_PLACEMENT_3D('',#8703,#6881,#6882);
#5935=AXIS2_PLACEMENT_3D('',#8712,#6887,#6888);
#5936=AXIS2_PLACEMENT_3D('',#8714,#6889,#6890);
#5937=AXIS2_PLACEMENT_3D('',#8716,#6891,#6892);
#5938=AXIS2_PLACEMENT_3D('',#8718,#6894,#6895);
#5939=AXIS2_PLACEMENT_3D('',#8724,#6899,#6900);
#5940=AXIS2_PLACEMENT_3D('',#8726,#6901,#6902);
#5941=AXIS2_PLACEMENT_3D('',#8728,#6903,#6904);
#5942=AXIS2_PLACEMENT_3D('',#8730,#6906,#6907);
#5943=AXIS2_PLACEMENT_3D('',#8736,#6911,#6912);
#5944=AXIS2_PLACEMENT_3D('',#8745,#6917,#6918);
#5945=AXIS2_PLACEMENT_3D('',#8747,#6919,#6920);
#5946=AXIS2_PLACEMENT_3D('',#8749,#6921,#6922);
#5947=AXIS2_PLACEMENT_3D('',#8751,#6924,#6925);
#5948=AXIS2_PLACEMENT_3D('',#8757,#6929,#6930);
#5949=AXIS2_PLACEMENT_3D('',#8758,#6931,#6932);
#5950=AXIS2_PLACEMENT_3D('',#8759,#6933,#6934);
#5951=AXIS2_PLACEMENT_3D('',#8760,#6935,#6936);
#5952=AXIS2_PLACEMENT_3D('',#8769,#6941,#6942);
#5953=AXIS2_PLACEMENT_3D('',#8771,#6943,#6944);
#5954=AXIS2_PLACEMENT_3D('',#8773,#6945,#6946);
#5955=AXIS2_PLACEMENT_3D('',#8775,#6948,#6949);
#5956=AXIS2_PLACEMENT_3D('',#8781,#6953,#6954);
#5957=AXIS2_PLACEMENT_3D('',#8783,#6955,#6956);
#5958=AXIS2_PLACEMENT_3D('',#8785,#6957,#6958);
#5959=AXIS2_PLACEMENT_3D('',#8787,#6960,#6961);
#5960=AXIS2_PLACEMENT_3D('',#8793,#6965,#6966);
#5961=AXIS2_PLACEMENT_3D('',#8795,#6967,#6968);
#5962=AXIS2_PLACEMENT_3D('',#8797,#6969,#6970);
#5963=AXIS2_PLACEMENT_3D('',#8799,#6972,#6973);
#5964=AXIS2_PLACEMENT_3D('',#8805,#6977,#6978);
#5965=AXIS2_PLACEMENT_3D('',#8806,#6979,#6980);
#5966=AXIS2_PLACEMENT_3D('',#8807,#6981,#6982);
#5967=AXIS2_PLACEMENT_3D('',#8808,#6983,#6984);
#5968=AXIS2_PLACEMENT_3D('',#8810,#6985,#6986);
#5969=AXIS2_PLACEMENT_3D('',#8811,#6987,#6988);
#5970=AXIS2_PLACEMENT_3D('',#8812,#6989,#6990);
#5971=AXIS2_PLACEMENT_3D('',#8819,#6993,#6994);
#5972=AXIS2_PLACEMENT_3D('',#8823,#6996,#6997);
#5973=AXIS2_PLACEMENT_3D('',#8827,#6999,#7000);
#5974=AXIS2_PLACEMENT_3D('',#8831,#7002,#7003);
#5975=AXIS2_PLACEMENT_3D('',#8835,#7005,#7006);
#5976=AXIS2_PLACEMENT_3D('',#8839,#7008,#7009);
#5977=AXIS2_PLACEMENT_3D('',#8843,#7011,#7012);
#5978=AXIS2_PLACEMENT_3D('',#8847,#7014,#7015);
#5979=AXIS2_PLACEMENT_3D('',#8851,#7017,#7018);
#5980=AXIS2_PLACEMENT_3D('',#8859,#7022,#7023);
#5981=AXIS2_PLACEMENT_3D('',#8862,#7025,#7026);
#5982=AXIS2_PLACEMENT_3D('',#8864,#7027,#7028);
#5983=AXIS2_PLACEMENT_3D('',#8865,#7029,#7030);
#5984=AXIS2_PLACEMENT_3D('',#8867,#7031,#7032);
#5985=AXIS2_PLACEMENT_3D('',#8870,#7034,#7035);
#5986=AXIS2_PLACEMENT_3D('',#8871,#7036,#7037);
#5987=AXIS2_PLACEMENT_3D('',#8873,#7038,#7039);
#5988=AXIS2_PLACEMENT_3D('',#8876,#7041,#7042);
#5989=AXIS2_PLACEMENT_3D('',#8877,#7043,#7044);
#5990=AXIS2_PLACEMENT_3D('',#8880,#7046,#7047);
#5991=AXIS2_PLACEMENT_3D('',#8881,#7048,#7049);
#5992=AXIS2_PLACEMENT_3D('',#8882,#7050,#7051);
#5993=AXIS2_PLACEMENT_3D('',#8884,#7052,#7053);
#5994=AXIS2_PLACEMENT_3D('',#8887,#7055,#7056);
#5995=AXIS2_PLACEMENT_3D('',#8888,#7057,#7058);
#5996=AXIS2_PLACEMENT_3D('',#8891,#7060,#7061);
#5997=AXIS2_PLACEMENT_3D('',#8892,#7062,#7063);
#5998=AXIS2_PLACEMENT_3D('',#8894,#7064,#7065);
#5999=AXIS2_PLACEMENT_3D('',#8896,#7066,#7067);
#6000=AXIS2_PLACEMENT_3D('',#8897,#7068,#7069);
#6001=AXIS2_PLACEMENT_3D('',#8898,#7070,#7071);
#6002=AXIS2_PLACEMENT_3D('',#8901,#7072,#7073);
#6003=AXIS2_PLACEMENT_3D('',#8904,#7076,#7077);
#6004=AXIS2_PLACEMENT_3D('',#8906,#7078,#7079);
#6005=AXIS2_PLACEMENT_3D('',#8908,#7080,#7081);
#6006=AXIS2_PLACEMENT_3D('',#8909,#7082,#7083);
#6007=AXIS2_PLACEMENT_3D('',#8910,#7084,#7085);
#6008=AXIS2_PLACEMENT_3D('',#8913,#7086,#7087);
#6009=AXIS2_PLACEMENT_3D('',#8916,#7090,#7091);
#6010=AXIS2_PLACEMENT_3D('',#8918,#7092,#7093);
#6011=AXIS2_PLACEMENT_3D('',#8920,#7095,#7096);
#6012=AXIS2_PLACEMENT_3D('',#8922,#7097,#7098);
#6013=AXIS2_PLACEMENT_3D('',#8923,#7099,#7100);
#6014=AXIS2_PLACEMENT_3D('',#8924,#7101,#7102);
#6015=AXIS2_PLACEMENT_3D('',#8926,#7103,#7104);
#6016=AXIS2_PLACEMENT_3D('',#8928,#7106,#7107);
#6017=AXIS2_PLACEMENT_3D('',#8930,#7108,#7109);
#6018=AXIS2_PLACEMENT_3D('',#8931,#7110,#7111);
#6019=AXIS2_PLACEMENT_3D('',#8932,#7112,#7113);
#6020=AXIS2_PLACEMENT_3D('',#8934,#7115,#7116);
#6021=AXIS2_PLACEMENT_3D('',#8936,#7117,#7118);
#6022=AXIS2_PLACEMENT_3D('',#8938,#7119,#7120);
#6023=AXIS2_PLACEMENT_3D('',#8939,#7121,#7122);
#6024=AXIS2_PLACEMENT_3D('',#9010,#7123,#7124);
#6025=AXIS2_PLACEMENT_3D('',#9012,#7125,#7126);
#6026=AXIS2_PLACEMENT_3D('',#9014,#7127,#7128);
#6027=AXIS2_PLACEMENT_3D('',#9015,#7129,#7130);
#6028=AXIS2_PLACEMENT_3D('',#9016,#7131,#7132);
#6029=AXIS2_PLACEMENT_3D('',#9019,#7133,#7134);
#6030=AXIS2_PLACEMENT_3D('',#9022,#7137,#7138);
#6031=AXIS2_PLACEMENT_3D('',#9024,#7140,#7141);
#6032=AXIS2_PLACEMENT_3D('',#9026,#7142,#7143);
#6033=AXIS2_PLACEMENT_3D('',#9028,#7145,#7146);
#6034=AXIS2_PLACEMENT_3D('',#9030,#7147,#7148);
#6035=AXIS2_PLACEMENT_3D('',#9031,#7149,#7150);
#6036=AXIS2_PLACEMENT_3D('',#9032,#7151,#7152);
#6037=AXIS2_PLACEMENT_3D('',#9034,#7153,#7154);
#6038=AXIS2_PLACEMENT_3D('',#9036,#7156,#7157);
#6039=AXIS2_PLACEMENT_3D('',#9038,#7158,#7159);
#6040=AXIS2_PLACEMENT_3D('',#9039,#7160,#7161);
#6041=AXIS2_PLACEMENT_3D('',#9040,#7162,#7163);
#6042=AXIS2_PLACEMENT_3D('',#9042,#7164,#7165);
#6043=AXIS2_PLACEMENT_3D('',#9054,#7167,#7168);
#6044=AXIS2_PLACEMENT_3D('',#9055,#7169,#7170);
#6045=AXIS2_PLACEMENT_3D('',#9056,#7171,#7172);
#6046=AXIS2_PLACEMENT_3D('',#9058,#7173,#7174);
#6047=AXIS2_PLACEMENT_3D('',#9070,#7176,#7177);
#6048=AXIS2_PLACEMENT_3D('',#9071,#7178,#7179);
#6049=AXIS2_PLACEMENT_3D('',#9072,#7180,#7181);
#6050=AXIS2_PLACEMENT_3D('',#9074,#7182,#7183);
#6051=AXIS2_PLACEMENT_3D('',#9076,#7185,#7186);
#6052=AXIS2_PLACEMENT_3D('',#9078,#7187,#7188);
#6053=AXIS2_PLACEMENT_3D('',#9079,#7189,#7190);
#6054=AXIS2_PLACEMENT_3D('',#9080,#7191,#7192);
#6055=AXIS2_PLACEMENT_3D('',#9082,#7193,#7194);
#6056=AXIS2_PLACEMENT_3D('',#9094,#7196,#7197);
#6057=AXIS2_PLACEMENT_3D('',#9095,#7198,#7199);
#6058=AXIS2_PLACEMENT_3D('',#9096,#7200,#7201);
#6059=AXIS2_PLACEMENT_3D('',#9098,#7202,#7203);
#6060=AXIS2_PLACEMENT_3D('',#9110,#7205,#7206);
#6061=AXIS2_PLACEMENT_3D('',#9111,#7207,#7208);
#6062=AXIS2_PLACEMENT_3D('',#9112,#7209,#7210);
#6063=AXIS2_PLACEMENT_3D('',#9114,#7211,#7212);
#6064=AXIS2_PLACEMENT_3D('',#9116,#7214,#7215);
#6065=AXIS2_PLACEMENT_3D('',#9118,#7216,#7217);
#6066=AXIS2_PLACEMENT_3D('',#9119,#7218,#7219);
#6067=AXIS2_PLACEMENT_3D('',#9120,#7220,#7221);
#6068=AXIS2_PLACEMENT_3D('',#9122,#7222,#7223);
#6069=AXIS2_PLACEMENT_3D('',#9124,#7225,#7226);
#6070=AXIS2_PLACEMENT_3D('',#9125,#7227,#7228);
#6071=AXIS2_PLACEMENT_3D('',#9126,#7229,#7230);
#6072=AXIS2_PLACEMENT_3D('',#9128,#7232,#7233);
#6073=AXIS2_PLACEMENT_3D('',#9134,#7237,#7238);
#6074=AXIS2_PLACEMENT_3D('',#9138,#7240,#7241);
#6075=AXIS2_PLACEMENT_3D('',#9152,#7242,#7243);
#6076=AXIS2_PLACEMENT_3D('',#9153,#7244,#7245);
#6077=AXIS2_PLACEMENT_3D('',#9157,#7247,#7248);
#6078=AXIS2_PLACEMENT_3D('',#9172,#7249,#7250);
#6079=AXIS2_PLACEMENT_3D('',#9173,#7251,#7252);
#6080=AXIS2_PLACEMENT_3D('',#9177,#7255,#7256);
#6081=AXIS2_PLACEMENT_3D('',#9180,#7258,#7259);
#6082=AXIS2_PLACEMENT_3D('',#9181,#7260,#7261);
#6083=AXIS2_PLACEMENT_3D('',#9185,#7264,#7265);
#6084=AXIS2_PLACEMENT_3D('',#9188,#7267,#7268);
#6085=AXIS2_PLACEMENT_3D('',#9189,#7269,#7270);
#6086=AXIS2_PLACEMENT_3D('',#9193,#7273,#7274);
#6087=AXIS2_PLACEMENT_3D('',#9196,#7276,#7277);
#6088=AXIS2_PLACEMENT_3D('',#9197,#7278,#7279);
#6089=AXIS2_PLACEMENT_3D('',#9201,#7282,#7283);
#6090=AXIS2_PLACEMENT_3D('',#9204,#7285,#7286);
#6091=AXIS2_PLACEMENT_3D('',#9205,#7287,#7288);
#6092=AXIS2_PLACEMENT_3D('',#9209,#7291,#7292);
#6093=AXIS2_PLACEMENT_3D('',#9247,#7293,#7294);
#6094=AXIS2_PLACEMENT_3D('',#9257,#7295,#7296);
#6095=AXIS2_PLACEMENT_3D('',#9433,#7297,#7298);
#6096=AXIS2_PLACEMENT_3D('',#9434,#7299,#7300);
#6097=AXIS2_PLACEMENT_3D('',#9435,#7301,#7302);
#6098=AXIS2_PLACEMENT_3D('',#9451,#7306,#7307);
#6099=AXIS2_PLACEMENT_3D('',#9453,#7308,#7309);
#6100=AXIS2_PLACEMENT_3D('',#9455,#7310,#7311);
#6101=AXIS2_PLACEMENT_3D('',#9456,#7312,#7313);
#6102=AXIS2_PLACEMENT_3D('',#9457,#7314,#7315);
#6103=AXIS2_PLACEMENT_3D('',#9459,#7316,#7317);
#6104=AXIS2_PLACEMENT_3D('',#9461,#7319,#7320);
#6105=AXIS2_PLACEMENT_3D('',#9464,#7321,#7322);
#6106=AXIS2_PLACEMENT_3D('',#9465,#7323,#7324);
#6107=AXIS2_PLACEMENT_3D('',#9466,#7325,#7326);
#6108=AXIS2_PLACEMENT_3D('',#9467,#7327,#7328);
#6109=AXIS2_PLACEMENT_3D('',#9470,#7329,#7330);
#6110=AXIS2_PLACEMENT_3D('',#9473,#7333,#7334);
#6111=AXIS2_PLACEMENT_3D('',#9476,#7335,#7336);
#6112=AXIS2_PLACEMENT_3D('',#9477,#7337,#7338);
#6113=AXIS2_PLACEMENT_3D('',#9478,#7339,#7340);
#6114=AXIS2_PLACEMENT_3D('',#9479,#7341,#7342);
#6115=AXIS2_PLACEMENT_3D('',#9482,#7343,#7344);
#6116=AXIS2_PLACEMENT_3D('',#9485,#7347,#7348);
#6117=AXIS2_PLACEMENT_3D('',#9488,#7349,#7350);
#6118=AXIS2_PLACEMENT_3D('',#9489,#7351,#7352);
#6119=AXIS2_PLACEMENT_3D('',#9490,#7353,#7354);
#6120=AXIS2_PLACEMENT_3D('',#9491,#7355,#7356);
#6121=AXIS2_PLACEMENT_3D('',#9494,#7357,#7358);
#6122=AXIS2_PLACEMENT_3D('',#9497,#7361,#7362);
#6123=AXIS2_PLACEMENT_3D('',#9500,#7363,#7364);
#6124=AXIS2_PLACEMENT_3D('',#9501,#7365,#7366);
#6125=AXIS2_PLACEMENT_3D('',#9502,#7367,#7368);
#6126=AXIS2_PLACEMENT_3D('',#9503,#7369,#7370);
#6127=AXIS2_PLACEMENT_3D('',#9506,#7371,#7372);
#6128=AXIS2_PLACEMENT_3D('',#9509,#7375,#7376);
#6129=AXIS2_PLACEMENT_3D('',#9512,#7377,#7378);
#6130=AXIS2_PLACEMENT_3D('',#9513,#7379,#7380);
#6131=AXIS2_PLACEMENT_3D('',#9514,#7381,#7382);
#6132=AXIS2_PLACEMENT_3D('',#9515,#7383,#7384);
#6133=AXIS2_PLACEMENT_3D('',#9518,#7385,#7386);
#6134=AXIS2_PLACEMENT_3D('',#9521,#7389,#7390);
#6135=AXIS2_PLACEMENT_3D('',#9524,#7391,#7392);
#6136=AXIS2_PLACEMENT_3D('',#9525,#7393,#7394);
#6137=AXIS2_PLACEMENT_3D('',#9526,#7395,#7396);
#6138=AXIS2_PLACEMENT_3D('',#9527,#7397,#7398);
#6139=AXIS2_PLACEMENT_3D('',#9530,#7399,#7400);
#6140=AXIS2_PLACEMENT_3D('',#9533,#7403,#7404);
#6141=AXIS2_PLACEMENT_3D('',#9536,#7405,#7406);
#6142=AXIS2_PLACEMENT_3D('',#9537,#7407,#7408);
#6143=AXIS2_PLACEMENT_3D('',#9538,#7409,#7410);
#6144=AXIS2_PLACEMENT_3D('',#9539,#7411,#7412);
#6145=AXIS2_PLACEMENT_3D('',#9542,#7413,#7414);
#6146=AXIS2_PLACEMENT_3D('',#9545,#7417,#7418);
#6147=AXIS2_PLACEMENT_3D('',#9548,#7419,#7420);
#6148=AXIS2_PLACEMENT_3D('',#9549,#7421,#7422);
#6149=AXIS2_PLACEMENT_3D('',#9550,#7423,#7424);
#6150=AXIS2_PLACEMENT_3D('',#9551,#7425,#7426);
#6151=AXIS2_PLACEMENT_3D('',#9554,#7427,#7428);
#6152=AXIS2_PLACEMENT_3D('',#9557,#7431,#7432);
#6153=AXIS2_PLACEMENT_3D('',#9560,#7433,#7434);
#6154=AXIS2_PLACEMENT_3D('',#9561,#7435,#7436);
#6155=AXIS2_PLACEMENT_3D('',#9562,#7437,#7438);
#6156=AXIS2_PLACEMENT_3D('',#9563,#7439,#7440);
#6157=AXIS2_PLACEMENT_3D('',#9566,#7441,#7442);
#6158=AXIS2_PLACEMENT_3D('',#9569,#7445,#7446);
#6159=AXIS2_PLACEMENT_3D('',#9572,#7447,#7448);
#6160=AXIS2_PLACEMENT_3D('',#9573,#7449,#7450);
#6161=AXIS2_PLACEMENT_3D('',#9574,#7451,#7452);
#6162=AXIS2_PLACEMENT_3D('',#9575,#7453,#7454);
#6163=AXIS2_PLACEMENT_3D('',#9578,#7455,#7456);
#6164=AXIS2_PLACEMENT_3D('',#9581,#7459,#7460);
#6165=AXIS2_PLACEMENT_3D('',#9584,#7461,#7462);
#6166=AXIS2_PLACEMENT_3D('',#9585,#7463,#7464);
#6167=AXIS2_PLACEMENT_3D('',#9586,#7465,#7466);
#6168=AXIS2_PLACEMENT_3D('',#9587,#7467,#7468);
#6169=AXIS2_PLACEMENT_3D('',#9590,#7469,#7470);
#6170=AXIS2_PLACEMENT_3D('',#9593,#7473,#7474);
#6171=AXIS2_PLACEMENT_3D('',#9596,#7475,#7476);
#6172=AXIS2_PLACEMENT_3D('',#9597,#7477,#7478);
#6173=AXIS2_PLACEMENT_3D('',#9598,#7479,#7480);
#6174=AXIS2_PLACEMENT_3D('',#9599,#7481,#7482);
#6175=AXIS2_PLACEMENT_3D('',#9602,#7483,#7484);
#6176=AXIS2_PLACEMENT_3D('',#9605,#7487,#7488);
#6177=AXIS2_PLACEMENT_3D('',#9608,#7489,#7490);
#6178=AXIS2_PLACEMENT_3D('',#9609,#7491,#7492);
#6179=AXIS2_PLACEMENT_3D('',#9610,#7493,#7494);
#6180=AXIS2_PLACEMENT_3D('',#9611,#7495,#7496);
#6181=AXIS2_PLACEMENT_3D('',#9614,#7497,#7498);
#6182=AXIS2_PLACEMENT_3D('',#9617,#7501,#7502);
#6183=AXIS2_PLACEMENT_3D('',#9620,#7503,#7504);
#6184=AXIS2_PLACEMENT_3D('',#9621,#7505,#7506);
#6185=AXIS2_PLACEMENT_3D('',#9622,#7507,#7508);
#6186=AXIS2_PLACEMENT_3D('',#9623,#7509,#7510);
#6187=AXIS2_PLACEMENT_3D('',#9626,#7511,#7512);
#6188=AXIS2_PLACEMENT_3D('',#9629,#7515,#7516);
#6189=AXIS2_PLACEMENT_3D('',#9630,#7517,#7518);
#6190=AXIS2_PLACEMENT_3D('',#9631,#7519,#7520);
#6191=AXIS2_PLACEMENT_3D('',#9632,#7521,#7522);
#6192=AXIS2_PLACEMENT_3D('',#9643,#7524,#7525);
#6193=AXIS2_PLACEMENT_3D('',#9647,#7527,#7528);
#6194=AXIS2_PLACEMENT_3D('',#9649,#7530,#7531);
#6195=AXIS2_PLACEMENT_3D('',#9653,#7534,#7535);
#6196=AXIS2_PLACEMENT_3D('',#9656,#7537,#7538);
#6197=AXIS2_PLACEMENT_3D('',#9657,#7539,#7540);
#6198=AXIS2_PLACEMENT_3D('',#9661,#7543,#7544);
#6199=AXIS2_PLACEMENT_3D('',#9664,#7546,#7547);
#6200=AXIS2_PLACEMENT_3D('',#9665,#7548,#7549);
#6201=AXIS2_PLACEMENT_3D('',#9669,#7552,#7553);
#6202=AXIS2_PLACEMENT_3D('',#9672,#7555,#7556);
#6203=AXIS2_PLACEMENT_3D('',#9673,#7557,#7558);
#6204=AXIS2_PLACEMENT_3D('',#9677,#7561,#7562);
#6205=AXIS2_PLACEMENT_3D('',#9680,#7564,#7565);
#6206=AXIS2_PLACEMENT_3D('',#9681,#7566,#7567);
#6207=AXIS2_PLACEMENT_3D('',#9685,#7570,#7571);
#6208=AXIS2_PLACEMENT_3D('',#9688,#7573,#7574);
#6209=AXIS2_PLACEMENT_3D('',#9689,#7575,#7576);
#6210=AXIS2_PLACEMENT_3D('',#9693,#7579,#7580);
#6211=AXIS2_PLACEMENT_3D('',#9696,#7582,#7583);
#6212=AXIS2_PLACEMENT_3D('',#9697,#7584,#7585);
#6213=AXIS2_PLACEMENT_3D('',#9701,#7588,#7589);
#6214=AXIS2_PLACEMENT_3D('',#9702,#7590,#7591);
#6215=AXIS2_PLACEMENT_3D('',#9703,#7592,#7593);
#6216=AXIS2_PLACEMENT_3D('',#9704,#7594,#7595);
#6217=AXIS2_PLACEMENT_3D('',#9705,#7596,#7597);
#6218=AXIS2_PLACEMENT_3D('',#9710,#7599,#7600);
#6219=AXIS2_PLACEMENT_3D('',#9714,#7602,#7603);
#6220=AXIS2_PLACEMENT_3D('',#9720,#7606,#7607);
#6221=AXIS2_PLACEMENT_3D('',#9724,#7609,#7610);
#6222=AXIS2_PLACEMENT_3D('',#9732,#7614,#7615);
#6223=AXIS2_PLACEMENT_3D('',#9740,#7619,#7620);
#6224=AXIS2_PLACEMENT_3D('',#9744,#7622,#7623);
#6225=AXIS2_PLACEMENT_3D('',#9748,#7626,#7627);
#6226=AXIS2_PLACEMENT_3D('',#9749,#7628,#7629);
#6227=AXIS2_PLACEMENT_3D('',#9751,#7630,#7631);
#6228=AXIS2_PLACEMENT_3D('',#9752,#7632,#7633);
#6229=AXIS2_PLACEMENT_3D('',#9753,#7634,#7635);
#6230=AXIS2_PLACEMENT_3D('',#9756,#7637,#7638);
#6231=AXIS2_PLACEMENT_3D('',#9757,#7639,#7640);
#6232=AXIS2_PLACEMENT_3D('',#9759,#7641,#7642);
#6233=AXIS2_PLACEMENT_3D('',#9761,#7643,#7644);
#6234=AXIS2_PLACEMENT_3D('',#9762,#7645,#7646);
#6235=AXIS2_PLACEMENT_3D('',#9763,#7647,#7648);
#6236=AXIS2_PLACEMENT_3D('',#9767,#7650,#7651);
#6237=AXIS2_PLACEMENT_3D('',#9769,#7653,#7654);
#6238=AXIS2_PLACEMENT_3D('',#9771,#7655,#7656);
#6239=AXIS2_PLACEMENT_3D('',#9773,#7657,#7658);
#6240=AXIS2_PLACEMENT_3D('',#9774,#7659,#7660);
#6241=AXIS2_PLACEMENT_3D('',#9775,#7661,#7662);
#6242=AXIS2_PLACEMENT_3D('',#9779,#7664,#7665);
#6243=AXIS2_PLACEMENT_3D('',#9781,#7667,#7668);
#6244=AXIS2_PLACEMENT_3D('',#9783,#7669,#7670);
#6245=AXIS2_PLACEMENT_3D('',#9785,#7671,#7672);
#6246=AXIS2_PLACEMENT_3D('',#9786,#7673,#7674);
#6247=AXIS2_PLACEMENT_3D('',#9787,#7675,#7676);
#6248=AXIS2_PLACEMENT_3D('',#9791,#7678,#7679);
#6249=AXIS2_PLACEMENT_3D('',#9793,#7681,#7682);
#6250=AXIS2_PLACEMENT_3D('',#9795,#7683,#7684);
#6251=AXIS2_PLACEMENT_3D('',#9797,#7685,#7686);
#6252=AXIS2_PLACEMENT_3D('',#9798,#7687,#7688);
#6253=AXIS2_PLACEMENT_3D('',#9799,#7689,#7690);
#6254=AXIS2_PLACEMENT_3D('',#9803,#7692,#7693);
#6255=AXIS2_PLACEMENT_3D('',#9805,#7695,#7696);
#6256=AXIS2_PLACEMENT_3D('',#9807,#7697,#7698);
#6257=AXIS2_PLACEMENT_3D('',#9809,#7699,#7700);
#6258=AXIS2_PLACEMENT_3D('',#9810,#7701,#7702);
#6259=AXIS2_PLACEMENT_3D('',#9811,#7703,#7704);
#6260=AXIS2_PLACEMENT_3D('',#9815,#7706,#7707);
#6261=AXIS2_PLACEMENT_3D('',#9817,#7709,#7710);
#6262=AXIS2_PLACEMENT_3D('',#9819,#7711,#7712);
#6263=AXIS2_PLACEMENT_3D('',#9821,#7713,#7714);
#6264=AXIS2_PLACEMENT_3D('',#9822,#7715,#7716);
#6265=AXIS2_PLACEMENT_3D('',#9823,#7717,#7718);
#6266=AXIS2_PLACEMENT_3D('',#9826,#7720,#7721);
#6267=AXIS2_PLACEMENT_3D('',#9828,#7723,#7724);
#6268=AXIS2_PLACEMENT_3D('',#9830,#7725,#7726);
#6269=AXIS2_PLACEMENT_3D('',#9831,#7727,#7728);
#6270=AXIS2_PLACEMENT_3D('',#9832,#7729,#7730);
#6271=AXIS2_PLACEMENT_3D('',#9834,#7731,#7732);
#6272=AXIS2_PLACEMENT_3D('',#9836,#7734,#7735);
#6273=AXIS2_PLACEMENT_3D('',#9838,#7736,#7737);
#6274=AXIS2_PLACEMENT_3D('',#9839,#7738,#7739);
#6275=AXIS2_PLACEMENT_3D('',#9840,#7740,#7741);
#6276=AXIS2_PLACEMENT_3D('',#9842,#7742,#7743);
#6277=AXIS2_PLACEMENT_3D('',#9844,#7745,#7746);
#6278=AXIS2_PLACEMENT_3D('',#9845,#7747,#7748);
#6279=AXIS2_PLACEMENT_3D('',#9846,#7749,#7750);
#6280=AXIS2_PLACEMENT_3D('',#9847,#7751,#7752);
#6281=AXIS2_PLACEMENT_3D('',#9848,#7753,#7754);
#6282=AXIS2_PLACEMENT_3D('',#9849,#7755,#7756);
#6283=AXIS2_PLACEMENT_3D('',#9850,#7757,#7758);
#6284=AXIS2_PLACEMENT_3D('',#9851,#7759,#7760);
#6285=AXIS2_PLACEMENT_3D('',#9852,#7761,#7762);
#6286=AXIS2_PLACEMENT_3D('',#9853,#7763,#7764);
#6287=AXIS2_PLACEMENT_3D('',#9854,#7765,#7766);
#6288=AXIS2_PLACEMENT_3D('',#9855,#7767,#7768);
#6289=AXIS2_PLACEMENT_3D('',#9856,#7769,#7770);
#6290=AXIS2_PLACEMENT_3D('',#9857,#7771,#7772);
#6291=AXIS2_PLACEMENT_3D('',#9858,#7773,#7774);
#6292=AXIS2_PLACEMENT_3D('',#9859,#7775,#7776);
#6293=AXIS2_PLACEMENT_3D('',#9860,#7777,#7778);
#6294=AXIS2_PLACEMENT_3D('',#9861,#7779,#7780);
#6295=AXIS2_PLACEMENT_3D('',#9862,#7781,#7782);
#6296=AXIS2_PLACEMENT_3D('',#9863,#7783,#7784);
#6297=AXIS2_PLACEMENT_3D('',#9864,#7785,#7786);
#6298=AXIS2_PLACEMENT_3D('',#9866,#7788,#7789);
#6299=AXIS2_PLACEMENT_3D('',#9868,#7791,#7792);
#6300=AXIS2_PLACEMENT_3D('',#9870,#7794,#7795);
#6301=AXIS2_PLACEMENT_3D('',#9872,#7797,#7798);
#6302=AXIS2_PLACEMENT_3D('',#9874,#7800,#7801);
#6303=AXIS2_PLACEMENT_3D('',#9876,#7803,#7804);
#6304=AXIS2_PLACEMENT_3D('',#9878,#7806,#7807);
#6305=AXIS2_PLACEMENT_3D('',#9880,#7809,#7810);
#6306=AXIS2_PLACEMENT_3D('',#9882,#7812,#7813);
#6307=AXIS2_PLACEMENT_3D('',#9884,#7815,#7816);
#6308=AXIS2_PLACEMENT_3D('',#9886,#7818,#7819);
#6309=AXIS2_PLACEMENT_3D('',#9888,#7821,#7822);
#6310=AXIS2_PLACEMENT_3D('',#9890,#7824,#7825);
#6311=AXIS2_PLACEMENT_3D('',#9891,#7826,#7827);
#6312=AXIS2_PLACEMENT_3D('',#9894,#7828,#7829);
#6313=AXIS2_PLACEMENT_3D('',#9902,#7833,#7834);
#6314=AXIS2_PLACEMENT_3D('',#9906,#7836,#7837);
#6315=AXIS2_PLACEMENT_3D('',#9914,#7841,#7842);
#6316=AXIS2_PLACEMENT_3D('',#9922,#7846,#7847);
#6317=AXIS2_PLACEMENT_3D('',#9926,#7849,#7850);
#6318=AXIS2_PLACEMENT_3D('',#9932,#7853,#7854);
#6319=AXIS2_PLACEMENT_3D('',#9934,#7856,#7857);
#6320=AXIS2_PLACEMENT_3D('',#9937,#7860,#7861);
#6321=AXIS2_PLACEMENT_3D('',#9938,#7862,#7863);
#6322=AXIS2_PLACEMENT_3D('',#9940,#7865,#7866);
#6323=AXIS2_PLACEMENT_3D('',#9942,#7868,#7869);
#6324=AXIS2_PLACEMENT_3D('',#9944,#7871,#7872);
#6325=AXIS2_PLACEMENT_3D('',#9946,#7874,#7875);
#6326=AXIS2_PLACEMENT_3D('',#9948,#7877,#7878);
#6327=AXIS2_PLACEMENT_3D('',#9950,#7880,#7881);
#6328=AXIS2_PLACEMENT_3D('',#9952,#7883,#7884);
#6329=AXIS2_PLACEMENT_3D('',#9954,#7886,#7887);
#6330=AXIS2_PLACEMENT_3D('',#9956,#7889,#7890);
#6331=AXIS2_PLACEMENT_3D('',#9958,#7892,#7893);
#6332=AXIS2_PLACEMENT_3D('',#9960,#7895,#7896);
#6333=AXIS2_PLACEMENT_3D('',#9962,#7898,#7899);
#6334=AXIS2_PLACEMENT_3D('',#9964,#7901,#7902);
#6335=AXIS2_PLACEMENT_3D('',#9966,#7904,#7905);
#6336=AXIS2_PLACEMENT_3D('',#9967,#7906,#7907);
#6337=AXIS2_PLACEMENT_3D('',#9970,#7910,#7911);
#6338=AXIS2_PLACEMENT_3D('',#9972,#7913,#7914);
#6339=AXIS2_PLACEMENT_3D('',#9974,#7916,#7917);
#6340=AXIS2_PLACEMENT_3D('',#9976,#7919,#7920);
#6341=AXIS2_PLACEMENT_3D('',#9978,#7922,#7923);
#6342=AXIS2_PLACEMENT_3D('',#9980,#7925,#7926);
#6343=AXIS2_PLACEMENT_3D('',#9982,#7928,#7929);
#6344=AXIS2_PLACEMENT_3D('',#9984,#7931,#7932);
#6345=AXIS2_PLACEMENT_3D('',#9986,#7934,#7935);
#6346=AXIS2_PLACEMENT_3D('',#9988,#7937,#7938);
#6347=AXIS2_PLACEMENT_3D('',#9990,#7940,#7941);
#6348=AXIS2_PLACEMENT_3D('',#9992,#7943,#7944);
#6349=AXIS2_PLACEMENT_3D('',#9994,#7946,#7947);
#6350=AXIS2_PLACEMENT_3D('',#9996,#7949,#7950);
#6351=AXIS2_PLACEMENT_3D('',#9998,#7952,#7953);
#6352=AXIS2_PLACEMENT_3D('',#10000,#7955,#7956);
#6353=AXIS2_PLACEMENT_3D('',#10002,#7958,#7959);
#6354=AXIS2_PLACEMENT_3D('',#10004,#7961,#7962);
#6355=AXIS2_PLACEMENT_3D('',#10006,#7964,#7965);
#6356=AXIS2_PLACEMENT_3D('',#10008,#7967,#7968);
#6357=AXIS2_PLACEMENT_3D('',#10009,#7969,#7970);
#6358=AXIS2_PLACEMENT_3D('',#10012,#7971,#7972);
#6359=AXIS2_PLACEMENT_3D('',#10016,#7974,#7975);
#6360=AXIS2_PLACEMENT_3D('',#10020,#7977,#7978);
#6361=AXIS2_PLACEMENT_3D('',#10024,#7980,#7981);
#6362=AXIS2_PLACEMENT_3D('',#10028,#7983,#7984);
#6363=AXIS2_PLACEMENT_3D('',#10031,#7986,#7987);
#6364=AXIS2_PLACEMENT_3D('',#10033,#7988,#7989);
#6365=AXIS2_PLACEMENT_3D('',#10035,#7990,#7991);
#6366=AXIS2_PLACEMENT_3D('',#10036,#7992,#7993);
#6367=AXIS2_PLACEMENT_3D('',#10040,#7995,#7996);
#6368=AXIS2_PLACEMENT_3D('',#10042,#7998,#7999);
#6369=AXIS2_PLACEMENT_3D('',#10046,#8002,#8003);
#6370=AXIS2_PLACEMENT_3D('',#10049,#8005,#8006);
#6371=AXIS2_PLACEMENT_3D('',#10050,#8007,#8008);
#6372=AXIS2_PLACEMENT_3D('',#10054,#8011,#8012);
#6373=AXIS2_PLACEMENT_3D('',#10057,#8014,#8015);
#6374=AXIS2_PLACEMENT_3D('',#10058,#8016,#8017);
#6375=AXIS2_PLACEMENT_3D('',#10060,#8018,#8019);
#6376=AXIS2_PLACEMENT_3D('',#10062,#8021,#8022);
#6377=AXIS2_PLACEMENT_3D('',#10064,#8023,#8024);
#6378=AXIS2_PLACEMENT_3D('',#10066,#8026,#8027);
#6379=AXIS2_PLACEMENT_3D('',#10068,#8028,#8029);
#6380=AXIS2_PLACEMENT_3D('',#10070,#8031,#8032);
#6381=AXIS2_PLACEMENT_3D('',#10074,#8035,#8036);
#6382=AXIS2_PLACEMENT_3D('',#10076,#8037,#8038);
#6383=AXIS2_PLACEMENT_3D('',#10078,#8040,#8041);
#6384=AXIS2_PLACEMENT_3D('',#10082,#8044,#8045);
#6385=AXIS2_PLACEMENT_3D('',#10084,#8046,#8047);
#6386=AXIS2_PLACEMENT_3D('',#10086,#8049,#8050);
#6387=AXIS2_PLACEMENT_3D('',#10088,#8052,#8053);
#6388=AXIS2_PLACEMENT_3D('',#10089,#8054,#8055);
#6389=AXIS2_PLACEMENT_3D('',#10098,#8060,#8061);
#6390=AXIS2_PLACEMENT_3D('',#10100,#8062,#8063);
#6391=AXIS2_PLACEMENT_3D('',#10102,#8064,#8065);
#6392=AXIS2_PLACEMENT_3D('',#10104,#8067,#8068);
#6393=AXIS2_PLACEMENT_3D('',#10110,#8072,#8073);
#6394=AXIS2_PLACEMENT_3D('',#10112,#8074,#8075);
#6395=AXIS2_PLACEMENT_3D('',#10114,#8076,#8077);
#6396=AXIS2_PLACEMENT_3D('',#10116,#8079,#8080);
#6397=AXIS2_PLACEMENT_3D('',#10122,#8084,#8085);
#6398=AXIS2_PLACEMENT_3D('',#10124,#8086,#8087);
#6399=AXIS2_PLACEMENT_3D('',#10126,#8088,#8089);
#6400=AXIS2_PLACEMENT_3D('',#10128,#8091,#8092);
#6401=AXIS2_PLACEMENT_3D('',#10134,#8096,#8097);
#6402=AXIS2_PLACEMENT_3D('',#10136,#8098,#8099);
#6403=AXIS2_PLACEMENT_3D('',#10138,#8100,#8101);
#6404=AXIS2_PLACEMENT_3D('',#10140,#8103,#8104);
#6405=AXIS2_PLACEMENT_3D('',#10146,#8108,#8109);
#6406=AXIS2_PLACEMENT_3D('',#10147,#8110,#8111);
#6407=AXIS2_PLACEMENT_3D('',#10148,#8112,#8113);
#6408=AXIS2_PLACEMENT_3D('',#10149,#8114,#8115);
#6409=AXIS2_PLACEMENT_3D('',#10158,#8120,#8121);
#6410=AXIS2_PLACEMENT_3D('',#10160,#8122,#8123);
#6411=AXIS2_PLACEMENT_3D('',#10162,#8124,#8125);
#6412=AXIS2_PLACEMENT_3D('',#10164,#8127,#8128);
#6413=AXIS2_PLACEMENT_3D('',#10170,#8132,#8133);
#6414=AXIS2_PLACEMENT_3D('',#10172,#8134,#8135);
#6415=AXIS2_PLACEMENT_3D('',#10174,#8136,#8137);
#6416=AXIS2_PLACEMENT_3D('',#10176,#8139,#8140);
#6417=AXIS2_PLACEMENT_3D('',#10182,#8144,#8145);
#6418=AXIS2_PLACEMENT_3D('',#10184,#8146,#8147);
#6419=AXIS2_PLACEMENT_3D('',#10186,#8148,#8149);
#6420=AXIS2_PLACEMENT_3D('',#10188,#8151,#8152);
#6421=AXIS2_PLACEMENT_3D('',#10194,#8156,#8157);
#6422=AXIS2_PLACEMENT_3D('',#10195,#8158,#8159);
#6423=AXIS2_PLACEMENT_3D('',#10196,#8160,#8161);
#6424=AXIS2_PLACEMENT_3D('',#10197,#8162,#8163);
#6425=AXIS2_PLACEMENT_3D('',#10198,#8164,#8165);
#6426=AXIS2_PLACEMENT_3D('',#10199,#8166,#8167);
#6427=AXIS2_PLACEMENT_3D('',#10208,#8172,#8173);
#6428=AXIS2_PLACEMENT_3D('',#10210,#8174,#8175);
#6429=AXIS2_PLACEMENT_3D('',#10212,#8176,#8177);
#6430=AXIS2_PLACEMENT_3D('',#10214,#8179,#8180);
#6431=AXIS2_PLACEMENT_3D('',#10220,#8184,#8185);
#6432=AXIS2_PLACEMENT_3D('',#10222,#8186,#8187);
#6433=AXIS2_PLACEMENT_3D('',#10224,#8188,#8189);
#6434=AXIS2_PLACEMENT_3D('',#10226,#8191,#8192);
#6435=AXIS2_PLACEMENT_3D('',#10232,#8196,#8197);
#6436=AXIS2_PLACEMENT_3D('',#10234,#8198,#8199);
#6437=AXIS2_PLACEMENT_3D('',#10236,#8200,#8201);
#6438=AXIS2_PLACEMENT_3D('',#10238,#8203,#8204);
#6439=AXIS2_PLACEMENT_3D('',#10244,#8208,#8209);
#6440=AXIS2_PLACEMENT_3D('',#10246,#8210,#8211);
#6441=AXIS2_PLACEMENT_3D('',#10248,#8212,#8213);
#6442=AXIS2_PLACEMENT_3D('',#10250,#8215,#8216);
#6443=AXIS2_PLACEMENT_3D('',#10256,#8220,#8221);
#6444=AXIS2_PLACEMENT_3D('',#10257,#8222,#8223);
#6445=AXIS2_PLACEMENT_3D('',#10258,#8224,#8225);
#6446=AXIS2_PLACEMENT_3D('',#10259,#8226,#8227);
#6447=AXIS2_PLACEMENT_3D('',#10268,#8232,#8233);
#6448=AXIS2_PLACEMENT_3D('',#10270,#8234,#8235);
#6449=AXIS2_PLACEMENT_3D('',#10272,#8236,#8237);
#6450=AXIS2_PLACEMENT_3D('',#10274,#8239,#8240);
#6451=AXIS2_PLACEMENT_3D('',#10280,#8244,#8245);
#6452=AXIS2_PLACEMENT_3D('',#10282,#8246,#8247);
#6453=AXIS2_PLACEMENT_3D('',#10284,#8248,#8249);
#6454=AXIS2_PLACEMENT_3D('',#10286,#8251,#8252);
#6455=AXIS2_PLACEMENT_3D('',#10292,#8256,#8257);
#6456=AXIS2_PLACEMENT_3D('',#10294,#8258,#8259);
#6457=AXIS2_PLACEMENT_3D('',#10296,#8260,#8261);
#6458=AXIS2_PLACEMENT_3D('',#10298,#8263,#8264);
#6459=AXIS2_PLACEMENT_3D('',#10304,#8268,#8269);
#6460=AXIS2_PLACEMENT_3D('',#10305,#8270,#8271);
#6461=AXIS2_PLACEMENT_3D('',#10306,#8272,#8273);
#6462=AXIS2_PLACEMENT_3D('',#10307,#8274,#8275);
#6463=AXIS2_PLACEMENT_3D('',#10308,#8276,#8277);
#6464=DIRECTION('axis',(0.,0.,1.));
#6465=DIRECTION('refdir',(1.,0.,0.));
#6466=DIRECTION('center_axis',(-0.88805972633341,0.307200494830523,0.342020143325669));
#6467=DIRECTION('ref_axis',(-0.326915938292244,-0.945053421395056,0.));
#6468=DIRECTION('',(0.323227306635953,-0.111811836070158,0.939692620785908));
#6469=DIRECTION('',(-0.326915938292244,-0.945053421395056,0.));
#6470=DIRECTION('',(0.323227306635953,-0.111811836070154,0.939692620785908));
#6471=DIRECTION('',(0.399033784079739,0.145622754376522,0.905298874720829));
#6472=DIRECTION('',(0.326915938292244,0.945053421395056,0.));
#6473=DIRECTION('center_axis',(0.,0.,1.));
#6474=DIRECTION('ref_axis',(0.945053421395056,-0.326915938292246,0.));
#6475=DIRECTION('',(0.34202014332571,3.98304546168637E-15,0.939692620785893));
#6476=DIRECTION('center_axis',(0.,0.,1.));
#6477=DIRECTION('ref_axis',(0.945053421395056,-0.326915938292246,0.));
#6478=DIRECTION('center_axis',(0.,0.,1.));
#6479=DIRECTION('ref_axis',(0.945053421395056,-0.326915938292246,0.));
#6480=DIRECTION('center_axis',(-0.939692620785893,0.,0.34202014332571));
#6481=DIRECTION('ref_axis',(0.,-1.,0.));
#6482=DIRECTION('',(0.342020143325654,1.99152273084323E-15,0.939692620785914));
#6483=DIRECTION('',(0.,-1.,0.));
#6484=DIRECTION('',(0.,1.,0.));
#6485=DIRECTION('center_axis',(0.,0.,1.));
#6486=DIRECTION('ref_axis',(1.,6.66133814775074E-15,0.));
#6487=DIRECTION('',(0.323227306635924,0.111811836070167,0.939692620785917));
#6488=DIRECTION('center_axis',(0.,0.,1.));
#6489=DIRECTION('ref_axis',(1.,6.66133814775074E-15,0.));
#6490=DIRECTION('center_axis',(0.,0.,1.));
#6491=DIRECTION('ref_axis',(1.,6.66133814775075E-15,0.));
#6492=DIRECTION('center_axis',(-0.888059726333418,-0.307200494830526,0.342020143325646));
#6493=DIRECTION('ref_axis',(0.326915938292244,-0.945053421395056,0.));
#6494=DIRECTION('',(0.323227306635952,0.11181183607017,0.939692620785906));
#6495=DIRECTION('',(0.326915938292244,-0.945053421395056,0.));
#6496=DIRECTION('',(-0.326915938292244,0.945053421395056,0.));
#6497=DIRECTION('',(0.399033784079735,-0.145622754376522,0.905298874720831));
#6498=DIRECTION('center_axis',(0.,0.,-1.));
#6499=DIRECTION('ref_axis',(-0.512348241114865,0.858777782564561,0.));
#6500=DIRECTION('',(0.175233418858749,-0.293719300277625,0.939692620785912));
#6501=DIRECTION('center_axis',(0.,0.,1.));
#6502=DIRECTION('ref_axis',(-0.512348241114865,0.858777782564561,0.));
#6503=DIRECTION('center_axis',(-0.481449861448251,0.806987145170824,0.342020143325658));
#6504=DIRECTION('ref_axis',(-0.858777782564579,-0.512348241114834,0.));
#6505=DIRECTION('',(0.175233418858749,-0.293719300277632,0.93969262078591));
#6506=DIRECTION('',(-0.858777782564579,-0.512348241114834,0.));
#6507=DIRECTION('',(0.858777782564579,0.512348241114834,0.));
#6508=DIRECTION('',(-0.126835758034618,-0.450263230041892,0.883841453064986));
#6509=DIRECTION('center_axis',(0.,0.,-1.));
#6510=DIRECTION('ref_axis',(0.885268879897683,0.465079574142642,0.));
#6511=DIRECTION('',(-0.302779789184371,-0.159066582606097,0.939692620785907));
#6512=DIRECTION('center_axis',(0.,0.,1.));
#6513=DIRECTION('ref_axis',(0.885268879897683,0.465079574142642,0.));
#6514=DIRECTION('center_axis',(0.831880633851277,0.437031843900057,0.342020143325674));
#6515=DIRECTION('ref_axis',(-0.465079574142604,0.885268879897703,0.));
#6516=DIRECTION('',(-0.302779789184371,-0.159066582606097,0.939692620785907));
#6517=DIRECTION('',(-0.465079574142604,0.885268879897703,0.));
#6518=DIRECTION('',(0.465079574142604,-0.885268879897703,0.));
#6519=DIRECTION('center_axis',(0.,0.,1.));
#6520=DIRECTION('ref_axis',(-0.885268879897702,-0.465079574142606,0.));
#6521=DIRECTION('',(0.,-0.342020143325668,0.939692620785909));
#6522=DIRECTION('center_axis',(0.,0.,1.));
#6523=DIRECTION('ref_axis',(-0.885268879897702,-0.465079574142606,0.));
#6524=DIRECTION('center_axis',(0.,0.,1.));
#6525=DIRECTION('ref_axis',(-0.885268879897702,-0.465079574142606,0.));
#6526=DIRECTION('center_axis',(0.,0.939692620785909,0.342020143325668));
#6527=DIRECTION('ref_axis',(-1.,0.,0.));
#6528=DIRECTION('',(0.,-0.342020143325661,0.939692620785911));
#6529=DIRECTION('',(-1.,0.,0.));
#6530=DIRECTION('',(1.,0.,0.));
#6531=DIRECTION('center_axis',(0.,0.,1.));
#6532=DIRECTION('ref_axis',(-1.45603019622972E-16,-1.,0.));
#6533=DIRECTION('',(0.231761465826132,-0.251524156690039,0.939692620785907));
#6534=DIRECTION('center_axis',(0.,0.,1.));
#6535=DIRECTION('ref_axis',(-1.45603019622972E-16,-1.,0.));
#6536=DIRECTION('center_axis',(0.,0.,1.));
#6537=DIRECTION('ref_axis',(-1.45603019622972E-16,-1.,0.));
#6538=DIRECTION('center_axis',(-0.63675939405699,0.691056940953249,0.342020143325672));
#6539=DIRECTION('ref_axis',(-0.735407436077647,-0.67762519357068,0.));
#6540=DIRECTION('',(0.231761465826118,-0.251524156690025,0.939692620785915));
#6541=DIRECTION('',(-0.735407436077647,-0.67762519357068,0.));
#6542=DIRECTION('',(0.735407436077647,0.67762519357068,0.));
#6543=DIRECTION('',(0.0112659578675834,-0.435184239869437,0.900270934531703));
#6544=DIRECTION('center_axis',(0.,0.,-1.));
#6545=DIRECTION('ref_axis',(0.638666898684481,0.769483328295517,0.));
#6546=DIRECTION('',(-0.218436944225425,-0.263178798230346,0.939692620785909));
#6547=DIRECTION('center_axis',(0.,0.,1.));
#6548=DIRECTION('ref_axis',(0.638666898684481,0.769483328295517,0.));
#6549=DIRECTION('center_axis',(0.600150571834041,0.723077805417068,0.342020143325668));
#6550=DIRECTION('ref_axis',(-0.769483328295506,0.638666898684494,0.));
#6551=DIRECTION('',(-0.218436944225425,-0.263178798230346,0.939692620785909));
#6552=DIRECTION('',(-0.769483328295506,0.638666898684494,0.));
#6553=DIRECTION('',(0.769483328295506,-0.638666898684494,0.));
#6554=DIRECTION('',(-0.455699348373175,-0.0423342343650807,0.889126490716021));
#6555=DIRECTION('center_axis',(0.,0.,-1.));
#6556=DIRECTION('ref_axis',(0.769483328295517,-0.638666898684482,0.));
#6557=DIRECTION('',(-0.263178798230345,0.218436944225433,0.939692620785907));
#6558=DIRECTION('center_axis',(0.,0.,1.));
#6559=DIRECTION('ref_axis',(0.769483328295517,-0.638666898684482,0.));
#6560=DIRECTION('center_axis',(0.723077805417068,-0.600150571834039,0.342020143325673));
#6561=DIRECTION('ref_axis',(0.638666898684493,0.769483328295507,0.));
#6562=DIRECTION('',(-0.263178798230346,0.218436944225429,0.939692620785908));
#6563=DIRECTION('',(0.638666898684493,0.769483328295507,0.));
#6564=DIRECTION('',(-0.638666898684493,-0.769483328295507,0.));
#6565=DIRECTION('center_axis',(0.,0.,1.));
#6566=DIRECTION('ref_axis',(-0.769483328295509,0.638666898684491,0.));
#6567=DIRECTION('',(-0.263178798230374,-0.21843694422545,0.939692620785895));
#6568=DIRECTION('center_axis',(0.,0.,1.));
#6569=DIRECTION('ref_axis',(-0.769483328295509,0.638666898684491,0.));
#6570=DIRECTION('center_axis',(0.,0.,1.));
#6571=DIRECTION('ref_axis',(-0.769483328295509,0.638666898684491,0.));
#6572=DIRECTION('center_axis',(0.723077805417059,0.600150571834031,0.342020143325705));
#6573=DIRECTION('ref_axis',(-0.638666898684493,0.769483328295507,0.));
#6574=DIRECTION('',(-0.263178798230346,-0.218436944225425,0.939692620785909));
#6575=DIRECTION('',(-0.638666898684493,0.769483328295507,0.));
#6576=DIRECTION('',(0.638666898684493,-0.769483328295507,0.));
#6577=DIRECTION('',(-0.455699348373216,0.042334234365088,0.889126490715999));
#6578=DIRECTION('center_axis',(0.,0.,-1.));
#6579=DIRECTION('ref_axis',(0.638666898684509,-0.769483328295494,0.));
#6580=DIRECTION('',(-0.218436944225425,0.263178798230346,0.939692620785909));
#6581=DIRECTION('center_axis',(0.,0.,1.));
#6582=DIRECTION('ref_axis',(0.638666898684509,-0.769483328295494,0.));
#6583=DIRECTION('center_axis',(0.600150571834041,-0.723077805417068,0.342020143325668));
#6584=DIRECTION('ref_axis',(0.769483328295507,0.638666898684494,0.));
#6585=DIRECTION('',(-0.218436944225425,0.263178798230346,0.939692620785909));
#6586=DIRECTION('',(0.769483328295507,0.638666898684494,0.));
#6587=DIRECTION('',(-0.769483328295507,-0.638666898684494,0.));
#6588=DIRECTION('',(0.0112659578675377,0.435184239869449,0.900270934531698));
#6589=DIRECTION('center_axis',(0.,0.,-1.));
#6590=DIRECTION('ref_axis',(-0.677625193570682,-0.735407436077645,0.));
#6591=DIRECTION('',(0.231761465826132,0.251524156690039,0.939692620785907));
#6592=DIRECTION('center_axis',(0.,0.,1.));
#6593=DIRECTION('ref_axis',(-0.677625193570682,-0.735407436077645,0.));
#6594=DIRECTION('center_axis',(-0.636759394056989,-0.69105694095325,0.342020143325672));
#6595=DIRECTION('ref_axis',(0.735407436077648,-0.677625193570678,0.));
#6596=DIRECTION('',(0.231761465826132,0.251524156690039,0.939692620785907));
#6597=DIRECTION('',(0.735407436077648,-0.677625193570678,0.));
#6598=DIRECTION('',(-0.735407436077648,0.677625193570678,0.));
#6599=DIRECTION('center_axis',(0.,0.,1.));
#6600=DIRECTION('ref_axis',(0.677625193570681,0.735407436077646,0.));
#6601=DIRECTION('',(0.,0.342020143325654,0.939692620785914));
#6602=DIRECTION('center_axis',(0.,0.,1.));
#6603=DIRECTION('ref_axis',(0.677625193570681,0.735407436077646,0.));
#6604=DIRECTION('center_axis',(0.,0.,1.));
#6605=DIRECTION('ref_axis',(0.677625193570681,0.735407436077647,0.));
#6606=DIRECTION('center_axis',(5.86097905020481E-17,-0.939692620785914,
0.342020143325654));
#6607=DIRECTION('ref_axis',(1.,6.23712363017491E-17,0.));
#6608=DIRECTION('',(0.,0.342020143325668,0.939692620785909));
#6609=DIRECTION('',(1.,6.23712363017491E-17,0.));
#6610=DIRECTION('',(-1.,-6.23712363017491E-17,0.));
#6611=DIRECTION('center_axis',(0.,0.,1.));
#6612=DIRECTION('ref_axis',(-4.33257765707378E-16,1.,0.));
#6613=DIRECTION('',(-0.302779789184371,0.159066582606097,0.939692620785907));
#6614=DIRECTION('center_axis',(0.,0.,1.));
#6615=DIRECTION('ref_axis',(-4.33257765707378E-16,1.,0.));
#6616=DIRECTION('center_axis',(0.,0.,1.));
#6617=DIRECTION('ref_axis',(-4.33257765707378E-16,1.,0.));
#6618=DIRECTION('center_axis',(0.831880633851276,-0.437031843900059,0.342020143325674));
#6619=DIRECTION('ref_axis',(0.465079574142606,0.885268879897702,0.));
#6620=DIRECTION('',(0.465079574142606,0.885268879897702,0.));
#6621=DIRECTION('',(-0.465079574142606,-0.885268879897702,0.));
#6622=DIRECTION('',(-0.126835758034618,0.4502632300419,0.883841453064982));
#6623=DIRECTION('center_axis',(0.,0.,-1.));
#6624=DIRECTION('ref_axis',(-0.512348241114888,-0.858777782564547,0.));
#6625=DIRECTION('',(0.175233418858733,0.293719300277648,0.939692620785908));
#6626=DIRECTION('center_axis',(0.,0.,1.));
#6627=DIRECTION('ref_axis',(-0.512348241114888,-0.858777782564547,0.));
#6628=DIRECTION('center_axis',(-0.481449861448249,-0.80698714517082,0.342020143325669));
#6629=DIRECTION('ref_axis',(0.858777782564579,-0.512348241114834,0.));
#6630=DIRECTION('',(0.175233418858718,0.293719300277641,0.939692620785913));
#6631=DIRECTION('',(0.858777782564579,-0.512348241114834,0.));
#6632=DIRECTION('',(-0.858777782564579,0.512348241114834,0.));
#6633=DIRECTION('center_axis',(0.,0.,-1.));
#6634=DIRECTION('ref_axis',(-0.945053421395037,0.3269159382923,0.));
#6635=DIRECTION('center_axis',(0.,0.,1.));
#6636=DIRECTION('ref_axis',(-0.945053421395037,0.3269159382923,0.));
#6637=DIRECTION('center_axis',(0.,0.,1.));
#6638=DIRECTION('ref_axis',(1.,0.,0.));
#6639=DIRECTION('center_axis',(0.,0.,1.));
#6640=DIRECTION('ref_axis',(-1.,0.,0.));
#6641=DIRECTION('center_axis',(0.,0.,1.));
#6642=DIRECTION('ref_axis',(0.,-1.,0.));
#6643=DIRECTION('',(0.,1.,0.));
#6644=DIRECTION('',(1.,0.,0.));
#6645=DIRECTION('',(0.,-1.,0.));
#6646=DIRECTION('',(1.,0.,0.));
#6647=DIRECTION('center_axis',(1.,0.,0.));
#6648=DIRECTION('ref_axis',(0.,-4.99600361081322E-15,1.));
#6649=DIRECTION('center_axis',(-1.,0.,0.));
#6650=DIRECTION('ref_axis',(0.,-4.99600361081322E-15,1.));
#6651=DIRECTION('center_axis',(1.,0.,0.));
#6652=DIRECTION('ref_axis',(0.,-4.99600361081322E-15,1.));
#6653=DIRECTION('',(1.,0.,0.));
#6654=DIRECTION('center_axis',(0.,1.,0.));
#6655=DIRECTION('ref_axis',(0.,0.,1.));
#6656=DIRECTION('',(0.,0.,-1.));
#6657=DIRECTION('',(0.,0.,1.));
#6658=DIRECTION('',(1.,0.,0.));
#6659=DIRECTION('center_axis',(1.,0.,0.));
#6660=DIRECTION('ref_axis',(0.,1.,0.));
#6661=DIRECTION('center_axis',(-1.,0.,0.));
#6662=DIRECTION('ref_axis',(0.,1.,0.));
#6663=DIRECTION('center_axis',(1.,0.,0.));
#6664=DIRECTION('ref_axis',(0.,1.,0.));
#6665=DIRECTION('',(1.,0.,0.));
#6666=DIRECTION('center_axis',(0.,0.,-1.));
#6667=DIRECTION('ref_axis',(0.,1.,0.));
#6668=DIRECTION('',(0.,-1.,0.));
#6669=DIRECTION('',(0.,1.,0.));
#6670=DIRECTION('',(1.,0.,0.));
#6671=DIRECTION('center_axis',(1.,0.,0.));
#6672=DIRECTION('ref_axis',(0.,4.99600361081322E-15,-1.));
#6673=DIRECTION('center_axis',(-1.,0.,0.));
#6674=DIRECTION('ref_axis',(0.,4.99600361081322E-15,-1.));
#6675=DIRECTION('center_axis',(1.,0.,0.));
#6676=DIRECTION('ref_axis',(0.,4.99600361081322E-15,-1.));
#6677=DIRECTION('',(1.,0.,0.));
#6678=DIRECTION('center_axis',(0.,-1.,-2.46716227694479E-16));
#6679=DIRECTION('ref_axis',(0.,2.46716227694479E-16,-1.));
#6680=DIRECTION('',(0.,-2.46716227694479E-16,1.));
#6681=DIRECTION('',(0.,2.46716227694479E-16,-1.));
#6682=DIRECTION('',(1.,0.,0.));
#6683=DIRECTION('center_axis',(1.,0.,0.));
#6684=DIRECTION('ref_axis',(0.,-1.,0.));
#6685=DIRECTION('center_axis',(-1.,0.,0.));
#6686=DIRECTION('ref_axis',(0.,-1.,0.));
#6687=DIRECTION('center_axis',(1.,0.,0.));
#6688=DIRECTION('ref_axis',(0.,-1.,0.));
#6689=DIRECTION('center_axis',(0.,0.,1.));
#6690=DIRECTION('ref_axis',(-0.769483328295507,0.638666898684494,0.));
#6691=DIRECTION('',(0.769483328295506,-0.638666898684494,0.));
#6692=DIRECTION('',(-0.638666898684494,-0.769483328295506,0.));
#6693=DIRECTION('',(-0.769483328295507,0.638666898684494,0.));
#6694=DIRECTION('',(-0.638666898684494,-0.769483328295506,0.));
#6695=DIRECTION('center_axis',(-0.638666898684494,-0.769483328295506,0.));
#6696=DIRECTION('ref_axis',(0.,0.,1.));
#6697=DIRECTION('center_axis',(0.638666898684494,0.769483328295506,0.));
#6698=DIRECTION('ref_axis',(0.,0.,1.));
#6699=DIRECTION('center_axis',(-0.638666898684494,-0.769483328295507,0.));
#6700=DIRECTION('ref_axis',(0.,0.,1.));
#6701=DIRECTION('',(-0.638666898684494,-0.769483328295506,0.));
#6702=DIRECTION('center_axis',(0.769483328295506,-0.638666898684494,0.));
#6703=DIRECTION('ref_axis',(0.,0.,1.));
#6704=DIRECTION('',(0.,0.,-1.));
#6705=DIRECTION('',(0.,0.,1.));
#6706=DIRECTION('',(-0.638666898684494,-0.769483328295506,0.));
#6707=DIRECTION('center_axis',(-0.638666898684494,-0.769483328295506,0.));
#6708=DIRECTION('ref_axis',(0.769483328295506,-0.638666898684494,0.));
#6709=DIRECTION('center_axis',(0.638666898684494,0.769483328295506,0.));
#6710=DIRECTION('ref_axis',(0.769483328295506,-0.638666898684494,0.));
#6711=DIRECTION('center_axis',(-0.638666898684494,-0.769483328295507,0.));
#6712=DIRECTION('ref_axis',(0.769483328295506,-0.638666898684494,0.));
#6713=DIRECTION('',(-0.638666898684494,-0.769483328295506,0.));
#6714=DIRECTION('center_axis',(0.,0.,-1.));
#6715=DIRECTION('ref_axis',(0.769483328295507,-0.638666898684494,0.));
#6716=DIRECTION('',(-0.769483328295506,0.638666898684494,0.));
#6717=DIRECTION('',(0.769483328295507,-0.638666898684494,0.));
#6718=DIRECTION('',(-0.638666898684494,-0.769483328295506,0.));
#6719=DIRECTION('center_axis',(-0.638666898684494,-0.769483328295506,0.));
#6720=DIRECTION('ref_axis',(0.,0.,-1.));
#6721=DIRECTION('center_axis',(0.638666898684494,0.769483328295506,0.));
#6722=DIRECTION('ref_axis',(0.,0.,-1.));
#6723=DIRECTION('center_axis',(-0.638666898684494,-0.769483328295507,0.));
#6724=DIRECTION('ref_axis',(0.,0.,-1.));
#6725=DIRECTION('',(-0.638666898684494,-0.769483328295506,0.));
#6726=DIRECTION('center_axis',(-0.769483328295506,0.638666898684494,0.));
#6727=DIRECTION('ref_axis',(0.,0.,-1.));
#6728=DIRECTION('',(0.,0.,1.));
#6729=DIRECTION('',(0.,0.,-1.));
#6730=DIRECTION('',(-0.638666898684494,-0.769483328295506,0.));
#6731=DIRECTION('center_axis',(-0.638666898684494,-0.769483328295506,0.));
#6732=DIRECTION('ref_axis',(-0.769483328295506,0.638666898684494,0.));
#6733=DIRECTION('center_axis',(0.638666898684494,0.769483328295506,0.));
#6734=DIRECTION('ref_axis',(-0.769483328295506,0.638666898684494,0.));
#6735=DIRECTION('center_axis',(-0.638666898684494,-0.769483328295507,0.));
#6736=DIRECTION('ref_axis',(-0.769483328295506,0.638666898684494,0.));
#6737=DIRECTION('center_axis',(-0.769483328295506,-0.638666898684494,0.));
#6738=DIRECTION('ref_axis',(0.,0.,1.));
#6739=DIRECTION('',(0.,0.,-1.));
#6740=DIRECTION('',(-0.638666898684494,0.769483328295506,0.));
#6741=DIRECTION('',(0.,0.,1.));
#6742=DIRECTION('',(-0.638666898684494,0.769483328295506,0.));
#6743=DIRECTION('center_axis',(-0.638666898684494,0.769483328295506,0.));
#6744=DIRECTION('ref_axis',(-0.769483328295506,-0.638666898684494,0.));
#6745=DIRECTION('center_axis',(0.638666898684494,-0.769483328295506,0.));
#6746=DIRECTION('ref_axis',(-0.769483328295506,-0.638666898684494,0.));
#6747=DIRECTION('center_axis',(-0.638666898684494,0.769483328295507,0.));
#6748=DIRECTION('ref_axis',(-0.769483328295506,-0.638666898684494,0.));
#6749=DIRECTION('',(-0.638666898684494,0.769483328295506,0.));
#6750=DIRECTION('center_axis',(0.,0.,-1.));
#6751=DIRECTION('ref_axis',(-0.769483328295506,-0.638666898684494,0.));
#6752=DIRECTION('',(0.769483328295506,0.638666898684494,0.));
#6753=DIRECTION('',(-0.769483328295506,-0.638666898684494,0.));
#6754=DIRECTION('',(-0.638666898684494,0.769483328295506,0.));
#6755=DIRECTION('center_axis',(-0.638666898684494,0.769483328295506,0.));
#6756=DIRECTION('ref_axis',(0.,0.,-1.));
#6757=DIRECTION('center_axis',(0.638666898684494,-0.769483328295506,0.));
#6758=DIRECTION('ref_axis',(0.,0.,-1.));
#6759=DIRECTION('center_axis',(-0.638666898684494,0.769483328295507,0.));
#6760=DIRECTION('ref_axis',(0.,0.,-1.));
#6761=DIRECTION('',(-0.638666898684494,0.769483328295506,0.));
#6762=DIRECTION('center_axis',(0.769483328295506,0.638666898684494,0.));
#6763=DIRECTION('ref_axis',(0.,0.,-1.));
#6764=DIRECTION('',(0.,0.,1.));
#6765=DIRECTION('',(0.,0.,-1.));
#6766=DIRECTION('',(-0.638666898684494,0.769483328295506,0.));
#6767=DIRECTION('center_axis',(-0.638666898684494,0.769483328295506,0.));
#6768=DIRECTION('ref_axis',(0.769483328295506,0.638666898684494,0.));
#6769=DIRECTION('center_axis',(0.638666898684494,-0.769483328295506,0.));
#6770=DIRECTION('ref_axis',(0.769483328295506,0.638666898684494,0.));
#6771=DIRECTION('center_axis',(-0.638666898684494,0.769483328295507,0.));
#6772=DIRECTION('ref_axis',(0.769483328295506,0.638666898684494,0.));
#6773=DIRECTION('',(-0.638666898684494,0.769483328295506,0.));
#6774=DIRECTION('center_axis',(0.,0.,1.));
#6775=DIRECTION('ref_axis',(0.769483328295506,0.638666898684494,0.));
#6776=DIRECTION('',(-0.769483328295506,-0.638666898684494,0.));
#6777=DIRECTION('',(0.769483328295506,0.638666898684494,0.));
#6778=DIRECTION('',(-0.638666898684494,0.769483328295506,0.));
#6779=DIRECTION('center_axis',(-0.638666898684494,0.769483328295506,0.));
#6780=DIRECTION('ref_axis',(0.,0.,1.));
#6781=DIRECTION('center_axis',(0.638666898684494,-0.769483328295506,0.));
#6782=DIRECTION('ref_axis',(0.,0.,1.));
#6783=DIRECTION('center_axis',(-0.638666898684494,0.769483328295507,0.));
#6784=DIRECTION('ref_axis',(0.,0.,1.));
#6785=DIRECTION('center_axis',(0.85877778256458,0.512348241114833,0.));
#6786=DIRECTION('ref_axis',(0.,0.,1.));
#6787=DIRECTION('',(0.,0.,-1.));
#6788=DIRECTION('',(0.512348241114833,-0.85877778256458,0.));
#6789=DIRECTION('',(0.,0.,1.));
#6790=DIRECTION('',(0.512348241114833,-0.85877778256458,0.));
#6791=DIRECTION('center_axis',(0.512348241114833,-0.85877778256458,0.));
#6792=DIRECTION('ref_axis',(0.85877778256458,0.512348241114833,0.));
#6793=DIRECTION('center_axis',(-0.512348241114834,0.858777782564579,0.));
#6794=DIRECTION('ref_axis',(0.85877778256458,0.512348241114833,0.));
#6795=DIRECTION('center_axis',(0.512348241114834,-0.858777782564579,0.));
#6796=DIRECTION('ref_axis',(0.85877778256458,0.512348241114833,0.));
#6797=DIRECTION('',(0.512348241114833,-0.85877778256458,0.));
#6798=DIRECTION('center_axis',(0.,0.,-1.));
#6799=DIRECTION('ref_axis',(0.858777782564579,0.512348241114834,0.));
#6800=DIRECTION('',(-0.858777782564579,-0.512348241114834,0.));
#6801=DIRECTION('',(0.858777782564579,0.512348241114834,0.));
#6802=DIRECTION('',(0.512348241114833,-0.85877778256458,0.));
#6803=DIRECTION('center_axis',(0.512348241114833,-0.85877778256458,0.));
#6804=DIRECTION('ref_axis',(0.,0.,-1.));
#6805=DIRECTION('center_axis',(-0.512348241114834,0.858777782564579,0.));
#6806=DIRECTION('ref_axis',(0.,0.,-1.));
#6807=DIRECTION('center_axis',(0.512348241114834,-0.858777782564579,0.));
#6808=DIRECTION('ref_axis',(0.,0.,-1.));
#6809=DIRECTION('',(0.512348241114833,-0.85877778256458,0.));
#6810=DIRECTION('center_axis',(-0.85877778256458,-0.512348241114833,0.));
#6811=DIRECTION('ref_axis',(0.,0.,-1.));
#6812=DIRECTION('',(0.,0.,1.));
#6813=DIRECTION('',(0.,0.,-1.));
#6814=DIRECTION('',(0.512348241114833,-0.85877778256458,0.));
#6815=DIRECTION('center_axis',(0.512348241114833,-0.85877778256458,0.));
#6816=DIRECTION('ref_axis',(-0.85877778256458,-0.512348241114833,0.));
#6817=DIRECTION('center_axis',(-0.512348241114834,0.858777782564579,0.));
#6818=DIRECTION('ref_axis',(-0.85877778256458,-0.512348241114833,0.));
#6819=DIRECTION('center_axis',(0.512348241114834,-0.858777782564579,0.));
#6820=DIRECTION('ref_axis',(-0.85877778256458,-0.512348241114833,0.));
#6821=DIRECTION('',(0.512348241114833,-0.85877778256458,0.));
#6822=DIRECTION('center_axis',(0.,0.,1.));
#6823=DIRECTION('ref_axis',(-0.858777782564579,-0.512348241114834,0.));
#6824=DIRECTION('',(0.858777782564579,0.512348241114834,0.));
#6825=DIRECTION('',(-0.858777782564579,-0.512348241114834,0.));
#6826=DIRECTION('',(0.512348241114833,-0.85877778256458,0.));
#6827=DIRECTION('center_axis',(0.512348241114833,-0.85877778256458,0.));
#6828=DIRECTION('ref_axis',(0.,0.,1.));
#6829=DIRECTION('center_axis',(-0.512348241114834,0.858777782564579,0.));
#6830=DIRECTION('ref_axis',(0.,0.,1.));
#6831=DIRECTION('center_axis',(0.512348241114834,-0.858777782564579,0.));
#6832=DIRECTION('ref_axis',(0.,0.,1.));
#6833=DIRECTION('center_axis',(0.,0.,1.));
#6834=DIRECTION('ref_axis',(0.858777782564579,-0.512348241114834,0.));
#6835=DIRECTION('',(-0.858777782564579,0.512348241114834,0.));
#6836=DIRECTION('',(0.512348241114835,0.858777782564579,0.));
#6837=DIRECTION('',(0.858777782564579,-0.512348241114834,0.));
#6838=DIRECTION('',(0.512348241114835,0.858777782564579,0.));
#6839=DIRECTION('center_axis',(0.512348241114835,0.858777782564578,0.));
#6840=DIRECTION('ref_axis',(0.,0.,1.));
#6841=DIRECTION('center_axis',(-0.512348241114834,-0.858777782564579,0.));
#6842=DIRECTION('ref_axis',(0.,0.,1.));
#6843=DIRECTION('center_axis',(0.512348241114834,0.858777782564579,0.));
#6844=DIRECTION('ref_axis',(0.,0.,1.));
#6845=DIRECTION('',(0.512348241114835,0.858777782564579,0.));
#6846=DIRECTION('center_axis',(-0.858777782564578,0.512348241114835,0.));
#6847=DIRECTION('ref_axis',(0.,0.,1.));
#6848=DIRECTION('',(0.,0.,-1.));
#6849=DIRECTION('',(0.,0.,1.));
#6850=DIRECTION('',(0.512348241114835,0.858777782564579,0.));
#6851=DIRECTION('center_axis',(0.512348241114835,0.858777782564578,0.));
#6852=DIRECTION('ref_axis',(-0.858777782564578,0.512348241114836,0.));
#6853=DIRECTION('center_axis',(-0.512348241114834,-0.858777782564579,0.));
#6854=DIRECTION('ref_axis',(-0.858777782564578,0.512348241114836,0.));
#6855=DIRECTION('center_axis',(0.512348241114834,0.858777782564579,0.));
#6856=DIRECTION('ref_axis',(-0.858777782564578,0.512348241114836,0.));
#6857=DIRECTION('',(0.512348241114835,0.858777782564579,0.));
#6858=DIRECTION('center_axis',(0.,0.,-1.));
#6859=DIRECTION('ref_axis',(-0.858777782564579,0.512348241114834,0.));
#6860=DIRECTION('',(0.858777782564579,-0.512348241114834,0.));
#6861=DIRECTION('',(-0.858777782564579,0.512348241114834,0.));
#6862=DIRECTION('',(0.512348241114835,0.858777782564578,0.));
#6863=DIRECTION('center_axis',(0.512348241114835,0.858777782564578,0.));
#6864=DIRECTION('ref_axis',(0.,0.,-1.));
#6865=DIRECTION('center_axis',(-0.512348241114834,-0.858777782564579,0.));
#6866=DIRECTION('ref_axis',(0.,0.,-1.));
#6867=DIRECTION('center_axis',(0.512348241114834,0.858777782564579,0.));
#6868=DIRECTION('ref_axis',(0.,0.,-1.));
#6869=DIRECTION('',(0.512348241114835,0.858777782564578,0.));
#6870=DIRECTION('center_axis',(0.858777782564578,-0.512348241114835,0.));
#6871=DIRECTION('ref_axis',(0.,0.,-1.));
#6872=DIRECTION('',(0.,0.,1.));
#6873=DIRECTION('',(0.,0.,-1.));
#6874=DIRECTION('',(0.512348241114835,0.858777782564578,0.));
#6875=DIRECTION('center_axis',(0.512348241114835,0.858777782564578,0.));
#6876=DIRECTION('ref_axis',(0.858777782564578,-0.512348241114836,0.));
#6877=DIRECTION('center_axis',(-0.512348241114834,-0.858777782564579,0.));
#6878=DIRECTION('ref_axis',(0.858777782564578,-0.512348241114836,0.));
#6879=DIRECTION('center_axis',(0.512348241114834,0.858777782564579,0.));
#6880=DIRECTION('ref_axis',(0.858777782564578,-0.512348241114836,0.));
#6881=DIRECTION('center_axis',(-1.81260901979617E-16,-1.,0.));
#6882=DIRECTION('ref_axis',(1.,-1.81260901979617E-16,0.));
#6883=DIRECTION('',(-1.,1.81260901979617E-16,0.));
#6884=DIRECTION('',(0.,0.,1.));
#6885=DIRECTION('',(1.,-1.81260901979617E-16,0.));
#6886=DIRECTION('',(0.,0.,1.));
#6887=DIRECTION('center_axis',(0.,0.,1.));
#6888=DIRECTION('ref_axis',(-3.88578058618803E-15,1.,0.));
#6889=DIRECTION('center_axis',(0.,0.,1.));
#6890=DIRECTION('ref_axis',(-3.88578058618803E-15,1.,0.));
#6891=DIRECTION('center_axis',(0.,0.,-1.));
#6892=DIRECTION('ref_axis',(-3.88578058618803E-15,1.,0.));
#6893=DIRECTION('',(0.,0.,1.));
#6894=DIRECTION('center_axis',(1.,1.51556878516713E-16,0.));
#6895=DIRECTION('ref_axis',(-1.51556878516713E-16,1.,0.));
#6896=DIRECTION('',(1.51556878516713E-16,-1.,0.));
#6897=DIRECTION('',(-1.51556878516713E-16,1.,0.));
#6898=DIRECTION('',(0.,0.,1.));
#6899=DIRECTION('center_axis',(0.,0.,1.));
#6900=DIRECTION('ref_axis',(-1.,0.,0.));
#6901=DIRECTION('center_axis',(0.,0.,1.));
#6902=DIRECTION('ref_axis',(-1.,0.,0.));
#6903=DIRECTION('center_axis',(0.,0.,-1.));
#6904=DIRECTION('ref_axis',(-1.,0.,0.));
#6905=DIRECTION('',(0.,0.,1.));
#6906=DIRECTION('center_axis',(0.,1.,0.));
#6907=DIRECTION('ref_axis',(-1.,0.,0.));
#6908=DIRECTION('',(1.,0.,0.));
#6909=DIRECTION('',(-1.,0.,0.));
#6910=DIRECTION('',(0.,0.,1.));
#6911=DIRECTION('center_axis',(-3.75653637900145E-16,1.,0.));
#6912=DIRECTION('ref_axis',(-1.,-3.75653637900145E-16,0.));
#6913=DIRECTION('',(1.,3.75653637900145E-16,0.));
#6914=DIRECTION('',(0.,0.,1.));
#6915=DIRECTION('',(-1.,-3.75653637900145E-16,0.));
#6916=DIRECTION('',(0.,0.,1.));
#6917=DIRECTION('center_axis',(0.,0.,1.));
#6918=DIRECTION('ref_axis',(0.,-1.,0.));
#6919=DIRECTION('center_axis',(0.,0.,1.));
#6920=DIRECTION('ref_axis',(0.,-1.,0.));
#6921=DIRECTION('center_axis',(0.,0.,-1.));
#6922=DIRECTION('ref_axis',(0.,-1.,0.));
#6923=DIRECTION('',(0.,0.,1.));
#6924=DIRECTION('center_axis',(-1.,0.,0.));
#6925=DIRECTION('ref_axis',(0.,-1.,0.));
#6926=DIRECTION('',(0.,1.,0.));
#6927=DIRECTION('',(0.,-1.,0.));
#6928=DIRECTION('',(0.,0.,1.));
#6929=DIRECTION('center_axis',(0.,0.,1.));
#6930=DIRECTION('ref_axis',(1.,-4.44089209850064E-15,0.));
#6931=DIRECTION('center_axis',(0.,0.,1.));
#6932=DIRECTION('ref_axis',(1.,-4.44089209850064E-15,0.));
#6933=DIRECTION('center_axis',(0.,0.,-1.));
#6934=DIRECTION('ref_axis',(1.,-4.44089209850064E-15,0.));
#6935=DIRECTION('center_axis',(0.,-1.,0.));
#6936=DIRECTION('ref_axis',(1.,0.,0.));
#6937=DIRECTION('',(-1.,0.,0.));
#6938=DIRECTION('',(0.,0.,1.));
#6939=DIRECTION('',(1.,0.,0.));
#6940=DIRECTION('',(0.,0.,1.));
#6941=DIRECTION('center_axis',(0.,0.,1.));
#6942=DIRECTION('ref_axis',(-1.,0.,0.));
#6943=DIRECTION('center_axis',(0.,0.,-1.));
#6944=DIRECTION('ref_axis',(-1.,0.,0.));
#6945=DIRECTION('center_axis',(0.,0.,1.));
#6946=DIRECTION('ref_axis',(-1.,0.,0.));
#6947=DIRECTION('',(0.,0.,1.));
#6948=DIRECTION('center_axis',(-1.,0.,0.));
#6949=DIRECTION('ref_axis',(0.,-1.,0.));
#6950=DIRECTION('',(0.,1.,0.));
#6951=DIRECTION('',(0.,-1.,0.));
#6952=DIRECTION('',(0.,0.,1.));
#6953=DIRECTION('center_axis',(0.,0.,1.));
#6954=DIRECTION('ref_axis',(0.,1.,0.));
#6955=DIRECTION('center_axis',(0.,0.,-1.));
#6956=DIRECTION('ref_axis',(0.,1.,0.));
#6957=DIRECTION('center_axis',(0.,0.,1.));
#6958=DIRECTION('ref_axis',(0.,1.,0.));
#6959=DIRECTION('',(0.,0.,1.));
#6960=DIRECTION('center_axis',(1.67580833905684E-16,1.,0.));
#6961=DIRECTION('ref_axis',(-1.,1.67580833905684E-16,0.));
#6962=DIRECTION('',(1.,-1.67580833905684E-16,0.));
#6963=DIRECTION('',(-1.,1.67580833905684E-16,0.));
#6964=DIRECTION('',(0.,0.,1.));
#6965=DIRECTION('center_axis',(0.,0.,1.));
#6966=DIRECTION('ref_axis',(1.,-8.88178419700136E-15,0.));
#6967=DIRECTION('center_axis',(0.,0.,-1.));
#6968=DIRECTION('ref_axis',(1.,-8.88178419700136E-15,0.));
#6969=DIRECTION('center_axis',(0.,0.,1.));
#6970=DIRECTION('ref_axis',(1.,-8.88178419700136E-15,0.));
#6971=DIRECTION('',(0.,0.,1.));
#6972=DIRECTION('center_axis',(1.,0.,0.));
#6973=DIRECTION('ref_axis',(0.,1.,0.));
#6974=DIRECTION('',(0.,-1.,0.));
#6975=DIRECTION('',(0.,1.,0.));
#6976=DIRECTION('',(0.,0.,1.));
#6977=DIRECTION('center_axis',(0.,0.,1.));
#6978=DIRECTION('ref_axis',(0.,-1.,0.));
#6979=DIRECTION('center_axis',(0.,0.,-1.));
#6980=DIRECTION('ref_axis',(0.,-1.,0.));
#6981=DIRECTION('center_axis',(0.,0.,1.));
#6982=DIRECTION('ref_axis',(0.,-1.,0.));
#6983=DIRECTION('center_axis',(0.,0.,1.));
#6984=DIRECTION('ref_axis',(-1.,0.,0.));
#6985=DIRECTION('center_axis',(0.,0.,-1.));
#6986=DIRECTION('ref_axis',(-1.,0.,0.));
#6987=DIRECTION('center_axis',(0.,0.,-1.));
#6988=DIRECTION('ref_axis',(-1.,0.,0.));
#6989=DIRECTION('center_axis',(0.,0.,1.));
#6990=DIRECTION('ref_axis',(1.,0.,0.));
#6991=DIRECTION('',(0.326915938292244,0.945053421395056,0.));
#6992=DIRECTION('',(-0.858777782564579,0.512348241114834,0.));
#6993=DIRECTION('center_axis',(0.,0.,1.));
#6994=DIRECTION('ref_axis',(-0.571371661835674,0.820691430472587,0.));
#6995=DIRECTION('',(-1.,-1.24742472603498E-16,0.));
#6996=DIRECTION('center_axis',(0.,0.,1.));
#6997=DIRECTION('ref_axis',(0.363725558575662,0.931506155663409,0.));
#6998=DIRECTION('',(-0.735407436077648,0.677625193570679,0.));
#6999=DIRECTION('center_axis',(0.,0.,-1.));
#7000=DIRECTION('ref_axis',(-0.0258791188551543,-0.999665079517776,0.));
#7001=DIRECTION('',(-0.769483328295506,-0.638666898684494,0.));
#7002=DIRECTION('center_axis',(0.,0.,-1.));
#7003=DIRECTION('ref_axis',(0.99571257442694,-0.0925011844684943,0.));
#7004=DIRECTION('',(0.638666898684493,-0.769483328295508,0.));
#7005=DIRECTION('center_axis',(0.,0.,1.));
#7006=DIRECTION('ref_axis',(-1.,3.86698099858597E-15,0.));
#7007=DIRECTION('',(-0.638666898684493,-0.769483328295507,0.));
#7008=DIRECTION('center_axis',(0.,0.,-1.));
#7009=DIRECTION('ref_axis',(0.995712574426928,0.0925011844686256,0.));
#7010=DIRECTION('',(0.769483328295507,-0.638666898684494,0.));
#7011=DIRECTION('center_axis',(0.,0.,-1.));
#7012=DIRECTION('ref_axis',(-0.0258791188552023,0.999665079517775,0.));
#7013=DIRECTION('',(0.735407436077647,0.67762519357068,0.));
#7014=DIRECTION('center_axis',(0.,0.,1.));
#7015=DIRECTION('ref_axis',(0.363725558575662,-0.931506155663409,0.));
#7016=DIRECTION('',(1.,0.,0.));
#7017=DIRECTION('center_axis',(0.,0.,1.));
#7018=DIRECTION('ref_axis',(-0.517165556595464,-0.855885381970801,0.));
#7019=DIRECTION('',(0.465079574142604,-0.885268879897703,0.));
#7020=DIRECTION('',(0.858777782564579,0.512348241114834,0.));
#7021=DIRECTION('',(-0.326915938292244,0.945053421395056,0.));
#7022=DIRECTION('center_axis',(0.,0.,1.));
#7023=DIRECTION('ref_axis',(0.986167688934051,0.165750684168943,0.));
#7024=DIRECTION('',(0.,1.,0.));
#7025=DIRECTION('center_axis',(0.,0.,1.));
#7026=DIRECTION('ref_axis',(0.986167688934051,-0.165750684168943,0.));
#7027=DIRECTION('center_axis',(0.,0.,-1.));
#7028=DIRECTION('ref_axis',(-1.,0.,0.));
#7029=DIRECTION('center_axis',(0.,0.,-1.));
#7030=DIRECTION('ref_axis',(-1.,0.,0.));
#7031=DIRECTION('center_axis',(0.,0.,-1.));
#7032=DIRECTION('ref_axis',(-1.,0.,0.));
#7033=DIRECTION('',(0.,0.,-1.));
#7034=DIRECTION('center_axis',(0.,0.,1.));
#7035=DIRECTION('ref_axis',(-1.,0.,0.));
#7036=DIRECTION('center_axis',(0.,0.,-1.));
#7037=DIRECTION('ref_axis',(-1.,0.,0.));
#7038=DIRECTION('center_axis',(0.,0.,-1.));
#7039=DIRECTION('ref_axis',(-1.,0.,0.));
#7040=DIRECTION('',(0.,0.,-1.));
#7041=DIRECTION('center_axis',(0.,0.,1.));
#7042=DIRECTION('ref_axis',(-1.,0.,0.));
#7043=DIRECTION('center_axis',(0.,0.,-1.));
#7044=DIRECTION('ref_axis',(-1.,0.,0.));
#7045=DIRECTION('',(0.,0.,-1.));
#7046=DIRECTION('center_axis',(0.,0.,1.));
#7047=DIRECTION('ref_axis',(-1.,0.,0.));
#7048=DIRECTION('center_axis',(0.,0.,-1.));
#7049=DIRECTION('ref_axis',(-1.,0.,0.));
#7050=DIRECTION('center_axis',(0.,0.,-1.));
#7051=DIRECTION('ref_axis',(-1.,0.,0.));
#7052=DIRECTION('center_axis',(0.,0.,-1.));
#7053=DIRECTION('ref_axis',(-1.,0.,0.));
#7054=DIRECTION('',(0.,0.,-1.));
#7055=DIRECTION('center_axis',(0.,0.,1.));
#7056=DIRECTION('ref_axis',(-1.,0.,0.));
#7057=DIRECTION('center_axis',(0.,0.,-1.));
#7058=DIRECTION('ref_axis',(-1.,0.,0.));
#7059=DIRECTION('',(0.,0.,-1.));
#7060=DIRECTION('center_axis',(0.,0.,1.));
#7061=DIRECTION('ref_axis',(-1.,0.,0.));
#7062=DIRECTION('center_axis',(0.141569154381359,-0.974501579759234,-0.174082869847966));
#7063=DIRECTION('ref_axis',(-0.614845226206324,-0.224380638751999,0.756054678422493));
#7064=DIRECTION('center_axis',(-0.326915938292248,-0.945053421395055,-2.09844013586719E-14));
#7065=DIRECTION('ref_axis',(-0.888059726333419,0.307200494830523,0.342020143325644));
#7066=DIRECTION('center_axis',(0.399033784079737,0.1456227543765,0.905298874720833));
#7067=DIRECTION('ref_axis',(-0.481449861448275,-0.806987145170811,0.342020143325654));
#7068=DIRECTION('center_axis',(-0.858777782564511,0.512348241114949,0.));
#7069=DIRECTION('ref_axis',(0.,0.,1.));
#7070=DIRECTION('center_axis',(0.39903378407974,0.145622754376525,0.905298874720828));
#7071=DIRECTION('ref_axis',(-0.85043773467226,-0.310357394009421,0.424775172802266));
#7072=DIRECTION('center_axis',(0.198054894176044,0.0722778380135067,0.977522466762278));
#7073=DIRECTION('ref_axis',(-0.918284574783004,-0.335117311908242,0.210831276083485));
#7074=DIRECTION('',(0.39903378407974,0.145622754376525,0.905298874720828));
#7075=DIRECTION('',(-0.39903378407974,-0.145622754376525,-0.905298874720828));
#7076=DIRECTION('center_axis',(-0.141569154381357,-0.974501579759235,0.174082869847963));
#7077=DIRECTION('ref_axis',(-0.614845226206457,0.224380638752031,0.756054678422375));
#7078=DIRECTION('center_axis',(-0.858777782564577,-0.512348241114837,8.76512056574182E-14));
#7079=DIRECTION('ref_axis',(-0.481449861448224,0.80698714517083,0.342020143325681));
#7080=DIRECTION('center_axis',(0.399033784079692,-0.145622754376439,0.905298874720863));
#7081=DIRECTION('ref_axis',(-0.888059726333419,-0.307200494830523,0.342020143325644));
#7082=DIRECTION('center_axis',(-0.32691593829241,0.945053421394999,0.));
#7083=DIRECTION('ref_axis',(0.,0.,1.));
#7084=DIRECTION('center_axis',(0.39903378407974,-0.145622754376527,0.905298874720828));
#7085=DIRECTION('ref_axis',(-0.850437734672241,0.310357394009414,0.424775172802311));
#7086=DIRECTION('center_axis',(0.198054894170933,-0.0722778380117423,0.977522466763444));
#7087=DIRECTION('ref_axis',(-0.9182845747841,0.335117311908642,0.210831276078079));
#7088=DIRECTION('',(0.39903378407974,-0.145622754376527,0.905298874720828));
#7089=DIRECTION('',(-0.39903378407974,0.145622754376527,-0.905298874720828));
#7090=DIRECTION('center_axis',(0.326915938292244,0.945053421395056,0.));
#7091=DIRECTION('ref_axis',(-0.542060373605135,0.187511278872039,0.819152044288992));
#7092=DIRECTION('center_axis',(-0.326915938292231,-0.945053421395061,0.));
#7093=DIRECTION('ref_axis',(0.,0.,1.));
#7094=DIRECTION('',(-0.326915938292244,-0.945053421395056,0.));
#7095=DIRECTION('center_axis',(0.,0.,1.));
#7096=DIRECTION('ref_axis',(1.,0.,0.));
#7097=DIRECTION('center_axis',(0.,-1.,0.));
#7098=DIRECTION('ref_axis',(0.,0.,1.));
#7099=DIRECTION('center_axis',(0.,0.,-1.));
#7100=DIRECTION('ref_axis',(0.986167688934051,-0.165750684168943,0.));
#7101=DIRECTION('center_axis',(0.,1.,0.));
#7102=DIRECTION('ref_axis',(-0.573576436351014,0.,0.819152044289014));
#7103=DIRECTION('center_axis',(0.,-1.,0.));
#7104=DIRECTION('ref_axis',(0.,0.,1.));
#7105=DIRECTION('',(0.,-1.,0.));
#7106=DIRECTION('center_axis',(0.,0.,1.));
#7107=DIRECTION('ref_axis',(1.,0.,0.));
#7108=DIRECTION('center_axis',(0.326915938292239,-0.945053421395058,0.));
#7109=DIRECTION('ref_axis',(0.,0.,1.));
#7110=DIRECTION('center_axis',(1.25056705788442E-16,-7.44050518713947E-16,
-1.));
#7111=DIRECTION('ref_axis',(0.986167688934051,0.165750684168943,0.));
#7112=DIRECTION('center_axis',(-0.326915938292244,0.945053421395056,0.));
#7113=DIRECTION('ref_axis',(-0.542060373605149,-0.187511278872025,0.819152044288986));
#7114=DIRECTION('',(0.326915938292244,-0.945053421395056,0.));
#7115=DIRECTION('center_axis',(-0.126321622194579,-0.835077339194824,-0.535433175409801));
#7116=DIRECTION('ref_axis',(0.191750736312463,-0.550132563627432,0.812764306278479));
#7117=DIRECTION('center_axis',(0.858777779859035,-0.512348245649761,-1.45085237713832E-8));
#7118=DIRECTION('ref_axis',(-0.481449861448258,-0.806987145170827,0.342020143325642));
#7119=DIRECTION('center_axis',(-0.16226726965529,0.465544552290696,0.870021610668995));
#7120=DIRECTION('ref_axis',(0.878755629126518,-0.332882510561792,0.342020143325704));
#7121=DIRECTION('center_axis',(-0.354246154569909,-0.935152213263933,0.));
#7122=DIRECTION('ref_axis',(0.,0.,1.));
#7123=DIRECTION('center_axis',(0.119387313467488,-0.810295780243184,0.573731137296125));
#7124=DIRECTION('ref_axis',(0.16507773126054,0.586021116104279,0.793302334625184));
#7125=DIRECTION('center_axis',(-0.465079574142578,0.885268879897717,-3.93138357378635E-14));
#7126=DIRECTION('ref_axis',(0.831880633851296,0.437031843900051,0.342020143325634));
#7127=DIRECTION('center_axis',(-0.126835758034642,-0.450263230041922,0.883841453064967));
#7128=DIRECTION('ref_axis',(-0.48144986144825,0.806987145170814,0.342020143325681));
#7129=DIRECTION('center_axis',(0.858777782564585,0.512348241114824,0.));
#7130=DIRECTION('ref_axis',(0.,0.,1.));
#7131=DIRECTION('center_axis',(-0.126835758034619,-0.4502632300419,0.883841453064982));
#7132=DIRECTION('ref_axis',(0.239644968693246,0.850732627290157,0.467786581513407));
#7133=DIRECTION('center_axis',(-0.0633103176116821,-0.224749775178026,0.972357620549834));
#7134=DIRECTION('ref_axis',(0.26364526208546,0.935932966628072,0.233496590464755));
#7135=DIRECTION('',(-0.126835758034619,-0.4502632300419,0.883841453064982));
#7136=DIRECTION('',(0.126835758034619,0.4502632300419,-0.883841453064982));
#7137=DIRECTION('center_axis',(0.858777782564579,0.512348241114834,0.));
#7138=DIRECTION('ref_axis',(-0.293870878309406,0.492574700140814,0.819152044288999));
#7139=DIRECTION('',(-0.858777782564579,-0.512348241114834,0.));
#7140=DIRECTION('center_axis',(0.465079574142604,-0.885268879897703,0.));
#7141=DIRECTION('ref_axis',(0.507769369344232,0.266758684756395,0.81915204428897));
#7142=DIRECTION('center_axis',(-0.465079574142591,0.88526887989771,0.));
#7143=DIRECTION('ref_axis',(0.,0.,1.));
#7144=DIRECTION('',(-0.465079574142604,0.885268879897703,1.89859319002877E-17));
#7145=DIRECTION('center_axis',(0.,0.,1.));
#7146=DIRECTION('ref_axis',(1.,0.,0.));
#7147=DIRECTION('center_axis',(-1.,2.36294933059415E-14,0.));
#7148=DIRECTION('ref_axis',(0.,0.,1.));
#7149=DIRECTION('center_axis',(-3.49155119746161E-16,2.10975681610414E-16,
-1.));
#7150=DIRECTION('ref_axis',(-0.517165556595464,-0.855885381970801,0.));
#7151=DIRECTION('center_axis',(1.,0.,0.));
#7152=DIRECTION('ref_axis',(0.,0.573576436351032,0.819152044289002));
#7153=DIRECTION('center_axis',(-1.,0.,0.));
#7154=DIRECTION('ref_axis',(0.,0.,1.));
#7155=DIRECTION('',(-1.,0.,0.));
#7156=DIRECTION('center_axis',(0.,0.,1.));
#7157=DIRECTION('ref_axis',(1.,0.,0.));
#7158=DIRECTION('center_axis',(-0.735407436077633,-0.677625193570695,0.));
#7159=DIRECTION('ref_axis',(0.,0.,1.));
#7160=DIRECTION('center_axis',(0.,0.,-1.));
#7161=DIRECTION('ref_axis',(0.363725558575662,-0.931506155663409,0.));
#7162=DIRECTION('center_axis',(0.735407436077647,0.67762519357068,0.));
#7163=DIRECTION('ref_axis',(-0.388669843709961,0.421812376451492,0.819152044288983));
#7164=DIRECTION('center_axis',(-0.735407436077611,-0.677625193570719,0.));
#7165=DIRECTION('ref_axis',(0.,0.,1.));
#7166=DIRECTION('',(-0.735407436077647,-0.67762519357068,0.));
#7167=DIRECTION('center_axis',(-0.769483328295528,0.638666898684468,0.));
#7168=DIRECTION('ref_axis',(0.,0.,1.));
#7169=DIRECTION('center_axis',(0.,0.,1.));
#7170=DIRECTION('ref_axis',(-0.0258791188551186,0.999665079517777,0.));
#7171=DIRECTION('center_axis',(0.769483328295507,-0.638666898684494,0.));
#7172=DIRECTION('ref_axis',(0.366324283762802,0.441357505275286,0.819152044288999));
#7173=DIRECTION('center_axis',(-0.769483328295488,0.638666898684517,0.));
#7174=DIRECTION('ref_axis',(0.,0.,1.));
#7175=DIRECTION('',(-0.769483328295507,0.638666898684494,0.));
#7176=DIRECTION('center_axis',(0.638666898684444,0.769483328295548,0.));
#7177=DIRECTION('ref_axis',(0.,0.,1.));
#7178=DIRECTION('center_axis',(0.,0.,1.));
#7179=DIRECTION('ref_axis',(0.99571257442693,0.0925011844686129,0.));
#7180=DIRECTION('center_axis',(-0.638666898684493,-0.769483328295507,0.));
#7181=DIRECTION('ref_axis',(0.44135750527528,-0.366324283762832,0.819152044288989));
#7182=DIRECTION('center_axis',(0.638666898684526,0.76948332829548,0.));
#7183=DIRECTION('ref_axis',(0.,0.,1.));
#7184=DIRECTION('',(0.638666898684493,0.769483328295507,0.));
#7185=DIRECTION('center_axis',(0.,0.,1.));
#7186=DIRECTION('ref_axis',(-1.,3.43024899888576E-15,0.));
#7187=DIRECTION('center_axis',(-0.638666898684465,0.76948332829553,0.));
#7188=DIRECTION('ref_axis',(0.,0.,1.));
#7189=DIRECTION('center_axis',(0.,0.,-1.));
#7190=DIRECTION('ref_axis',(-1.,3.66373598126297E-15,0.));
#7191=DIRECTION('center_axis',(0.638666898684493,-0.769483328295508,0.));
#7192=DIRECTION('ref_axis',(0.441357505275281,0.366324283762826,0.819152044288991));
#7193=DIRECTION('center_axis',(-0.638666898684505,0.769483328295497,0.));
#7194=DIRECTION('ref_axis',(0.,0.,1.));
#7195=DIRECTION('',(-0.638666898684493,0.769483328295508,0.));
#7196=DIRECTION('center_axis',(0.76948332829543,0.638666898684586,0.));
#7197=DIRECTION('ref_axis',(0.,0.,1.));
#7198=DIRECTION('center_axis',(0.,0.,1.));
#7199=DIRECTION('ref_axis',(0.99571257442694,-0.0925011844684971,0.));
#7200=DIRECTION('center_axis',(-0.769483328295506,-0.638666898684494,0.));
#7201=DIRECTION('ref_axis',(0.366324283762798,-0.441357505275307,0.819152044288989));
#7202=DIRECTION('center_axis',(0.769483328295524,0.638666898684473,0.));
#7203=DIRECTION('ref_axis',(0.,0.,1.));
#7204=DIRECTION('',(0.769483328295506,0.638666898684494,0.));
#7205=DIRECTION('center_axis',(0.7354074360777,-0.677625193570623,0.));
#7206=DIRECTION('ref_axis',(0.,0.,1.));
#7207=DIRECTION('center_axis',(0.,0.,1.));
#7208=DIRECTION('ref_axis',(-0.0258791188551186,-0.999665079517777,0.));
#7209=DIRECTION('center_axis',(-0.735407436077648,0.677625193570679,0.));
#7210=DIRECTION('ref_axis',(-0.388669843709961,-0.421812376451492,0.819152044288983));
#7211=DIRECTION('center_axis',(0.735407436077657,-0.67762519357067,0.));
#7212=DIRECTION('ref_axis',(0.,0.,1.));
#7213=DIRECTION('',(0.735407436077648,-0.677625193570679,0.));
#7214=DIRECTION('center_axis',(0.,0.,1.));
#7215=DIRECTION('ref_axis',(1.,0.,0.));
#7216=DIRECTION('center_axis',(1.,2.36294933059421E-14,0.));
#7217=DIRECTION('ref_axis',(0.,0.,1.));
#7218=DIRECTION('center_axis',(2.60400622903662E-16,-1.01678729059638E-16,
-1.));
#7219=DIRECTION('ref_axis',(0.363725558575663,0.931506155663409,0.));
#7220=DIRECTION('center_axis',(-1.,-1.24742472603498E-16,0.));
#7221=DIRECTION('ref_axis',(0.,-0.573576436351061,0.819152044288981));
#7222=DIRECTION('center_axis',(1.,2.36294933059409E-14,0.));
#7223=DIRECTION('ref_axis',(0.,0.,1.));
#7224=DIRECTION('',(1.,1.24742472603498E-16,0.));
#7225=DIRECTION('center_axis',(0.,0.,1.));
#7226=DIRECTION('ref_axis',(1.,0.,0.));
#7227=DIRECTION('center_axis',(0.,0.,-1.));
#7228=DIRECTION('ref_axis',(-0.571371661835674,0.820691430472587,0.));
#7229=DIRECTION('center_axis',(-0.858777782564579,0.512348241114834,0.));
#7230=DIRECTION('ref_axis',(-0.293870878309398,-0.492574700140855,0.819152044288977));
#7231=DIRECTION('',(0.858777782564579,-0.512348241114834,1.89859319002877E-17));
#7232=DIRECTION('center_axis',(1.17219581004096E-16,-0.939692620785908,
0.342020143325669));
#7233=DIRECTION('ref_axis',(1.,1.24742472603498E-16,0.));
#7234=DIRECTION('',(0.,0.342020143325669,0.939692620785908));
#7235=DIRECTION('',(-1.,-1.24742472603498E-16,0.));
#7236=DIRECTION('',(0.,0.342020143325669,0.939692620785908));
#7237=DIRECTION('center_axis',(0.,0.,1.));
#7238=DIRECTION('ref_axis',(-6.66133814775093E-16,1.,0.));
#7239=DIRECTION('',(-0.326001034055303,0.103446141713376,0.939692620785909));
#7240=DIRECTION('center_axis',(0.,0.,1.));
#7241=DIRECTION('ref_axis',(0.953163257828611,-0.302456284321467,0.));
#7242=DIRECTION('center_axis',(0.,0.,1.));
#7243=DIRECTION('ref_axis',(-0.517165556595466,0.8558853819708,0.));
#7244=DIRECTION('center_axis',(0.,0.,-1.));
#7245=DIRECTION('ref_axis',(-0.51234824111485,-0.85877778256457,0.));
#7246=DIRECTION('',(0.175233418858755,0.293719300277634,0.939692620785908));
#7247=DIRECTION('center_axis',(0.,0.,-1.));
#7248=DIRECTION('ref_axis',(-0.140607573009442,-0.990065407138536,0.));
#7249=DIRECTION('center_axis',(0.,0.,-1.));
#7250=DIRECTION('ref_axis',(0.688174480241709,-0.725545232734703,0.));
#7251=DIRECTION('center_axis',(-0.481449861448249,-0.80698714517082,0.342020143325669));
#7252=DIRECTION('ref_axis',(0.858777782564579,-0.512348241114834,0.));
#7253=DIRECTION('',(0.175233418858752,0.293719300277638,0.939692620785908));
#7254=DIRECTION('',(-0.858777782564579,0.512348241114834,1.43317816327783E-16));
#7255=DIRECTION('center_axis',(0.,0.,-1.));
#7256=DIRECTION('ref_axis',(-0.945053421395056,0.326915938292246,0.));
#7257=DIRECTION('',(0.323227306635953,-0.11181183607016,0.939692620785908));
#7258=DIRECTION('center_axis',(0.,0.,-1.));
#7259=DIRECTION('ref_axis',(-0.93939996880534,-0.342823130212251,0.));
#7260=DIRECTION('center_axis',(-0.888059726333409,0.307200494830522,0.342020143325671));
#7261=DIRECTION('ref_axis',(-0.326915938292244,-0.945053421395056,0.));
#7262=DIRECTION('',(0.323227306635953,-0.111811836070159,0.939692620785908));
#7263=DIRECTION('',(0.326915938292244,0.945053421395056,0.));
#7264=DIRECTION('center_axis',(0.,0.,1.));
#7265=DIRECTION('ref_axis',(0.945053421395056,-0.326915938292246,0.));
#7266=DIRECTION('',(0.342020143325669,7.5943727601151E-16,0.939692620785908));
#7267=DIRECTION('center_axis',(-1.47038830199545E-16,-8.74837676167019E-16,
1.));
#7268=DIRECTION('ref_axis',(0.986167688934051,-0.165750684168943,0.));
#7269=DIRECTION('center_axis',(-0.939692620785908,0.,0.342020143325669));
#7270=DIRECTION('ref_axis',(0.,-1.,0.));
#7271=DIRECTION('',(0.342020143325669,2.27831182803453E-15,0.939692620785908));
#7272=DIRECTION('',(0.,1.,0.));
#7273=DIRECTION('center_axis',(0.,0.,1.));
#7274=DIRECTION('ref_axis',(1.,6.88338275267576E-15,0.));
#7275=DIRECTION('',(0.323227306635953,0.111811836070159,0.939692620785908));
#7276=DIRECTION('center_axis',(0.,0.,1.));
#7277=DIRECTION('ref_axis',(0.986167688934051,0.165750684168943,0.));
#7278=DIRECTION('center_axis',(-0.888059726333409,-0.307200494830523,0.342020143325671));
#7279=DIRECTION('ref_axis',(0.326915938292244,-0.945053421395056,0.));
#7280=DIRECTION('',(0.323227306635953,0.11181183607016,0.939692620785908));
#7281=DIRECTION('',(-0.326915938292244,0.945053421395056,1.89859319002878E-17));
#7282=DIRECTION('center_axis',(0.,0.,-1.));
#7283=DIRECTION('ref_axis',(-0.512348241114838,0.858777782564577,0.));
#7284=DIRECTION('',(0.175233418858752,-0.293719300277638,0.939692620785908));
#7285=DIRECTION('center_axis',(0.,0.,-1.));
#7286=DIRECTION('ref_axis',(-0.939399968805342,0.342823130212247,0.));
#7287=DIRECTION('center_axis',(-0.481449861448249,0.80698714517082,0.342020143325671));
#7288=DIRECTION('ref_axis',(-0.858777782564579,-0.512348241114834,0.));
#7289=DIRECTION('',(0.175233418858752,-0.293719300277637,0.939692620785908));
#7290=DIRECTION('',(0.858777782564579,0.512348241114834,0.));
#7291=DIRECTION('center_axis',(0.,0.,1.));
#7292=DIRECTION('ref_axis',(1.,0.,0.));
#7293=DIRECTION('center_axis',(-0.259504660312206,-0.493961491184041,0.829855033426613));
#7294=DIRECTION('ref_axis',(-0.405328568353985,0.83565417219461,0.370662725627828));
#7295=DIRECTION('center_axis',(0.463431910544321,0.882132587982977,0.0841009007543638));
#7296=DIRECTION('ref_axis',(-0.885268879897709,0.465079574142593,0.));
#7297=DIRECTION('center_axis',(0.,0.,-1.));
#7298=DIRECTION('ref_axis',(0.953163257828612,-0.302456284321466,0.));
#7299=DIRECTION('center_axis',(-0.302456284321448,-0.953163257828618,0.));
#7300=DIRECTION('ref_axis',(0.,0.,-1.));
#7301=DIRECTION('center_axis',(0.885268879897702,-0.465079574142607,0.));
#7302=DIRECTION('ref_axis',(0.465079574142607,0.885268879897702,0.));
#7303=DIRECTION('',(0.,0.,1.));
#7304=DIRECTION('',(-0.465079574142607,-0.885268879897702,0.));
#7305=DIRECTION('',(0.,0.,1.));
#7306=DIRECTION('center_axis',(-0.862564793790038,-0.416853166514995,-0.286732303866116));
#7307=DIRECTION('ref_axis',(0.505946614292404,-0.710673528507753,-0.488836536445868));
#7308=DIRECTION('center_axis',(0.,0.,-1.));
#7309=DIRECTION('ref_axis',(0.149732754740617,-0.988726505236805,0.));
#7310=DIRECTION('center_axis',(0.988726505236805,0.149732754740617,0.));
#7311=DIRECTION('ref_axis',(0.,0.,-1.));
#7312=DIRECTION('center_axis',(-0.465079574142628,-0.885268879897691,3.93138357378615E-14));
#7313=DIRECTION('ref_axis',(0.885268879897691,-0.465079574142628,0.));
#7314=DIRECTION('center_axis',(0.465079574142607,0.885268879897702,0.));
#7315=DIRECTION('ref_axis',(0.625979628149088,-0.328860920667578,-0.707106781186549));
#7316=DIRECTION('center_axis',(-0.465079574142662,-0.885268879897673,0.));
#7317=DIRECTION('ref_axis',(0.,0.,-1.));
#7318=DIRECTION('',(0.465079574142607,0.885268879897702,0.));
#7319=DIRECTION('center_axis',(0.,0.,1.));
#7320=DIRECTION('ref_axis',(1.,0.,0.));
#7321=DIRECTION('center_axis',(-1.,-2.22044604925026E-14,0.));
#7322=DIRECTION('ref_axis',(0.,0.,-1.));
#7323=DIRECTION('center_axis',(0.,0.,1.));
#7324=DIRECTION('ref_axis',(-0.517165556595466,0.8558853819708,0.));
#7325=DIRECTION('center_axis',(0.,0.,-1.));
#7326=DIRECTION('ref_axis',(-0.517165556595466,0.8558853819708,0.));
#7327=DIRECTION('center_axis',(-1.,-1.24742472603498E-16,0.));
#7328=DIRECTION('ref_axis',(0.,-0.70710678118654,-0.707106781186555));
#7329=DIRECTION('center_axis',(-1.,2.22044604925031E-14,0.));
#7330=DIRECTION('ref_axis',(0.,0.,-1.));
#7331=DIRECTION('',(-1.,-1.24742472603498E-16,0.));
#7332=DIRECTION('',(1.,1.24742472603498E-16,0.));
#7333=DIRECTION('center_axis',(0.,0.,1.));
#7334=DIRECTION('ref_axis',(1.,0.,0.));
#7335=DIRECTION('center_axis',(-0.735407436077646,0.677625193570681,0.));
#7336=DIRECTION('ref_axis',(0.,0.,-1.));
#7337=DIRECTION('center_axis',(0.,0.,1.));
#7338=DIRECTION('ref_axis',(0.363725558575663,0.931506155663409,0.));
#7339=DIRECTION('center_axis',(0.,0.,-1.));
#7340=DIRECTION('ref_axis',(0.363725558575663,0.931506155663408,0.));
#7341=DIRECTION('center_axis',(-0.735407436077648,0.677625193570679,0.));
#7342=DIRECTION('ref_axis',(-0.479153369476677,-0.520011584985518,-0.707106781186545));
#7343=DIRECTION('center_axis',(-0.735407436077689,0.677625193570635,0.));
#7344=DIRECTION('ref_axis',(0.,0.,-1.));
#7345=DIRECTION('',(-0.735407436077648,0.677625193570679,0.));
#7346=DIRECTION('',(0.735407436077648,-0.677625193570679,0.));
#7347=DIRECTION('center_axis',(0.,0.,1.));
#7348=DIRECTION('ref_axis',(1.,0.,0.));
#7349=DIRECTION('center_axis',(-0.769483328295519,-0.638666898684479,0.));
#7350=DIRECTION('ref_axis',(0.,0.,-1.));
#7351=DIRECTION('center_axis',(0.,0.,-1.));
#7352=DIRECTION('ref_axis',(-0.0258791188551786,-0.999665079517775,0.));
#7353=DIRECTION('center_axis',(0.,0.,1.));
#7354=DIRECTION('ref_axis',(-0.0258791188551786,-0.999665079517775,0.));
#7355=DIRECTION('center_axis',(0.769483328295507,0.638666898684494,0.));
#7356=DIRECTION('ref_axis',(0.451605694979177,-0.544106879447725,-0.707106781186571));
#7357=DIRECTION('center_axis',(-0.769483328295528,-0.638666898684468,0.));
#7358=DIRECTION('ref_axis',(0.,0.,-1.));
#7359=DIRECTION('',(-0.769483328295506,-0.638666898684494,0.));
#7360=DIRECTION('',(0.769483328295506,0.638666898684494,0.));
#7361=DIRECTION('center_axis',(0.,0.,1.));
#7362=DIRECTION('ref_axis',(1.,0.,0.));
#7363=DIRECTION('center_axis',(0.638666898684483,-0.769483328295515,0.));
#7364=DIRECTION('ref_axis',(0.,0.,-1.));
#7365=DIRECTION('center_axis',(0.,0.,-1.));
#7366=DIRECTION('ref_axis',(0.995712574426935,-0.0925011844685552,0.));
#7367=DIRECTION('center_axis',(0.,0.,1.));
#7368=DIRECTION('ref_axis',(0.995712574426935,-0.0925011844685552,0.));
#7369=DIRECTION('center_axis',(-0.638666898684493,0.769483328295508,0.));
#7370=DIRECTION('ref_axis',(0.544106879447765,0.451605694979174,-0.707106781186541));
#7371=DIRECTION('center_axis',(0.63866689868454,-0.769483328295468,0.));
#7372=DIRECTION('ref_axis',(0.,0.,-1.));
#7373=DIRECTION('',(0.638666898684493,-0.769483328295508,0.));
#7374=DIRECTION('',(-0.638666898684493,0.769483328295508,0.));
#7375=DIRECTION('center_axis',(0.,0.,1.));
#7376=DIRECTION('ref_axis',(-1.,4.56335677841536E-15,0.));
#7377=DIRECTION('center_axis',(-0.638666898684477,-0.769483328295521,0.));
#7378=DIRECTION('ref_axis',(0.,0.,-1.));
#7379=DIRECTION('center_axis',(0.,0.,1.));
#7380=DIRECTION('ref_axis',(-1.,4.05231403988177E-15,0.));
#7381=DIRECTION('center_axis',(0.,0.,-1.));
#7382=DIRECTION('ref_axis',(-1.,4.05231403988177E-15,0.));
#7383=DIRECTION('center_axis',(-0.638666898684493,-0.769483328295507,0.));
#7384=DIRECTION('ref_axis',(0.544106879447758,-0.4516056949792,-0.707106781186531));
#7385=DIRECTION('center_axis',(-0.638666898684523,-0.769483328295483,0.));
#7386=DIRECTION('ref_axis',(0.,0.,-1.));
#7387=DIRECTION('',(-0.638666898684493,-0.769483328295507,0.));
#7388=DIRECTION('',(0.638666898684493,0.769483328295507,0.));
#7389=DIRECTION('center_axis',(0.,0.,1.));
#7390=DIRECTION('ref_axis',(1.,0.,0.));
#7391=DIRECTION('center_axis',(0.769483328295519,-0.638666898684479,0.));
#7392=DIRECTION('ref_axis',(0.,0.,-1.));
#7393=DIRECTION('center_axis',(0.,0.,-1.));
#7394=DIRECTION('ref_axis',(0.995712574426935,0.0925011844685574,0.));
#7395=DIRECTION('center_axis',(0.,0.,1.));
#7396=DIRECTION('ref_axis',(0.995712574426935,0.0925011844685573,0.));
#7397=DIRECTION('center_axis',(0.769483328295507,-0.638666898684494,0.));
#7398=DIRECTION('ref_axis',(0.451605694979177,0.544106879447725,-0.707106781186571));
#7399=DIRECTION('center_axis',(0.769483328295519,-0.638666898684479,0.));
#7400=DIRECTION('ref_axis',(0.,0.,-1.));
#7401=DIRECTION('',(0.769483328295507,-0.638666898684494,0.));
#7402=DIRECTION('',(-0.769483328295507,0.638666898684494,0.));
#7403=DIRECTION('center_axis',(0.,0.,1.));
#7404=DIRECTION('ref_axis',(1.,0.,0.));
#7405=DIRECTION('center_axis',(0.735407436077646,0.677625193570681,0.));
#7406=DIRECTION('ref_axis',(0.,0.,-1.));
#7407=DIRECTION('center_axis',(0.,0.,-1.));
#7408=DIRECTION('ref_axis',(-0.0258791188551786,0.999665079517775,0.));
#7409=DIRECTION('center_axis',(0.,0.,1.));
#7410=DIRECTION('ref_axis',(-0.0258791188551786,0.999665079517775,0.));
#7411=DIRECTION('center_axis',(-0.735407436077647,-0.67762519357068,0.));
#7412=DIRECTION('ref_axis',(-0.479153369476677,0.520011584985518,-0.707106781186545));
#7413=DIRECTION('center_axis',(0.735407436077668,0.677625193570657,0.));
#7414=DIRECTION('ref_axis',(0.,0.,-1.));
#7415=DIRECTION('',(0.735407436077647,0.67762519357068,0.));
#7416=DIRECTION('',(-0.735407436077647,-0.67762519357068,0.));
#7417=DIRECTION('center_axis',(0.,0.,1.));
#7418=DIRECTION('ref_axis',(1.,0.,0.));
#7419=DIRECTION('center_axis',(1.,2.22044604925031E-14,0.));
#7420=DIRECTION('ref_axis',(0.,0.,-1.));
#7421=DIRECTION('center_axis',(0.,0.,1.));
#7422=DIRECTION('ref_axis',(0.363725558575662,-0.931506155663409,0.));
#7423=DIRECTION('center_axis',(0.,0.,-1.));
#7424=DIRECTION('ref_axis',(0.363725558575662,-0.931506155663409,0.));
#7425=DIRECTION('center_axis',(1.,0.,0.));
#7426=DIRECTION('ref_axis',(0.,0.707106781186556,-0.707106781186539));
#7427=DIRECTION('center_axis',(1.,-2.22044604925031E-14,0.));
#7428=DIRECTION('ref_axis',(0.,0.,-1.));
#7429=DIRECTION('',(1.,0.,0.));
#7430=DIRECTION('',(-1.,0.,0.));
#7431=DIRECTION('center_axis',(0.,0.,1.));
#7432=DIRECTION('ref_axis',(1.,0.,0.));
#7433=DIRECTION('center_axis',(0.465079574142593,-0.885268879897709,0.));
#7434=DIRECTION('ref_axis',(0.,0.,-1.));
#7435=DIRECTION('center_axis',(0.,0.,1.));
#7436=DIRECTION('ref_axis',(-0.517165556595465,-0.8558853819708,0.));
#7437=DIRECTION('center_axis',(0.,0.,-1.));
#7438=DIRECTION('ref_axis',(-0.517165556595465,-0.855885381970801,0.));
#7439=DIRECTION('center_axis',(0.465079574142604,-0.885268879897703,0.));
#7440=DIRECTION('ref_axis',(0.625979628149088,0.328860920667578,-0.707106781186549));
#7441=DIRECTION('center_axis',(0.465079574142628,-0.885268879897691,0.));
#7442=DIRECTION('ref_axis',(0.,0.,-1.));
#7443=DIRECTION('',(0.465079574142604,-0.885268879897703,0.));
#7444=DIRECTION('',(-0.465079574142604,0.885268879897703,0.));
#7445=DIRECTION('center_axis',(0.,0.,1.));
#7446=DIRECTION('ref_axis',(1.,0.,0.));
#7447=DIRECTION('center_axis',(0.858777782564563,0.512348241114861,0.));
#7448=DIRECTION('ref_axis',(0.,0.,-1.));
#7449=DIRECTION('center_axis',(0.,0.,-1.));
#7450=DIRECTION('ref_axis',(0.271140223014258,0.962539858636399,0.));
#7451=DIRECTION('center_axis',(0.,0.,1.));
#7452=DIRECTION('ref_axis',(0.271140223014258,0.962539858636399,0.));
#7453=DIRECTION('center_axis',(0.858777782564579,0.512348241114834,0.));
#7454=DIRECTION('ref_axis',(-0.36228491562131,0.607247593583767,-0.707106781186537));
#7455=DIRECTION('center_axis',(0.858777782564626,0.512348241114756,0.));
#7456=DIRECTION('ref_axis',(0.,0.,-1.));
#7457=DIRECTION('',(0.858777782564579,0.512348241114834,0.));
#7458=DIRECTION('',(-0.858777782564579,-0.512348241114834,0.));
#7459=DIRECTION('center_axis',(0.,0.,1.));
#7460=DIRECTION('ref_axis',(-0.93939996880534,0.34282313021225,0.));
#7461=DIRECTION('center_axis',(-0.326915938292238,0.945053421395058,0.));
#7462=DIRECTION('ref_axis',(0.,0.,-1.));
#7463=DIRECTION('center_axis',(0.,0.,-1.));
#7464=DIRECTION('ref_axis',(-0.939399968805341,0.34282313021225,0.));
#7465=DIRECTION('center_axis',(0.,0.,1.));
#7466=DIRECTION('ref_axis',(-0.939399968805341,0.34282313021225,0.));
#7467=DIRECTION('center_axis',(0.326915938292244,-0.945053421395056,0.));
#7468=DIRECTION('ref_axis',(-0.668253682851993,-0.23116447684441,-0.707106781186546));
#7469=DIRECTION('center_axis',(-0.326915938292268,0.945053421395048,0.));
#7470=DIRECTION('ref_axis',(0.,0.,-1.));
#7471=DIRECTION('',(-0.326915938292244,0.945053421395056,0.));
#7472=DIRECTION('',(0.326915938292244,-0.945053421395056,0.));
#7473=DIRECTION('center_axis',(0.,0.,1.));
#7474=DIRECTION('ref_axis',(1.,0.,0.));
#7475=DIRECTION('center_axis',(-5.5511151231259E-15,1.,0.));
#7476=DIRECTION('ref_axis',(0.,0.,-1.));
#7477=DIRECTION('center_axis',(0.,0.,1.));
#7478=DIRECTION('ref_axis',(0.986167688934051,0.165750684168943,0.));
#7479=DIRECTION('center_axis',(0.,0.,-1.));
#7480=DIRECTION('ref_axis',(0.986167688934051,0.165750684168943,0.));
#7481=DIRECTION('center_axis',(0.,1.,0.));
#7482=DIRECTION('ref_axis',(-0.70710678118654,0.,-0.707106781186555));
#7483=DIRECTION('center_axis',(5.5511151231259E-15,1.,0.));
#7484=DIRECTION('ref_axis',(0.,0.,-1.));
#7485=DIRECTION('',(0.,1.,0.));
#7486=DIRECTION('',(0.,-1.,0.));
#7487=DIRECTION('center_axis',(0.,0.,1.));
#7488=DIRECTION('ref_axis',(1.,0.,0.));
#7489=DIRECTION('center_axis',(0.326915938292248,0.945053421395055,0.));
#7490=DIRECTION('ref_axis',(0.,0.,-1.));
#7491=DIRECTION('center_axis',(0.,0.,1.));
#7492=DIRECTION('ref_axis',(0.986167688934051,-0.165750684168943,0.));
#7493=DIRECTION('center_axis',(0.,0.,-1.));
#7494=DIRECTION('ref_axis',(0.986167688934051,-0.165750684168943,0.));
#7495=DIRECTION('center_axis',(0.326915938292244,0.945053421395056,0.));
#7496=DIRECTION('ref_axis',(-0.668253682851992,0.231164476844412,-0.707106781186546));
#7497=DIRECTION('center_axis',(0.326915938292218,0.945053421395065,0.));
#7498=DIRECTION('ref_axis',(0.,0.,-1.));
#7499=DIRECTION('',(0.326915938292244,0.945053421395056,0.));
#7500=DIRECTION('',(-0.326915938292244,-0.945053421395056,0.));
#7501=DIRECTION('center_axis',(0.,0.,1.));
#7502=DIRECTION('ref_axis',(-0.939399968805342,-0.342823130212247,0.));
#7503=DIRECTION('center_axis',(-0.858777782564608,0.512348241114786,0.));
#7504=DIRECTION('ref_axis',(0.,0.,-1.));
#7505=DIRECTION('center_axis',(0.,0.,-1.));
#7506=DIRECTION('ref_axis',(-0.939399968805341,-0.34282313021225,0.));
#7507=DIRECTION('center_axis',(0.,0.,1.));
#7508=DIRECTION('ref_axis',(-0.93939996880534,-0.34282313021225,0.));
#7509=DIRECTION('center_axis',(0.858777782564579,-0.512348241114834,0.));
#7510=DIRECTION('ref_axis',(-0.36228491562131,-0.607247593583767,-0.707106781186537));
#7511=DIRECTION('center_axis',(-0.858777782564583,0.512348241114828,0.));
#7512=DIRECTION('ref_axis',(0.,0.,-1.));
#7513=DIRECTION('',(-0.858777782564579,0.512348241114834,0.));
#7514=DIRECTION('',(0.858777782564579,-0.512348241114834,0.));
#7515=DIRECTION('center_axis',(0.,0.,1.));
#7516=DIRECTION('ref_axis',(1.,0.,0.));
#7517=DIRECTION('center_axis',(0.,0.,-1.));
#7518=DIRECTION('ref_axis',(-0.140607573009445,-0.990065407138535,0.));
#7519=DIRECTION('center_axis',(0.,0.,1.));
#7520=DIRECTION('ref_axis',(-0.140607573009445,-0.990065407138535,0.));
#7521=DIRECTION('center_axis',(0.,0.,1.));
#7522=DIRECTION('ref_axis',(0.579964329107471,-0.814641870371835,0.));
#7523=DIRECTION('',(0.,0.,-1.));
#7524=DIRECTION('center_axis',(0.,0.,1.));
#7525=DIRECTION('ref_axis',(0.,-1.,0.));
#7526=DIRECTION('',(0.,0.,1.));
#7527=DIRECTION('center_axis',(0.,0.,-1.));
#7528=DIRECTION('ref_axis',(0.363725558575662,-0.931506155663409,0.));
#7529=DIRECTION('',(0.,0.,1.));
#7530=DIRECTION('center_axis',(0.,1.,0.));
#7531=DIRECTION('ref_axis',(-1.,0.,0.));
#7532=DIRECTION('',(0.,0.,1.));
#7533=DIRECTION('',(-1.,0.,0.));
#7534=DIRECTION('center_axis',(0.,0.,1.));
#7535=DIRECTION('ref_axis',(-0.885268879897702,-0.465079574142606,0.));
#7536=DIRECTION('',(0.,0.,1.));
#7537=DIRECTION('center_axis',(0.,0.,-1.));
#7538=DIRECTION('ref_axis',(-0.517165556595465,-0.8558853819708,0.));
#7539=DIRECTION('center_axis',(0.885268879897703,0.465079574142604,0.));
#7540=DIRECTION('ref_axis',(-0.465079574142604,0.885268879897703,0.));
#7541=DIRECTION('',(0.,0.,1.));
#7542=DIRECTION('',(-0.465079574142604,0.885268879897703,0.));
#7543=DIRECTION('center_axis',(0.,0.,1.));
#7544=DIRECTION('ref_axis',(0.885268879897696,0.465079574142617,0.));
#7545=DIRECTION('',(0.,0.,1.));
#7546=DIRECTION('center_axis',(0.,0.,1.));
#7547=DIRECTION('ref_axis',(0.271140223014258,0.962539858636399,0.));
#7548=DIRECTION('center_axis',(-0.512348241114834,0.858777782564579,0.));
#7549=DIRECTION('ref_axis',(-0.858777782564579,-0.512348241114834,0.));
#7550=DIRECTION('',(0.,0.,1.));
#7551=DIRECTION('',(-0.858777782564579,-0.512348241114834,0.));
#7552=DIRECTION('center_axis',(0.,0.,1.));
#7553=DIRECTION('ref_axis',(-0.512348241114838,0.858777782564577,0.));
#7554=DIRECTION('',(0.,0.,1.));
#7555=DIRECTION('center_axis',(0.,0.,1.));
#7556=DIRECTION('ref_axis',(-0.939399968805341,0.34282313021225,0.));
#7557=DIRECTION('center_axis',(-0.945053421395056,-0.326915938292244,0.));
#7558=DIRECTION('ref_axis',(0.326915938292244,-0.945053421395056,0.));
#7559=DIRECTION('',(0.,0.,1.));
#7560=DIRECTION('',(0.326915938292244,-0.945053421395056,0.));
#7561=DIRECTION('center_axis',(0.,0.,1.));
#7562=DIRECTION('ref_axis',(1.,6.88338275267576E-15,0.));
#7563=DIRECTION('',(0.,0.,1.));
#7564=DIRECTION('center_axis',(0.,0.,-1.));
#7565=DIRECTION('ref_axis',(0.986167688934051,0.165750684168943,0.));
#7566=DIRECTION('center_axis',(-1.,0.,0.));
#7567=DIRECTION('ref_axis',(0.,-1.,0.));
#7568=DIRECTION('',(0.,0.,1.));
#7569=DIRECTION('',(0.,-1.,0.));
#7570=DIRECTION('center_axis',(0.,0.,1.));
#7571=DIRECTION('ref_axis',(0.945053421395056,-0.326915938292246,0.));
#7572=DIRECTION('',(0.,0.,1.));
#7573=DIRECTION('center_axis',(0.,0.,-1.));
#7574=DIRECTION('ref_axis',(0.986167688934051,-0.165750684168943,0.));
#7575=DIRECTION('center_axis',(-0.945053421395056,0.326915938292244,0.));
#7576=DIRECTION('ref_axis',(-0.326915938292244,-0.945053421395056,0.));
#7577=DIRECTION('',(0.,0.,1.));
#7578=DIRECTION('',(-0.326915938292244,-0.945053421395056,0.));
#7579=DIRECTION('center_axis',(0.,0.,1.));
#7580=DIRECTION('ref_axis',(-0.945053421395056,0.326915938292246,0.));
#7581=DIRECTION('',(0.,0.,1.));
#7582=DIRECTION('center_axis',(0.,0.,1.));
#7583=DIRECTION('ref_axis',(-0.939399968805341,-0.34282313021225,0.));
#7584=DIRECTION('center_axis',(-0.512348241114834,-0.858777782564579,0.));
#7585=DIRECTION('ref_axis',(0.858777782564579,-0.512348241114834,0.));
#7586=DIRECTION('',(0.,0.,1.));
#7587=DIRECTION('',(0.858777782564579,-0.512348241114834,-1.6230374822807E-16));
#7588=DIRECTION('center_axis',(0.,0.,1.));
#7589=DIRECTION('ref_axis',(-0.51234824111485,-0.85877778256457,0.));
#7590=DIRECTION('center_axis',(0.,0.,1.));
#7591=DIRECTION('ref_axis',(-0.140607573009445,-0.990065407138535,0.));
#7592=DIRECTION('center_axis',(0.,0.,1.));
#7593=DIRECTION('ref_axis',(1.,0.,0.));
#7594=DIRECTION('center_axis',(-0.858777782564575,0.512348241114841,5.60692880231262E-14));
#7595=DIRECTION('ref_axis',(-0.512348241114841,-0.858777782564575,0.));
#7596=DIRECTION('center_axis',(0.,0.,1.));
#7597=DIRECTION('ref_axis',(1.,0.,0.));
#7598=DIRECTION('',(-0.326915938292244,0.945053421395056,0.));
#7599=DIRECTION('center_axis',(0.,0.,1.));
#7600=DIRECTION('ref_axis',(1.,6.84637531852163E-15,0.));
#7601=DIRECTION('',(0.,1.,0.));
#7602=DIRECTION('center_axis',(0.,0.,1.));
#7603=DIRECTION('ref_axis',(0.945053421395056,-0.326915938292246,0.));
#7604=DIRECTION('',(0.326915938292244,0.945053421395056,0.));
#7605=DIRECTION('',(-0.858777782564579,0.512348241114834,0.));
#7606=DIRECTION('center_axis',(0.,0.,1.));
#7607=DIRECTION('ref_axis',(-6.05576195250085E-16,1.,0.));
#7608=DIRECTION('',(-1.,-1.24742472603498E-16,0.));
#7609=DIRECTION('center_axis',(0.,0.,1.));
#7610=DIRECTION('ref_axis',(0.677625193570681,0.735407436077646,0.));
#7611=DIRECTION('',(-0.735407436077649,0.677625193570678,0.));
#7612=DIRECTION('',(-0.769483328295506,-0.638666898684494,0.));
#7613=DIRECTION('',(0.638666898684491,-0.769483328295509,0.));
#7614=DIRECTION('center_axis',(0.,0.,1.));
#7615=DIRECTION('ref_axis',(-0.769483328295509,0.63866689868449,0.));
#7616=DIRECTION('',(-0.638666898684492,-0.769483328295508,0.));
#7617=DIRECTION('',(0.769483328295506,-0.638666898684494,0.));
#7618=DIRECTION('',(0.735407436077648,0.677625193570679,0.));
#7619=DIRECTION('center_axis',(0.,0.,1.));
#7620=DIRECTION('ref_axis',(0.,-1.,0.));
#7621=DIRECTION('',(1.,0.,0.));
#7622=DIRECTION('center_axis',(0.,0.,1.));
#7623=DIRECTION('ref_axis',(-0.885268879897702,-0.465079574142606,0.));
#7624=DIRECTION('',(0.465079574142607,-0.885268879897702,0.));
#7625=DIRECTION('',(0.858777782564579,0.512348241114834,0.));
#7626=DIRECTION('center_axis',(0.,0.,1.));
#7627=DIRECTION('ref_axis',(1.,0.,0.));
#7628=DIRECTION('center_axis',(0.,0.,-1.));
#7629=DIRECTION('ref_axis',(-1.,0.,0.));
#7630=DIRECTION('center_axis',(0.,0.,-1.));
#7631=DIRECTION('ref_axis',(-0.517165556595466,0.8558853819708,0.));
#7632=DIRECTION('center_axis',(-1.,-2.22044604925026E-14,3.91524547690202E-15));
#7633=DIRECTION('ref_axis',(2.22044604925026E-14,-1.,0.));
#7634=DIRECTION('center_axis',(1.,1.24742472603498E-16,0.));
#7635=DIRECTION('ref_axis',(0.,-0.984807753012213,0.173648177666901));
#7636=DIRECTION('',(1.,1.24742472603498E-16,0.));
#7637=DIRECTION('center_axis',(-1.,0.,0.));
#7638=DIRECTION('ref_axis',(0.,-1.,0.));
#7639=DIRECTION('center_axis',(0.,0.,-1.));
#7640=DIRECTION('ref_axis',(-1.,0.,0.));
#7641=DIRECTION('center_axis',(0.,0.,-1.));
#7642=DIRECTION('ref_axis',(0.363725558575663,0.931506155663409,0.));
#7643=DIRECTION('center_axis',(-0.735407436077646,0.677625193570681,-5.25030435552255E-14));
#7644=DIRECTION('ref_axis',(-0.677625193570681,-0.735407436077646,0.));
#7645=DIRECTION('center_axis',(0.,0.,1.));
#7646=DIRECTION('ref_axis',(0.363725558575663,0.931506155663408,0.));
#7647=DIRECTION('center_axis',(0.735407436077648,-0.677625193570679,0.));
#7648=DIRECTION('ref_axis',(-0.667330544264816,-0.724234944672093,0.173648177666898));
#7649=DIRECTION('',(0.735407436077648,-0.677625193570679,0.));
#7650=DIRECTION('center_axis',(-0.735407436077646,0.677625193570681,-5.25030435552255E-14));
#7651=DIRECTION('ref_axis',(-0.677625193570681,-0.735407436077646,0.));
#7652=DIRECTION('',(-0.735407436077648,0.677625193570679,0.));
#7653=DIRECTION('center_axis',(0.,0.,1.));
#7654=DIRECTION('ref_axis',(1.,0.,0.));
#7655=DIRECTION('center_axis',(0.,0.,1.));
#7656=DIRECTION('ref_axis',(-0.0258791188551786,-0.999665079517775,0.));
#7657=DIRECTION('center_axis',(-0.769483328295519,-0.638666898684479,-4.02193126102256E-14));
#7658=DIRECTION('ref_axis',(0.638666898684479,-0.769483328295519,0.));
#7659=DIRECTION('center_axis',(0.,0.,-1.));
#7660=DIRECTION('ref_axis',(-0.0258791188551788,-0.999665079517775,0.));
#7661=DIRECTION('center_axis',(0.769483328295507,0.638666898684494,0.));
#7662=DIRECTION('ref_axis',(0.628964113416749,-0.757793147519063,0.173648177666901));
#7663=DIRECTION('',(0.769483328295507,0.638666898684494,0.));
#7664=DIRECTION('center_axis',(-0.769483328295528,-0.638666898684468,5.72580361790961E-14));
#7665=DIRECTION('ref_axis',(0.638666898684468,-0.769483328295528,0.));
#7666=DIRECTION('',(-0.769483328295507,-0.638666898684494,1.89859319002877E-17));
#7667=DIRECTION('center_axis',(0.,0.,1.));
#7668=DIRECTION('ref_axis',(1.,0.,0.));
#7669=DIRECTION('center_axis',(0.,0.,1.));
#7670=DIRECTION('ref_axis',(0.995712574426935,-0.0925011844685552,0.));
#7671=DIRECTION('center_axis',(0.638666898684483,-0.769483328295515,-3.92286891469222E-14));
#7672=DIRECTION('ref_axis',(0.769483328295515,0.638666898684483,0.));
#7673=DIRECTION('center_axis',(0.,0.,-1.));
#7674=DIRECTION('ref_axis',(0.995712574426935,-0.0925011844685541,0.));
#7675=DIRECTION('center_axis',(-0.638666898684493,0.769483328295508,8.11518741140351E-16));
#7676=DIRECTION('ref_axis',(0.757793147519043,0.62896411341677,0.173648177666907));
#7677=DIRECTION('',(-0.638666898684493,0.769483328295507,8.11518741140351E-16));
#7678=DIRECTION('center_axis',(0.638666898684477,-0.769483328295521,5.01255472432899E-14));
#7679=DIRECTION('ref_axis',(0.769483328295521,0.638666898684477,0.));
#7680=DIRECTION('',(0.638666898684493,-0.769483328295507,-8.11518741140351E-16));
#7681=DIRECTION('center_axis',(0.,0.,-1.));
#7682=DIRECTION('ref_axis',(-1.,0.,0.));
#7683=DIRECTION('center_axis',(0.,0.,-1.));
#7684=DIRECTION('ref_axis',(-1.,4.05231403988177E-15,0.));
#7685=DIRECTION('center_axis',(-0.638666898684477,-0.769483328295521,4.08136866882123E-14));
#7686=DIRECTION('ref_axis',(0.769483328295521,-0.638666898684477,0.));
#7687=DIRECTION('center_axis',(0.,0.,1.));
#7688=DIRECTION('ref_axis',(-1.,4.02455846426614E-15,0.));
#7689=DIRECTION('center_axis',(0.638666898684493,0.769483328295507,-1.6230374822807E-16));
#7690=DIRECTION('ref_axis',(0.757793147519038,-0.628964113416777,0.173648177666906));
#7691=DIRECTION('',(0.638666898684493,0.769483328295507,-1.6230374822807E-16));
#7692=DIRECTION('center_axis',(-0.638666898684483,-0.769483328295515,8.91561116975505E-14));
#7693=DIRECTION('ref_axis',(0.769483328295515,-0.638666898684483,0.));
#7694=DIRECTION('',(-0.638666898684493,-0.769483328295507,1.81289680128358E-16));
#7695=DIRECTION('center_axis',(0.,0.,1.));
#7696=DIRECTION('ref_axis',(1.,0.,0.));
#7697=DIRECTION('center_axis',(0.,0.,1.));
#7698=DIRECTION('ref_axis',(0.995712574426935,0.0925011844685574,0.));
#7699=DIRECTION('center_axis',(0.769483328295519,-0.638666898684479,-5.96355324910319E-14));
#7700=DIRECTION('ref_axis',(0.638666898684479,0.769483328295519,0.));
#7701=DIRECTION('center_axis',(0.,0.,-1.));
#7702=DIRECTION('ref_axis',(0.995712574426935,0.0925011844685563,0.));
#7703=DIRECTION('center_axis',(-0.769483328295507,0.638666898684494,0.));
#7704=DIRECTION('ref_axis',(0.628964113416744,0.757793147519057,0.173648177666945));
#7705=DIRECTION('',(-0.769483328295506,0.638666898684494,0.));
#7706=DIRECTION('center_axis',(0.769483328295519,-0.638666898684479,2.33787137340228E-14));
#7707=DIRECTION('ref_axis',(0.638666898684479,0.769483328295519,0.));
#7708=DIRECTION('',(0.769483328295506,-0.638666898684494,0.));
#7709=DIRECTION('center_axis',(0.,0.,1.));
#7710=DIRECTION('ref_axis',(1.,0.,0.));
#7711=DIRECTION('center_axis',(0.,0.,1.));
#7712=DIRECTION('ref_axis',(-0.0258791188551786,0.999665079517775,0.));
#7713=DIRECTION('center_axis',(0.735407436077646,0.677625193570681,5.25030435552187E-14));
#7714=DIRECTION('ref_axis',(-0.677625193570681,0.735407436077646,0.));
#7715=DIRECTION('center_axis',(0.,0.,-1.));
#7716=DIRECTION('ref_axis',(-0.0258791188551788,0.999665079517775,0.));
#7717=DIRECTION('center_axis',(-0.735407436077647,-0.67762519357068,0.));
#7718=DIRECTION('ref_axis',(-0.667330544264789,0.724234944672109,0.173648177666936));
#7719=DIRECTION('',(-0.735407436077647,-0.67762519357068,0.));
#7720=DIRECTION('center_axis',(0.735407436077646,0.677625193570681,5.25030435552187E-14));
#7721=DIRECTION('ref_axis',(-0.677625193570681,0.735407436077646,0.));
#7722=DIRECTION('',(0.735407436077647,0.67762519357068,0.));
#7723=DIRECTION('center_axis',(0.,0.,-1.));
#7724=DIRECTION('ref_axis',(-1.,0.,0.));
#7725=DIRECTION('center_axis',(1.,2.22044604925031E-14,3.91524547690211E-15));
#7726=DIRECTION('ref_axis',(-2.22044604925031E-14,1.,0.));
#7727=DIRECTION('center_axis',(-1.07641120247707E-16,2.75670388701559E-16,
1.));
#7728=DIRECTION('ref_axis',(0.363725558575662,-0.931506155663409,2.95940490597434E-16));
#7729=DIRECTION('center_axis',(-1.,0.,0.));
#7730=DIRECTION('ref_axis',(0.,0.984807753012213,0.173648177666901));
#7731=DIRECTION('center_axis',(1.,2.22044604925031E-14,-6.10062538143276E-14));
#7732=DIRECTION('ref_axis',(-2.22044604925031E-14,1.,0.));
#7733=DIRECTION('',(1.,0.,0.));
#7734=DIRECTION('center_axis',(0.,0.,-1.));
#7735=DIRECTION('ref_axis',(-1.,0.,0.));
#7736=DIRECTION('center_axis',(0.465079574142593,-0.885268879897709,-6.16167794176347E-14));
#7737=DIRECTION('ref_axis',(0.885268879897709,0.465079574142593,0.));
#7738=DIRECTION('center_axis',(2.29529220332834E-16,3.79860379162286E-16,
1.));
#7739=DIRECTION('ref_axis',(-0.517165556595465,-0.8558853819708,4.43821552703239E-16));
#7740=DIRECTION('center_axis',(-0.465079574142604,0.885268879897703,0.));
#7741=DIRECTION('ref_axis',(0.871819656423686,0.458013970383258,0.173648177666945));
#7742=DIRECTION('center_axis',(0.465079574142611,-0.8852688798977,-3.36811977524061E-15));
#7743=DIRECTION('ref_axis',(0.885268879897699,0.465079574142611,0.));
#7744=DIRECTION('',(0.465079574142604,-0.885268879897703,0.));
#7745=DIRECTION('center_axis',(0.,0.,1.));
#7746=DIRECTION('ref_axis',(1.,0.,0.));
#7747=DIRECTION('center_axis',(0.858777782564563,0.512348241114861,-7.13248893580431E-15));
#7748=DIRECTION('ref_axis',(-0.512348241114861,0.858777782564563,0.));
#7749=DIRECTION('center_axis',(0.,0.,-1.));
#7750=DIRECTION('ref_axis',(0.271140223014256,0.962539858636399,0.));
#7751=DIRECTION('center_axis',(-0.858777782564579,-0.512348241114834,0.));
#7752=DIRECTION('ref_axis',(-0.504564520092052,0.845731018384232,0.173648177666934));
#7753=DIRECTION('center_axis',(0.858777782564569,0.512348241114851,-9.11373586241527E-15));
#7754=DIRECTION('ref_axis',(-0.512348241114851,0.858777782564569,0.));
#7755=DIRECTION('center_axis',(0.,0.,1.));
#7756=DIRECTION('ref_axis',(-0.939399968805342,0.342823130212247,0.));
#7757=DIRECTION('center_axis',(-0.326915938292238,0.945053421395058,8.91561116975532E-15));
#7758=DIRECTION('ref_axis',(-0.945053421395058,-0.326915938292238,0.));
#7759=DIRECTION('center_axis',(0.326915938292244,-0.945053421395056,0.));
#7760=DIRECTION('ref_axis',(-0.930695936400566,-0.321949350613473,0.173648177666904));
#7761=DIRECTION('center_axis',(-0.326915938292228,0.945053421395062,-2.35768384266864E-14));
#7762=DIRECTION('ref_axis',(-0.945053421395062,-0.326915938292228,0.));
#7763=DIRECTION('center_axis',(0.,0.,-1.));
#7764=DIRECTION('ref_axis',(-1.,0.,0.));
#7765=DIRECTION('center_axis',(-5.5511151231259E-15,1.,9.78811369226269E-16));
#7766=DIRECTION('ref_axis',(-1.,-5.5511151231259E-15,0.));
#7767=DIRECTION('center_axis',(0.,-1.,0.));
#7768=DIRECTION('ref_axis',(-0.984807753012206,0.,0.173648177666941));
#7769=DIRECTION('center_axis',(0.,1.,0.));
#7770=DIRECTION('ref_axis',(-1.,0.,0.));
#7771=DIRECTION('center_axis',(0.,0.,-1.));
#7772=DIRECTION('ref_axis',(-1.,0.,0.));
#7773=DIRECTION('center_axis',(0.326915938292248,0.945053421395055,1.99115316124509E-14));
#7774=DIRECTION('ref_axis',(-0.945053421395055,0.326915938292248,0.));
#7775=DIRECTION('center_axis',(-0.326915938292244,-0.945053421395056,0.));
#7776=DIRECTION('ref_axis',(-0.930695936400573,0.321949350613453,0.173648177666905));
#7777=DIRECTION('center_axis',(0.326915938292238,0.945053421395058,-3.24924495964416E-14));
#7778=DIRECTION('ref_axis',(-0.945053421395058,0.326915938292238,0.));
#7779=DIRECTION('center_axis',(0.,0.,1.));
#7780=DIRECTION('ref_axis',(-0.939399968805339,-0.342823130212253,0.));
#7781=DIRECTION('center_axis',(-0.858777782564608,0.512348241114786,2.23880902707168E-14));
#7782=DIRECTION('ref_axis',(-0.512348241114786,-0.858777782564608,0.));
#7783=DIRECTION('center_axis',(0.858777782564579,-0.512348241114834,-1.6230374822807E-16));
#7784=DIRECTION('ref_axis',(-0.504564520092038,-0.845731018384238,0.173648177666945));
#7785=DIRECTION('center_axis',(-0.67762519357068,0.735407436077647,0.));
#7786=DIRECTION('ref_axis',(-0.735407436077647,-0.67762519357068,0.));
#7787=DIRECTION('',(0.,0.,1.));
#7788=DIRECTION('center_axis',(0.,0.,1.));
#7789=DIRECTION('ref_axis',(0.638666898684491,0.769483328295509,0.));
#7790=DIRECTION('',(0.,0.,1.));
#7791=DIRECTION('center_axis',(0.638666898684494,0.769483328295507,0.));
#7792=DIRECTION('ref_axis',(-0.769483328295507,0.638666898684494,0.));
#7793=DIRECTION('',(0.,0.,1.));
#7794=DIRECTION('center_axis',(0.,0.,1.));
#7795=DIRECTION('ref_axis',(0.769483328295512,-0.638666898684487,0.));
#7796=DIRECTION('',(0.,0.,1.));
#7797=DIRECTION('center_axis',(0.769483328295507,-0.638666898684493,0.));
#7798=DIRECTION('ref_axis',(0.638666898684493,0.769483328295507,0.));
#7799=DIRECTION('',(0.,0.,1.));
#7800=DIRECTION('center_axis',(0.,0.,1.));
#7801=DIRECTION('ref_axis',(-0.769483328295509,0.638666898684491,0.));
#7802=DIRECTION('',(0.,0.,1.));
#7803=DIRECTION('center_axis',(0.769483328295508,0.638666898684493,0.));
#7804=DIRECTION('ref_axis',(-0.638666898684493,0.769483328295508,0.));
#7805=DIRECTION('',(0.,0.,1.));
#7806=DIRECTION('center_axis',(0.,0.,1.));
#7807=DIRECTION('ref_axis',(0.638666898684505,-0.769483328295497,0.));
#7808=DIRECTION('',(0.,0.,1.));
#7809=DIRECTION('center_axis',(0.638666898684494,-0.769483328295507,0.));
#7810=DIRECTION('ref_axis',(0.769483328295506,0.638666898684494,0.));
#7811=DIRECTION('',(0.,0.,1.));
#7812=DIRECTION('center_axis',(0.,0.,1.));
#7813=DIRECTION('ref_axis',(-0.677625193570677,-0.73540743607765,0.));
#7814=DIRECTION('',(0.,0.,1.));
#7815=DIRECTION('center_axis',(-0.677625193570679,-0.735407436077648,0.));
#7816=DIRECTION('ref_axis',(0.735407436077648,-0.677625193570679,0.));
#7817=DIRECTION('',(0.,0.,1.));
#7818=DIRECTION('center_axis',(0.,0.,1.));
#7819=DIRECTION('ref_axis',(0.677625193570681,0.735407436077646,0.));
#7820=DIRECTION('',(0.,0.,1.));
#7821=DIRECTION('center_axis',(1.24742472603498E-16,-1.,0.));
#7822=DIRECTION('ref_axis',(1.,1.24742472603498E-16,0.));
#7823=DIRECTION('',(0.,0.,1.));
#7824=DIRECTION('center_axis',(0.,0.,1.));
#7825=DIRECTION('ref_axis',(-6.66133814775093E-16,1.,0.));
#7826=DIRECTION('center_axis',(0.,0.,1.));
#7827=DIRECTION('ref_axis',(-1.,0.,0.));
#7828=DIRECTION('center_axis',(0.,0.,1.));
#7829=DIRECTION('ref_axis',(1.,6.84637531852163E-15,0.));
#7830=DIRECTION('',(-0.326915938292244,0.945053421395056,0.));
#7831=DIRECTION('',(0.858777782564579,0.512348241114834,0.));
#7832=DIRECTION('',(0.465079574142607,-0.885268879897702,0.));
#7833=DIRECTION('center_axis',(0.,0.,1.));
#7834=DIRECTION('ref_axis',(-0.885268879897702,-0.465079574142606,0.));
#7835=DIRECTION('',(1.,0.,0.));
#7836=DIRECTION('center_axis',(0.,0.,1.));
#7837=DIRECTION('ref_axis',(0.,-1.,0.));
#7838=DIRECTION('',(0.735407436077648,0.677625193570679,0.));
#7839=DIRECTION('',(0.769483328295506,-0.638666898684494,0.));
#7840=DIRECTION('',(-0.638666898684492,-0.769483328295508,0.));
#7841=DIRECTION('center_axis',(0.,0.,1.));
#7842=DIRECTION('ref_axis',(-0.769483328295509,0.63866689868449,0.));
#7843=DIRECTION('',(0.638666898684491,-0.769483328295509,0.));
#7844=DIRECTION('',(-0.769483328295506,-0.638666898684494,0.));
#7845=DIRECTION('',(-0.735407436077649,0.677625193570678,0.));
#7846=DIRECTION('center_axis',(0.,0.,1.));
#7847=DIRECTION('ref_axis',(0.677625193570681,0.735407436077646,0.));
#7848=DIRECTION('',(-1.,-1.24742472603498E-16,0.));
#7849=DIRECTION('center_axis',(0.,0.,1.));
#7850=DIRECTION('ref_axis',(-6.05576195250085E-16,1.,0.));
#7851=DIRECTION('',(-0.858777782564579,0.512348241114834,0.));
#7852=DIRECTION('',(0.326915938292244,0.945053421395056,0.));
#7853=DIRECTION('center_axis',(0.,0.,1.));
#7854=DIRECTION('ref_axis',(0.945053421395056,-0.326915938292246,0.));
#7855=DIRECTION('',(0.,1.,0.));
#7856=DIRECTION('center_axis',(-0.63675939405699,-0.691056940953251,0.342020143325668));
#7857=DIRECTION('ref_axis',(0.735407436077648,-0.677625193570679,0.));
#7858=DIRECTION('',(0.231761465826128,0.251524156690039,0.939692620785909));
#7859=DIRECTION('',(0.231761465826128,0.251524156690039,0.939692620785909));
#7860=DIRECTION('center_axis',(0.,0.,1.));
#7861=DIRECTION('ref_axis',(0.677625193570681,0.735407436077646,0.));
#7862=DIRECTION('center_axis',(0.,0.,-1.));
#7863=DIRECTION('ref_axis',(0.885268879897696,0.465079574142617,0.));
#7864=DIRECTION('',(-0.302779789184365,-0.159066582606099,0.939692620785908));
#7865=DIRECTION('center_axis',(0.831880633851278,0.437031843900057,0.34202014332567));
#7866=DIRECTION('ref_axis',(-0.465079574142604,0.885268879897703,0.));
#7867=DIRECTION('',(-0.302779789184365,-0.159066582606097,0.939692620785909));
#7868=DIRECTION('center_axis',(0.,0.,1.));
#7869=DIRECTION('ref_axis',(-0.885268879897702,-0.465079574142606,0.));
#7870=DIRECTION('',(0.,-0.342020143325669,0.939692620785908));
#7871=DIRECTION('center_axis',(0.,0.939692620785908,0.342020143325669));
#7872=DIRECTION('ref_axis',(-1.,0.,0.));
#7873=DIRECTION('',(0.,-0.342020143325669,0.939692620785908));
#7874=DIRECTION('center_axis',(0.,0.,1.));
#7875=DIRECTION('ref_axis',(1.48029736616688E-16,-1.,0.));
#7876=DIRECTION('',(0.231761465826128,-0.251524156690039,0.939692620785909));
#7877=DIRECTION('center_axis',(-0.636759394056991,0.69105694095325,0.342020143325668));
#7878=DIRECTION('ref_axis',(-0.735407436077647,-0.67762519357068,0.));
#7879=DIRECTION('',(0.231761465826125,-0.251524156690042,0.939692620785909));
#7880=DIRECTION('center_axis',(0.,0.,-1.));
#7881=DIRECTION('ref_axis',(0.638666898684491,0.769483328295509,0.));
#7882=DIRECTION('',(-0.218436944225432,-0.263178798230342,0.939692620785908));
#7883=DIRECTION('center_axis',(0.60015057183404,0.723077805417068,0.342020143325669));
#7884=DIRECTION('ref_axis',(-0.769483328295507,0.638666898684494,0.));
#7885=DIRECTION('',(-0.218436944225432,-0.263178798230338,0.939692620785909));
#7886=DIRECTION('center_axis',(0.,0.,-1.));
#7887=DIRECTION('ref_axis',(0.769483328295512,-0.638666898684487,0.));
#7888=DIRECTION('',(-0.263178798230342,0.218436944225431,0.939692620785909));
#7889=DIRECTION('center_axis',(0.723077805417069,-0.60015057183404,0.342020143325669));
#7890=DIRECTION('ref_axis',(0.638666898684493,0.769483328295507,0.));
#7891=DIRECTION('',(-0.263178798230342,0.21843694422543,0.939692620785909));
#7892=DIRECTION('center_axis',(0.,0.,1.));
#7893=DIRECTION('ref_axis',(-0.769483328295509,0.638666898684491,0.));
#7894=DIRECTION('',(-0.263178798230342,-0.218436944225431,0.939692620785909));
#7895=DIRECTION('center_axis',(0.723077805417069,0.600150571834039,0.342020143325669));
#7896=DIRECTION('ref_axis',(-0.638666898684493,0.769483328295508,0.));
#7897=DIRECTION('',(-0.263178798230342,-0.218436944225429,0.939692620785909));
#7898=DIRECTION('center_axis',(0.,0.,-1.));
#7899=DIRECTION('ref_axis',(0.638666898684505,-0.769483328295497,0.));
#7900=DIRECTION('',(-0.218436944225432,0.263178798230342,0.939692620785908));
#7901=DIRECTION('center_axis',(0.60015057183404,-0.723077805417068,0.342020143325669));
#7902=DIRECTION('ref_axis',(0.769483328295506,0.638666898684494,0.));
#7903=DIRECTION('',(-0.218436944225429,0.263178798230342,0.939692620785909));
#7904=DIRECTION('center_axis',(0.,0.,-1.));
#7905=DIRECTION('ref_axis',(-0.677625193570677,-0.73540743607765,0.));
#7906=DIRECTION('center_axis',(0.,0.,1.));
#7907=DIRECTION('ref_axis',(1.,6.84637531852163E-15,0.));
#7908=DIRECTION('',(0.,0.,1.));
#7909=DIRECTION('',(0.,0.,1.));
#7910=DIRECTION('center_axis',(1.,0.,0.));
#7911=DIRECTION('ref_axis',(0.,1.,0.));
#7912=DIRECTION('',(0.,0.,1.));
#7913=DIRECTION('center_axis',(0.,0.,1.));
#7914=DIRECTION('ref_axis',(0.945053421395056,-0.326915938292246,0.));
#7915=DIRECTION('',(0.,0.,1.));
#7916=DIRECTION('center_axis',(0.945053421395056,-0.326915938292244,0.));
#7917=DIRECTION('ref_axis',(0.326915938292244,0.945053421395056,0.));
#7918=DIRECTION('',(0.,0.,1.));
#7919=DIRECTION('center_axis',(0.512348241114834,0.858777782564579,0.));
#7920=DIRECTION('ref_axis',(-0.858777782564579,0.512348241114834,0.));
#7921=DIRECTION('',(0.,0.,1.));
#7922=DIRECTION('center_axis',(0.,0.,1.));
#7923=DIRECTION('ref_axis',(-6.05576195250085E-16,1.,0.));
#7924=DIRECTION('',(0.,0.,1.));
#7925=DIRECTION('center_axis',(-1.24742472603498E-16,1.,0.));
#7926=DIRECTION('ref_axis',(-1.,-1.24742472603498E-16,0.));
#7927=DIRECTION('',(0.,0.,1.));
#7928=DIRECTION('center_axis',(0.,0.,1.));
#7929=DIRECTION('ref_axis',(0.677625193570681,0.735407436077646,0.));
#7930=DIRECTION('',(0.,0.,1.));
#7931=DIRECTION('center_axis',(0.677625193570678,0.735407436077649,0.));
#7932=DIRECTION('ref_axis',(-0.735407436077649,0.677625193570678,0.));
#7933=DIRECTION('',(0.,0.,1.));
#7934=DIRECTION('center_axis',(-0.638666898684494,0.769483328295506,0.));
#7935=DIRECTION('ref_axis',(-0.769483328295506,-0.638666898684494,0.));
#7936=DIRECTION('',(0.,0.,1.));
#7937=DIRECTION('center_axis',(-0.769483328295509,-0.638666898684491,0.));
#7938=DIRECTION('ref_axis',(0.638666898684491,-0.769483328295509,0.));
#7939=DIRECTION('',(0.,0.,1.));
#7940=DIRECTION('center_axis',(0.,0.,1.));
#7941=DIRECTION('ref_axis',(-0.769483328295509,0.63866689868449,0.));
#7942=DIRECTION('',(0.,0.,1.));
#7943=DIRECTION('center_axis',(-0.769483328295508,0.638666898684492,0.));
#7944=DIRECTION('ref_axis',(-0.638666898684492,-0.769483328295508,0.));
#7945=DIRECTION('',(0.,0.,1.));
#7946=DIRECTION('center_axis',(-0.638666898684494,-0.769483328295506,0.));
#7947=DIRECTION('ref_axis',(0.769483328295506,-0.638666898684494,0.));
#7948=DIRECTION('',(0.,0.,1.));
#7949=DIRECTION('center_axis',(0.677625193570679,-0.735407436077648,0.));
#7950=DIRECTION('ref_axis',(0.735407436077648,0.677625193570679,0.));
#7951=DIRECTION('',(0.,0.,1.));
#7952=DIRECTION('center_axis',(0.,0.,1.));
#7953=DIRECTION('ref_axis',(0.,-1.,0.));
#7954=DIRECTION('',(0.,0.,1.));
#7955=DIRECTION('center_axis',(0.,-1.,0.));
#7956=DIRECTION('ref_axis',(1.,0.,0.));
#7957=DIRECTION('',(0.,0.,1.));
#7958=DIRECTION('center_axis',(0.,0.,1.));
#7959=DIRECTION('ref_axis',(-0.885268879897702,-0.465079574142606,0.));
#7960=DIRECTION('',(0.,0.,1.));
#7961=DIRECTION('center_axis',(-0.885268879897702,-0.465079574142607,0.));
#7962=DIRECTION('ref_axis',(0.465079574142607,-0.885268879897702,0.));
#7963=DIRECTION('',(0.,0.,1.));
#7964=DIRECTION('center_axis',(0.512348241114834,-0.858777782564579,0.));
#7965=DIRECTION('ref_axis',(0.858777782564579,0.512348241114834,0.));
#7966=DIRECTION('',(0.,0.,1.));
#7967=DIRECTION('center_axis',(0.945053421395056,0.326915938292244,0.));
#7968=DIRECTION('ref_axis',(-0.326915938292244,0.945053421395056,0.));
#7969=DIRECTION('center_axis',(0.,0.,1.));
#7970=DIRECTION('ref_axis',(-1.,0.,0.));
#7971=DIRECTION('center_axis',(0.,0.,1.));
#7972=DIRECTION('ref_axis',(1.,-4.44089209850064E-15,0.));
#7973=DIRECTION('',(0.,1.,0.));
#7974=DIRECTION('center_axis',(0.,0.,1.));
#7975=DIRECTION('ref_axis',(0.,-1.,0.));
#7976=DIRECTION('',(1.,3.75653637900145E-16,0.));
#7977=DIRECTION('center_axis',(0.,0.,-1.));
#7978=DIRECTION('ref_axis',(-1.,0.,0.));
#7979=DIRECTION('',(1.,0.,0.));
#7980=DIRECTION('center_axis',(0.,0.,1.));
#7981=DIRECTION('ref_axis',(-1.,0.,0.));
#7982=DIRECTION('',(1.51556878516713E-16,-1.,0.));
#7983=DIRECTION('center_axis',(0.,0.,1.));
#7984=DIRECTION('ref_axis',(-3.88578058618803E-15,1.,0.));
#7985=DIRECTION('',(-1.,1.81260901979617E-16,0.));
#7986=DIRECTION('center_axis',(0.,0.,-1.));
#7987=DIRECTION('ref_axis',(-1.,0.,0.));
#7988=DIRECTION('center_axis',(0.,0.,-1.));
#7989=DIRECTION('ref_axis',(-1.,0.,0.));
#7990=DIRECTION('center_axis',(0.,0.,-1.));
#7991=DIRECTION('ref_axis',(-1.,0.,0.));
#7992=DIRECTION('center_axis',(0.,0.,1.));
#7993=DIRECTION('ref_axis',(-1.,0.,0.));
#7994=DIRECTION('',(0.,0.,1.));
#7995=DIRECTION('center_axis',(0.,0.,-1.));
#7996=DIRECTION('ref_axis',(-1.,0.,0.));
#7997=DIRECTION('',(0.,0.,1.));
#7998=DIRECTION('center_axis',(3.75653637900145E-16,-1.,0.));
#7999=DIRECTION('ref_axis',(1.,3.75653637900145E-16,0.));
#8000=DIRECTION('',(0.,0.,1.));
#8001=DIRECTION('',(1.,3.75653637900145E-16,0.));
#8002=DIRECTION('center_axis',(0.,0.,1.));
#8003=DIRECTION('ref_axis',(0.,-1.,0.));
#8004=DIRECTION('',(0.,0.,1.));
#8005=DIRECTION('center_axis',(0.,0.,1.));
#8006=DIRECTION('ref_axis',(0.,-1.,0.));
#8007=DIRECTION('center_axis',(1.,0.,0.));
#8008=DIRECTION('ref_axis',(0.,1.,0.));
#8009=DIRECTION('',(0.,0.,1.));
#8010=DIRECTION('',(0.,1.,0.));
#8011=DIRECTION('center_axis',(0.,0.,1.));
#8012=DIRECTION('ref_axis',(1.,-4.44089209850064E-15,0.));
#8013=DIRECTION('',(0.,0.,1.));
#8014=DIRECTION('center_axis',(0.,0.,1.));
#8015=DIRECTION('ref_axis',(1.,-4.44089209850064E-15,0.));
#8016=DIRECTION('center_axis',(0.,0.,1.));
#8017=DIRECTION('ref_axis',(-1.,0.,0.));
#8018=DIRECTION('center_axis',(0.,0.,-1.));
#8019=DIRECTION('ref_axis',(-1.,0.,0.));
#8020=DIRECTION('',(0.,0.,-1.));
#8021=DIRECTION('center_axis',(0.,0.,1.));
#8022=DIRECTION('ref_axis',(-1.,0.,0.));
#8023=DIRECTION('center_axis',(0.,0.,-1.));
#8024=DIRECTION('ref_axis',(-1.,0.,0.));
#8025=DIRECTION('',(0.,0.,-1.));
#8026=DIRECTION('center_axis',(0.,0.,1.));
#8027=DIRECTION('ref_axis',(-1.,0.,0.));
#8028=DIRECTION('center_axis',(0.,0.,-1.));
#8029=DIRECTION('ref_axis',(-1.,0.,0.));
#8030=DIRECTION('',(0.,0.,-1.));
#8031=DIRECTION('center_axis',(0.,-1.,0.));
#8032=DIRECTION('ref_axis',(1.,0.,0.));
#8033=DIRECTION('',(1.,0.,0.));
#8034=DIRECTION('',(0.,0.,1.));
#8035=DIRECTION('center_axis',(0.,0.,1.));
#8036=DIRECTION('ref_axis',(-1.,0.,0.));
#8037=DIRECTION('center_axis',(0.,0.,1.));
#8038=DIRECTION('ref_axis',(-1.,0.,0.));
#8039=DIRECTION('',(0.,0.,1.));
#8040=DIRECTION('center_axis',(-1.,-1.51556878516713E-16,0.));
#8041=DIRECTION('ref_axis',(1.51556878516713E-16,-1.,0.));
#8042=DIRECTION('',(1.51556878516713E-16,-1.,0.));
#8043=DIRECTION('',(0.,0.,1.));
#8044=DIRECTION('center_axis',(0.,0.,1.));
#8045=DIRECTION('ref_axis',(-3.88578058618803E-15,1.,0.));
#8046=DIRECTION('center_axis',(0.,0.,1.));
#8047=DIRECTION('ref_axis',(-3.88578058618803E-15,1.,0.));
#8048=DIRECTION('',(0.,0.,1.));
#8049=DIRECTION('center_axis',(1.81260901979617E-16,1.,0.));
#8050=DIRECTION('ref_axis',(-1.,1.81260901979617E-16,0.));
#8051=DIRECTION('',(-1.,1.81260901979617E-16,0.));
#8052=DIRECTION('center_axis',(0.,0.,1.));
#8053=DIRECTION('ref_axis',(-1.,0.,0.));
#8054=DIRECTION('center_axis',(-1.81260901979617E-16,-1.,0.));
#8055=DIRECTION('ref_axis',(1.,-1.81260901979617E-16,0.));
#8056=DIRECTION('',(1.,-1.81260901979617E-16,0.));
#8057=DIRECTION('',(0.,0.,1.));
#8058=DIRECTION('',(1.,-1.81260901979617E-16,0.));
#8059=DIRECTION('',(0.,0.,1.));
#8060=DIRECTION('center_axis',(0.,0.,1.));
#8061=DIRECTION('ref_axis',(-3.88578058618803E-15,1.,0.));
#8062=DIRECTION('center_axis',(0.,0.,-1.));
#8063=DIRECTION('ref_axis',(-3.88578058618803E-15,1.,0.));
#8064=DIRECTION('center_axis',(0.,0.,-1.));
#8065=DIRECTION('ref_axis',(-3.88578058618803E-15,1.,0.));
#8066=DIRECTION('',(0.,0.,1.));
#8067=DIRECTION('center_axis',(1.,1.51556878516713E-16,0.));
#8068=DIRECTION('ref_axis',(-1.51556878516713E-16,1.,0.));
#8069=DIRECTION('',(-1.51556878516713E-16,1.,0.));
#8070=DIRECTION('',(-1.51556878516713E-16,1.,0.));
#8071=DIRECTION('',(0.,0.,1.));
#8072=DIRECTION('center_axis',(0.,0.,1.));
#8073=DIRECTION('ref_axis',(-1.,0.,0.));
#8074=DIRECTION('center_axis',(0.,0.,-1.));
#8075=DIRECTION('ref_axis',(-1.,0.,0.));
#8076=DIRECTION('center_axis',(0.,0.,-1.));
#8077=DIRECTION('ref_axis',(-1.,0.,0.));
#8078=DIRECTION('',(0.,0.,1.));
#8079=DIRECTION('center_axis',(0.,1.,0.));
#8080=DIRECTION('ref_axis',(-1.,0.,0.));
#8081=DIRECTION('',(-1.,0.,0.));
#8082=DIRECTION('',(-1.,0.,0.));
#8083=DIRECTION('',(0.,0.,1.));
#8084=DIRECTION('center_axis',(0.,0.,1.));
#8085=DIRECTION('ref_axis',(-1.83758917935762E-15,-1.,0.));
#8086=DIRECTION('center_axis',(0.,0.,-1.));
#8087=DIRECTION('ref_axis',(-1.,0.,0.));
#8088=DIRECTION('center_axis',(0.,0.,-1.));
#8089=DIRECTION('ref_axis',(-1.,0.,0.));
#8090=DIRECTION('',(0.,0.,1.));
#8091=DIRECTION('center_axis',(-3.75653637900145E-16,1.,0.));
#8092=DIRECTION('ref_axis',(-1.,-3.75653637900145E-16,0.));
#8093=DIRECTION('',(-1.,-3.75653637900145E-16,0.));
#8094=DIRECTION('',(-1.,-3.75653637900145E-16,0.));
#8095=DIRECTION('',(0.,0.,1.));
#8096=DIRECTION('center_axis',(0.,0.,1.));
#8097=DIRECTION('ref_axis',(0.,-1.,0.));
#8098=DIRECTION('center_axis',(0.,0.,-1.));
#8099=DIRECTION('ref_axis',(0.,-1.,0.));
#8100=DIRECTION('center_axis',(0.,0.,-1.));
#8101=DIRECTION('ref_axis',(0.,-1.,0.));
#8102=DIRECTION('',(0.,0.,1.));
#8103=DIRECTION('center_axis',(-1.,0.,0.));
#8104=DIRECTION('ref_axis',(0.,-1.,0.));
#8105=DIRECTION('',(0.,-1.,0.));
#8106=DIRECTION('',(0.,-1.,0.));
#8107=DIRECTION('',(0.,0.,1.));
#8108=DIRECTION('center_axis',(0.,0.,1.));
#8109=DIRECTION('ref_axis',(1.,-4.44089209850064E-15,0.));
#8110=DIRECTION('center_axis',(0.,0.,-1.));
#8111=DIRECTION('ref_axis',(1.,-4.44089209850064E-15,0.));
#8112=DIRECTION('center_axis',(0.,0.,-1.));
#8113=DIRECTION('ref_axis',(1.,-4.44089209850064E-15,0.));
#8114=DIRECTION('center_axis',(0.,-1.,0.));
#8115=DIRECTION('ref_axis',(1.,0.,0.));
#8116=DIRECTION('',(-1.,0.,0.));
#8117=DIRECTION('',(0.,0.,1.));
#8118=DIRECTION('',(1.,0.,0.));
#8119=DIRECTION('',(0.,0.,1.));
#8120=DIRECTION('center_axis',(0.,0.,1.));
#8121=DIRECTION('ref_axis',(-1.,0.,0.));
#8122=DIRECTION('center_axis',(0.,0.,1.));
#8123=DIRECTION('ref_axis',(-1.,0.,0.));
#8124=DIRECTION('center_axis',(0.,0.,1.));
#8125=DIRECTION('ref_axis',(-1.,0.,0.));
#8126=DIRECTION('',(0.,0.,1.));
#8127=DIRECTION('center_axis',(-1.,0.,0.));
#8128=DIRECTION('ref_axis',(0.,-1.,0.));
#8129=DIRECTION('',(0.,1.,0.));
#8130=DIRECTION('',(0.,-1.,0.));
#8131=DIRECTION('',(0.,0.,1.));
#8132=DIRECTION('center_axis',(0.,0.,1.));
#8133=DIRECTION('ref_axis',(0.,1.,0.));
#8134=DIRECTION('center_axis',(0.,0.,1.));
#8135=DIRECTION('ref_axis',(0.,1.,0.));
#8136=DIRECTION('center_axis',(0.,0.,1.));
#8137=DIRECTION('ref_axis',(0.,1.,0.));
#8138=DIRECTION('',(0.,0.,1.));
#8139=DIRECTION('center_axis',(1.67580833905684E-16,1.,0.));
#8140=DIRECTION('ref_axis',(-1.,1.67580833905684E-16,0.));
#8141=DIRECTION('',(1.,-1.67580833905684E-16,0.));
#8142=DIRECTION('',(-1.,1.67580833905684E-16,0.));
#8143=DIRECTION('',(0.,0.,1.));
#8144=DIRECTION('center_axis',(0.,0.,1.));
#8145=DIRECTION('ref_axis',(1.,-8.88178419700136E-15,0.));
#8146=DIRECTION('center_axis',(0.,0.,1.));
#8147=DIRECTION('ref_axis',(1.,-8.88178419700136E-15,0.));
#8148=DIRECTION('center_axis',(0.,0.,1.));
#8149=DIRECTION('ref_axis',(1.,-8.88178419700136E-15,0.));
#8150=DIRECTION('',(0.,0.,1.));
#8151=DIRECTION('center_axis',(1.,0.,0.));
#8152=DIRECTION('ref_axis',(0.,1.,0.));
#8153=DIRECTION('',(0.,-1.,0.));
#8154=DIRECTION('',(0.,1.,0.));
#8155=DIRECTION('',(0.,0.,1.));
#8156=DIRECTION('center_axis',(0.,0.,1.));
#8157=DIRECTION('ref_axis',(0.,-1.,0.));
#8158=DIRECTION('center_axis',(0.,0.,1.));
#8159=DIRECTION('ref_axis',(0.,-1.,0.));
#8160=DIRECTION('center_axis',(0.,0.,1.));
#8161=DIRECTION('ref_axis',(0.,-1.,0.));
#8162=DIRECTION('center_axis',(0.,0.,1.));
#8163=DIRECTION('ref_axis',(-1.,0.,0.));
#8164=DIRECTION('center_axis',(0.,0.,1.));
#8165=DIRECTION('ref_axis',(-1.,0.,0.));
#8166=DIRECTION('center_axis',(-1.81260901979617E-16,-1.,0.));
#8167=DIRECTION('ref_axis',(1.,-1.81260901979617E-16,0.));
#8168=DIRECTION('',(1.,-1.81260901979617E-16,0.));
#8169=DIRECTION('',(0.,0.,1.));
#8170=DIRECTION('',(1.,-1.81260901979617E-16,0.));
#8171=DIRECTION('',(0.,0.,1.));
#8172=DIRECTION('center_axis',(0.,0.,1.));
#8173=DIRECTION('ref_axis',(-3.88578058618803E-15,1.,0.));
#8174=DIRECTION('center_axis',(0.,0.,-1.));
#8175=DIRECTION('ref_axis',(-3.88578058618803E-15,1.,0.));
#8176=DIRECTION('center_axis',(0.,0.,-1.));
#8177=DIRECTION('ref_axis',(-3.88578058618803E-15,1.,0.));
#8178=DIRECTION('',(0.,0.,1.));
#8179=DIRECTION('center_axis',(1.,1.51556878516713E-16,0.));
#8180=DIRECTION('ref_axis',(-1.51556878516713E-16,1.,0.));
#8181=DIRECTION('',(-1.51556878516713E-16,1.,0.));
#8182=DIRECTION('',(-1.51556878516713E-16,1.,0.));
#8183=DIRECTION('',(0.,0.,1.));
#8184=DIRECTION('center_axis',(0.,0.,1.));
#8185=DIRECTION('ref_axis',(-1.,0.,0.));
#8186=DIRECTION('center_axis',(0.,0.,-1.));
#8187=DIRECTION('ref_axis',(-1.,0.,0.));
#8188=DIRECTION('center_axis',(0.,0.,-1.));
#8189=DIRECTION('ref_axis',(-1.,0.,0.));
#8190=DIRECTION('',(0.,0.,1.));
#8191=DIRECTION('center_axis',(0.,1.,0.));
#8192=DIRECTION('ref_axis',(-1.,0.,0.));
#8193=DIRECTION('',(-1.,0.,0.));
#8194=DIRECTION('',(-1.,0.,0.));
#8195=DIRECTION('',(0.,0.,1.));
#8196=DIRECTION('center_axis',(0.,0.,1.));
#8197=DIRECTION('ref_axis',(-1.83758917935762E-15,-1.,0.));
#8198=DIRECTION('center_axis',(0.,0.,-1.));
#8199=DIRECTION('ref_axis',(-1.,0.,0.));
#8200=DIRECTION('center_axis',(0.,0.,-1.));
#8201=DIRECTION('ref_axis',(-1.,0.,0.));
#8202=DIRECTION('',(0.,0.,1.));
#8203=DIRECTION('center_axis',(-3.75653637900145E-16,1.,0.));
#8204=DIRECTION('ref_axis',(-1.,-3.75653637900145E-16,0.));
#8205=DIRECTION('',(-1.,-3.75653637900145E-16,0.));
#8206=DIRECTION('',(-1.,-3.75653637900145E-16,0.));
#8207=DIRECTION('',(0.,0.,1.));
#8208=DIRECTION('center_axis',(0.,0.,1.));
#8209=DIRECTION('ref_axis',(0.,-1.,0.));
#8210=DIRECTION('center_axis',(0.,0.,-1.));
#8211=DIRECTION('ref_axis',(0.,-1.,0.));
#8212=DIRECTION('center_axis',(0.,0.,-1.));
#8213=DIRECTION('ref_axis',(0.,-1.,0.));
#8214=DIRECTION('',(0.,0.,1.));
#8215=DIRECTION('center_axis',(-1.,0.,0.));
#8216=DIRECTION('ref_axis',(0.,-1.,0.));
#8217=DIRECTION('',(0.,-1.,0.));
#8218=DIRECTION('',(0.,-1.,0.));
#8219=DIRECTION('',(0.,0.,1.));
#8220=DIRECTION('center_axis',(0.,0.,1.));
#8221=DIRECTION('ref_axis',(1.,-4.44089209850064E-15,0.));
#8222=DIRECTION('center_axis',(0.,0.,-1.));
#8223=DIRECTION('ref_axis',(1.,-4.44089209850064E-15,0.));
#8224=DIRECTION('center_axis',(0.,0.,-1.));
#8225=DIRECTION('ref_axis',(1.,-4.44089209850064E-15,0.));
#8226=DIRECTION('center_axis',(0.,-1.,0.));
#8227=DIRECTION('ref_axis',(1.,0.,0.));
#8228=DIRECTION('',(-1.,0.,0.));
#8229=DIRECTION('',(0.,0.,1.));
#8230=DIRECTION('',(1.,0.,0.));
#8231=DIRECTION('',(0.,0.,1.));
#8232=DIRECTION('center_axis',(0.,0.,1.));
#8233=DIRECTION('ref_axis',(-1.,0.,0.));
#8234=DIRECTION('center_axis',(0.,0.,1.));
#8235=DIRECTION('ref_axis',(-1.,0.,0.));
#8236=DIRECTION('center_axis',(0.,0.,1.));
#8237=DIRECTION('ref_axis',(-1.,0.,0.));
#8238=DIRECTION('',(0.,0.,1.));
#8239=DIRECTION('center_axis',(-1.,0.,0.));
#8240=DIRECTION('ref_axis',(0.,-1.,0.));
#8241=DIRECTION('',(0.,1.,0.));
#8242=DIRECTION('',(0.,-1.,0.));
#8243=DIRECTION('',(0.,0.,1.));
#8244=DIRECTION('center_axis',(0.,0.,1.));
#8245=DIRECTION('ref_axis',(0.,1.,0.));
#8246=DIRECTION('center_axis',(0.,0.,1.));
#8247=DIRECTION('ref_axis',(0.,1.,0.));
#8248=DIRECTION('center_axis',(0.,0.,1.));
#8249=DIRECTION('ref_axis',(0.,1.,0.));
#8250=DIRECTION('',(0.,0.,1.));
#8251=DIRECTION('center_axis',(1.67580833905684E-16,1.,0.));
#8252=DIRECTION('ref_axis',(-1.,1.67580833905684E-16,0.));
#8253=DIRECTION('',(1.,-1.67580833905684E-16,0.));
#8254=DIRECTION('',(-1.,1.67580833905684E-16,0.));
#8255=DIRECTION('',(0.,0.,1.));
#8256=DIRECTION('center_axis',(0.,0.,1.));
#8257=DIRECTION('ref_axis',(1.,-8.88178419700136E-15,0.));
#8258=DIRECTION('center_axis',(0.,0.,1.));
#8259=DIRECTION('ref_axis',(1.,-8.88178419700136E-15,0.));
#8260=DIRECTION('center_axis',(0.,0.,1.));
#8261=DIRECTION('ref_axis',(1.,-8.88178419700136E-15,0.));
#8262=DIRECTION('',(0.,0.,1.));
#8263=DIRECTION('center_axis',(1.,0.,0.));
#8264=DIRECTION('ref_axis',(0.,1.,0.));
#8265=DIRECTION('',(0.,-1.,0.));
#8266=DIRECTION('',(0.,1.,0.));
#8267=DIRECTION('',(0.,0.,1.));
#8268=DIRECTION('center_axis',(0.,0.,1.));
#8269=DIRECTION('ref_axis',(0.,-1.,0.));
#8270=DIRECTION('center_axis',(0.,0.,1.));
#8271=DIRECTION('ref_axis',(0.,-1.,0.));
#8272=DIRECTION('center_axis',(0.,0.,1.));
#8273=DIRECTION('ref_axis',(0.,-1.,0.));
#8274=DIRECTION('center_axis',(0.,0.,1.));
#8275=DIRECTION('ref_axis',(-1.,0.,0.));
#8276=DIRECTION('center_axis',(0.,0.,1.));
#8277=DIRECTION('ref_axis',(-1.,0.,0.));
#8278=CARTESIAN_POINT('',(0.,0.,0.));
#8279=CARTESIAN_POINT('Origin',(-93.7219961011649,-29.4311947424575,57.5));
#8280=CARTESIAN_POINT('',(-87.3397279978571,-10.981239873938,57.5));
#8281=CARTESIAN_POINT('',(-85.6198714219609,-11.576178227166,62.5));
#8282=CARTESIAN_POINT('',(-87.3397279978571,-10.981239873938,57.5));
#8283=CARTESIAN_POINT('',(-93.7219961011649,-29.4311947424575,57.5));
#8284=CARTESIAN_POINT('',(-87.3397279978571,-10.981239873938,57.5));
#8285=CARTESIAN_POINT('',(-93.2494693904674,-29.5946527116036,58.8737387097272));
#8286=CARTESIAN_POINT('',(-93.7219961011649,-29.4311947424575,57.5));
#8287=CARTESIAN_POINT('',(-91.6511013761853,-29.0113468311657,62.5));
#8288=CARTESIAN_POINT('',(-90.7559248833983,-28.6846625459406,64.5309114263735));
#8289=CARTESIAN_POINT('',(-85.6198714219609,-11.576178227166,62.5));
#8290=CARTESIAN_POINT('Origin',(-97.2627889225052,-7.54862252186945,57.5));
#8291=CARTESIAN_POINT('',(-86.7627889225052,-7.54862252186948,57.5));
#8292=CARTESIAN_POINT('',(-84.9429377511742,-7.54862252186948,62.5));
#8293=CARTESIAN_POINT('',(-86.7627889225052,-7.54862252186948,57.5));
#8294=CARTESIAN_POINT('Origin',(-97.2627889225052,-7.54862252186945,57.5));
#8295=CARTESIAN_POINT('Origin',(-97.2627889225052,-7.54862252186945,62.5));
#8296=CARTESIAN_POINT('Origin',(-86.7627889225052,-7.54862252186948,57.5));
#8297=CARTESIAN_POINT('',(-86.7627889225052,7.54862252186951,57.5));
#8298=CARTESIAN_POINT('',(-84.9429377511742,7.54862252186952,62.5));
#8299=CARTESIAN_POINT('',(-86.7627889225052,7.54862252186951,57.5));
#8300=CARTESIAN_POINT('',(-86.7627889225052,7.54862252186951,57.5));
#8301=CARTESIAN_POINT('',(-84.9429377511742,7.54862252186951,62.5));
#8302=CARTESIAN_POINT('Origin',(-97.2627889225055,7.54862252186944,57.5));
#8303=CARTESIAN_POINT('',(-87.3397279978571,10.9812398739381,57.5));
#8304=CARTESIAN_POINT('',(-85.6198714219609,11.576178227166,62.5));
#8305=CARTESIAN_POINT('',(-87.3397279978571,10.9812398739381,57.5));
#8306=CARTESIAN_POINT('Origin',(-97.2627889225055,7.54862252186944,57.5));
#8307=CARTESIAN_POINT('Origin',(-97.2627889225055,7.54862252186944,62.5));
#8308=CARTESIAN_POINT('Origin',(-87.3397279978571,10.9812398739381,57.5));
#8309=CARTESIAN_POINT('',(-93.7219961011649,29.4311947424575,57.5));
#8310=CARTESIAN_POINT('',(-93.2494693904674,29.5946527116036,58.8737387097272));
#8311=CARTESIAN_POINT('',(-93.7219961011649,29.4311947424575,57.5));
#8312=CARTESIAN_POINT('',(-93.7219961011649,29.4311947424575,57.5));
#8313=CARTESIAN_POINT('',(-91.6511013761853,29.0113468311657,62.5));
#8314=CARTESIAN_POINT('',(-92.0021395252687,30.0261330956854,62.5));
#8315=CARTESIAN_POINT('',(-92.2053029556677,29.2135962739546,61.2426676980971));
#8316=CARTESIAN_POINT('Origin',(-93.2494693904674,29.5946527116036,57.5));
#8317=CARTESIAN_POINT('',(-93.5056435110248,30.0240416028859,57.5));
#8318=CARTESIAN_POINT('',(-93.5056435110248,30.0240416028859,57.5));
#8319=CARTESIAN_POINT('Origin',(-93.2494693904674,29.5946527116036,57.5));
#8320=CARTESIAN_POINT('Origin',(-93.5056435110248,30.0240416028859,57.5));
#8321=CARTESIAN_POINT('',(-53.4681256427146,53.9104907808954,57.5));
#8322=CARTESIAN_POINT('',(-53.2119515221572,53.4811018896131,58.8737387097272));
#8323=CARTESIAN_POINT('',(-53.4681256427146,53.9104907808954,57.5));
#8324=CARTESIAN_POINT('',(-53.4681256427146,53.9104907808954,57.5));
#8325=CARTESIAN_POINT('',(-53.7323385191557,51.6337432758346,62.5));
#8326=CARTESIAN_POINT('',(-52.5357280959924,52.3476430273822,62.5));
#8327=CARTESIAN_POINT('',(-54.2160708163405,49.9165077739461,65.8708369237761));
#8328=CARTESIAN_POINT('Origin',(-53.2119515221572,53.4811018896131,57.5));
#8329=CARTESIAN_POINT('',(-52.7693170822083,53.7136416766844,57.5));
#8330=CARTESIAN_POINT('',(-52.7693170822083,53.7136416766844,57.5));
#8331=CARTESIAN_POINT('Origin',(-53.2119515221572,53.4811018896131,57.5));
#8332=CARTESIAN_POINT('Origin',(-52.7693170822083,53.7136416766844,57.5));
#8333=CARTESIAN_POINT('',(-51.0630864745146,50.4658687300766,57.5));
#8334=CARTESIAN_POINT('',(-52.6741440825393,49.6194931223111,62.5));
#8335=CARTESIAN_POINT('',(-51.0630864745146,50.4658687300766,57.5));
#8336=CARTESIAN_POINT('',(-51.0630864745146,50.4658687300766,57.5));
#8337=CARTESIAN_POINT('',(-52.6741440825393,49.6194931223111,62.5));
#8338=CARTESIAN_POINT('Origin',(-32.9150744366116,60.,57.5));
#8339=CARTESIAN_POINT('',(-32.9150744366116,39.5,57.5));
#8340=CARTESIAN_POINT('',(-32.9150744366116,37.680148828669,62.5));
#8341=CARTESIAN_POINT('',(-32.9150744366116,39.5,57.5));
#8342=CARTESIAN_POINT('Origin',(-32.9150744366116,60.,57.5));
#8343=CARTESIAN_POINT('Origin',(-32.9150744366116,60.,62.5));
#8344=CARTESIAN_POINT('Origin',(-32.9150744366116,39.5,57.5));
#8345=CARTESIAN_POINT('',(38.2858887287776,39.5,57.5));
#8346=CARTESIAN_POINT('',(38.2858887287776,37.680148828669,62.5));
#8347=CARTESIAN_POINT('',(38.2858887287776,39.5,57.5));
#8348=CARTESIAN_POINT('',(38.2858887287776,39.5,57.5));
#8349=CARTESIAN_POINT('',(38.2858887287776,37.680148828669,62.5));
#8350=CARTESIAN_POINT('Origin',(38.2858887287776,69.9999999999999,57.5));
#8351=CARTESIAN_POINT('',(58.9534571326833,47.5700731996318,57.5));
#8352=CARTESIAN_POINT('',(60.1866341349263,46.2317411156803,62.5));
#8353=CARTESIAN_POINT('',(58.9534571326833,47.5700731996318,57.5));
#8354=CARTESIAN_POINT('Origin',(38.2858887287776,69.9999999999999,57.5));
#8355=CARTESIAN_POINT('Origin',(38.2858887287776,69.9999999999999,62.5));
#8356=CARTESIAN_POINT('Origin',(58.9534571326833,47.5700731996318,57.5));
#8357=CARTESIAN_POINT('',(65.2020083442221,53.327664864517,57.5));
#8358=CARTESIAN_POINT('',(66.2184461345781,52.2245537104005,61.6212161291818));
#8359=CARTESIAN_POINT('',(65.2020083442221,53.327664864517,57.5));
#8360=CARTESIAN_POINT('',(65.2020083442221,53.327664864517,57.5));
#8361=CARTESIAN_POINT('',(66.2294432041085,51.7997561565058,62.5));
#8362=CARTESIAN_POINT('',(66.4351853464651,51.9893327805655,62.5));
#8363=CARTESIAN_POINT('',(66.232163661976,51.6946696291959,62.7173937782683));
#8364=CARTESIAN_POINT('Origin',(66.2184461345781,52.2245537104005,57.5));
#8365=CARTESIAN_POINT('',(67.1764464826048,53.3787787028438,57.5));
#8366=CARTESIAN_POINT('',(67.1764464826048,53.3787787028438,57.5));
#8367=CARTESIAN_POINT('Origin',(66.2184461345781,52.2245537104005,57.5));
#8368=CARTESIAN_POINT('Origin',(67.1764464826048,53.3787787028438,57.5));
#8369=CARTESIAN_POINT('',(99.4630202355062,26.5811013917704,57.5));
#8370=CARTESIAN_POINT('',(98.5050198874794,25.4268763993272,61.6212161291818));
#8371=CARTESIAN_POINT('',(99.4630202355062,26.5811013917704,57.5));
#8372=CARTESIAN_POINT('',(99.4630202355062,26.5811013917704,57.5));
#8373=CARTESIAN_POINT('',(98.0546213879699,25.3850346110867,62.5));
#8374=CARTESIAN_POINT('',(98.3007415318448,25.1807562554522,62.5));
#8375=CARTESIAN_POINT('',(95.4111604734035,25.1394584559053,67.657723254826));
#8376=CARTESIAN_POINT('Origin',(98.5050198874794,25.4268763993272,57.5));
#8377=CARTESIAN_POINT('',(99.6592448799227,24.4688760513004,57.5));
#8378=CARTESIAN_POINT('',(99.6592448799227,24.4688760513004,57.5));
#8379=CARTESIAN_POINT('Origin',(98.5050198874794,25.4268763993272,57.5));
#8380=CARTESIAN_POINT('Origin',(99.6592448799227,24.4688760513004,57.5));
#8381=CARTESIAN_POINT('',(90.2170580753946,13.0926714230322,57.5));
#8382=CARTESIAN_POINT('',(88.8167129390763,14.2549501266935,62.5));
#8383=CARTESIAN_POINT('',(90.2170580753946,13.0926714230322,57.5));
#8384=CARTESIAN_POINT('',(90.2170580753946,13.0926714230322,57.5));
#8385=CARTESIAN_POINT('',(88.8167129390763,14.2549501266936,62.5));
#8386=CARTESIAN_POINT('Origin',(105.991466305453,1.11022302462516E-14,57.5));
#8387=CARTESIAN_POINT('',(90.2170580753945,-13.0926714230321,57.5));
#8388=CARTESIAN_POINT('',(88.8167129390762,-14.2549501266934,62.5));
#8389=CARTESIAN_POINT('',(90.2170580753945,-13.0926714230321,57.5));
#8390=CARTESIAN_POINT('Origin',(105.991466305453,1.11022302462516E-14,57.5));
#8391=CARTESIAN_POINT('Origin',(105.991466305453,1.11022302462516E-14,62.5));
#8392=CARTESIAN_POINT('Origin',(90.2170580753945,-13.0926714230321,57.5));
#8393=CARTESIAN_POINT('',(99.6592448799227,-24.4688760513004,57.5));
#8394=CARTESIAN_POINT('',(98.5050198874794,-25.4268763993272,61.6212161291818));
#8395=CARTESIAN_POINT('',(99.6592448799227,-24.4688760513004,57.5));
#8396=CARTESIAN_POINT('',(99.6592448799227,-24.4688760513004,57.5));
#8397=CARTESIAN_POINT('',(98.0546213879698,-25.3850346110867,62.5));
#8398=CARTESIAN_POINT('',(98.2588997436044,-25.6311547549617,62.5));
#8399=CARTESIAN_POINT('',(97.4148956130676,-25.3256044166378,63.7481850924078));
#8400=CARTESIAN_POINT('Origin',(98.5050198874794,-25.4268763993272,57.5));
#8401=CARTESIAN_POINT('',(99.4630202355062,-26.5811013917704,57.5));
#8402=CARTESIAN_POINT('',(99.4630202355062,-26.5811013917704,57.5));
#8403=CARTESIAN_POINT('Origin',(98.5050198874794,-25.4268763993272,57.5));
#8404=CARTESIAN_POINT('Origin',(99.4630202355062,-26.5811013917704,57.5));
#8405=CARTESIAN_POINT('',(67.1764464826048,-53.3787787028437,57.5));
#8406=CARTESIAN_POINT('',(66.2184461345781,-52.2245537104005,61.6212161291818));
#8407=CARTESIAN_POINT('',(67.1764464826048,-53.3787787028437,57.5));
#8408=CARTESIAN_POINT('',(67.1764464826048,-53.3787787028437,57.5));
#8409=CARTESIAN_POINT('',(66.2294432041085,-51.7997561565058,62.5));
#8410=CARTESIAN_POINT('',(66.0141677789435,-51.9784335665255,62.5));
#8411=CARTESIAN_POINT('',(66.2861864578796,-49.6078635495546,67.0343949179894));
#8412=CARTESIAN_POINT('Origin',(66.2184461345781,-52.2245537104005,57.5));
#8413=CARTESIAN_POINT('',(65.2020083442221,-53.327664864517,57.5));
#8414=CARTESIAN_POINT('',(65.2020083442221,-53.327664864517,57.5));
#8415=CARTESIAN_POINT('Origin',(66.2184461345781,-52.2245537104005,57.5));
#8416=CARTESIAN_POINT('Origin',(65.2020083442221,-53.327664864517,57.5));
#8417=CARTESIAN_POINT('',(58.9534571326833,-47.5700731996318,57.5));
#8418=CARTESIAN_POINT('',(60.1866341349264,-46.2317411156804,62.5));
#8419=CARTESIAN_POINT('',(58.9534571326833,-47.5700731996318,57.5));
#8420=CARTESIAN_POINT('',(58.9534571326833,-47.5700731996318,57.5));
#8421=CARTESIAN_POINT('',(60.1866341349264,-46.2317411156804,62.5));
#8422=CARTESIAN_POINT('Origin',(38.2858887287775,-70.0000000000001,57.5));
#8423=CARTESIAN_POINT('',(38.2858887287776,-39.5,57.5));
#8424=CARTESIAN_POINT('',(38.2858887287776,-37.680148828669,62.5));
#8425=CARTESIAN_POINT('',(38.2858887287776,-39.5,57.5));
#8426=CARTESIAN_POINT('Origin',(38.2858887287775,-70.0000000000001,57.5));
#8427=CARTESIAN_POINT('Origin',(38.2858887287775,-70.0000000000001,62.5));
#8428=CARTESIAN_POINT('Origin',(38.2858887287776,-39.5,57.5));
#8429=CARTESIAN_POINT('',(-32.9150744366117,-39.5,57.5));
#8430=CARTESIAN_POINT('',(-32.9150744366117,-37.680148828669,62.5));
#8431=CARTESIAN_POINT('',(-32.9150744366117,-39.5,57.5));
#8432=CARTESIAN_POINT('',(-32.9150744366117,-39.5,57.5));
#8433=CARTESIAN_POINT('',(-32.9150744366117,-37.680148828669,62.5));
#8434=CARTESIAN_POINT('Origin',(-32.9150744366116,-60.,57.5));
#8435=CARTESIAN_POINT('',(-51.0630864745146,-50.4658687300766,57.5));
#8436=CARTESIAN_POINT('',(-52.6741440825393,-49.6194931223111,62.5));
#8437=CARTESIAN_POINT('',(-51.0630864745146,-50.4658687300766,57.5));
#8438=CARTESIAN_POINT('Origin',(-32.9150744366116,-60.,57.5));
#8439=CARTESIAN_POINT('Origin',(-32.9150744366116,-60.,62.5));
#8440=CARTESIAN_POINT('Origin',(-51.0630864745146,-50.4658687300766,57.5));
#8441=CARTESIAN_POINT('',(-52.9955637249283,-54.1442972528845,57.5));
#8442=CARTESIAN_POINT('',(-53.0899888190383,-53.9140659172807,58.0238546201404));
#8443=CARTESIAN_POINT('Ctrl Pts',(-52.9955637249282,-54.1442972528845,57.5));
#8444=CARTESIAN_POINT('Ctrl Pts',(-53.0601297081045,-54.0200648874731,57.815784590017));
#8445=CARTESIAN_POINT('Ctrl Pts',(-53.0899888190383,-53.9140659172808,58.0238546201402));
#8446=CARTESIAN_POINT('',(-52.9955637249283,-54.1442972528845,57.5));
#8447=CARTESIAN_POINT('',(-53.7323385191558,-51.6337432758346,62.5));
#8448=CARTESIAN_POINT('',(-54.606621332953,-53.297921645119,62.5));
#8449=CARTESIAN_POINT('',(-53.1760372990663,-53.6085963308018,58.6234742763038));
#8450=CARTESIAN_POINT('Origin',(-52.9315028510126,-53.6484180292494,57.5));
#8451=CARTESIAN_POINT('',(-53.1876769715699,-54.0778069205315,57.5));
#8452=CARTESIAN_POINT('',(-53.1876769715699,-54.0778069205315,57.5));
#8453=CARTESIAN_POINT('Origin',(-52.9315028510126,-53.6484180292494,57.5));
#8454=CARTESIAN_POINT('Origin',(-53.1876769715699,-54.0778069205315,57.5));
#8455=CARTESIAN_POINT('',(-93.5056435110248,-30.0240416028859,57.5));
#8456=CARTESIAN_POINT('',(-93.5056435110248,-30.0240416028859,57.5));
#8457=CARTESIAN_POINT('',(-93.5056435110248,-30.0240416028859,57.5));
#8458=CARTESIAN_POINT('',(-92.5732459643026,-28.4611938493727,62.5));
#8459=CARTESIAN_POINT('Origin',(-93.2494693904674,-29.5946527116036,57.5));
#8460=CARTESIAN_POINT('Origin',(-93.2494693904674,-29.5946527116036,57.5));
#8461=CARTESIAN_POINT('Origin',(-87.3397279978571,-10.981239873938,62.5));
#8462=CARTESIAN_POINT('Origin',(3.12777524850601,-0.08159768163571,57.5));
#8463=CARTESIAN_POINT('Origin',(-87.2627889225052,4.50000008195639,56.000000834465));
#8464=CARTESIAN_POINT('',(-85.2627889225052,-4.49999991804361,56.000000834465));
#8465=CARTESIAN_POINT('',(-85.2627889225052,4.50000008195639,56.000000834465));
#8466=CARTESIAN_POINT('',(-85.2627889225052,-1.52431121995654,56.000000834465));
#8467=CARTESIAN_POINT('',(-87.2627889225052,-4.49999991804361,56.000000834465));
#8468=CARTESIAN_POINT('',(-87.2627889225052,-4.49999991804361,56.000000834465));
#8469=CARTESIAN_POINT('',(-87.2627889225052,4.50000008195639,56.000000834465));
#8470=CARTESIAN_POINT('',(-87.2627889225052,6.02431130191295,56.000000834465));
#8471=CARTESIAN_POINT('',(-87.2627889225052,4.50000008195639,56.000000834465));
#8472=CARTESIAN_POINT('Origin',(-87.2627889225052,4.50000008195639,55.000000834465));
#8473=CARTESIAN_POINT('',(-85.2627889225052,5.50000008195639,55.000000834465));
#8474=CARTESIAN_POINT('Origin',(-85.2627889225052,4.50000008195639,55.000000834465));
#8475=CARTESIAN_POINT('',(-87.2627889225052,5.50000008195639,55.000000834465));
#8476=CARTESIAN_POINT('Origin',(-87.2627889225052,4.50000008195639,55.000000834465));
#8477=CARTESIAN_POINT('',(-87.2627889225052,5.50000008195639,55.000000834465));
#8478=CARTESIAN_POINT('Origin',(-87.2627889225052,5.50000008195639,46.000000834465));
#8479=CARTESIAN_POINT('',(-85.2627889225052,5.50000008195639,46.000000834465));
#8480=CARTESIAN_POINT('',(-85.2627889225052,5.50000008195639,23.0000004172325));
#8481=CARTESIAN_POINT('',(-87.2627889225052,5.50000008195639,46.000000834465));
#8482=CARTESIAN_POINT('',(-87.2627889225052,5.50000008195639,23.0000004172325));
#8483=CARTESIAN_POINT('',(-87.2627889225052,5.50000008195639,46.000000834465));
#8484=CARTESIAN_POINT('Origin',(-87.2627889225052,4.50000008195639,46.000000834465));
#8485=CARTESIAN_POINT('',(-85.2627889225052,4.50000008195639,45.000000834465));
#8486=CARTESIAN_POINT('Origin',(-85.2627889225052,4.50000008195639,46.000000834465));
#8487=CARTESIAN_POINT('',(-87.2627889225052,4.50000008195639,45.000000834465));
#8488=CARTESIAN_POINT('Origin',(-87.2627889225052,4.50000008195639,46.000000834465));
#8489=CARTESIAN_POINT('',(-87.2627889225052,4.50000008195639,45.000000834465));
#8490=CARTESIAN_POINT('Origin',(-87.2627889225052,-4.49999991804361,45.000000834465));
#8491=CARTESIAN_POINT('',(-85.2627889225052,-4.49999991804361,45.000000834465));
#8492=CARTESIAN_POINT('',(-85.2627889225052,-6.02431121995654,45.000000834465));
#8493=CARTESIAN_POINT('',(-87.2627889225052,-4.49999991804361,45.000000834465));
#8494=CARTESIAN_POINT('',(-87.2627889225052,1.52431130191295,45.000000834465));
#8495=CARTESIAN_POINT('',(-87.2627889225052,-4.49999991804361,45.000000834465));
#8496=CARTESIAN_POINT('Origin',(-87.2627889225052,-4.49999991804362,46.000000834465));
#8497=CARTESIAN_POINT('',(-85.2627889225052,-5.49999991804362,46.000000834465));
#8498=CARTESIAN_POINT('Origin',(-85.2627889225052,-4.49999991804362,46.000000834465));
#8499=CARTESIAN_POINT('',(-87.2627889225052,-5.49999991804362,46.000000834465));
#8500=CARTESIAN_POINT('Origin',(-87.2627889225052,-4.49999991804362,46.000000834465));
#8501=CARTESIAN_POINT('',(-87.2627889225052,-5.49999991804362,46.000000834465));
#8502=CARTESIAN_POINT('Origin',(-87.2627889225052,-5.49999991804362,55.000000834465));
#8503=CARTESIAN_POINT('',(-85.2627889225052,-5.49999991804362,55.000000834465));
#8504=CARTESIAN_POINT('',(-85.2627889225052,-5.49999991804361,27.5000004172325));
#8505=CARTESIAN_POINT('',(-87.2627889225052,-5.49999991804362,55.000000834465));
#8506=CARTESIAN_POINT('',(-87.2627889225052,-5.49999991804361,27.5000004172325));
#8507=CARTESIAN_POINT('',(-87.2627889225052,-5.49999991804362,55.000000834465));
#8508=CARTESIAN_POINT('Origin',(-87.2627889225052,-4.49999991804362,55.000000834465));
#8509=CARTESIAN_POINT('Origin',(-85.2627889225052,-4.49999991804362,55.000000834465));
#8510=CARTESIAN_POINT('Origin',(-87.2627889225052,-4.49999991804362,55.000000834465));
#8511=CARTESIAN_POINT('Origin',(96.7044203716664,29.5205106506561,55.));
#8512=CARTESIAN_POINT('',(77.7289700235008,42.6708826638085,55.));
#8513=CARTESIAN_POINT('',(95.4270865742974,27.9815439940651,55.));
#8514=CARTESIAN_POINT('',(80.8227663544377,40.1030488522328,55.));
#8515=CARTESIAN_POINT('',(79.0063038208697,44.2098493203995,55.));
#8516=CARTESIAN_POINT('',(79.0063038208697,44.2098493203995,55.));
#8517=CARTESIAN_POINT('',(96.7044203716664,29.5205106506561,55.));
#8518=CARTESIAN_POINT('',(98.2433870282574,28.2431768532872,55.));
#8519=CARTESIAN_POINT('',(96.7044203716664,29.5205106506561,55.));
#8520=CARTESIAN_POINT('Origin',(96.7044203716664,29.5205106506561,54.));
#8521=CARTESIAN_POINT('',(96.1965699025929,27.3428770953806,54.));
#8522=CARTESIAN_POINT('Origin',(95.4270865742974,27.9815439940651,54.));
#8523=CARTESIAN_POINT('',(97.4739036999619,28.8818437519716,54.));
#8524=CARTESIAN_POINT('Origin',(96.7044203716664,29.5205106506561,54.));
#8525=CARTESIAN_POINT('',(97.4739036999619,28.8818437519716,54.));
#8526=CARTESIAN_POINT('Origin',(97.4739036999619,28.8818437519716,44.));
#8527=CARTESIAN_POINT('',(96.1965699025929,27.3428770953806,44.));
#8528=CARTESIAN_POINT('',(96.1965699025929,27.3428770953806,22.));
#8529=CARTESIAN_POINT('',(97.4739036999619,28.8818437519716,44.));
#8530=CARTESIAN_POINT('',(97.4739036999619,28.8818437519716,22.));
#8531=CARTESIAN_POINT('',(97.4739036999619,28.8818437519716,44.));
#8532=CARTESIAN_POINT('Origin',(96.7044203716664,29.5205106506561,44.));
#8533=CARTESIAN_POINT('',(95.4270865742974,27.9815439940651,43.));
#8534=CARTESIAN_POINT('Origin',(95.4270865742974,27.9815439940651,44.));
#8535=CARTESIAN_POINT('',(96.7044203716664,29.5205106506561,43.));
#8536=CARTESIAN_POINT('Origin',(96.7044203716664,29.5205106506561,44.));
#8537=CARTESIAN_POINT('',(96.7044203716664,29.5205106506561,43.));
#8538=CARTESIAN_POINT('Origin',(79.0063038208697,44.2098493203995,43.));
#8539=CARTESIAN_POINT('',(77.7289700235008,42.6708826638085,43.));
#8540=CARTESIAN_POINT('',(71.9737080790394,47.4477181871045,43.));
#8541=CARTESIAN_POINT('',(79.0063038208697,44.2098493203995,43.));
#8542=CARTESIAN_POINT('',(89.3943287528591,35.5878461881588,43.));
#8543=CARTESIAN_POINT('',(79.0063038208697,44.2098493203995,43.));
#8544=CARTESIAN_POINT('Origin',(79.0063038208697,44.2098493203995,44.));
#8545=CARTESIAN_POINT('',(76.9594866952052,43.309549562493,44.));
#8546=CARTESIAN_POINT('Origin',(77.7289700235008,42.6708826638085,44.));
#8547=CARTESIAN_POINT('',(78.2368204925743,44.848516219084,44.));
#8548=CARTESIAN_POINT('Origin',(79.0063038208698,44.2098493203995,44.));
#8549=CARTESIAN_POINT('',(78.2368204925743,44.848516219084,44.));
#8550=CARTESIAN_POINT('Origin',(78.2368204925743,44.848516219084,54.));
#8551=CARTESIAN_POINT('',(76.9594866952052,43.309549562493,54.));
#8552=CARTESIAN_POINT('',(76.9594866952052,43.309549562493,27.));
#8553=CARTESIAN_POINT('',(78.2368204925743,44.848516219084,54.));
#8554=CARTESIAN_POINT('',(78.2368204925742,44.848516219084,27.));
#8555=CARTESIAN_POINT('',(78.2368204925743,44.848516219084,54.));
#8556=CARTESIAN_POINT('Origin',(79.0063038208697,44.2098493203995,54.));
#8557=CARTESIAN_POINT('Origin',(77.7289700235008,42.6708826638085,54.));
#8558=CARTESIAN_POINT('Origin',(79.0063038208698,44.2098493203995,54.));
#8559=CARTESIAN_POINT('Origin',(78.2368204925742,-44.848516219084,44.0000008195639));
#8560=CARTESIAN_POINT('',(76.9594866952052,-43.309549562493,54.0000008195639));
#8561=CARTESIAN_POINT('',(76.9594866952052,-43.309549562493,44.0000008195639));
#8562=CARTESIAN_POINT('',(76.9594866952052,-43.309549562493,22.0000004097819));
#8563=CARTESIAN_POINT('',(78.2368204925742,-44.848516219084,54.0000008195639));
#8564=CARTESIAN_POINT('',(78.2368204925742,-44.848516219084,54.0000008195639));
#8565=CARTESIAN_POINT('',(78.2368204925742,-44.848516219084,44.0000008195639));
#8566=CARTESIAN_POINT('',(78.2368204925742,-44.848516219084,22.0000004097819));
#8567=CARTESIAN_POINT('',(78.2368204925742,-44.848516219084,44.0000008195639));
#8568=CARTESIAN_POINT('Origin',(79.0063038208697,-44.2098493203995,44.0000008195639));
#8569=CARTESIAN_POINT('',(77.7289700235007,-42.6708826638085,43.0000008195639));
#8570=CARTESIAN_POINT('Origin',(77.7289700235008,-42.6708826638085,44.0000008195639));
#8571=CARTESIAN_POINT('',(79.0063038208697,-44.2098493203995,43.0000008195639));
#8572=CARTESIAN_POINT('Origin',(79.0063038208697,-44.2098493203995,44.0000008195639));
#8573=CARTESIAN_POINT('',(79.0063038208697,-44.2098493203995,43.0000008195639));
#8574=CARTESIAN_POINT('Origin',(96.7044203716664,-29.5205106506562,43.0000008195639));
#8575=CARTESIAN_POINT('',(95.4270865742974,-27.9815439940651,43.0000008195639));
#8576=CARTESIAN_POINT('',(96.9660532308884,-26.7042101966961,43.0000008195639));
#8577=CARTESIAN_POINT('',(96.7044203716664,-29.5205106506562,43.0000008195639));
#8578=CARTESIAN_POINT('',(82.1001001518067,-41.6420155088238,43.0000008195639));
#8579=CARTESIAN_POINT('',(96.7044203716664,-29.5205106506562,43.0000008195639));
#8580=CARTESIAN_POINT('Origin',(96.7044203716664,-29.5205106506562,44.0000008195639));
#8581=CARTESIAN_POINT('',(96.1965699025929,-27.3428770953806,44.0000008195639));
#8582=CARTESIAN_POINT('Origin',(95.4270865742974,-27.9815439940651,44.0000008195639));
#8583=CARTESIAN_POINT('',(97.4739036999619,-28.8818437519717,44.0000008195639));
#8584=CARTESIAN_POINT('Origin',(96.7044203716664,-29.5205106506561,44.0000008195639));
#8585=CARTESIAN_POINT('',(97.4739036999619,-28.8818437519717,44.0000008195639));
#8586=CARTESIAN_POINT('Origin',(97.4739036999619,-28.8818437519717,54.0000008195639));
#8587=CARTESIAN_POINT('',(96.1965699025929,-27.3428770953806,54.0000008195639));
#8588=CARTESIAN_POINT('',(96.1965699025929,-27.3428770953806,27.0000004097819));
#8589=CARTESIAN_POINT('',(97.4739036999619,-28.8818437519717,54.0000008195639));
#8590=CARTESIAN_POINT('',(97.4739036999619,-28.8818437519717,27.0000004097819));
#8591=CARTESIAN_POINT('',(97.4739036999619,-28.8818437519717,54.0000008195639));
#8592=CARTESIAN_POINT('Origin',(96.7044203716664,-29.5205106506562,54.0000008195639));
#8593=CARTESIAN_POINT('',(95.4270865742974,-27.9815439940651,55.0000008195639));
#8594=CARTESIAN_POINT('Origin',(95.4270865742974,-27.9815439940651,54.0000008195639));
#8595=CARTESIAN_POINT('',(96.7044203716664,-29.5205106506562,55.0000008195639));
#8596=CARTESIAN_POINT('Origin',(96.7044203716664,-29.5205106506561,54.0000008195639));
#8597=CARTESIAN_POINT('',(96.7044203716664,-29.5205106506562,55.0000008195639));
#8598=CARTESIAN_POINT('Origin',(79.0063038208697,-44.2098493203995,55.0000008195639));
#8599=CARTESIAN_POINT('',(77.7289700235007,-42.6708826638085,55.0000008195639));
#8600=CARTESIAN_POINT('',(88.1169949554901,-34.0488795315678,55.0000008195639));
#8601=CARTESIAN_POINT('',(79.0063038208697,-44.2098493203995,55.0000008195639));
#8602=CARTESIAN_POINT('',(73.2510418764084,-48.9866848436955,55.0000008195639));
#8603=CARTESIAN_POINT('',(79.0063038208697,-44.2098493203995,55.0000008195639));
#8604=CARTESIAN_POINT('Origin',(79.0063038208697,-44.2098493203995,54.0000008195639));
#8605=CARTESIAN_POINT('Origin',(77.7289700235008,-42.6708826638085,54.0000008195639));
#8606=CARTESIAN_POINT('Origin',(79.0063038208697,-44.2098493203995,54.0000008195639));
#8607=CARTESIAN_POINT('Origin',(-78.3038175454198,39.6756988342352,47.));
#8608=CARTESIAN_POINT('',(-77.2791210631901,37.9581432691061,54.));
#8609=CARTESIAN_POINT('',(-77.2791210631901,37.9581432691061,47.));
#8610=CARTESIAN_POINT('',(-77.2791210631901,37.9581432691061,23.5));
#8611=CARTESIAN_POINT('',(-78.3038175454198,39.6756988342352,54.));
#8612=CARTESIAN_POINT('',(-78.3038175454198,39.6756988342352,54.));
#8613=CARTESIAN_POINT('',(-78.3038175454198,39.6756988342352,47.));
#8614=CARTESIAN_POINT('',(-78.3038175454198,39.6756988342352,23.5));
#8615=CARTESIAN_POINT('',(-78.3038175454198,39.6756988342352,47.));
#8616=CARTESIAN_POINT('Origin',(-79.1625953279844,39.1633505931204,47.));
#8617=CARTESIAN_POINT('',(-78.1378988457547,37.4457950279912,46.));
#8618=CARTESIAN_POINT('Origin',(-78.1378988457547,37.4457950279912,47.));
#8619=CARTESIAN_POINT('',(-79.1625953279844,39.1633505931204,46.));
#8620=CARTESIAN_POINT('Origin',(-79.1625953279844,39.1633505931204,47.));
#8621=CARTESIAN_POINT('',(-79.1625953279844,39.1633505931204,46.));
#8622=CARTESIAN_POINT('Origin',(-90.3267065013239,32.5028234586275,46.));
#8623=CARTESIAN_POINT('',(-89.3020100190942,30.7852678934984,46.));
#8624=CARTESIAN_POINT('',(-90.6702290044076,29.9689861908072,46.));
#8625=CARTESIAN_POINT('',(-90.3267065013239,32.5028234586275,46.));
#8626=CARTESIAN_POINT('',(-72.025503132298,43.4213515654026,46.));
#8627=CARTESIAN_POINT('',(-90.3267065013239,32.5028234586275,46.));
#8628=CARTESIAN_POINT('Origin',(-90.3267065013239,32.5028234586275,47.));
#8629=CARTESIAN_POINT('',(-90.1607878016588,30.2729196523836,47.));
#8630=CARTESIAN_POINT('Origin',(-89.3020100190942,30.7852678934984,47.));
#8631=CARTESIAN_POINT('',(-91.1854842838885,31.9904752175127,47.));
#8632=CARTESIAN_POINT('Origin',(-90.3267065013239,32.5028234586276,47.));
#8633=CARTESIAN_POINT('',(-91.1854842838885,31.9904752175127,47.));
#8634=CARTESIAN_POINT('Origin',(-91.1854842838885,31.9904752175127,54.));
#8635=CARTESIAN_POINT('',(-90.1607878016588,30.2729196523836,54.));
#8636=CARTESIAN_POINT('',(-90.1607878016588,30.2729196523836,27.));
#8637=CARTESIAN_POINT('',(-91.1854842838885,31.9904752175127,54.));
#8638=CARTESIAN_POINT('',(-91.1854842838885,31.9904752175127,27.));
#8639=CARTESIAN_POINT('',(-91.1854842838885,31.9904752175127,54.));
#8640=CARTESIAN_POINT('Origin',(-90.3267065013239,32.5028234586275,54.));
#8641=CARTESIAN_POINT('',(-89.3020100190942,30.7852678934984,55.));
#8642=CARTESIAN_POINT('Origin',(-89.3020100190942,30.7852678934984,54.));
#8643=CARTESIAN_POINT('',(-90.3267065013239,32.5028234586275,55.));
#8644=CARTESIAN_POINT('Origin',(-90.3267065013239,32.5028234586276,54.));
#8645=CARTESIAN_POINT('',(-90.3267065013239,32.5028234586275,55.));
#8646=CARTESIAN_POINT('Origin',(-79.1625953279843,39.1633505931204,55.));
#8647=CARTESIAN_POINT('',(-78.1378988457547,37.4457950279912,55.));
#8648=CARTESIAN_POINT('',(-85.0881734177378,33.2992497580536,55.));
#8649=CARTESIAN_POINT('',(-79.1625953279843,39.1633505931204,55.));
#8650=CARTESIAN_POINT('',(-66.4434475456282,46.751615132649,55.));
#8651=CARTESIAN_POINT('',(-79.1625953279843,39.1633505931204,55.));
#8652=CARTESIAN_POINT('Origin',(-79.1625953279843,39.1633505931204,54.));
#8653=CARTESIAN_POINT('Origin',(-78.1378988457547,37.4457950279912,54.));
#8654=CARTESIAN_POINT('Origin',(-79.1625953279844,39.1633505931204,54.));
#8655=CARTESIAN_POINT('Origin',(-90.3267065013239,-32.5028234586275,55.0000008343078));
#8656=CARTESIAN_POINT('',(-78.1378988457547,-37.4457950279912,55.0000008343078));
#8657=CARTESIAN_POINT('',(-89.3020100190943,-30.7852678934984,55.0000008343078));
#8658=CARTESIAN_POINT('',(-71.386716704523,-41.4735614254595,55.0000008343078));
#8659=CARTESIAN_POINT('',(-79.1625953279844,-39.1633505931204,55.0000008343078));
#8660=CARTESIAN_POINT('',(-79.1625953279844,-39.1633505931204,55.0000008343078));
#8661=CARTESIAN_POINT('',(-90.3267065013239,-32.5028234586275,55.0000008343078));
#8662=CARTESIAN_POINT('',(-92.0442620664531,-31.4781269763979,55.0000008343078));
#8663=CARTESIAN_POINT('',(-90.3267065013239,-32.5028234586275,55.0000008343078));
#8664=CARTESIAN_POINT('Origin',(-90.3267065013239,-32.5028234586275,54.0000008343078));
#8665=CARTESIAN_POINT('',(-90.1607878016588,-30.2729196523835,54.0000008343078));
#8666=CARTESIAN_POINT('Origin',(-89.3020100190942,-30.7852678934983,54.0000008343078));
#8667=CARTESIAN_POINT('',(-91.1854842838885,-31.9904752175127,54.0000008343078));
#8668=CARTESIAN_POINT('Origin',(-90.3267065013239,-32.5028234586275,54.0000008343078));
#8669=CARTESIAN_POINT('',(-91.1854842838885,-31.9904752175127,54.0000008343078));
#8670=CARTESIAN_POINT('Origin',(-91.1854842838885,-31.9904752175127,47.0000008343078));
#8671=CARTESIAN_POINT('',(-90.1607878016588,-30.2729196523835,47.0000008343078));
#8672=CARTESIAN_POINT('',(-90.1607878016588,-30.2729196523835,23.5000004171539));
#8673=CARTESIAN_POINT('',(-91.1854842838885,-31.9904752175127,47.0000008343078));
#8674=CARTESIAN_POINT('',(-91.1854842838885,-31.9904752175127,23.5000004171539));
#8675=CARTESIAN_POINT('',(-91.1854842838885,-31.9904752175127,47.0000008343078));
#8676=CARTESIAN_POINT('Origin',(-90.3267065013239,-32.5028234586275,47.0000008343078));
#8677=CARTESIAN_POINT('',(-89.3020100190943,-30.7852678934984,46.0000008343078));
#8678=CARTESIAN_POINT('Origin',(-89.3020100190942,-30.7852678934983,47.0000008343078));
#8679=CARTESIAN_POINT('',(-90.3267065013239,-32.5028234586275,46.0000008343078));
#8680=CARTESIAN_POINT('Origin',(-90.3267065013239,-32.5028234586275,47.0000008343078));
#8681=CARTESIAN_POINT('',(-90.3267065013239,-32.5028234586275,46.0000008343078));
#8682=CARTESIAN_POINT('Origin',(-79.1625953279844,-39.1633505931204,46.0000008343078));
#8683=CARTESIAN_POINT('',(-78.1378988457547,-37.4457950279912,46.0000008343078));
#8684=CARTESIAN_POINT('',(-65.8046611178533,-44.8038249927059,46.0000008343078));
#8685=CARTESIAN_POINT('',(-79.1625953279844,-39.1633505931204,46.0000008343078));
#8686=CARTESIAN_POINT('',(-86.4622064797833,-34.8083905436443,46.0000008343078));
#8687=CARTESIAN_POINT('',(-79.1625953279844,-39.1633505931204,46.0000008343078));
#8688=CARTESIAN_POINT('Origin',(-79.1625953279844,-39.1633505931204,47.0000008343078));
#8689=CARTESIAN_POINT('',(-77.2791210631902,-37.9581432691061,47.0000008343078));
#8690=CARTESIAN_POINT('Origin',(-78.1378988457547,-37.4457950279912,47.0000008343078));
#8691=CARTESIAN_POINT('',(-78.3038175454198,-39.6756988342352,47.0000008343078));
#8692=CARTESIAN_POINT('Origin',(-79.1625953279844,-39.1633505931204,47.0000008343078));
#8693=CARTESIAN_POINT('',(-78.3038175454198,-39.6756988342352,47.0000008343078));
#8694=CARTESIAN_POINT('Origin',(-78.3038175454198,-39.6756988342352,54.0000008343078));
#8695=CARTESIAN_POINT('',(-77.2791210631902,-37.9581432691061,54.0000008343078));
#8696=CARTESIAN_POINT('',(-77.2791210631902,-37.9581432691061,27.0000004171539));
#8697=CARTESIAN_POINT('',(-78.3038175454198,-39.6756988342352,54.0000008343078));
#8698=CARTESIAN_POINT('',(-78.3038175454198,-39.6756988342352,27.0000004171539));
#8699=CARTESIAN_POINT('',(-78.3038175454198,-39.6756988342352,54.0000008343078));
#8700=CARTESIAN_POINT('Origin',(-79.1625953279844,-39.1633505931204,54.0000008343078));
#8701=CARTESIAN_POINT('Origin',(-78.1378988457547,-37.4457950279912,54.0000008343078));
#8702=CARTESIAN_POINT('Origin',(-79.1625953279844,-39.1633505931204,54.0000008343078));
#8703=CARTESIAN_POINT('Origin',(-2.48124457297897,21.29,62.5));
#8704=CARTESIAN_POINT('',(46.518755427021,21.29,62.5));
#8705=CARTESIAN_POINT('',(-2.48124457297897,21.29,62.5));
#8706=CARTESIAN_POINT('',(31.1909755872289,21.29,62.5));
#8707=CARTESIAN_POINT('',(46.518755427021,21.29,83.5));
#8708=CARTESIAN_POINT('',(46.518755427021,21.29,62.5));
#8709=CARTESIAN_POINT('',(-2.48124457297897,21.29,83.5));
#8710=CARTESIAN_POINT('',(-2.48124457297897,21.29,83.5));
#8711=CARTESIAN_POINT('',(-2.48124457297897,21.29,62.5));
#8712=CARTESIAN_POINT('Origin',(-2.48124457297897,20.29,62.5));
#8713=CARTESIAN_POINT('',(-3.48124457297897,20.29,62.5));
#8714=CARTESIAN_POINT('Origin',(-2.48124457297897,20.29,62.5));
#8715=CARTESIAN_POINT('',(-3.48124457297898,20.29,83.5));
#8716=CARTESIAN_POINT('Origin',(-2.48124457297897,20.29,83.5));
#8717=CARTESIAN_POINT('',(-3.48124457297897,20.29,62.5));
#8718=CARTESIAN_POINT('Origin',(-3.48124457297897,-20.,62.5));
#8719=CARTESIAN_POINT('',(-3.48124457297897,-20.,62.5));
#8720=CARTESIAN_POINT('',(-3.48124457297896,-36.8476842912779,62.5));
#8721=CARTESIAN_POINT('',(-3.48124457297897,-20.,83.5));
#8722=CARTESIAN_POINT('',(-3.48124457297897,-20.,83.5));
#8723=CARTESIAN_POINT('',(-3.48124457297897,-20.,62.5));
#8724=CARTESIAN_POINT('Origin',(-2.48124457297897,-20.,62.5));
#8725=CARTESIAN_POINT('',(-2.48124457297897,-21.,62.5));
#8726=CARTESIAN_POINT('Origin',(-2.48124457297897,-20.,62.5));
#8727=CARTESIAN_POINT('',(-2.48124457297896,-21.,83.5));
#8728=CARTESIAN_POINT('Origin',(-2.48124457297897,-20.,83.5));
#8729=CARTESIAN_POINT('',(-2.48124457297897,-21.,62.5));
#8730=CARTESIAN_POINT('Origin',(20.3247922581287,-21.,62.5));
#8731=CARTESIAN_POINT('',(20.3247922581287,-21.,62.5));
#8732=CARTESIAN_POINT('',(42.5939940027827,-21.,62.5));
#8733=CARTESIAN_POINT('',(20.3247922581287,-21.,83.5));
#8734=CARTESIAN_POINT('',(20.3247922581287,-21.,83.5));
#8735=CARTESIAN_POINT('',(20.3247922581287,-21.,62.5));
#8736=CARTESIAN_POINT('Origin',(46.518755427021,-21.,62.5));
#8737=CARTESIAN_POINT('',(22.8752090829758,-21.,62.5));
#8738=CARTESIAN_POINT('',(46.518755427021,-21.,62.5));
#8739=CARTESIAN_POINT('',(55.6909755872289,-21.,62.5));
#8740=CARTESIAN_POINT('',(22.8752090829758,-21.,83.5));
#8741=CARTESIAN_POINT('',(22.8752090829758,-21.,62.5));
#8742=CARTESIAN_POINT('',(46.518755427021,-21.,83.5));
#8743=CARTESIAN_POINT('',(46.518755427021,-21.,83.5));
#8744=CARTESIAN_POINT('',(46.518755427021,-21.,62.5));
#8745=CARTESIAN_POINT('Origin',(46.518755427021,-20.,62.5));
#8746=CARTESIAN_POINT('',(47.518755427021,-20.,62.5));
#8747=CARTESIAN_POINT('Origin',(46.518755427021,-20.,62.5));
#8748=CARTESIAN_POINT('',(47.518755427021,-20.,83.5));
#8749=CARTESIAN_POINT('Origin',(46.518755427021,-20.,83.5));
#8750=CARTESIAN_POINT('',(47.518755427021,-20.,62.5));
#8751=CARTESIAN_POINT('Origin',(47.518755427021,20.29,62.5));
#8752=CARTESIAN_POINT('',(47.518755427021,20.29,62.5));
#8753=CARTESIAN_POINT('',(47.518755427021,-16.7026842912779,62.5));
#8754=CARTESIAN_POINT('',(47.518755427021,20.29,83.5));
#8755=CARTESIAN_POINT('',(47.518755427021,20.29,83.5));
#8756=CARTESIAN_POINT('',(47.518755427021,20.29,62.5));
#8757=CARTESIAN_POINT('Origin',(46.518755427021,20.29,62.5));
#8758=CARTESIAN_POINT('Origin',(46.518755427021,20.29,62.5));
#8759=CARTESIAN_POINT('Origin',(46.518755427021,20.29,83.5));
#8760=CARTESIAN_POINT('Origin',(-4.48124457297897,-23.,62.5));
#8761=CARTESIAN_POINT('',(48.518755427021,-23.,62.5));
#8762=CARTESIAN_POINT('',(-4.48124457297897,-23.,62.5));
#8763=CARTESIAN_POINT('',(30.1909755872289,-23.,62.5));
#8764=CARTESIAN_POINT('',(48.518755427021,-23.,83.5));
#8765=CARTESIAN_POINT('',(48.518755427021,-23.,62.5));
#8766=CARTESIAN_POINT('',(-4.48124457297897,-23.,83.5));
#8767=CARTESIAN_POINT('',(48.518755427021,-23.,83.5));
#8768=CARTESIAN_POINT('',(-4.48124457297897,-23.,62.5));
#8769=CARTESIAN_POINT('Origin',(-4.48124457297897,-22.,62.5));
#8770=CARTESIAN_POINT('',(-5.48124457297897,-22.,62.5));
#8771=CARTESIAN_POINT('Origin',(-4.48124457297897,-22.,62.5));
#8772=CARTESIAN_POINT('',(-5.48124457297897,-22.,83.5));
#8773=CARTESIAN_POINT('Origin',(-4.48124457297897,-22.,83.5));
#8774=CARTESIAN_POINT('',(-5.48124457297897,-22.,62.5));
#8775=CARTESIAN_POINT('Origin',(-5.48124457297897,22.29,62.5));
#8776=CARTESIAN_POINT('',(-5.48124457297897,22.29,62.5));
#8777=CARTESIAN_POINT('',(-5.48124457297897,-15.7026842912779,62.5));
#8778=CARTESIAN_POINT('',(-5.48124457297897,22.29,83.5));
#8779=CARTESIAN_POINT('',(-5.48124457297897,-22.,83.5));
#8780=CARTESIAN_POINT('',(-5.48124457297897,22.29,62.5));
#8781=CARTESIAN_POINT('Origin',(-4.48124457297897,22.29,62.5));
#8782=CARTESIAN_POINT('',(-4.48124457297897,23.29,62.5));
#8783=CARTESIAN_POINT('Origin',(-4.48124457297897,22.29,62.5));
#8784=CARTESIAN_POINT('',(-4.48124457297896,23.29,83.5));
#8785=CARTESIAN_POINT('Origin',(-4.48124457297897,22.29,83.5));
#8786=CARTESIAN_POINT('',(-4.48124457297897,23.29,62.5));
#8787=CARTESIAN_POINT('Origin',(48.518755427021,23.29,62.5));
#8788=CARTESIAN_POINT('',(48.518755427021,23.29,62.5));
#8789=CARTESIAN_POINT('',(56.6909755872289,23.29,62.5));
#8790=CARTESIAN_POINT('',(48.518755427021,23.29,83.5));
#8791=CARTESIAN_POINT('',(-4.48124457297897,23.29,83.5));
#8792=CARTESIAN_POINT('',(48.518755427021,23.29,62.5));
#8793=CARTESIAN_POINT('Origin',(48.518755427021,22.29,62.5));
#8794=CARTESIAN_POINT('',(49.518755427021,22.29,62.5));
#8795=CARTESIAN_POINT('Origin',(48.518755427021,22.29,62.5));
#8796=CARTESIAN_POINT('',(49.518755427021,22.29,83.5));
#8797=CARTESIAN_POINT('Origin',(48.518755427021,22.29,83.5));
#8798=CARTESIAN_POINT('',(49.518755427021,22.29,62.5));
#8799=CARTESIAN_POINT('Origin',(49.518755427021,-22.,62.5));
#8800=CARTESIAN_POINT('',(49.518755427021,-22.,62.5));
#8801=CARTESIAN_POINT('',(49.518755427021,-37.8476842912779,62.5));
#8802=CARTESIAN_POINT('',(49.518755427021,-22.,83.5));
#8803=CARTESIAN_POINT('',(49.518755427021,22.29,83.5));
#8804=CARTESIAN_POINT('',(49.518755427021,-22.,62.5));
#8805=CARTESIAN_POINT('Origin',(48.518755427021,-22.,62.5));
#8806=CARTESIAN_POINT('Origin',(48.518755427021,-22.,62.5));
#8807=CARTESIAN_POINT('Origin',(48.518755427021,-22.,83.5));
#8808=CARTESIAN_POINT('Origin',(22.018755427021,0.145,83.5));
#8809=CARTESIAN_POINT('',(22.9500006705523,-21.4431066518167,83.5));
#8810=CARTESIAN_POINT('Origin',(21.6000006705523,-21.4431066518167,83.5));
#8811=CARTESIAN_POINT('Origin',(21.6000006705523,-21.4431066518167,83.5));
#8812=CARTESIAN_POINT('Origin',(64.8631957474367,-53.6953685825558,62.5));
#8813=CARTESIAN_POINT('',(-92.0870188138113,-29.1704298473927,62.5));
#8814=CARTESIAN_POINT('',(-85.9600514267241,-11.4585020588905,62.5));
#8815=CARTESIAN_POINT('',(-87.6162451637254,-16.2462513678487,62.5));
#8816=CARTESIAN_POINT('',(-53.4509165624192,-52.2207921575576,62.5));
#8817=CARTESIAN_POINT('',(-8.99262186928767,-78.7446840786647,62.5));
#8818=CARTESIAN_POINT('',(-32.9150744366117,-38.040107321027,62.5));
#8819=CARTESIAN_POINT('Origin',(-32.9150744366116,-60.,62.5));
#8820=CARTESIAN_POINT('',(38.2858887287776,-38.040107321027,62.5));
#8821=CARTESIAN_POINT('',(51.5745422381072,-38.040107321027,62.5));
#8822=CARTESIAN_POINT('',(59.9427171918648,-46.4964572676398,62.5));
#8823=CARTESIAN_POINT('Origin',(38.2858887287775,-70.0000000000001,62.5));
#8824=CARTESIAN_POINT('',(66.1912684034035,-52.2540489325249,62.5));
#8825=CARTESIAN_POINT('',(66.1912684034035,-52.254048932525,62.5));
#8826=CARTESIAN_POINT('',(66.244061352913,-52.2554156252734,62.5));
#8827=CARTESIAN_POINT('Origin',(66.2184461345781,-52.2245537104005,62.5));
#8828=CARTESIAN_POINT('',(98.5306351058143,-25.4577383142001,62.5));
#8829=CARTESIAN_POINT('',(81.6247120132245,-39.4895608032721,62.5));
#8830=CARTESIAN_POINT('',(98.5358818023523,-25.4012611809923,62.5));
#8831=CARTESIAN_POINT('Origin',(98.5050198874794,-25.4268763993272,62.5));
#8832=CARTESIAN_POINT('',(89.0936949978241,-14.0250565527239,62.5));
#8833=CARTESIAN_POINT('',(93.8997994226567,-19.8155824694004,62.5));
#8834=CARTESIAN_POINT('',(89.0936949978242,14.0250565527241,62.5));
#8835=CARTESIAN_POINT('Origin',(105.991466305453,1.11022302462516E-14,62.5));
#8836=CARTESIAN_POINT('',(98.5358818023523,25.4012611809923,62.5));
#8837=CARTESIAN_POINT('',(72.2326512972408,-6.28958955150488,62.5));
#8838=CARTESIAN_POINT('',(98.5306351058143,25.4577383142001,62.5));
#8839=CARTESIAN_POINT('Origin',(98.5050198874794,25.4268763993272,62.5));
#8840=CARTESIAN_POINT('',(66.244061352913,52.2554156252734,62.5));
#8841=CARTESIAN_POINT('',(91.8696666644539,30.9863052112924,62.5));
#8842=CARTESIAN_POINT('',(66.1912684034035,52.2540489325249,62.5));
#8843=CARTESIAN_POINT('Origin',(66.2184461345781,52.2245537104005,62.5));
#8844=CARTESIAN_POINT('',(59.9427171918648,46.4964572676398,62.5));
#8845=CARTESIAN_POINT('',(36.3089472203911,24.719633746326,62.5));
#8846=CARTESIAN_POINT('',(38.2858887287776,38.0401073210271,62.5));
#8847=CARTESIAN_POINT('Origin',(38.2858887287776,69.9999999999999,62.5));
#8848=CARTESIAN_POINT('',(-32.9150744366116,38.040107321027,62.5));
#8849=CARTESIAN_POINT('',(15.9740606554126,38.0401073210271,62.5));
#8850=CARTESIAN_POINT('',(-52.3554840311998,49.7869024646459,62.5));
#8851=CARTESIAN_POINT('Origin',(-32.9150744366116,60.,62.5));
#8852=CARTESIAN_POINT('',(-53.5904151546499,52.1375670674139,62.5));
#8853=CARTESIAN_POINT('',(-19.2285722978323,-13.2694553612866,62.5));
#8854=CARTESIAN_POINT('',(-92.0870188138113,29.1704298473927,62.5));
#8855=CARTESIAN_POINT('',(-52.7772068264063,52.6227284969414,62.5));
#8856=CARTESIAN_POINT('',(-85.9600514267241,11.4585020588905,62.5));
#8857=CARTESIAN_POINT('',(-67.8357645067533,-40.9354541781169,62.5));
#8858=CARTESIAN_POINT('',(-85.3028962435322,7.54862252186952,62.5));
#8859=CARTESIAN_POINT('Origin',(-97.2627889225055,7.54862252186944,62.5));
#8860=CARTESIAN_POINT('',(-85.3028962435322,-7.54862252186947,62.5));
#8861=CARTESIAN_POINT('',(-85.3028962435322,-30.6219955522126,62.5));
#8862=CARTESIAN_POINT('Origin',(-97.2627889225052,-7.54862252186945,62.5));
#8863=CARTESIAN_POINT('',(-69.0000010430813,1.22464679914736E-16,62.5));
#8864=CARTESIAN_POINT('Origin',(-70.0000010430813,0.,62.5));
#8865=CARTESIAN_POINT('Origin',(-2.00000002980232,-6.00000008940697,62.5));
#8866=CARTESIAN_POINT('',(-1.00891666510427,-6.00000008940697,62.5));
#8867=CARTESIAN_POINT('Origin',(-2.00000002980232,-6.00000008940697,62.5));
#8868=CARTESIAN_POINT('',(-1.00891666510427,-6.00000008940697,57.5));
#8869=CARTESIAN_POINT('',(-1.00891666510427,-6.00000008940697,62.5));
#8870=CARTESIAN_POINT('Origin',(-2.00000002980232,-6.00000008940697,57.5));
#8871=CARTESIAN_POINT('Origin',(-1.79999932944774,10.5568933481833,62.5));
#8872=CARTESIAN_POINT('',(-0.449999329447743,10.5568933481833,62.5));
#8873=CARTESIAN_POINT('Origin',(-1.79999932944774,10.5568933481833,62.5));
#8874=CARTESIAN_POINT('',(-0.449999329447743,10.5568933481833,57.5));
#8875=CARTESIAN_POINT('',(-0.449999329447743,10.5568933481833,62.5));
#8876=CARTESIAN_POINT('Origin',(-1.79999932944774,10.5568933481833,57.5));
#8877=CARTESIAN_POINT('Origin',(21.6000006705523,-21.4431066518167,62.5));
#8878=CARTESIAN_POINT('',(22.9500006705523,-21.4431066518167,57.5));
#8879=CARTESIAN_POINT('',(22.9500006705523,-21.4431066518167,62.5));
#8880=CARTESIAN_POINT('Origin',(21.6000006705523,-21.4431066518167,57.5));
#8881=CARTESIAN_POINT('Origin',(21.6000006705523,-21.4431066518167,62.5));
#8882=CARTESIAN_POINT('Origin',(45.0000006705523,10.5568933481833,62.5));
#8883=CARTESIAN_POINT('',(46.3500006705522,10.5568933481833,62.5));
#8884=CARTESIAN_POINT('Origin',(45.0000006705523,10.5568933481833,62.5));
#8885=CARTESIAN_POINT('',(46.3500006705522,10.5568933481833,57.5));
#8886=CARTESIAN_POINT('',(46.3500006705522,10.5568933481833,62.5));
#8887=CARTESIAN_POINT('Origin',(45.0000006705523,10.5568933481833,57.5));
#8888=CARTESIAN_POINT('Origin',(-70.0000010430813,0.,62.5));
#8889=CARTESIAN_POINT('',(-69.0000010430813,1.22464679914736E-16,57.5));
#8890=CARTESIAN_POINT('',(-69.0000010430813,-1.22464679914736E-16,62.5));
#8891=CARTESIAN_POINT('Origin',(-70.0000010430813,0.,57.5));
#8892=CARTESIAN_POINT('Origin',(-92.0870188138113,-29.1704298473927,62.3));
#8893=CARTESIAN_POINT('',(-92.264630759078,-29.1089897484266,62.3684040286651));
#8894=CARTESIAN_POINT('Origin',(-92.0870188138113,-29.1704298473927,62.3));
#8895=CARTESIAN_POINT('',(-92.183308786101,-29.3318272764268,62.3684040286651));
#8896=CARTESIAN_POINT('Origin',(-92.0870188138113,-29.1704298473927,62.3));
#8897=CARTESIAN_POINT('Origin',(-92.0870188138113,-29.1704298473927,62.3));
#8898=CARTESIAN_POINT('Origin',(-91.6512110332969,-29.0113868492576,63.2887290476021));
#8899=CARTESIAN_POINT('',(-93.4270813357341,-29.5332126126375,59.7311205680872));
#8900=CARTESIAN_POINT('',(-93.345759362757,-29.7560501406378,59.7311205680872));
#8901=CARTESIAN_POINT('Origin',(-93.2346750033548,-29.5892536715057,59.6962809706547));
#8902=CARTESIAN_POINT('',(-91.7475010055866,-29.1727842782918,63.3571330762673));
#8903=CARTESIAN_POINT('',(-91.8288229785636,-28.9499467502915,63.3571330762673));
#8904=CARTESIAN_POINT('Origin',(-92.0870188138113,29.1704298473927,62.3));
#8905=CARTESIAN_POINT('',(-92.183308786101,29.3318272764268,62.3684040286651));
#8906=CARTESIAN_POINT('Origin',(-92.0870188138113,29.1704298473927,62.3));
#8907=CARTESIAN_POINT('',(-92.264630759078,29.1089897484266,62.3684040286651));
#8908=CARTESIAN_POINT('Origin',(-92.0870188138113,29.1704298473927,62.3));
#8909=CARTESIAN_POINT('Origin',(-92.0870188138113,29.1704298473927,62.3));
#8910=CARTESIAN_POINT('Origin',(-93.1180555041016,29.5466947369673,59.9608588225974));
#8911=CARTESIAN_POINT('',(-93.3457593627571,29.7560501406378,59.7311205680871));
#8912=CARTESIAN_POINT('',(-93.4270813357341,29.5332126126375,59.7311205680871));
#8913=CARTESIAN_POINT('Origin',(-93.2346750033544,29.5892536715056,59.6962809706555));
#8914=CARTESIAN_POINT('',(-93.2956674493683,29.4852546380012,60.0292628512626));
#8915=CARTESIAN_POINT('',(-93.2143454763912,29.7080921660015,60.0292628512626));
#8916=CARTESIAN_POINT('Origin',(-87.6162451637254,-16.2462513678487,62.3));
#8917=CARTESIAN_POINT('',(-86.1376633719908,-11.3970619599244,62.3684040286651));
#8918=CARTESIAN_POINT('Origin',(-85.9600514267241,-11.4585020588905,62.3));
#8919=CARTESIAN_POINT('',(-87.7938571089921,-16.1848112688826,62.3684040286651));
#8920=CARTESIAN_POINT('Origin',(-97.2627889225052,-7.54862252186945,62.3));
#8921=CARTESIAN_POINT('',(-85.4908347676894,-7.54862252186947,62.3684040286651));
#8922=CARTESIAN_POINT('Origin',(-85.3028962435322,-7.54862252186947,62.3));
#8923=CARTESIAN_POINT('Origin',(-97.2627889225052,-7.54862252186945,62.3684040286651));
#8924=CARTESIAN_POINT('Origin',(-85.3028962435322,-30.6219955522126,62.3));
#8925=CARTESIAN_POINT('',(-85.4908347676894,7.54862252186952,62.3684040286651));
#8926=CARTESIAN_POINT('Origin',(-85.3028962435322,7.54862252186952,62.3));
#8927=CARTESIAN_POINT('',(-85.4908347676894,-30.6219955522126,62.3684040286651));
#8928=CARTESIAN_POINT('Origin',(-97.2627889225055,7.54862252186944,62.3));
#8929=CARTESIAN_POINT('',(-86.1376633719908,11.3970619599244,62.3684040286651));
#8930=CARTESIAN_POINT('Origin',(-85.9600514267241,11.4585020588905,62.3));
#8931=CARTESIAN_POINT('Origin',(-97.2627889225055,7.54862252186944,62.3684040286651));
#8932=CARTESIAN_POINT('Origin',(-67.8357645067533,-40.9354541781169,62.3));
#8933=CARTESIAN_POINT('',(-68.01337645202,-40.996894277083,62.3684040286651));
#8934=CARTESIAN_POINT('Origin',(-53.4509165631724,-52.2207921553969,62.300000004038));
#8935=CARTESIAN_POINT('',(-53.5472065354209,-52.3821895845491,62.3684040324826));
#8936=CARTESIAN_POINT('Origin',(-53.4509165649112,-52.2207921560709,62.3));
#8937=CARTESIAN_POINT('',(-53.2751654355961,-52.2873686570358,62.3684040286651));
#8938=CARTESIAN_POINT('Origin',(-53.4509165631724,-52.2207921553969,62.300000004038));
#8939=CARTESIAN_POINT('Origin',(-53.4509165624192,-52.2207921575576,62.3));
#8940=CARTESIAN_POINT('Ctrl Pts',(-52.7490358507584,-53.7139190017653,59.7152065313538));
#8941=CARTESIAN_POINT('Ctrl Pts',(-52.93340117872,-53.2348362714099,60.5957516992951));
#8942=CARTESIAN_POINT('Ctrl Pts',(-53.1083730524652,-52.7594542798528,61.480389685586));
#8943=CARTESIAN_POINT('Ctrl Pts',(-53.2751654373471,-52.2873686575092,62.3684040327032));
#8944=CARTESIAN_POINT('Ctrl Pts',(-52.7714823640684,-53.7599695527442,59.7357701929162));
#8945=CARTESIAN_POINT('Ctrl Pts',(-52.9564595109911,-53.2801770954311,60.6157554178074));
#8946=CARTESIAN_POINT('Ctrl Pts',(-53.1319283268326,-52.8041036059612,61.4999057843445));
#8947=CARTESIAN_POINT('Ctrl Pts',(-53.2992273654297,-52.331329976983,62.3874397546724));
#8948=CARTESIAN_POINT('Ctrl Pts',(-52.859640185312,-53.8376280438105,59.759978161708));
#8949=CARTESIAN_POINT('Ctrl Pts',(-53.0445875709228,-53.3559168403166,60.6392497722013));
#8950=CARTESIAN_POINT('Ctrl Pts',(-53.2200429834761,-52.8780072744157,61.5227143246998));
#8951=CARTESIAN_POINT('Ctrl Pts',(-53.3872333437196,-52.4034992171588,62.4096432340971));
#8952=CARTESIAN_POINT('Ctrl Pts',(-52.9771239878124,-53.83807394866,59.7357701929162));
#8953=CARTESIAN_POINT('Ctrl Pts',(-53.1607939953923,-53.3555112472643,60.6157554178074));
#8954=CARTESIAN_POINT('Ctrl Pts',(-53.3350287332894,-52.8768873820094,61.4999057843445));
#8955=CARTESIAN_POINT('Ctrl Pts',(-53.5010318684723,-52.4016696799474,62.3874397546724));
#8956=CARTESIAN_POINT('Ctrl Pts',(-53.0244817011797,-53.8185356224813,59.7152065313538));
#8957=CARTESIAN_POINT('Ctrl Pts',(-53.2077527090023,-53.3360000725684,60.5957516992951));
#8958=CARTESIAN_POINT('Ctrl Pts',(-53.3815834505601,-52.8573619683403,61.480389685586));
#8959=CARTESIAN_POINT('Ctrl Pts',(-53.547206535462,-52.3821895844311,62.3684040327032));
#8960=CARTESIAN_POINT('',(-53.0277928233021,-53.8098154582834,59.7311205680871));
#8961=CARTESIAN_POINT('',(-52.7523667550553,-53.7052612169467,59.7311205680871));
#8962=CARTESIAN_POINT('Ctrl Pts',(-53.0277928258613,-53.8098154574879,59.7311205663617));
#8963=CARTESIAN_POINT('Ctrl Pts',(-53.0273343462629,-53.8100468312575,59.7312200218059));
#8964=CARTESIAN_POINT('Ctrl Pts',(-53.0268748887942,-53.810276359328,59.7313190853063));
#8965=CARTESIAN_POINT('Ctrl Pts',(-53.0264144646822,-53.8105040407091,59.7314177570388));
#8966=CARTESIAN_POINT('Ctrl Pts',(-53.0145153400662,-53.8163882006744,59.7339678129793));
#8967=CARTESIAN_POINT('Ctrl Pts',(-53.0020111858365,-53.8210233627943,59.7362493720441));
#8968=CARTESIAN_POINT('Ctrl Pts',(-52.9890998498693,-53.8243928784115,59.7382603860451));
#8969=CARTESIAN_POINT('Ctrl Pts',(-52.9859969241942,-53.8252026595641,59.7387436843646));
#8970=CARTESIAN_POINT('Ctrl Pts',(-52.982870437482,-53.825939133908,59.7392112519273));
#8971=CARTESIAN_POINT('Ctrl Pts',(-52.9797230988376,-53.8266016757928,59.7396628511347));
#8972=CARTESIAN_POINT('Ctrl Pts',(-52.9667328536697,-53.829336234253,59.7415267701738));
#8973=CARTESIAN_POINT('Ctrl Pts',(-52.9534766373488,-53.830796097917,59.7431079582163));
#8974=CARTESIAN_POINT('Ctrl Pts',(-52.9401527371797,-53.8309608791254,59.7443885963292));
#8975=CARTESIAN_POINT('Ctrl Pts',(-52.9369491037184,-53.8310004995509,59.7446965163119));
#8976=CARTESIAN_POINT('Ctrl Pts',(-52.9337415631693,-53.8309650418196,59.7449869464856));
#8977=CARTESIAN_POINT('Ctrl Pts',(-52.9305329291633,-53.8308538309571,59.7452594125062));
#8978=CARTESIAN_POINT('Ctrl Pts',(-52.9172953800435,-53.8303950191227,59.7463834990566));
#8979=CARTESIAN_POINT('Ctrl Pts',(-52.9041672327218,-53.8286546633208,59.747193005789));
#8980=CARTESIAN_POINT('Ctrl Pts',(-52.8913424898007,-53.8256319521895,59.747658300314));
#8981=CARTESIAN_POINT('Ctrl Pts',(-52.8830922143402,-53.8236874142269,59.7479576285754));
#8982=CARTESIAN_POINT('Ctrl Pts',(-52.8749673401531,-53.8212112803499,59.7481140484927));
#8983=CARTESIAN_POINT('Ctrl Pts',(-52.8670219961529,-53.8181936969935,59.7481138885113));
#8984=CARTESIAN_POINT('Ctrl Pts',(-52.8639785436782,-53.8170378160735,59.7481138272306));
#8985=CARTESIAN_POINT('Ctrl Pts',(-52.8609614741659,-53.8158024086924,59.7480907384172));
#8986=CARTESIAN_POINT('Ctrl Pts',(-52.8579730906343,-53.8144890580773,59.7480451792275));
#8987=CARTESIAN_POINT('Ctrl Pts',(-52.8458493451472,-53.8091608502271,59.7478603475235));
#8988=CARTESIAN_POINT('Ctrl Pts',(-52.8343428895503,-53.8026178779921,59.7473101087001));
#8989=CARTESIAN_POINT('Ctrl Pts',(-52.8235769686292,-53.7950268004796,59.7464409855152));
#8990=CARTESIAN_POINT('Ctrl Pts',(-52.8136867122532,-53.7880531562073,59.7456425539474));
#8991=CARTESIAN_POINT('Ctrl Pts',(-52.804420711707,-53.7801937144904,59.74457446299));
#8992=CARTESIAN_POINT('Ctrl Pts',(-52.7958911980563,-53.7715486338921,59.7432534904396));
#8993=CARTESIAN_POINT('Ctrl Pts',(-52.7864754071673,-53.7620052678262,59.7417952594297));
#8994=CARTESIAN_POINT('Ctrl Pts',(-52.77806481994,-53.7516149110978,59.7400454993755));
#8995=CARTESIAN_POINT('Ctrl Pts',(-52.7707757086033,-53.7405406440641,59.7380251676694));
#8996=CARTESIAN_POINT('Ctrl Pts',(-52.7637425336014,-53.7298552183012,59.7360757741433));
#8997=CARTESIAN_POINT('Ctrl Pts',(-52.7577524963507,-53.7185318763363,59.7338740259281));
#8998=CARTESIAN_POINT('Ctrl Pts',(-52.7529405967415,-53.7066900031634,59.731417657643));
#8999=CARTESIAN_POINT('Ctrl Pts',(-52.7527473685818,-53.7062144771663,59.7313190189427));
#9000=CARTESIAN_POINT('Ctrl Pts',(-52.7525560862565,-53.7057382120777,59.7312199885654));
#9001=CARTESIAN_POINT('Ctrl Pts',(-52.7523667575549,-53.7052612161966,59.7311205663617));
#9002=CARTESIAN_POINT('Ctrl Pts',(-52.7523667575549,-53.7052612161967,59.7311205663617));
#9003=CARTESIAN_POINT('Ctrl Pts',(-52.9355089927847,-53.2291088535672,60.6064101919539));
#9004=CARTESIAN_POINT('Ctrl Pts',(-53.1093778332044,-52.7566103697509,61.4857392087729));
#9005=CARTESIAN_POINT('Ctrl Pts',(-53.2751654367606,-52.2873686591693,62.3684040295806));
#9006=CARTESIAN_POINT('Ctrl Pts',(-53.5472065354209,-52.3821895845491,62.3684040324826));
#9007=CARTESIAN_POINT('Ctrl Pts',(-53.3825811876792,-52.8544994620315,61.4857392108468));
#9008=CARTESIAN_POINT('Ctrl Pts',(-53.2098467735742,-53.3302334297344,60.606410192986));
#9009=CARTESIAN_POINT('Ctrl Pts',(-53.0277928258613,-53.8098154574879,59.7311205663617));
#9010=CARTESIAN_POINT('Origin',(-53.5904151546498,52.1375670674139,62.3));
#9011=CARTESIAN_POINT('',(-53.4240390278796,52.2249734361939,62.3684040286651));
#9012=CARTESIAN_POINT('Origin',(-53.5904151546499,52.1375670674139,62.3));
#9013=CARTESIAN_POINT('',(-53.6867051269395,52.2989644964481,62.3684040286651));
#9014=CARTESIAN_POINT('Origin',(-53.5904151546498,52.1375670674139,62.3));
#9015=CARTESIAN_POINT('Origin',(-53.5904151546499,52.1375670674139,62.3));
#9016=CARTESIAN_POINT('Origin',(-53.9328224052328,50.9220313460509,64.6860284085865));
#9017=CARTESIAN_POINT('',(-53.0455753953869,53.5685082583931,59.7311205680871));
#9018=CARTESIAN_POINT('',(-53.3082414944468,53.6424993186473,59.7311205680871));
#9019=CARTESIAN_POINT('Origin',(-53.2167093585765,53.4642117095301,59.6958710150954));
#9020=CARTESIAN_POINT('',(-54.0291123775224,51.083428775085,64.7544324372517));
#9021=CARTESIAN_POINT('',(-53.7664462784625,51.0094377148309,64.7544324372517));
#9022=CARTESIAN_POINT('Origin',(-52.7772068264063,52.6227284969414,62.3));
#9023=CARTESIAN_POINT('',(-52.873496798696,52.7841259259756,62.3684040286651));
#9024=CARTESIAN_POINT('Origin',(-19.2285722978323,-13.2694553612866,62.3));
#9025=CARTESIAN_POINT('',(-52.1891079044296,49.874308833426,62.3684040286651));
#9026=CARTESIAN_POINT('Origin',(-52.3554840311998,49.7869024646459,62.3));
#9027=CARTESIAN_POINT('',(-19.0621961710621,-13.1820489925066,62.3684040286651));
#9028=CARTESIAN_POINT('Origin',(-32.9150744366116,60.,62.3));
#9029=CARTESIAN_POINT('',(-32.9150744366116,38.2280458451842,62.3684040286651));
#9030=CARTESIAN_POINT('Origin',(-32.9150744366116,38.040107321027,62.3));
#9031=CARTESIAN_POINT('Origin',(-32.9150744366116,60.,62.3684040286651));
#9032=CARTESIAN_POINT('Origin',(15.9740606554126,38.0401073210271,62.3));
#9033=CARTESIAN_POINT('',(38.2858887287776,38.2280458451842,62.3684040286651));
#9034=CARTESIAN_POINT('Origin',(38.2858887287776,38.0401073210271,62.3));
#9035=CARTESIAN_POINT('',(15.9740606554126,38.2280458451842,62.3684040286651));
#9036=CARTESIAN_POINT('Origin',(38.2858887287776,69.9999999999999,62.3));
#9037=CARTESIAN_POINT('',(59.8153653130534,46.6346686558304,62.3684040286651));
#9038=CARTESIAN_POINT('Origin',(59.9427171918648,46.4964572676398,62.3));
#9039=CARTESIAN_POINT('Origin',(38.2858887287776,69.9999999999999,62.3684040286651));
#9040=CARTESIAN_POINT('Origin',(36.3089472203911,24.719633746326,62.3));
#9041=CARTESIAN_POINT('',(66.0639165245921,52.3922603207156,62.3684040286651));
#9042=CARTESIAN_POINT('Origin',(66.1912684034035,52.2540489325249,62.3));
#9043=CARTESIAN_POINT('',(36.1815953415797,24.8578451345166,62.3684040286651));
#9044=CARTESIAN_POINT('Ctrl Pts',(66.1912684034035,52.2540489325249,62.5));
#9045=CARTESIAN_POINT('Ctrl Pts',(66.2170671713678,52.2778206463778,62.5));
#9046=CARTESIAN_POINT('Ctrl Pts',(66.244061352913,52.2554156252734,62.5));
#9047=CARTESIAN_POINT('Ctrl Pts',(66.0963727496797,52.3570364986043,62.5));
#9048=CARTESIAN_POINT('Ctrl Pts',(66.2122522876509,52.463811179545,62.5));
#9049=CARTESIAN_POINT('Ctrl Pts',(66.3335012282857,52.3631752306732,62.5));
#9050=CARTESIAN_POINT('Ctrl Pts',(66.0639165245921,52.3922603207156,62.3684040286651));
#9051=CARTESIAN_POINT('Ctrl Pts',(66.2106055004319,52.5274236883561,62.3684040286651));
#9052=CARTESIAN_POINT('Ctrl Pts',(66.3640914672798,52.4000311863568,62.3684040286651));
#9053=CARTESIAN_POINT('',(66.3640914672798,52.4000311863568,62.3684040286651));
#9054=CARTESIAN_POINT('Origin',(66.244061352913,52.2554156252734,62.3));
#9055=CARTESIAN_POINT('Origin',(66.2184461345781,52.2245537104005,62.3684040286651));
#9056=CARTESIAN_POINT('Origin',(91.8696666644539,30.9863052112924,62.3));
#9057=CARTESIAN_POINT('',(98.6506652201811,25.6023538752835,62.3684040286651));
#9058=CARTESIAN_POINT('Origin',(98.5306351058143,25.4577383142001,62.3));
#9059=CARTESIAN_POINT('',(91.9896967788207,31.1309207723758,62.3684040286651));
#9060=CARTESIAN_POINT('Ctrl Pts',(98.5306351058143,25.4577383142001,62.5));
#9061=CARTESIAN_POINT('Ctrl Pts',(98.5614970206872,25.4321230958652,62.5));
#9062=CARTESIAN_POINT('Ctrl Pts',(98.5358818023523,25.4012611809923,62.5));
#9063=CARTESIAN_POINT('Ctrl Pts',(98.6200749811871,25.5654979195999,62.5));
#9064=CARTESIAN_POINT('Ctrl Pts',(98.7586965014599,25.4504428258922,62.5));
#9065=CARTESIAN_POINT('Ctrl Pts',(98.6436414077522,25.3118213056195,62.5));
#9066=CARTESIAN_POINT('Ctrl Pts',(98.6506652201811,25.6023538752835,62.3684040286651));
#9067=CARTESIAN_POINT('Ctrl Pts',(98.8261426961375,25.4567085425818,62.3684040286651));
#9068=CARTESIAN_POINT('Ctrl Pts',(98.6804973634358,25.2812310666255,62.3684040286651));
#9069=CARTESIAN_POINT('',(98.6804973634358,25.2812310666255,62.3684040286651));
#9070=CARTESIAN_POINT('Origin',(98.5358818023523,25.4012611809923,62.3));
#9071=CARTESIAN_POINT('Origin',(98.5050198874794,25.4268763993272,62.3684040286651));
#9072=CARTESIAN_POINT('Origin',(72.2326512972408,-6.28958955150488,62.3));
#9073=CARTESIAN_POINT('',(89.2383105589076,13.9050264383573,62.3684040286651));
#9074=CARTESIAN_POINT('Origin',(89.0936949978242,14.0250565527241,62.3));
#9075=CARTESIAN_POINT('',(72.3772668583242,-6.40961966587169,62.3684040286651));
#9076=CARTESIAN_POINT('Origin',(105.991466305453,1.11022302462516E-14,62.3));
#9077=CARTESIAN_POINT('',(89.2383105589075,-13.9050264383571,62.3684040286651));
#9078=CARTESIAN_POINT('Origin',(89.0936949978241,-14.0250565527239,62.3));
#9079=CARTESIAN_POINT('Origin',(105.991466305453,1.47279889653155E-14,62.3684040286651));
#9080=CARTESIAN_POINT('Origin',(93.8997994226567,-19.8155824694004,62.3));
#9081=CARTESIAN_POINT('',(98.6804973634358,-25.2812310666255,62.3684040286651));
#9082=CARTESIAN_POINT('Origin',(98.5358818023523,-25.4012611809923,62.3));
#9083=CARTESIAN_POINT('',(94.0444149837401,-19.6955523550336,62.3684040286651));
#9084=CARTESIAN_POINT('Ctrl Pts',(98.5358818023523,-25.4012611809923,62.5));
#9085=CARTESIAN_POINT('Ctrl Pts',(98.5614970206872,-25.4321230958652,62.5));
#9086=CARTESIAN_POINT('Ctrl Pts',(98.5306351058143,-25.4577383142001,62.5));
#9087=CARTESIAN_POINT('Ctrl Pts',(98.6436414077522,-25.3118213056195,62.5));
#9088=CARTESIAN_POINT('Ctrl Pts',(98.7586965014599,-25.4504428258922,62.5));
#9089=CARTESIAN_POINT('Ctrl Pts',(98.6200749811871,-25.5654979195999,62.5));
#9090=CARTESIAN_POINT('Ctrl Pts',(98.6804973634357,-25.2812310666255,62.3684040286651));
#9091=CARTESIAN_POINT('Ctrl Pts',(98.8261426961374,-25.4567085425818,62.3684040286651));
#9092=CARTESIAN_POINT('Ctrl Pts',(98.6506652201811,-25.6023538752835,62.3684040286651));
#9093=CARTESIAN_POINT('',(98.6506652201811,-25.6023538752835,62.3684040286651));
#9094=CARTESIAN_POINT('Origin',(98.5306351058143,-25.4577383142001,62.3));
#9095=CARTESIAN_POINT('Origin',(98.5050198874794,-25.4268763993272,62.3684040286651));
#9096=CARTESIAN_POINT('Origin',(81.6247120132245,-39.4895608032721,62.3));
#9097=CARTESIAN_POINT('',(66.3640914672798,-52.4000311863568,62.3684040286651));
#9098=CARTESIAN_POINT('Origin',(66.244061352913,-52.2554156252734,62.3));
#9099=CARTESIAN_POINT('',(81.7447421275913,-39.6341763643555,62.3684040286651));
#9100=CARTESIAN_POINT('Ctrl Pts',(66.244061352913,-52.2554156252734,62.5));
#9101=CARTESIAN_POINT('Ctrl Pts',(66.2170671713679,-52.2778206463778,62.5));
#9102=CARTESIAN_POINT('Ctrl Pts',(66.1912684034035,-52.2540489325249,62.5));
#9103=CARTESIAN_POINT('Ctrl Pts',(66.3335012282858,-52.3631752306732,62.5));
#9104=CARTESIAN_POINT('Ctrl Pts',(66.2122522876509,-52.4638111795451,62.5));
#9105=CARTESIAN_POINT('Ctrl Pts',(66.0963727496797,-52.3570364986043,62.5));
#9106=CARTESIAN_POINT('Ctrl Pts',(66.3640914672798,-52.4000311863568,62.3684040286651));
#9107=CARTESIAN_POINT('Ctrl Pts',(66.210605500432,-52.5274236883561,62.3684040286651));
#9108=CARTESIAN_POINT('Ctrl Pts',(66.0639165245921,-52.3922603207156,62.3684040286651));
#9109=CARTESIAN_POINT('',(66.0639165245921,-52.3922603207156,62.3684040286651));
#9110=CARTESIAN_POINT('Origin',(66.1912684034035,-52.2540489325249,62.3));
#9111=CARTESIAN_POINT('Origin',(66.2184461345781,-52.2245537104005,62.3684040286651));
#9112=CARTESIAN_POINT('Origin',(66.1912684034035,-52.254048932525,62.3));
#9113=CARTESIAN_POINT('',(59.8153653130534,-46.6346686558304,62.3684040286651));
#9114=CARTESIAN_POINT('Origin',(59.9427171918648,-46.4964572676398,62.3));
#9115=CARTESIAN_POINT('',(66.0639165245921,-52.3922603207156,62.3684040286651));
#9116=CARTESIAN_POINT('Origin',(38.2858887287775,-70.0000000000001,62.3));
#9117=CARTESIAN_POINT('',(38.2858887287776,-38.2280458451842,62.3684040286651));
#9118=CARTESIAN_POINT('Origin',(38.2858887287776,-38.040107321027,62.3));
#9119=CARTESIAN_POINT('Origin',(38.2858887287775,-70.0000000000001,62.3684040286651));
#9120=CARTESIAN_POINT('Origin',(51.5745422381072,-38.040107321027,62.3));
#9121=CARTESIAN_POINT('',(-32.9150744366117,-38.2280458451842,62.3684040286651));
#9122=CARTESIAN_POINT('Origin',(-32.9150744366117,-38.040107321027,62.3));
#9123=CARTESIAN_POINT('',(51.5745422381072,-38.2280458451842,62.3684040286651));
#9124=CARTESIAN_POINT('Origin',(-32.9150744366116,-60.,62.3));
#9125=CARTESIAN_POINT('Origin',(-32.9150744366116,-60.,62.3684040286651));
#9126=CARTESIAN_POINT('Origin',(-8.99262186928767,-78.7446840786647,62.3));
#9127=CARTESIAN_POINT('',(-9.08891184157732,-78.9060815076989,62.3684040286651));
#9128=CARTESIAN_POINT('Origin',(38.2858887287776,-40.,57.5));
#9129=CARTESIAN_POINT('',(-32.9150744366117,-39.9879385241572,57.5331386325234));
#9130=CARTESIAN_POINT('',(-32.9150744366117,-40.,57.5));
#9131=CARTESIAN_POINT('',(38.2858887287776,-39.9879385241572,57.5331386325235));
#9132=CARTESIAN_POINT('',(2.68540714608296,-39.9879385241572,57.5331386325235));
#9133=CARTESIAN_POINT('',(38.2858887287776,-40.,57.5));
#9134=CARTESIAN_POINT('Origin',(-32.9150744366116,-60.,57.5));
#9135=CARTESIAN_POINT('',(-52.0714551385803,-53.9213270333521,57.7684040286651));
#9136=CARTESIAN_POINT('',(-51.9783395931839,-53.9508743135707,57.5));
#9137=CARTESIAN_POINT('',(-51.5889416356884,-52.5700692825937,57.7684040286651));
#9138=CARTESIAN_POINT('Origin',(-32.9150744366116,-60.,57.7684040286651));
#9139=CARTESIAN_POINT('',(-51.486726931457,-52.3473439903264,57.7377893483501));
#9140=CARTESIAN_POINT('Ctrl Pts',(-51.4867269314575,-52.3473439903272,57.7377893483509));
#9141=CARTESIAN_POINT('Ctrl Pts',(-51.4887448358947,-52.3511850276469,57.738894776736));
#9142=CARTESIAN_POINT('Ctrl Pts',(-51.4907546782732,-52.355093297167,57.7399132264515));
#9143=CARTESIAN_POINT('Ctrl Pts',(-51.5054523905845,-52.3841193599898,57.7469243789633));
#9144=CARTESIAN_POINT('Ctrl Pts',(-51.5248097950499,-52.4222872328472,57.7548968065049));
#9145=CARTESIAN_POINT('Ctrl Pts',(-51.5876462520314,-52.5670813948801,57.7681325234629));
#9146=CARTESIAN_POINT('Ctrl Pts',(-51.5882941378448,-52.5685753021505,57.7682685368269));
#9147=CARTESIAN_POINT('Ctrl Pts',(-51.5889416356884,-52.5700692825937,57.7684040286651));
#9148=CARTESIAN_POINT('',(-50.943541617347,-51.3134025288344,57.5331386325234));
#9149=CARTESIAN_POINT('Ctrl Pts',(-50.943541617347,-51.3134025288344,57.5331386325234));
#9150=CARTESIAN_POINT('Ctrl Pts',(-51.2146297666421,-51.8294129400043,57.5887317795483));
#9151=CARTESIAN_POINT('Ctrl Pts',(-51.486726931457,-52.3473439903263,57.7377893483501));
#9152=CARTESIAN_POINT('Origin',(-32.9150744366116,-60.,57.5331386325234));
#9153=CARTESIAN_POINT('Origin',(-52.9315028510125,-53.6484180292492,57.5));
#9154=CARTESIAN_POINT('',(-53.437671416194,-54.496837684335,57.5331386325235));
#9155=CARTESIAN_POINT('',(-53.4438510921273,-54.5071958118138,57.5));
#9156=CARTESIAN_POINT('',(-52.7089111685034,-54.6109539872226,57.5331386325234));
#9157=CARTESIAN_POINT('Origin',(-52.9315028510125,-53.6484180292492,57.5331386325234));
#9158=CARTESIAN_POINT('',(-52.6459741128444,-54.5513340908279,57.6456524608412));
#9159=CARTESIAN_POINT('Ctrl Pts',(-52.6459741128444,-54.5513340908279,57.6456524608412));
#9160=CARTESIAN_POINT('Ctrl Pts',(-52.6594498095864,-54.5712876261483,57.604545133825));
#9161=CARTESIAN_POINT('Ctrl Pts',(-52.6793091536775,-54.5932147568134,57.562298982234));
#9162=CARTESIAN_POINT('Ctrl Pts',(-52.7089111685034,-54.6109539872226,57.5331386325234));
#9163=CARTESIAN_POINT('',(-52.5422092962126,-54.4624278084472,57.7684040284683));
#9164=CARTESIAN_POINT('Ctrl Pts',(-52.5422092959763,-54.4624278081755,57.7684040286651));
#9165=CARTESIAN_POINT('Ctrl Pts',(-52.542576049446,-54.4626942659234,57.7681783240881));
#9166=CARTESIAN_POINT('Ctrl Pts',(-52.5429426608223,-54.4629604975092,57.7679521037989));
#9167=CARTESIAN_POINT('Ctrl Pts',(-52.5697253329666,-54.4824016538996,57.7513801246748));
#9168=CARTESIAN_POINT('Ctrl Pts',(-52.5923209507745,-54.498314117874,57.7341249565566));
#9169=CARTESIAN_POINT('Ctrl Pts',(-52.6258013664664,-54.5268965562036,57.6924013177561));
#9170=CARTESIAN_POINT('Ctrl Pts',(-52.6376824628508,-54.5390566009007,57.6709459632343));
#9171=CARTESIAN_POINT('Ctrl Pts',(-52.6459741128444,-54.5513340908279,57.6456524608413));
#9172=CARTESIAN_POINT('Origin',(-52.9315028510125,-53.6484180292492,57.7684040286651));
#9173=CARTESIAN_POINT('Origin',(-53.4438510921273,-54.5071958118138,57.5));
#9174=CARTESIAN_POINT('',(-93.7556379556489,-30.4430723666895,57.5331386325234));
#9175=CARTESIAN_POINT('',(-93.7618176315822,-30.4534304941682,57.5));
#9176=CARTESIAN_POINT('',(-73.5966546859215,-42.4699550255122,57.5331386325235));
#9177=CARTESIAN_POINT('Origin',(-93.2494693904674,-29.5946527116036,57.5));
#9178=CARTESIAN_POINT('',(-94.1831240728501,-29.2716798620037,57.5331386325235));
#9179=CARTESIAN_POINT('',(-94.1945228118625,-29.2677367733114,57.5));
#9180=CARTESIAN_POINT('Origin',(-93.2494693904674,-29.5946527116036,57.5331386325234));
#9181=CARTESIAN_POINT('Origin',(-94.1945228118625,-29.2677367733114,57.5));
#9182=CARTESIAN_POINT('',(-87.8008559695423,-10.8217249934843,57.5331386325234));
#9183=CARTESIAN_POINT('',(-87.8122547085546,-10.8177819047919,57.5));
#9184=CARTESIAN_POINT('',(-90.9919900211962,-20.046702427744,57.5331386325235));
#9185=CARTESIAN_POINT('Origin',(-97.2627889225052,-7.54862252186945,57.5));
#9186=CARTESIAN_POINT('',(-87.2507274466624,-7.54862252186948,57.5331386325234));
#9187=CARTESIAN_POINT('',(-87.2627889225052,-7.54862252186948,57.5));
#9188=CARTESIAN_POINT('Origin',(-97.2627889225052,-7.54862252186945,57.5331386325234));
#9189=CARTESIAN_POINT('Origin',(-87.2627889225052,-7.54862252186948,57.5));
#9190=CARTESIAN_POINT('',(-87.2507274466624,7.54862252186951,57.5331386325234));
#9191=CARTESIAN_POINT('',(-87.2627889225052,7.54862252186951,57.5));
#9192=CARTESIAN_POINT('',(-87.2507274466624,1.55431223447522E-14,57.5331386325234));
#9193=CARTESIAN_POINT('Origin',(-97.2627889225055,7.54862252186944,57.5));
#9194=CARTESIAN_POINT('',(-87.8008559695423,10.8217249934843,57.5331386325234));
#9195=CARTESIAN_POINT('',(-87.8122547085546,10.817781904792,57.5));
#9196=CARTESIAN_POINT('Origin',(-97.2627889225055,7.54862252186944,57.5331386325234));
#9197=CARTESIAN_POINT('Origin',(-87.8122547085546,10.817781904792,57.5));
#9198=CARTESIAN_POINT('',(-94.1831240728501,29.2716798620037,57.5331386325234));
#9199=CARTESIAN_POINT('',(-94.1945228118625,29.2677367733114,57.5));
#9200=CARTESIAN_POINT('',(-90.9919900211962,20.046702427744,57.5331386325234));
#9201=CARTESIAN_POINT('Origin',(-93.2494693904674,29.5946527116036,57.5));
#9202=CARTESIAN_POINT('',(-93.7556379556489,30.4430723666895,57.5331386325234));
#9203=CARTESIAN_POINT('',(-93.7618176315822,30.4534304941682,57.5));
#9204=CARTESIAN_POINT('Origin',(-93.2494693904674,29.5946527116036,57.5331386325234));
#9205=CARTESIAN_POINT('Origin',(-93.7618176315822,30.4534304941682,57.5));
#9206=CARTESIAN_POINT('',(-53.7181200873387,54.3295215446989,57.5331386325234));
#9207=CARTESIAN_POINT('',(-53.724299763272,54.3398796721777,57.5));
#9208=CARTESIAN_POINT('',(-73.7368790214938,42.3862969556942,57.5331386325234));
#9209=CARTESIAN_POINT('Origin',(64.8631957474367,-53.6953685825558,62.5));
#9210=CARTESIAN_POINT('Ctrl Pts',(-52.5386748088686,-54.4583002285367,57.6258674548744));
#9211=CARTESIAN_POINT('Ctrl Pts',(-52.5224953790217,-54.4391154439243,57.6003082078492));
#9212=CARTESIAN_POINT('Ctrl Pts',(-52.4755149506738,-54.3831804290689,57.5606926837957));
#9213=CARTESIAN_POINT('Ctrl Pts',(-52.3771352677855,-54.2587056652692,57.5272878442315));
#9214=CARTESIAN_POINT('Ctrl Pts',(-52.2649207533928,-54.0931509158192,57.5151973460116));
#9215=CARTESIAN_POINT('Ctrl Pts',(-52.1968218364768,-53.957817130385,57.516298048526));
#9216=CARTESIAN_POINT('Ctrl Pts',(-52.167987274899,-53.8906956058119,57.5197514785594));
#9217=CARTESIAN_POINT('Ctrl Pts',(-52.5629364670952,-54.4649478248025,57.6143236676404));
#9218=CARTESIAN_POINT('Ctrl Pts',(-52.5474949721001,-54.4431357647211,57.5850887987661));
#9219=CARTESIAN_POINT('Ctrl Pts',(-52.5028125543654,-54.3801440291453,57.5409175973427));
#9220=CARTESIAN_POINT('Ctrl Pts',(-52.4096976896563,-54.2455893180573,57.5072731796653));
#9221=CARTESIAN_POINT('Ctrl Pts',(-52.3018394538013,-54.0743877956415,57.4980127102252));
#9222=CARTESIAN_POINT('Ctrl Pts',(-52.2325144619255,-53.9384412312317,57.4986492033302));
#9223=CARTESIAN_POINT('Ctrl Pts',(-52.2017387461646,-53.8712194665226,57.5014516942637));
#9224=CARTESIAN_POINT('Ctrl Pts',(-52.6012336832107,-54.4851084390616,57.590347343656));
#9225=CARTESIAN_POINT('Ctrl Pts',(-52.5866058913935,-54.4591075990517,57.5529351225866));
#9226=CARTESIAN_POINT('Ctrl Pts',(-52.5446230855536,-54.384571104438,57.4964872770875));
#9227=CARTESIAN_POINT('Ctrl Pts',(-52.4585383412531,-54.2314988264692,57.4537704161963));
#9228=CARTESIAN_POINT('Ctrl Pts',(-52.3572107526266,-54.0475848999892,57.4425102242908));
#9229=CARTESIAN_POINT('Ctrl Pts',(-52.2848960528462,-53.9088426997385,57.4433302806092));
#9230=CARTESIAN_POINT('Ctrl Pts',(-52.2502089453001,-53.840543901193,57.4467878464211));
#9231=CARTESIAN_POINT('Ctrl Pts',(-52.6266511255956,-54.5171649642398,57.5633177627921));
#9232=CARTESIAN_POINT('Ctrl Pts',(-52.6113017857677,-54.487945544555,57.5163102186321));
#9233=CARTESIAN_POINT('Ctrl Pts',(-52.5674401878531,-54.4044615133799,57.4439134289255));
#9234=CARTESIAN_POINT('Ctrl Pts',(-52.4790931976025,-54.2362734270841,57.3843226606151));
#9235=CARTESIAN_POINT('Ctrl Pts',(-52.3764310596758,-54.040840855385,57.3640094820346));
#9236=CARTESIAN_POINT('Ctrl Pts',(-52.3010329178233,-53.8973484780675,57.3658016144816));
#9237=CARTESIAN_POINT('Ctrl Pts',(-52.2636999928843,-53.8262953570218,57.3716766034873));
#9238=CARTESIAN_POINT('Ctrl Pts',(-52.6346628711774,-54.5324151481471,57.5517349097489));
#9239=CARTESIAN_POINT('Ctrl Pts',(-52.6186775642263,-54.5019874631525,57.5006164156984));
#9240=CARTESIAN_POINT('Ctrl Pts',(-52.5730643825767,-54.4151637614194,57.4213853675913));
#9241=CARTESIAN_POINT('Ctrl Pts',(-52.4818314227585,-54.2415038016225,57.3545756884629));
#9242=CARTESIAN_POINT('Ctrl Pts',(-52.3770071534265,-54.0419730790171,57.3303946920231));
#9243=CARTESIAN_POINT('Ctrl Pts',(-52.3004968424186,-53.8963373618358,57.332596097052));
#9244=CARTESIAN_POINT('Ctrl Pts',(-52.2624370912395,-53.8238914511386,57.3395029571188));
#9245=CARTESIAN_POINT('',(-52.5386748088686,-54.4583002285367,57.6258674548744));
#9246=CARTESIAN_POINT('',(-52.6346628712031,-54.5324151481961,57.5517349097116));
#9247=CARTESIAN_POINT('Origin',(-52.4576090951978,-54.6254310629756,57.5517349097489));
#9248=CARTESIAN_POINT('',(-52.2624370912395,-53.8238914511386,57.3395029571188));
#9249=CARTESIAN_POINT('Ctrl Pts',(-52.6346628711774,-54.5324151481471,57.5517349097489));
#9250=CARTESIAN_POINT('Ctrl Pts',(-52.6186775642263,-54.5019874631525,57.5006164156984));
#9251=CARTESIAN_POINT('Ctrl Pts',(-52.5730643825767,-54.4151637614194,57.4213853675913));
#9252=CARTESIAN_POINT('Ctrl Pts',(-52.4818314227585,-54.2415038016225,57.3545756884629));
#9253=CARTESIAN_POINT('Ctrl Pts',(-52.3770071534265,-54.0419730790171,57.3303946920231));
#9254=CARTESIAN_POINT('Ctrl Pts',(-52.3004968424186,-53.8963373618358,57.332596097052));
#9255=CARTESIAN_POINT('Ctrl Pts',(-52.2624370912395,-53.8238914511386,57.3395029571188));
#9256=CARTESIAN_POINT('',(-52.1679872748992,-53.8906956058118,57.5197514785593));
#9257=CARTESIAN_POINT('Origin',(-52.08538331526,-53.9169073659671,57.3395029571188));
#9258=CARTESIAN_POINT('Ctrl Pts',(-52.167987274899,-53.8906956058119,57.5197514785594));
#9259=CARTESIAN_POINT('Ctrl Pts',(-52.1968218364768,-53.957817130385,57.516298048526));
#9260=CARTESIAN_POINT('Ctrl Pts',(-52.2649207533928,-54.0931509158192,57.5151973460116));
#9261=CARTESIAN_POINT('Ctrl Pts',(-52.3771352677855,-54.2587056652692,57.5272878442315));
#9262=CARTESIAN_POINT('Ctrl Pts',(-52.4755149506738,-54.3831804290689,57.5606926837957));
#9263=CARTESIAN_POINT('Ctrl Pts',(-52.5224953790217,-54.4391154439243,57.6003082078492));
#9264=CARTESIAN_POINT('Ctrl Pts',(-52.5386748088686,-54.4583002285367,57.6258674548744));
#9265=CARTESIAN_POINT('Ctrl Pts',(-51.5913714198759,-52.5465325038637,57.8368080573302));
#9266=CARTESIAN_POINT('Ctrl Pts',(-51.569607582446,-52.5051055114628,57.8233267384147));
#9267=CARTESIAN_POINT('Ctrl Pts',(-51.5314701571263,-52.4325117497005,57.7929545715551));
#9268=CARTESIAN_POINT('Ctrl Pts',(-51.4802786945273,-52.3350699111769,57.7476193828808));
#9269=CARTESIAN_POINT('Ctrl Pts',(-51.4801214150136,-52.3347705330312,57.6978742289479));
#9270=CARTESIAN_POINT('Ctrl Pts',(-51.4803056905492,-52.3351212975156,57.6948911482237));
#9271=CARTESIAN_POINT('Ctrl Pts',(-51.4807705819708,-52.3360062082511,57.689702913456));
#9272=CARTESIAN_POINT('Ctrl Pts',(-51.4825874814017,-52.339464636902,57.6796009490312));
#9273=CARTESIAN_POINT('Ctrl Pts',(-51.4886001020342,-52.3509095298376,57.6620783144341));
#9274=CARTESIAN_POINT('Ctrl Pts',(-51.5043695360812,-52.3809263054425,57.6360595612277));
#9275=CARTESIAN_POINT('Ctrl Pts',(-51.5300157102153,-52.4297432415367,57.6096509570778));
#9276=CARTESIAN_POINT('Ctrl Pts',(-51.562086557401,-52.4907894034067,57.5843163650107));
#9277=CARTESIAN_POINT('Ctrl Pts',(-51.6057038863344,-52.5738140427935,57.5557329478576));
#9278=CARTESIAN_POINT('Ctrl Pts',(-51.6492016419262,-52.6566110769196,57.5321636188328));
#9279=CARTESIAN_POINT('Ctrl Pts',(-51.6875603164585,-52.7296259817356,57.5137671463056));
#9280=CARTESIAN_POINT('Ctrl Pts',(-51.7095853976894,-52.7715502460444,57.5037713919847));
#9281=CARTESIAN_POINT('Ctrl Pts',(-51.809486622968,-52.9617100610986,57.4600366398439));
#9282=CARTESIAN_POINT('Ctrl Pts',(-51.9937845972312,-53.3125172569438,57.3981816667709));
#9283=CARTESIAN_POINT('Ctrl Pts',(-52.1721621488392,-53.6520550567131,57.3558855233448));
#9284=CARTESIAN_POINT('Ctrl Pts',(-52.2624370916077,-53.8238914518394,57.339502957052));
#9285=CARTESIAN_POINT('Ctrl Pts',(-51.5931562713754,-52.5499299299722,57.8234866334713));
#9286=CARTESIAN_POINT('Ctrl Pts',(-51.5713678634026,-52.5084577818097,57.8113750484749));
#9287=CARTESIAN_POINT('Ctrl Pts',(-51.5331815697558,-52.4357825074061,57.7840349215552));
#9288=CARTESIAN_POINT('Ctrl Pts',(-51.4819180275731,-52.3382116097133,57.7430784577278));
#9289=CARTESIAN_POINT('Ctrl Pts',(-51.4817599482473,-52.3379120094518,57.69807691502));
#9290=CARTESIAN_POINT('Ctrl Pts',(-51.4819444850438,-52.3382632481325,57.6953783783694));
#9291=CARTESIAN_POINT('Ctrl Pts',(-51.4824099865424,-52.3391493711562,57.6906850361888));
#9292=CARTESIAN_POINT('Ctrl Pts',(-51.4842293427002,-52.3426125045869,57.6815471056145));
#9293=CARTESIAN_POINT('Ctrl Pts',(-51.490249824349,-52.3540730087958,57.6656992955696));
#9294=CARTESIAN_POINT('Ctrl Pts',(-51.5060402874884,-52.3841298485046,57.6421797961744));
#9295=CARTESIAN_POINT('Ctrl Pts',(-51.5317176772386,-52.4330105088819,57.6183382714176));
#9296=CARTESIAN_POINT('Ctrl Pts',(-51.5638277153485,-52.4941307111491,57.5955080262015));
#9297=CARTESIAN_POINT('Ctrl Pts',(-51.6074933250675,-52.5772502991926,57.5698036005163));
#9298=CARTESIAN_POINT('Ctrl Pts',(-51.651031765968,-52.6601326723843,57.5486818554028));
#9299=CARTESIAN_POINT('Ctrl Pts',(-51.689423853992,-52.7332114492095,57.5322578757188));
#9300=CARTESIAN_POINT('Ctrl Pts',(-51.7114679864826,-52.7751686580368,57.5233529635463));
#9301=CARTESIAN_POINT('Ctrl Pts',(-51.8114402358788,-52.9654727564966,57.4844495877738));
#9302=CARTESIAN_POINT('Ctrl Pts',(-51.9957781748058,-53.3163988768325,57.4302925371625));
#9303=CARTESIAN_POINT('Ctrl Pts',(-52.1739708243354,-53.6556216500623,57.3951557225497));
#9304=CARTESIAN_POINT('Ctrl Pts',(-52.2641209604667,-53.8270966596825,57.3824011522247));
#9305=CARTESIAN_POINT('Ctrl Pts',(-51.5940377793533,-52.5570530158828,57.8001748919288));
#9306=CARTESIAN_POINT('Ctrl Pts',(-51.572640393646,-52.5152739924994,57.7904597317955));
#9307=CARTESIAN_POINT('Ctrl Pts',(-51.5351190714013,-52.4420623513165,57.7684288025079));
#9308=CARTESIAN_POINT('Ctrl Pts',(-51.484626066552,-52.3437948505064,57.7351381895074));
#9309=CARTESIAN_POINT('Ctrl Pts',(-51.4844704132805,-52.3434928994552,57.698438490388));
#9310=CARTESIAN_POINT('Ctrl Pts',(-51.4846522372157,-52.3438466325001,57.6962378966894));
#9311=CARTESIAN_POINT('Ctrl Pts',(-51.4851109069034,-52.3447390288109,57.6924106376394));
#9312=CARTESIAN_POINT('Ctrl Pts',(-51.4869034885427,-52.3482267209633,57.6849597803695));
#9313=CARTESIAN_POINT('Ctrl Pts',(-51.4928351672959,-52.3597684471364,57.6720431843041));
#9314=CARTESIAN_POINT('Ctrl Pts',(-51.508388251501,-52.3900394330698,57.6528974386407));
#9315=CARTESIAN_POINT('Ctrl Pts',(-51.5336664804246,-52.4392701387609,57.6335501439198));
#9316=CARTESIAN_POINT('Ctrl Pts',(-51.5652456772565,-52.500834724261,57.6151024439295));
#9317=CARTESIAN_POINT('Ctrl Pts',(-51.6081502283007,-52.5845646290151,57.5944376216444));
#9318=CARTESIAN_POINT('Ctrl Pts',(-51.6508687333931,-52.6680645173149,57.5776022199581));
#9319=CARTESIAN_POINT('Ctrl Pts',(-51.688475989803,-52.7416977337095,57.5646296230297));
#9320=CARTESIAN_POINT('Ctrl Pts',(-51.7100505010221,-52.7839764454177,57.5576318306632));
#9321=CARTESIAN_POINT('Ctrl Pts',(-51.8078482474978,-52.9757397332608,57.527183852033));
#9322=CARTESIAN_POINT('Ctrl Pts',(-51.987332359912,-53.3294575809301,57.4864993341726));
#9323=CARTESIAN_POINT('Ctrl Pts',(-52.1587752229549,-53.6714958212546,57.4638099066866));
#9324=CARTESIAN_POINT('Ctrl Pts',(-52.2447272379286,-53.8444211086588,57.4572492343581));
#9325=CARTESIAN_POINT('Ctrl Pts',(-51.5909668200675,-52.5659669362271,57.7777408071323));
#9326=CARTESIAN_POINT('Ctrl Pts',(-51.5707054375105,-52.5235479696164,57.770164438608));
#9327=CARTESIAN_POINT('Ctrl Pts',(-51.5351254052053,-52.4492270577055,57.7530174739395));
#9328=CARTESIAN_POINT('Ctrl Pts',(-51.486984501056,-52.3495389376263,57.7272039871683));
#9329=CARTESIAN_POINT('Ctrl Pts',(-51.4868346230592,-52.3492330328795,57.6987872723361));
#9330=CARTESIAN_POINT('Ctrl Pts',(-51.4870081092536,-52.3495918431815,57.6970833140386));
#9331=CARTESIAN_POINT('Ctrl Pts',(-51.4874456362668,-52.3504970790402,57.6941197754342));
#9332=CARTESIAN_POINT('Ctrl Pts',(-51.4891556341619,-52.3540349374055,57.6883501391181));
#9333=CARTESIAN_POINT('Ctrl Pts',(-51.4948129027662,-52.3657429891811,57.6783462655028));
#9334=CARTESIAN_POINT('Ctrl Pts',(-51.5096384707552,-52.3964523597366,57.6635102915152));
#9335=CARTESIAN_POINT('Ctrl Pts',(-51.5336997804343,-52.4464052758406,57.6484978216966));
#9336=CARTESIAN_POINT('Ctrl Pts',(-51.563696612963,-52.5088891785948,57.6341574000682));
#9337=CARTESIAN_POINT('Ctrl Pts',(-51.6043632357719,-52.5938917907363,57.6180574399611));
#9338=CARTESIAN_POINT('Ctrl Pts',(-51.6447203756249,-52.678693879862,57.6048904046664));
#9339=CARTESIAN_POINT('Ctrl Pts',(-51.6801337009478,-52.7535024198595,57.5947027154987));
#9340=CARTESIAN_POINT('Ctrl Pts',(-51.7004165711335,-52.7964635006777,57.5891944349662));
#9341=CARTESIAN_POINT('Ctrl Pts',(-51.7922493600412,-52.9913472304481,57.5651799101095));
#9342=CARTESIAN_POINT('Ctrl Pts',(-51.9591519719696,-53.351183767491,57.5324583419187));
#9343=CARTESIAN_POINT('Ctrl Pts',(-52.1155773857058,-53.6997236512808,57.5126360740748));
#9344=CARTESIAN_POINT('Ctrl Pts',(-52.1933008786653,-53.8760885020645,57.5060266403106));
#9345=CARTESIAN_POINT('Ctrl Pts',(-51.5889416356884,-52.5700692825937,57.7684040286651));
#9346=CARTESIAN_POINT('Ctrl Pts',(-51.5692949824584,-52.5273271168679,57.7616633692074));
#9347=CARTESIAN_POINT('Ctrl Pts',(-51.5347719213395,-52.4524435815578,57.7464772857923));
#9348=CARTESIAN_POINT('Ctrl Pts',(-51.4879334876662,-52.3520263818748,57.7238096914672));
#9349=CARTESIAN_POINT('Ctrl Pts',(-51.4877869797277,-52.3517183997959,57.6989371145029));
#9350=CARTESIAN_POINT('Ctrl Pts',(-51.487955839244,-52.3520798193967,57.6974455741407));
#9351=CARTESIAN_POINT('Ctrl Pts',(-51.4883816476725,-52.3529916500287,57.6948514567569));
#9352=CARTESIAN_POINT('Ctrl Pts',(-51.490045861433,-52.3565552773513,57.6898004745445));
#9353=CARTESIAN_POINT('Ctrl Pts',(-51.4955511180811,-52.3683487284505,57.6810391572459));
#9354=CARTESIAN_POINT('Ctrl Pts',(-51.5099742743612,-52.3992829472361,57.6680297806426));
#9355=CARTESIAN_POINT('Ctrl Pts',(-51.533365675935,-52.4496051561567,57.6548254785672));
#9356=CARTESIAN_POINT('Ctrl Pts',(-51.5624970085116,-52.5125569807977,57.6421581825336));
#9357=CARTESIAN_POINT('Ctrl Pts',(-51.6019486283465,-52.5982039907859,57.6278664739566));
#9358=CARTESIAN_POINT('Ctrl Pts',(-51.6410382412836,-52.6836598826957,57.6160818094431));
#9359=CARTESIAN_POINT('Ctrl Pts',(-51.6752881640792,-52.7590529428395,57.606883573179));
#9360=CARTESIAN_POINT('Ctrl Pts',(-51.6948903050345,-52.8023516906689,57.6018856960186));
#9361=CARTESIAN_POINT('Ctrl Pts',(-51.7835953856247,-52.9987736962491,57.5800183199459));
#9362=CARTESIAN_POINT('Ctrl Pts',(-51.9441219457236,-53.3615381214893,57.5490908334007));
#9363=CARTESIAN_POINT('Ctrl Pts',(-52.093702216018,-53.7129214575886,57.5279427616724));
#9364=CARTESIAN_POINT('Ctrl Pts',(-52.1679872752021,-53.8906956065372,57.519751478526));
#9365=CARTESIAN_POINT('Ctrl Pts',(-51.5889416356884,-52.5700692825937,57.7684040286651));
#9366=CARTESIAN_POINT('Ctrl Pts',(-51.5692949824584,-52.5273271168679,57.7616633692074));
#9367=CARTESIAN_POINT('Ctrl Pts',(-51.5347719213395,-52.4524435815578,57.7464772857923));
#9368=CARTESIAN_POINT('Ctrl Pts',(-51.4879334876662,-52.3520263818748,57.7238096914672));
#9369=CARTESIAN_POINT('Ctrl Pts',(-51.4877869797277,-52.3517183997959,57.6989371145029));
#9370=CARTESIAN_POINT('Ctrl Pts',(-51.487955839244,-52.3520798193967,57.6974455741407));
#9371=CARTESIAN_POINT('Ctrl Pts',(-51.4883816476725,-52.3529916500287,57.6948514567569));
#9372=CARTESIAN_POINT('Ctrl Pts',(-51.490045861433,-52.3565552773513,57.6898004745445));
#9373=CARTESIAN_POINT('Ctrl Pts',(-51.4955511180811,-52.3683487284505,57.6810391572459));
#9374=CARTESIAN_POINT('Ctrl Pts',(-51.5099742743612,-52.3992829472361,57.6680297806426));
#9375=CARTESIAN_POINT('Ctrl Pts',(-51.533365675935,-52.4496051561567,57.6548254785672));
#9376=CARTESIAN_POINT('Ctrl Pts',(-51.5624970085116,-52.5125569807977,57.6421581825336));
#9377=CARTESIAN_POINT('Ctrl Pts',(-51.6019486283465,-52.5982039907859,57.6278664739566));
#9378=CARTESIAN_POINT('Ctrl Pts',(-51.6410382412836,-52.6836598826957,57.6160818094431));
#9379=CARTESIAN_POINT('Ctrl Pts',(-51.6752881640792,-52.7590529428395,57.606883573179));
#9380=CARTESIAN_POINT('Ctrl Pts',(-51.6948903050345,-52.8023516906689,57.6018856960186));
#9381=CARTESIAN_POINT('Ctrl Pts',(-51.7835953856247,-52.9987736962491,57.5800183199459));
#9382=CARTESIAN_POINT('Ctrl Pts',(-51.9441219457236,-53.3615381214893,57.5490908334007));
#9383=CARTESIAN_POINT('Ctrl Pts',(-52.093702216018,-53.7129214575886,57.5279427616724));
#9384=CARTESIAN_POINT('Ctrl Pts',(-52.1679872752021,-53.8906956065372,57.519751478526));
#9385=CARTESIAN_POINT('Ctrl Pts',(-52.2624370916077,-53.8238914518394,57.339502957052));
#9386=CARTESIAN_POINT('Ctrl Pts',(-52.1721621488392,-53.6520550567131,57.3558855233448));
#9387=CARTESIAN_POINT('Ctrl Pts',(-51.9937845972312,-53.3125172569438,57.3981816667709));
#9388=CARTESIAN_POINT('Ctrl Pts',(-51.809486622968,-52.9617100610986,57.4600366398439));
#9389=CARTESIAN_POINT('Ctrl Pts',(-51.7095853976894,-52.7715502460444,57.5037713919847));
#9390=CARTESIAN_POINT('Ctrl Pts',(-51.6875603164585,-52.7296259817356,57.5137671463056));
#9391=CARTESIAN_POINT('Ctrl Pts',(-51.6492016419262,-52.6566110769196,57.5321636188328));
#9392=CARTESIAN_POINT('Ctrl Pts',(-51.6057038863344,-52.5738140427935,57.5557329478576));
#9393=CARTESIAN_POINT('Ctrl Pts',(-51.562086557401,-52.4907894034067,57.5843163650107));
#9394=CARTESIAN_POINT('Ctrl Pts',(-51.5300157102153,-52.4297432415367,57.6096509570778));
#9395=CARTESIAN_POINT('Ctrl Pts',(-51.5043695360812,-52.3809263054425,57.6360595612277));
#9396=CARTESIAN_POINT('Ctrl Pts',(-51.4886001020342,-52.3509095298376,57.6620783144341));
#9397=CARTESIAN_POINT('Ctrl Pts',(-51.4825874814017,-52.339464636902,57.6796009490312));
#9398=CARTESIAN_POINT('Ctrl Pts',(-51.4807705819708,-52.3360062082511,57.689702913456));
#9399=CARTESIAN_POINT('Ctrl Pts',(-51.4803056905492,-52.3351212975156,57.6948911482237));
#9400=CARTESIAN_POINT('Ctrl Pts',(-51.4801214150136,-52.3347705330312,57.6978742289479));
#9401=CARTESIAN_POINT('Ctrl Pts',(-51.4801729319021,-52.3348685943119,57.7141682489868));
#9402=CARTESIAN_POINT('Ctrl Pts',(-51.4828018539457,-52.3398726903915,57.7270775639491));
#9403=CARTESIAN_POINT('Ctrl Pts',(-51.4868317936281,-52.3475435931531,57.7376037423279));
#9404=CARTESIAN_POINT('Ctrl Pts',(-52.6346628712089,-54.5324151482071,57.5517349097488));
#9405=CARTESIAN_POINT('Ctrl Pts',(-52.6412193114801,-54.5448951900375,57.5936678365785));
#9406=CARTESIAN_POINT('Ctrl Pts',(-52.6538449939031,-54.5622303122949,57.6927958266301));
#9407=CARTESIAN_POINT('Ctrl Pts',(-52.6428787426762,-54.5474441172912,57.7938359226647));
#9408=CARTESIAN_POINT('Ctrl Pts',(-52.6364207280561,-54.5356870349737,57.8368080573303));
#9409=CARTESIAN_POINT('Ctrl Pts',(-52.615968798187,-54.4968313857317,57.5787615668516));
#9410=CARTESIAN_POINT('Ctrl Pts',(-52.6207974669301,-54.5122869943195,57.6124049906689));
#9411=CARTESIAN_POINT('Ctrl Pts',(-52.6324183972168,-54.5349506727754,57.6940220652715));
#9412=CARTESIAN_POINT('Ctrl Pts',(-52.6222434353754,-54.515554336093,57.7773871815469));
#9413=CARTESIAN_POINT('Ctrl Pts',(-52.617305106606,-54.5008862566918,57.8120196877548));
#9414=CARTESIAN_POINT('Ctrl Pts',(-52.5811327107851,-54.4699335220132,57.6056658272185));
#9415=CARTESIAN_POINT('Ctrl Pts',(-52.5891304586261,-54.4871361074112,57.6311327914214));
#9416=CARTESIAN_POINT('Ctrl Pts',(-52.6053261147196,-54.5120971288809,57.6952480407623));
#9417=CARTESIAN_POINT('Ctrl Pts',(-52.5912356581279,-54.490746209448,57.7609423348716));
#9418=CARTESIAN_POINT('Ctrl Pts',(-52.5832996712864,-54.474443479595,57.7873293850917));
#9419=CARTESIAN_POINT('Ctrl Pts',(-52.5386748088686,-54.4583002285367,57.6258674548744));
#9420=CARTESIAN_POINT('Ctrl Pts',(-52.5519469300433,-54.4740376672864,57.6468339182893));
#9421=CARTESIAN_POINT('Ctrl Pts',(-52.5753805150658,-54.4960488333687,57.6963979133151));
#9422=CARTESIAN_POINT('Ctrl Pts',(-52.5551096081408,-54.4772658668872,57.7469179613324));
#9423=CARTESIAN_POINT('Ctrl Pts',(-52.5422092959763,-54.4624278081755,57.7684040286651));
#9424=CARTESIAN_POINT('Ctrl Pts',(-52.6459257643924,-54.5512648552723,57.6456635651596));
#9425=CARTESIAN_POINT('Ctrl Pts',(-52.6434712335426,-54.5476316794165,57.6123235883449));
#9426=CARTESIAN_POINT('Ctrl Pts',(-52.6391234274908,-54.5409057203288,57.5802632227433));
#9427=CARTESIAN_POINT('Ctrl Pts',(-52.6346628712089,-54.5324151482071,57.5517349097488));
#9428=CARTESIAN_POINT('Ctrl Pts',(-52.5386748088686,-54.4583002285367,57.6258674548744));
#9429=CARTESIAN_POINT('Ctrl Pts',(-52.5519469300433,-54.4740376672864,57.6468339182893));
#9430=CARTESIAN_POINT('Ctrl Pts',(-52.5753805150658,-54.4960488333687,57.6963979133151));
#9431=CARTESIAN_POINT('Ctrl Pts',(-52.5551096081408,-54.4772658668872,57.7469179613324));
#9432=CARTESIAN_POINT('Ctrl Pts',(-52.5422092959763,-54.4624278081755,57.7684040286651));
#9433=CARTESIAN_POINT('Origin',(-32.9150744366116,-60.,57.7));
#9434=CARTESIAN_POINT('Origin',(-52.2505912345374,-53.8644838456546,57.7));
#9435=CARTESIAN_POINT('Origin',(-52.6785154632667,-54.6158876058466,0.));
#9436=CARTESIAN_POINT('',(-52.6346628712405,-54.5324151482672,0.2));
#9437=CARTESIAN_POINT('',(-52.6346628712405,-54.5324151482672,0.));
#9438=CARTESIAN_POINT('',(-50.6204520345657,-50.6984085171479,0.2));
#9439=CARTESIAN_POINT('',(-35.4170750516811,-21.7591102538064,0.2));
#9440=CARTESIAN_POINT('',(-50.6204520345657,-50.6984085171479,57.4647346038583));
#9441=CARTESIAN_POINT('',(-50.6204520345657,-50.6984085171479,0.));
#9442=CARTESIAN_POINT('',(-50.7851168880487,-51.0118444934969,57.5));
#9443=CARTESIAN_POINT('Ctrl Pts',(-50.7851168880487,-51.0118444934969,57.5));
#9444=CARTESIAN_POINT('Ctrl Pts',(-50.7290730656667,-50.905166293413,57.4880930982815));
#9445=CARTESIAN_POINT('Ctrl Pts',(-50.6740642533467,-50.8004582125288,57.4762621405986));
#9446=CARTESIAN_POINT('Ctrl Pts',(-50.6204520345657,-50.6984085171479,57.4647346038583));
#9447=CARTESIAN_POINT('Ctrl Pts',(-50.7851168880487,-51.0118444934969,57.5));
#9448=CARTESIAN_POINT('Ctrl Pts',(-50.8371297717822,-51.110849889311,57.5110505006332));
#9449=CARTESIAN_POINT('Ctrl Pts',(-50.8900335634382,-51.211551109028,57.5221655187374));
#9450=CARTESIAN_POINT('Ctrl Pts',(-50.943541617347,-51.3134025288344,57.5331386325234));
#9451=CARTESIAN_POINT('Origin',(-52.81171664722,-54.4393992334387,0.2));
#9452=CARTESIAN_POINT('',(-52.7817700962719,-54.637144534486,0.2));
#9453=CARTESIAN_POINT('Origin',(-52.81171664722,-54.4393992334387,0.2));
#9454=CARTESIAN_POINT('',(-52.81171664722,-54.4393992334386,0.));
#9455=CARTESIAN_POINT('Origin',(-52.81171664722,-54.4393992334387,0.2));
#9456=CARTESIAN_POINT('Origin',(-52.81171664722,-54.4393992334386,0.2));
#9457=CARTESIAN_POINT('Origin',(-35.5941288276606,-21.6660943389778,0.2));
#9458=CARTESIAN_POINT('',(-50.7975058105453,-50.6053926023194,0.));
#9459=CARTESIAN_POINT('Origin',(-50.7975058105453,-50.6053926023194,0.2));
#9460=CARTESIAN_POINT('',(-35.5941288276606,-21.6660943389778,0.));
#9461=CARTESIAN_POINT('Origin',(-32.9150744366116,-60.,0.2));
#9462=CARTESIAN_POINT('',(-32.9150744366117,-39.8,0.));
#9463=CARTESIAN_POINT('',(-32.9150744366117,-40.,0.2));
#9464=CARTESIAN_POINT('Origin',(-32.9150744366117,-39.8,0.2));
#9465=CARTESIAN_POINT('Origin',(-32.9150744366116,-60.,0.2));
#9466=CARTESIAN_POINT('Origin',(-32.9150744366116,-60.,0.));
#9467=CARTESIAN_POINT('Origin',(-14.8936495940528,-39.8,0.2));
#9468=CARTESIAN_POINT('',(38.2858887287776,-39.8,0.));
#9469=CARTESIAN_POINT('',(38.2858887287776,-40.,0.2));
#9470=CARTESIAN_POINT('Origin',(38.2858887287776,-39.8,0.2));
#9471=CARTESIAN_POINT('',(-14.8936495940528,-40.,0.2));
#9472=CARTESIAN_POINT('',(-14.8936495940528,-39.8,0.));
#9473=CARTESIAN_POINT('Origin',(38.2858887287775,-70.0000000000001,0.2));
#9474=CARTESIAN_POINT('',(58.7501695746121,-47.7906954304551,0.));
#9475=CARTESIAN_POINT('',(58.614644535898,-47.9377769176706,0.2));
#9476=CARTESIAN_POINT('Origin',(58.7501695746121,-47.7906954304551,0.2));
#9477=CARTESIAN_POINT('Origin',(38.2858887287775,-70.0000000000001,0.2));
#9478=CARTESIAN_POINT('Origin',(38.2858887287775,-70.0000000000001,0.));
#9479=CARTESIAN_POINT('Origin',(31.822265556777,-22.9785637094868,0.2));
#9480=CARTESIAN_POINT('',(64.9987207861509,-53.5482870953403,0.));
#9481=CARTESIAN_POINT('',(64.8631957474367,-53.6953685825558,0.2));
#9482=CARTESIAN_POINT('Origin',(64.9987207861509,-53.5482870953403,0.2));
#9483=CARTESIAN_POINT('',(31.6867405180629,-23.1256451967023,0.2));
#9484=CARTESIAN_POINT('',(31.822265556777,-22.9785637094868,0.));
#9485=CARTESIAN_POINT('Origin',(66.2184461345781,-52.2245537104005,0.2));
#9486=CARTESIAN_POINT('',(67.3680465522102,-53.6096237013324,0.));
#9487=CARTESIAN_POINT('',(67.4957799319471,-53.7635203669915,0.2));
#9488=CARTESIAN_POINT('Origin',(67.3680465522102,-53.6096237013324,0.2));
#9489=CARTESIAN_POINT('Origin',(66.2184461345781,-52.2245537104005,0.2));
#9490=CARTESIAN_POINT('Origin',(66.2184461345781,-52.2245537104005,0.));
#9491=CARTESIAN_POINT('Origin',(61.5020614918713,-58.4783587972765,0.2));
#9492=CARTESIAN_POINT('',(99.6546203051115,-26.8119463902591,0.));
#9493=CARTESIAN_POINT('',(99.7823536848484,-26.9658430559182,0.2));
#9494=CARTESIAN_POINT('Origin',(99.6546203051115,-26.8119463902591,0.2));
#9495=CARTESIAN_POINT('',(61.6297948716082,-58.6322554629356,0.2));
#9496=CARTESIAN_POINT('',(61.5020614918713,-58.4783587972765,0.));
#9497=CARTESIAN_POINT('Origin',(98.5050198874794,-25.4268763993272,0.2));
#9498=CARTESIAN_POINT('',(99.8900898784113,-24.2772759816951,0.));
#9499=CARTESIAN_POINT('',(100.04398654407,-24.1495426019582,0.2));
#9500=CARTESIAN_POINT('Origin',(99.8900898784113,-24.2772759816951,0.2));
#9501=CARTESIAN_POINT('Origin',(98.5050198874794,-25.4268763993272,0.2));
#9502=CARTESIAN_POINT('Origin',(98.5050198874794,-25.4268763993272,0.));
#9503=CARTESIAN_POINT('Origin',(74.2107394957143,6.66190693454025,0.2));
#9504=CARTESIAN_POINT('',(90.4479030738831,-12.9010713534267,0.));
#9505=CARTESIAN_POINT('',(90.6017997395422,-12.7733379736898,0.2));
#9506=CARTESIAN_POINT('Origin',(90.4479030738831,-12.9010713534267,0.2));
#9507=CARTESIAN_POINT('',(74.3646361613734,6.78964031427715,0.2));
#9508=CARTESIAN_POINT('',(74.2107394957143,6.66190693454025,0.));
#9509=CARTESIAN_POINT('Origin',(105.991466305453,1.11022302462516E-14,0.2));
#9510=CARTESIAN_POINT('',(90.4479030738832,12.9010713534269,0.));
#9511=CARTESIAN_POINT('',(90.6017997395423,12.77333797369,0.2));
#9512=CARTESIAN_POINT('Origin',(90.4479030738832,12.9010713534269,0.2));
#9513=CARTESIAN_POINT('Origin',(105.991466305453,1.11022302462516E-14,0.2));
#9514=CARTESIAN_POINT('Origin',(105.991466305453,1.11022302462516E-14,0.));
#9515=CARTESIAN_POINT('Origin',(69.4485328762328,-12.3995435760154,0.2));
#9516=CARTESIAN_POINT('',(99.8900898784113,24.2772759816951,0.));
#9517=CARTESIAN_POINT('',(100.04398654407,24.1495426019582,0.2));
#9518=CARTESIAN_POINT('Origin',(99.8900898784113,24.2772759816951,0.2));
#9519=CARTESIAN_POINT('',(69.602429541892,-12.5272769557523,0.2));
#9520=CARTESIAN_POINT('',(69.4485328762328,-12.3995435760154,0.));
#9521=CARTESIAN_POINT('Origin',(98.5050198874794,25.4268763993272,0.2));
#9522=CARTESIAN_POINT('',(99.6546203051115,26.8119463902591,0.));
#9523=CARTESIAN_POINT('',(99.7823536848484,26.9658430559182,0.2));
#9524=CARTESIAN_POINT('Origin',(99.6546203051115,26.8119463902591,0.2));
#9525=CARTESIAN_POINT('Origin',(98.5050198874794,25.4268763993272,0.2));
#9526=CARTESIAN_POINT('Origin',(98.5050198874794,25.4268763993272,0.));
#9527=CARTESIAN_POINT('Origin',(77.6864615855393,45.0453963992628,0.2));
#9528=CARTESIAN_POINT('',(67.3680465522102,53.6096237013324,0.));
#9529=CARTESIAN_POINT('',(67.4957799319471,53.7635203669915,0.2));
#9530=CARTESIAN_POINT('Origin',(67.3680465522102,53.6096237013324,0.2));
#9531=CARTESIAN_POINT('',(77.8141949652762,45.1992930649219,0.2));
#9532=CARTESIAN_POINT('',(77.6864615855393,45.0453963992628,0.));
#9533=CARTESIAN_POINT('Origin',(66.2184461345781,52.2245537104005,0.2));
#9534=CARTESIAN_POINT('',(64.9987207861509,53.5482870953403,0.));
#9535=CARTESIAN_POINT('',(64.8631957474367,53.6953685825558,0.2));
#9536=CARTESIAN_POINT('Origin',(64.9987207861509,53.5482870953403,0.2));
#9537=CARTESIAN_POINT('Origin',(66.2184461345781,52.2245537104005,0.2));
#9538=CARTESIAN_POINT('Origin',(66.2184461345781,52.2245537104005,0.));
#9539=CARTESIAN_POINT('Origin',(34.9048517858983,25.8189457721806,0.2));
#9540=CARTESIAN_POINT('',(58.7501695746121,47.7906954304551,0.));
#9541=CARTESIAN_POINT('',(58.614644535898,47.9377769176706,0.2));
#9542=CARTESIAN_POINT('Origin',(58.7501695746121,47.7906954304551,0.2));
#9543=CARTESIAN_POINT('',(34.7693267471842,25.9660272593961,0.2));
#9544=CARTESIAN_POINT('',(34.9048517858983,25.8189457721806,0.));
#9545=CARTESIAN_POINT('Origin',(38.2858887287776,69.9999999999999,0.2));
#9546=CARTESIAN_POINT('',(38.2858887287776,39.8,0.));
#9547=CARTESIAN_POINT('',(38.2858887287776,40.,0.2));
#9548=CARTESIAN_POINT('Origin',(38.2858887287776,39.8,0.2));
#9549=CARTESIAN_POINT('Origin',(38.2858887287776,69.9999999999999,0.2));
#9550=CARTESIAN_POINT('Origin',(38.2858887287776,69.9999999999999,0.));
#9551=CARTESIAN_POINT('Origin',(20.7068319886418,39.8,0.2));
#9552=CARTESIAN_POINT('',(-32.9150744366116,39.8,0.));
#9553=CARTESIAN_POINT('',(-32.9150744366116,40.,0.2));
#9554=CARTESIAN_POINT('Origin',(-32.9150744366116,39.8,0.2));
#9555=CARTESIAN_POINT('',(20.7068319886418,40.,0.2));
#9556=CARTESIAN_POINT('',(20.7068319886418,39.8,0.));
#9557=CARTESIAN_POINT('Origin',(-32.9150744366116,60.,0.2));
#9558=CARTESIAN_POINT('',(-50.7975058105453,50.6053926023194,0.));
#9559=CARTESIAN_POINT('',(-50.6204520345657,50.6984085171479,0.2));
#9560=CARTESIAN_POINT('Origin',(-50.7975058105453,50.6053926023194,0.2));
#9561=CARTESIAN_POINT('Origin',(-32.9150744366116,60.,0.2));
#9562=CARTESIAN_POINT('Origin',(-32.9150744366116,60.,0.));
#9563=CARTESIAN_POINT('Origin',(-34.5306533731789,19.6417918825144,0.2));
#9564=CARTESIAN_POINT('',(-52.503736418239,53.8531655489272,0.));
#9565=CARTESIAN_POINT('',(-52.3266826422595,53.9461814637557,0.2));
#9566=CARTESIAN_POINT('Origin',(-52.503736418239,53.8531655489272,0.2));
#9567=CARTESIAN_POINT('',(-34.3535995971994,19.7348077973429,0.2));
#9568=CARTESIAN_POINT('',(-34.5306533731789,19.6417918825144,0.));
#9569=CARTESIAN_POINT('Origin',(-53.2119515221572,53.4811018896131,0.2));
#9570=CARTESIAN_POINT('',(-53.621830115049,54.1681241156648,0.));
#9571=CARTESIAN_POINT('',(-53.724299763272,54.3398796721777,0.2));
#9572=CARTESIAN_POINT('Origin',(-53.621830115049,54.1681241156648,0.2));
#9573=CARTESIAN_POINT('Origin',(-53.2119515221572,53.4811018896131,0.2));
#9574=CARTESIAN_POINT('Origin',(-53.2119515221572,53.4811018896131,0.));
#9575=CARTESIAN_POINT('Origin',(-44.6306435405899,59.5322808515349,0.2));
#9576=CARTESIAN_POINT('',(-93.6593479833593,30.2816749376553,0.));
#9577=CARTESIAN_POINT('',(-93.7618176315822,30.4534304941682,0.2));
#9578=CARTESIAN_POINT('Origin',(-93.6593479833593,30.2816749376553,0.2));
#9579=CARTESIAN_POINT('',(-44.7331131888129,59.7040364080478,0.2));
#9580=CARTESIAN_POINT('',(-44.6306435405899,59.5322808515349,0.));
#9581=CARTESIAN_POINT('Origin',(-93.2494693904674,29.5946527116036,0.2));
#9582=CARTESIAN_POINT('',(-94.0055121275834,29.3331199609698,0.));
#9583=CARTESIAN_POINT('',(-94.1945228118625,29.2677367733114,0.2));
#9584=CARTESIAN_POINT('Origin',(-94.0055121275834,29.3331199609698,0.2));
#9585=CARTESIAN_POINT('Origin',(-93.2494693904674,29.5946527116036,0.2));
#9586=CARTESIAN_POINT('Origin',(-93.2494693904674,29.5946527116036,0.));
#9587=CARTESIAN_POINT('Origin',(-84.2707978648416,1.19186423521415,0.2));
#9588=CARTESIAN_POINT('',(-87.6232440242756,10.8831650924504,0.));
#9589=CARTESIAN_POINT('',(-87.8122547085546,10.817781904792,0.2));
#9590=CARTESIAN_POINT('Origin',(-87.6232440242756,10.8831650924504,0.2));
#9591=CARTESIAN_POINT('',(-84.4598085491206,1.1264810475557,0.2));
#9592=CARTESIAN_POINT('',(-84.2707978648416,1.19186423521415,0.));
#9593=CARTESIAN_POINT('Origin',(-97.2627889225055,7.54862252186944,0.2));
#9594=CARTESIAN_POINT('',(-87.0627889225052,7.54862252186951,0.));
#9595=CARTESIAN_POINT('',(-87.2627889225052,7.54862252186951,0.2));
#9596=CARTESIAN_POINT('Origin',(-87.0627889225052,7.54862252186951,0.2));
#9597=CARTESIAN_POINT('Origin',(-97.2627889225055,7.54862252186944,0.2));
#9598=CARTESIAN_POINT('Origin',(-97.2627889225055,7.54862252186944,0.));
#9599=CARTESIAN_POINT('Origin',(-87.0627889225052,3.73248222602572,0.2));
#9600=CARTESIAN_POINT('',(-87.0627889225052,-7.54862252186948,0.));
#9601=CARTESIAN_POINT('',(-87.2627889225052,-7.54862252186948,0.2));
#9602=CARTESIAN_POINT('Origin',(-87.0627889225052,-7.54862252186948,0.2));
#9603=CARTESIAN_POINT('',(-87.2627889225052,3.73248222602572,0.2));
#9604=CARTESIAN_POINT('',(-87.0627889225052,3.73248222602572,0.));
#9605=CARTESIAN_POINT('Origin',(-97.2627889225052,-7.54862252186945,0.2));
#9606=CARTESIAN_POINT('',(-87.6232440242756,-10.8831650924504,0.));
#9607=CARTESIAN_POINT('',(-87.8122547085546,-10.8177819047919,0.2));
#9608=CARTESIAN_POINT('Origin',(-87.6232440242756,-10.8831650924504,0.2));
#9609=CARTESIAN_POINT('Origin',(-97.2627889225052,-7.54862252186945,0.2));
#9610=CARTESIAN_POINT('Origin',(-97.2627889225052,-7.54862252186945,0.));
#9611=CARTESIAN_POINT('Origin',(-81.1055102270066,7.95839600435033,0.2));
#9612=CARTESIAN_POINT('',(-94.0055121275834,-29.3331199609698,0.));
#9613=CARTESIAN_POINT('',(-94.1945228118625,-29.2677367733114,0.2));
#9614=CARTESIAN_POINT('Origin',(-94.0055121275834,-29.3331199609698,0.2));
#9615=CARTESIAN_POINT('',(-81.2945209112857,8.02377919200878,0.2));
#9616=CARTESIAN_POINT('',(-81.1055102270066,7.95839600435033,0.));
#9617=CARTESIAN_POINT('Origin',(-93.2494693904674,-29.5946527116036,0.2));
#9618=CARTESIAN_POINT('',(-93.6593479833593,-30.2816749376553,0.));
#9619=CARTESIAN_POINT('',(-93.7618176315822,-30.4534304941682,0.2));
#9620=CARTESIAN_POINT('Origin',(-93.6593479833593,-30.2816749376553,0.2));
#9621=CARTESIAN_POINT('Origin',(-93.2494693904674,-29.5946527116036,0.2));
#9622=CARTESIAN_POINT('Origin',(-93.2494693904674,-29.5946527116036,0.));
#9623=CARTESIAN_POINT('Origin',(-64.6125934856715,-47.6110165661058,0.2));
#9624=CARTESIAN_POINT('',(-53.3413814439044,-54.3354402553009,0.));
#9625=CARTESIAN_POINT('',(-53.4438510921273,-54.5071958118138,0.2));
#9626=CARTESIAN_POINT('Origin',(-53.3413814439044,-54.3354402553009,0.2));
#9627=CARTESIAN_POINT('',(-64.7150631338944,-47.7827721226187,0.2));
#9628=CARTESIAN_POINT('',(-64.6125934856715,-47.6110165661058,0.));
#9629=CARTESIAN_POINT('Origin',(-52.9315028510125,-53.6484180292492,0.2));
#9630=CARTESIAN_POINT('Origin',(-52.9315028510125,-53.6484180292492,0.2));
#9631=CARTESIAN_POINT('Origin',(-52.9315028510125,-53.6484180292492,0.));
#9632=CARTESIAN_POINT('Origin',(-52.81171664722,-54.4393992334387,0.));
#9633=CARTESIAN_POINT('',(-52.7817700962719,-54.637144534486,57.4647346038583));
#9634=CARTESIAN_POINT('Ctrl Pts',(-52.7089111685034,-54.6109539872225,57.5331386325235));
#9635=CARTESIAN_POINT('Ctrl Pts',(-52.7200527197848,-54.6176306457695,57.5221633143368));
#9636=CARTESIAN_POINT('Ctrl Pts',(-52.7317171393489,-54.6231458469773,57.5109931423399));
#9637=CARTESIAN_POINT('Ctrl Pts',(-52.7559764103546,-54.6319168905983,57.4882457850614));
#9638=CARTESIAN_POINT('Ctrl Pts',(-52.7686043764146,-54.6351267503546,57.4766478645314));
#9639=CARTESIAN_POINT('Ctrl Pts',(-52.7815323486052,-54.6371084203122,57.464949691141));
#9640=CARTESIAN_POINT('Ctrl Pts',(-52.781651214323,-54.6371265310022,57.4648421474985));
#9641=CARTESIAN_POINT('Ctrl Pts',(-52.7817700962719,-54.637144534486,57.4647346038583));
#9642=CARTESIAN_POINT('',(-52.7817700962719,-54.637144534486,0.));
#9643=CARTESIAN_POINT('Origin',(38.2858887287776,69.9999999999999,0.));
#9644=CARTESIAN_POINT('',(38.2858887287776,40.,57.4647346038583));
#9645=CARTESIAN_POINT('',(38.2858887287776,40.,0.));
#9646=CARTESIAN_POINT('',(58.614644535898,47.9377769176706,57.4647346038583));
#9647=CARTESIAN_POINT('Origin',(38.2858887287776,69.9999999999999,57.4647346038583));
#9648=CARTESIAN_POINT('',(58.614644535898,47.9377769176706,0.));
#9649=CARTESIAN_POINT('Origin',(38.2858887287776,40.,0.));
#9650=CARTESIAN_POINT('',(-32.9150744366116,40.,57.4647346038583));
#9651=CARTESIAN_POINT('',(-32.9150744366116,40.,0.));
#9652=CARTESIAN_POINT('',(2.68540714608297,40.,57.4647346038583));
#9653=CARTESIAN_POINT('Origin',(-32.9150744366116,60.,0.));
#9654=CARTESIAN_POINT('',(-50.6204520345657,50.6984085171479,57.4647346038583));
#9655=CARTESIAN_POINT('',(-50.6204520345657,50.6984085171479,0.));
#9656=CARTESIAN_POINT('Origin',(-32.9150744366116,60.,57.4647346038583));
#9657=CARTESIAN_POINT('Origin',(-50.6204520345657,50.6984085171479,0.));
#9658=CARTESIAN_POINT('',(-52.3266826422595,53.9461814637557,57.4647346038583));
#9659=CARTESIAN_POINT('',(-52.3266826422595,53.9461814637557,0.));
#9660=CARTESIAN_POINT('',(-51.4735673384126,52.3222949904518,57.4647346038583));
#9661=CARTESIAN_POINT('Origin',(-53.2119515221572,53.4811018896131,0.));
#9662=CARTESIAN_POINT('',(-53.724299763272,54.3398796721777,57.4647346038583));
#9663=CARTESIAN_POINT('',(-53.724299763272,54.3398796721777,0.));
#9664=CARTESIAN_POINT('Origin',(-53.2119515221572,53.4811018896131,57.4647346038583));
#9665=CARTESIAN_POINT('Origin',(-53.724299763272,54.3398796721777,0.));
#9666=CARTESIAN_POINT('',(-93.7618176315822,30.4534304941682,57.4647346038583));
#9667=CARTESIAN_POINT('',(-93.7618176315822,30.4534304941682,0.));
#9668=CARTESIAN_POINT('',(-73.7430586974271,42.3966550831729,57.4647346038583));
#9669=CARTESIAN_POINT('Origin',(-93.2494693904674,29.5946527116036,0.));
#9670=CARTESIAN_POINT('',(-94.1945228118625,29.2677367733114,57.4647346038583));
#9671=CARTESIAN_POINT('',(-94.1945228118625,29.2677367733114,0.));
#9672=CARTESIAN_POINT('Origin',(-93.2494693904674,29.5946527116036,57.4647346038583));
#9673=CARTESIAN_POINT('Origin',(-94.1945228118625,29.2677367733114,0.));
#9674=CARTESIAN_POINT('',(-87.8122547085546,10.817781904792,57.4647346038583));
#9675=CARTESIAN_POINT('',(-87.8122547085546,10.817781904792,0.));
#9676=CARTESIAN_POINT('',(-91.0033887602086,20.0427593390517,57.4647346038583));
#9677=CARTESIAN_POINT('Origin',(-97.2627889225055,7.54862252186944,0.));
#9678=CARTESIAN_POINT('',(-87.2627889225052,7.54862252186951,57.4647346038583));
#9679=CARTESIAN_POINT('',(-87.2627889225052,7.54862252186951,0.));
#9680=CARTESIAN_POINT('Origin',(-97.2627889225055,7.54862252186944,57.4647346038583));
#9681=CARTESIAN_POINT('Origin',(-87.2627889225052,7.54862252186951,0.));
#9682=CARTESIAN_POINT('',(-87.2627889225052,-7.54862252186948,57.4647346038583));
#9683=CARTESIAN_POINT('',(-87.2627889225052,-7.54862252186948,0.));
#9684=CARTESIAN_POINT('',(-87.2627889225052,1.55431223447522E-14,57.4647346038583));
#9685=CARTESIAN_POINT('Origin',(-97.2627889225052,-7.54862252186945,0.));
#9686=CARTESIAN_POINT('',(-87.8122547085546,-10.8177819047919,57.4647346038583));
#9687=CARTESIAN_POINT('',(-87.8122547085546,-10.8177819047919,0.));
#9688=CARTESIAN_POINT('Origin',(-97.2627889225052,-7.54862252186945,57.4647346038583));
#9689=CARTESIAN_POINT('Origin',(-87.8122547085546,-10.8177819047919,0.));
#9690=CARTESIAN_POINT('',(-94.1945228118625,-29.2677367733114,57.4647346038583));
#9691=CARTESIAN_POINT('',(-94.1945228118625,-29.2677367733114,0.));
#9692=CARTESIAN_POINT('',(-91.0033887602086,-20.0427593390516,57.4647346038583));
#9693=CARTESIAN_POINT('Origin',(-93.2494693904674,-29.5946527116036,0.));
#9694=CARTESIAN_POINT('',(-93.7618176315822,-30.4534304941682,57.4647346038583));
#9695=CARTESIAN_POINT('',(-93.7618176315822,-30.4534304941682,0.));
#9696=CARTESIAN_POINT('Origin',(-93.2494693904674,-29.5946527116036,57.4647346038583));
#9697=CARTESIAN_POINT('Origin',(-93.7618176315822,-30.4534304941682,0.));
#9698=CARTESIAN_POINT('',(-53.4438510921273,-54.5071958118138,57.4647346038584));
#9699=CARTESIAN_POINT('',(-53.4438510921273,-54.5071958118138,0.));
#9700=CARTESIAN_POINT('',(-73.6028343618548,-42.480313152991,57.4647346038584));
#9701=CARTESIAN_POINT('Origin',(-52.9315028510125,-53.6484180292492,0.));
#9702=CARTESIAN_POINT('Origin',(-52.9315028510125,-53.6484180292492,57.4647346038583));
#9703=CARTESIAN_POINT('Origin',(-52.9315028510125,-53.6484180292492,57.4647346038583));
#9704=CARTESIAN_POINT('Origin',(-53.3413814439044,-54.3354402553009,57.4647346038584));
#9705=CARTESIAN_POINT('Origin',(3.12777524850601,-0.0836580698180622,0.));
#9706=CARTESIAN_POINT('',(-85.9221478657645,11.4716137813764,0.));
#9707=CARTESIAN_POINT('',(-92.0384479897209,29.1527044881159,0.));
#9708=CARTESIAN_POINT('',(-92.0384479897209,29.1527044881159,0.));
#9709=CARTESIAN_POINT('',(-85.2627889225052,7.54862252186952,0.));
#9710=CARTESIAN_POINT('Origin',(-97.2627889225055,7.54862252186944,0.));
#9711=CARTESIAN_POINT('',(-85.2627889225052,-7.54862252186948,0.));
#9712=CARTESIAN_POINT('',(-85.2627889225052,-7.54862252186947,0.));
#9713=CARTESIAN_POINT('',(-85.9221478657645,-11.4716137813764,0.));
#9714=CARTESIAN_POINT('Origin',(-97.2627889225052,-7.54862252186945,0.));
#9715=CARTESIAN_POINT('',(-92.0384479897209,-29.1527044881159,0.));
#9716=CARTESIAN_POINT('',(-92.0384479897209,-29.1527044881159,0.));
#9717=CARTESIAN_POINT('',(-53.4714233899518,-52.1618549574206,0.));
#9718=CARTESIAN_POINT('',(-92.0384479897209,-29.1527044881159,0.));
#9719=CARTESIAN_POINT('',(-32.9150744366117,-38.,0.));
#9720=CARTESIAN_POINT('Origin',(-32.9150744366116,-60.,0.));
#9721=CARTESIAN_POINT('',(38.2858887287776,-38.,0.));
#9722=CARTESIAN_POINT('',(38.2858887287776,-38.,0.));
#9723=CARTESIAN_POINT('',(59.9698949230394,-46.4669620455153,0.));
#9724=CARTESIAN_POINT('Origin',(38.2858887287775,-70.0000000000001,0.));
#9725=CARTESIAN_POINT('',(66.2184461345781,-52.2245537104005,0.));
#9726=CARTESIAN_POINT('',(66.2184461345781,-52.2245537104005,0.));
#9727=CARTESIAN_POINT('',(98.5050198874794,-25.4268763993272,0.));
#9728=CARTESIAN_POINT('',(66.2184461345781,-52.2245537104005,0.));
#9729=CARTESIAN_POINT('',(89.0628330829512,-14.0506717710588,0.));
#9730=CARTESIAN_POINT('',(98.5050198874794,-25.4268763993272,0.));
#9731=CARTESIAN_POINT('',(89.0628330829513,14.050671771059,0.));
#9732=CARTESIAN_POINT('Origin',(105.991466305453,1.11022302462516E-14,0.));
#9733=CARTESIAN_POINT('',(98.5050198874794,25.4268763993272,0.));
#9734=CARTESIAN_POINT('',(98.5050198874794,25.4268763993272,0.));
#9735=CARTESIAN_POINT('',(66.2184461345781,52.2245537104005,0.));
#9736=CARTESIAN_POINT('',(66.2184461345781,52.2245537104005,0.));
#9737=CARTESIAN_POINT('',(59.9698949230393,46.4669620455153,0.));
#9738=CARTESIAN_POINT('',(66.2184461345781,52.2245537104005,0.));
#9739=CARTESIAN_POINT('',(38.2858887287776,38.,0.));
#9740=CARTESIAN_POINT('Origin',(38.2858887287776,69.9999999999999,0.));
#9741=CARTESIAN_POINT('',(-32.9150744366116,38.,0.));
#9742=CARTESIAN_POINT('',(-32.9150744366116,38.,0.));
#9743=CARTESIAN_POINT('',(-52.3909897943611,49.7682493688627,0.));
#9744=CARTESIAN_POINT('Origin',(-32.9150744366116,60.,0.));
#9745=CARTESIAN_POINT('',(-53.6062285499783,52.0814299766689,0.));
#9746=CARTESIAN_POINT('',(-53.6062285499783,52.0814299766689,0.));
#9747=CARTESIAN_POINT('',(-92.0384479897209,29.1527044881159,0.));
#9748=CARTESIAN_POINT('Origin',(-52.9315028510125,-53.6484180292492,57.7));
#9749=CARTESIAN_POINT('Origin',(-32.9150744366116,-60.,57.4647346038583));
#9750=CARTESIAN_POINT('',(-32.9150744366117,-40.,57.4647346038583));
#9751=CARTESIAN_POINT('Origin',(-32.9150744366116,-60.,57.4647346038583));
#9752=CARTESIAN_POINT('Origin',(-32.9150744366117,-39.8,57.4647346038583));
#9753=CARTESIAN_POINT('Origin',(2.68540714608296,-39.8,57.4647346038583));
#9754=CARTESIAN_POINT('',(38.2858887287776,-40.,57.4647346038583));
#9755=CARTESIAN_POINT('',(2.68540714608296,-40.,57.4647346038583));
#9756=CARTESIAN_POINT('Origin',(38.2858887287776,-39.8,57.4647346038583));
#9757=CARTESIAN_POINT('Origin',(38.2858887287775,-70.0000000000001,57.4647346038583));
#9758=CARTESIAN_POINT('',(58.614644535898,-47.9377769176706,57.4647346038583));
#9759=CARTESIAN_POINT('Origin',(38.2858887287775,-70.0000000000001,57.4647346038583));
#9760=CARTESIAN_POINT('',(58.6228176958007,-47.9289068186458,57.5331386325234));
#9761=CARTESIAN_POINT('Origin',(58.7501695746121,-47.7906954304551,57.4647346038583));
#9762=CARTESIAN_POINT('Origin',(38.2858887287775,-70.0000000000001,57.5331386325234));
#9763=CARTESIAN_POINT('Origin',(61.8744451803815,-50.6694912628977,57.4647346038583));
#9764=CARTESIAN_POINT('',(64.8631957474367,-53.6953685825558,57.4647346038583));
#9765=CARTESIAN_POINT('',(61.7389201416674,-50.8165727501132,57.4647346038583));
#9766=CARTESIAN_POINT('',(64.8713689073395,-53.6864984835309,57.5331386325234));
#9767=CARTESIAN_POINT('Origin',(64.9987207861509,-53.5482870953403,57.4647346038583));
#9768=CARTESIAN_POINT('',(61.7470933015701,-50.8077026510883,57.5331386325234));
#9769=CARTESIAN_POINT('Origin',(66.2184461345781,-52.2245537104005,57.4647346038583));
#9770=CARTESIAN_POINT('',(67.4957799319471,-53.7635203669915,57.4647346038583));
#9771=CARTESIAN_POINT('Origin',(66.2184461345781,-52.2245537104005,57.4647346038583));
#9772=CARTESIAN_POINT('',(67.488076666577,-53.7542392624158,57.5331386325234));
#9773=CARTESIAN_POINT('Origin',(67.3680465522102,-53.6096237013324,57.4647346038583));
#9774=CARTESIAN_POINT('Origin',(66.2184461345781,-52.2245537104005,57.5331386325234));
#9775=CARTESIAN_POINT('Origin',(83.5113334286608,-40.2107850457957,57.4647346038583));
#9776=CARTESIAN_POINT('',(99.7823536848484,-26.9658430559182,57.4647346038583));
#9777=CARTESIAN_POINT('',(83.6390668083977,-40.3646817114548,57.4647346038583));
#9778=CARTESIAN_POINT('',(99.7746504194783,-26.9565619513425,57.5331386325234));
#9779=CARTESIAN_POINT('Origin',(99.6546203051115,-26.8119463902591,57.4647346038583));
#9780=CARTESIAN_POINT('',(83.6313635430277,-40.3554006068792,57.5331386325234));
#9781=CARTESIAN_POINT('Origin',(98.5050198874794,-25.4268763993272,57.4647346038583));
#9782=CARTESIAN_POINT('',(100.04398654407,-24.1495426019582,57.4647346038583));
#9783=CARTESIAN_POINT('Origin',(98.5050198874794,-25.4268763993272,57.4647346038583));
#9784=CARTESIAN_POINT('',(100.034705439495,-24.1572458673283,57.5331386325234));
#9785=CARTESIAN_POINT('Origin',(99.8900898784113,-24.2772759816951,57.4647346038583));
#9786=CARTESIAN_POINT('Origin',(98.5050198874794,-25.4268763993272,57.5331386325234));
#9787=CARTESIAN_POINT('Origin',(95.1689964761472,-18.5891736675609,57.4647346038584));
#9788=CARTESIAN_POINT('',(90.6017997395422,-12.7733379736898,57.4647346038584));
#9789=CARTESIAN_POINT('',(95.3228931418063,-18.461440287824,57.4647346038584));
#9790=CARTESIAN_POINT('',(90.5925186349665,-12.7810412390599,57.5331386325235));
#9791=CARTESIAN_POINT('Origin',(90.4479030738831,-12.9010713534267,57.4647346038584));
#9792=CARTESIAN_POINT('',(95.3136120372306,-18.4691435531941,57.5331386325235));
#9793=CARTESIAN_POINT('Origin',(105.991466305453,1.11022302462516E-14,57.4647346038583));
#9794=CARTESIAN_POINT('',(90.6017997395423,12.77333797369,57.4647346038583));
#9795=CARTESIAN_POINT('Origin',(105.991466305453,1.11022302462516E-14,57.4647346038583));
#9796=CARTESIAN_POINT('',(90.5925186349666,12.7810412390601,57.5331386325234));
#9797=CARTESIAN_POINT('Origin',(90.4479030738832,12.9010713534269,57.4647346038583));
#9798=CARTESIAN_POINT('Origin',(105.991466305453,1.16576765317689E-14,57.5331386325234));
#9799=CARTESIAN_POINT('Origin',(95.1689964761473,18.589173667561,57.4647346038583));
#9800=CARTESIAN_POINT('',(100.04398654407,24.1495426019582,57.4647346038583));
#9801=CARTESIAN_POINT('',(95.3228931418064,18.4614402878241,57.4647346038583));
#9802=CARTESIAN_POINT('',(100.034705439495,24.1572458673283,57.5331386325235));
#9803=CARTESIAN_POINT('Origin',(99.8900898784113,24.2772759816951,57.4647346038583));
#9804=CARTESIAN_POINT('',(95.3136120372307,18.4691435531942,57.5331386325235));
#9805=CARTESIAN_POINT('Origin',(98.5050198874794,25.4268763993272,57.4647346038583));
#9806=CARTESIAN_POINT('',(99.7823536848484,26.9658430559182,57.4647346038583));
#9807=CARTESIAN_POINT('Origin',(98.5050198874794,25.4268763993272,57.4647346038583));
#9808=CARTESIAN_POINT('',(99.7746504194783,26.9565619513425,57.5331386325234));
#9809=CARTESIAN_POINT('Origin',(99.6546203051115,26.8119463902591,57.4647346038583));
#9810=CARTESIAN_POINT('Origin',(98.5050198874794,25.4268763993272,57.5331386325234));
#9811=CARTESIAN_POINT('Origin',(83.5113334286608,40.2107850457957,57.4647346038583));
#9812=CARTESIAN_POINT('',(67.4957799319471,53.7635203669915,57.4647346038583));
#9813=CARTESIAN_POINT('',(83.6390668083977,40.3646817114548,57.4647346038583));
#9814=CARTESIAN_POINT('',(67.488076666577,53.7542392624158,57.5331386325234));
#9815=CARTESIAN_POINT('Origin',(67.3680465522102,53.6096237013324,57.4647346038583));
#9816=CARTESIAN_POINT('',(83.6313635430277,40.3554006068792,57.5331386325234));
#9817=CARTESIAN_POINT('Origin',(66.2184461345781,52.2245537104005,57.4647346038583));
#9818=CARTESIAN_POINT('',(64.8631957474367,53.6953685825558,57.4647346038583));
#9819=CARTESIAN_POINT('Origin',(66.2184461345781,52.2245537104005,57.4647346038583));
#9820=CARTESIAN_POINT('',(64.8713689073395,53.6864984835309,57.5331386325234));
#9821=CARTESIAN_POINT('Origin',(64.9987207861509,53.5482870953403,57.4647346038583));
#9822=CARTESIAN_POINT('Origin',(66.2184461345781,52.2245537104005,57.5331386325234));
#9823=CARTESIAN_POINT('Origin',(61.8744451803815,50.6694912628977,57.4647346038583));
#9824=CARTESIAN_POINT('',(61.7389201416674,50.8165727501132,57.4647346038583));
#9825=CARTESIAN_POINT('',(58.6228176958007,47.9289068186457,57.5331386325234));
#9826=CARTESIAN_POINT('Origin',(58.7501695746121,47.7906954304551,57.4647346038583));
#9827=CARTESIAN_POINT('',(61.7470933015701,50.8077026510883,57.5331386325234));
#9828=CARTESIAN_POINT('Origin',(38.2858887287776,69.9999999999999,57.4647346038583));
#9829=CARTESIAN_POINT('',(38.2858887287776,39.9879385241572,57.5331386325234));
#9830=CARTESIAN_POINT('Origin',(38.2858887287776,39.8,57.4647346038583));
#9831=CARTESIAN_POINT('Origin',(38.2858887287776,69.9999999999999,57.5331386325234));
#9832=CARTESIAN_POINT('Origin',(2.68540714608297,39.8,57.4647346038583));
#9833=CARTESIAN_POINT('',(-32.9150744366116,39.9879385241572,57.5331386325234));
#9834=CARTESIAN_POINT('Origin',(-32.9150744366116,39.8,57.4647346038583));
#9835=CARTESIAN_POINT('',(2.68540714608297,39.9879385241572,57.5331386325234));
#9836=CARTESIAN_POINT('Origin',(-32.9150744366116,60.,57.4647346038583));
#9837=CARTESIAN_POINT('',(-50.631129683775,50.6927989710994,57.5331386325234));
#9838=CARTESIAN_POINT('Origin',(-50.7975058105453,50.6053926023194,57.4647346038583));
#9839=CARTESIAN_POINT('Origin',(-32.9150744366116,60.,57.5331386325234));
#9840=CARTESIAN_POINT('Origin',(-51.6506211143921,52.2292790756233,57.4647346038583));
#9841=CARTESIAN_POINT('',(-52.3373602914688,53.9405719177072,57.5331386325234));
#9842=CARTESIAN_POINT('Origin',(-52.503736418239,53.8531655489272,57.4647346038583));
#9843=CARTESIAN_POINT('',(-51.4842449876219,52.3166854444033,57.5331386325234));
#9844=CARTESIAN_POINT('Origin',(-53.2119515221572,53.4811018896131,57.4647346038583));
#9845=CARTESIAN_POINT('Origin',(-53.621830115049,54.1681241156648,57.4647346038583));
#9846=CARTESIAN_POINT('Origin',(-53.2119515221572,53.4811018896131,57.5331386325234));
#9847=CARTESIAN_POINT('Origin',(-73.6405890492042,42.22489952666,57.4647346038583));
#9848=CARTESIAN_POINT('Origin',(-93.6593479833593,30.2816749376553,57.4647346038583));
#9849=CARTESIAN_POINT('Origin',(-93.2494693904674,29.5946527116036,57.4647346038583));
#9850=CARTESIAN_POINT('Origin',(-94.0055121275834,29.3331199609698,57.4647346038583));
#9851=CARTESIAN_POINT('Origin',(-90.8143780759295,20.1081425267101,57.4647346038583));
#9852=CARTESIAN_POINT('Origin',(-87.6232440242756,10.8831650924504,57.4647346038583));
#9853=CARTESIAN_POINT('Origin',(-97.2627889225055,7.54862252186944,57.4647346038583));
#9854=CARTESIAN_POINT('Origin',(-87.0627889225052,7.54862252186951,57.4647346038583));
#9855=CARTESIAN_POINT('Origin',(-87.0627889225052,1.55431223447522E-14,
57.4647346038583));
#9856=CARTESIAN_POINT('Origin',(-87.0627889225052,-7.54862252186948,57.4647346038583));
#9857=CARTESIAN_POINT('Origin',(-97.2627889225052,-7.54862252186945,57.4647346038583));
#9858=CARTESIAN_POINT('Origin',(-87.6232440242756,-10.8831650924504,57.4647346038583));
#9859=CARTESIAN_POINT('Origin',(-90.8143780759295,-20.1081425267101,57.4647346038583));
#9860=CARTESIAN_POINT('Origin',(-94.0055121275834,-29.3331199609698,57.4647346038583));
#9861=CARTESIAN_POINT('Origin',(-93.2494693904674,-29.5946527116036,57.4647346038583));
#9862=CARTESIAN_POINT('Origin',(-93.6593479833593,-30.2816749376553,57.4647346038583));
#9863=CARTESIAN_POINT('Origin',(-73.5003647136318,-42.3085575964781,57.4647346038584));
#9864=CARTESIAN_POINT('Origin',(64.8631957474367,53.6953685825558,0.));
#9865=CARTESIAN_POINT('',(64.8631957474367,53.6953685825558,0.));
#9866=CARTESIAN_POINT('Origin',(66.2184461345781,52.2245537104005,0.));
#9867=CARTESIAN_POINT('',(67.4957799319471,53.7635203669915,0.));
#9868=CARTESIAN_POINT('Origin',(99.7823536848484,26.9658430559182,0.));
#9869=CARTESIAN_POINT('',(99.7823536848484,26.9658430559182,0.));
#9870=CARTESIAN_POINT('Origin',(98.5050198874794,25.4268763993272,0.));
#9871=CARTESIAN_POINT('',(100.04398654407,24.1495426019582,0.));
#9872=CARTESIAN_POINT('Origin',(90.6017997395423,12.77333797369,0.));
#9873=CARTESIAN_POINT('',(90.6017997395423,12.77333797369,0.));
#9874=CARTESIAN_POINT('Origin',(105.991466305453,1.11022302462516E-14,0.));
#9875=CARTESIAN_POINT('',(90.6017997395422,-12.7733379736898,0.));
#9876=CARTESIAN_POINT('Origin',(100.04398654407,-24.1495426019582,0.));
#9877=CARTESIAN_POINT('',(100.04398654407,-24.1495426019582,0.));
#9878=CARTESIAN_POINT('Origin',(98.5050198874794,-25.4268763993272,0.));
#9879=CARTESIAN_POINT('',(99.7823536848484,-26.9658430559182,0.));
#9880=CARTESIAN_POINT('Origin',(67.4957799319471,-53.7635203669915,0.));
#9881=CARTESIAN_POINT('',(67.4957799319471,-53.7635203669915,0.));
#9882=CARTESIAN_POINT('Origin',(66.2184461345781,-52.2245537104005,0.));
#9883=CARTESIAN_POINT('',(64.8631957474367,-53.6953685825558,0.));
#9884=CARTESIAN_POINT('Origin',(58.614644535898,-47.9377769176706,0.));
#9885=CARTESIAN_POINT('',(58.614644535898,-47.9377769176706,0.));
#9886=CARTESIAN_POINT('Origin',(38.2858887287775,-70.0000000000001,0.));
#9887=CARTESIAN_POINT('',(38.2858887287776,-40.,0.));
#9888=CARTESIAN_POINT('Origin',(-32.9150744366117,-40.,0.));
#9889=CARTESIAN_POINT('',(-32.9150744366117,-40.,0.));
#9890=CARTESIAN_POINT('Origin',(-32.9150744366116,-60.,0.));
#9891=CARTESIAN_POINT('Origin',(3.12777524850601,-0.0836580698180622,57.5));
#9892=CARTESIAN_POINT('',(-85.2627889225052,7.54862252186952,57.5));
#9893=CARTESIAN_POINT('',(-85.9221478657645,11.4716137813764,57.5));
#9894=CARTESIAN_POINT('Origin',(-97.2627889225055,7.54862252186944,57.5));
#9895=CARTESIAN_POINT('',(-92.0384479897209,29.1527044881159,57.5));
#9896=CARTESIAN_POINT('',(-92.0384479897209,29.1527044881159,57.5));
#9897=CARTESIAN_POINT('',(-53.6062285499783,52.0814299766689,57.5));
#9898=CARTESIAN_POINT('',(-92.0384479897209,29.1527044881159,57.5));
#9899=CARTESIAN_POINT('',(-52.3909897943611,49.7682493688627,57.5));
#9900=CARTESIAN_POINT('',(-53.6062285499783,52.0814299766689,57.5));
#9901=CARTESIAN_POINT('',(-32.9150744366116,38.,57.5));
#9902=CARTESIAN_POINT('Origin',(-32.9150744366116,60.,57.5));
#9903=CARTESIAN_POINT('',(38.2858887287776,38.,57.5));
#9904=CARTESIAN_POINT('',(-32.9150744366116,38.,57.5));
#9905=CARTESIAN_POINT('',(59.9698949230393,46.4669620455153,57.5));
#9906=CARTESIAN_POINT('Origin',(38.2858887287776,69.9999999999999,57.5));
#9907=CARTESIAN_POINT('',(66.2184461345781,52.2245537104005,57.5));
#9908=CARTESIAN_POINT('',(66.2184461345781,52.2245537104005,57.5));
#9909=CARTESIAN_POINT('',(98.5050198874794,25.4268763993272,57.5));
#9910=CARTESIAN_POINT('',(66.2184461345781,52.2245537104005,57.5));
#9911=CARTESIAN_POINT('',(89.0628330829513,14.050671771059,57.5));
#9912=CARTESIAN_POINT('',(98.5050198874794,25.4268763993272,57.5));
#9913=CARTESIAN_POINT('',(89.0628330829512,-14.0506717710588,57.5));
#9914=CARTESIAN_POINT('Origin',(105.991466305453,1.11022302462516E-14,57.5));
#9915=CARTESIAN_POINT('',(98.5050198874794,-25.4268763993272,57.5));
#9916=CARTESIAN_POINT('',(98.5050198874794,-25.4268763993272,57.5));
#9917=CARTESIAN_POINT('',(66.2184461345781,-52.2245537104005,57.5));
#9918=CARTESIAN_POINT('',(66.2184461345781,-52.2245537104005,57.5));
#9919=CARTESIAN_POINT('',(59.9698949230394,-46.4669620455154,57.5));
#9920=CARTESIAN_POINT('',(66.2184461345781,-52.2245537104005,57.5));
#9921=CARTESIAN_POINT('',(38.2858887287776,-38.,57.5));
#9922=CARTESIAN_POINT('Origin',(38.2858887287775,-70.0000000000001,57.5));
#9923=CARTESIAN_POINT('',(-32.9150744366117,-38.,57.5));
#9924=CARTESIAN_POINT('',(38.2858887287776,-38.,57.5));
#9925=CARTESIAN_POINT('',(-53.4714233899518,-52.1618549574206,57.5));
#9926=CARTESIAN_POINT('Origin',(-32.9150744366116,-60.,57.5));
#9927=CARTESIAN_POINT('',(-92.0384479897209,-29.1527044881159,57.5));
#9928=CARTESIAN_POINT('',(-92.0384479897209,-29.1527044881159,57.5));
#9929=CARTESIAN_POINT('',(-85.9221478657645,-11.4716137813764,57.5));
#9930=CARTESIAN_POINT('',(-92.0384479897209,-29.1527044881159,57.5));
#9931=CARTESIAN_POINT('',(-85.2627889225052,-7.54862252186948,57.5));
#9932=CARTESIAN_POINT('Origin',(-97.2627889225052,-7.54862252186945,57.5));
#9933=CARTESIAN_POINT('',(-85.2627889225052,-7.54862252186947,57.5));
#9934=CARTESIAN_POINT('Origin',(64.8631957474367,-53.6953685825558,57.5));
#9935=CARTESIAN_POINT('',(58.614644535898,-47.9377769176706,57.5));
#9936=CARTESIAN_POINT('',(64.8631957474367,-53.6953685825558,57.5));
#9937=CARTESIAN_POINT('Origin',(38.2858887287775,-70.0000000000001,57.5));
#9938=CARTESIAN_POINT('Origin',(-53.2119515221572,53.4811018896131,57.5));
#9939=CARTESIAN_POINT('',(-52.3266826422595,53.9461814637557,57.5));
#9940=CARTESIAN_POINT('Origin',(-52.3266826422595,53.9461814637557,57.5));
#9941=CARTESIAN_POINT('',(-50.6204520345657,50.6984085171479,57.5));
#9942=CARTESIAN_POINT('Origin',(-32.9150744366116,60.,57.5));
#9943=CARTESIAN_POINT('',(-32.9150744366116,40.,57.5));
#9944=CARTESIAN_POINT('Origin',(-32.9150744366116,40.,57.5));
#9945=CARTESIAN_POINT('',(38.2858887287776,40.,57.5));
#9946=CARTESIAN_POINT('Origin',(38.2858887287776,69.9999999999999,57.5));
#9947=CARTESIAN_POINT('',(58.614644535898,47.9377769176706,57.5));
#9948=CARTESIAN_POINT('Origin',(58.614644535898,47.9377769176706,57.5));
#9949=CARTESIAN_POINT('',(64.8631957474367,53.6953685825558,57.5));
#9950=CARTESIAN_POINT('Origin',(66.2184461345781,52.2245537104005,57.5));
#9951=CARTESIAN_POINT('',(67.4957799319471,53.7635203669915,57.5));
#9952=CARTESIAN_POINT('Origin',(67.4957799319471,53.7635203669915,57.5));
#9953=CARTESIAN_POINT('',(99.7823536848484,26.9658430559182,57.5));
#9954=CARTESIAN_POINT('Origin',(98.5050198874794,25.4268763993272,57.5));
#9955=CARTESIAN_POINT('',(100.04398654407,24.1495426019582,57.5));
#9956=CARTESIAN_POINT('Origin',(100.04398654407,24.1495426019582,57.5));
#9957=CARTESIAN_POINT('',(90.6017997395423,12.77333797369,57.5));
#9958=CARTESIAN_POINT('Origin',(105.991466305453,1.11022302462516E-14,57.5));
#9959=CARTESIAN_POINT('',(90.6017997395422,-12.7733379736898,57.5));
#9960=CARTESIAN_POINT('Origin',(90.6017997395422,-12.7733379736898,57.5));
#9961=CARTESIAN_POINT('',(100.04398654407,-24.1495426019582,57.5));
#9962=CARTESIAN_POINT('Origin',(98.5050198874794,-25.4268763993272,57.5));
#9963=CARTESIAN_POINT('',(99.7823536848484,-26.9658430559182,57.5));
#9964=CARTESIAN_POINT('Origin',(99.7823536848484,-26.9658430559182,57.5));
#9965=CARTESIAN_POINT('',(67.4957799319471,-53.7635203669915,57.5));
#9966=CARTESIAN_POINT('Origin',(66.2184461345781,-52.2245537104005,57.5));
#9967=CARTESIAN_POINT('Origin',(-97.2627889225055,7.54862252186944,0.));
#9968=CARTESIAN_POINT('',(-85.9221478657645,11.4716137813764,0.));
#9969=CARTESIAN_POINT('',(-85.2627889225052,7.54862252186952,0.));
#9970=CARTESIAN_POINT('Origin',(-85.2627889225052,-7.54862252186947,0.));
#9971=CARTESIAN_POINT('',(-85.2627889225052,-7.54862252186948,0.));
#9972=CARTESIAN_POINT('Origin',(-97.2627889225052,-7.54862252186945,0.));
#9973=CARTESIAN_POINT('',(-85.9221478657645,-11.4716137813764,0.));
#9974=CARTESIAN_POINT('Origin',(-92.0384479897209,-29.1527044881159,0.));
#9975=CARTESIAN_POINT('',(-92.0384479897209,-29.1527044881159,0.));
#9976=CARTESIAN_POINT('Origin',(-53.4714233899518,-52.1618549574206,0.));
#9977=CARTESIAN_POINT('',(-53.4714233899518,-52.1618549574206,0.));
#9978=CARTESIAN_POINT('Origin',(-32.9150744366116,-60.,0.));
#9979=CARTESIAN_POINT('',(-32.9150744366117,-38.,0.));
#9980=CARTESIAN_POINT('Origin',(38.2858887287776,-38.,0.));
#9981=CARTESIAN_POINT('',(38.2858887287776,-38.,0.));
#9982=CARTESIAN_POINT('Origin',(38.2858887287775,-70.0000000000001,0.));
#9983=CARTESIAN_POINT('',(59.9698949230394,-46.4669620455153,0.));
#9984=CARTESIAN_POINT('Origin',(66.2184461345781,-52.2245537104005,0.));
#9985=CARTESIAN_POINT('',(66.2184461345781,-52.2245537104005,0.));
#9986=CARTESIAN_POINT('Origin',(98.5050198874794,-25.4268763993272,0.));
#9987=CARTESIAN_POINT('',(98.5050198874794,-25.4268763993272,0.));
#9988=CARTESIAN_POINT('Origin',(89.0628330829512,-14.0506717710588,0.));
#9989=CARTESIAN_POINT('',(89.0628330829512,-14.0506717710588,0.));
#9990=CARTESIAN_POINT('Origin',(105.991466305453,1.11022302462516E-14,0.));
#9991=CARTESIAN_POINT('',(89.0628330829513,14.050671771059,0.));
#9992=CARTESIAN_POINT('Origin',(98.5050198874794,25.4268763993272,0.));
#9993=CARTESIAN_POINT('',(98.5050198874794,25.4268763993272,0.));
#9994=CARTESIAN_POINT('Origin',(66.2184461345781,52.2245537104005,0.));
#9995=CARTESIAN_POINT('',(66.2184461345781,52.2245537104005,0.));
#9996=CARTESIAN_POINT('Origin',(59.9698949230393,46.4669620455153,0.));
#9997=CARTESIAN_POINT('',(59.9698949230393,46.4669620455153,0.));
#9998=CARTESIAN_POINT('Origin',(38.2858887287776,69.9999999999999,0.));
#9999=CARTESIAN_POINT('',(38.2858887287776,38.,0.));
#10000=CARTESIAN_POINT('Origin',(-32.9150744366116,38.,0.));
#10001=CARTESIAN_POINT('',(-32.9150744366116,38.,0.));
#10002=CARTESIAN_POINT('Origin',(-32.9150744366116,60.,0.));
#10003=CARTESIAN_POINT('',(-52.3909897943611,49.7682493688627,0.));
#10004=CARTESIAN_POINT('Origin',(-53.6062285499783,52.0814299766689,0.));
#10005=CARTESIAN_POINT('',(-53.6062285499783,52.0814299766689,0.));
#10006=CARTESIAN_POINT('Origin',(-92.0384479897209,29.1527044881159,0.));
#10007=CARTESIAN_POINT('',(-92.0384479897209,29.1527044881159,0.));
#10008=CARTESIAN_POINT('Origin',(-85.9221478657645,11.4716137813764,0.));
#10009=CARTESIAN_POINT('Origin',(22.018755427021,0.145,97.5));
#10010=CARTESIAN_POINT('',(47.518755427021,20.29,97.5));
#10011=CARTESIAN_POINT('',(46.518755427021,21.29,97.5));
#10012=CARTESIAN_POINT('Origin',(46.518755427021,20.29,97.5));
#10013=CARTESIAN_POINT('',(47.518755427021,-20.,97.5));
#10014=CARTESIAN_POINT('',(47.518755427021,-9.9275,97.5));
#10015=CARTESIAN_POINT('',(46.518755427021,-21.,97.5));
#10016=CARTESIAN_POINT('Origin',(46.518755427021,-20.,97.5));
#10017=CARTESIAN_POINT('',(22.8752090829758,-21.,97.5));
#10018=CARTESIAN_POINT('',(22.4469822549984,-21.,97.5));
#10019=CARTESIAN_POINT('',(20.3247922581287,-21.,97.5));
#10020=CARTESIAN_POINT('Origin',(21.6000006705523,-21.4431066518167,97.5));
#10021=CARTESIAN_POINT('',(-2.48124457297896,-21.,97.5));
#10022=CARTESIAN_POINT('',(9.76875542702103,-21.,97.5));
#10023=CARTESIAN_POINT('',(-3.48124457297897,-20.,97.5));
#10024=CARTESIAN_POINT('Origin',(-2.48124457297897,-20.,97.5));
#10025=CARTESIAN_POINT('',(-3.48124457297898,20.29,97.5));
#10026=CARTESIAN_POINT('',(-3.48124457297897,10.2175,97.5));
#10027=CARTESIAN_POINT('',(-2.48124457297897,21.29,97.5));
#10028=CARTESIAN_POINT('Origin',(-2.48124457297897,20.29,97.5));
#10029=CARTESIAN_POINT('',(34.268755427021,21.29,97.5));
#10030=CARTESIAN_POINT('',(46.3500006705522,10.5568933481833,97.5));
#10031=CARTESIAN_POINT('Origin',(45.0000006705523,10.5568933481833,97.5));
#10032=CARTESIAN_POINT('',(-1.00891666510427,-6.00000008940697,97.5));
#10033=CARTESIAN_POINT('Origin',(-2.00000002980232,-6.00000008940697,97.5));
#10034=CARTESIAN_POINT('',(-0.449999329447746,10.5568933481833,97.5));
#10035=CARTESIAN_POINT('Origin',(-1.79999932944774,10.5568933481833,97.5));
#10036=CARTESIAN_POINT('Origin',(21.6000006705523,-21.4431066518167,62.5));
#10037=CARTESIAN_POINT('',(22.8752090829758,-21.,100.));
#10038=CARTESIAN_POINT('',(22.8752090829758,-21.,62.5));
#10039=CARTESIAN_POINT('',(20.3247922581287,-21.,100.));
#10040=CARTESIAN_POINT('Origin',(21.6000006705523,-21.4431066518167,100.));
#10041=CARTESIAN_POINT('',(20.3247922581287,-21.,62.5));
#10042=CARTESIAN_POINT('Origin',(22.8752090829758,-21.,62.5));
#10043=CARTESIAN_POINT('',(46.518755427021,-21.,100.));
#10044=CARTESIAN_POINT('',(46.518755427021,-21.,62.5));
#10045=CARTESIAN_POINT('',(46.518755427021,-21.,100.));
#10046=CARTESIAN_POINT('Origin',(46.518755427021,-20.,62.5));
#10047=CARTESIAN_POINT('',(47.518755427021,-20.,100.));
#10048=CARTESIAN_POINT('',(47.518755427021,-20.,62.5));
#10049=CARTESIAN_POINT('Origin',(46.518755427021,-20.,100.));
#10050=CARTESIAN_POINT('Origin',(47.518755427021,-20.,62.5));
#10051=CARTESIAN_POINT('',(47.518755427021,20.29,100.));
#10052=CARTESIAN_POINT('',(47.518755427021,20.29,62.5));
#10053=CARTESIAN_POINT('',(47.518755427021,20.29,100.));
#10054=CARTESIAN_POINT('Origin',(46.518755427021,20.29,62.5));
#10055=CARTESIAN_POINT('',(46.518755427021,21.29,100.));
#10056=CARTESIAN_POINT('',(46.518755427021,21.29,62.5));
#10057=CARTESIAN_POINT('Origin',(46.518755427021,20.29,100.));
#10058=CARTESIAN_POINT('Origin',(45.0000006705523,10.5568933481833,62.5));
#10059=CARTESIAN_POINT('',(46.3500006705522,10.5568933481833,100.));
#10060=CARTESIAN_POINT('Origin',(45.0000006705523,10.5568933481833,100.));
#10061=CARTESIAN_POINT('',(46.3500006705522,10.5568933481833,62.5));
#10062=CARTESIAN_POINT('Origin',(-2.00000002980232,-6.00000008940697,62.5));
#10063=CARTESIAN_POINT('',(-1.00891666510427,-6.00000008940697,100.));
#10064=CARTESIAN_POINT('Origin',(-2.00000002980232,-6.00000008940697,100.));
#10065=CARTESIAN_POINT('',(-1.00891666510427,-6.00000008940697,62.5));
#10066=CARTESIAN_POINT('Origin',(-1.79999932944774,10.5568933481833,62.5));
#10067=CARTESIAN_POINT('',(-0.449999329447743,10.5568933481833,100.));
#10068=CARTESIAN_POINT('Origin',(-1.79999932944774,10.5568933481833,100.));
#10069=CARTESIAN_POINT('',(-0.449999329447743,10.5568933481833,62.5));
#10070=CARTESIAN_POINT('Origin',(-2.48124457297897,-21.,62.5));
#10071=CARTESIAN_POINT('',(-2.48124457297897,-21.,100.));
#10072=CARTESIAN_POINT('',(20.3247922581287,-21.,100.));
#10073=CARTESIAN_POINT('',(-2.48124457297897,-21.,62.5));
#10074=CARTESIAN_POINT('Origin',(-2.48124457297897,-20.,62.5));
#10075=CARTESIAN_POINT('',(-3.48124457297897,-20.,100.));
#10076=CARTESIAN_POINT('Origin',(-2.48124457297897,-20.,100.));
#10077=CARTESIAN_POINT('',(-3.48124457297897,-20.,62.5));
#10078=CARTESIAN_POINT('Origin',(-3.48124457297897,20.29,62.5));
#10079=CARTESIAN_POINT('',(-3.48124457297897,20.29,100.));
#10080=CARTESIAN_POINT('',(-3.48124457297897,-20.,100.));
#10081=CARTESIAN_POINT('',(-3.48124457297897,20.29,62.5));
#10082=CARTESIAN_POINT('Origin',(-2.48124457297897,20.29,62.5));
#10083=CARTESIAN_POINT('',(-2.48124457297897,21.29,100.));
#10084=CARTESIAN_POINT('Origin',(-2.48124457297897,20.29,100.));
#10085=CARTESIAN_POINT('',(-2.48124457297897,21.29,62.5));
#10086=CARTESIAN_POINT('Origin',(46.518755427021,21.29,62.5));
#10087=CARTESIAN_POINT('',(-2.48124457297897,21.29,100.));
#10088=CARTESIAN_POINT('Origin',(22.018755427021,0.145,100.));
#10089=CARTESIAN_POINT('Origin',(-2.48124457297897,21.29,62.5));
#10090=CARTESIAN_POINT('',(-2.48124457297897,21.29,62.5));
#10091=CARTESIAN_POINT('',(46.518755427021,21.29,62.5));
#10092=CARTESIAN_POINT('',(-2.48124457297897,21.29,62.5));
#10093=CARTESIAN_POINT('',(46.518755427021,21.29,83.5));
#10094=CARTESIAN_POINT('',(46.518755427021,21.29,62.5));
#10095=CARTESIAN_POINT('',(-2.48124457297897,21.29,83.5));
#10096=CARTESIAN_POINT('',(-2.48124457297897,21.29,83.5));
#10097=CARTESIAN_POINT('',(-2.48124457297897,21.29,62.5));
#10098=CARTESIAN_POINT('Origin',(-2.48124457297897,20.29,62.5));
#10099=CARTESIAN_POINT('',(-3.48124457297897,20.29,62.5));
#10100=CARTESIAN_POINT('Origin',(-2.48124457297897,20.29,62.5));
#10101=CARTESIAN_POINT('',(-3.48124457297898,20.29,83.5));
#10102=CARTESIAN_POINT('Origin',(-2.48124457297897,20.29,83.5));
#10103=CARTESIAN_POINT('',(-3.48124457297897,20.29,62.5));
#10104=CARTESIAN_POINT('Origin',(-3.48124457297897,-20.,62.5));
#10105=CARTESIAN_POINT('',(-3.48124457297897,-20.,62.5));
#10106=CARTESIAN_POINT('',(-3.48124457297897,-20.,62.5));
#10107=CARTESIAN_POINT('',(-3.48124457297897,-20.,83.5));
#10108=CARTESIAN_POINT('',(-3.48124457297897,-20.,83.5));
#10109=CARTESIAN_POINT('',(-3.48124457297897,-20.,62.5));
#10110=CARTESIAN_POINT('Origin',(-2.48124457297897,-20.,62.5));
#10111=CARTESIAN_POINT('',(-2.48124457297897,-21.,62.5));
#10112=CARTESIAN_POINT('Origin',(-2.48124457297897,-20.,62.5));
#10113=CARTESIAN_POINT('',(-2.48124457297896,-21.,83.5));
#10114=CARTESIAN_POINT('Origin',(-2.48124457297897,-20.,83.5));
#10115=CARTESIAN_POINT('',(-2.48124457297897,-21.,62.5));
#10116=CARTESIAN_POINT('Origin',(20.3247922581287,-21.,62.5));
#10117=CARTESIAN_POINT('',(20.3247922581287,-21.,62.5));
#10118=CARTESIAN_POINT('',(20.3247922581287,-21.,62.5));
#10119=CARTESIAN_POINT('',(20.3247922581287,-21.,83.5));
#10120=CARTESIAN_POINT('',(20.3247922581287,-21.,83.5));
#10121=CARTESIAN_POINT('',(20.3247922581287,-21.,62.5));
#10122=CARTESIAN_POINT('Origin',(21.6000006705523,-21.4431066518167,62.5));
#10123=CARTESIAN_POINT('',(22.8752090829758,-21.,62.5));
#10124=CARTESIAN_POINT('Origin',(21.6000006705523,-21.4431066518167,62.5));
#10125=CARTESIAN_POINT('',(22.8752090829758,-21.,83.5));
#10126=CARTESIAN_POINT('Origin',(21.6000006705523,-21.4431066518167,83.5));
#10127=CARTESIAN_POINT('',(22.8752090829758,-21.,62.5));
#10128=CARTESIAN_POINT('Origin',(46.518755427021,-21.,62.5));
#10129=CARTESIAN_POINT('',(46.518755427021,-21.,62.5));
#10130=CARTESIAN_POINT('',(46.518755427021,-21.,62.5));
#10131=CARTESIAN_POINT('',(46.518755427021,-21.,83.5));
#10132=CARTESIAN_POINT('',(46.518755427021,-21.,83.5));
#10133=CARTESIAN_POINT('',(46.518755427021,-21.,62.5));
#10134=CARTESIAN_POINT('Origin',(46.518755427021,-20.,62.5));
#10135=CARTESIAN_POINT('',(47.518755427021,-20.,62.5));
#10136=CARTESIAN_POINT('Origin',(46.518755427021,-20.,62.5));
#10137=CARTESIAN_POINT('',(47.518755427021,-20.,83.5));
#10138=CARTESIAN_POINT('Origin',(46.518755427021,-20.,83.5));
#10139=CARTESIAN_POINT('',(47.518755427021,-20.,62.5));
#10140=CARTESIAN_POINT('Origin',(47.518755427021,20.29,62.5));
#10141=CARTESIAN_POINT('',(47.518755427021,20.29,62.5));
#10142=CARTESIAN_POINT('',(47.518755427021,20.29,62.5));
#10143=CARTESIAN_POINT('',(47.518755427021,20.29,83.5));
#10144=CARTESIAN_POINT('',(47.518755427021,20.29,83.5));
#10145=CARTESIAN_POINT('',(47.518755427021,20.29,62.5));
#10146=CARTESIAN_POINT('Origin',(46.518755427021,20.29,62.5));
#10147=CARTESIAN_POINT('Origin',(46.518755427021,20.29,62.5));
#10148=CARTESIAN_POINT('Origin',(46.518755427021,20.29,83.5));
#10149=CARTESIAN_POINT('Origin',(-4.48124457297897,-23.,62.5));
#10150=CARTESIAN_POINT('',(48.518755427021,-23.,62.5));
#10151=CARTESIAN_POINT('',(-4.48124457297897,-23.,62.5));
#10152=CARTESIAN_POINT('',(48.518755427021,-23.,62.5));
#10153=CARTESIAN_POINT('',(48.518755427021,-23.,83.5));
#10154=CARTESIAN_POINT('',(48.518755427021,-23.,62.5));
#10155=CARTESIAN_POINT('',(-4.48124457297897,-23.,83.5));
#10156=CARTESIAN_POINT('',(48.518755427021,-23.,83.5));
#10157=CARTESIAN_POINT('',(-4.48124457297897,-23.,62.5));
#10158=CARTESIAN_POINT('Origin',(-4.48124457297897,-22.,62.5));
#10159=CARTESIAN_POINT('',(-5.48124457297897,-22.,62.5));
#10160=CARTESIAN_POINT('Origin',(-4.48124457297897,-22.,62.5));
#10161=CARTESIAN_POINT('',(-5.48124457297897,-22.,83.5));
#10162=CARTESIAN_POINT('Origin',(-4.48124457297897,-22.,83.5));
#10163=CARTESIAN_POINT('',(-5.48124457297897,-22.,62.5));
#10164=CARTESIAN_POINT('Origin',(-5.48124457297897,22.29,62.5));
#10165=CARTESIAN_POINT('',(-5.48124457297897,22.29,62.5));
#10166=CARTESIAN_POINT('',(-5.48124457297897,-22.,62.5));
#10167=CARTESIAN_POINT('',(-5.48124457297897,22.29,83.5));
#10168=CARTESIAN_POINT('',(-5.48124457297897,-22.,83.5));
#10169=CARTESIAN_POINT('',(-5.48124457297897,22.29,62.5));
#10170=CARTESIAN_POINT('Origin',(-4.48124457297897,22.29,62.5));
#10171=CARTESIAN_POINT('',(-4.48124457297897,23.29,62.5));
#10172=CARTESIAN_POINT('Origin',(-4.48124457297897,22.29,62.5));
#10173=CARTESIAN_POINT('',(-4.48124457297896,23.29,83.5));
#10174=CARTESIAN_POINT('Origin',(-4.48124457297897,22.29,83.5));
#10175=CARTESIAN_POINT('',(-4.48124457297897,23.29,62.5));
#10176=CARTESIAN_POINT('Origin',(48.518755427021,23.29,62.5));
#10177=CARTESIAN_POINT('',(48.518755427021,23.29,62.5));
#10178=CARTESIAN_POINT('',(-4.48124457297897,23.29,62.5));
#10179=CARTESIAN_POINT('',(48.518755427021,23.29,83.5));
#10180=CARTESIAN_POINT('',(-4.48124457297897,23.29,83.5));
#10181=CARTESIAN_POINT('',(48.518755427021,23.29,62.5));
#10182=CARTESIAN_POINT('Origin',(48.518755427021,22.29,62.5));
#10183=CARTESIAN_POINT('',(49.518755427021,22.29,62.5));
#10184=CARTESIAN_POINT('Origin',(48.518755427021,22.29,62.5));
#10185=CARTESIAN_POINT('',(49.518755427021,22.29,83.5));
#10186=CARTESIAN_POINT('Origin',(48.518755427021,22.29,83.5));
#10187=CARTESIAN_POINT('',(49.518755427021,22.29,62.5));
#10188=CARTESIAN_POINT('Origin',(49.518755427021,-22.,62.5));
#10189=CARTESIAN_POINT('',(49.518755427021,-22.,62.5));
#10190=CARTESIAN_POINT('',(49.518755427021,22.29,62.5));
#10191=CARTESIAN_POINT('',(49.518755427021,-22.,83.5));
#10192=CARTESIAN_POINT('',(49.518755427021,22.29,83.5));
#10193=CARTESIAN_POINT('',(49.518755427021,-22.,62.5));
#10194=CARTESIAN_POINT('Origin',(48.518755427021,-22.,62.5));
#10195=CARTESIAN_POINT('Origin',(48.518755427021,-22.,62.5));
#10196=CARTESIAN_POINT('Origin',(48.518755427021,-22.,83.5));
#10197=CARTESIAN_POINT('Origin',(22.018755427021,0.145,83.5));
#10198=CARTESIAN_POINT('Origin',(22.018755427021,0.145,62.5));
#10199=CARTESIAN_POINT('Origin',(-2.48124457297897,21.29,62.5));
#10200=CARTESIAN_POINT('',(-2.48124457297897,21.29,62.5));
#10201=CARTESIAN_POINT('',(46.518755427021,21.29,62.5));
#10202=CARTESIAN_POINT('',(-2.48124457297897,21.29,62.5));
#10203=CARTESIAN_POINT('',(46.518755427021,21.29,84.5));
#10204=CARTESIAN_POINT('',(46.518755427021,21.29,62.5));
#10205=CARTESIAN_POINT('',(-2.48124457297897,21.29,84.5));
#10206=CARTESIAN_POINT('',(-2.48124457297897,21.29,84.5));
#10207=CARTESIAN_POINT('',(-2.48124457297897,21.29,62.5));
#10208=CARTESIAN_POINT('Origin',(-2.48124457297897,20.29,62.5));
#10209=CARTESIAN_POINT('',(-3.48124457297897,20.29,62.5));
#10210=CARTESIAN_POINT('Origin',(-2.48124457297897,20.29,62.5));
#10211=CARTESIAN_POINT('',(-3.48124457297898,20.29,84.5));
#10212=CARTESIAN_POINT('Origin',(-2.48124457297897,20.29,84.5));
#10213=CARTESIAN_POINT('',(-3.48124457297897,20.29,62.5));
#10214=CARTESIAN_POINT('Origin',(-3.48124457297897,-20.,62.5));
#10215=CARTESIAN_POINT('',(-3.48124457297897,-20.,62.5));
#10216=CARTESIAN_POINT('',(-3.48124457297897,-20.,62.5));
#10217=CARTESIAN_POINT('',(-3.48124457297897,-20.,84.5));
#10218=CARTESIAN_POINT('',(-3.48124457297897,-20.,84.5));
#10219=CARTESIAN_POINT('',(-3.48124457297897,-20.,62.5));
#10220=CARTESIAN_POINT('Origin',(-2.48124457297897,-20.,62.5));
#10221=CARTESIAN_POINT('',(-2.48124457297897,-21.,62.5));
#10222=CARTESIAN_POINT('Origin',(-2.48124457297897,-20.,62.5));
#10223=CARTESIAN_POINT('',(-2.48124457297896,-21.,84.5));
#10224=CARTESIAN_POINT('Origin',(-2.48124457297897,-20.,84.5));
#10225=CARTESIAN_POINT('',(-2.48124457297897,-21.,62.5));
#10226=CARTESIAN_POINT('Origin',(20.3247922581287,-21.,62.5));
#10227=CARTESIAN_POINT('',(20.3247922581287,-21.,62.5));
#10228=CARTESIAN_POINT('',(20.3247922581287,-21.,62.5));
#10229=CARTESIAN_POINT('',(20.3247922581287,-21.,84.5));
#10230=CARTESIAN_POINT('',(20.3247922581287,-21.,84.5));
#10231=CARTESIAN_POINT('',(20.3247922581287,-21.,62.5));
#10232=CARTESIAN_POINT('Origin',(21.6000006705523,-21.4431066518167,62.5));
#10233=CARTESIAN_POINT('',(22.8752090829758,-21.,62.5));
#10234=CARTESIAN_POINT('Origin',(21.6000006705523,-21.4431066518167,62.5));
#10235=CARTESIAN_POINT('',(22.8752090829758,-21.,84.5));
#10236=CARTESIAN_POINT('Origin',(21.6000006705523,-21.4431066518167,84.5));
#10237=CARTESIAN_POINT('',(22.8752090829758,-21.,62.5));
#10238=CARTESIAN_POINT('Origin',(46.518755427021,-21.,62.5));
#10239=CARTESIAN_POINT('',(46.518755427021,-21.,62.5));
#10240=CARTESIAN_POINT('',(46.518755427021,-21.,62.5));
#10241=CARTESIAN_POINT('',(46.518755427021,-21.,84.5));
#10242=CARTESIAN_POINT('',(46.518755427021,-21.,84.5));
#10243=CARTESIAN_POINT('',(46.518755427021,-21.,62.5));
#10244=CARTESIAN_POINT('Origin',(46.518755427021,-20.,62.5));
#10245=CARTESIAN_POINT('',(47.518755427021,-20.,62.5));
#10246=CARTESIAN_POINT('Origin',(46.518755427021,-20.,62.5));
#10247=CARTESIAN_POINT('',(47.518755427021,-20.,84.5));
#10248=CARTESIAN_POINT('Origin',(46.518755427021,-20.,84.5));
#10249=CARTESIAN_POINT('',(47.518755427021,-20.,62.5));
#10250=CARTESIAN_POINT('Origin',(47.518755427021,20.29,62.5));
#10251=CARTESIAN_POINT('',(47.518755427021,20.29,62.5));
#10252=CARTESIAN_POINT('',(47.518755427021,20.29,62.5));
#10253=CARTESIAN_POINT('',(47.518755427021,20.29,84.5));
#10254=CARTESIAN_POINT('',(47.518755427021,20.29,84.5));
#10255=CARTESIAN_POINT('',(47.518755427021,20.29,62.5));
#10256=CARTESIAN_POINT('Origin',(46.518755427021,20.29,62.5));
#10257=CARTESIAN_POINT('Origin',(46.518755427021,20.29,62.5));
#10258=CARTESIAN_POINT('Origin',(46.518755427021,20.29,84.5));
#10259=CARTESIAN_POINT('Origin',(-4.48124457297897,-23.,62.5));
#10260=CARTESIAN_POINT('',(48.518755427021,-23.,62.5));
#10261=CARTESIAN_POINT('',(-4.48124457297897,-23.,62.5));
#10262=CARTESIAN_POINT('',(48.518755427021,-23.,62.5));
#10263=CARTESIAN_POINT('',(48.518755427021,-23.,84.5));
#10264=CARTESIAN_POINT('',(48.518755427021,-23.,62.5));
#10265=CARTESIAN_POINT('',(-4.48124457297897,-23.,84.5));
#10266=CARTESIAN_POINT('',(48.518755427021,-23.,84.5));
#10267=CARTESIAN_POINT('',(-4.48124457297897,-23.,62.5));
#10268=CARTESIAN_POINT('Origin',(-4.48124457297897,-22.,62.5));
#10269=CARTESIAN_POINT('',(-5.48124457297897,-22.,62.5));
#10270=CARTESIAN_POINT('Origin',(-4.48124457297897,-22.,62.5));
#10271=CARTESIAN_POINT('',(-5.48124457297897,-22.,84.5));
#10272=CARTESIAN_POINT('Origin',(-4.48124457297897,-22.,84.5));
#10273=CARTESIAN_POINT('',(-5.48124457297897,-22.,62.5));
#10274=CARTESIAN_POINT('Origin',(-5.48124457297897,22.29,62.5));
#10275=CARTESIAN_POINT('',(-5.48124457297897,22.29,62.5));
#10276=CARTESIAN_POINT('',(-5.48124457297897,-22.,62.5));
#10277=CARTESIAN_POINT('',(-5.48124457297897,22.29,84.5));
#10278=CARTESIAN_POINT('',(-5.48124457297897,-22.,84.5));
#10279=CARTESIAN_POINT('',(-5.48124457297897,22.29,62.5));
#10280=CARTESIAN_POINT('Origin',(-4.48124457297897,22.29,62.5));
#10281=CARTESIAN_POINT('',(-4.48124457297897,23.29,62.5));
#10282=CARTESIAN_POINT('Origin',(-4.48124457297897,22.29,62.5));
#10283=CARTESIAN_POINT('',(-4.48124457297896,23.29,84.5));
#10284=CARTESIAN_POINT('Origin',(-4.48124457297897,22.29,84.5));
#10285=CARTESIAN_POINT('',(-4.48124457297897,23.29,62.5));
#10286=CARTESIAN_POINT('Origin',(48.518755427021,23.29,62.5));
#10287=CARTESIAN_POINT('',(48.518755427021,23.29,62.5));
#10288=CARTESIAN_POINT('',(-4.48124457297897,23.29,62.5));
#10289=CARTESIAN_POINT('',(48.518755427021,23.29,84.5));
#10290=CARTESIAN_POINT('',(-4.48124457297897,23.29,84.5));
#10291=CARTESIAN_POINT('',(48.518755427021,23.29,62.5));
#10292=CARTESIAN_POINT('Origin',(48.518755427021,22.29,62.5));
#10293=CARTESIAN_POINT('',(49.518755427021,22.29,62.5));
#10294=CARTESIAN_POINT('Origin',(48.518755427021,22.29,62.5));
#10295=CARTESIAN_POINT('',(49.518755427021,22.29,84.5));
#10296=CARTESIAN_POINT('Origin',(48.518755427021,22.29,84.5));
#10297=CARTESIAN_POINT('',(49.518755427021,22.29,62.5));
#10298=CARTESIAN_POINT('Origin',(49.518755427021,-22.,62.5));
#10299=CARTESIAN_POINT('',(49.518755427021,-22.,62.5));
#10300=CARTESIAN_POINT('',(49.518755427021,22.29,62.5));
#10301=CARTESIAN_POINT('',(49.518755427021,-22.,84.5));
#10302=CARTESIAN_POINT('',(49.518755427021,22.29,84.5));
#10303=CARTESIAN_POINT('',(49.518755427021,-22.,62.5));
#10304=CARTESIAN_POINT('Origin',(48.518755427021,-22.,62.5));
#10305=CARTESIAN_POINT('Origin',(48.518755427021,-22.,62.5));
#10306=CARTESIAN_POINT('Origin',(48.518755427021,-22.,84.5));
#10307=CARTESIAN_POINT('Origin',(22.018755427021,0.145,84.5));
#10308=CARTESIAN_POINT('Origin',(22.018755427021,0.145,62.5));
#10309=UNCERTAINTY_MEASURE_WITH_UNIT(LENGTH_MEASURE(0.01),#10313,
'DISTANCE_ACCURACY_VALUE',
'Maximum model space distance between geometric entities at asserted c
onnectivities');
#10310=UNCERTAINTY_MEASURE_WITH_UNIT(LENGTH_MEASURE(0.01),#10313,
'DISTANCE_ACCURACY_VALUE',
'Maximum model space distance between geometric entities at asserted c
onnectivities');
#10311=(
GEOMETRIC_REPRESENTATION_CONTEXT(3)
GLOBAL_UNCERTAINTY_ASSIGNED_CONTEXT((#10309))
GLOBAL_UNIT_ASSIGNED_CONTEXT((#10313,#10315,#10316))
REPRESENTATION_CONTEXT('','3D')
);
#10312=(
GEOMETRIC_REPRESENTATION_CONTEXT(3)
GLOBAL_UNCERTAINTY_ASSIGNED_CONTEXT((#10310))
GLOBAL_UNIT_ASSIGNED_CONTEXT((#10313,#10315,#10316))
REPRESENTATION_CONTEXT('','3D')
);
#10313=(
LENGTH_UNIT()
NAMED_UNIT(*)
SI_UNIT(.MILLI.,.METRE.)
);
#10314=(
LENGTH_UNIT()
NAMED_UNIT(*)
SI_UNIT($,.METRE.)
);
#10315=(
NAMED_UNIT(*)
PLANE_ANGLE_UNIT()
SI_UNIT($,.RADIAN.)
);
#10316=(
NAMED_UNIT(*)
SI_UNIT($,.STERADIAN.)
SOLID_ANGLE_UNIT()
);
#10317=SHAPE_DEFINITION_REPRESENTATION(#10318,#10319);
#10318=PRODUCT_DEFINITION_SHAPE('',$,#10321);
#10319=SHAPE_REPRESENTATION('',(#5799),#10311);
#10320=PRODUCT_DEFINITION_CONTEXT('part definition',#10325,'design');
#10321=PRODUCT_DEFINITION('2026-03-28-18-22-14-981',
'Water Resistent cover v23',#10322,#10320);
#10322=PRODUCT_DEFINITION_FORMATION('',$,#10327);
#10323=PRODUCT_RELATED_PRODUCT_CATEGORY('Water Resistent cover v23',
'Water Resistent cover v23',(#10327));
#10324=APPLICATION_PROTOCOL_DEFINITION('international standard',
'automotive_design',2009,#10325);
#10325=APPLICATION_CONTEXT(
'Core Data for Automotive Mechanical Design Process');
#10326=PRODUCT_CONTEXT('part definition',#10325,'mechanical');
#10327=PRODUCT('2026-03-28-18-22-14-981','Water Resistent cover v23',$,
(#10326));
#10328=PRESENTATION_STYLE_ASSIGNMENT((#10329));
#10329=SURFACE_STYLE_USAGE(.BOTH.,#10330);
#10330=SURFACE_SIDE_STYLE('',(#10331));
#10331=SURFACE_STYLE_FILL_AREA(#10332);
#10332=FILL_AREA_STYLE('Steel - Satin',(#10333));
#10333=FILL_AREA_STYLE_COLOUR('Steel - Satin',#10334);
#10334=COLOUR_RGB('Steel - Satin',0.627450980392157,0.627450980392157,0.627450980392157);
ENDSEC;
END-ISO-10303-21;
