ISO-10303-21;
HEADER;
/* Generated by software containing ST-Developer
 * from STEP Tools, Inc. (www.steptools.com) 
 */

FILE_DESCRIPTION(
/* description */ (''),
/* implementation_level */ '2;1');

FILE_NAME(
/* name */ 'Water Resistent cover.step',
/* time_stamp */ '2026-03-31T17:32:14+02:00',
/* author */ (''),
/* organization */ (''),
/* preprocessor_version */ 'ST-DEVELOPER v20.1',
/* originating_system */ 'Autodesk Translation Framework v14.24.0.0',
/* authorisation */ '');

FILE_SCHEMA (('AUTOMOTIVE_DESIGN { 1 0 10303 214 3 1 1 }'));
ENDSEC;

DATA;
#10=MECHANICAL_DESIGN_GEOMETRIC_PRESENTATION_REPRESENTATION('',(#13,#14,
#15,#16,#17,#18),#10968);
#11=SHAPE_REPRESENTATION_RELATIONSHIP('SRR','None',#10975,#12);
#12=ADVANCED_BREP_SHAPE_REPRESENTATION('',(#19,#20,#21,#22,#23,#24),#10967);
#13=STYLED_ITEM('',(#10984),#19);
#14=STYLED_ITEM('',(#10984),#20);
#15=STYLED_ITEM('',(#10984),#21);
#16=STYLED_ITEM('',(#10984),#22);
#17=STYLED_ITEM('',(#10984),#23);
#18=STYLED_ITEM('',(#10984),#24);
#19=MANIFOLD_SOLID_BREP('Body4',#6184);
#20=MANIFOLD_SOLID_BREP('Body4',#6185);
#21=MANIFOLD_SOLID_BREP('Body9',#6186);
#22=MANIFOLD_SOLID_BREP('Body10',#6187);
#23=MANIFOLD_SOLID_BREP('Body11',#6188);
#24=MANIFOLD_SOLID_BREP('Body7',#6189);
#25=(
BOUNDED_CURVE()
B_SPLINE_CURVE(2,(#9634,#9635,#9636),.UNSPECIFIED.,.F.,.F.)
B_SPLINE_CURVE_WITH_KNOTS((3,3),(0.424799914141513,0.545241941497213),
 .UNSPECIFIED.)
CURVE()
GEOMETRIC_REPRESENTATION_ITEM()
RATIONAL_B_SPLINE_CURVE((1.00702317614655,1.00651417812167,1.00515197730382))
REPRESENTATION_ITEM('')
);
#26=CONICAL_SURFACE('',#6453,20.,0.349065850398866);
#27=CONICAL_SURFACE('',#6456,0.999999999999996,0.349065850398866);
#28=CONICAL_SURFACE('',#6460,1.,0.349065850398866);
#29=CONICAL_SURFACE('',#6463,10.,0.349065850398866);
#30=CONICAL_SURFACE('',#6466,10.0000000000003,0.349065850398866);
#31=CONICAL_SURFACE('',#6469,1.,0.349065850398866);
#32=CONICAL_SURFACE('',#6701,30.0000000000001,0.349065850398866);
#33=CONICAL_SURFACE('',#6702,1.,0.349065850398866);
#34=CONICAL_SURFACE('',#6704,20.,0.349065850398866);
#35=CONICAL_SURFACE('',#6706,29.9999999999999,0.349065850398866);
#36=CONICAL_SURFACE('',#6708,2.00000000000001,0.349065850398866);
#37=CONICAL_SURFACE('',#6710,2.00000000000002,0.349065850398866);
#38=CONICAL_SURFACE('',#6712,20.0000000000002,0.349065850398866);
#39=CONICAL_SURFACE('',#6714,2.00000000000002,0.349065850398866);
#40=CONICAL_SURFACE('',#6716,2.00000000000001,0.349065850398866);
#41=(
BOUNDED_SURFACE()
B_SPLINE_SURFACE(2,2,((#9529,#9530,#9531),(#9532,#9533,#9534),(#9535,#9536,
#9537)),.UNSPECIFIED.,.F.,.F.,.F.)
B_SPLINE_SURFACE_WITH_KNOTS((3,3),(3,3),(-1.57079632679492,-0.349065850398846),
(0.826267755529865,2.26356088127733),.UNSPECIFIED.)
GEOMETRIC_REPRESENTATION_ITEM()
RATIONAL_B_SPLINE_SURFACE(((1.,0.752697475988199,1.),(0.819152044289028,
0.616573676186925,0.819152044289028),(1.,0.752697475988199,1.)))
REPRESENTATION_ITEM('')
SURFACE()
);
#42=(
BOUNDED_SURFACE()
B_SPLINE_SURFACE(2,2,((#9545,#9546,#9547),(#9548,#9549,#9550),(#9551,#9552,
#9553)),.UNSPECIFIED.,.F.,.F.,.F.)
B_SPLINE_SURFACE_WITH_KNOTS((3,3),(3,3),(-1.57079632679492,-0.349065850398834),
(-0.785398163397416,0.785398163397417),.UNSPECIFIED.)
GEOMETRIC_REPRESENTATION_ITEM()
RATIONAL_B_SPLINE_SURFACE(((1.,0.70710678118657,1.),(0.819152044288831,
0.579227965339474,0.819152044288831),(1.,0.70710678118657,1.)))
REPRESENTATION_ITEM('')
SURFACE()
);
#43=(
BOUNDED_SURFACE()
B_SPLINE_SURFACE(2,2,((#9569,#9570,#9571),(#9572,#9573,#9574),(#9575,#9576,
#9577)),.UNSPECIFIED.,.F.,.F.,.F.)
B_SPLINE_SURFACE_WITH_KNOTS((3,3),(3,3),(-1.57079632679491,-0.349065850398787),
(-0.785398163397361,0.785398163397361),.UNSPECIFIED.)
GEOMETRIC_REPRESENTATION_ITEM()
RATIONAL_B_SPLINE_SURFACE(((1.,0.707106781186609,1.),(0.819152044288906,
0.579227965339559,0.819152044288906),(1.,0.707106781186609,1.)))
REPRESENTATION_ITEM('')
SURFACE()
);
#44=(
BOUNDED_SURFACE()
B_SPLINE_SURFACE(2,2,((#9585,#9586,#9587),(#9588,#9589,#9590),(#9591,#9592,
#9593)),.UNSPECIFIED.,.F.,.F.,.F.)
B_SPLINE_SURFACE_WITH_KNOTS((3,3),(3,3),(-1.57079632679494,-0.349065850398848),
(-2.26356088127752,-0.826267755529898),.UNSPECIFIED.)
GEOMETRIC_REPRESENTATION_ITEM()
RATIONAL_B_SPLINE_SURFACE(((1.,0.752697475988146,1.),(0.819152044289192,
0.616573676187005,0.819152044289192),(1.,0.752697475988146,1.)))
REPRESENTATION_ITEM('')
SURFACE()
);
#45=B_SPLINE_CURVE_WITH_KNOTS('',3,(#9447,#9448,#9449,#9450,#9451,#9452,
#9453,#9454,#9455,#9456,#9457,#9458,#9459,#9460,#9461,#9462,#9463,#9464,
#9465,#9466,#9467,#9468,#9469,#9470,#9471,#9472,#9473,#9474,#9475,#9476,
#9477,#9478,#9479,#9480,#9481,#9482,#9483,#9484,#9485,#9486),
 .UNSPECIFIED.,.F.,.F.,(4,3,3,3,3,3,3,3,3,3,3,3,3,4),(-0.000156928891476199,
9.48676900924816E-19,0.00405564432200375,0.00503031982636533,0.0090531706191982,
0.0100204354024726,0.0140109856043201,0.0165781433716887,0.0175614894243834,
0.021550882734325,0.0252157919333736,0.0292615113095158,0.0331651767999452,
0.0333219336236157),.UNSPECIFIED.);
#46=B_SPLINE_CURVE_WITH_KNOTS('',3,(#9487,#9488,#9489,#9490),
 .UNSPECIFIED.,.F.,.F.,(4,4),(0.279209501203826,0.583569225623312),
 .UNSPECIFIED.);
#47=B_SPLINE_CURVE_WITH_KNOTS('',3,(#9491,#9492,#9493,#9494),
 .UNSPECIFIED.,.F.,.F.,(4,4),(-0.583569225982221,-0.279209501203821),
 .UNSPECIFIED.);
#48=B_SPLINE_CURVE_WITH_KNOTS('',3,(#9625,#9626,#9627,#9628,#9629,#9630,
#9631,#9632),.UNSPECIFIED.,.F.,.F.,(4,2,2,4),(0.,0.00134323230050863,0.00999475094453275,
0.0100849239224488),.UNSPECIFIED.);
#49=B_SPLINE_CURVE_WITH_KNOTS('',3,(#9644,#9645,#9646,#9647),
 .UNSPECIFIED.,.F.,.F.,(4,4),(0.155391596727892,0.16890126227712),
 .UNSPECIFIED.);
#50=B_SPLINE_CURVE_WITH_KNOTS('',3,(#9649,#9650,#9651,#9652,#9653,#9654,
#9655,#9656),.UNSPECIFIED.,.F.,.F.,(4,2,2,4),(-0.000151922794751836,0.,
0.0109517276093648,0.0195596050870028),.UNSPECIFIED.);
#51=B_SPLINE_CURVE_WITH_KNOTS('',3,(#9734,#9735,#9736,#9737,#9738,#9739,
#9740),.UNSPECIFIED.,.F.,.F.,(4,1,1,1,4),(0.39583747210653,0.414316034746295,
0.43279459738606,0.457432680905747,0.482070764425433),.UNSPECIFIED.);
#52=B_SPLINE_CURVE_WITH_KNOTS('',3,(#9743,#9744,#9745,#9746,#9747,#9748,
#9749),.UNSPECIFIED.,.F.,.F.,(4,1,1,1,4),(-0.482070764425433,-0.457432680905747,
-0.43279459738606,-0.414316034746295,-0.39583747210653),.UNSPECIFIED.);
#53=B_SPLINE_CURVE_WITH_KNOTS('',3,(#9850,#9851,#9852,#9853,#9854,#9855,
#9856,#9857,#9858,#9859,#9860,#9861,#9862,#9863,#9864,#9865,#9866,#9867,
#9868,#9869),.UNSPECIFIED.,.F.,.F.,(4,1,1,1,1,1,1,1,1,1,1,1,1,1,1,1,1,4),
(0.,0.0146097421294342,0.0292194842588685,0.0294477614796409,0.0296760387004133,
0.0301325931419581,0.0310457020250478,0.0328719197912271,0.0365243553235856,
0.0438292263883027,0.0511340974530199,0.058438968517737,0.0730487106471712,
0.0803535817118884,0.0840060172442469,0.0876584527766055,0.146097421294342,
0.204536389812079),.UNSPECIFIED.);
#54=B_SPLINE_CURVE_WITH_KNOTS('',3,(#9870,#9871,#9872,#9873,#9874,#9875,
#9876,#9877,#9878,#9879,#9880,#9881,#9882,#9883,#9884,#9885,#9886,#9887,
#9888),.UNSPECIFIED.,.F.,.F.,(4,1,1,1,1,1,1,1,1,1,1,1,1,1,1,1,4),(-0.204536389812079,
-0.146097421294342,-0.0876584527766055,-0.0840060172442469,-0.0803535817118884,
-0.0730487106471712,-0.058438968517737,-0.0511340974530199,-0.0438292263883027,
-0.0365243553235856,-0.0328719197912271,-0.0310457020250478,-0.0301325931419581,
-0.0296760387004133,-0.0294477614796409,-0.0292194842588685,-0.0247410748128581),
 .UNSPECIFIED.);
#55=B_SPLINE_CURVE_WITH_KNOTS('',3,(#9909,#9910,#9911,#9912),
 .UNSPECIFIED.,.F.,.F.,(4,4),(-0.133721010933172,-0.123407771207709),
 .UNSPECIFIED.);
#56=B_SPLINE_CURVE_WITH_KNOTS('',3,(#9913,#9914,#9915,#9916,#9917),
 .UNSPECIFIED.,.F.,.F.,(4,1,4),(0.123407771207709,0.138566898453285,0.153726025698861),
 .UNSPECIFIED.);
#57=B_SPLINE_CURVE_WITH_KNOTS('',3,(#9928,#9929,#9930,#9931),
 .UNSPECIFIED.,.F.,.F.,(4,4),(0.732286711477055,0.767041804614511),
 .UNSPECIFIED.);
#58=B_SPLINE_CURVE_WITH_KNOTS('',3,(#9932,#9933,#9934,#9935),
 .UNSPECIFIED.,.F.,.F.,(4,4),(0.0347550931374555,0.0670104344341886),
 .UNSPECIFIED.);
#59=B_SPLINE_CURVE_WITH_KNOTS('',3,(#10119,#10120,#10121,#10122,#10123,
#10124,#10125,#10126),.UNSPECIFIED.,.F.,.F.,(4,2,2,4),(-0.0103186393062994,
-0.00521578684916073,0.,4.83946381082643E-5),.UNSPECIFIED.);
#60=B_SPLINE_SURFACE_WITH_KNOTS('',3,3,((#9425,#9426,#9427,#9428),(#9429,
#9430,#9431,#9432),(#9433,#9434,#9435,#9436),(#9437,#9438,#9439,#9440),
(#9441,#9442,#9443,#9444)),.UNSPECIFIED.,.F.,.F.,.F.,(4,1,4),(4,4),(0.,
0.5,1.),(0.277364882504011,0.583569225982221),.UNSPECIFIED.);
#61=B_SPLINE_SURFACE_WITH_KNOTS('',3,3,((#9695,#9696,#9697,#9698,#9699,
#9700,#9701),(#9702,#9703,#9704,#9705,#9706,#9707,#9708),(#9709,#9710,#9711,
#9712,#9713,#9714,#9715),(#9716,#9717,#9718,#9719,#9720,#9721,#9722),(#9723,
#9724,#9725,#9726,#9727,#9728,#9729)),.UNSPECIFIED.,.F.,.F.,.F.,(4,1,4),
(4,1,1,1,4),(0.,0.571428571428571,1.),(0.39583747210653,0.414316034746295,
0.43279459738606,0.457432680905747,0.482070764425433),.UNSPECIFIED.);
#62=B_SPLINE_SURFACE_WITH_KNOTS('',3,3,((#9750,#9751,#9752,#9753,#9754,
#9755,#9756,#9757,#9758,#9759,#9760,#9761,#9762,#9763,#9764,#9765,#9766,
#9767,#9768,#9769),(#9770,#9771,#9772,#9773,#9774,#9775,#9776,#9777,#9778,
#9779,#9780,#9781,#9782,#9783,#9784,#9785,#9786,#9787,#9788,#9789),(#9790,
#9791,#9792,#9793,#9794,#9795,#9796,#9797,#9798,#9799,#9800,#9801,#9802,
#9803,#9804,#9805,#9806,#9807,#9808,#9809),(#9810,#9811,#9812,#9813,#9814,
#9815,#9816,#9817,#9818,#9819,#9820,#9821,#9822,#9823,#9824,#9825,#9826,
#9827,#9828,#9829),(#9830,#9831,#9832,#9833,#9834,#9835,#9836,#9837,#9838,
#9839,#9840,#9841,#9842,#9843,#9844,#9845,#9846,#9847,#9848,#9849)),
 .UNSPECIFIED.,.F.,.F.,.F.,(4,1,4),(4,1,1,1,1,1,1,1,1,1,1,1,1,1,1,1,1,4),
(0.,0.571428571428571,1.),(0.,0.0146097421294342,0.0292194842588685,0.0294477614796409,
0.0296760387004133,0.0301325931419581,0.0310457020250478,0.0328719197912271,
0.0365243553235856,0.0438292263883027,0.0511340974530199,0.058438968517737,
0.0730487106471712,0.0803535817118884,0.0840060172442469,0.0876584527766055,
0.146097421294342,0.204536389812079),.UNSPECIFIED.);
#63=B_SPLINE_SURFACE_WITH_KNOTS('',3,3,((#9889,#9890,#9891,#9892,#9893),
(#9894,#9895,#9896,#9897,#9898),(#9899,#9900,#9901,#9902,#9903),(#9904,
#9905,#9906,#9907,#9908)),.UNSPECIFIED.,.F.,.F.,.F.,(4,4),(4,1,4),(0.,1.),
(0.123407771207709,0.138566898453285,0.153726025698861),.UNSPECIFIED.);
#64=TOROIDAL_SURFACE('',#6391,11.959892678973,0.2);
#65=TOROIDAL_SURFACE('',#6396,11.9598926789733,0.2);
#66=TOROIDAL_SURFACE('',#6413,21.959892678973,0.2);
#67=TOROIDAL_SURFACE('',#6418,31.9598926789729,0.2);
#68=TOROIDAL_SURFACE('',#6431,21.9598926789732,0.2);
#69=TOROIDAL_SURFACE('',#6444,31.9598926789731,0.2);
#70=TOROIDAL_SURFACE('',#6449,21.959892678973,0.2);
#71=TOROIDAL_SURFACE('',#6475,20.2856296013484,0.2);
#72=TOROIDAL_SURFACE('',#6484,20.2,0.2);
#73=TOROIDAL_SURFACE('',#6490,30.2000000000001,0.2);
#74=TOROIDAL_SURFACE('',#6496,1.80000000000001,0.2);
#75=TOROIDAL_SURFACE('',#6502,1.80000000000002,0.2);
#76=TOROIDAL_SURFACE('',#6508,20.2000000000002,0.2);
#77=TOROIDAL_SURFACE('',#6514,1.80000000000002,0.2);
#78=TOROIDAL_SURFACE('',#6520,1.80000000000001,0.2);
#79=TOROIDAL_SURFACE('',#6526,30.1999999999999,0.2);
#80=TOROIDAL_SURFACE('',#6532,20.2,0.2);
#81=TOROIDAL_SURFACE('',#6538,0.8,0.2);
#82=TOROIDAL_SURFACE('',#6544,0.800000000000002,0.2);
#83=TOROIDAL_SURFACE('',#6550,10.2000000000003,0.2);
#84=TOROIDAL_SURFACE('',#6556,10.2,0.2);
#85=TOROIDAL_SURFACE('',#6562,0.800000000000003,0.2);
#86=TOROIDAL_SURFACE('',#6568,0.799999999999996,0.2);
#87=TOROIDAL_SURFACE('',#6595,0.799999999999996,0.2);
#88=TOROIDAL_SURFACE('',#6605,0.714370398651573,0.2);
#89=TOROIDAL_SURFACE('',#6606,20.2,0.2);
#90=TOROIDAL_SURFACE('',#6611,30.2000000000001,0.2);
#91=TOROIDAL_SURFACE('',#6617,1.80000000000001,0.2);
#92=TOROIDAL_SURFACE('',#6623,1.80000000000002,0.2);
#93=TOROIDAL_SURFACE('',#6629,20.2000000000002,0.2);
#94=TOROIDAL_SURFACE('',#6635,1.80000000000002,0.2);
#95=TOROIDAL_SURFACE('',#6641,1.80000000000001,0.2);
#96=TOROIDAL_SURFACE('',#6647,30.1999999999999,0.2);
#97=TOROIDAL_SURFACE('',#6652,20.2,0.2);
#98=TOROIDAL_SURFACE('',#6657,0.8,0.2);
#99=TOROIDAL_SURFACE('',#6662,0.800000000000002,0.2);
#100=TOROIDAL_SURFACE('',#6666,10.2000000000003,0.2);
#101=TOROIDAL_SURFACE('',#6670,10.2,0.2);
#102=TOROIDAL_SURFACE('',#6674,0.800000000000003,0.2);
#103=ELLIPSE('',#6382,0.205232214519142,0.2);
#104=ELLIPSE('',#6388,0.205232214519404,0.2);
#105=ELLIPSE('',#6409,0.206475794475671,0.2);
#106=SPHERICAL_SURFACE('',#6377,0.199999999999997);
#107=SPHERICAL_SURFACE('',#6383,0.200000000000003);
#108=SPHERICAL_SURFACE('',#6400,0.199999999999994);
#109=SPHERICAL_SURFACE('',#6404,0.200000000000008);
#110=SPHERICAL_SURFACE('',#6478,0.2);
#111=FACE_BOUND('',#658,.T.);
#112=FACE_BOUND('',#664,.T.);
#113=FACE_BOUND('',#666,.T.);
#114=FACE_BOUND('',#672,.T.);
#115=FACE_BOUND('',#731,.T.);
#116=FACE_BOUND('',#733,.T.);
#117=FACE_BOUND('',#734,.T.);
#118=FACE_BOUND('',#790,.T.);
#119=FACE_BOUND('',#791,.T.);
#120=FACE_BOUND('',#792,.T.);
#121=FACE_BOUND('',#836,.T.);
#122=FACE_BOUND('',#841,.T.);
#123=FACE_BOUND('',#846,.T.);
#124=FACE_BOUND('',#850,.T.);
#125=FACE_BOUND('',#851,.T.);
#126=FACE_BOUND('',#852,.T.);
#127=FACE_BOUND('',#853,.T.);
#128=FACE_BOUND('',#886,.T.);
#129=FACE_BOUND('',#893,.T.);
#130=FACE_BOUND('',#900,.T.);
#131=FACE_BOUND('',#901,.T.);
#132=FACE_BOUND('',#902,.T.);
#133=FACE_BOUND('',#903,.T.);
#134=FACE_BOUND('',#904,.T.);
#135=FACE_BOUND('',#924,.T.);
#136=FACE_BOUND('',#928,.T.);
#137=FACE_BOUND('',#934,.T.);
#138=FACE_BOUND('',#944,.T.);
#139=FACE_BOUND('',#953,.T.);
#140=FACE_BOUND('',#955,.T.);
#141=FACE_BOUND('',#957,.T.);
#142=FACE_BOUND('',#964,.T.);
#143=FACE_BOUND('',#965,.T.);
#144=FACE_BOUND('',#966,.T.);
#145=FACE_BOUND('',#981,.T.);
#146=FACE_BOUND('',#982,.T.);
#147=FACE_BOUND('',#983,.T.);
#148=FACE_BOUND('',#985,.T.);
#149=FACE_BOUND('',#1005,.T.);
#150=FACE_BOUND('',#1025,.T.);
#151=FACE_BOUND('',#1027,.T.);
#152=FACE_BOUND('',#1047,.T.);
#153=FACE_BOUND('',#1049,.T.);
#154=PLANE('',#6206);
#155=PLANE('',#6207);
#156=PLANE('',#6208);
#157=PLANE('',#6212);
#158=PLANE('',#6213);
#159=PLANE('',#6217);
#160=PLANE('',#6221);
#161=PLANE('',#6222);
#162=PLANE('',#6230);
#163=PLANE('',#6231);
#164=PLANE('',#6235);
#165=PLANE('',#6236);
#166=PLANE('',#6240);
#167=PLANE('',#6244);
#168=PLANE('',#6248);
#169=PLANE('',#6252);
#170=PLANE('',#6255);
#171=PLANE('',#6258);
#172=PLANE('',#6261);
#173=PLANE('',#6264);
#174=PLANE('',#6268);
#175=PLANE('',#6272);
#176=PLANE('',#6276);
#177=PLANE('',#6280);
#178=PLANE('',#6284);
#179=PLANE('',#6288);
#180=PLANE('',#6292);
#181=PLANE('',#6296);
#182=PLANE('',#6300);
#183=PLANE('',#6304);
#184=PLANE('',#6308);
#185=PLANE('',#6312);
#186=PLANE('',#6316);
#187=PLANE('',#6320);
#188=PLANE('',#6321);
#189=PLANE('',#6325);
#190=PLANE('',#6329);
#191=PLANE('',#6333);
#192=PLANE('',#6337);
#193=PLANE('',#6341);
#194=PLANE('',#6345);
#195=PLANE('',#6348);
#196=PLANE('',#6372);
#197=PLANE('',#6373);
#198=PLANE('',#6374);
#199=PLANE('',#6375);
#200=PLANE('',#6376);
#201=PLANE('',#6452);
#202=PLANE('',#6459);
#203=PLANE('',#6462);
#204=PLANE('',#6465);
#205=PLANE('',#6468);
#206=PLANE('',#6471);
#207=PLANE('',#6472);
#208=PLANE('',#6477);
#209=PLANE('',#6574);
#210=PLANE('',#6577);
#211=PLANE('',#6580);
#212=PLANE('',#6583);
#213=PLANE('',#6586);
#214=PLANE('',#6589);
#215=PLANE('',#6592);
#216=PLANE('',#6597);
#217=PLANE('',#6677);
#218=PLANE('',#6679);
#219=PLANE('',#6681);
#220=PLANE('',#6683);
#221=PLANE('',#6685);
#222=PLANE('',#6687);
#223=PLANE('',#6689);
#224=PLANE('',#6691);
#225=PLANE('',#6700);
#226=PLANE('',#6703);
#227=PLANE('',#6705);
#228=PLANE('',#6707);
#229=PLANE('',#6709);
#230=PLANE('',#6711);
#231=PLANE('',#6713);
#232=PLANE('',#6715);
#233=PLANE('',#6718);
#234=PLANE('',#6720);
#235=PLANE('',#6721);
#236=PLANE('',#6723);
#237=PLANE('',#6725);
#238=PLANE('',#6726);
#239=PLANE('',#6727);
#240=PLANE('',#6729);
#241=PLANE('',#6730);
#242=PLANE('',#6732);
#243=PLANE('',#6734);
#244=PLANE('',#6735);
#245=PLANE('',#6736);
#246=PLANE('',#6739);
#247=PLANE('',#6740);
#248=PLANE('',#6741);
#249=PLANE('',#6742);
#250=PLANE('',#6743);
#251=PLANE('',#6744);
#252=PLANE('',#6745);
#253=PLANE('',#6748);
#254=PLANE('',#6751);
#255=PLANE('',#6753);
#256=PLANE('',#6754);
#257=PLANE('',#6756);
#258=PLANE('',#6767);
#259=PLANE('',#6770);
#260=PLANE('',#6779);
#261=PLANE('',#6782);
#262=PLANE('',#6785);
#263=PLANE('',#6786);
#264=PLANE('',#6787);
#265=PLANE('',#6799);
#266=PLANE('',#6802);
#267=PLANE('',#6805);
#268=PLANE('',#6808);
#269=PLANE('',#6811);
#270=PLANE('',#6814);
#271=PLANE('',#6817);
#272=PLANE('',#6820);
#273=PLANE('',#6823);
#274=PLANE('',#6824);
#275=PLANE('',#6825);
#276=PLANE('',#6829);
#277=PLANE('',#6833);
#278=PLANE('',#6837);
#279=PLANE('',#6841);
#280=PLANE('',#6845);
#281=PLANE('',#6849);
#282=PLANE('',#6853);
#283=PLANE('',#6857);
#284=PLANE('',#6861);
#285=PLANE('',#6862);
#286=PLANE('',#6863);
#287=PLANE('',#6867);
#288=PLANE('',#6871);
#289=PLANE('',#6875);
#290=PLANE('',#6879);
#291=PLANE('',#6883);
#292=PLANE('',#6887);
#293=PLANE('',#6891);
#294=PLANE('',#6895);
#295=PLANE('',#6899);
#296=PLANE('',#6900);
#297=FACE_OUTER_BOUND('',#652,.T.);
#298=FACE_OUTER_BOUND('',#653,.T.);
#299=FACE_OUTER_BOUND('',#654,.T.);
#300=FACE_OUTER_BOUND('',#655,.T.);
#301=FACE_OUTER_BOUND('',#656,.T.);
#302=FACE_OUTER_BOUND('',#657,.T.);
#303=FACE_OUTER_BOUND('',#659,.T.);
#304=FACE_OUTER_BOUND('',#660,.T.);
#305=FACE_OUTER_BOUND('',#661,.T.);
#306=FACE_OUTER_BOUND('',#662,.T.);
#307=FACE_OUTER_BOUND('',#663,.T.);
#308=FACE_OUTER_BOUND('',#665,.T.);
#309=FACE_OUTER_BOUND('',#667,.T.);
#310=FACE_OUTER_BOUND('',#668,.T.);
#311=FACE_OUTER_BOUND('',#669,.T.);
#312=FACE_OUTER_BOUND('',#670,.T.);
#313=FACE_OUTER_BOUND('',#671,.T.);
#314=FACE_OUTER_BOUND('',#673,.T.);
#315=FACE_OUTER_BOUND('',#674,.T.);
#316=FACE_OUTER_BOUND('',#675,.T.);
#317=FACE_OUTER_BOUND('',#676,.T.);
#318=FACE_OUTER_BOUND('',#677,.T.);
#319=FACE_OUTER_BOUND('',#678,.T.);
#320=FACE_OUTER_BOUND('',#679,.T.);
#321=FACE_OUTER_BOUND('',#680,.T.);
#322=FACE_OUTER_BOUND('',#681,.T.);
#323=FACE_OUTER_BOUND('',#682,.T.);
#324=FACE_OUTER_BOUND('',#683,.T.);
#325=FACE_OUTER_BOUND('',#684,.T.);
#326=FACE_OUTER_BOUND('',#685,.T.);
#327=FACE_OUTER_BOUND('',#686,.T.);
#328=FACE_OUTER_BOUND('',#687,.T.);
#329=FACE_OUTER_BOUND('',#688,.T.);
#330=FACE_OUTER_BOUND('',#689,.T.);
#331=FACE_OUTER_BOUND('',#690,.T.);
#332=FACE_OUTER_BOUND('',#691,.T.);
#333=FACE_OUTER_BOUND('',#692,.T.);
#334=FACE_OUTER_BOUND('',#693,.T.);
#335=FACE_OUTER_BOUND('',#694,.T.);
#336=FACE_OUTER_BOUND('',#695,.T.);
#337=FACE_OUTER_BOUND('',#696,.T.);
#338=FACE_OUTER_BOUND('',#697,.T.);
#339=FACE_OUTER_BOUND('',#698,.T.);
#340=FACE_OUTER_BOUND('',#699,.T.);
#341=FACE_OUTER_BOUND('',#700,.T.);
#342=FACE_OUTER_BOUND('',#701,.T.);
#343=FACE_OUTER_BOUND('',#702,.T.);
#344=FACE_OUTER_BOUND('',#703,.T.);
#345=FACE_OUTER_BOUND('',#704,.T.);
#346=FACE_OUTER_BOUND('',#705,.T.);
#347=FACE_OUTER_BOUND('',#706,.T.);
#348=FACE_OUTER_BOUND('',#707,.T.);
#349=FACE_OUTER_BOUND('',#708,.T.);
#350=FACE_OUTER_BOUND('',#709,.T.);
#351=FACE_OUTER_BOUND('',#710,.T.);
#352=FACE_OUTER_BOUND('',#711,.T.);
#353=FACE_OUTER_BOUND('',#712,.T.);
#354=FACE_OUTER_BOUND('',#713,.T.);
#355=FACE_OUTER_BOUND('',#714,.T.);
#356=FACE_OUTER_BOUND('',#715,.T.);
#357=FACE_OUTER_BOUND('',#716,.T.);
#358=FACE_OUTER_BOUND('',#717,.T.);
#359=FACE_OUTER_BOUND('',#718,.T.);
#360=FACE_OUTER_BOUND('',#719,.T.);
#361=FACE_OUTER_BOUND('',#720,.T.);
#362=FACE_OUTER_BOUND('',#721,.T.);
#363=FACE_OUTER_BOUND('',#722,.T.);
#364=FACE_OUTER_BOUND('',#723,.T.);
#365=FACE_OUTER_BOUND('',#724,.T.);
#366=FACE_OUTER_BOUND('',#725,.T.);
#367=FACE_OUTER_BOUND('',#726,.T.);
#368=FACE_OUTER_BOUND('',#727,.T.);
#369=FACE_OUTER_BOUND('',#728,.T.);
#370=FACE_OUTER_BOUND('',#729,.T.);
#371=FACE_OUTER_BOUND('',#730,.T.);
#372=FACE_OUTER_BOUND('',#732,.T.);
#373=FACE_OUTER_BOUND('',#735,.T.);
#374=FACE_OUTER_BOUND('',#736,.T.);
#375=FACE_OUTER_BOUND('',#737,.T.);
#376=FACE_OUTER_BOUND('',#738,.T.);
#377=FACE_OUTER_BOUND('',#739,.T.);
#378=FACE_OUTER_BOUND('',#740,.T.);
#379=FACE_OUTER_BOUND('',#741,.T.);
#380=FACE_OUTER_BOUND('',#742,.T.);
#381=FACE_OUTER_BOUND('',#743,.T.);
#382=FACE_OUTER_BOUND('',#744,.T.);
#383=FACE_OUTER_BOUND('',#745,.T.);
#384=FACE_OUTER_BOUND('',#746,.T.);
#385=FACE_OUTER_BOUND('',#747,.T.);
#386=FACE_OUTER_BOUND('',#748,.T.);
#387=FACE_OUTER_BOUND('',#749,.T.);
#388=FACE_OUTER_BOUND('',#750,.T.);
#389=FACE_OUTER_BOUND('',#751,.T.);
#390=FACE_OUTER_BOUND('',#752,.T.);
#391=FACE_OUTER_BOUND('',#753,.T.);
#392=FACE_OUTER_BOUND('',#754,.T.);
#393=FACE_OUTER_BOUND('',#755,.T.);
#394=FACE_OUTER_BOUND('',#756,.T.);
#395=FACE_OUTER_BOUND('',#757,.T.);
#396=FACE_OUTER_BOUND('',#758,.T.);
#397=FACE_OUTER_BOUND('',#759,.T.);
#398=FACE_OUTER_BOUND('',#760,.T.);
#399=FACE_OUTER_BOUND('',#761,.T.);
#400=FACE_OUTER_BOUND('',#762,.T.);
#401=FACE_OUTER_BOUND('',#763,.T.);
#402=FACE_OUTER_BOUND('',#764,.T.);
#403=FACE_OUTER_BOUND('',#765,.T.);
#404=FACE_OUTER_BOUND('',#766,.T.);
#405=FACE_OUTER_BOUND('',#767,.T.);
#406=FACE_OUTER_BOUND('',#768,.T.);
#407=FACE_OUTER_BOUND('',#769,.T.);
#408=FACE_OUTER_BOUND('',#770,.T.);
#409=FACE_OUTER_BOUND('',#771,.T.);
#410=FACE_OUTER_BOUND('',#772,.T.);
#411=FACE_OUTER_BOUND('',#773,.T.);
#412=FACE_OUTER_BOUND('',#774,.T.);
#413=FACE_OUTER_BOUND('',#775,.T.);
#414=FACE_OUTER_BOUND('',#776,.T.);
#415=FACE_OUTER_BOUND('',#777,.T.);
#416=FACE_OUTER_BOUND('',#778,.T.);
#417=FACE_OUTER_BOUND('',#779,.T.);
#418=FACE_OUTER_BOUND('',#780,.T.);
#419=FACE_OUTER_BOUND('',#781,.T.);
#420=FACE_OUTER_BOUND('',#782,.T.);
#421=FACE_OUTER_BOUND('',#783,.T.);
#422=FACE_OUTER_BOUND('',#784,.T.);
#423=FACE_OUTER_BOUND('',#785,.T.);
#424=FACE_OUTER_BOUND('',#786,.T.);
#425=FACE_OUTER_BOUND('',#787,.T.);
#426=FACE_OUTER_BOUND('',#788,.T.);
#427=FACE_OUTER_BOUND('',#789,.T.);
#428=FACE_OUTER_BOUND('',#793,.T.);
#429=FACE_OUTER_BOUND('',#794,.T.);
#430=FACE_OUTER_BOUND('',#795,.T.);
#431=FACE_OUTER_BOUND('',#796,.T.);
#432=FACE_OUTER_BOUND('',#797,.T.);
#433=FACE_OUTER_BOUND('',#798,.T.);
#434=FACE_OUTER_BOUND('',#799,.T.);
#435=FACE_OUTER_BOUND('',#800,.T.);
#436=FACE_OUTER_BOUND('',#801,.T.);
#437=FACE_OUTER_BOUND('',#802,.T.);
#438=FACE_OUTER_BOUND('',#803,.T.);
#439=FACE_OUTER_BOUND('',#804,.T.);
#440=FACE_OUTER_BOUND('',#805,.T.);
#441=FACE_OUTER_BOUND('',#806,.T.);
#442=FACE_OUTER_BOUND('',#807,.T.);
#443=FACE_OUTER_BOUND('',#808,.T.);
#444=FACE_OUTER_BOUND('',#809,.T.);
#445=FACE_OUTER_BOUND('',#810,.T.);
#446=FACE_OUTER_BOUND('',#811,.T.);
#447=FACE_OUTER_BOUND('',#812,.T.);
#448=FACE_OUTER_BOUND('',#813,.T.);
#449=FACE_OUTER_BOUND('',#814,.T.);
#450=FACE_OUTER_BOUND('',#815,.T.);
#451=FACE_OUTER_BOUND('',#816,.T.);
#452=FACE_OUTER_BOUND('',#817,.T.);
#453=FACE_OUTER_BOUND('',#818,.T.);
#454=FACE_OUTER_BOUND('',#819,.T.);
#455=FACE_OUTER_BOUND('',#820,.T.);
#456=FACE_OUTER_BOUND('',#821,.T.);
#457=FACE_OUTER_BOUND('',#822,.T.);
#458=FACE_OUTER_BOUND('',#823,.T.);
#459=FACE_OUTER_BOUND('',#824,.T.);
#460=FACE_OUTER_BOUND('',#825,.T.);
#461=FACE_OUTER_BOUND('',#826,.T.);
#462=FACE_OUTER_BOUND('',#827,.T.);
#463=FACE_OUTER_BOUND('',#828,.T.);
#464=FACE_OUTER_BOUND('',#829,.T.);
#465=FACE_OUTER_BOUND('',#830,.T.);
#466=FACE_OUTER_BOUND('',#831,.T.);
#467=FACE_OUTER_BOUND('',#832,.T.);
#468=FACE_OUTER_BOUND('',#833,.T.);
#469=FACE_OUTER_BOUND('',#834,.T.);
#470=FACE_OUTER_BOUND('',#835,.T.);
#471=FACE_OUTER_BOUND('',#837,.T.);
#472=FACE_OUTER_BOUND('',#838,.T.);
#473=FACE_OUTER_BOUND('',#839,.T.);
#474=FACE_OUTER_BOUND('',#840,.T.);
#475=FACE_OUTER_BOUND('',#842,.T.);
#476=FACE_OUTER_BOUND('',#843,.T.);
#477=FACE_OUTER_BOUND('',#844,.T.);
#478=FACE_OUTER_BOUND('',#845,.T.);
#479=FACE_OUTER_BOUND('',#847,.T.);
#480=FACE_OUTER_BOUND('',#848,.T.);
#481=FACE_OUTER_BOUND('',#849,.T.);
#482=FACE_OUTER_BOUND('',#854,.T.);
#483=FACE_OUTER_BOUND('',#855,.T.);
#484=FACE_OUTER_BOUND('',#856,.T.);
#485=FACE_OUTER_BOUND('',#857,.T.);
#486=FACE_OUTER_BOUND('',#858,.T.);
#487=FACE_OUTER_BOUND('',#859,.T.);
#488=FACE_OUTER_BOUND('',#860,.T.);
#489=FACE_OUTER_BOUND('',#861,.T.);
#490=FACE_OUTER_BOUND('',#862,.T.);
#491=FACE_OUTER_BOUND('',#863,.T.);
#492=FACE_OUTER_BOUND('',#864,.T.);
#493=FACE_OUTER_BOUND('',#865,.T.);
#494=FACE_OUTER_BOUND('',#866,.T.);
#495=FACE_OUTER_BOUND('',#867,.T.);
#496=FACE_OUTER_BOUND('',#868,.T.);
#497=FACE_OUTER_BOUND('',#869,.T.);
#498=FACE_OUTER_BOUND('',#870,.T.);
#499=FACE_OUTER_BOUND('',#871,.T.);
#500=FACE_OUTER_BOUND('',#872,.T.);
#501=FACE_OUTER_BOUND('',#873,.T.);
#502=FACE_OUTER_BOUND('',#874,.T.);
#503=FACE_OUTER_BOUND('',#875,.T.);
#504=FACE_OUTER_BOUND('',#876,.T.);
#505=FACE_OUTER_BOUND('',#877,.T.);
#506=FACE_OUTER_BOUND('',#878,.T.);
#507=FACE_OUTER_BOUND('',#879,.T.);
#508=FACE_OUTER_BOUND('',#880,.T.);
#509=FACE_OUTER_BOUND('',#881,.T.);
#510=FACE_OUTER_BOUND('',#882,.T.);
#511=FACE_OUTER_BOUND('',#883,.T.);
#512=FACE_OUTER_BOUND('',#884,.T.);
#513=FACE_OUTER_BOUND('',#885,.T.);
#514=FACE_OUTER_BOUND('',#887,.T.);
#515=FACE_OUTER_BOUND('',#888,.T.);
#516=FACE_OUTER_BOUND('',#889,.T.);
#517=FACE_OUTER_BOUND('',#890,.T.);
#518=FACE_OUTER_BOUND('',#891,.T.);
#519=FACE_OUTER_BOUND('',#892,.T.);
#520=FACE_OUTER_BOUND('',#894,.T.);
#521=FACE_OUTER_BOUND('',#895,.T.);
#522=FACE_OUTER_BOUND('',#896,.T.);
#523=FACE_OUTER_BOUND('',#897,.T.);
#524=FACE_OUTER_BOUND('',#898,.T.);
#525=FACE_OUTER_BOUND('',#899,.T.);
#526=FACE_OUTER_BOUND('',#905,.T.);
#527=FACE_OUTER_BOUND('',#906,.T.);
#528=FACE_OUTER_BOUND('',#907,.T.);
#529=FACE_OUTER_BOUND('',#908,.T.);
#530=FACE_OUTER_BOUND('',#909,.T.);
#531=FACE_OUTER_BOUND('',#910,.T.);
#532=FACE_OUTER_BOUND('',#911,.T.);
#533=FACE_OUTER_BOUND('',#912,.T.);
#534=FACE_OUTER_BOUND('',#913,.T.);
#535=FACE_OUTER_BOUND('',#914,.T.);
#536=FACE_OUTER_BOUND('',#915,.T.);
#537=FACE_OUTER_BOUND('',#916,.T.);
#538=FACE_OUTER_BOUND('',#917,.T.);
#539=FACE_OUTER_BOUND('',#918,.T.);
#540=FACE_OUTER_BOUND('',#919,.T.);
#541=FACE_OUTER_BOUND('',#920,.T.);
#542=FACE_OUTER_BOUND('',#921,.T.);
#543=FACE_OUTER_BOUND('',#922,.T.);
#544=FACE_OUTER_BOUND('',#923,.T.);
#545=FACE_OUTER_BOUND('',#925,.T.);
#546=FACE_OUTER_BOUND('',#926,.T.);
#547=FACE_OUTER_BOUND('',#927,.T.);
#548=FACE_OUTER_BOUND('',#929,.T.);
#549=FACE_OUTER_BOUND('',#930,.T.);
#550=FACE_OUTER_BOUND('',#931,.T.);
#551=FACE_OUTER_BOUND('',#932,.T.);
#552=FACE_OUTER_BOUND('',#933,.T.);
#553=FACE_OUTER_BOUND('',#935,.T.);
#554=FACE_OUTER_BOUND('',#936,.T.);
#555=FACE_OUTER_BOUND('',#937,.T.);
#556=FACE_OUTER_BOUND('',#938,.T.);
#557=FACE_OUTER_BOUND('',#939,.T.);
#558=FACE_OUTER_BOUND('',#940,.T.);
#559=FACE_OUTER_BOUND('',#941,.T.);
#560=FACE_OUTER_BOUND('',#942,.T.);
#561=FACE_OUTER_BOUND('',#943,.T.);
#562=FACE_OUTER_BOUND('',#945,.T.);
#563=FACE_OUTER_BOUND('',#946,.T.);
#564=FACE_OUTER_BOUND('',#947,.T.);
#565=FACE_OUTER_BOUND('',#948,.T.);
#566=FACE_OUTER_BOUND('',#949,.T.);
#567=FACE_OUTER_BOUND('',#950,.T.);
#568=FACE_OUTER_BOUND('',#951,.T.);
#569=FACE_OUTER_BOUND('',#952,.T.);
#570=FACE_OUTER_BOUND('',#954,.T.);
#571=FACE_OUTER_BOUND('',#956,.T.);
#572=FACE_OUTER_BOUND('',#958,.T.);
#573=FACE_OUTER_BOUND('',#959,.T.);
#574=FACE_OUTER_BOUND('',#960,.T.);
#575=FACE_OUTER_BOUND('',#961,.T.);
#576=FACE_OUTER_BOUND('',#962,.T.);
#577=FACE_OUTER_BOUND('',#963,.T.);
#578=FACE_OUTER_BOUND('',#967,.T.);
#579=FACE_OUTER_BOUND('',#968,.T.);
#580=FACE_OUTER_BOUND('',#969,.T.);
#581=FACE_OUTER_BOUND('',#970,.T.);
#582=FACE_OUTER_BOUND('',#971,.T.);
#583=FACE_OUTER_BOUND('',#972,.T.);
#584=FACE_OUTER_BOUND('',#973,.T.);
#585=FACE_OUTER_BOUND('',#974,.T.);
#586=FACE_OUTER_BOUND('',#975,.T.);
#587=FACE_OUTER_BOUND('',#976,.T.);
#588=FACE_OUTER_BOUND('',#977,.T.);
#589=FACE_OUTER_BOUND('',#978,.T.);
#590=FACE_OUTER_BOUND('',#979,.T.);
#591=FACE_OUTER_BOUND('',#980,.T.);
#592=FACE_OUTER_BOUND('',#984,.T.);
#593=FACE_OUTER_BOUND('',#986,.T.);
#594=FACE_OUTER_BOUND('',#987,.T.);
#595=FACE_OUTER_BOUND('',#988,.T.);
#596=FACE_OUTER_BOUND('',#989,.T.);
#597=FACE_OUTER_BOUND('',#990,.T.);
#598=FACE_OUTER_BOUND('',#991,.T.);
#599=FACE_OUTER_BOUND('',#992,.T.);
#600=FACE_OUTER_BOUND('',#993,.T.);
#601=FACE_OUTER_BOUND('',#994,.T.);
#602=FACE_OUTER_BOUND('',#995,.T.);
#603=FACE_OUTER_BOUND('',#996,.T.);
#604=FACE_OUTER_BOUND('',#997,.T.);
#605=FACE_OUTER_BOUND('',#998,.T.);
#606=FACE_OUTER_BOUND('',#999,.T.);
#607=FACE_OUTER_BOUND('',#1000,.T.);
#608=FACE_OUTER_BOUND('',#1001,.T.);
#609=FACE_OUTER_BOUND('',#1002,.T.);
#610=FACE_OUTER_BOUND('',#1003,.T.);
#611=FACE_OUTER_BOUND('',#1004,.T.);
#612=FACE_OUTER_BOUND('',#1006,.T.);
#613=FACE_OUTER_BOUND('',#1007,.T.);
#614=FACE_OUTER_BOUND('',#1008,.T.);
#615=FACE_OUTER_BOUND('',#1009,.T.);
#616=FACE_OUTER_BOUND('',#1010,.T.);
#617=FACE_OUTER_BOUND('',#1011,.T.);
#618=FACE_OUTER_BOUND('',#1012,.T.);
#619=FACE_OUTER_BOUND('',#1013,.T.);
#620=FACE_OUTER_BOUND('',#1014,.T.);
#621=FACE_OUTER_BOUND('',#1015,.T.);
#622=FACE_OUTER_BOUND('',#1016,.T.);
#623=FACE_OUTER_BOUND('',#1017,.T.);
#624=FACE_OUTER_BOUND('',#1018,.T.);
#625=FACE_OUTER_BOUND('',#1019,.T.);
#626=FACE_OUTER_BOUND('',#1020,.T.);
#627=FACE_OUTER_BOUND('',#1021,.T.);
#628=FACE_OUTER_BOUND('',#1022,.T.);
#629=FACE_OUTER_BOUND('',#1023,.T.);
#630=FACE_OUTER_BOUND('',#1024,.T.);
#631=FACE_OUTER_BOUND('',#1026,.T.);
#632=FACE_OUTER_BOUND('',#1028,.T.);
#633=FACE_OUTER_BOUND('',#1029,.T.);
#634=FACE_OUTER_BOUND('',#1030,.T.);
#635=FACE_OUTER_BOUND('',#1031,.T.);
#636=FACE_OUTER_BOUND('',#1032,.T.);
#637=FACE_OUTER_BOUND('',#1033,.T.);
#638=FACE_OUTER_BOUND('',#1034,.T.);
#639=FACE_OUTER_BOUND('',#1035,.T.);
#640=FACE_OUTER_BOUND('',#1036,.T.);
#641=FACE_OUTER_BOUND('',#1037,.T.);
#642=FACE_OUTER_BOUND('',#1038,.T.);
#643=FACE_OUTER_BOUND('',#1039,.T.);
#644=FACE_OUTER_BOUND('',#1040,.T.);
#645=FACE_OUTER_BOUND('',#1041,.T.);
#646=FACE_OUTER_BOUND('',#1042,.T.);
#647=FACE_OUTER_BOUND('',#1043,.T.);
#648=FACE_OUTER_BOUND('',#1044,.T.);
#649=FACE_OUTER_BOUND('',#1045,.T.);
#650=FACE_OUTER_BOUND('',#1046,.T.);
#651=FACE_OUTER_BOUND('',#1048,.T.);
#652=EDGE_LOOP('',(#3898,#3899,#3900,#3901));
#653=EDGE_LOOP('',(#3902,#3903,#3904,#3905));
#654=EDGE_LOOP('',(#3906,#3907,#3908,#3909));
#655=EDGE_LOOP('',(#3910,#3911,#3912,#3913));
#656=EDGE_LOOP('',(#3914,#3915,#3916,#3917));
#657=EDGE_LOOP('',(#3918,#3919,#3920,#3921,#3922));
#658=EDGE_LOOP('',(#3923));
#659=EDGE_LOOP('',(#3924,#3925,#3926,#3927));
#660=EDGE_LOOP('',(#3928,#3929,#3930,#3931));
#661=EDGE_LOOP('',(#3932,#3933,#3934,#3935));
#662=EDGE_LOOP('',(#3936,#3937,#3938,#3939));
#663=EDGE_LOOP('',(#3940,#3941,#3942,#3943));
#664=EDGE_LOOP('',(#3944));
#665=EDGE_LOOP('',(#3945,#3946,#3947,#3948,#3949,#3950,#3951,#3952));
#666=EDGE_LOOP('',(#3953,#3954,#3955,#3956,#3957,#3958,#3959,#3960));
#667=EDGE_LOOP('',(#3961,#3962,#3963,#3964));
#668=EDGE_LOOP('',(#3965,#3966,#3967,#3968));
#669=EDGE_LOOP('',(#3969,#3970,#3971,#3972));
#670=EDGE_LOOP('',(#3973,#3974,#3975,#3976));
#671=EDGE_LOOP('',(#3977,#3978,#3979,#3980));
#672=EDGE_LOOP('',(#3981));
#673=EDGE_LOOP('',(#3982,#3983,#3984,#3985));
#674=EDGE_LOOP('',(#3986,#3987,#3988,#3989));
#675=EDGE_LOOP('',(#3990,#3991,#3992,#3993));
#676=EDGE_LOOP('',(#3994,#3995,#3996,#3997));
#677=EDGE_LOOP('',(#3998,#3999,#4000,#4001));
#678=EDGE_LOOP('',(#4002,#4003,#4004,#4005));
#679=EDGE_LOOP('',(#4006,#4007,#4008,#4009));
#680=EDGE_LOOP('',(#4010,#4011,#4012,#4013));
#681=EDGE_LOOP('',(#4014,#4015,#4016,#4017));
#682=EDGE_LOOP('',(#4018,#4019,#4020,#4021));
#683=EDGE_LOOP('',(#4022,#4023,#4024,#4025));
#684=EDGE_LOOP('',(#4026,#4027,#4028,#4029));
#685=EDGE_LOOP('',(#4030,#4031,#4032,#4033));
#686=EDGE_LOOP('',(#4034,#4035,#4036,#4037));
#687=EDGE_LOOP('',(#4038,#4039,#4040,#4041));
#688=EDGE_LOOP('',(#4042,#4043,#4044,#4045));
#689=EDGE_LOOP('',(#4046,#4047,#4048,#4049));
#690=EDGE_LOOP('',(#4050,#4051,#4052,#4053));
#691=EDGE_LOOP('',(#4054,#4055,#4056,#4057));
#692=EDGE_LOOP('',(#4058,#4059,#4060,#4061));
#693=EDGE_LOOP('',(#4062,#4063,#4064,#4065));
#694=EDGE_LOOP('',(#4066,#4067,#4068,#4069));
#695=EDGE_LOOP('',(#4070,#4071,#4072,#4073));
#696=EDGE_LOOP('',(#4074,#4075,#4076,#4077));
#697=EDGE_LOOP('',(#4078,#4079,#4080,#4081));
#698=EDGE_LOOP('',(#4082,#4083,#4084,#4085));
#699=EDGE_LOOP('',(#4086,#4087,#4088,#4089));
#700=EDGE_LOOP('',(#4090,#4091,#4092,#4093));
#701=EDGE_LOOP('',(#4094,#4095,#4096,#4097));
#702=EDGE_LOOP('',(#4098,#4099,#4100,#4101));
#703=EDGE_LOOP('',(#4102,#4103,#4104,#4105));
#704=EDGE_LOOP('',(#4106,#4107,#4108,#4109));
#705=EDGE_LOOP('',(#4110,#4111,#4112,#4113));
#706=EDGE_LOOP('',(#4114,#4115,#4116,#4117));
#707=EDGE_LOOP('',(#4118,#4119,#4120,#4121));
#708=EDGE_LOOP('',(#4122,#4123,#4124,#4125));
#709=EDGE_LOOP('',(#4126,#4127,#4128,#4129));
#710=EDGE_LOOP('',(#4130,#4131,#4132,#4133));
#711=EDGE_LOOP('',(#4134,#4135,#4136,#4137));
#712=EDGE_LOOP('',(#4138,#4139,#4140,#4141));
#713=EDGE_LOOP('',(#4142,#4143,#4144,#4145));
#714=EDGE_LOOP('',(#4146,#4147,#4148,#4149));
#715=EDGE_LOOP('',(#4150,#4151,#4152,#4153));
#716=EDGE_LOOP('',(#4154,#4155,#4156,#4157));
#717=EDGE_LOOP('',(#4158,#4159,#4160,#4161));
#718=EDGE_LOOP('',(#4162,#4163,#4164,#4165));
#719=EDGE_LOOP('',(#4166,#4167,#4168,#4169));
#720=EDGE_LOOP('',(#4170,#4171,#4172,#4173));
#721=EDGE_LOOP('',(#4174,#4175,#4176,#4177));
#722=EDGE_LOOP('',(#4178,#4179,#4180,#4181));
#723=EDGE_LOOP('',(#4182,#4183,#4184,#4185));
#724=EDGE_LOOP('',(#4186,#4187,#4188,#4189));
#725=EDGE_LOOP('',(#4190,#4191,#4192,#4193));
#726=EDGE_LOOP('',(#4194,#4195,#4196,#4197));
#727=EDGE_LOOP('',(#4198,#4199,#4200,#4201));
#728=EDGE_LOOP('',(#4202,#4203,#4204,#4205));
#729=EDGE_LOOP('',(#4206,#4207,#4208,#4209));
#730=EDGE_LOOP('',(#4210,#4211,#4212,#4213,#4214,#4215,#4216,#4217));
#731=EDGE_LOOP('',(#4218,#4219,#4220,#4221,#4222,#4223,#4224,#4225,#4226,
#4227,#4228));
#732=EDGE_LOOP('',(#4229,#4230,#4231,#4232,#4233,#4234,#4235,#4236,#4237,
#4238,#4239,#4240,#4241,#4242,#4243,#4244,#4245,#4246,#4247,#4248,#4249,
#4250,#4251,#4252,#4253));
#733=EDGE_LOOP('',(#4254,#4255,#4256,#4257));
#734=EDGE_LOOP('',(#4258,#4259,#4260,#4261,#4262,#4263,#4264,#4265));
#735=EDGE_LOOP('',(#4266,#4267,#4268,#4269));
#736=EDGE_LOOP('',(#4270,#4271,#4272,#4273));
#737=EDGE_LOOP('',(#4274,#4275,#4276,#4277,#4278,#4279,#4280,#4281));
#738=EDGE_LOOP('',(#4282,#4283,#4284,#4285));
#739=EDGE_LOOP('',(#4286,#4287,#4288,#4289));
#740=EDGE_LOOP('',(#4290,#4291,#4292,#4293));
#741=EDGE_LOOP('',(#4294,#4295,#4296,#4297));
#742=EDGE_LOOP('',(#4298,#4299,#4300,#4301));
#743=EDGE_LOOP('',(#4302,#4303,#4304,#4305));
#744=EDGE_LOOP('',(#4306,#4307,#4308));
#745=EDGE_LOOP('',(#4309,#4310,#4311,#4312));
#746=EDGE_LOOP('',(#4313,#4314,#4315));
#747=EDGE_LOOP('',(#4316,#4317,#4318,#4319));
#748=EDGE_LOOP('',(#4320,#4321,#4322,#4323));
#749=EDGE_LOOP('',(#4324,#4325,#4326,#4327));
#750=EDGE_LOOP('',(#4328,#4329,#4330,#4331));
#751=EDGE_LOOP('',(#4332,#4333,#4334,#4335));
#752=EDGE_LOOP('',(#4336,#4337,#4338,#4339));
#753=EDGE_LOOP('',(#4340,#4341,#4342));
#754=EDGE_LOOP('',(#4343,#4344,#4345,#4346));
#755=EDGE_LOOP('',(#4347,#4348,#4349));
#756=EDGE_LOOP('',(#4350,#4351,#4352,#4353));
#757=EDGE_LOOP('',(#4354,#4355,#4356,#4357));
#758=EDGE_LOOP('',(#4358,#4359,#4360,#4361));
#759=EDGE_LOOP('',(#4362,#4363,#4364,#4365));
#760=EDGE_LOOP('',(#4366,#4367,#4368,#4369));
#761=EDGE_LOOP('',(#4370,#4371,#4372,#4373));
#762=EDGE_LOOP('',(#4374,#4375,#4376,#4377));
#763=EDGE_LOOP('',(#4378,#4379,#4380,#4381));
#764=EDGE_LOOP('',(#4382,#4383,#4384,#4385));
#765=EDGE_LOOP('',(#4386,#4387,#4388,#4389));
#766=EDGE_LOOP('',(#4390,#4391,#4392,#4393));
#767=EDGE_LOOP('',(#4394,#4395,#4396,#4397));
#768=EDGE_LOOP('',(#4398,#4399,#4400,#4401));
#769=EDGE_LOOP('',(#4402,#4403,#4404,#4405));
#770=EDGE_LOOP('',(#4406,#4407,#4408,#4409));
#771=EDGE_LOOP('',(#4410,#4411,#4412,#4413));
#772=EDGE_LOOP('',(#4414,#4415,#4416,#4417));
#773=EDGE_LOOP('',(#4418,#4419,#4420,#4421));
#774=EDGE_LOOP('',(#4422,#4423,#4424,#4425));
#775=EDGE_LOOP('',(#4426,#4427,#4428,#4429));
#776=EDGE_LOOP('',(#4430,#4431,#4432,#4433));
#777=EDGE_LOOP('',(#4434,#4435,#4436,#4437));
#778=EDGE_LOOP('',(#4438,#4439,#4440,#4441,#4442,#4443,#4444,#4445));
#779=EDGE_LOOP('',(#4446,#4447,#4448,#4449,#4450,#4451,#4452));
#780=EDGE_LOOP('',(#4453,#4454,#4455,#4456,#4457,#4458));
#781=EDGE_LOOP('',(#4459,#4460,#4461,#4462));
#782=EDGE_LOOP('',(#4463,#4464,#4465,#4466,#4467));
#783=EDGE_LOOP('',(#4468,#4469,#4470,#4471));
#784=EDGE_LOOP('',(#4472,#4473,#4474,#4475));
#785=EDGE_LOOP('',(#4476,#4477,#4478,#4479));
#786=EDGE_LOOP('',(#4480,#4481,#4482,#4483,#4484));
#787=EDGE_LOOP('',(#4485,#4486,#4487,#4488));
#788=EDGE_LOOP('',(#4489,#4490,#4491,#4492,#4493,#4494));
#789=EDGE_LOOP('',(#4495,#4496,#4497,#4498,#4499,#4500,#4501,#4502,#4503,
#4504));
#790=EDGE_LOOP('',(#4505));
#791=EDGE_LOOP('',(#4506));
#792=EDGE_LOOP('',(#4507));
#793=EDGE_LOOP('',(#4508,#4509,#4510,#4511));
#794=EDGE_LOOP('',(#4512,#4513,#4514,#4515));
#795=EDGE_LOOP('',(#4516,#4517,#4518,#4519));
#796=EDGE_LOOP('',(#4520,#4521,#4522));
#797=EDGE_LOOP('',(#4523,#4524,#4525,#4526,#4527,#4528,#4529,#4530));
#798=EDGE_LOOP('',(#4531,#4532,#4533));
#799=EDGE_LOOP('',(#4534,#4535,#4536,#4537));
#800=EDGE_LOOP('',(#4538,#4539,#4540,#4541));
#801=EDGE_LOOP('',(#4542,#4543,#4544,#4545));
#802=EDGE_LOOP('',(#4546,#4547,#4548,#4549));
#803=EDGE_LOOP('',(#4550,#4551,#4552,#4553));
#804=EDGE_LOOP('',(#4554,#4555,#4556,#4557));
#805=EDGE_LOOP('',(#4558,#4559,#4560,#4561));
#806=EDGE_LOOP('',(#4562,#4563,#4564,#4565));
#807=EDGE_LOOP('',(#4566,#4567,#4568,#4569));
#808=EDGE_LOOP('',(#4570,#4571,#4572,#4573));
#809=EDGE_LOOP('',(#4574,#4575,#4576,#4577));
#810=EDGE_LOOP('',(#4578,#4579,#4580,#4581));
#811=EDGE_LOOP('',(#4582,#4583,#4584,#4585));
#812=EDGE_LOOP('',(#4586,#4587,#4588,#4589));
#813=EDGE_LOOP('',(#4590,#4591,#4592,#4593));
#814=EDGE_LOOP('',(#4594,#4595,#4596,#4597));
#815=EDGE_LOOP('',(#4598,#4599,#4600,#4601));
#816=EDGE_LOOP('',(#4602,#4603,#4604,#4605));
#817=EDGE_LOOP('',(#4606,#4607,#4608,#4609));
#818=EDGE_LOOP('',(#4610,#4611,#4612,#4613));
#819=EDGE_LOOP('',(#4614,#4615,#4616,#4617));
#820=EDGE_LOOP('',(#4618,#4619,#4620,#4621));
#821=EDGE_LOOP('',(#4622,#4623,#4624,#4625));
#822=EDGE_LOOP('',(#4626,#4627,#4628,#4629));
#823=EDGE_LOOP('',(#4630,#4631,#4632,#4633));
#824=EDGE_LOOP('',(#4634,#4635,#4636,#4637));
#825=EDGE_LOOP('',(#4638,#4639,#4640,#4641));
#826=EDGE_LOOP('',(#4642,#4643,#4644,#4645));
#827=EDGE_LOOP('',(#4646,#4647,#4648,#4649));
#828=EDGE_LOOP('',(#4650,#4651,#4652,#4653));
#829=EDGE_LOOP('',(#4654,#4655,#4656,#4657,#4658,#4659));
#830=EDGE_LOOP('',(#4660,#4661,#4662,#4663));
#831=EDGE_LOOP('',(#4664,#4665,#4666,#4667));
#832=EDGE_LOOP('',(#4668,#4669,#4670,#4671));
#833=EDGE_LOOP('',(#4672,#4673,#4674,#4675));
#834=EDGE_LOOP('',(#4676,#4677,#4678,#4679));
#835=EDGE_LOOP('',(#4680,#4681,#4682,#4683));
#836=EDGE_LOOP('',(#4684,#4685,#4686,#4687,#4688,#4689,#4690,#4691));
#837=EDGE_LOOP('',(#4692,#4693,#4694,#4695));
#838=EDGE_LOOP('',(#4696,#4697,#4698,#4699));
#839=EDGE_LOOP('',(#4700,#4701,#4702,#4703));
#840=EDGE_LOOP('',(#4704,#4705,#4706,#4707));
#841=EDGE_LOOP('',(#4708,#4709,#4710,#4711,#4712,#4713,#4714,#4715));
#842=EDGE_LOOP('',(#4716,#4717,#4718,#4719));
#843=EDGE_LOOP('',(#4720,#4721,#4722,#4723));
#844=EDGE_LOOP('',(#4724,#4725,#4726,#4727));
#845=EDGE_LOOP('',(#4728,#4729,#4730,#4731));
#846=EDGE_LOOP('',(#4732,#4733,#4734,#4735,#4736,#4737,#4738,#4739));
#847=EDGE_LOOP('',(#4740,#4741,#4742,#4743));
#848=EDGE_LOOP('',(#4744,#4745,#4746,#4747));
#849=EDGE_LOOP('',(#4748,#4749,#4750,#4751,#4752,#4753,#4754,#4755,#4756,
#4757,#4758,#4759,#4760,#4761,#4762,#4763,#4764,#4765,#4766,#4767,#4768,
#4769,#4770,#4771,#4772,#4773,#4774,#4775,#4776,#4777));
#850=EDGE_LOOP('',(#4778));
#851=EDGE_LOOP('',(#4779));
#852=EDGE_LOOP('',(#4780,#4781,#4782,#4783,#4784,#4785,#4786,#4787,#4788,
#4789,#4790,#4791,#4792,#4793,#4794,#4795,#4796,#4797,#4798,#4799,#4800,
#4801,#4802,#4803,#4804,#4805,#4806,#4807,#4808,#4809,#4810,#4811,#4812,
#4813,#4814));
#853=EDGE_LOOP('',(#4815));
#854=EDGE_LOOP('',(#4816,#4817,#4818,#4819));
#855=EDGE_LOOP('',(#4820,#4821,#4822,#4823,#4824));
#856=EDGE_LOOP('',(#4825,#4826,#4827,#4828));
#857=EDGE_LOOP('',(#4829,#4830,#4831,#4832));
#858=EDGE_LOOP('',(#4833,#4834,#4835,#4836));
#859=EDGE_LOOP('',(#4837,#4838,#4839,#4840));
#860=EDGE_LOOP('',(#4841,#4842,#4843,#4844));
#861=EDGE_LOOP('',(#4845,#4846,#4847,#4848));
#862=EDGE_LOOP('',(#4849,#4850,#4851,#4852));
#863=EDGE_LOOP('',(#4853,#4854,#4855,#4856));
#864=EDGE_LOOP('',(#4857,#4858,#4859,#4860));
#865=EDGE_LOOP('',(#4861,#4862,#4863,#4864));
#866=EDGE_LOOP('',(#4865,#4866,#4867,#4868));
#867=EDGE_LOOP('',(#4869,#4870,#4871,#4872));
#868=EDGE_LOOP('',(#4873,#4874,#4875,#4876));
#869=EDGE_LOOP('',(#4877,#4878,#4879,#4880));
#870=EDGE_LOOP('',(#4881,#4882,#4883,#4884));
#871=EDGE_LOOP('',(#4885,#4886,#4887,#4888));
#872=EDGE_LOOP('',(#4889,#4890,#4891,#4892));
#873=EDGE_LOOP('',(#4893,#4894,#4895,#4896));
#874=EDGE_LOOP('',(#4897,#4898,#4899,#4900));
#875=EDGE_LOOP('',(#4901,#4902,#4903,#4904));
#876=EDGE_LOOP('',(#4905,#4906,#4907,#4908));
#877=EDGE_LOOP('',(#4909,#4910,#4911,#4912));
#878=EDGE_LOOP('',(#4913,#4914,#4915,#4916));
#879=EDGE_LOOP('',(#4917,#4918,#4919,#4920));
#880=EDGE_LOOP('',(#4921,#4922,#4923,#4924));
#881=EDGE_LOOP('',(#4925,#4926,#4927,#4928));
#882=EDGE_LOOP('',(#4929,#4930,#4931,#4932));
#883=EDGE_LOOP('',(#4933,#4934,#4935,#4936));
#884=EDGE_LOOP('',(#4937,#4938,#4939,#4940));
#885=EDGE_LOOP('',(#4941,#4942,#4943,#4944));
#886=EDGE_LOOP('',(#4945,#4946,#4947,#4948,#4949,#4950,#4951,#4952));
#887=EDGE_LOOP('',(#4953,#4954,#4955,#4956));
#888=EDGE_LOOP('',(#4957,#4958,#4959,#4960));
#889=EDGE_LOOP('',(#4961,#4962,#4963,#4964));
#890=EDGE_LOOP('',(#4965,#4966,#4967,#4968));
#891=EDGE_LOOP('',(#4969,#4970,#4971,#4972));
#892=EDGE_LOOP('',(#4973,#4974,#4975,#4976));
#893=EDGE_LOOP('',(#4977,#4978,#4979,#4980,#4981,#4982,#4983,#4984));
#894=EDGE_LOOP('',(#4985,#4986,#4987,#4988));
#895=EDGE_LOOP('',(#4989,#4990,#4991,#4992));
#896=EDGE_LOOP('',(#4993,#4994,#4995,#4996));
#897=EDGE_LOOP('',(#4997,#4998,#4999,#5000));
#898=EDGE_LOOP('',(#5001,#5002,#5003,#5004));
#899=EDGE_LOOP('',(#5005,#5006,#5007,#5008,#5009,#5010,#5011,#5012,#5013,
#5014,#5015,#5016,#5017,#5018,#5019,#5020,#5021,#5022,#5023,#5024,#5025));
#900=EDGE_LOOP('',(#5026));
#901=EDGE_LOOP('',(#5027));
#902=EDGE_LOOP('',(#5028));
#903=EDGE_LOOP('',(#5029));
#904=EDGE_LOOP('',(#5030));
#905=EDGE_LOOP('',(#5031,#5032,#5033,#5034));
#906=EDGE_LOOP('',(#5035,#5036,#5037,#5038));
#907=EDGE_LOOP('',(#5039,#5040,#5041,#5042));
#908=EDGE_LOOP('',(#5043,#5044,#5045,#5046,#5047));
#909=EDGE_LOOP('',(#5048,#5049,#5050,#5051));
#910=EDGE_LOOP('',(#5052,#5053,#5054,#5055));
#911=EDGE_LOOP('',(#5056,#5057,#5058,#5059));
#912=EDGE_LOOP('',(#5060,#5061,#5062,#5063));
#913=EDGE_LOOP('',(#5064,#5065,#5066,#5067));
#914=EDGE_LOOP('',(#5068,#5069,#5070,#5071));
#915=EDGE_LOOP('',(#5072,#5073,#5074,#5075));
#916=EDGE_LOOP('',(#5076,#5077,#5078,#5079));
#917=EDGE_LOOP('',(#5080,#5081,#5082,#5083));
#918=EDGE_LOOP('',(#5084,#5085,#5086,#5087));
#919=EDGE_LOOP('',(#5088,#5089,#5090,#5091));
#920=EDGE_LOOP('',(#5092,#5093,#5094,#5095));
#921=EDGE_LOOP('',(#5096,#5097,#5098,#5099));
#922=EDGE_LOOP('',(#5100,#5101,#5102,#5103));
#923=EDGE_LOOP('',(#5104,#5105,#5106,#5107));
#924=EDGE_LOOP('',(#5108,#5109,#5110,#5111,#5112,#5113,#5114,#5115));
#925=EDGE_LOOP('',(#5116,#5117,#5118,#5119));
#926=EDGE_LOOP('',(#5120,#5121,#5122,#5123));
#927=EDGE_LOOP('',(#5124,#5125,#5126,#5127,#5128,#5129,#5130,#5131));
#928=EDGE_LOOP('',(#5132,#5133,#5134,#5135,#5136,#5137,#5138,#5139));
#929=EDGE_LOOP('',(#5140,#5141,#5142,#5143));
#930=EDGE_LOOP('',(#5144,#5145,#5146,#5147));
#931=EDGE_LOOP('',(#5148,#5149,#5150,#5151));
#932=EDGE_LOOP('',(#5152,#5153,#5154,#5155));
#933=EDGE_LOOP('',(#5156,#5157,#5158,#5159,#5160,#5161,#5162,#5163));
#934=EDGE_LOOP('',(#5164,#5165,#5166,#5167,#5168,#5169,#5170,#5171));
#935=EDGE_LOOP('',(#5172,#5173,#5174,#5175));
#936=EDGE_LOOP('',(#5176,#5177,#5178,#5179));
#937=EDGE_LOOP('',(#5180,#5181,#5182,#5183));
#938=EDGE_LOOP('',(#5184,#5185,#5186,#5187));
#939=EDGE_LOOP('',(#5188,#5189,#5190,#5191));
#940=EDGE_LOOP('',(#5192,#5193,#5194,#5195));
#941=EDGE_LOOP('',(#5196,#5197,#5198,#5199));
#942=EDGE_LOOP('',(#5200,#5201,#5202,#5203));
#943=EDGE_LOOP('',(#5204,#5205,#5206,#5207,#5208,#5209,#5210));
#944=EDGE_LOOP('',(#5211,#5212,#5213,#5214,#5215,#5216,#5217,#5218));
#945=EDGE_LOOP('',(#5219,#5220,#5221,#5222));
#946=EDGE_LOOP('',(#5223,#5224,#5225,#5226));
#947=EDGE_LOOP('',(#5227,#5228,#5229,#5230));
#948=EDGE_LOOP('',(#5231,#5232,#5233,#5234));
#949=EDGE_LOOP('',(#5235,#5236,#5237,#5238));
#950=EDGE_LOOP('',(#5239,#5240,#5241,#5242));
#951=EDGE_LOOP('',(#5243,#5244,#5245,#5246));
#952=EDGE_LOOP('',(#5247,#5248,#5249,#5250));
#953=EDGE_LOOP('',(#5251));
#954=EDGE_LOOP('',(#5252,#5253,#5254,#5255));
#955=EDGE_LOOP('',(#5256));
#956=EDGE_LOOP('',(#5257,#5258,#5259,#5260));
#957=EDGE_LOOP('',(#5261));
#958=EDGE_LOOP('',(#5262,#5263,#5264,#5265));
#959=EDGE_LOOP('',(#5266,#5267,#5268,#5269));
#960=EDGE_LOOP('',(#5270,#5271,#5272,#5273));
#961=EDGE_LOOP('',(#5274,#5275,#5276,#5277));
#962=EDGE_LOOP('',(#5278,#5279,#5280,#5281));
#963=EDGE_LOOP('',(#5282,#5283,#5284,#5285,#5286,#5287,#5288,#5289,#5290,
#5291));
#964=EDGE_LOOP('',(#5292));
#965=EDGE_LOOP('',(#5293));
#966=EDGE_LOOP('',(#5294));
#967=EDGE_LOOP('',(#5295,#5296,#5297,#5298));
#968=EDGE_LOOP('',(#5299,#5300,#5301,#5302));
#969=EDGE_LOOP('',(#5303,#5304,#5305,#5306));
#970=EDGE_LOOP('',(#5307,#5308,#5309,#5310));
#971=EDGE_LOOP('',(#5311,#5312,#5313,#5314));
#972=EDGE_LOOP('',(#5315,#5316,#5317,#5318));
#973=EDGE_LOOP('',(#5319,#5320,#5321,#5322));
#974=EDGE_LOOP('',(#5323,#5324,#5325,#5326));
#975=EDGE_LOOP('',(#5327,#5328,#5329,#5330));
#976=EDGE_LOOP('',(#5331,#5332,#5333,#5334));
#977=EDGE_LOOP('',(#5335,#5336,#5337,#5338));
#978=EDGE_LOOP('',(#5339,#5340,#5341,#5342));
#979=EDGE_LOOP('',(#5343,#5344,#5345,#5346));
#980=EDGE_LOOP('',(#5347,#5348,#5349,#5350,#5351,#5352,#5353,#5354,#5355,
#5356));
#981=EDGE_LOOP('',(#5357));
#982=EDGE_LOOP('',(#5358));
#983=EDGE_LOOP('',(#5359));
#984=EDGE_LOOP('',(#5360,#5361,#5362,#5363,#5364,#5365,#5366,#5367));
#985=EDGE_LOOP('',(#5368,#5369,#5370,#5371,#5372,#5373,#5374,#5375,#5376,
#5377));
#986=EDGE_LOOP('',(#5378,#5379,#5380,#5381));
#987=EDGE_LOOP('',(#5382,#5383,#5384,#5385));
#988=EDGE_LOOP('',(#5386,#5387,#5388,#5389));
#989=EDGE_LOOP('',(#5390,#5391,#5392,#5393));
#990=EDGE_LOOP('',(#5394,#5395,#5396,#5397));
#991=EDGE_LOOP('',(#5398,#5399,#5400,#5401));
#992=EDGE_LOOP('',(#5402,#5403,#5404,#5405));
#993=EDGE_LOOP('',(#5406,#5407,#5408,#5409));
#994=EDGE_LOOP('',(#5410,#5411,#5412,#5413));
#995=EDGE_LOOP('',(#5414,#5415,#5416,#5417));
#996=EDGE_LOOP('',(#5418,#5419,#5420,#5421));
#997=EDGE_LOOP('',(#5422,#5423,#5424,#5425));
#998=EDGE_LOOP('',(#5426,#5427,#5428,#5429));
#999=EDGE_LOOP('',(#5430,#5431,#5432,#5433));
#1000=EDGE_LOOP('',(#5434,#5435,#5436,#5437));
#1001=EDGE_LOOP('',(#5438,#5439,#5440,#5441));
#1002=EDGE_LOOP('',(#5442,#5443,#5444,#5445));
#1003=EDGE_LOOP('',(#5446,#5447,#5448,#5449));
#1004=EDGE_LOOP('',(#5450,#5451,#5452,#5453,#5454,#5455,#5456,#5457));
#1005=EDGE_LOOP('',(#5458,#5459,#5460,#5461,#5462,#5463,#5464,#5465,#5466,
#5467));
#1006=EDGE_LOOP('',(#5468,#5469,#5470,#5471));
#1007=EDGE_LOOP('',(#5472,#5473,#5474,#5475));
#1008=EDGE_LOOP('',(#5476,#5477,#5478,#5479));
#1009=EDGE_LOOP('',(#5480,#5481,#5482,#5483));
#1010=EDGE_LOOP('',(#5484,#5485,#5486,#5487));
#1011=EDGE_LOOP('',(#5488,#5489,#5490,#5491));
#1012=EDGE_LOOP('',(#5492,#5493,#5494,#5495));
#1013=EDGE_LOOP('',(#5496,#5497,#5498,#5499));
#1014=EDGE_LOOP('',(#5500,#5501,#5502,#5503));
#1015=EDGE_LOOP('',(#5504,#5505,#5506,#5507));
#1016=EDGE_LOOP('',(#5508,#5509,#5510,#5511));
#1017=EDGE_LOOP('',(#5512,#5513,#5514,#5515));
#1018=EDGE_LOOP('',(#5516,#5517,#5518,#5519));
#1019=EDGE_LOOP('',(#5520,#5521,#5522,#5523));
#1020=EDGE_LOOP('',(#5524,#5525,#5526,#5527));
#1021=EDGE_LOOP('',(#5528,#5529,#5530,#5531));
#1022=EDGE_LOOP('',(#5532,#5533,#5534,#5535));
#1023=EDGE_LOOP('',(#5536,#5537,#5538,#5539));
#1024=EDGE_LOOP('',(#5540,#5541,#5542,#5543,#5544,#5545,#5546,#5547));
#1025=EDGE_LOOP('',(#5548,#5549,#5550,#5551,#5552,#5553,#5554,#5555,#5556,
#5557));
#1026=EDGE_LOOP('',(#5558,#5559,#5560,#5561,#5562,#5563,#5564,#5565));
#1027=EDGE_LOOP('',(#5566,#5567,#5568,#5569,#5570,#5571,#5572,#5573,#5574,
#5575));
#1028=EDGE_LOOP('',(#5576,#5577,#5578,#5579));
#1029=EDGE_LOOP('',(#5580,#5581,#5582,#5583));
#1030=EDGE_LOOP('',(#5584,#5585,#5586,#5587));
#1031=EDGE_LOOP('',(#5588,#5589,#5590,#5591));
#1032=EDGE_LOOP('',(#5592,#5593,#5594,#5595));
#1033=EDGE_LOOP('',(#5596,#5597,#5598,#5599));
#1034=EDGE_LOOP('',(#5600,#5601,#5602,#5603));
#1035=EDGE_LOOP('',(#5604,#5605,#5606,#5607));
#1036=EDGE_LOOP('',(#5608,#5609,#5610,#5611));
#1037=EDGE_LOOP('',(#5612,#5613,#5614,#5615));
#1038=EDGE_LOOP('',(#5616,#5617,#5618,#5619));
#1039=EDGE_LOOP('',(#5620,#5621,#5622,#5623));
#1040=EDGE_LOOP('',(#5624,#5625,#5626,#5627));
#1041=EDGE_LOOP('',(#5628,#5629,#5630,#5631));
#1042=EDGE_LOOP('',(#5632,#5633,#5634,#5635));
#1043=EDGE_LOOP('',(#5636,#5637,#5638,#5639));
#1044=EDGE_LOOP('',(#5640,#5641,#5642,#5643));
#1045=EDGE_LOOP('',(#5644,#5645,#5646,#5647));
#1046=EDGE_LOOP('',(#5648,#5649,#5650,#5651,#5652,#5653,#5654,#5655));
#1047=EDGE_LOOP('',(#5656,#5657,#5658,#5659,#5660,#5661,#5662,#5663,#5664,
#5665));
#1048=EDGE_LOOP('',(#5666,#5667,#5668,#5669,#5670,#5671,#5672,#5673));
#1049=EDGE_LOOP('',(#5674,#5675,#5676,#5677,#5678,#5679,#5680,#5681,#5682,
#5683));
#1050=LINE('',#8830,#1576);
#1051=LINE('',#8835,#1577);
#1052=LINE('',#8837,#1578);
#1053=LINE('',#8839,#1579);
#1054=LINE('',#8840,#1580);
#1055=LINE('',#8843,#1581);
#1056=LINE('',#8845,#1582);
#1057=LINE('',#8846,#1583);
#1058=LINE('',#8850,#1584);
#1059=LINE('',#8852,#1585);
#1060=LINE('',#8854,#1586);
#1061=LINE('',#8855,#1587);
#1062=LINE('',#8860,#1588);
#1063=LINE('',#8864,#1589);
#1064=LINE('',#8866,#1590);
#1065=LINE('',#8868,#1591);
#1066=LINE('',#8869,#1592);
#1067=LINE('',#8874,#1593);
#1068=LINE('',#8879,#1594);
#1069=LINE('',#8881,#1595);
#1070=LINE('',#8883,#1596);
#1071=LINE('',#8884,#1597);
#1072=LINE('',#8889,#1598);
#1073=LINE('',#8892,#1599);
#1074=LINE('',#8894,#1600);
#1075=LINE('',#8896,#1601);
#1076=LINE('',#8898,#1602);
#1077=LINE('',#8899,#1603);
#1078=LINE('',#8902,#1604);
#1079=LINE('',#8906,#1605);
#1080=LINE('',#8910,#1606);
#1081=LINE('',#8914,#1607);
#1082=LINE('',#8920,#1608);
#1083=LINE('',#8925,#1609);
#1084=LINE('',#8927,#1610);
#1085=LINE('',#8929,#1611);
#1086=LINE('',#8930,#1612);
#1087=LINE('',#8934,#1613);
#1088=LINE('',#8936,#1614);
#1089=LINE('',#8938,#1615);
#1090=LINE('',#8939,#1616);
#1091=LINE('',#8944,#1617);
#1092=LINE('',#8948,#1618);
#1093=LINE('',#8950,#1619);
#1094=LINE('',#8952,#1620);
#1095=LINE('',#8953,#1621);
#1096=LINE('',#8959,#1622);
#1097=LINE('',#8962,#1623);
#1098=LINE('',#8964,#1624);
#1099=LINE('',#8965,#1625);
#1100=LINE('',#8971,#1626);
#1101=LINE('',#8974,#1627);
#1102=LINE('',#8976,#1628);
#1103=LINE('',#8977,#1629);
#1104=LINE('',#8983,#1630);
#1105=LINE('',#8986,#1631);
#1106=LINE('',#8988,#1632);
#1107=LINE('',#8989,#1633);
#1108=LINE('',#8995,#1634);
#1109=LINE('',#8997,#1635);
#1110=LINE('',#8998,#1636);
#1111=LINE('',#9002,#1637);
#1112=LINE('',#9005,#1638);
#1113=LINE('',#9006,#1639);
#1114=LINE('',#9010,#1640);
#1115=LINE('',#9013,#1641);
#1116=LINE('',#9014,#1642);
#1117=LINE('',#9018,#1643);
#1118=LINE('',#9021,#1644);
#1119=LINE('',#9022,#1645);
#1120=LINE('',#9028,#1646);
#1121=LINE('',#9030,#1647);
#1122=LINE('',#9032,#1648);
#1123=LINE('',#9033,#1649);
#1124=LINE('',#9039,#1650);
#1125=LINE('',#9042,#1651);
#1126=LINE('',#9044,#1652);
#1127=LINE('',#9045,#1653);
#1128=LINE('',#9051,#1654);
#1129=LINE('',#9054,#1655);
#1130=LINE('',#9056,#1656);
#1131=LINE('',#9057,#1657);
#1132=LINE('',#9063,#1658);
#1133=LINE('',#9066,#1659);
#1134=LINE('',#9068,#1660);
#1135=LINE('',#9069,#1661);
#1136=LINE('',#9076,#1662);
#1137=LINE('',#9078,#1663);
#1138=LINE('',#9080,#1664);
#1139=LINE('',#9081,#1665);
#1140=LINE('',#9087,#1666);
#1141=LINE('',#9090,#1667);
#1142=LINE('',#9092,#1668);
#1143=LINE('',#9093,#1669);
#1144=LINE('',#9099,#1670);
#1145=LINE('',#9102,#1671);
#1146=LINE('',#9104,#1672);
#1147=LINE('',#9105,#1673);
#1148=LINE('',#9111,#1674);
#1149=LINE('',#9114,#1675);
#1150=LINE('',#9116,#1676);
#1151=LINE('',#9117,#1677);
#1152=LINE('',#9124,#1678);
#1153=LINE('',#9126,#1679);
#1154=LINE('',#9128,#1680);
#1155=LINE('',#9129,#1681);
#1156=LINE('',#9135,#1682);
#1157=LINE('',#9138,#1683);
#1158=LINE('',#9140,#1684);
#1159=LINE('',#9141,#1685);
#1160=LINE('',#9147,#1686);
#1161=LINE('',#9150,#1687);
#1162=LINE('',#9152,#1688);
#1163=LINE('',#9153,#1689);
#1164=LINE('',#9159,#1690);
#1165=LINE('',#9162,#1691);
#1166=LINE('',#9164,#1692);
#1167=LINE('',#9165,#1693);
#1168=LINE('',#9172,#1694);
#1169=LINE('',#9174,#1695);
#1170=LINE('',#9176,#1696);
#1171=LINE('',#9177,#1697);
#1172=LINE('',#9183,#1698);
#1173=LINE('',#9186,#1699);
#1174=LINE('',#9188,#1700);
#1175=LINE('',#9189,#1701);
#1176=LINE('',#9195,#1702);
#1177=LINE('',#9198,#1703);
#1178=LINE('',#9200,#1704);
#1179=LINE('',#9201,#1705);
#1180=LINE('',#9205,#1706);
#1181=LINE('',#9207,#1707);
#1182=LINE('',#9209,#1708);
#1183=LINE('',#9210,#1709);
#1184=LINE('',#9216,#1710);
#1185=LINE('',#9219,#1711);
#1186=LINE('',#9221,#1712);
#1187=LINE('',#9222,#1713);
#1188=LINE('',#9229,#1714);
#1189=LINE('',#9231,#1715);
#1190=LINE('',#9233,#1716);
#1191=LINE('',#9234,#1717);
#1192=LINE('',#9240,#1718);
#1193=LINE('',#9243,#1719);
#1194=LINE('',#9245,#1720);
#1195=LINE('',#9246,#1721);
#1196=LINE('',#9252,#1722);
#1197=LINE('',#9255,#1723);
#1198=LINE('',#9257,#1724);
#1199=LINE('',#9258,#1725);
#1200=LINE('',#9264,#1726);
#1201=LINE('',#9267,#1727);
#1202=LINE('',#9269,#1728);
#1203=LINE('',#9270,#1729);
#1204=LINE('',#9281,#1730);
#1205=LINE('',#9283,#1731);
#1206=LINE('',#9287,#1732);
#1207=LINE('',#9291,#1733);
#1208=LINE('',#9295,#1734);
#1209=LINE('',#9299,#1735);
#1210=LINE('',#9303,#1736);
#1211=LINE('',#9307,#1737);
#1212=LINE('',#9311,#1738);
#1213=LINE('',#9315,#1739);
#1214=LINE('',#9319,#1740);
#1215=LINE('',#9321,#1741);
#1216=LINE('',#9323,#1742);
#1217=LINE('',#9327,#1743);
#1218=LINE('',#9331,#1744);
#1219=LINE('',#9333,#1745);
#1220=LINE('',#9335,#1746);
#1221=LINE('',#9336,#1747);
#1222=LINE('',#9341,#1748);
#1223=LINE('',#9347,#1749);
#1224=LINE('',#9351,#1750);
#1225=LINE('',#9358,#1751);
#1226=LINE('',#9362,#1752);
#1227=LINE('',#9364,#1753);
#1228=LINE('',#9365,#1754);
#1229=LINE('',#9368,#1755);
#1230=LINE('',#9369,#1756);
#1231=LINE('',#9372,#1757);
#1232=LINE('',#9373,#1758);
#1233=LINE('',#9375,#1759);
#1234=LINE('',#9387,#1760);
#1235=LINE('',#9388,#1761);
#1236=LINE('',#9399,#1762);
#1237=LINE('',#9400,#1763);
#1238=LINE('',#9404,#1764);
#1239=LINE('',#9412,#1765);
#1240=LINE('',#9418,#1766);
#1241=LINE('',#9505,#1767);
#1242=LINE('',#9506,#1768);
#1243=LINE('',#9508,#1769);
#1244=LINE('',#9512,#1770);
#1245=LINE('',#9520,#1771);
#1246=LINE('',#9528,#1772);
#1247=LINE('',#9544,#1773);
#1248=LINE('',#9560,#1774);
#1249=LINE('',#9568,#1775);
#1250=LINE('',#9584,#1776);
#1251=LINE('',#9600,#1777);
#1252=LINE('',#9608,#1778);
#1253=LINE('',#9612,#1779);
#1254=LINE('',#9615,#1780);
#1255=LINE('',#9617,#1781);
#1256=LINE('',#9618,#1782);
#1257=LINE('',#9621,#1783);
#1258=LINE('',#9640,#1784);
#1259=LINE('',#9660,#1785);
#1260=LINE('',#9661,#1786);
#1261=LINE('',#9664,#1787);
#1262=LINE('',#9668,#1788);
#1263=LINE('',#9669,#1789);
#1264=LINE('',#9672,#1790);
#1265=LINE('',#9676,#1791);
#1266=LINE('',#9677,#1792);
#1267=LINE('',#9680,#1793);
#1268=LINE('',#9684,#1794);
#1269=LINE('',#9685,#1795);
#1270=LINE('',#9688,#1796);
#1271=LINE('',#9692,#1797);
#1272=LINE('',#9693,#1798);
#1273=LINE('',#9922,#1799);
#1274=LINE('',#9924,#1800);
#1275=LINE('',#9926,#1801);
#1276=LINE('',#9945,#1802);
#1277=LINE('',#9956,#1803);
#1278=LINE('',#9957,#1804);
#1279=LINE('',#9968,#1805);
#1280=LINE('',#9969,#1806);
#1281=LINE('',#9980,#1807);
#1282=LINE('',#9981,#1808);
#1283=LINE('',#9992,#1809);
#1284=LINE('',#9993,#1810);
#1285=LINE('',#10004,#1811);
#1286=LINE('',#10005,#1812);
#1287=LINE('',#10016,#1813);
#1288=LINE('',#10017,#1814);
#1289=LINE('',#10028,#1815);
#1290=LINE('',#10029,#1816);
#1291=LINE('',#10040,#1817);
#1292=LINE('',#10041,#1818);
#1293=LINE('',#10052,#1819);
#1294=LINE('',#10053,#1820);
#1295=LINE('',#10064,#1821);
#1296=LINE('',#10065,#1822);
#1297=LINE('',#10076,#1823);
#1298=LINE('',#10077,#1824);
#1299=LINE('',#10088,#1825);
#1300=LINE('',#10089,#1826);
#1301=LINE('',#10100,#1827);
#1302=LINE('',#10101,#1828);
#1303=LINE('',#10112,#1829);
#1304=LINE('',#10113,#1830);
#1305=LINE('',#10127,#1831);
#1306=LINE('',#10130,#1832);
#1307=LINE('',#10133,#1833);
#1308=LINE('',#10136,#1834);
#1309=LINE('',#10137,#1835);
#1310=LINE('',#10140,#1836);
#1311=LINE('',#10144,#1837);
#1312=LINE('',#10145,#1838);
#1313=LINE('',#10148,#1839);
#1314=LINE('',#10152,#1840);
#1315=LINE('',#10153,#1841);
#1316=LINE('',#10156,#1842);
#1317=LINE('',#10160,#1843);
#1318=LINE('',#10161,#1844);
#1319=LINE('',#10164,#1845);
#1320=LINE('',#10168,#1846);
#1321=LINE('',#10169,#1847);
#1322=LINE('',#10172,#1848);
#1323=LINE('',#10176,#1849);
#1324=LINE('',#10177,#1850);
#1325=LINE('',#10180,#1851);
#1326=LINE('',#10184,#1852);
#1327=LINE('',#10185,#1853);
#1328=LINE('',#10192,#1854);
#1329=LINE('',#10196,#1855);
#1330=LINE('',#10200,#1856);
#1331=LINE('',#10202,#1857);
#1332=LINE('',#10204,#1858);
#1333=LINE('',#10206,#1859);
#1334=LINE('',#10210,#1860);
#1335=LINE('',#10214,#1861);
#1336=LINE('',#10215,#1862);
#1337=LINE('',#10217,#1863);
#1338=LINE('',#10221,#1864);
#1339=LINE('',#10225,#1865);
#1340=LINE('',#10226,#1866);
#1341=LINE('',#10228,#1867);
#1342=LINE('',#10230,#1868);
#1343=LINE('',#10233,#1869);
#1344=LINE('',#10241,#1870);
#1345=LINE('',#10251,#1871);
#1346=LINE('',#10254,#1872);
#1347=LINE('',#10263,#1873);
#1348=LINE('',#10266,#1874);
#1349=LINE('',#10275,#1875);
#1350=LINE('',#10278,#1876);
#1351=LINE('',#10287,#1877);
#1352=LINE('',#10290,#1878);
#1353=LINE('',#10299,#1879);
#1354=LINE('',#10302,#1880);
#1355=LINE('',#10310,#1881);
#1356=LINE('',#10313,#1882);
#1357=LINE('',#10321,#1883);
#1358=LINE('',#10329,#1884);
#1359=LINE('',#10351,#1885);
#1360=LINE('',#10353,#1886);
#1361=LINE('',#10355,#1887);
#1362=LINE('',#10357,#1888);
#1363=LINE('',#10359,#1889);
#1364=LINE('',#10361,#1890);
#1365=LINE('',#10363,#1891);
#1366=LINE('',#10365,#1892);
#1367=LINE('',#10367,#1893);
#1368=LINE('',#10369,#1894);
#1369=LINE('',#10371,#1895);
#1370=LINE('',#10373,#1896);
#1371=LINE('',#10375,#1897);
#1372=LINE('',#10382,#1898);
#1373=LINE('',#10384,#1899);
#1374=LINE('',#10386,#1900);
#1375=LINE('',#10390,#1901);
#1376=LINE('',#10393,#1902);
#1377=LINE('',#10395,#1903);
#1378=LINE('',#10399,#1904);
#1379=LINE('',#10401,#1905);
#1380=LINE('',#10403,#1906);
#1381=LINE('',#10407,#1907);
#1382=LINE('',#10411,#1908);
#1383=LINE('',#10413,#1909);
#1384=LINE('',#10416,#1910);
#1385=LINE('',#10420,#1911);
#1386=LINE('',#10421,#1912);
#1387=LINE('',#10424,#1913);
#1388=LINE('',#10426,#1914);
#1389=LINE('',#10428,#1915);
#1390=LINE('',#10430,#1916);
#1391=LINE('',#10432,#1917);
#1392=LINE('',#10434,#1918);
#1393=LINE('',#10436,#1919);
#1394=LINE('',#10438,#1920);
#1395=LINE('',#10440,#1921);
#1396=LINE('',#10442,#1922);
#1397=LINE('',#10444,#1923);
#1398=LINE('',#10446,#1924);
#1399=LINE('',#10448,#1925);
#1400=LINE('',#10450,#1926);
#1401=LINE('',#10453,#1927);
#1402=LINE('',#10454,#1928);
#1403=LINE('',#10456,#1929);
#1404=LINE('',#10458,#1930);
#1405=LINE('',#10460,#1931);
#1406=LINE('',#10462,#1932);
#1407=LINE('',#10464,#1933);
#1408=LINE('',#10466,#1934);
#1409=LINE('',#10468,#1935);
#1410=LINE('',#10470,#1936);
#1411=LINE('',#10472,#1937);
#1412=LINE('',#10474,#1938);
#1413=LINE('',#10476,#1939);
#1414=LINE('',#10479,#1940);
#1415=LINE('',#10481,#1941);
#1416=LINE('',#10483,#1942);
#1417=LINE('',#10485,#1943);
#1418=LINE('',#10487,#1944);
#1419=LINE('',#10490,#1945);
#1420=LINE('',#10491,#1946);
#1421=LINE('',#10496,#1947);
#1422=LINE('',#10500,#1948);
#1423=LINE('',#10502,#1949);
#1424=LINE('',#10504,#1950);
#1425=LINE('',#10505,#1951);
#1426=LINE('',#10508,#1952);
#1427=LINE('',#10510,#1953);
#1428=LINE('',#10511,#1954);
#1429=LINE('',#10514,#1955);
#1430=LINE('',#10516,#1956);
#1431=LINE('',#10517,#1957);
#1432=LINE('',#10519,#1958);
#1433=LINE('',#10520,#1959);
#1434=LINE('',#10526,#1960);
#1435=LINE('',#10528,#1961);
#1436=LINE('',#10530,#1962);
#1437=LINE('',#10537,#1963);
#1438=LINE('',#10541,#1964);
#1439=LINE('',#10542,#1965);
#1440=LINE('',#10546,#1966);
#1441=LINE('',#10547,#1967);
#1442=LINE('',#10549,#1968);
#1443=LINE('',#10551,#1969);
#1444=LINE('',#10554,#1970);
#1445=LINE('',#10560,#1971);
#1446=LINE('',#10564,#1972);
#1447=LINE('',#10568,#1973);
#1448=LINE('',#10572,#1974);
#1449=LINE('',#10575,#1975);
#1450=LINE('',#10584,#1976);
#1451=LINE('',#10587,#1977);
#1452=LINE('',#10590,#1978);
#1453=LINE('',#10591,#1979);
#1454=LINE('',#10594,#1980);
#1455=LINE('',#10598,#1981);
#1456=LINE('',#10599,#1982);
#1457=LINE('',#10602,#1983);
#1458=LINE('',#10607,#1984);
#1459=LINE('',#10611,#1985);
#1460=LINE('',#10615,#1986);
#1461=LINE('',#10618,#1987);
#1462=LINE('',#10619,#1988);
#1463=LINE('',#10623,#1989);
#1464=LINE('',#10626,#1990);
#1465=LINE('',#10627,#1991);
#1466=LINE('',#10631,#1992);
#1467=LINE('',#10633,#1993);
#1468=LINE('',#10640,#1994);
#1469=LINE('',#10644,#1995);
#1470=LINE('',#10648,#1996);
#1471=LINE('',#10651,#1997);
#1472=LINE('',#10656,#1998);
#1473=LINE('',#10660,#1999);
#1474=LINE('',#10664,#2000);
#1475=LINE('',#10668,#2001);
#1476=LINE('',#10671,#2002);
#1477=LINE('',#10674,#2003);
#1478=LINE('',#10677,#2004);
#1479=LINE('',#10680,#2005);
#1480=LINE('',#10681,#2006);
#1481=LINE('',#10684,#2007);
#1482=LINE('',#10688,#2008);
#1483=LINE('',#10689,#2009);
#1484=LINE('',#10692,#2010);
#1485=LINE('',#10696,#2011);
#1486=LINE('',#10698,#2012);
#1487=LINE('',#10699,#2013);
#1488=LINE('',#10702,#2014);
#1489=LINE('',#10706,#2015);
#1490=LINE('',#10707,#2016);
#1491=LINE('',#10710,#2017);
#1492=LINE('',#10714,#2018);
#1493=LINE('',#10715,#2019);
#1494=LINE('',#10719,#2020);
#1495=LINE('',#10722,#2021);
#1496=LINE('',#10723,#2022);
#1497=LINE('',#10727,#2023);
#1498=LINE('',#10729,#2024);
#1499=LINE('',#10733,#2025);
#1500=LINE('',#10736,#2026);
#1501=LINE('',#10737,#2027);
#1502=LINE('',#10741,#2028);
#1503=LINE('',#10743,#2029);
#1504=LINE('',#10748,#2030);
#1505=LINE('',#10750,#2031);
#1506=LINE('',#10752,#2032);
#1507=LINE('',#10753,#2033);
#1508=LINE('',#10759,#2034);
#1509=LINE('',#10762,#2035);
#1510=LINE('',#10764,#2036);
#1511=LINE('',#10765,#2037);
#1512=LINE('',#10771,#2038);
#1513=LINE('',#10774,#2039);
#1514=LINE('',#10776,#2040);
#1515=LINE('',#10777,#2041);
#1516=LINE('',#10783,#2042);
#1517=LINE('',#10786,#2043);
#1518=LINE('',#10788,#2044);
#1519=LINE('',#10789,#2045);
#1520=LINE('',#10795,#2046);
#1521=LINE('',#10798,#2047);
#1522=LINE('',#10800,#2048);
#1523=LINE('',#10801,#2049);
#1524=LINE('',#10808,#2050);
#1525=LINE('',#10810,#2051);
#1526=LINE('',#10812,#2052);
#1527=LINE('',#10813,#2053);
#1528=LINE('',#10819,#2054);
#1529=LINE('',#10822,#2055);
#1530=LINE('',#10824,#2056);
#1531=LINE('',#10825,#2057);
#1532=LINE('',#10831,#2058);
#1533=LINE('',#10834,#2059);
#1534=LINE('',#10836,#2060);
#1535=LINE('',#10837,#2061);
#1536=LINE('',#10843,#2062);
#1537=LINE('',#10846,#2063);
#1538=LINE('',#10848,#2064);
#1539=LINE('',#10849,#2065);
#1540=LINE('',#10858,#2066);
#1541=LINE('',#10860,#2067);
#1542=LINE('',#10862,#2068);
#1543=LINE('',#10863,#2069);
#1544=LINE('',#10869,#2070);
#1545=LINE('',#10872,#2071);
#1546=LINE('',#10874,#2072);
#1547=LINE('',#10875,#2073);
#1548=LINE('',#10881,#2074);
#1549=LINE('',#10884,#2075);
#1550=LINE('',#10886,#2076);
#1551=LINE('',#10887,#2077);
#1552=LINE('',#10893,#2078);
#1553=LINE('',#10896,#2079);
#1554=LINE('',#10898,#2080);
#1555=LINE('',#10899,#2081);
#1556=LINE('',#10905,#2082);
#1557=LINE('',#10908,#2083);
#1558=LINE('',#10910,#2084);
#1559=LINE('',#10911,#2085);
#1560=LINE('',#10918,#2086);
#1561=LINE('',#10920,#2087);
#1562=LINE('',#10922,#2088);
#1563=LINE('',#10923,#2089);
#1564=LINE('',#10929,#2090);
#1565=LINE('',#10932,#2091);
#1566=LINE('',#10934,#2092);
#1567=LINE('',#10935,#2093);
#1568=LINE('',#10941,#2094);
#1569=LINE('',#10944,#2095);
#1570=LINE('',#10946,#2096);
#1571=LINE('',#10947,#2097);
#1572=LINE('',#10953,#2098);
#1573=LINE('',#10956,#2099);
#1574=LINE('',#10958,#2100);
#1575=LINE('',#10959,#2101);
#1576=VECTOR('',#6907,1.6);
#1577=VECTOR('',#6912,10.);
#1578=VECTOR('',#6913,10.);
#1579=VECTOR('',#6914,10.);
#1580=VECTOR('',#6915,10.);
#1581=VECTOR('',#6918,10.);
#1582=VECTOR('',#6919,10.);
#1583=VECTOR('',#6920,10.);
#1584=VECTOR('',#6923,10.);
#1585=VECTOR('',#6924,10.);
#1586=VECTOR('',#6925,10.);
#1587=VECTOR('',#6926,10.);
#1588=VECTOR('',#6935,10.);
#1589=VECTOR('',#6938,10.);
#1590=VECTOR('',#6939,10.);
#1591=VECTOR('',#6940,10.);
#1592=VECTOR('',#6941,10.);
#1593=VECTOR('',#6946,1.6);
#1594=VECTOR('',#6951,10.);
#1595=VECTOR('',#6952,10.);
#1596=VECTOR('',#6953,10.);
#1597=VECTOR('',#6954,10.);
#1598=VECTOR('',#6963,10.);
#1599=VECTOR('',#6966,10.);
#1600=VECTOR('',#6967,10.);
#1601=VECTOR('',#6968,10.);
#1602=VECTOR('',#6969,10.);
#1603=VECTOR('',#6970,10.);
#1604=VECTOR('',#6971,10.);
#1605=VECTOR('',#6974,10.);
#1606=VECTOR('',#6977,10.);
#1607=VECTOR('',#6980,10.);
#1608=VECTOR('',#6987,1.6);
#1609=VECTOR('',#6992,10.);
#1610=VECTOR('',#6993,10.);
#1611=VECTOR('',#6994,10.);
#1612=VECTOR('',#6995,10.);
#1613=VECTOR('',#6998,10.);
#1614=VECTOR('',#6999,10.);
#1615=VECTOR('',#7000,10.);
#1616=VECTOR('',#7001,10.);
#1617=VECTOR('',#7010,10.);
#1618=VECTOR('',#7013,10.);
#1619=VECTOR('',#7014,10.);
#1620=VECTOR('',#7015,10.);
#1621=VECTOR('',#7016,10.);
#1622=VECTOR('',#7023,10.);
#1623=VECTOR('',#7026,10.);
#1624=VECTOR('',#7027,10.);
#1625=VECTOR('',#7028,10.);
#1626=VECTOR('',#7035,10.);
#1627=VECTOR('',#7038,10.);
#1628=VECTOR('',#7039,10.);
#1629=VECTOR('',#7040,10.);
#1630=VECTOR('',#7047,10.);
#1631=VECTOR('',#7050,10.);
#1632=VECTOR('',#7051,10.);
#1633=VECTOR('',#7052,10.);
#1634=VECTOR('',#7061,10.);
#1635=VECTOR('',#7062,10.);
#1636=VECTOR('',#7063,10.);
#1637=VECTOR('',#7068,10.);
#1638=VECTOR('',#7071,10.);
#1639=VECTOR('',#7072,10.);
#1640=VECTOR('',#7077,10.);
#1641=VECTOR('',#7080,10.);
#1642=VECTOR('',#7081,10.);
#1643=VECTOR('',#7086,10.);
#1644=VECTOR('',#7089,10.);
#1645=VECTOR('',#7090,10.);
#1646=VECTOR('',#7097,10.);
#1647=VECTOR('',#7098,10.);
#1648=VECTOR('',#7099,10.);
#1649=VECTOR('',#7100,10.);
#1650=VECTOR('',#7107,10.);
#1651=VECTOR('',#7110,10.);
#1652=VECTOR('',#7111,10.);
#1653=VECTOR('',#7112,10.);
#1654=VECTOR('',#7119,10.);
#1655=VECTOR('',#7122,10.);
#1656=VECTOR('',#7123,10.);
#1657=VECTOR('',#7124,10.);
#1658=VECTOR('',#7131,10.);
#1659=VECTOR('',#7134,10.);
#1660=VECTOR('',#7135,10.);
#1661=VECTOR('',#7136,10.);
#1662=VECTOR('',#7145,10.);
#1663=VECTOR('',#7146,10.);
#1664=VECTOR('',#7147,10.);
#1665=VECTOR('',#7148,10.);
#1666=VECTOR('',#7155,10.);
#1667=VECTOR('',#7158,10.);
#1668=VECTOR('',#7159,10.);
#1669=VECTOR('',#7160,10.);
#1670=VECTOR('',#7167,10.);
#1671=VECTOR('',#7170,10.);
#1672=VECTOR('',#7171,10.);
#1673=VECTOR('',#7172,10.);
#1674=VECTOR('',#7179,10.);
#1675=VECTOR('',#7182,10.);
#1676=VECTOR('',#7183,10.);
#1677=VECTOR('',#7184,10.);
#1678=VECTOR('',#7193,10.);
#1679=VECTOR('',#7194,10.);
#1680=VECTOR('',#7195,10.);
#1681=VECTOR('',#7196,10.);
#1682=VECTOR('',#7203,10.);
#1683=VECTOR('',#7206,10.);
#1684=VECTOR('',#7207,10.);
#1685=VECTOR('',#7208,10.);
#1686=VECTOR('',#7215,10.);
#1687=VECTOR('',#7218,10.);
#1688=VECTOR('',#7219,10.);
#1689=VECTOR('',#7220,10.);
#1690=VECTOR('',#7227,10.);
#1691=VECTOR('',#7230,10.);
#1692=VECTOR('',#7231,10.);
#1693=VECTOR('',#7232,10.);
#1694=VECTOR('',#7241,10.);
#1695=VECTOR('',#7242,10.);
#1696=VECTOR('',#7243,10.);
#1697=VECTOR('',#7244,10.);
#1698=VECTOR('',#7251,10.);
#1699=VECTOR('',#7254,10.);
#1700=VECTOR('',#7255,10.);
#1701=VECTOR('',#7256,10.);
#1702=VECTOR('',#7263,10.);
#1703=VECTOR('',#7266,10.);
#1704=VECTOR('',#7267,10.);
#1705=VECTOR('',#7268,10.);
#1706=VECTOR('',#7271,10.);
#1707=VECTOR('',#7272,10.);
#1708=VECTOR('',#7273,10.);
#1709=VECTOR('',#7274,10.);
#1710=VECTOR('',#7281,10.);
#1711=VECTOR('',#7284,10.);
#1712=VECTOR('',#7285,10.);
#1713=VECTOR('',#7286,10.);
#1714=VECTOR('',#7295,10.);
#1715=VECTOR('',#7296,10.);
#1716=VECTOR('',#7297,10.);
#1717=VECTOR('',#7298,10.);
#1718=VECTOR('',#7305,10.);
#1719=VECTOR('',#7308,10.);
#1720=VECTOR('',#7309,10.);
#1721=VECTOR('',#7310,10.);
#1722=VECTOR('',#7317,10.);
#1723=VECTOR('',#7320,10.);
#1724=VECTOR('',#7321,10.);
#1725=VECTOR('',#7322,10.);
#1726=VECTOR('',#7329,10.);
#1727=VECTOR('',#7332,10.);
#1728=VECTOR('',#7333,10.);
#1729=VECTOR('',#7334,10.);
#1730=VECTOR('',#7349,10.);
#1731=VECTOR('',#7350,10.);
#1732=VECTOR('',#7353,10.);
#1733=VECTOR('',#7356,10.);
#1734=VECTOR('',#7359,10.);
#1735=VECTOR('',#7362,10.);
#1736=VECTOR('',#7365,10.);
#1737=VECTOR('',#7368,10.);
#1738=VECTOR('',#7371,10.);
#1739=VECTOR('',#7374,10.);
#1740=VECTOR('',#7377,10.);
#1741=VECTOR('',#7378,10.);
#1742=VECTOR('',#7379,10.);
#1743=VECTOR('',#7382,10.);
#1744=VECTOR('',#7385,10.);
#1745=VECTOR('',#7386,10.);
#1746=VECTOR('',#7387,10.);
#1747=VECTOR('',#7388,10.);
#1748=VECTOR('',#7393,0.991083364698055);
#1749=VECTOR('',#7400,1.35);
#1750=VECTOR('',#7405,1.35);
#1751=VECTOR('',#7414,1.35);
#1752=VECTOR('',#7419,10.);
#1753=VECTOR('',#7420,10.);
#1754=VECTOR('',#7421,10.);
#1755=VECTOR('',#7424,10.);
#1756=VECTOR('',#7425,10.);
#1757=VECTOR('',#7428,10.);
#1758=VECTOR('',#7429,10.);
#1759=VECTOR('',#7432,10.);
#1760=VECTOR('',#7447,10.);
#1761=VECTOR('',#7448,10.);
#1762=VECTOR('',#7461,10.);
#1763=VECTOR('',#7462,10.);
#1764=VECTOR('',#7467,10.);
#1765=VECTOR('',#7478,10.);
#1766=VECTOR('',#7487,10.);
#1767=VECTOR('',#7508,10.);
#1768=VECTOR('',#7509,10.);
#1769=VECTOR('',#7512,10.);
#1770=VECTOR('',#7517,10.);
#1771=VECTOR('',#7528,10.);
#1772=VECTOR('',#7539,10.);
#1773=VECTOR('',#7548,10.);
#1774=VECTOR('',#7557,10.);
#1775=VECTOR('',#7568,10.);
#1776=VECTOR('',#7577,10.);
#1777=VECTOR('',#7586,10.);
#1778=VECTOR('',#7597,10.);
#1779=VECTOR('',#7604,10.);
#1780=VECTOR('',#7607,10.);
#1781=VECTOR('',#7608,10.);
#1782=VECTOR('',#7609,10.);
#1783=VECTOR('',#7612,10.);
#1784=VECTOR('',#7619,10.);
#1785=VECTOR('',#7626,10.);
#1786=VECTOR('',#7627,10.);
#1787=VECTOR('',#7630,10.);
#1788=VECTOR('',#7635,10.);
#1789=VECTOR('',#7636,10.);
#1790=VECTOR('',#7639,10.);
#1791=VECTOR('',#7644,10.);
#1792=VECTOR('',#7645,10.);
#1793=VECTOR('',#7648,10.);
#1794=VECTOR('',#7653,10.);
#1795=VECTOR('',#7654,10.);
#1796=VECTOR('',#7657,10.);
#1797=VECTOR('',#7662,10.);
#1798=VECTOR('',#7663,10.);
#1799=VECTOR('',#7676,10.);
#1800=VECTOR('',#7677,10.);
#1801=VECTOR('',#7678,10.);
#1802=VECTOR('',#7691,10.);
#1803=VECTOR('',#7704,10.);
#1804=VECTOR('',#7705,10.);
#1805=VECTOR('',#7718,10.);
#1806=VECTOR('',#7719,10.);
#1807=VECTOR('',#7732,10.);
#1808=VECTOR('',#7733,10.);
#1809=VECTOR('',#7746,10.);
#1810=VECTOR('',#7747,10.);
#1811=VECTOR('',#7760,10.);
#1812=VECTOR('',#7761,10.);
#1813=VECTOR('',#7774,10.);
#1814=VECTOR('',#7775,10.);
#1815=VECTOR('',#7788,10.);
#1816=VECTOR('',#7789,10.);
#1817=VECTOR('',#7802,10.);
#1818=VECTOR('',#7803,10.);
#1819=VECTOR('',#7816,10.);
#1820=VECTOR('',#7817,10.);
#1821=VECTOR('',#7830,10.);
#1822=VECTOR('',#7831,10.);
#1823=VECTOR('',#7844,10.);
#1824=VECTOR('',#7845,10.);
#1825=VECTOR('',#7858,10.);
#1826=VECTOR('',#7859,10.);
#1827=VECTOR('',#7872,10.);
#1828=VECTOR('',#7873,10.);
#1829=VECTOR('',#7886,10.);
#1830=VECTOR('',#7887,10.);
#1831=VECTOR('',#7896,10.);
#1832=VECTOR('',#7899,10.);
#1833=VECTOR('',#7902,10.);
#1834=VECTOR('',#7905,10.);
#1835=VECTOR('',#7906,10.);
#1836=VECTOR('',#7909,10.);
#1837=VECTOR('',#7914,10.);
#1838=VECTOR('',#7915,10.);
#1839=VECTOR('',#7918,10.);
#1840=VECTOR('',#7923,10.);
#1841=VECTOR('',#7924,10.);
#1842=VECTOR('',#7927,10.);
#1843=VECTOR('',#7932,10.);
#1844=VECTOR('',#7933,10.);
#1845=VECTOR('',#7936,10.);
#1846=VECTOR('',#7941,10.);
#1847=VECTOR('',#7942,10.);
#1848=VECTOR('',#7945,10.);
#1849=VECTOR('',#7950,10.);
#1850=VECTOR('',#7951,10.);
#1851=VECTOR('',#7954,10.);
#1852=VECTOR('',#7959,10.);
#1853=VECTOR('',#7960,10.);
#1854=VECTOR('',#7971,10.);
#1855=VECTOR('',#7974,10.);
#1856=VECTOR('',#7977,10.);
#1857=VECTOR('',#7978,10.);
#1858=VECTOR('',#7979,10.);
#1859=VECTOR('',#7980,10.);
#1860=VECTOR('',#7983,10.);
#1861=VECTOR('',#7986,10.);
#1862=VECTOR('',#7987,10.);
#1863=VECTOR('',#7988,10.);
#1864=VECTOR('',#7991,10.);
#1865=VECTOR('',#7994,10.);
#1866=VECTOR('',#7995,10.);
#1867=VECTOR('',#7996,10.);
#1868=VECTOR('',#7997,10.);
#1869=VECTOR('',#8000,10.);
#1870=VECTOR('',#8011,10.);
#1871=VECTOR('',#8024,10.);
#1872=VECTOR('',#8027,10.);
#1873=VECTOR('',#8038,10.);
#1874=VECTOR('',#8041,10.);
#1875=VECTOR('',#8052,10.);
#1876=VECTOR('',#8055,10.);
#1877=VECTOR('',#8066,10.);
#1878=VECTOR('',#8069,10.);
#1879=VECTOR('',#8080,10.);
#1880=VECTOR('',#8083,10.);
#1881=VECTOR('',#8094,10.);
#1882=VECTOR('',#8097,10.);
#1883=VECTOR('',#8108,10.);
#1884=VECTOR('',#8119,10.);
#1885=VECTOR('',#8162,10.);
#1886=VECTOR('',#8165,10.);
#1887=VECTOR('',#8168,10.);
#1888=VECTOR('',#8171,10.);
#1889=VECTOR('',#8174,10.);
#1890=VECTOR('',#8177,10.);
#1891=VECTOR('',#8180,10.);
#1892=VECTOR('',#8183,10.);
#1893=VECTOR('',#8186,10.);
#1894=VECTOR('',#8189,10.);
#1895=VECTOR('',#8192,10.);
#1896=VECTOR('',#8195,10.);
#1897=VECTOR('',#8198,10.);
#1898=VECTOR('',#8205,10.);
#1899=VECTOR('',#8206,10.);
#1900=VECTOR('',#8207,10.);
#1901=VECTOR('',#8210,10.);
#1902=VECTOR('',#8213,10.);
#1903=VECTOR('',#8214,10.);
#1904=VECTOR('',#8217,10.);
#1905=VECTOR('',#8218,10.);
#1906=VECTOR('',#8219,10.);
#1907=VECTOR('',#8222,10.);
#1908=VECTOR('',#8225,10.);
#1909=VECTOR('',#8226,10.);
#1910=VECTOR('',#8229,10.);
#1911=VECTOR('',#8234,10.);
#1912=VECTOR('',#8235,10.);
#1913=VECTOR('',#8240,10.);
#1914=VECTOR('',#8243,10.);
#1915=VECTOR('',#8246,10.);
#1916=VECTOR('',#8249,10.);
#1917=VECTOR('',#8252,10.);
#1918=VECTOR('',#8255,10.);
#1919=VECTOR('',#8258,10.);
#1920=VECTOR('',#8261,10.);
#1921=VECTOR('',#8264,10.);
#1922=VECTOR('',#8267,10.);
#1923=VECTOR('',#8270,10.);
#1924=VECTOR('',#8273,10.);
#1925=VECTOR('',#8276,10.);
#1926=VECTOR('',#8279,10.);
#1927=VECTOR('',#8284,10.);
#1928=VECTOR('',#8285,10.);
#1929=VECTOR('',#8288,10.);
#1930=VECTOR('',#8291,10.);
#1931=VECTOR('',#8294,10.);
#1932=VECTOR('',#8297,10.);
#1933=VECTOR('',#8300,10.);
#1934=VECTOR('',#8303,10.);
#1935=VECTOR('',#8306,10.);
#1936=VECTOR('',#8309,10.);
#1937=VECTOR('',#8312,10.);
#1938=VECTOR('',#8315,10.);
#1939=VECTOR('',#8318,10.);
#1940=VECTOR('',#8323,10.);
#1941=VECTOR('',#8326,10.);
#1942=VECTOR('',#8329,10.);
#1943=VECTOR('',#8332,10.);
#1944=VECTOR('',#8335,10.);
#1945=VECTOR('',#8338,10.);
#1946=VECTOR('',#8339,10.);
#1947=VECTOR('',#8346,1.00000000000001);
#1948=VECTOR('',#8349,10.);
#1949=VECTOR('',#8350,10.);
#1950=VECTOR('',#8351,10.);
#1951=VECTOR('',#8352,10.);
#1952=VECTOR('',#8355,10.);
#1953=VECTOR('',#8356,10.);
#1954=VECTOR('',#8357,10.);
#1955=VECTOR('',#8360,10.);
#1956=VECTOR('',#8361,10.);
#1957=VECTOR('',#8362,10.);
#1958=VECTOR('',#8365,10.);
#1959=VECTOR('',#8366,10.);
#1960=VECTOR('',#8373,10.);
#1961=VECTOR('',#8374,10.);
#1962=VECTOR('',#8375,10.);
#1963=VECTOR('',#8382,10.);
#1964=VECTOR('',#8385,10.);
#1965=VECTOR('',#8386,10.);
#1966=VECTOR('',#8391,10.);
#1967=VECTOR('',#8392,10.);
#1968=VECTOR('',#8395,10.);
#1969=VECTOR('',#8398,10.);
#1970=VECTOR('',#8403,1.6);
#1971=VECTOR('',#8408,10.);
#1972=VECTOR('',#8411,10.);
#1973=VECTOR('',#8414,10.);
#1974=VECTOR('',#8417,10.);
#1975=VECTOR('',#8420,10.);
#1976=VECTOR('',#8429,10.);
#1977=VECTOR('',#8432,10.);
#1978=VECTOR('',#8435,10.);
#1979=VECTOR('',#8436,10.);
#1980=VECTOR('',#8439,10.);
#1981=VECTOR('',#8444,10.);
#1982=VECTOR('',#8445,10.);
#1983=VECTOR('',#8448,10.);
#1984=VECTOR('',#8455,0.991083364698055);
#1985=VECTOR('',#8460,1.35);
#1986=VECTOR('',#8465,1.35);
#1987=VECTOR('',#8468,10.);
#1988=VECTOR('',#8469,10.);
#1989=VECTOR('',#8474,10.);
#1990=VECTOR('',#8477,10.);
#1991=VECTOR('',#8478,10.);
#1992=VECTOR('',#8483,10.);
#1993=VECTOR('',#8486,10.);
#1994=VECTOR('',#8493,10.);
#1995=VECTOR('',#8496,10.);
#1996=VECTOR('',#8499,10.);
#1997=VECTOR('',#8502,10.);
#1998=VECTOR('',#8505,10.);
#1999=VECTOR('',#8508,10.);
#2000=VECTOR('',#8511,10.);
#2001=VECTOR('',#8514,10.);
#2002=VECTOR('',#8517,10.);
#2003=VECTOR('',#8520,10.);
#2004=VECTOR('',#8523,10.);
#2005=VECTOR('',#8526,10.);
#2006=VECTOR('',#8527,10.);
#2007=VECTOR('',#8530,10.);
#2008=VECTOR('',#8535,10.);
#2009=VECTOR('',#8536,10.);
#2010=VECTOR('',#8539,10.);
#2011=VECTOR('',#8544,10.);
#2012=VECTOR('',#8545,10.);
#2013=VECTOR('',#8546,10.);
#2014=VECTOR('',#8549,10.);
#2015=VECTOR('',#8554,10.);
#2016=VECTOR('',#8555,10.);
#2017=VECTOR('',#8558,10.);
#2018=VECTOR('',#8563,10.);
#2019=VECTOR('',#8564,10.);
#2020=VECTOR('',#8569,10.);
#2021=VECTOR('',#8572,10.);
#2022=VECTOR('',#8573,10.);
#2023=VECTOR('',#8578,10.);
#2024=VECTOR('',#8581,10.);
#2025=VECTOR('',#8586,10.);
#2026=VECTOR('',#8589,10.);
#2027=VECTOR('',#8590,10.);
#2028=VECTOR('',#8595,10.);
#2029=VECTOR('',#8598,10.);
#2030=VECTOR('',#8603,10.);
#2031=VECTOR('',#8604,10.);
#2032=VECTOR('',#8605,10.);
#2033=VECTOR('',#8606,10.);
#2034=VECTOR('',#8613,10.);
#2035=VECTOR('',#8616,10.);
#2036=VECTOR('',#8617,10.);
#2037=VECTOR('',#8618,10.);
#2038=VECTOR('',#8625,10.);
#2039=VECTOR('',#8628,10.);
#2040=VECTOR('',#8629,10.);
#2041=VECTOR('',#8630,10.);
#2042=VECTOR('',#8637,10.);
#2043=VECTOR('',#8640,10.);
#2044=VECTOR('',#8641,10.);
#2045=VECTOR('',#8642,10.);
#2046=VECTOR('',#8649,10.);
#2047=VECTOR('',#8652,10.);
#2048=VECTOR('',#8653,10.);
#2049=VECTOR('',#8654,10.);
#2050=VECTOR('',#8663,10.);
#2051=VECTOR('',#8664,10.);
#2052=VECTOR('',#8665,10.);
#2053=VECTOR('',#8666,10.);
#2054=VECTOR('',#8673,10.);
#2055=VECTOR('',#8676,10.);
#2056=VECTOR('',#8677,10.);
#2057=VECTOR('',#8678,10.);
#2058=VECTOR('',#8685,10.);
#2059=VECTOR('',#8688,10.);
#2060=VECTOR('',#8689,10.);
#2061=VECTOR('',#8690,10.);
#2062=VECTOR('',#8697,10.);
#2063=VECTOR('',#8700,10.);
#2064=VECTOR('',#8701,10.);
#2065=VECTOR('',#8702,10.);
#2066=VECTOR('',#8715,10.);
#2067=VECTOR('',#8716,10.);
#2068=VECTOR('',#8717,10.);
#2069=VECTOR('',#8718,10.);
#2070=VECTOR('',#8725,10.);
#2071=VECTOR('',#8728,10.);
#2072=VECTOR('',#8729,10.);
#2073=VECTOR('',#8730,10.);
#2074=VECTOR('',#8737,10.);
#2075=VECTOR('',#8740,10.);
#2076=VECTOR('',#8741,10.);
#2077=VECTOR('',#8742,10.);
#2078=VECTOR('',#8749,10.);
#2079=VECTOR('',#8752,10.);
#2080=VECTOR('',#8753,10.);
#2081=VECTOR('',#8754,10.);
#2082=VECTOR('',#8761,10.);
#2083=VECTOR('',#8764,10.);
#2084=VECTOR('',#8765,10.);
#2085=VECTOR('',#8766,10.);
#2086=VECTOR('',#8775,10.);
#2087=VECTOR('',#8776,10.);
#2088=VECTOR('',#8777,10.);
#2089=VECTOR('',#8778,10.);
#2090=VECTOR('',#8785,10.);
#2091=VECTOR('',#8788,10.);
#2092=VECTOR('',#8789,10.);
#2093=VECTOR('',#8790,10.);
#2094=VECTOR('',#8797,10.);
#2095=VECTOR('',#8800,10.);
#2096=VECTOR('',#8801,10.);
#2097=VECTOR('',#8802,10.);
#2098=VECTOR('',#8809,10.);
#2099=VECTOR('',#8812,10.);
#2100=VECTOR('',#8813,10.);
#2101=VECTOR('',#8814,10.);
#2102=CIRCLE('',#6204,1.6);
#2103=CIRCLE('',#6205,1.6);
#2104=CIRCLE('',#6210,2.50000000000001);
#2105=CIRCLE('',#6211,2.50000000000001);
#2106=CIRCLE('',#6215,1.6);
#2107=CIRCLE('',#6216,1.6);
#2108=CIRCLE('',#6219,3.);
#2109=CIRCLE('',#6220,3.);
#2110=CIRCLE('',#6223,0.999999999999996);
#2111=CIRCLE('',#6224,0.999999999999996);
#2112=CIRCLE('',#6225,0.999999999999996);
#2113=CIRCLE('',#6226,0.999999999999996);
#2114=CIRCLE('',#6228,1.6);
#2115=CIRCLE('',#6229,1.6);
#2116=CIRCLE('',#6233,3.);
#2117=CIRCLE('',#6234,3.);
#2118=CIRCLE('',#6238,0.999999999999996);
#2119=CIRCLE('',#6239,0.999999999999996);
#2120=CIRCLE('',#6242,0.999999999999995);
#2121=CIRCLE('',#6243,0.999999999999995);
#2122=CIRCLE('',#6246,0.999999999999996);
#2123=CIRCLE('',#6247,0.999999999999996);
#2124=CIRCLE('',#6250,0.999999999999997);
#2125=CIRCLE('',#6251,0.999999999999997);
#2126=CIRCLE('',#6254,0.999999999999996);
#2127=CIRCLE('',#6257,0.999999999999996);
#2128=CIRCLE('',#6260,0.999999999999996);
#2129=CIRCLE('',#6263,0.999999999999996);
#2130=CIRCLE('',#6266,0.999999999999996);
#2131=CIRCLE('',#6267,0.999999999999996);
#2132=CIRCLE('',#6270,0.999999999999996);
#2133=CIRCLE('',#6271,0.999999999999996);
#2134=CIRCLE('',#6274,0.999999999999996);
#2135=CIRCLE('',#6275,0.999999999999996);
#2136=CIRCLE('',#6278,0.999999999999996);
#2137=CIRCLE('',#6279,0.999999999999996);
#2138=CIRCLE('',#6282,0.999999999999996);
#2139=CIRCLE('',#6283,0.999999999999996);
#2140=CIRCLE('',#6286,0.999999999999996);
#2141=CIRCLE('',#6287,0.999999999999996);
#2142=CIRCLE('',#6290,0.999999999999996);
#2143=CIRCLE('',#6291,0.999999999999996);
#2144=CIRCLE('',#6294,0.999999999999988);
#2145=CIRCLE('',#6295,0.999999999999988);
#2146=CIRCLE('',#6298,0.999999999999996);
#2147=CIRCLE('',#6299,0.999999999999996);
#2148=CIRCLE('',#6302,0.999999999999997);
#2149=CIRCLE('',#6303,0.999999999999997);
#2150=CIRCLE('',#6306,0.999999999999988);
#2151=CIRCLE('',#6307,0.999999999999988);
#2152=CIRCLE('',#6310,0.999999999999997);
#2153=CIRCLE('',#6311,0.999999999999997);
#2154=CIRCLE('',#6314,1.00000000000001);
#2155=CIRCLE('',#6315,1.00000000000001);
#2156=CIRCLE('',#6318,1.);
#2157=CIRCLE('',#6319,1.);
#2158=CIRCLE('',#6323,0.999999999999996);
#2159=CIRCLE('',#6324,0.999999999999996);
#2160=CIRCLE('',#6327,0.999999999999996);
#2161=CIRCLE('',#6328,0.999999999999996);
#2162=CIRCLE('',#6331,0.999999999999999);
#2163=CIRCLE('',#6332,0.999999999999999);
#2164=CIRCLE('',#6335,1.00000000000001);
#2165=CIRCLE('',#6336,1.00000000000001);
#2166=CIRCLE('',#6339,0.999999999999988);
#2167=CIRCLE('',#6340,0.999999999999988);
#2168=CIRCLE('',#6343,0.999999999999996);
#2169=CIRCLE('',#6344,0.999999999999996);
#2170=CIRCLE('',#6346,1.35);
#2171=CIRCLE('',#6347,1.35);
#2172=CIRCLE('',#6349,21.959892678973);
#2173=CIRCLE('',#6350,31.9598926789731);
#2174=CIRCLE('',#6351,0.0401073210270569);
#2175=CIRCLE('',#6352,0.0401073210270661);
#2176=CIRCLE('',#6353,21.9598926789732);
#2177=CIRCLE('',#6354,0.0401073210270669);
#2178=CIRCLE('',#6355,0.0401073210270536);
#2179=CIRCLE('',#6356,31.9598926789729);
#2180=CIRCLE('',#6357,21.959892678973);
#2181=CIRCLE('',#6358,11.9598926789733);
#2182=CIRCLE('',#6359,11.959892678973);
#2183=CIRCLE('',#6361,0.991083364698055);
#2184=CIRCLE('',#6362,0.991083364698055);
#2185=CIRCLE('',#6364,1.35);
#2186=CIRCLE('',#6365,1.35);
#2187=CIRCLE('',#6367,1.35);
#2188=CIRCLE('',#6368,1.35);
#2189=CIRCLE('',#6370,1.35);
#2190=CIRCLE('',#6371,1.35);
#2191=CIRCLE('',#6378,0.200000000000003);
#2192=CIRCLE('',#6379,0.199999999999997);
#2193=CIRCLE('',#6380,0.199999999999996);
#2194=CIRCLE('',#6384,0.199999999999982);
#2195=CIRCLE('',#6385,0.200000000000003);
#2196=CIRCLE('',#6386,0.199999999999996);
#2197=CIRCLE('',#6390,0.199999999999996);
#2198=CIRCLE('',#6392,0.199999999999996);
#2199=CIRCLE('',#6393,11.7719541548158);
#2200=CIRCLE('',#6395,0.199999999999996);
#2201=CIRCLE('',#6397,0.199999999999996);
#2202=CIRCLE('',#6398,11.7719541548161);
#2203=CIRCLE('',#6401,0.200000000000005);
#2204=CIRCLE('',#6402,0.199999999999994);
#2205=CIRCLE('',#6403,0.199999999999996);
#2206=CIRCLE('',#6405,0.200000000000009);
#2207=CIRCLE('',#6406,0.200000000000008);
#2208=CIRCLE('',#6407,0.199999999999996);
#2209=CIRCLE('',#6412,0.199999999999996);
#2210=CIRCLE('',#6414,0.199999999999996);
#2211=CIRCLE('',#6415,21.7719541548158);
#2212=CIRCLE('',#6417,0.199999999999996);
#2213=CIRCLE('',#6419,0.199999999999996);
#2214=CIRCLE('',#6420,31.7719541548157);
#2215=CIRCLE('',#6422,0.199999999999996);
#2216=CIRCLE('',#6423,0.199999999999996);
#2217=CIRCLE('',#6424,0.228045845184237);
#2218=CIRCLE('',#6426,0.199999999999996);
#2219=CIRCLE('',#6427,0.199999999999996);
#2220=CIRCLE('',#6428,0.228045845184256);
#2221=CIRCLE('',#6430,0.199999999999996);
#2222=CIRCLE('',#6432,0.199999999999996);
#2223=CIRCLE('',#6433,21.771954154816);
#2224=CIRCLE('',#6435,0.199999999999996);
#2225=CIRCLE('',#6436,0.199999999999996);
#2226=CIRCLE('',#6437,0.228045845184254);
#2227=CIRCLE('',#6439,0.199999999999996);
#2228=CIRCLE('',#6440,0.199999999999996);
#2229=CIRCLE('',#6441,0.228045845184237);
#2230=CIRCLE('',#6443,0.199999999999996);
#2231=CIRCLE('',#6445,0.199999999999996);
#2232=CIRCLE('',#6446,31.7719541548159);
#2233=CIRCLE('',#6448,0.199999999999996);
#2234=CIRCLE('',#6450,21.7719541548158);
#2235=CIRCLE('',#6454,20.0976910771913);
#2236=CIRCLE('',#6455,20.0120614758428);
#2237=CIRCLE('',#6457,0.987938524157186);
#2238=CIRCLE('',#6458,0.902308922808756);
#2239=CIRCLE('',#6461,0.987938524157189);
#2240=CIRCLE('',#6464,10.0120614758429);
#2241=CIRCLE('',#6467,10.0120614758431);
#2242=CIRCLE('',#6470,0.987938524157188);
#2243=CIRCLE('',#6473,0.199999999999998);
#2244=CIRCLE('',#6474,0.199999999999999);
#2245=CIRCLE('',#6476,0.199999999999996);
#2246=CIRCLE('',#6479,0.2);
#2247=CIRCLE('',#6480,0.2);
#2248=CIRCLE('',#6481,0.200000000000003);
#2249=CIRCLE('',#6483,0.2);
#2250=CIRCLE('',#6485,0.2);
#2251=CIRCLE('',#6486,20.);
#2252=CIRCLE('',#6487,20.2);
#2253=CIRCLE('',#6489,0.2);
#2254=CIRCLE('',#6491,0.2);
#2255=CIRCLE('',#6492,30.0000000000001);
#2256=CIRCLE('',#6493,30.2000000000001);
#2257=CIRCLE('',#6495,0.2);
#2258=CIRCLE('',#6497,0.2);
#2259=CIRCLE('',#6498,2.00000000000001);
#2260=CIRCLE('',#6499,1.80000000000001);
#2261=CIRCLE('',#6501,0.2);
#2262=CIRCLE('',#6503,0.2);
#2263=CIRCLE('',#6504,2.00000000000002);
#2264=CIRCLE('',#6505,1.80000000000002);
#2265=CIRCLE('',#6507,0.2);
#2266=CIRCLE('',#6509,0.2);
#2267=CIRCLE('',#6510,20.0000000000002);
#2268=CIRCLE('',#6511,20.2000000000002);
#2269=CIRCLE('',#6513,0.2);
#2270=CIRCLE('',#6515,0.2);
#2271=CIRCLE('',#6516,2.00000000000002);
#2272=CIRCLE('',#6517,1.80000000000002);
#2273=CIRCLE('',#6519,0.2);
#2274=CIRCLE('',#6521,0.2);
#2275=CIRCLE('',#6522,2.00000000000001);
#2276=CIRCLE('',#6523,1.80000000000001);
#2277=CIRCLE('',#6525,0.2);
#2278=CIRCLE('',#6527,0.2);
#2279=CIRCLE('',#6528,29.9999999999999);
#2280=CIRCLE('',#6529,30.1999999999999);
#2281=CIRCLE('',#6531,0.2);
#2282=CIRCLE('',#6533,0.2);
#2283=CIRCLE('',#6534,20.);
#2284=CIRCLE('',#6535,20.2);
#2285=CIRCLE('',#6537,0.2);
#2286=CIRCLE('',#6539,0.2);
#2287=CIRCLE('',#6540,1.);
#2288=CIRCLE('',#6541,0.8);
#2289=CIRCLE('',#6543,0.2);
#2290=CIRCLE('',#6545,0.2);
#2291=CIRCLE('',#6546,1.);
#2292=CIRCLE('',#6547,0.800000000000002);
#2293=CIRCLE('',#6549,0.2);
#2294=CIRCLE('',#6551,0.2);
#2295=CIRCLE('',#6552,10.0000000000003);
#2296=CIRCLE('',#6553,10.2000000000003);
#2297=CIRCLE('',#6555,0.2);
#2298=CIRCLE('',#6557,0.2);
#2299=CIRCLE('',#6558,10.);
#2300=CIRCLE('',#6559,10.2);
#2301=CIRCLE('',#6561,0.2);
#2302=CIRCLE('',#6563,0.2);
#2303=CIRCLE('',#6564,1.);
#2304=CIRCLE('',#6565,0.800000000000004);
#2305=CIRCLE('',#6567,0.2);
#2306=CIRCLE('',#6569,0.999999999999996);
#2307=CIRCLE('',#6570,0.799999999999996);
#2308=CIRCLE('',#6573,29.9999999999999);
#2309=CIRCLE('',#6576,20.);
#2310=CIRCLE('',#6579,1.);
#2311=CIRCLE('',#6582,1.);
#2312=CIRCLE('',#6585,10.0000000000003);
#2313=CIRCLE('',#6588,10.);
#2314=CIRCLE('',#6591,1.);
#2315=CIRCLE('',#6594,0.999999999999996);
#2316=CIRCLE('',#6596,0.200000000000006);
#2317=CIRCLE('',#6598,31.9999999999999);
#2318=CIRCLE('',#6599,22.);
#2319=CIRCLE('',#6600,12.0000000000003);
#2320=CIRCLE('',#6601,12.);
#2321=CIRCLE('',#6602,22.);
#2322=CIRCLE('',#6603,32.0000000000001);
#2323=CIRCLE('',#6604,22.0000000000003);
#2324=CIRCLE('',#6607,20.);
#2325=CIRCLE('',#6608,0.200000000000005);
#2326=CIRCLE('',#6610,0.2);
#2327=CIRCLE('',#6612,30.0000000000001);
#2328=CIRCLE('',#6613,0.200000000000001);
#2329=CIRCLE('',#6614,30.012061475843);
#2330=CIRCLE('',#6616,0.200000000000001);
#2331=CIRCLE('',#6618,2.00000000000001);
#2332=CIRCLE('',#6619,0.199999999999994);
#2333=CIRCLE('',#6620,1.98793852415719);
#2334=CIRCLE('',#6622,0.199999999999997);
#2335=CIRCLE('',#6624,2.00000000000002);
#2336=CIRCLE('',#6625,0.200000000000006);
#2337=CIRCLE('',#6626,1.98793852415721);
#2338=CIRCLE('',#6628,0.200000000000005);
#2339=CIRCLE('',#6630,20.0000000000002);
#2340=CIRCLE('',#6631,0.200000000000005);
#2341=CIRCLE('',#6632,20.0120614758431);
#2342=CIRCLE('',#6634,0.200000000000006);
#2343=CIRCLE('',#6636,2.00000000000002);
#2344=CIRCLE('',#6637,0.199999999999994);
#2345=CIRCLE('',#6638,1.98793852415721);
#2346=CIRCLE('',#6640,0.199999999999994);
#2347=CIRCLE('',#6642,2.00000000000001);
#2348=CIRCLE('',#6643,0.200000000000001);
#2349=CIRCLE('',#6644,1.98793852415719);
#2350=CIRCLE('',#6646,0.200000000000001);
#2351=CIRCLE('',#6648,0.2);
#2352=CIRCLE('',#6649,30.0120614758428);
#2353=CIRCLE('',#6651,0.2);
#2354=CIRCLE('',#6653,0.199999999999999);
#2355=CIRCLE('',#6654,20.0120614758428);
#2356=CIRCLE('',#6656,0.199999999999991);
#2357=CIRCLE('',#6658,0.199999999999999);
#2358=CIRCLE('',#6659,0.987938524157179);
#2359=CIRCLE('',#6661,0.200000000000002);
#2360=CIRCLE('',#6663,0.2);
#2361=CIRCLE('',#6665,0.199999999999999);
#2362=CIRCLE('',#6667,0.199999999999996);
#2363=CIRCLE('',#6669,0.199999999999996);
#2364=CIRCLE('',#6671,0.200000000000001);
#2365=CIRCLE('',#6673,0.2);
#2366=CIRCLE('',#6675,0.199999999999993);
#2367=CIRCLE('',#6692,12.0000000000003);
#2368=CIRCLE('',#6693,22.);
#2369=CIRCLE('',#6694,31.9999999999999);
#2370=CIRCLE('',#6695,22.0000000000003);
#2371=CIRCLE('',#6696,32.0000000000001);
#2372=CIRCLE('',#6697,22.);
#2373=CIRCLE('',#6698,12.);
#2374=CIRCLE('',#6699,1.00000000000001);
#2375=CIRCLE('',#6738,1.00000000000001);
#2376=CIRCLE('',#6746,2.5);
#2377=CIRCLE('',#6747,1.6);
#2378=CIRCLE('',#6749,2.5);
#2379=CIRCLE('',#6750,1.6);
#2380=CIRCLE('',#6757,0.999999999999996);
#2381=CIRCLE('',#6758,0.999999999999996);
#2382=CIRCLE('',#6759,1.35);
#2383=CIRCLE('',#6760,1.);
#2384=CIRCLE('',#6761,1.00000000000001);
#2385=CIRCLE('',#6762,1.35);
#2386=CIRCLE('',#6763,0.991083364698055);
#2387=CIRCLE('',#6764,1.35);
#2388=CIRCLE('',#6766,1.35);
#2389=CIRCLE('',#6769,0.999999999999996);
#2390=CIRCLE('',#6772,0.999999999999996);
#2391=CIRCLE('',#6774,0.991083364698055);
#2392=CIRCLE('',#6776,1.35);
#2393=CIRCLE('',#6778,1.35);
#2394=CIRCLE('',#6781,1.);
#2395=CIRCLE('',#6784,1.00000000000001);
#2396=CIRCLE('',#6788,0.999999999999996);
#2397=CIRCLE('',#6789,0.999999999999999);
#2398=CIRCLE('',#6790,1.00000000000001);
#2399=CIRCLE('',#6791,0.999999999999988);
#2400=CIRCLE('',#6792,0.999999999999996);
#2401=CIRCLE('',#6793,1.00000000000001);
#2402=CIRCLE('',#6794,1.);
#2403=CIRCLE('',#6795,1.35);
#2404=CIRCLE('',#6796,0.999999999999996);
#2405=CIRCLE('',#6798,1.);
#2406=CIRCLE('',#6801,1.00000000000001);
#2407=CIRCLE('',#6804,0.999999999999996);
#2408=CIRCLE('',#6807,0.999999999999999);
#2409=CIRCLE('',#6810,0.999999999999996);
#2410=CIRCLE('',#6813,1.35);
#2411=CIRCLE('',#6816,0.999999999999996);
#2412=CIRCLE('',#6819,1.00000000000001);
#2413=CIRCLE('',#6822,0.999999999999988);
#2414=CIRCLE('',#6827,1.00000000000001);
#2415=CIRCLE('',#6828,1.00000000000001);
#2416=CIRCLE('',#6831,1.);
#2417=CIRCLE('',#6832,1.);
#2418=CIRCLE('',#6835,1.35);
#2419=CIRCLE('',#6836,1.35);
#2420=CIRCLE('',#6839,0.999999999999996);
#2421=CIRCLE('',#6840,0.999999999999996);
#2422=CIRCLE('',#6843,0.999999999999996);
#2423=CIRCLE('',#6844,0.999999999999996);
#2424=CIRCLE('',#6847,0.999999999999999);
#2425=CIRCLE('',#6848,0.999999999999999);
#2426=CIRCLE('',#6851,1.00000000000001);
#2427=CIRCLE('',#6852,1.00000000000001);
#2428=CIRCLE('',#6855,0.999999999999988);
#2429=CIRCLE('',#6856,0.999999999999988);
#2430=CIRCLE('',#6859,0.999999999999996);
#2431=CIRCLE('',#6860,0.999999999999996);
#2432=CIRCLE('',#6865,1.00000000000001);
#2433=CIRCLE('',#6866,1.00000000000001);
#2434=CIRCLE('',#6869,1.);
#2435=CIRCLE('',#6870,1.);
#2436=CIRCLE('',#6873,1.35);
#2437=CIRCLE('',#6874,1.35);
#2438=CIRCLE('',#6877,0.999999999999996);
#2439=CIRCLE('',#6878,0.999999999999996);
#2440=CIRCLE('',#6881,0.999999999999996);
#2441=CIRCLE('',#6882,0.999999999999996);
#2442=CIRCLE('',#6885,0.999999999999999);
#2443=CIRCLE('',#6886,0.999999999999999);
#2444=CIRCLE('',#6889,1.00000000000001);
#2445=CIRCLE('',#6890,1.00000000000001);
#2446=CIRCLE('',#6893,0.999999999999988);
#2447=CIRCLE('',#6894,0.999999999999988);
#2448=CIRCLE('',#6897,0.999999999999996);
#2449=CIRCLE('',#6898,0.999999999999996);
#2450=VERTEX_POINT('',#8827);
#2451=VERTEX_POINT('',#8829);
#2452=VERTEX_POINT('',#8833);
#2453=VERTEX_POINT('',#8834);
#2454=VERTEX_POINT('',#8836);
#2455=VERTEX_POINT('',#8838);
#2456=VERTEX_POINT('',#8842);
#2457=VERTEX_POINT('',#8844);
#2458=VERTEX_POINT('',#8848);
#2459=VERTEX_POINT('',#8849);
#2460=VERTEX_POINT('',#8851);
#2461=VERTEX_POINT('',#8853);
#2462=VERTEX_POINT('',#8862);
#2463=VERTEX_POINT('',#8863);
#2464=VERTEX_POINT('',#8865);
#2465=VERTEX_POINT('',#8867);
#2466=VERTEX_POINT('',#8871);
#2467=VERTEX_POINT('',#8873);
#2468=VERTEX_POINT('',#8877);
#2469=VERTEX_POINT('',#8878);
#2470=VERTEX_POINT('',#8880);
#2471=VERTEX_POINT('',#8882);
#2472=VERTEX_POINT('',#8891);
#2473=VERTEX_POINT('',#8893);
#2474=VERTEX_POINT('',#8895);
#2475=VERTEX_POINT('',#8897);
#2476=VERTEX_POINT('',#8900);
#2477=VERTEX_POINT('',#8901);
#2478=VERTEX_POINT('',#8903);
#2479=VERTEX_POINT('',#8905);
#2480=VERTEX_POINT('',#8907);
#2481=VERTEX_POINT('',#8909);
#2482=VERTEX_POINT('',#8911);
#2483=VERTEX_POINT('',#8913);
#2484=VERTEX_POINT('',#8917);
#2485=VERTEX_POINT('',#8919);
#2486=VERTEX_POINT('',#8923);
#2487=VERTEX_POINT('',#8924);
#2488=VERTEX_POINT('',#8926);
#2489=VERTEX_POINT('',#8928);
#2490=VERTEX_POINT('',#8932);
#2491=VERTEX_POINT('',#8933);
#2492=VERTEX_POINT('',#8935);
#2493=VERTEX_POINT('',#8937);
#2494=VERTEX_POINT('',#8946);
#2495=VERTEX_POINT('',#8947);
#2496=VERTEX_POINT('',#8949);
#2497=VERTEX_POINT('',#8951);
#2498=VERTEX_POINT('',#8955);
#2499=VERTEX_POINT('',#8957);
#2500=VERTEX_POINT('',#8961);
#2501=VERTEX_POINT('',#8963);
#2502=VERTEX_POINT('',#8967);
#2503=VERTEX_POINT('',#8969);
#2504=VERTEX_POINT('',#8973);
#2505=VERTEX_POINT('',#8975);
#2506=VERTEX_POINT('',#8979);
#2507=VERTEX_POINT('',#8981);
#2508=VERTEX_POINT('',#8985);
#2509=VERTEX_POINT('',#8987);
#2510=VERTEX_POINT('',#8994);
#2511=VERTEX_POINT('',#8996);
#2512=VERTEX_POINT('',#9000);
#2513=VERTEX_POINT('',#9004);
#2514=VERTEX_POINT('',#9008);
#2515=VERTEX_POINT('',#9012);
#2516=VERTEX_POINT('',#9016);
#2517=VERTEX_POINT('',#9020);
#2518=VERTEX_POINT('',#9026);
#2519=VERTEX_POINT('',#9027);
#2520=VERTEX_POINT('',#9029);
#2521=VERTEX_POINT('',#9031);
#2522=VERTEX_POINT('',#9035);
#2523=VERTEX_POINT('',#9037);
#2524=VERTEX_POINT('',#9041);
#2525=VERTEX_POINT('',#9043);
#2526=VERTEX_POINT('',#9047);
#2527=VERTEX_POINT('',#9049);
#2528=VERTEX_POINT('',#9053);
#2529=VERTEX_POINT('',#9055);
#2530=VERTEX_POINT('',#9059);
#2531=VERTEX_POINT('',#9061);
#2532=VERTEX_POINT('',#9065);
#2533=VERTEX_POINT('',#9067);
#2534=VERTEX_POINT('',#9074);
#2535=VERTEX_POINT('',#9075);
#2536=VERTEX_POINT('',#9077);
#2537=VERTEX_POINT('',#9079);
#2538=VERTEX_POINT('',#9083);
#2539=VERTEX_POINT('',#9085);
#2540=VERTEX_POINT('',#9089);
#2541=VERTEX_POINT('',#9091);
#2542=VERTEX_POINT('',#9095);
#2543=VERTEX_POINT('',#9097);
#2544=VERTEX_POINT('',#9101);
#2545=VERTEX_POINT('',#9103);
#2546=VERTEX_POINT('',#9107);
#2547=VERTEX_POINT('',#9109);
#2548=VERTEX_POINT('',#9113);
#2549=VERTEX_POINT('',#9115);
#2550=VERTEX_POINT('',#9122);
#2551=VERTEX_POINT('',#9123);
#2552=VERTEX_POINT('',#9125);
#2553=VERTEX_POINT('',#9127);
#2554=VERTEX_POINT('',#9131);
#2555=VERTEX_POINT('',#9133);
#2556=VERTEX_POINT('',#9137);
#2557=VERTEX_POINT('',#9139);
#2558=VERTEX_POINT('',#9143);
#2559=VERTEX_POINT('',#9145);
#2560=VERTEX_POINT('',#9149);
#2561=VERTEX_POINT('',#9151);
#2562=VERTEX_POINT('',#9155);
#2563=VERTEX_POINT('',#9157);
#2564=VERTEX_POINT('',#9161);
#2565=VERTEX_POINT('',#9163);
#2566=VERTEX_POINT('',#9170);
#2567=VERTEX_POINT('',#9171);
#2568=VERTEX_POINT('',#9173);
#2569=VERTEX_POINT('',#9175);
#2570=VERTEX_POINT('',#9179);
#2571=VERTEX_POINT('',#9181);
#2572=VERTEX_POINT('',#9185);
#2573=VERTEX_POINT('',#9187);
#2574=VERTEX_POINT('',#9191);
#2575=VERTEX_POINT('',#9193);
#2576=VERTEX_POINT('',#9197);
#2577=VERTEX_POINT('',#9199);
#2578=VERTEX_POINT('',#9203);
#2579=VERTEX_POINT('',#9204);
#2580=VERTEX_POINT('',#9206);
#2581=VERTEX_POINT('',#9208);
#2582=VERTEX_POINT('',#9212);
#2583=VERTEX_POINT('',#9214);
#2584=VERTEX_POINT('',#9218);
#2585=VERTEX_POINT('',#9220);
#2586=VERTEX_POINT('',#9227);
#2587=VERTEX_POINT('',#9228);
#2588=VERTEX_POINT('',#9230);
#2589=VERTEX_POINT('',#9232);
#2590=VERTEX_POINT('',#9236);
#2591=VERTEX_POINT('',#9238);
#2592=VERTEX_POINT('',#9242);
#2593=VERTEX_POINT('',#9244);
#2594=VERTEX_POINT('',#9248);
#2595=VERTEX_POINT('',#9250);
#2596=VERTEX_POINT('',#9254);
#2597=VERTEX_POINT('',#9256);
#2598=VERTEX_POINT('',#9260);
#2599=VERTEX_POINT('',#9262);
#2600=VERTEX_POINT('',#9266);
#2601=VERTEX_POINT('',#9268);
#2602=VERTEX_POINT('',#9275);
#2603=VERTEX_POINT('',#9279);
#2604=VERTEX_POINT('',#9280);
#2605=VERTEX_POINT('',#9282);
#2606=VERTEX_POINT('',#9284);
#2607=VERTEX_POINT('',#9286);
#2608=VERTEX_POINT('',#9288);
#2609=VERTEX_POINT('',#9290);
#2610=VERTEX_POINT('',#9292);
#2611=VERTEX_POINT('',#9294);
#2612=VERTEX_POINT('',#9296);
#2613=VERTEX_POINT('',#9298);
#2614=VERTEX_POINT('',#9300);
#2615=VERTEX_POINT('',#9302);
#2616=VERTEX_POINT('',#9304);
#2617=VERTEX_POINT('',#9306);
#2618=VERTEX_POINT('',#9308);
#2619=VERTEX_POINT('',#9310);
#2620=VERTEX_POINT('',#9312);
#2621=VERTEX_POINT('',#9314);
#2622=VERTEX_POINT('',#9316);
#2623=VERTEX_POINT('',#9318);
#2624=VERTEX_POINT('',#9320);
#2625=VERTEX_POINT('',#9322);
#2626=VERTEX_POINT('',#9324);
#2627=VERTEX_POINT('',#9326);
#2628=VERTEX_POINT('',#9329);
#2629=VERTEX_POINT('',#9330);
#2630=VERTEX_POINT('',#9332);
#2631=VERTEX_POINT('',#9334);
#2632=VERTEX_POINT('',#9338);
#2633=VERTEX_POINT('',#9340);
#2634=VERTEX_POINT('',#9344);
#2635=VERTEX_POINT('',#9346);
#2636=VERTEX_POINT('',#9350);
#2637=VERTEX_POINT('',#9355);
#2638=VERTEX_POINT('',#9357);
#2639=VERTEX_POINT('',#9361);
#2640=VERTEX_POINT('',#9363);
#2641=VERTEX_POINT('',#9367);
#2642=VERTEX_POINT('',#9371);
#2643=VERTEX_POINT('',#9378);
#2644=VERTEX_POINT('',#9380);
#2645=VERTEX_POINT('',#9384);
#2646=VERTEX_POINT('',#9385);
#2647=VERTEX_POINT('',#9390);
#2648=VERTEX_POINT('',#9392);
#2649=VERTEX_POINT('',#9396);
#2650=VERTEX_POINT('',#9397);
#2651=VERTEX_POINT('',#9402);
#2652=VERTEX_POINT('',#9406);
#2653=VERTEX_POINT('',#9410);
#2654=VERTEX_POINT('',#9414);
#2655=VERTEX_POINT('',#9420);
#2656=VERTEX_POINT('',#9422);
#2657=VERTEX_POINT('',#9445);
#2658=VERTEX_POINT('',#9446);
#2659=VERTEX_POINT('',#9496);
#2660=VERTEX_POINT('',#9498);
#2661=VERTEX_POINT('',#9502);
#2662=VERTEX_POINT('',#9503);
#2663=VERTEX_POINT('',#9510);
#2664=VERTEX_POINT('',#9514);
#2665=VERTEX_POINT('',#9518);
#2666=VERTEX_POINT('',#9522);
#2667=VERTEX_POINT('',#9526);
#2668=VERTEX_POINT('',#9538);
#2669=VERTEX_POINT('',#9542);
#2670=VERTEX_POINT('',#9554);
#2671=VERTEX_POINT('',#9558);
#2672=VERTEX_POINT('',#9562);
#2673=VERTEX_POINT('',#9566);
#2674=VERTEX_POINT('',#9578);
#2675=VERTEX_POINT('',#9582);
#2676=VERTEX_POINT('',#9594);
#2677=VERTEX_POINT('',#9598);
#2678=VERTEX_POINT('',#9602);
#2679=VERTEX_POINT('',#9606);
#2680=VERTEX_POINT('',#9614);
#2681=VERTEX_POINT('',#9616);
#2682=VERTEX_POINT('',#9620);
#2683=VERTEX_POINT('',#9622);
#2684=VERTEX_POINT('',#9624);
#2685=VERTEX_POINT('',#9633);
#2686=VERTEX_POINT('',#9639);
#2687=VERTEX_POINT('',#9641);
#2688=VERTEX_POINT('',#9643);
#2689=VERTEX_POINT('',#9648);
#2690=VERTEX_POINT('',#9659);
#2691=VERTEX_POINT('',#9663);
#2692=VERTEX_POINT('',#9667);
#2693=VERTEX_POINT('',#9671);
#2694=VERTEX_POINT('',#9675);
#2695=VERTEX_POINT('',#9679);
#2696=VERTEX_POINT('',#9683);
#2697=VERTEX_POINT('',#9687);
#2698=VERTEX_POINT('',#9691);
#2699=VERTEX_POINT('',#9730);
#2700=VERTEX_POINT('',#9731);
#2701=VERTEX_POINT('',#9733);
#2702=VERTEX_POINT('',#9741);
#2703=VERTEX_POINT('',#9921);
#2704=VERTEX_POINT('',#9923);
#2705=VERTEX_POINT('',#9925);
#2706=VERTEX_POINT('',#9927);
#2707=VERTEX_POINT('',#9937);
#2708=VERTEX_POINT('',#9939);
#2709=VERTEX_POINT('',#9943);
#2710=VERTEX_POINT('',#9947);
#2711=VERTEX_POINT('',#9948);
#2712=VERTEX_POINT('',#9953);
#2713=VERTEX_POINT('',#9954);
#2714=VERTEX_POINT('',#9959);
#2715=VERTEX_POINT('',#9960);
#2716=VERTEX_POINT('',#9965);
#2717=VERTEX_POINT('',#9966);
#2718=VERTEX_POINT('',#9971);
#2719=VERTEX_POINT('',#9972);
#2720=VERTEX_POINT('',#9977);
#2721=VERTEX_POINT('',#9978);
#2722=VERTEX_POINT('',#9983);
#2723=VERTEX_POINT('',#9984);
#2724=VERTEX_POINT('',#9989);
#2725=VERTEX_POINT('',#9990);
#2726=VERTEX_POINT('',#9995);
#2727=VERTEX_POINT('',#9996);
#2728=VERTEX_POINT('',#10001);
#2729=VERTEX_POINT('',#10002);
#2730=VERTEX_POINT('',#10007);
#2731=VERTEX_POINT('',#10008);
#2732=VERTEX_POINT('',#10013);
#2733=VERTEX_POINT('',#10014);
#2734=VERTEX_POINT('',#10019);
#2735=VERTEX_POINT('',#10020);
#2736=VERTEX_POINT('',#10025);
#2737=VERTEX_POINT('',#10026);
#2738=VERTEX_POINT('',#10031);
#2739=VERTEX_POINT('',#10032);
#2740=VERTEX_POINT('',#10037);
#2741=VERTEX_POINT('',#10038);
#2742=VERTEX_POINT('',#10043);
#2743=VERTEX_POINT('',#10044);
#2744=VERTEX_POINT('',#10049);
#2745=VERTEX_POINT('',#10050);
#2746=VERTEX_POINT('',#10055);
#2747=VERTEX_POINT('',#10056);
#2748=VERTEX_POINT('',#10061);
#2749=VERTEX_POINT('',#10062);
#2750=VERTEX_POINT('',#10067);
#2751=VERTEX_POINT('',#10068);
#2752=VERTEX_POINT('',#10073);
#2753=VERTEX_POINT('',#10074);
#2754=VERTEX_POINT('',#10079);
#2755=VERTEX_POINT('',#10080);
#2756=VERTEX_POINT('',#10085);
#2757=VERTEX_POINT('',#10086);
#2758=VERTEX_POINT('',#10091);
#2759=VERTEX_POINT('',#10092);
#2760=VERTEX_POINT('',#10097);
#2761=VERTEX_POINT('',#10098);
#2762=VERTEX_POINT('',#10103);
#2763=VERTEX_POINT('',#10104);
#2764=VERTEX_POINT('',#10109);
#2765=VERTEX_POINT('',#10110);
#2766=VERTEX_POINT('',#10118);
#2767=VERTEX_POINT('',#10129);
#2768=VERTEX_POINT('',#10131);
#2769=VERTEX_POINT('',#10135);
#2770=VERTEX_POINT('',#10139);
#2771=VERTEX_POINT('',#10143);
#2772=VERTEX_POINT('',#10147);
#2773=VERTEX_POINT('',#10151);
#2774=VERTEX_POINT('',#10155);
#2775=VERTEX_POINT('',#10159);
#2776=VERTEX_POINT('',#10163);
#2777=VERTEX_POINT('',#10167);
#2778=VERTEX_POINT('',#10171);
#2779=VERTEX_POINT('',#10175);
#2780=VERTEX_POINT('',#10179);
#2781=VERTEX_POINT('',#10183);
#2782=VERTEX_POINT('',#10191);
#2783=VERTEX_POINT('',#10193);
#2784=VERTEX_POINT('',#10195);
#2785=VERTEX_POINT('',#10197);
#2786=VERTEX_POINT('',#10199);
#2787=VERTEX_POINT('',#10201);
#2788=VERTEX_POINT('',#10203);
#2789=VERTEX_POINT('',#10205);
#2790=VERTEX_POINT('',#10207);
#2791=VERTEX_POINT('',#10209);
#2792=VERTEX_POINT('',#10211);
#2793=VERTEX_POINT('',#10213);
#2794=VERTEX_POINT('',#10216);
#2795=VERTEX_POINT('',#10218);
#2796=VERTEX_POINT('',#10220);
#2797=VERTEX_POINT('',#10222);
#2798=VERTEX_POINT('',#10224);
#2799=VERTEX_POINT('',#10227);
#2800=VERTEX_POINT('',#10229);
#2801=VERTEX_POINT('',#10231);
#2802=VERTEX_POINT('',#10236);
#2803=VERTEX_POINT('',#10240);
#2804=VERTEX_POINT('',#10244);
#2805=VERTEX_POINT('',#10246);
#2806=VERTEX_POINT('',#10250);
#2807=VERTEX_POINT('',#10252);
#2808=VERTEX_POINT('',#10256);
#2809=VERTEX_POINT('',#10258);
#2810=VERTEX_POINT('',#10262);
#2811=VERTEX_POINT('',#10264);
#2812=VERTEX_POINT('',#10268);
#2813=VERTEX_POINT('',#10270);
#2814=VERTEX_POINT('',#10274);
#2815=VERTEX_POINT('',#10276);
#2816=VERTEX_POINT('',#10280);
#2817=VERTEX_POINT('',#10282);
#2818=VERTEX_POINT('',#10286);
#2819=VERTEX_POINT('',#10288);
#2820=VERTEX_POINT('',#10292);
#2821=VERTEX_POINT('',#10294);
#2822=VERTEX_POINT('',#10298);
#2823=VERTEX_POINT('',#10300);
#2824=VERTEX_POINT('',#10304);
#2825=VERTEX_POINT('',#10306);
#2826=VERTEX_POINT('',#10311);
#2827=VERTEX_POINT('',#10315);
#2828=VERTEX_POINT('',#10319);
#2829=VERTEX_POINT('',#10323);
#2830=VERTEX_POINT('',#10327);
#2831=VERTEX_POINT('',#10378);
#2832=VERTEX_POINT('',#10379);
#2833=VERTEX_POINT('',#10381);
#2834=VERTEX_POINT('',#10383);
#2835=VERTEX_POINT('',#10385);
#2836=VERTEX_POINT('',#10387);
#2837=VERTEX_POINT('',#10389);
#2838=VERTEX_POINT('',#10391);
#2839=VERTEX_POINT('',#10394);
#2840=VERTEX_POINT('',#10396);
#2841=VERTEX_POINT('',#10398);
#2842=VERTEX_POINT('',#10400);
#2843=VERTEX_POINT('',#10402);
#2844=VERTEX_POINT('',#10404);
#2845=VERTEX_POINT('',#10406);
#2846=VERTEX_POINT('',#10408);
#2847=VERTEX_POINT('',#10410);
#2848=VERTEX_POINT('',#10412);
#2849=VERTEX_POINT('',#10414);
#2850=VERTEX_POINT('',#10417);
#2851=VERTEX_POINT('',#10489);
#2852=VERTEX_POINT('',#10494);
#2853=VERTEX_POINT('',#10498);
#2854=VERTEX_POINT('',#10499);
#2855=VERTEX_POINT('',#10501);
#2856=VERTEX_POINT('',#10503);
#2857=VERTEX_POINT('',#10507);
#2858=VERTEX_POINT('',#10509);
#2859=VERTEX_POINT('',#10513);
#2860=VERTEX_POINT('',#10515);
#2861=VERTEX_POINT('',#10524);
#2862=VERTEX_POINT('',#10525);
#2863=VERTEX_POINT('',#10527);
#2864=VERTEX_POINT('',#10529);
#2865=VERTEX_POINT('',#10532);
#2866=VERTEX_POINT('',#10535);
#2867=VERTEX_POINT('',#10536);
#2868=VERTEX_POINT('',#10538);
#2869=VERTEX_POINT('',#10540);
#2870=VERTEX_POINT('',#10543);
#2871=VERTEX_POINT('',#10556);
#2872=VERTEX_POINT('',#10557);
#2873=VERTEX_POINT('',#10559);
#2874=VERTEX_POINT('',#10561);
#2875=VERTEX_POINT('',#10563);
#2876=VERTEX_POINT('',#10565);
#2877=VERTEX_POINT('',#10567);
#2878=VERTEX_POINT('',#10569);
#2879=VERTEX_POINT('',#10571);
#2880=VERTEX_POINT('',#10573);
#2881=VERTEX_POINT('',#10576);
#2882=VERTEX_POINT('',#10578);
#2883=VERTEX_POINT('',#10580);
#2884=VERTEX_POINT('',#10583);
#2885=VERTEX_POINT('',#10585);
#2886=VERTEX_POINT('',#10589);
#2887=VERTEX_POINT('',#10593);
#2888=VERTEX_POINT('',#10597);
#2889=VERTEX_POINT('',#10601);
#2890=VERTEX_POINT('',#10605);
#2891=VERTEX_POINT('',#10609);
#2892=VERTEX_POINT('',#10613);
#2893=VERTEX_POINT('',#10617);
#2894=VERTEX_POINT('',#10621);
#2895=VERTEX_POINT('',#10625);
#2896=VERTEX_POINT('',#10629);
#2897=VERTEX_POINT('',#10636);
#2898=VERTEX_POINT('',#10637);
#2899=VERTEX_POINT('',#10639);
#2900=VERTEX_POINT('',#10641);
#2901=VERTEX_POINT('',#10643);
#2902=VERTEX_POINT('',#10645);
#2903=VERTEX_POINT('',#10647);
#2904=VERTEX_POINT('',#10649);
#2905=VERTEX_POINT('',#10652);
#2906=VERTEX_POINT('',#10653);
#2907=VERTEX_POINT('',#10655);
#2908=VERTEX_POINT('',#10657);
#2909=VERTEX_POINT('',#10659);
#2910=VERTEX_POINT('',#10661);
#2911=VERTEX_POINT('',#10663);
#2912=VERTEX_POINT('',#10665);
#2913=VERTEX_POINT('',#10667);
#2914=VERTEX_POINT('',#10669);
#2915=VERTEX_POINT('',#10673);
#2916=VERTEX_POINT('',#10675);
#2917=VERTEX_POINT('',#10679);
#2918=VERTEX_POINT('',#10683);
#2919=VERTEX_POINT('',#10687);
#2920=VERTEX_POINT('',#10691);
#2921=VERTEX_POINT('',#10695);
#2922=VERTEX_POINT('',#10697);
#2923=VERTEX_POINT('',#10701);
#2924=VERTEX_POINT('',#10705);
#2925=VERTEX_POINT('',#10709);
#2926=VERTEX_POINT('',#10713);
#2927=VERTEX_POINT('',#10717);
#2928=VERTEX_POINT('',#10721);
#2929=VERTEX_POINT('',#10725);
#2930=VERTEX_POINT('',#10731);
#2931=VERTEX_POINT('',#10735);
#2932=VERTEX_POINT('',#10739);
#2933=VERTEX_POINT('',#10746);
#2934=VERTEX_POINT('',#10747);
#2935=VERTEX_POINT('',#10749);
#2936=VERTEX_POINT('',#10751);
#2937=VERTEX_POINT('',#10755);
#2938=VERTEX_POINT('',#10757);
#2939=VERTEX_POINT('',#10761);
#2940=VERTEX_POINT('',#10763);
#2941=VERTEX_POINT('',#10767);
#2942=VERTEX_POINT('',#10769);
#2943=VERTEX_POINT('',#10773);
#2944=VERTEX_POINT('',#10775);
#2945=VERTEX_POINT('',#10779);
#2946=VERTEX_POINT('',#10781);
#2947=VERTEX_POINT('',#10785);
#2948=VERTEX_POINT('',#10787);
#2949=VERTEX_POINT('',#10791);
#2950=VERTEX_POINT('',#10793);
#2951=VERTEX_POINT('',#10797);
#2952=VERTEX_POINT('',#10799);
#2953=VERTEX_POINT('',#10806);
#2954=VERTEX_POINT('',#10807);
#2955=VERTEX_POINT('',#10809);
#2956=VERTEX_POINT('',#10811);
#2957=VERTEX_POINT('',#10815);
#2958=VERTEX_POINT('',#10817);
#2959=VERTEX_POINT('',#10821);
#2960=VERTEX_POINT('',#10823);
#2961=VERTEX_POINT('',#10827);
#2962=VERTEX_POINT('',#10829);
#2963=VERTEX_POINT('',#10833);
#2964=VERTEX_POINT('',#10835);
#2965=VERTEX_POINT('',#10839);
#2966=VERTEX_POINT('',#10841);
#2967=VERTEX_POINT('',#10845);
#2968=VERTEX_POINT('',#10847);
#2969=VERTEX_POINT('',#10856);
#2970=VERTEX_POINT('',#10857);
#2971=VERTEX_POINT('',#10859);
#2972=VERTEX_POINT('',#10861);
#2973=VERTEX_POINT('',#10865);
#2974=VERTEX_POINT('',#10867);
#2975=VERTEX_POINT('',#10871);
#2976=VERTEX_POINT('',#10873);
#2977=VERTEX_POINT('',#10877);
#2978=VERTEX_POINT('',#10879);
#2979=VERTEX_POINT('',#10883);
#2980=VERTEX_POINT('',#10885);
#2981=VERTEX_POINT('',#10889);
#2982=VERTEX_POINT('',#10891);
#2983=VERTEX_POINT('',#10895);
#2984=VERTEX_POINT('',#10897);
#2985=VERTEX_POINT('',#10901);
#2986=VERTEX_POINT('',#10903);
#2987=VERTEX_POINT('',#10907);
#2988=VERTEX_POINT('',#10909);
#2989=VERTEX_POINT('',#10916);
#2990=VERTEX_POINT('',#10917);
#2991=VERTEX_POINT('',#10919);
#2992=VERTEX_POINT('',#10921);
#2993=VERTEX_POINT('',#10925);
#2994=VERTEX_POINT('',#10927);
#2995=VERTEX_POINT('',#10931);
#2996=VERTEX_POINT('',#10933);
#2997=VERTEX_POINT('',#10937);
#2998=VERTEX_POINT('',#10939);
#2999=VERTEX_POINT('',#10943);
#3000=VERTEX_POINT('',#10945);
#3001=VERTEX_POINT('',#10949);
#3002=VERTEX_POINT('',#10951);
#3003=VERTEX_POINT('',#10955);
#3004=VERTEX_POINT('',#10957);
#3005=EDGE_CURVE('',#2450,#2450,#2102,.T.);
#3006=EDGE_CURVE('',#2450,#2451,#1050,.T.);
#3007=EDGE_CURVE('',#2451,#2451,#2103,.T.);
#3008=EDGE_CURVE('',#2452,#2453,#1051,.T.);
#3009=EDGE_CURVE('',#2452,#2454,#1052,.T.);
#3010=EDGE_CURVE('',#2455,#2454,#1053,.T.);
#3011=EDGE_CURVE('',#2453,#2455,#1054,.T.);
#3012=EDGE_CURVE('',#2453,#2456,#1055,.T.);
#3013=EDGE_CURVE('',#2457,#2455,#1056,.T.);
#3014=EDGE_CURVE('',#2456,#2457,#1057,.T.);
#3015=EDGE_CURVE('',#2458,#2459,#1058,.T.);
#3016=EDGE_CURVE('',#2460,#2459,#1059,.T.);
#3017=EDGE_CURVE('',#2461,#2460,#1060,.T.);
#3018=EDGE_CURVE('',#2458,#2461,#1061,.T.);
#3019=EDGE_CURVE('',#2452,#2458,#2104,.T.);
#3020=EDGE_CURVE('',#2454,#2461,#2105,.T.);
#3021=EDGE_CURVE('',#2457,#2460,#1062,.T.);
#3022=EDGE_CURVE('',#2462,#2463,#1063,.T.);
#3023=EDGE_CURVE('',#2464,#2462,#1064,.T.);
#3024=EDGE_CURVE('',#2464,#2465,#1065,.T.);
#3025=EDGE_CURVE('',#2463,#2465,#1066,.T.);
#3026=EDGE_CURVE('',#2466,#2466,#2106,.T.);
#3027=EDGE_CURVE('',#2466,#2467,#1067,.T.);
#3028=EDGE_CURVE('',#2467,#2467,#2107,.T.);
#3029=EDGE_CURVE('',#2468,#2469,#1068,.T.);
#3030=EDGE_CURVE('',#2470,#2468,#1069,.T.);
#3031=EDGE_CURVE('',#2471,#2470,#1070,.T.);
#3032=EDGE_CURVE('',#2471,#2469,#1071,.T.);
#3033=EDGE_CURVE('',#2464,#2471,#2108,.T.);
#3034=EDGE_CURVE('',#2465,#2470,#2109,.T.);
#3035=EDGE_CURVE('',#2463,#2468,#1072,.T.);
#3036=EDGE_CURVE('',#2469,#2472,#1073,.T.);
#3037=EDGE_CURVE('',#2472,#2473,#1074,.T.);
#3038=EDGE_CURVE('',#2474,#2473,#1075,.T.);
#3039=EDGE_CURVE('',#2475,#2474,#1076,.T.);
#3040=EDGE_CURVE('',#2475,#2462,#1077,.T.);
#3041=EDGE_CURVE('',#2476,#2477,#1078,.T.);
#3042=EDGE_CURVE('',#2477,#2478,#2110,.T.);
#3043=EDGE_CURVE('',#2478,#2479,#1079,.T.);
#3044=EDGE_CURVE('',#2479,#2480,#2111,.T.);
#3045=EDGE_CURVE('',#2480,#2481,#1080,.T.);
#3046=EDGE_CURVE('',#2481,#2482,#2112,.T.);
#3047=EDGE_CURVE('',#2482,#2483,#1081,.T.);
#3048=EDGE_CURVE('',#2483,#2476,#2113,.T.);
#3049=EDGE_CURVE('',#2484,#2484,#2114,.T.);
#3050=EDGE_CURVE('',#2484,#2485,#1082,.T.);
#3051=EDGE_CURVE('',#2485,#2485,#2115,.T.);
#3052=EDGE_CURVE('',#2486,#2487,#1083,.T.);
#3053=EDGE_CURVE('',#2486,#2488,#1084,.T.);
#3054=EDGE_CURVE('',#2489,#2488,#1085,.T.);
#3055=EDGE_CURVE('',#2487,#2489,#1086,.T.);
#3056=EDGE_CURVE('',#2490,#2491,#1087,.T.);
#3057=EDGE_CURVE('',#2492,#2491,#1088,.T.);
#3058=EDGE_CURVE('',#2493,#2492,#1089,.T.);
#3059=EDGE_CURVE('',#2490,#2493,#1090,.T.);
#3060=EDGE_CURVE('',#2486,#2490,#2116,.T.);
#3061=EDGE_CURVE('',#2488,#2493,#2117,.T.);
#3062=EDGE_CURVE('',#2489,#2492,#1091,.T.);
#3063=EDGE_CURVE('',#2494,#2495,#1092,.T.);
#3064=EDGE_CURVE('',#2496,#2494,#1093,.T.);
#3065=EDGE_CURVE('',#2497,#2496,#1094,.T.);
#3066=EDGE_CURVE('',#2497,#2495,#1095,.T.);
#3067=EDGE_CURVE('',#2495,#2498,#2118,.T.);
#3068=EDGE_CURVE('',#2499,#2497,#2119,.T.);
#3069=EDGE_CURVE('',#2499,#2498,#1096,.T.);
#3070=EDGE_CURVE('',#2498,#2500,#1097,.T.);
#3071=EDGE_CURVE('',#2501,#2499,#1098,.T.);
#3072=EDGE_CURVE('',#2501,#2500,#1099,.T.);
#3073=EDGE_CURVE('',#2500,#2502,#2120,.T.);
#3074=EDGE_CURVE('',#2503,#2501,#2121,.T.);
#3075=EDGE_CURVE('',#2503,#2502,#1100,.T.);
#3076=EDGE_CURVE('',#2502,#2504,#1101,.T.);
#3077=EDGE_CURVE('',#2505,#2503,#1102,.T.);
#3078=EDGE_CURVE('',#2505,#2504,#1103,.T.);
#3079=EDGE_CURVE('',#2504,#2506,#2122,.T.);
#3080=EDGE_CURVE('',#2507,#2505,#2123,.T.);
#3081=EDGE_CURVE('',#2507,#2506,#1104,.T.);
#3082=EDGE_CURVE('',#2506,#2508,#1105,.T.);
#3083=EDGE_CURVE('',#2509,#2507,#1106,.T.);
#3084=EDGE_CURVE('',#2509,#2508,#1107,.T.);
#3085=EDGE_CURVE('',#2508,#2494,#2124,.T.);
#3086=EDGE_CURVE('',#2496,#2509,#2125,.T.);
#3087=EDGE_CURVE('',#2510,#2480,#1108,.T.);
#3088=EDGE_CURVE('',#2511,#2510,#1109,.T.);
#3089=EDGE_CURVE('',#2511,#2481,#1110,.T.);
#3090=EDGE_CURVE('',#2512,#2511,#2126,.T.);
#3091=EDGE_CURVE('',#2512,#2482,#1111,.T.);
#3092=EDGE_CURVE('',#2513,#2512,#1112,.T.);
#3093=EDGE_CURVE('',#2513,#2483,#1113,.T.);
#3094=EDGE_CURVE('',#2514,#2513,#2127,.T.);
#3095=EDGE_CURVE('',#2514,#2476,#1114,.T.);
#3096=EDGE_CURVE('',#2515,#2514,#1115,.T.);
#3097=EDGE_CURVE('',#2515,#2477,#1116,.T.);
#3098=EDGE_CURVE('',#2516,#2515,#2128,.T.);
#3099=EDGE_CURVE('',#2516,#2478,#1117,.T.);
#3100=EDGE_CURVE('',#2517,#2516,#1118,.T.);
#3101=EDGE_CURVE('',#2517,#2479,#1119,.T.);
#3102=EDGE_CURVE('',#2510,#2517,#2129,.T.);
#3103=EDGE_CURVE('',#2518,#2519,#1120,.T.);
#3104=EDGE_CURVE('',#2520,#2518,#1121,.T.);
#3105=EDGE_CURVE('',#2521,#2520,#1122,.T.);
#3106=EDGE_CURVE('',#2521,#2519,#1123,.T.);
#3107=EDGE_CURVE('',#2519,#2522,#2130,.T.);
#3108=EDGE_CURVE('',#2523,#2521,#2131,.T.);
#3109=EDGE_CURVE('',#2523,#2522,#1124,.T.);
#3110=EDGE_CURVE('',#2522,#2524,#1125,.T.);
#3111=EDGE_CURVE('',#2525,#2523,#1126,.T.);
#3112=EDGE_CURVE('',#2525,#2524,#1127,.T.);
#3113=EDGE_CURVE('',#2524,#2526,#2132,.T.);
#3114=EDGE_CURVE('',#2527,#2525,#2133,.T.);
#3115=EDGE_CURVE('',#2527,#2526,#1128,.T.);
#3116=EDGE_CURVE('',#2526,#2528,#1129,.T.);
#3117=EDGE_CURVE('',#2529,#2527,#1130,.T.);
#3118=EDGE_CURVE('',#2529,#2528,#1131,.T.);
#3119=EDGE_CURVE('',#2528,#2530,#2134,.T.);
#3120=EDGE_CURVE('',#2531,#2529,#2135,.T.);
#3121=EDGE_CURVE('',#2531,#2530,#1132,.T.);
#3122=EDGE_CURVE('',#2530,#2532,#1133,.T.);
#3123=EDGE_CURVE('',#2533,#2531,#1134,.T.);
#3124=EDGE_CURVE('',#2533,#2532,#1135,.T.);
#3125=EDGE_CURVE('',#2532,#2518,#2136,.T.);
#3126=EDGE_CURVE('',#2520,#2533,#2137,.T.);
#3127=EDGE_CURVE('',#2534,#2535,#1136,.T.);
#3128=EDGE_CURVE('',#2536,#2534,#1137,.T.);
#3129=EDGE_CURVE('',#2537,#2536,#1138,.T.);
#3130=EDGE_CURVE('',#2537,#2535,#1139,.T.);
#3131=EDGE_CURVE('',#2535,#2538,#2138,.T.);
#3132=EDGE_CURVE('',#2539,#2537,#2139,.T.);
#3133=EDGE_CURVE('',#2539,#2538,#1140,.T.);
#3134=EDGE_CURVE('',#2538,#2540,#1141,.T.);
#3135=EDGE_CURVE('',#2541,#2539,#1142,.T.);
#3136=EDGE_CURVE('',#2541,#2540,#1143,.T.);
#3137=EDGE_CURVE('',#2540,#2542,#2140,.T.);
#3138=EDGE_CURVE('',#2543,#2541,#2141,.T.);
#3139=EDGE_CURVE('',#2543,#2542,#1144,.T.);
#3140=EDGE_CURVE('',#2542,#2544,#1145,.T.);
#3141=EDGE_CURVE('',#2545,#2543,#1146,.T.);
#3142=EDGE_CURVE('',#2545,#2544,#1147,.T.);
#3143=EDGE_CURVE('',#2544,#2546,#2142,.T.);
#3144=EDGE_CURVE('',#2547,#2545,#2143,.T.);
#3145=EDGE_CURVE('',#2547,#2546,#1148,.T.);
#3146=EDGE_CURVE('',#2546,#2548,#1149,.T.);
#3147=EDGE_CURVE('',#2549,#2547,#1150,.T.);
#3148=EDGE_CURVE('',#2549,#2548,#1151,.T.);
#3149=EDGE_CURVE('',#2548,#2534,#2144,.T.);
#3150=EDGE_CURVE('',#2536,#2549,#2145,.T.);
#3151=EDGE_CURVE('',#2550,#2551,#1152,.T.);
#3152=EDGE_CURVE('',#2552,#2550,#1153,.T.);
#3153=EDGE_CURVE('',#2553,#2552,#1154,.T.);
#3154=EDGE_CURVE('',#2553,#2551,#1155,.T.);
#3155=EDGE_CURVE('',#2551,#2554,#2146,.T.);
#3156=EDGE_CURVE('',#2555,#2553,#2147,.T.);
#3157=EDGE_CURVE('',#2555,#2554,#1156,.T.);
#3158=EDGE_CURVE('',#2554,#2556,#1157,.T.);
#3159=EDGE_CURVE('',#2557,#2555,#1158,.T.);
#3160=EDGE_CURVE('',#2557,#2556,#1159,.T.);
#3161=EDGE_CURVE('',#2556,#2558,#2148,.T.);
#3162=EDGE_CURVE('',#2559,#2557,#2149,.T.);
#3163=EDGE_CURVE('',#2559,#2558,#1160,.T.);
#3164=EDGE_CURVE('',#2558,#2560,#1161,.T.);
#3165=EDGE_CURVE('',#2561,#2559,#1162,.T.);
#3166=EDGE_CURVE('',#2561,#2560,#1163,.T.);
#3167=EDGE_CURVE('',#2560,#2562,#2150,.T.);
#3168=EDGE_CURVE('',#2563,#2561,#2151,.T.);
#3169=EDGE_CURVE('',#2563,#2562,#1164,.T.);
#3170=EDGE_CURVE('',#2562,#2564,#1165,.T.);
#3171=EDGE_CURVE('',#2565,#2563,#1166,.T.);
#3172=EDGE_CURVE('',#2565,#2564,#1167,.T.);
#3173=EDGE_CURVE('',#2564,#2550,#2152,.T.);
#3174=EDGE_CURVE('',#2552,#2565,#2153,.T.);
#3175=EDGE_CURVE('',#2566,#2567,#1168,.T.);
#3176=EDGE_CURVE('',#2566,#2568,#1169,.T.);
#3177=EDGE_CURVE('',#2569,#2568,#1170,.T.);
#3178=EDGE_CURVE('',#2567,#2569,#1171,.T.);
#3179=EDGE_CURVE('',#2567,#2570,#2154,.T.);
#3180=EDGE_CURVE('',#2571,#2569,#2155,.T.);
#3181=EDGE_CURVE('',#2570,#2571,#1172,.T.);
#3182=EDGE_CURVE('',#2570,#2572,#1173,.T.);
#3183=EDGE_CURVE('',#2573,#2571,#1174,.T.);
#3184=EDGE_CURVE('',#2572,#2573,#1175,.T.);
#3185=EDGE_CURVE('',#2572,#2574,#2156,.T.);
#3186=EDGE_CURVE('',#2575,#2573,#2157,.T.);
#3187=EDGE_CURVE('',#2574,#2575,#1176,.T.);
#3188=EDGE_CURVE('',#2574,#2576,#1177,.T.);
#3189=EDGE_CURVE('',#2577,#2575,#1178,.T.);
#3190=EDGE_CURVE('',#2576,#2577,#1179,.T.);
#3191=EDGE_CURVE('',#2578,#2579,#1180,.T.);
#3192=EDGE_CURVE('',#2578,#2580,#1181,.T.);
#3193=EDGE_CURVE('',#2581,#2580,#1182,.T.);
#3194=EDGE_CURVE('',#2579,#2581,#1183,.T.);
#3195=EDGE_CURVE('',#2579,#2582,#2158,.T.);
#3196=EDGE_CURVE('',#2583,#2581,#2159,.T.);
#3197=EDGE_CURVE('',#2582,#2583,#1184,.T.);
#3198=EDGE_CURVE('',#2582,#2584,#1185,.T.);
#3199=EDGE_CURVE('',#2585,#2583,#1186,.T.);
#3200=EDGE_CURVE('',#2584,#2585,#1187,.T.);
#3201=EDGE_CURVE('',#2584,#2566,#2160,.T.);
#3202=EDGE_CURVE('',#2568,#2585,#2161,.T.);
#3203=EDGE_CURVE('',#2586,#2587,#1188,.T.);
#3204=EDGE_CURVE('',#2586,#2588,#1189,.T.);
#3205=EDGE_CURVE('',#2589,#2588,#1190,.T.);
#3206=EDGE_CURVE('',#2587,#2589,#1191,.T.);
#3207=EDGE_CURVE('',#2587,#2590,#2162,.T.);
#3208=EDGE_CURVE('',#2591,#2589,#2163,.T.);
#3209=EDGE_CURVE('',#2590,#2591,#1192,.T.);
#3210=EDGE_CURVE('',#2590,#2592,#1193,.T.);
#3211=EDGE_CURVE('',#2593,#2591,#1194,.T.);
#3212=EDGE_CURVE('',#2592,#2593,#1195,.T.);
#3213=EDGE_CURVE('',#2592,#2594,#2164,.T.);
#3214=EDGE_CURVE('',#2595,#2593,#2165,.T.);
#3215=EDGE_CURVE('',#2594,#2595,#1196,.T.);
#3216=EDGE_CURVE('',#2594,#2596,#1197,.T.);
#3217=EDGE_CURVE('',#2597,#2595,#1198,.T.);
#3218=EDGE_CURVE('',#2596,#2597,#1199,.T.);
#3219=EDGE_CURVE('',#2596,#2598,#2166,.T.);
#3220=EDGE_CURVE('',#2599,#2597,#2167,.T.);
#3221=EDGE_CURVE('',#2598,#2599,#1200,.T.);
#3222=EDGE_CURVE('',#2598,#2600,#1201,.T.);
#3223=EDGE_CURVE('',#2601,#2599,#1202,.T.);
#3224=EDGE_CURVE('',#2600,#2601,#1203,.T.);
#3225=EDGE_CURVE('',#2600,#2586,#2168,.T.);
#3226=EDGE_CURVE('',#2588,#2601,#2169,.T.);
#3227=EDGE_CURVE('',#2580,#2602,#2170,.T.);
#3228=EDGE_CURVE('',#2602,#2577,#2171,.T.);
#3229=EDGE_CURVE('',#2603,#2604,#1204,.T.);
#3230=EDGE_CURVE('',#2605,#2603,#1205,.T.);
#3231=EDGE_CURVE('',#2606,#2605,#2172,.T.);
#3232=EDGE_CURVE('',#2607,#2606,#1206,.T.);
#3233=EDGE_CURVE('',#2608,#2607,#2173,.T.);
#3234=EDGE_CURVE('',#2609,#2608,#1207,.T.);
#3235=EDGE_CURVE('',#2610,#2609,#2174,.T.);
#3236=EDGE_CURVE('',#2611,#2610,#1208,.T.);
#3237=EDGE_CURVE('',#2612,#2611,#2175,.T.);
#3238=EDGE_CURVE('',#2613,#2612,#1209,.T.);
#3239=EDGE_CURVE('',#2614,#2613,#2176,.T.);
#3240=EDGE_CURVE('',#2615,#2614,#1210,.T.);
#3241=EDGE_CURVE('',#2616,#2615,#2177,.T.);
#3242=EDGE_CURVE('',#2617,#2616,#1211,.T.);
#3243=EDGE_CURVE('',#2618,#2617,#2178,.T.);
#3244=EDGE_CURVE('',#2619,#2618,#1212,.T.);
#3245=EDGE_CURVE('',#2620,#2619,#2179,.T.);
#3246=EDGE_CURVE('',#2621,#2620,#1213,.T.);
#3247=EDGE_CURVE('',#2622,#2621,#2180,.T.);
#3248=EDGE_CURVE('',#2623,#2622,#1214,.T.);
#3249=EDGE_CURVE('',#2624,#2623,#1215,.T.);
#3250=EDGE_CURVE('',#2625,#2624,#1216,.T.);
#3251=EDGE_CURVE('',#2626,#2625,#2181,.T.);
#3252=EDGE_CURVE('',#2627,#2626,#1217,.T.);
#3253=EDGE_CURVE('',#2604,#2627,#2182,.T.);
#3254=EDGE_CURVE('',#2628,#2629,#1218,.T.);
#3255=EDGE_CURVE('',#2629,#2630,#1219,.T.);
#3256=EDGE_CURVE('',#2630,#2631,#1220,.T.);
#3257=EDGE_CURVE('',#2631,#2628,#1221,.T.);
#3258=EDGE_CURVE('',#2632,#2632,#2183,.T.);
#3259=EDGE_CURVE('',#2632,#2633,#1222,.T.);
#3260=EDGE_CURVE('',#2633,#2633,#2184,.T.);
#3261=EDGE_CURVE('',#2634,#2634,#2185,.T.);
#3262=EDGE_CURVE('',#2634,#2635,#1223,.T.);
#3263=EDGE_CURVE('',#2635,#2635,#2186,.T.);
#3264=EDGE_CURVE('',#2602,#2636,#1224,.T.);
#3265=EDGE_CURVE('',#2636,#2636,#2187,.T.);
#3266=EDGE_CURVE('',#2576,#2578,#2188,.T.);
#3267=EDGE_CURVE('',#2637,#2637,#2189,.T.);
#3268=EDGE_CURVE('',#2637,#2638,#1225,.T.);
#3269=EDGE_CURVE('',#2638,#2638,#2190,.T.);
#3270=EDGE_CURVE('',#2628,#2639,#1226,.T.);
#3271=EDGE_CURVE('',#2640,#2639,#1227,.T.);
#3272=EDGE_CURVE('',#2629,#2640,#1228,.T.);
#3273=EDGE_CURVE('',#2641,#2640,#1229,.T.);
#3274=EDGE_CURVE('',#2630,#2641,#1230,.T.);
#3275=EDGE_CURVE('',#2642,#2641,#1231,.T.);
#3276=EDGE_CURVE('',#2631,#2642,#1232,.T.);
#3277=EDGE_CURVE('',#2639,#2642,#1233,.T.);
#3278=EDGE_CURVE('',#2643,#2603,#2191,.F.);
#3279=EDGE_CURVE('',#2644,#2643,#2192,.F.);
#3280=EDGE_CURVE('',#2603,#2644,#2193,.F.);
#3281=EDGE_CURVE('',#2645,#2646,#103,.T.);
#3282=EDGE_CURVE('',#2646,#2644,#1234,.T.);
#3283=EDGE_CURVE('',#2643,#2645,#1235,.T.);
#3284=EDGE_CURVE('',#2647,#2624,#2194,.F.);
#3285=EDGE_CURVE('',#2648,#2647,#2195,.F.);
#3286=EDGE_CURVE('',#2624,#2648,#2196,.F.);
#3287=EDGE_CURVE('',#2649,#2650,#104,.T.);
#3288=EDGE_CURVE('',#2650,#2648,#1236,.T.);
#3289=EDGE_CURVE('',#2647,#2649,#1237,.T.);
#3290=EDGE_CURVE('',#2604,#2651,#2197,.T.);
#3291=EDGE_CURVE('',#2651,#2643,#1238,.T.);
#3292=EDGE_CURVE('',#2627,#2652,#2198,.T.);
#3293=EDGE_CURVE('',#2652,#2651,#2199,.T.);
#3294=EDGE_CURVE('',#2626,#2653,#2200,.T.);
#3295=EDGE_CURVE('',#2653,#2652,#1239,.T.);
#3296=EDGE_CURVE('',#2625,#2654,#2201,.T.);
#3297=EDGE_CURVE('',#2654,#2653,#2202,.T.);
#3298=EDGE_CURVE('',#2648,#2654,#1240,.T.);
#3299=EDGE_CURVE('',#2655,#2605,#2203,.F.);
#3300=EDGE_CURVE('',#2656,#2655,#2204,.F.);
#3301=EDGE_CURVE('',#2605,#2656,#2205,.F.);
#3302=EDGE_CURVE('',#2657,#2658,#45,.T.);
#3303=EDGE_CURVE('',#2658,#2656,#46,.T.);
#3304=EDGE_CURVE('',#2655,#2657,#47,.T.);
#3305=EDGE_CURVE('',#2659,#2623,#2206,.F.);
#3306=EDGE_CURVE('',#2660,#2659,#2207,.F.);
#3307=EDGE_CURVE('',#2623,#2660,#2208,.F.);
#3308=EDGE_CURVE('',#2661,#2662,#105,.T.);
#3309=EDGE_CURVE('',#2662,#2660,#1241,.T.);
#3310=EDGE_CURVE('',#2659,#2661,#1242,.T.);
#3311=EDGE_CURVE('',#2660,#2647,#1243,.T.);
#3312=EDGE_CURVE('',#2622,#2663,#2209,.T.);
#3313=EDGE_CURVE('',#2663,#2659,#1244,.T.);
#3314=EDGE_CURVE('',#2621,#2664,#2210,.T.);
#3315=EDGE_CURVE('',#2664,#2663,#2211,.T.);
#3316=EDGE_CURVE('',#2620,#2665,#2212,.T.);
#3317=EDGE_CURVE('',#2665,#2664,#1245,.T.);
#3318=EDGE_CURVE('',#2619,#2666,#2213,.T.);
#3319=EDGE_CURVE('',#2666,#2665,#2214,.T.);
#3320=EDGE_CURVE('',#2618,#2667,#2215,.T.);
#3321=EDGE_CURVE('',#2667,#2666,#1246,.T.);
#3322=EDGE_CURVE('',#2617,#2668,#2216,.T.);
#3323=EDGE_CURVE('',#2668,#2667,#2217,.T.);
#3324=EDGE_CURVE('',#2616,#2669,#2218,.T.);
#3325=EDGE_CURVE('',#2669,#2668,#1247,.T.);
#3326=EDGE_CURVE('',#2615,#2670,#2219,.T.);
#3327=EDGE_CURVE('',#2670,#2669,#2220,.T.);
#3328=EDGE_CURVE('',#2614,#2671,#2221,.T.);
#3329=EDGE_CURVE('',#2671,#2670,#1248,.T.);
#3330=EDGE_CURVE('',#2613,#2672,#2222,.T.);
#3331=EDGE_CURVE('',#2672,#2671,#2223,.T.);
#3332=EDGE_CURVE('',#2612,#2673,#2224,.T.);
#3333=EDGE_CURVE('',#2673,#2672,#1249,.T.);
#3334=EDGE_CURVE('',#2611,#2674,#2225,.T.);
#3335=EDGE_CURVE('',#2674,#2673,#2226,.T.);
#3336=EDGE_CURVE('',#2610,#2675,#2227,.T.);
#3337=EDGE_CURVE('',#2675,#2674,#1250,.T.);
#3338=EDGE_CURVE('',#2609,#2676,#2228,.T.);
#3339=EDGE_CURVE('',#2676,#2675,#2229,.T.);
#3340=EDGE_CURVE('',#2608,#2677,#2230,.T.);
#3341=EDGE_CURVE('',#2677,#2676,#1251,.T.);
#3342=EDGE_CURVE('',#2607,#2678,#2231,.T.);
#3343=EDGE_CURVE('',#2678,#2677,#2232,.T.);
#3344=EDGE_CURVE('',#2606,#2679,#2233,.T.);
#3345=EDGE_CURVE('',#2679,#2678,#1252,.T.);
#3346=EDGE_CURVE('',#2656,#2679,#2234,.T.);
#3347=EDGE_CURVE('',#2644,#2655,#1253,.T.);
#3348=EDGE_CURVE('',#2680,#2679,#1254,.T.);
#3349=EDGE_CURVE('',#2681,#2680,#1255,.T.);
#3350=EDGE_CURVE('',#2681,#2678,#1256,.T.);
#3351=EDGE_CURVE('',#2682,#2658,#1257,.T.);
#3352=EDGE_CURVE('',#2683,#2682,#2235,.T.);
#3353=EDGE_CURVE('',#2684,#2683,#48,.T.);
#3354=EDGE_CURVE('',#2685,#2684,#25,.T.);
#3355=EDGE_CURVE('',#2680,#2685,#2236,.T.);
#3356=EDGE_CURVE('',#2686,#2657,#1258,.T.);
#3357=EDGE_CURVE('',#2687,#2686,#2237,.T.);
#3358=EDGE_CURVE('',#2688,#2687,#49,.T.);
#3359=EDGE_CURVE('',#2689,#2688,#50,.T.);
#3360=EDGE_CURVE('',#2682,#2689,#2238,.T.);
#3361=EDGE_CURVE('',#2690,#2646,#1259,.T.);
#3362=EDGE_CURVE('',#2686,#2690,#1260,.T.);
#3363=EDGE_CURVE('',#2691,#2645,#1261,.T.);
#3364=EDGE_CURVE('',#2690,#2691,#2239,.T.);
#3365=EDGE_CURVE('',#2692,#2651,#1262,.T.);
#3366=EDGE_CURVE('',#2691,#2692,#1263,.T.);
#3367=EDGE_CURVE('',#2693,#2652,#1264,.T.);
#3368=EDGE_CURVE('',#2692,#2693,#2240,.T.);
#3369=EDGE_CURVE('',#2694,#2653,#1265,.T.);
#3370=EDGE_CURVE('',#2693,#2694,#1266,.T.);
#3371=EDGE_CURVE('',#2695,#2654,#1267,.T.);
#3372=EDGE_CURVE('',#2694,#2695,#2241,.T.);
#3373=EDGE_CURVE('',#2696,#2650,#1268,.T.);
#3374=EDGE_CURVE('',#2695,#2696,#1269,.T.);
#3375=EDGE_CURVE('',#2697,#2649,#1270,.T.);
#3376=EDGE_CURVE('',#2696,#2697,#2242,.T.);
#3377=EDGE_CURVE('',#2698,#2662,#1271,.T.);
#3378=EDGE_CURVE('',#2697,#2698,#1272,.T.);
#3379=EDGE_CURVE('',#2699,#2700,#2243,.T.);
#3380=EDGE_CURVE('',#2700,#2701,#51,.T.);
#3381=EDGE_CURVE('',#2701,#2702,#2244,.T.);
#3382=EDGE_CURVE('',#2702,#2699,#52,.T.);
#3383=EDGE_CURVE('',#2683,#2702,#53,.T.);
#3384=EDGE_CURVE('',#2701,#2684,#54,.T.);
#3385=EDGE_CURVE('',#2688,#2700,#55,.T.);
#3386=EDGE_CURVE('',#2699,#2689,#56,.T.);
#3387=EDGE_CURVE('',#2702,#2682,#2245,.T.);
#3388=EDGE_CURVE('',#2703,#2700,#1273,.T.);
#3389=EDGE_CURVE('',#2704,#2703,#1274,.T.);
#3390=EDGE_CURVE('',#2704,#2705,#1275,.T.);
#3391=EDGE_CURVE('',#2706,#2705,#57,.T.);
#3392=EDGE_CURVE('',#2706,#2685,#58,.T.);
#3393=EDGE_CURVE('',#2707,#2703,#2246,.F.);
#3394=EDGE_CURVE('',#2708,#2707,#2247,.F.);
#3395=EDGE_CURVE('',#2703,#2708,#2248,.F.);
#3396=EDGE_CURVE('',#2709,#2704,#2249,.T.);
#3397=EDGE_CURVE('',#2708,#2709,#1276,.T.);
#3398=EDGE_CURVE('',#2710,#2711,#2250,.T.);
#3399=EDGE_CURVE('',#2711,#2704,#2251,.T.);
#3400=EDGE_CURVE('',#2709,#2710,#2252,.T.);
#3401=EDGE_CURVE('',#2712,#2713,#2253,.T.);
#3402=EDGE_CURVE('',#2713,#2711,#1277,.T.);
#3403=EDGE_CURVE('',#2710,#2712,#1278,.T.);
#3404=EDGE_CURVE('',#2714,#2715,#2254,.T.);
#3405=EDGE_CURVE('',#2715,#2713,#2255,.T.);
#3406=EDGE_CURVE('',#2712,#2714,#2256,.T.);
#3407=EDGE_CURVE('',#2716,#2717,#2257,.T.);
#3408=EDGE_CURVE('',#2717,#2715,#1279,.T.);
#3409=EDGE_CURVE('',#2714,#2716,#1280,.T.);
#3410=EDGE_CURVE('',#2718,#2719,#2258,.T.);
#3411=EDGE_CURVE('',#2719,#2717,#2259,.T.);
#3412=EDGE_CURVE('',#2716,#2718,#2260,.T.);
#3413=EDGE_CURVE('',#2720,#2721,#2261,.T.);
#3414=EDGE_CURVE('',#2721,#2719,#1281,.T.);
#3415=EDGE_CURVE('',#2718,#2720,#1282,.T.);
#3416=EDGE_CURVE('',#2722,#2723,#2262,.T.);
#3417=EDGE_CURVE('',#2723,#2721,#2263,.T.);
#3418=EDGE_CURVE('',#2720,#2722,#2264,.T.);
#3419=EDGE_CURVE('',#2724,#2725,#2265,.T.);
#3420=EDGE_CURVE('',#2725,#2723,#1283,.T.);
#3421=EDGE_CURVE('',#2722,#2724,#1284,.T.);
#3422=EDGE_CURVE('',#2726,#2727,#2266,.T.);
#3423=EDGE_CURVE('',#2727,#2725,#2267,.T.);
#3424=EDGE_CURVE('',#2724,#2726,#2268,.T.);
#3425=EDGE_CURVE('',#2728,#2729,#2269,.T.);
#3426=EDGE_CURVE('',#2729,#2727,#1285,.T.);
#3427=EDGE_CURVE('',#2726,#2728,#1286,.T.);
#3428=EDGE_CURVE('',#2730,#2731,#2270,.T.);
#3429=EDGE_CURVE('',#2731,#2729,#2271,.T.);
#3430=EDGE_CURVE('',#2728,#2730,#2272,.T.);
#3431=EDGE_CURVE('',#2732,#2733,#2273,.T.);
#3432=EDGE_CURVE('',#2733,#2731,#1287,.T.);
#3433=EDGE_CURVE('',#2730,#2732,#1288,.T.);
#3434=EDGE_CURVE('',#2734,#2735,#2274,.T.);
#3435=EDGE_CURVE('',#2735,#2733,#2275,.T.);
#3436=EDGE_CURVE('',#2732,#2734,#2276,.T.);
#3437=EDGE_CURVE('',#2736,#2737,#2277,.T.);
#3438=EDGE_CURVE('',#2737,#2735,#1289,.T.);
#3439=EDGE_CURVE('',#2734,#2736,#1290,.T.);
#3440=EDGE_CURVE('',#2738,#2739,#2278,.T.);
#3441=EDGE_CURVE('',#2739,#2737,#2279,.T.);
#3442=EDGE_CURVE('',#2736,#2738,#2280,.T.);
#3443=EDGE_CURVE('',#2740,#2741,#2281,.T.);
#3444=EDGE_CURVE('',#2741,#2739,#1291,.T.);
#3445=EDGE_CURVE('',#2738,#2740,#1292,.T.);
#3446=EDGE_CURVE('',#2742,#2743,#2282,.T.);
#3447=EDGE_CURVE('',#2743,#2741,#2283,.T.);
#3448=EDGE_CURVE('',#2740,#2742,#2284,.T.);
#3449=EDGE_CURVE('',#2744,#2745,#2285,.T.);
#3450=EDGE_CURVE('',#2745,#2743,#1293,.T.);
#3451=EDGE_CURVE('',#2742,#2744,#1294,.T.);
#3452=EDGE_CURVE('',#2746,#2747,#2286,.T.);
#3453=EDGE_CURVE('',#2747,#2745,#2287,.T.);
#3454=EDGE_CURVE('',#2744,#2746,#2288,.T.);
#3455=EDGE_CURVE('',#2748,#2749,#2289,.T.);
#3456=EDGE_CURVE('',#2749,#2747,#1295,.T.);
#3457=EDGE_CURVE('',#2746,#2748,#1296,.T.);
#3458=EDGE_CURVE('',#2750,#2751,#2290,.T.);
#3459=EDGE_CURVE('',#2751,#2749,#2291,.T.);
#3460=EDGE_CURVE('',#2748,#2750,#2292,.T.);
#3461=EDGE_CURVE('',#2752,#2753,#2293,.T.);
#3462=EDGE_CURVE('',#2753,#2751,#1297,.T.);
#3463=EDGE_CURVE('',#2750,#2752,#1298,.T.);
#3464=EDGE_CURVE('',#2754,#2755,#2294,.T.);
#3465=EDGE_CURVE('',#2755,#2753,#2295,.T.);
#3466=EDGE_CURVE('',#2752,#2754,#2296,.T.);
#3467=EDGE_CURVE('',#2756,#2757,#2297,.T.);
#3468=EDGE_CURVE('',#2757,#2755,#1299,.T.);
#3469=EDGE_CURVE('',#2754,#2756,#1300,.T.);
#3470=EDGE_CURVE('',#2758,#2759,#2298,.T.);
#3471=EDGE_CURVE('',#2759,#2757,#2299,.T.);
#3472=EDGE_CURVE('',#2756,#2758,#2300,.T.);
#3473=EDGE_CURVE('',#2760,#2761,#2301,.T.);
#3474=EDGE_CURVE('',#2761,#2759,#1301,.T.);
#3475=EDGE_CURVE('',#2758,#2760,#1302,.T.);
#3476=EDGE_CURVE('',#2762,#2763,#2302,.T.);
#3477=EDGE_CURVE('',#2763,#2761,#2303,.T.);
#3478=EDGE_CURVE('',#2760,#2762,#2304,.T.);
#3479=EDGE_CURVE('',#2764,#2765,#2305,.T.);
#3480=EDGE_CURVE('',#2765,#2763,#1303,.T.);
#3481=EDGE_CURVE('',#2762,#2764,#1304,.T.);
#3482=EDGE_CURVE('',#2707,#2765,#2306,.T.);
#3483=EDGE_CURVE('',#2764,#2708,#2307,.T.);
#3484=EDGE_CURVE('',#2687,#2766,#59,.T.);
#3485=EDGE_CURVE('',#2766,#2707,#1305,.T.);
#3486=EDGE_CURVE('',#2739,#2767,#1306,.T.);
#3487=EDGE_CURVE('',#2768,#2767,#2308,.T.);
#3488=EDGE_CURVE('',#2737,#2768,#1307,.T.);
#3489=EDGE_CURVE('',#2741,#2769,#1308,.T.);
#3490=EDGE_CURVE('',#2767,#2769,#1309,.T.);
#3491=EDGE_CURVE('',#2743,#2770,#1310,.T.);
#3492=EDGE_CURVE('',#2769,#2770,#2309,.T.);
#3493=EDGE_CURVE('',#2745,#2771,#1311,.T.);
#3494=EDGE_CURVE('',#2770,#2771,#1312,.T.);
#3495=EDGE_CURVE('',#2747,#2772,#1313,.T.);
#3496=EDGE_CURVE('',#2771,#2772,#2310,.T.);
#3497=EDGE_CURVE('',#2749,#2773,#1314,.T.);
#3498=EDGE_CURVE('',#2772,#2773,#1315,.T.);
#3499=EDGE_CURVE('',#2751,#2774,#1316,.T.);
#3500=EDGE_CURVE('',#2773,#2774,#2311,.T.);
#3501=EDGE_CURVE('',#2753,#2775,#1317,.T.);
#3502=EDGE_CURVE('',#2774,#2775,#1318,.T.);
#3503=EDGE_CURVE('',#2755,#2776,#1319,.T.);
#3504=EDGE_CURVE('',#2775,#2776,#2312,.T.);
#3505=EDGE_CURVE('',#2757,#2777,#1320,.T.);
#3506=EDGE_CURVE('',#2776,#2777,#1321,.T.);
#3507=EDGE_CURVE('',#2759,#2778,#1322,.T.);
#3508=EDGE_CURVE('',#2777,#2778,#2313,.T.);
#3509=EDGE_CURVE('',#2761,#2779,#1323,.T.);
#3510=EDGE_CURVE('',#2778,#2779,#1324,.T.);
#3511=EDGE_CURVE('',#2763,#2780,#1325,.T.);
#3512=EDGE_CURVE('',#2779,#2780,#2314,.T.);
#3513=EDGE_CURVE('',#2765,#2781,#1326,.T.);
#3514=EDGE_CURVE('',#2780,#2781,#1327,.T.);
#3515=EDGE_CURVE('',#2781,#2766,#2315,.T.);
#3516=EDGE_CURVE('',#2781,#2686,#2316,.T.);
#3517=EDGE_CURVE('',#2782,#2475,#1328,.T.);
#3518=EDGE_CURVE('',#2783,#2782,#2317,.T.);
#3519=EDGE_CURVE('',#2784,#2783,#1329,.T.);
#3520=EDGE_CURVE('',#2785,#2784,#2318,.T.);
#3521=EDGE_CURVE('',#2786,#2785,#1330,.T.);
#3522=EDGE_CURVE('',#2787,#2786,#1331,.T.);
#3523=EDGE_CURVE('',#2788,#2787,#1332,.T.);
#3524=EDGE_CURVE('',#2789,#2788,#1333,.T.);
#3525=EDGE_CURVE('',#2790,#2789,#2319,.T.);
#3526=EDGE_CURVE('',#2791,#2790,#1334,.T.);
#3527=EDGE_CURVE('',#2792,#2791,#2320,.T.);
#3528=EDGE_CURVE('',#2793,#2792,#1335,.T.);
#3529=EDGE_CURVE('',#2459,#2793,#1336,.T.);
#3530=EDGE_CURVE('',#2794,#2456,#1337,.T.);
#3531=EDGE_CURVE('',#2795,#2794,#2321,.T.);
#3532=EDGE_CURVE('',#2796,#2795,#1338,.T.);
#3533=EDGE_CURVE('',#2797,#2796,#2322,.T.);
#3534=EDGE_CURVE('',#2798,#2797,#1339,.T.);
#3535=EDGE_CURVE('',#2491,#2798,#1340,.T.);
#3536=EDGE_CURVE('',#2799,#2487,#1341,.T.);
#3537=EDGE_CURVE('',#2800,#2799,#1342,.T.);
#3538=EDGE_CURVE('',#2801,#2800,#2323,.T.);
#3539=EDGE_CURVE('',#2472,#2801,#1343,.T.);
#3540=EDGE_CURVE('',#2705,#2802,#2324,.T.);
#3541=EDGE_CURVE('',#2802,#2680,#2325,.T.);
#3542=EDGE_CURVE('',#2802,#2803,#1344,.T.);
#3543=EDGE_CURVE('',#2803,#2681,#2326,.T.);
#3544=EDGE_CURVE('',#2803,#2804,#2327,.T.);
#3545=EDGE_CURVE('',#2804,#2805,#2328,.T.);
#3546=EDGE_CURVE('',#2805,#2681,#2329,.T.);
#3547=EDGE_CURVE('',#2804,#2806,#1345,.T.);
#3548=EDGE_CURVE('',#2806,#2807,#2330,.T.);
#3549=EDGE_CURVE('',#2807,#2805,#1346,.T.);
#3550=EDGE_CURVE('',#2806,#2808,#2331,.T.);
#3551=EDGE_CURVE('',#2808,#2809,#2332,.T.);
#3552=EDGE_CURVE('',#2809,#2807,#2333,.T.);
#3553=EDGE_CURVE('',#2808,#2810,#1347,.T.);
#3554=EDGE_CURVE('',#2810,#2811,#2334,.T.);
#3555=EDGE_CURVE('',#2811,#2809,#1348,.T.);
#3556=EDGE_CURVE('',#2810,#2812,#2335,.T.);
#3557=EDGE_CURVE('',#2812,#2813,#2336,.T.);
#3558=EDGE_CURVE('',#2813,#2811,#2337,.T.);
#3559=EDGE_CURVE('',#2812,#2814,#1349,.T.);
#3560=EDGE_CURVE('',#2814,#2815,#2338,.T.);
#3561=EDGE_CURVE('',#2815,#2813,#1350,.T.);
#3562=EDGE_CURVE('',#2814,#2816,#2339,.T.);
#3563=EDGE_CURVE('',#2816,#2817,#2340,.T.);
#3564=EDGE_CURVE('',#2817,#2815,#2341,.T.);
#3565=EDGE_CURVE('',#2816,#2818,#1351,.T.);
#3566=EDGE_CURVE('',#2818,#2819,#2342,.T.);
#3567=EDGE_CURVE('',#2819,#2817,#1352,.T.);
#3568=EDGE_CURVE('',#2818,#2820,#2343,.T.);
#3569=EDGE_CURVE('',#2820,#2821,#2344,.T.);
#3570=EDGE_CURVE('',#2821,#2819,#2345,.T.);
#3571=EDGE_CURVE('',#2820,#2822,#1353,.T.);
#3572=EDGE_CURVE('',#2822,#2823,#2346,.T.);
#3573=EDGE_CURVE('',#2823,#2821,#1354,.T.);
#3574=EDGE_CURVE('',#2822,#2824,#2347,.T.);
#3575=EDGE_CURVE('',#2824,#2825,#2348,.T.);
#3576=EDGE_CURVE('',#2825,#2823,#2349,.T.);
#3577=EDGE_CURVE('',#2824,#2768,#1355,.T.);
#3578=EDGE_CURVE('',#2768,#2826,#2350,.T.);
#3579=EDGE_CURVE('',#2826,#2825,#1356,.T.);
#3580=EDGE_CURVE('',#2767,#2827,#2351,.T.);
#3581=EDGE_CURVE('',#2827,#2826,#2352,.T.);
#3582=EDGE_CURVE('',#2769,#2828,#2353,.T.);
#3583=EDGE_CURVE('',#2828,#2827,#1357,.T.);
#3584=EDGE_CURVE('',#2770,#2829,#2354,.T.);
#3585=EDGE_CURVE('',#2829,#2828,#2355,.T.);
#3586=EDGE_CURVE('',#2771,#2830,#2356,.T.);
#3587=EDGE_CURVE('',#2830,#2829,#1358,.T.);
#3588=EDGE_CURVE('',#2772,#2698,#2357,.T.);
#3589=EDGE_CURVE('',#2698,#2830,#2358,.T.);
#3590=EDGE_CURVE('',#2773,#2697,#2359,.T.);
#3591=EDGE_CURVE('',#2774,#2696,#2360,.T.);
#3592=EDGE_CURVE('',#2775,#2695,#2361,.T.);
#3593=EDGE_CURVE('',#2776,#2694,#2362,.T.);
#3594=EDGE_CURVE('',#2777,#2693,#2363,.T.);
#3595=EDGE_CURVE('',#2778,#2692,#2364,.T.);
#3596=EDGE_CURVE('',#2779,#2691,#2365,.T.);
#3597=EDGE_CURVE('',#2780,#2690,#2366,.T.);
#3598=EDGE_CURVE('',#2735,#2824,#1359,.T.);
#3599=EDGE_CURVE('',#2733,#2822,#1360,.T.);
#3600=EDGE_CURVE('',#2731,#2820,#1361,.T.);
#3601=EDGE_CURVE('',#2729,#2818,#1362,.T.);
#3602=EDGE_CURVE('',#2727,#2816,#1363,.T.);
#3603=EDGE_CURVE('',#2725,#2814,#1364,.T.);
#3604=EDGE_CURVE('',#2723,#2812,#1365,.T.);
#3605=EDGE_CURVE('',#2721,#2810,#1366,.T.);
#3606=EDGE_CURVE('',#2719,#2808,#1367,.T.);
#3607=EDGE_CURVE('',#2717,#2806,#1368,.T.);
#3608=EDGE_CURVE('',#2715,#2804,#1369,.T.);
#3609=EDGE_CURVE('',#2713,#2803,#1370,.T.);
#3610=EDGE_CURVE('',#2711,#2802,#1371,.T.);
#3611=EDGE_CURVE('',#2831,#2832,#2367,.T.);
#3612=EDGE_CURVE('',#2832,#2833,#1372,.T.);
#3613=EDGE_CURVE('',#2833,#2834,#1373,.T.);
#3614=EDGE_CURVE('',#2834,#2835,#1374,.T.);
#3615=EDGE_CURVE('',#2835,#2836,#2368,.T.);
#3616=EDGE_CURVE('',#2836,#2837,#1375,.T.);
#3617=EDGE_CURVE('',#2837,#2838,#2369,.T.);
#3618=EDGE_CURVE('',#2838,#2474,#1376,.T.);
#3619=EDGE_CURVE('',#2473,#2839,#1377,.T.);
#3620=EDGE_CURVE('',#2839,#2840,#2370,.T.);
#3621=EDGE_CURVE('',#2840,#2841,#1378,.T.);
#3622=EDGE_CURVE('',#2841,#2842,#1379,.T.);
#3623=EDGE_CURVE('',#2842,#2843,#1380,.T.);
#3624=EDGE_CURVE('',#2843,#2844,#2371,.T.);
#3625=EDGE_CURVE('',#2844,#2845,#1381,.T.);
#3626=EDGE_CURVE('',#2845,#2846,#2372,.T.);
#3627=EDGE_CURVE('',#2846,#2847,#1382,.T.);
#3628=EDGE_CURVE('',#2847,#2848,#1383,.T.);
#3629=EDGE_CURVE('',#2848,#2849,#2373,.T.);
#3630=EDGE_CURVE('',#2849,#2831,#1384,.T.);
#3631=EDGE_CURVE('',#2850,#2850,#2374,.T.);
#3632=EDGE_CURVE('',#2805,#2677,#1385,.T.);
#3633=EDGE_CURVE('',#2807,#2676,#1386,.T.);
#3634=EDGE_CURVE('',#2830,#2661,#1387,.T.);
#3635=EDGE_CURVE('',#2829,#2663,#1388,.T.);
#3636=EDGE_CURVE('',#2828,#2664,#1389,.T.);
#3637=EDGE_CURVE('',#2827,#2665,#1390,.T.);
#3638=EDGE_CURVE('',#2826,#2666,#1391,.T.);
#3639=EDGE_CURVE('',#2825,#2667,#1392,.T.);
#3640=EDGE_CURVE('',#2823,#2668,#1393,.T.);
#3641=EDGE_CURVE('',#2821,#2669,#1394,.T.);
#3642=EDGE_CURVE('',#2819,#2670,#1395,.T.);
#3643=EDGE_CURVE('',#2817,#2671,#1396,.T.);
#3644=EDGE_CURVE('',#2815,#2672,#1397,.T.);
#3645=EDGE_CURVE('',#2813,#2673,#1398,.T.);
#3646=EDGE_CURVE('',#2811,#2674,#1399,.T.);
#3647=EDGE_CURVE('',#2809,#2675,#1400,.T.);
#3648=EDGE_CURVE('',#2789,#2832,#1401,.T.);
#3649=EDGE_CURVE('',#2790,#2831,#1402,.T.);
#3650=EDGE_CURVE('',#2791,#2849,#1403,.T.);
#3651=EDGE_CURVE('',#2792,#2848,#1404,.T.);
#3652=EDGE_CURVE('',#2793,#2847,#1405,.T.);
#3653=EDGE_CURVE('',#2794,#2846,#1406,.T.);
#3654=EDGE_CURVE('',#2795,#2845,#1407,.T.);
#3655=EDGE_CURVE('',#2796,#2844,#1408,.T.);
#3656=EDGE_CURVE('',#2797,#2843,#1409,.T.);
#3657=EDGE_CURVE('',#2798,#2842,#1410,.T.);
#3658=EDGE_CURVE('',#2799,#2841,#1411,.T.);
#3659=EDGE_CURVE('',#2800,#2840,#1412,.T.);
#3660=EDGE_CURVE('',#2801,#2839,#1413,.T.);
#3661=EDGE_CURVE('',#2782,#2838,#1414,.T.);
#3662=EDGE_CURVE('',#2783,#2837,#1415,.T.);
#3663=EDGE_CURVE('',#2784,#2836,#1416,.T.);
#3664=EDGE_CURVE('',#2785,#2835,#1417,.T.);
#3665=EDGE_CURVE('',#2786,#2834,#1418,.T.);
#3666=EDGE_CURVE('',#2851,#2787,#1419,.T.);
#3667=EDGE_CURVE('',#2788,#2833,#1420,.T.);
#3668=EDGE_CURVE('',#2852,#2852,#2375,.T.);
#3669=EDGE_CURVE('',#2852,#2850,#1421,.T.);
#3670=EDGE_CURVE('',#2853,#2854,#1422,.T.);
#3671=EDGE_CURVE('',#2853,#2855,#1423,.T.);
#3672=EDGE_CURVE('',#2855,#2856,#1424,.T.);
#3673=EDGE_CURVE('',#2854,#2856,#1425,.T.);
#3674=EDGE_CURVE('',#2857,#2853,#1426,.T.);
#3675=EDGE_CURVE('',#2857,#2858,#1427,.T.);
#3676=EDGE_CURVE('',#2858,#2855,#1428,.T.);
#3677=EDGE_CURVE('',#2859,#2857,#1429,.T.);
#3678=EDGE_CURVE('',#2859,#2860,#1430,.T.);
#3679=EDGE_CURVE('',#2860,#2858,#1431,.T.);
#3680=EDGE_CURVE('',#2854,#2859,#1432,.T.);
#3681=EDGE_CURVE('',#2856,#2860,#1433,.T.);
#3682=EDGE_CURVE('',#2861,#2862,#1434,.T.);
#3683=EDGE_CURVE('',#2862,#2863,#1435,.T.);
#3684=EDGE_CURVE('',#2864,#2863,#1436,.T.);
#3685=EDGE_CURVE('',#2861,#2864,#2376,.T.);
#3686=EDGE_CURVE('',#2865,#2865,#2377,.T.);
#3687=EDGE_CURVE('',#2866,#2867,#1437,.T.);
#3688=EDGE_CURVE('',#2867,#2868,#2378,.T.);
#3689=EDGE_CURVE('',#2868,#2869,#1438,.T.);
#3690=EDGE_CURVE('',#2869,#2866,#1439,.T.);
#3691=EDGE_CURVE('',#2870,#2870,#2379,.T.);
#3692=EDGE_CURVE('',#2861,#2867,#1440,.T.);
#3693=EDGE_CURVE('',#2866,#2862,#1441,.T.);
#3694=EDGE_CURVE('',#2864,#2868,#1442,.T.);
#3695=EDGE_CURVE('',#2863,#2869,#1443,.T.);
#3696=EDGE_CURVE('',#2870,#2865,#1444,.T.);
#3697=EDGE_CURVE('',#2871,#2872,#2380,.T.);
#3698=EDGE_CURVE('',#2873,#2871,#1445,.T.);
#3699=EDGE_CURVE('',#2874,#2873,#2381,.T.);
#3700=EDGE_CURVE('',#2875,#2874,#1446,.T.);
#3701=EDGE_CURVE('',#2876,#2875,#2382,.T.);
#3702=EDGE_CURVE('',#2877,#2876,#1447,.T.);
#3703=EDGE_CURVE('',#2878,#2877,#2383,.T.);
#3704=EDGE_CURVE('',#2879,#2878,#1448,.T.);
#3705=EDGE_CURVE('',#2880,#2879,#2384,.T.);
#3706=EDGE_CURVE('',#2872,#2880,#1449,.T.);
#3707=EDGE_CURVE('',#2881,#2881,#2385,.T.);
#3708=EDGE_CURVE('',#2882,#2882,#2386,.T.);
#3709=EDGE_CURVE('',#2883,#2883,#2387,.T.);
#3710=EDGE_CURVE('',#2875,#2884,#1450,.T.);
#3711=EDGE_CURVE('',#2885,#2884,#2388,.T.);
#3712=EDGE_CURVE('',#2876,#2885,#1451,.T.);
#3713=EDGE_CURVE('',#2874,#2886,#1452,.T.);
#3714=EDGE_CURVE('',#2884,#2886,#1453,.T.);
#3715=EDGE_CURVE('',#2873,#2887,#1454,.T.);
#3716=EDGE_CURVE('',#2886,#2887,#2389,.T.);
#3717=EDGE_CURVE('',#2871,#2888,#1455,.T.);
#3718=EDGE_CURVE('',#2887,#2888,#1456,.T.);
#3719=EDGE_CURVE('',#2872,#2889,#1457,.T.);
#3720=EDGE_CURVE('',#2888,#2889,#2390,.T.);
#3721=EDGE_CURVE('',#2890,#2890,#2391,.T.);
#3722=EDGE_CURVE('',#2890,#2882,#1458,.T.);
#3723=EDGE_CURVE('',#2891,#2891,#2392,.T.);
#3724=EDGE_CURVE('',#2891,#2881,#1459,.T.);
#3725=EDGE_CURVE('',#2892,#2892,#2393,.T.);
#3726=EDGE_CURVE('',#2892,#2883,#1460,.T.);
#3727=EDGE_CURVE('',#2893,#2885,#1461,.T.);
#3728=EDGE_CURVE('',#2877,#2893,#1462,.T.);
#3729=EDGE_CURVE('',#2894,#2893,#2394,.T.);
#3730=EDGE_CURVE('',#2878,#2894,#1463,.T.);
#3731=EDGE_CURVE('',#2895,#2894,#1464,.T.);
#3732=EDGE_CURVE('',#2879,#2895,#1465,.T.);
#3733=EDGE_CURVE('',#2896,#2895,#2395,.T.);
#3734=EDGE_CURVE('',#2880,#2896,#1466,.T.);
#3735=EDGE_CURVE('',#2889,#2896,#1467,.T.);
#3736=EDGE_CURVE('',#2897,#2898,#2396,.T.);
#3737=EDGE_CURVE('',#2899,#2897,#1468,.T.);
#3738=EDGE_CURVE('',#2900,#2899,#2397,.T.);
#3739=EDGE_CURVE('',#2901,#2900,#1469,.T.);
#3740=EDGE_CURVE('',#2902,#2901,#2398,.T.);
#3741=EDGE_CURVE('',#2903,#2902,#1470,.T.);
#3742=EDGE_CURVE('',#2904,#2903,#2399,.T.);
#3743=EDGE_CURVE('',#2898,#2904,#1471,.T.);
#3744=EDGE_CURVE('',#2905,#2906,#2400,.T.);
#3745=EDGE_CURVE('',#2907,#2905,#1472,.T.);
#3746=EDGE_CURVE('',#2908,#2907,#2401,.T.);
#3747=EDGE_CURVE('',#2909,#2908,#1473,.T.);
#3748=EDGE_CURVE('',#2910,#2909,#2402,.T.);
#3749=EDGE_CURVE('',#2911,#2910,#1474,.T.);
#3750=EDGE_CURVE('',#2912,#2911,#2403,.T.);
#3751=EDGE_CURVE('',#2913,#2912,#1475,.T.);
#3752=EDGE_CURVE('',#2914,#2913,#2404,.T.);
#3753=EDGE_CURVE('',#2906,#2914,#1476,.T.);
#3754=EDGE_CURVE('',#2909,#2915,#1477,.T.);
#3755=EDGE_CURVE('',#2916,#2915,#2405,.T.);
#3756=EDGE_CURVE('',#2910,#2916,#1478,.T.);
#3757=EDGE_CURVE('',#2908,#2917,#1479,.T.);
#3758=EDGE_CURVE('',#2915,#2917,#1480,.T.);
#3759=EDGE_CURVE('',#2907,#2918,#1481,.T.);
#3760=EDGE_CURVE('',#2917,#2918,#2406,.T.);
#3761=EDGE_CURVE('',#2905,#2919,#1482,.T.);
#3762=EDGE_CURVE('',#2918,#2919,#1483,.T.);
#3763=EDGE_CURVE('',#2906,#2920,#1484,.T.);
#3764=EDGE_CURVE('',#2919,#2920,#2407,.T.);
#3765=EDGE_CURVE('',#2900,#2921,#1485,.T.);
#3766=EDGE_CURVE('',#2922,#2921,#1486,.T.);
#3767=EDGE_CURVE('',#2901,#2922,#1487,.T.);
#3768=EDGE_CURVE('',#2899,#2923,#1488,.T.);
#3769=EDGE_CURVE('',#2921,#2923,#2408,.T.);
#3770=EDGE_CURVE('',#2897,#2924,#1489,.T.);
#3771=EDGE_CURVE('',#2923,#2924,#1490,.T.);
#3772=EDGE_CURVE('',#2898,#2925,#1491,.T.);
#3773=EDGE_CURVE('',#2924,#2925,#2409,.T.);
#3774=EDGE_CURVE('',#2926,#2916,#1492,.T.);
#3775=EDGE_CURVE('',#2911,#2926,#1493,.T.);
#3776=EDGE_CURVE('',#2927,#2926,#2410,.T.);
#3777=EDGE_CURVE('',#2912,#2927,#1494,.T.);
#3778=EDGE_CURVE('',#2928,#2927,#1495,.T.);
#3779=EDGE_CURVE('',#2913,#2928,#1496,.T.);
#3780=EDGE_CURVE('',#2929,#2928,#2411,.T.);
#3781=EDGE_CURVE('',#2914,#2929,#1497,.T.);
#3782=EDGE_CURVE('',#2920,#2929,#1498,.T.);
#3783=EDGE_CURVE('',#2930,#2922,#2412,.T.);
#3784=EDGE_CURVE('',#2902,#2930,#1499,.T.);
#3785=EDGE_CURVE('',#2931,#2930,#1500,.T.);
#3786=EDGE_CURVE('',#2903,#2931,#1501,.T.);
#3787=EDGE_CURVE('',#2932,#2931,#2413,.T.);
#3788=EDGE_CURVE('',#2904,#2932,#1502,.T.);
#3789=EDGE_CURVE('',#2925,#2932,#1503,.T.);
#3790=EDGE_CURVE('',#2933,#2934,#1504,.T.);
#3791=EDGE_CURVE('',#2934,#2935,#1505,.T.);
#3792=EDGE_CURVE('',#2936,#2935,#1506,.T.);
#3793=EDGE_CURVE('',#2933,#2936,#1507,.T.);
#3794=EDGE_CURVE('',#2937,#2933,#2414,.T.);
#3795=EDGE_CURVE('',#2938,#2936,#2415,.T.);
#3796=EDGE_CURVE('',#2937,#2938,#1508,.T.);
#3797=EDGE_CURVE('',#2939,#2937,#1509,.T.);
#3798=EDGE_CURVE('',#2940,#2938,#1510,.T.);
#3799=EDGE_CURVE('',#2939,#2940,#1511,.T.);
#3800=EDGE_CURVE('',#2941,#2939,#2416,.T.);
#3801=EDGE_CURVE('',#2942,#2940,#2417,.T.);
#3802=EDGE_CURVE('',#2941,#2942,#1512,.T.);
#3803=EDGE_CURVE('',#2943,#2941,#1513,.T.);
#3804=EDGE_CURVE('',#2944,#2942,#1514,.T.);
#3805=EDGE_CURVE('',#2943,#2944,#1515,.T.);
#3806=EDGE_CURVE('',#2945,#2943,#2418,.T.);
#3807=EDGE_CURVE('',#2946,#2944,#2419,.T.);
#3808=EDGE_CURVE('',#2945,#2946,#1516,.T.);
#3809=EDGE_CURVE('',#2947,#2945,#1517,.T.);
#3810=EDGE_CURVE('',#2948,#2946,#1518,.T.);
#3811=EDGE_CURVE('',#2947,#2948,#1519,.T.);
#3812=EDGE_CURVE('',#2949,#2947,#2420,.T.);
#3813=EDGE_CURVE('',#2950,#2948,#2421,.T.);
#3814=EDGE_CURVE('',#2949,#2950,#1520,.T.);
#3815=EDGE_CURVE('',#2951,#2949,#1521,.T.);
#3816=EDGE_CURVE('',#2952,#2950,#1522,.T.);
#3817=EDGE_CURVE('',#2951,#2952,#1523,.T.);
#3818=EDGE_CURVE('',#2934,#2951,#2422,.T.);
#3819=EDGE_CURVE('',#2935,#2952,#2423,.T.);
#3820=EDGE_CURVE('',#2953,#2954,#1524,.T.);
#3821=EDGE_CURVE('',#2953,#2955,#1525,.T.);
#3822=EDGE_CURVE('',#2956,#2955,#1526,.T.);
#3823=EDGE_CURVE('',#2954,#2956,#1527,.T.);
#3824=EDGE_CURVE('',#2957,#2954,#2424,.T.);
#3825=EDGE_CURVE('',#2958,#2956,#2425,.T.);
#3826=EDGE_CURVE('',#2957,#2958,#1528,.T.);
#3827=EDGE_CURVE('',#2957,#2959,#1529,.T.);
#3828=EDGE_CURVE('',#2960,#2958,#1530,.T.);
#3829=EDGE_CURVE('',#2959,#2960,#1531,.T.);
#3830=EDGE_CURVE('',#2961,#2959,#2426,.T.);
#3831=EDGE_CURVE('',#2962,#2960,#2427,.T.);
#3832=EDGE_CURVE('',#2961,#2962,#1532,.T.);
#3833=EDGE_CURVE('',#2961,#2963,#1533,.T.);
#3834=EDGE_CURVE('',#2964,#2962,#1534,.T.);
#3835=EDGE_CURVE('',#2963,#2964,#1535,.T.);
#3836=EDGE_CURVE('',#2965,#2963,#2428,.T.);
#3837=EDGE_CURVE('',#2966,#2964,#2429,.T.);
#3838=EDGE_CURVE('',#2965,#2966,#1536,.T.);
#3839=EDGE_CURVE('',#2965,#2967,#1537,.T.);
#3840=EDGE_CURVE('',#2968,#2966,#1538,.T.);
#3841=EDGE_CURVE('',#2967,#2968,#1539,.T.);
#3842=EDGE_CURVE('',#2953,#2967,#2430,.T.);
#3843=EDGE_CURVE('',#2955,#2968,#2431,.T.);
#3844=EDGE_CURVE('',#2969,#2970,#1540,.T.);
#3845=EDGE_CURVE('',#2970,#2971,#1541,.T.);
#3846=EDGE_CURVE('',#2972,#2971,#1542,.T.);
#3847=EDGE_CURVE('',#2969,#2972,#1543,.T.);
#3848=EDGE_CURVE('',#2973,#2969,#2432,.T.);
#3849=EDGE_CURVE('',#2974,#2972,#2433,.T.);
#3850=EDGE_CURVE('',#2973,#2974,#1544,.T.);
#3851=EDGE_CURVE('',#2975,#2973,#1545,.T.);
#3852=EDGE_CURVE('',#2976,#2974,#1546,.T.);
#3853=EDGE_CURVE('',#2975,#2976,#1547,.T.);
#3854=EDGE_CURVE('',#2977,#2975,#2434,.T.);
#3855=EDGE_CURVE('',#2978,#2976,#2435,.T.);
#3856=EDGE_CURVE('',#2977,#2978,#1548,.T.);
#3857=EDGE_CURVE('',#2979,#2977,#1549,.T.);
#3858=EDGE_CURVE('',#2980,#2978,#1550,.T.);
#3859=EDGE_CURVE('',#2979,#2980,#1551,.T.);
#3860=EDGE_CURVE('',#2981,#2979,#2436,.T.);
#3861=EDGE_CURVE('',#2982,#2980,#2437,.T.);
#3862=EDGE_CURVE('',#2981,#2982,#1552,.T.);
#3863=EDGE_CURVE('',#2983,#2981,#1553,.T.);
#3864=EDGE_CURVE('',#2984,#2982,#1554,.T.);
#3865=EDGE_CURVE('',#2983,#2984,#1555,.T.);
#3866=EDGE_CURVE('',#2985,#2983,#2438,.T.);
#3867=EDGE_CURVE('',#2986,#2984,#2439,.T.);
#3868=EDGE_CURVE('',#2985,#2986,#1556,.T.);
#3869=EDGE_CURVE('',#2987,#2985,#1557,.T.);
#3870=EDGE_CURVE('',#2988,#2986,#1558,.T.);
#3871=EDGE_CURVE('',#2987,#2988,#1559,.T.);
#3872=EDGE_CURVE('',#2970,#2987,#2440,.T.);
#3873=EDGE_CURVE('',#2971,#2988,#2441,.T.);
#3874=EDGE_CURVE('',#2989,#2990,#1560,.T.);
#3875=EDGE_CURVE('',#2989,#2991,#1561,.T.);
#3876=EDGE_CURVE('',#2992,#2991,#1562,.T.);
#3877=EDGE_CURVE('',#2990,#2992,#1563,.T.);
#3878=EDGE_CURVE('',#2993,#2990,#2442,.T.);
#3879=EDGE_CURVE('',#2994,#2992,#2443,.T.);
#3880=EDGE_CURVE('',#2993,#2994,#1564,.T.);
#3881=EDGE_CURVE('',#2993,#2995,#1565,.T.);
#3882=EDGE_CURVE('',#2996,#2994,#1566,.T.);
#3883=EDGE_CURVE('',#2995,#2996,#1567,.T.);
#3884=EDGE_CURVE('',#2997,#2995,#2444,.T.);
#3885=EDGE_CURVE('',#2998,#2996,#2445,.T.);
#3886=EDGE_CURVE('',#2997,#2998,#1568,.T.);
#3887=EDGE_CURVE('',#2997,#2999,#1569,.T.);
#3888=EDGE_CURVE('',#3000,#2998,#1570,.T.);
#3889=EDGE_CURVE('',#2999,#3000,#1571,.T.);
#3890=EDGE_CURVE('',#3001,#2999,#2446,.T.);
#3891=EDGE_CURVE('',#3002,#3000,#2447,.T.);
#3892=EDGE_CURVE('',#3001,#3002,#1572,.T.);
#3893=EDGE_CURVE('',#3001,#3003,#1573,.T.);
#3894=EDGE_CURVE('',#3004,#3002,#1574,.T.);
#3895=EDGE_CURVE('',#3003,#3004,#1575,.T.);
#3896=EDGE_CURVE('',#2989,#3003,#2448,.T.);
#3897=EDGE_CURVE('',#2991,#3004,#2449,.T.);
#3898=ORIENTED_EDGE('',*,*,#3005,.F.);
#3899=ORIENTED_EDGE('',*,*,#3006,.T.);
#3900=ORIENTED_EDGE('',*,*,#3007,.T.);
#3901=ORIENTED_EDGE('',*,*,#3006,.F.);
#3902=ORIENTED_EDGE('',*,*,#3008,.F.);
#3903=ORIENTED_EDGE('',*,*,#3009,.T.);
#3904=ORIENTED_EDGE('',*,*,#3010,.F.);
#3905=ORIENTED_EDGE('',*,*,#3011,.F.);
#3906=ORIENTED_EDGE('',*,*,#3012,.F.);
#3907=ORIENTED_EDGE('',*,*,#3011,.T.);
#3908=ORIENTED_EDGE('',*,*,#3013,.F.);
#3909=ORIENTED_EDGE('',*,*,#3014,.F.);
#3910=ORIENTED_EDGE('',*,*,#3015,.T.);
#3911=ORIENTED_EDGE('',*,*,#3016,.F.);
#3912=ORIENTED_EDGE('',*,*,#3017,.F.);
#3913=ORIENTED_EDGE('',*,*,#3018,.F.);
#3914=ORIENTED_EDGE('',*,*,#3019,.T.);
#3915=ORIENTED_EDGE('',*,*,#3018,.T.);
#3916=ORIENTED_EDGE('',*,*,#3020,.F.);
#3917=ORIENTED_EDGE('',*,*,#3009,.F.);
#3918=ORIENTED_EDGE('',*,*,#3020,.T.);
#3919=ORIENTED_EDGE('',*,*,#3017,.T.);
#3920=ORIENTED_EDGE('',*,*,#3021,.F.);
#3921=ORIENTED_EDGE('',*,*,#3013,.T.);
#3922=ORIENTED_EDGE('',*,*,#3010,.T.);
#3923=ORIENTED_EDGE('',*,*,#3005,.T.);
#3924=ORIENTED_EDGE('',*,*,#3022,.F.);
#3925=ORIENTED_EDGE('',*,*,#3023,.F.);
#3926=ORIENTED_EDGE('',*,*,#3024,.T.);
#3927=ORIENTED_EDGE('',*,*,#3025,.F.);
#3928=ORIENTED_EDGE('',*,*,#3026,.F.);
#3929=ORIENTED_EDGE('',*,*,#3027,.T.);
#3930=ORIENTED_EDGE('',*,*,#3028,.T.);
#3931=ORIENTED_EDGE('',*,*,#3027,.F.);
#3932=ORIENTED_EDGE('',*,*,#3029,.F.);
#3933=ORIENTED_EDGE('',*,*,#3030,.F.);
#3934=ORIENTED_EDGE('',*,*,#3031,.F.);
#3935=ORIENTED_EDGE('',*,*,#3032,.T.);
#3936=ORIENTED_EDGE('',*,*,#3033,.T.);
#3937=ORIENTED_EDGE('',*,*,#3031,.T.);
#3938=ORIENTED_EDGE('',*,*,#3034,.F.);
#3939=ORIENTED_EDGE('',*,*,#3024,.F.);
#3940=ORIENTED_EDGE('',*,*,#3035,.F.);
#3941=ORIENTED_EDGE('',*,*,#3025,.T.);
#3942=ORIENTED_EDGE('',*,*,#3034,.T.);
#3943=ORIENTED_EDGE('',*,*,#3030,.T.);
#3944=ORIENTED_EDGE('',*,*,#3026,.T.);
#3945=ORIENTED_EDGE('',*,*,#3022,.T.);
#3946=ORIENTED_EDGE('',*,*,#3035,.T.);
#3947=ORIENTED_EDGE('',*,*,#3029,.T.);
#3948=ORIENTED_EDGE('',*,*,#3036,.T.);
#3949=ORIENTED_EDGE('',*,*,#3037,.T.);
#3950=ORIENTED_EDGE('',*,*,#3038,.F.);
#3951=ORIENTED_EDGE('',*,*,#3039,.F.);
#3952=ORIENTED_EDGE('',*,*,#3040,.T.);
#3953=ORIENTED_EDGE('',*,*,#3041,.T.);
#3954=ORIENTED_EDGE('',*,*,#3042,.T.);
#3955=ORIENTED_EDGE('',*,*,#3043,.T.);
#3956=ORIENTED_EDGE('',*,*,#3044,.T.);
#3957=ORIENTED_EDGE('',*,*,#3045,.T.);
#3958=ORIENTED_EDGE('',*,*,#3046,.T.);
#3959=ORIENTED_EDGE('',*,*,#3047,.T.);
#3960=ORIENTED_EDGE('',*,*,#3048,.T.);
#3961=ORIENTED_EDGE('',*,*,#3049,.F.);
#3962=ORIENTED_EDGE('',*,*,#3050,.T.);
#3963=ORIENTED_EDGE('',*,*,#3051,.T.);
#3964=ORIENTED_EDGE('',*,*,#3050,.F.);
#3965=ORIENTED_EDGE('',*,*,#3052,.F.);
#3966=ORIENTED_EDGE('',*,*,#3053,.T.);
#3967=ORIENTED_EDGE('',*,*,#3054,.F.);
#3968=ORIENTED_EDGE('',*,*,#3055,.F.);
#3969=ORIENTED_EDGE('',*,*,#3056,.T.);
#3970=ORIENTED_EDGE('',*,*,#3057,.F.);
#3971=ORIENTED_EDGE('',*,*,#3058,.F.);
#3972=ORIENTED_EDGE('',*,*,#3059,.F.);
#3973=ORIENTED_EDGE('',*,*,#3060,.T.);
#3974=ORIENTED_EDGE('',*,*,#3059,.T.);
#3975=ORIENTED_EDGE('',*,*,#3061,.F.);
#3976=ORIENTED_EDGE('',*,*,#3053,.F.);
#3977=ORIENTED_EDGE('',*,*,#3061,.T.);
#3978=ORIENTED_EDGE('',*,*,#3058,.T.);
#3979=ORIENTED_EDGE('',*,*,#3062,.F.);
#3980=ORIENTED_EDGE('',*,*,#3054,.T.);
#3981=ORIENTED_EDGE('',*,*,#3049,.T.);
#3982=ORIENTED_EDGE('',*,*,#3063,.F.);
#3983=ORIENTED_EDGE('',*,*,#3064,.F.);
#3984=ORIENTED_EDGE('',*,*,#3065,.F.);
#3985=ORIENTED_EDGE('',*,*,#3066,.T.);
#3986=ORIENTED_EDGE('',*,*,#3067,.F.);
#3987=ORIENTED_EDGE('',*,*,#3066,.F.);
#3988=ORIENTED_EDGE('',*,*,#3068,.F.);
#3989=ORIENTED_EDGE('',*,*,#3069,.T.);
#3990=ORIENTED_EDGE('',*,*,#3070,.F.);
#3991=ORIENTED_EDGE('',*,*,#3069,.F.);
#3992=ORIENTED_EDGE('',*,*,#3071,.F.);
#3993=ORIENTED_EDGE('',*,*,#3072,.T.);
#3994=ORIENTED_EDGE('',*,*,#3073,.F.);
#3995=ORIENTED_EDGE('',*,*,#3072,.F.);
#3996=ORIENTED_EDGE('',*,*,#3074,.F.);
#3997=ORIENTED_EDGE('',*,*,#3075,.T.);
#3998=ORIENTED_EDGE('',*,*,#3076,.F.);
#3999=ORIENTED_EDGE('',*,*,#3075,.F.);
#4000=ORIENTED_EDGE('',*,*,#3077,.F.);
#4001=ORIENTED_EDGE('',*,*,#3078,.T.);
#4002=ORIENTED_EDGE('',*,*,#3079,.F.);
#4003=ORIENTED_EDGE('',*,*,#3078,.F.);
#4004=ORIENTED_EDGE('',*,*,#3080,.F.);
#4005=ORIENTED_EDGE('',*,*,#3081,.T.);
#4006=ORIENTED_EDGE('',*,*,#3082,.F.);
#4007=ORIENTED_EDGE('',*,*,#3081,.F.);
#4008=ORIENTED_EDGE('',*,*,#3083,.F.);
#4009=ORIENTED_EDGE('',*,*,#3084,.T.);
#4010=ORIENTED_EDGE('',*,*,#3085,.F.);
#4011=ORIENTED_EDGE('',*,*,#3084,.F.);
#4012=ORIENTED_EDGE('',*,*,#3086,.F.);
#4013=ORIENTED_EDGE('',*,*,#3064,.T.);
#4014=ORIENTED_EDGE('',*,*,#3045,.F.);
#4015=ORIENTED_EDGE('',*,*,#3087,.F.);
#4016=ORIENTED_EDGE('',*,*,#3088,.F.);
#4017=ORIENTED_EDGE('',*,*,#3089,.T.);
#4018=ORIENTED_EDGE('',*,*,#3046,.F.);
#4019=ORIENTED_EDGE('',*,*,#3089,.F.);
#4020=ORIENTED_EDGE('',*,*,#3090,.F.);
#4021=ORIENTED_EDGE('',*,*,#3091,.T.);
#4022=ORIENTED_EDGE('',*,*,#3047,.F.);
#4023=ORIENTED_EDGE('',*,*,#3091,.F.);
#4024=ORIENTED_EDGE('',*,*,#3092,.F.);
#4025=ORIENTED_EDGE('',*,*,#3093,.T.);
#4026=ORIENTED_EDGE('',*,*,#3048,.F.);
#4027=ORIENTED_EDGE('',*,*,#3093,.F.);
#4028=ORIENTED_EDGE('',*,*,#3094,.F.);
#4029=ORIENTED_EDGE('',*,*,#3095,.T.);
#4030=ORIENTED_EDGE('',*,*,#3041,.F.);
#4031=ORIENTED_EDGE('',*,*,#3095,.F.);
#4032=ORIENTED_EDGE('',*,*,#3096,.F.);
#4033=ORIENTED_EDGE('',*,*,#3097,.T.);
#4034=ORIENTED_EDGE('',*,*,#3042,.F.);
#4035=ORIENTED_EDGE('',*,*,#3097,.F.);
#4036=ORIENTED_EDGE('',*,*,#3098,.F.);
#4037=ORIENTED_EDGE('',*,*,#3099,.T.);
#4038=ORIENTED_EDGE('',*,*,#3043,.F.);
#4039=ORIENTED_EDGE('',*,*,#3099,.F.);
#4040=ORIENTED_EDGE('',*,*,#3100,.F.);
#4041=ORIENTED_EDGE('',*,*,#3101,.T.);
#4042=ORIENTED_EDGE('',*,*,#3044,.F.);
#4043=ORIENTED_EDGE('',*,*,#3101,.F.);
#4044=ORIENTED_EDGE('',*,*,#3102,.F.);
#4045=ORIENTED_EDGE('',*,*,#3087,.T.);
#4046=ORIENTED_EDGE('',*,*,#3103,.F.);
#4047=ORIENTED_EDGE('',*,*,#3104,.F.);
#4048=ORIENTED_EDGE('',*,*,#3105,.F.);
#4049=ORIENTED_EDGE('',*,*,#3106,.T.);
#4050=ORIENTED_EDGE('',*,*,#3107,.F.);
#4051=ORIENTED_EDGE('',*,*,#3106,.F.);
#4052=ORIENTED_EDGE('',*,*,#3108,.F.);
#4053=ORIENTED_EDGE('',*,*,#3109,.T.);
#4054=ORIENTED_EDGE('',*,*,#3110,.F.);
#4055=ORIENTED_EDGE('',*,*,#3109,.F.);
#4056=ORIENTED_EDGE('',*,*,#3111,.F.);
#4057=ORIENTED_EDGE('',*,*,#3112,.T.);
#4058=ORIENTED_EDGE('',*,*,#3113,.F.);
#4059=ORIENTED_EDGE('',*,*,#3112,.F.);
#4060=ORIENTED_EDGE('',*,*,#3114,.F.);
#4061=ORIENTED_EDGE('',*,*,#3115,.T.);
#4062=ORIENTED_EDGE('',*,*,#3116,.F.);
#4063=ORIENTED_EDGE('',*,*,#3115,.F.);
#4064=ORIENTED_EDGE('',*,*,#3117,.F.);
#4065=ORIENTED_EDGE('',*,*,#3118,.T.);
#4066=ORIENTED_EDGE('',*,*,#3119,.F.);
#4067=ORIENTED_EDGE('',*,*,#3118,.F.);
#4068=ORIENTED_EDGE('',*,*,#3120,.F.);
#4069=ORIENTED_EDGE('',*,*,#3121,.T.);
#4070=ORIENTED_EDGE('',*,*,#3122,.F.);
#4071=ORIENTED_EDGE('',*,*,#3121,.F.);
#4072=ORIENTED_EDGE('',*,*,#3123,.F.);
#4073=ORIENTED_EDGE('',*,*,#3124,.T.);
#4074=ORIENTED_EDGE('',*,*,#3125,.F.);
#4075=ORIENTED_EDGE('',*,*,#3124,.F.);
#4076=ORIENTED_EDGE('',*,*,#3126,.F.);
#4077=ORIENTED_EDGE('',*,*,#3104,.T.);
#4078=ORIENTED_EDGE('',*,*,#3127,.F.);
#4079=ORIENTED_EDGE('',*,*,#3128,.F.);
#4080=ORIENTED_EDGE('',*,*,#3129,.F.);
#4081=ORIENTED_EDGE('',*,*,#3130,.T.);
#4082=ORIENTED_EDGE('',*,*,#3131,.F.);
#4083=ORIENTED_EDGE('',*,*,#3130,.F.);
#4084=ORIENTED_EDGE('',*,*,#3132,.F.);
#4085=ORIENTED_EDGE('',*,*,#3133,.T.);
#4086=ORIENTED_EDGE('',*,*,#3134,.F.);
#4087=ORIENTED_EDGE('',*,*,#3133,.F.);
#4088=ORIENTED_EDGE('',*,*,#3135,.F.);
#4089=ORIENTED_EDGE('',*,*,#3136,.T.);
#4090=ORIENTED_EDGE('',*,*,#3137,.F.);
#4091=ORIENTED_EDGE('',*,*,#3136,.F.);
#4092=ORIENTED_EDGE('',*,*,#3138,.F.);
#4093=ORIENTED_EDGE('',*,*,#3139,.T.);
#4094=ORIENTED_EDGE('',*,*,#3140,.F.);
#4095=ORIENTED_EDGE('',*,*,#3139,.F.);
#4096=ORIENTED_EDGE('',*,*,#3141,.F.);
#4097=ORIENTED_EDGE('',*,*,#3142,.T.);
#4098=ORIENTED_EDGE('',*,*,#3143,.F.);
#4099=ORIENTED_EDGE('',*,*,#3142,.F.);
#4100=ORIENTED_EDGE('',*,*,#3144,.F.);
#4101=ORIENTED_EDGE('',*,*,#3145,.T.);
#4102=ORIENTED_EDGE('',*,*,#3146,.F.);
#4103=ORIENTED_EDGE('',*,*,#3145,.F.);
#4104=ORIENTED_EDGE('',*,*,#3147,.F.);
#4105=ORIENTED_EDGE('',*,*,#3148,.T.);
#4106=ORIENTED_EDGE('',*,*,#3149,.F.);
#4107=ORIENTED_EDGE('',*,*,#3148,.F.);
#4108=ORIENTED_EDGE('',*,*,#3150,.F.);
#4109=ORIENTED_EDGE('',*,*,#3128,.T.);
#4110=ORIENTED_EDGE('',*,*,#3151,.F.);
#4111=ORIENTED_EDGE('',*,*,#3152,.F.);
#4112=ORIENTED_EDGE('',*,*,#3153,.F.);
#4113=ORIENTED_EDGE('',*,*,#3154,.T.);
#4114=ORIENTED_EDGE('',*,*,#3155,.F.);
#4115=ORIENTED_EDGE('',*,*,#3154,.F.);
#4116=ORIENTED_EDGE('',*,*,#3156,.F.);
#4117=ORIENTED_EDGE('',*,*,#3157,.T.);
#4118=ORIENTED_EDGE('',*,*,#3158,.F.);
#4119=ORIENTED_EDGE('',*,*,#3157,.F.);
#4120=ORIENTED_EDGE('',*,*,#3159,.F.);
#4121=ORIENTED_EDGE('',*,*,#3160,.T.);
#4122=ORIENTED_EDGE('',*,*,#3161,.F.);
#4123=ORIENTED_EDGE('',*,*,#3160,.F.);
#4124=ORIENTED_EDGE('',*,*,#3162,.F.);
#4125=ORIENTED_EDGE('',*,*,#3163,.T.);
#4126=ORIENTED_EDGE('',*,*,#3164,.F.);
#4127=ORIENTED_EDGE('',*,*,#3163,.F.);
#4128=ORIENTED_EDGE('',*,*,#3165,.F.);
#4129=ORIENTED_EDGE('',*,*,#3166,.T.);
#4130=ORIENTED_EDGE('',*,*,#3167,.F.);
#4131=ORIENTED_EDGE('',*,*,#3166,.F.);
#4132=ORIENTED_EDGE('',*,*,#3168,.F.);
#4133=ORIENTED_EDGE('',*,*,#3169,.T.);
#4134=ORIENTED_EDGE('',*,*,#3170,.F.);
#4135=ORIENTED_EDGE('',*,*,#3169,.F.);
#4136=ORIENTED_EDGE('',*,*,#3171,.F.);
#4137=ORIENTED_EDGE('',*,*,#3172,.T.);
#4138=ORIENTED_EDGE('',*,*,#3173,.F.);
#4139=ORIENTED_EDGE('',*,*,#3172,.F.);
#4140=ORIENTED_EDGE('',*,*,#3174,.F.);
#4141=ORIENTED_EDGE('',*,*,#3152,.T.);
#4142=ORIENTED_EDGE('',*,*,#3175,.F.);
#4143=ORIENTED_EDGE('',*,*,#3176,.T.);
#4144=ORIENTED_EDGE('',*,*,#3177,.F.);
#4145=ORIENTED_EDGE('',*,*,#3178,.F.);
#4146=ORIENTED_EDGE('',*,*,#3179,.F.);
#4147=ORIENTED_EDGE('',*,*,#3178,.T.);
#4148=ORIENTED_EDGE('',*,*,#3180,.F.);
#4149=ORIENTED_EDGE('',*,*,#3181,.F.);
#4150=ORIENTED_EDGE('',*,*,#3182,.F.);
#4151=ORIENTED_EDGE('',*,*,#3181,.T.);
#4152=ORIENTED_EDGE('',*,*,#3183,.F.);
#4153=ORIENTED_EDGE('',*,*,#3184,.F.);
#4154=ORIENTED_EDGE('',*,*,#3185,.F.);
#4155=ORIENTED_EDGE('',*,*,#3184,.T.);
#4156=ORIENTED_EDGE('',*,*,#3186,.F.);
#4157=ORIENTED_EDGE('',*,*,#3187,.F.);
#4158=ORIENTED_EDGE('',*,*,#3188,.F.);
#4159=ORIENTED_EDGE('',*,*,#3187,.T.);
#4160=ORIENTED_EDGE('',*,*,#3189,.F.);
#4161=ORIENTED_EDGE('',*,*,#3190,.F.);
#4162=ORIENTED_EDGE('',*,*,#3191,.F.);
#4163=ORIENTED_EDGE('',*,*,#3192,.T.);
#4164=ORIENTED_EDGE('',*,*,#3193,.F.);
#4165=ORIENTED_EDGE('',*,*,#3194,.F.);
#4166=ORIENTED_EDGE('',*,*,#3195,.F.);
#4167=ORIENTED_EDGE('',*,*,#3194,.T.);
#4168=ORIENTED_EDGE('',*,*,#3196,.F.);
#4169=ORIENTED_EDGE('',*,*,#3197,.F.);
#4170=ORIENTED_EDGE('',*,*,#3198,.F.);
#4171=ORIENTED_EDGE('',*,*,#3197,.T.);
#4172=ORIENTED_EDGE('',*,*,#3199,.F.);
#4173=ORIENTED_EDGE('',*,*,#3200,.F.);
#4174=ORIENTED_EDGE('',*,*,#3201,.F.);
#4175=ORIENTED_EDGE('',*,*,#3200,.T.);
#4176=ORIENTED_EDGE('',*,*,#3202,.F.);
#4177=ORIENTED_EDGE('',*,*,#3176,.F.);
#4178=ORIENTED_EDGE('',*,*,#3203,.F.);
#4179=ORIENTED_EDGE('',*,*,#3204,.T.);
#4180=ORIENTED_EDGE('',*,*,#3205,.F.);
#4181=ORIENTED_EDGE('',*,*,#3206,.F.);
#4182=ORIENTED_EDGE('',*,*,#3207,.F.);
#4183=ORIENTED_EDGE('',*,*,#3206,.T.);
#4184=ORIENTED_EDGE('',*,*,#3208,.F.);
#4185=ORIENTED_EDGE('',*,*,#3209,.F.);
#4186=ORIENTED_EDGE('',*,*,#3210,.F.);
#4187=ORIENTED_EDGE('',*,*,#3209,.T.);
#4188=ORIENTED_EDGE('',*,*,#3211,.F.);
#4189=ORIENTED_EDGE('',*,*,#3212,.F.);
#4190=ORIENTED_EDGE('',*,*,#3213,.F.);
#4191=ORIENTED_EDGE('',*,*,#3212,.T.);
#4192=ORIENTED_EDGE('',*,*,#3214,.F.);
#4193=ORIENTED_EDGE('',*,*,#3215,.F.);
#4194=ORIENTED_EDGE('',*,*,#3216,.F.);
#4195=ORIENTED_EDGE('',*,*,#3215,.T.);
#4196=ORIENTED_EDGE('',*,*,#3217,.F.);
#4197=ORIENTED_EDGE('',*,*,#3218,.F.);
#4198=ORIENTED_EDGE('',*,*,#3219,.F.);
#4199=ORIENTED_EDGE('',*,*,#3218,.T.);
#4200=ORIENTED_EDGE('',*,*,#3220,.F.);
#4201=ORIENTED_EDGE('',*,*,#3221,.F.);
#4202=ORIENTED_EDGE('',*,*,#3222,.F.);
#4203=ORIENTED_EDGE('',*,*,#3221,.T.);
#4204=ORIENTED_EDGE('',*,*,#3223,.F.);
#4205=ORIENTED_EDGE('',*,*,#3224,.F.);
#4206=ORIENTED_EDGE('',*,*,#3225,.F.);
#4207=ORIENTED_EDGE('',*,*,#3224,.T.);
#4208=ORIENTED_EDGE('',*,*,#3226,.F.);
#4209=ORIENTED_EDGE('',*,*,#3204,.F.);
#4210=ORIENTED_EDGE('',*,*,#3226,.T.);
#4211=ORIENTED_EDGE('',*,*,#3223,.T.);
#4212=ORIENTED_EDGE('',*,*,#3220,.T.);
#4213=ORIENTED_EDGE('',*,*,#3217,.T.);
#4214=ORIENTED_EDGE('',*,*,#3214,.T.);
#4215=ORIENTED_EDGE('',*,*,#3211,.T.);
#4216=ORIENTED_EDGE('',*,*,#3208,.T.);
#4217=ORIENTED_EDGE('',*,*,#3205,.T.);
#4218=ORIENTED_EDGE('',*,*,#3202,.T.);
#4219=ORIENTED_EDGE('',*,*,#3199,.T.);
#4220=ORIENTED_EDGE('',*,*,#3196,.T.);
#4221=ORIENTED_EDGE('',*,*,#3193,.T.);
#4222=ORIENTED_EDGE('',*,*,#3227,.T.);
#4223=ORIENTED_EDGE('',*,*,#3228,.T.);
#4224=ORIENTED_EDGE('',*,*,#3189,.T.);
#4225=ORIENTED_EDGE('',*,*,#3186,.T.);
#4226=ORIENTED_EDGE('',*,*,#3183,.T.);
#4227=ORIENTED_EDGE('',*,*,#3180,.T.);
#4228=ORIENTED_EDGE('',*,*,#3177,.T.);
#4229=ORIENTED_EDGE('',*,*,#3229,.F.);
#4230=ORIENTED_EDGE('',*,*,#3230,.F.);
#4231=ORIENTED_EDGE('',*,*,#3231,.F.);
#4232=ORIENTED_EDGE('',*,*,#3232,.F.);
#4233=ORIENTED_EDGE('',*,*,#3233,.F.);
#4234=ORIENTED_EDGE('',*,*,#3234,.F.);
#4235=ORIENTED_EDGE('',*,*,#3235,.F.);
#4236=ORIENTED_EDGE('',*,*,#3236,.F.);
#4237=ORIENTED_EDGE('',*,*,#3237,.F.);
#4238=ORIENTED_EDGE('',*,*,#3238,.F.);
#4239=ORIENTED_EDGE('',*,*,#3239,.F.);
#4240=ORIENTED_EDGE('',*,*,#3240,.F.);
#4241=ORIENTED_EDGE('',*,*,#3241,.F.);
#4242=ORIENTED_EDGE('',*,*,#3242,.F.);
#4243=ORIENTED_EDGE('',*,*,#3243,.F.);
#4244=ORIENTED_EDGE('',*,*,#3244,.F.);
#4245=ORIENTED_EDGE('',*,*,#3245,.F.);
#4246=ORIENTED_EDGE('',*,*,#3246,.F.);
#4247=ORIENTED_EDGE('',*,*,#3247,.F.);
#4248=ORIENTED_EDGE('',*,*,#3248,.F.);
#4249=ORIENTED_EDGE('',*,*,#3249,.F.);
#4250=ORIENTED_EDGE('',*,*,#3250,.F.);
#4251=ORIENTED_EDGE('',*,*,#3251,.F.);
#4252=ORIENTED_EDGE('',*,*,#3252,.F.);
#4253=ORIENTED_EDGE('',*,*,#3253,.F.);
#4254=ORIENTED_EDGE('',*,*,#3254,.T.);
#4255=ORIENTED_EDGE('',*,*,#3255,.T.);
#4256=ORIENTED_EDGE('',*,*,#3256,.T.);
#4257=ORIENTED_EDGE('',*,*,#3257,.T.);
#4258=ORIENTED_EDGE('',*,*,#3203,.T.);
#4259=ORIENTED_EDGE('',*,*,#3207,.T.);
#4260=ORIENTED_EDGE('',*,*,#3210,.T.);
#4261=ORIENTED_EDGE('',*,*,#3213,.T.);
#4262=ORIENTED_EDGE('',*,*,#3216,.T.);
#4263=ORIENTED_EDGE('',*,*,#3219,.T.);
#4264=ORIENTED_EDGE('',*,*,#3222,.T.);
#4265=ORIENTED_EDGE('',*,*,#3225,.T.);
#4266=ORIENTED_EDGE('',*,*,#3258,.F.);
#4267=ORIENTED_EDGE('',*,*,#3259,.T.);
#4268=ORIENTED_EDGE('',*,*,#3260,.F.);
#4269=ORIENTED_EDGE('',*,*,#3259,.F.);
#4270=ORIENTED_EDGE('',*,*,#3261,.F.);
#4271=ORIENTED_EDGE('',*,*,#3262,.T.);
#4272=ORIENTED_EDGE('',*,*,#3263,.F.);
#4273=ORIENTED_EDGE('',*,*,#3262,.F.);
#4274=ORIENTED_EDGE('',*,*,#3190,.T.);
#4275=ORIENTED_EDGE('',*,*,#3228,.F.);
#4276=ORIENTED_EDGE('',*,*,#3264,.T.);
#4277=ORIENTED_EDGE('',*,*,#3265,.F.);
#4278=ORIENTED_EDGE('',*,*,#3264,.F.);
#4279=ORIENTED_EDGE('',*,*,#3227,.F.);
#4280=ORIENTED_EDGE('',*,*,#3192,.F.);
#4281=ORIENTED_EDGE('',*,*,#3266,.F.);
#4282=ORIENTED_EDGE('',*,*,#3267,.F.);
#4283=ORIENTED_EDGE('',*,*,#3268,.T.);
#4284=ORIENTED_EDGE('',*,*,#3269,.F.);
#4285=ORIENTED_EDGE('',*,*,#3268,.F.);
#4286=ORIENTED_EDGE('',*,*,#3254,.F.);
#4287=ORIENTED_EDGE('',*,*,#3270,.T.);
#4288=ORIENTED_EDGE('',*,*,#3271,.F.);
#4289=ORIENTED_EDGE('',*,*,#3272,.F.);
#4290=ORIENTED_EDGE('',*,*,#3255,.F.);
#4291=ORIENTED_EDGE('',*,*,#3272,.T.);
#4292=ORIENTED_EDGE('',*,*,#3273,.F.);
#4293=ORIENTED_EDGE('',*,*,#3274,.F.);
#4294=ORIENTED_EDGE('',*,*,#3256,.F.);
#4295=ORIENTED_EDGE('',*,*,#3274,.T.);
#4296=ORIENTED_EDGE('',*,*,#3275,.F.);
#4297=ORIENTED_EDGE('',*,*,#3276,.F.);
#4298=ORIENTED_EDGE('',*,*,#3257,.F.);
#4299=ORIENTED_EDGE('',*,*,#3276,.T.);
#4300=ORIENTED_EDGE('',*,*,#3277,.F.);
#4301=ORIENTED_EDGE('',*,*,#3270,.F.);
#4302=ORIENTED_EDGE('',*,*,#3277,.T.);
#4303=ORIENTED_EDGE('',*,*,#3275,.T.);
#4304=ORIENTED_EDGE('',*,*,#3273,.T.);
#4305=ORIENTED_EDGE('',*,*,#3271,.T.);
#4306=ORIENTED_EDGE('',*,*,#3278,.F.);
#4307=ORIENTED_EDGE('',*,*,#3279,.F.);
#4308=ORIENTED_EDGE('',*,*,#3280,.F.);
#4309=ORIENTED_EDGE('',*,*,#3281,.T.);
#4310=ORIENTED_EDGE('',*,*,#3282,.T.);
#4311=ORIENTED_EDGE('',*,*,#3279,.T.);
#4312=ORIENTED_EDGE('',*,*,#3283,.T.);
#4313=ORIENTED_EDGE('',*,*,#3284,.F.);
#4314=ORIENTED_EDGE('',*,*,#3285,.F.);
#4315=ORIENTED_EDGE('',*,*,#3286,.F.);
#4316=ORIENTED_EDGE('',*,*,#3287,.T.);
#4317=ORIENTED_EDGE('',*,*,#3288,.T.);
#4318=ORIENTED_EDGE('',*,*,#3285,.T.);
#4319=ORIENTED_EDGE('',*,*,#3289,.T.);
#4320=ORIENTED_EDGE('',*,*,#3290,.T.);
#4321=ORIENTED_EDGE('',*,*,#3291,.T.);
#4322=ORIENTED_EDGE('',*,*,#3278,.T.);
#4323=ORIENTED_EDGE('',*,*,#3229,.T.);
#4324=ORIENTED_EDGE('',*,*,#3292,.T.);
#4325=ORIENTED_EDGE('',*,*,#3293,.T.);
#4326=ORIENTED_EDGE('',*,*,#3290,.F.);
#4327=ORIENTED_EDGE('',*,*,#3253,.T.);
#4328=ORIENTED_EDGE('',*,*,#3294,.T.);
#4329=ORIENTED_EDGE('',*,*,#3295,.T.);
#4330=ORIENTED_EDGE('',*,*,#3292,.F.);
#4331=ORIENTED_EDGE('',*,*,#3252,.T.);
#4332=ORIENTED_EDGE('',*,*,#3296,.T.);
#4333=ORIENTED_EDGE('',*,*,#3297,.T.);
#4334=ORIENTED_EDGE('',*,*,#3294,.F.);
#4335=ORIENTED_EDGE('',*,*,#3251,.T.);
#4336=ORIENTED_EDGE('',*,*,#3286,.T.);
#4337=ORIENTED_EDGE('',*,*,#3298,.T.);
#4338=ORIENTED_EDGE('',*,*,#3296,.F.);
#4339=ORIENTED_EDGE('',*,*,#3250,.T.);
#4340=ORIENTED_EDGE('',*,*,#3299,.F.);
#4341=ORIENTED_EDGE('',*,*,#3300,.F.);
#4342=ORIENTED_EDGE('',*,*,#3301,.F.);
#4343=ORIENTED_EDGE('',*,*,#3302,.T.);
#4344=ORIENTED_EDGE('',*,*,#3303,.T.);
#4345=ORIENTED_EDGE('',*,*,#3300,.T.);
#4346=ORIENTED_EDGE('',*,*,#3304,.T.);
#4347=ORIENTED_EDGE('',*,*,#3305,.F.);
#4348=ORIENTED_EDGE('',*,*,#3306,.F.);
#4349=ORIENTED_EDGE('',*,*,#3307,.F.);
#4350=ORIENTED_EDGE('',*,*,#3308,.T.);
#4351=ORIENTED_EDGE('',*,*,#3309,.T.);
#4352=ORIENTED_EDGE('',*,*,#3306,.T.);
#4353=ORIENTED_EDGE('',*,*,#3310,.T.);
#4354=ORIENTED_EDGE('',*,*,#3307,.T.);
#4355=ORIENTED_EDGE('',*,*,#3311,.T.);
#4356=ORIENTED_EDGE('',*,*,#3284,.T.);
#4357=ORIENTED_EDGE('',*,*,#3249,.T.);
#4358=ORIENTED_EDGE('',*,*,#3312,.T.);
#4359=ORIENTED_EDGE('',*,*,#3313,.T.);
#4360=ORIENTED_EDGE('',*,*,#3305,.T.);
#4361=ORIENTED_EDGE('',*,*,#3248,.T.);
#4362=ORIENTED_EDGE('',*,*,#3314,.T.);
#4363=ORIENTED_EDGE('',*,*,#3315,.T.);
#4364=ORIENTED_EDGE('',*,*,#3312,.F.);
#4365=ORIENTED_EDGE('',*,*,#3247,.T.);
#4366=ORIENTED_EDGE('',*,*,#3316,.T.);
#4367=ORIENTED_EDGE('',*,*,#3317,.T.);
#4368=ORIENTED_EDGE('',*,*,#3314,.F.);
#4369=ORIENTED_EDGE('',*,*,#3246,.T.);
#4370=ORIENTED_EDGE('',*,*,#3318,.T.);
#4371=ORIENTED_EDGE('',*,*,#3319,.T.);
#4372=ORIENTED_EDGE('',*,*,#3316,.F.);
#4373=ORIENTED_EDGE('',*,*,#3245,.T.);
#4374=ORIENTED_EDGE('',*,*,#3320,.T.);
#4375=ORIENTED_EDGE('',*,*,#3321,.T.);
#4376=ORIENTED_EDGE('',*,*,#3318,.F.);
#4377=ORIENTED_EDGE('',*,*,#3244,.T.);
#4378=ORIENTED_EDGE('',*,*,#3322,.T.);
#4379=ORIENTED_EDGE('',*,*,#3323,.T.);
#4380=ORIENTED_EDGE('',*,*,#3320,.F.);
#4381=ORIENTED_EDGE('',*,*,#3243,.T.);
#4382=ORIENTED_EDGE('',*,*,#3324,.T.);
#4383=ORIENTED_EDGE('',*,*,#3325,.T.);
#4384=ORIENTED_EDGE('',*,*,#3322,.F.);
#4385=ORIENTED_EDGE('',*,*,#3242,.T.);
#4386=ORIENTED_EDGE('',*,*,#3326,.T.);
#4387=ORIENTED_EDGE('',*,*,#3327,.T.);
#4388=ORIENTED_EDGE('',*,*,#3324,.F.);
#4389=ORIENTED_EDGE('',*,*,#3241,.T.);
#4390=ORIENTED_EDGE('',*,*,#3328,.T.);
#4391=ORIENTED_EDGE('',*,*,#3329,.T.);
#4392=ORIENTED_EDGE('',*,*,#3326,.F.);
#4393=ORIENTED_EDGE('',*,*,#3240,.T.);
#4394=ORIENTED_EDGE('',*,*,#3330,.T.);
#4395=ORIENTED_EDGE('',*,*,#3331,.T.);
#4396=ORIENTED_EDGE('',*,*,#3328,.F.);
#4397=ORIENTED_EDGE('',*,*,#3239,.T.);
#4398=ORIENTED_EDGE('',*,*,#3332,.T.);
#4399=ORIENTED_EDGE('',*,*,#3333,.T.);
#4400=ORIENTED_EDGE('',*,*,#3330,.F.);
#4401=ORIENTED_EDGE('',*,*,#3238,.T.);
#4402=ORIENTED_EDGE('',*,*,#3334,.T.);
#4403=ORIENTED_EDGE('',*,*,#3335,.T.);
#4404=ORIENTED_EDGE('',*,*,#3332,.F.);
#4405=ORIENTED_EDGE('',*,*,#3237,.T.);
#4406=ORIENTED_EDGE('',*,*,#3336,.T.);
#4407=ORIENTED_EDGE('',*,*,#3337,.T.);
#4408=ORIENTED_EDGE('',*,*,#3334,.F.);
#4409=ORIENTED_EDGE('',*,*,#3236,.T.);
#4410=ORIENTED_EDGE('',*,*,#3338,.T.);
#4411=ORIENTED_EDGE('',*,*,#3339,.T.);
#4412=ORIENTED_EDGE('',*,*,#3336,.F.);
#4413=ORIENTED_EDGE('',*,*,#3235,.T.);
#4414=ORIENTED_EDGE('',*,*,#3340,.T.);
#4415=ORIENTED_EDGE('',*,*,#3341,.T.);
#4416=ORIENTED_EDGE('',*,*,#3338,.F.);
#4417=ORIENTED_EDGE('',*,*,#3234,.T.);
#4418=ORIENTED_EDGE('',*,*,#3342,.T.);
#4419=ORIENTED_EDGE('',*,*,#3343,.T.);
#4420=ORIENTED_EDGE('',*,*,#3340,.F.);
#4421=ORIENTED_EDGE('',*,*,#3233,.T.);
#4422=ORIENTED_EDGE('',*,*,#3344,.T.);
#4423=ORIENTED_EDGE('',*,*,#3345,.T.);
#4424=ORIENTED_EDGE('',*,*,#3342,.F.);
#4425=ORIENTED_EDGE('',*,*,#3232,.T.);
#4426=ORIENTED_EDGE('',*,*,#3301,.T.);
#4427=ORIENTED_EDGE('',*,*,#3346,.T.);
#4428=ORIENTED_EDGE('',*,*,#3344,.F.);
#4429=ORIENTED_EDGE('',*,*,#3231,.T.);
#4430=ORIENTED_EDGE('',*,*,#3280,.T.);
#4431=ORIENTED_EDGE('',*,*,#3347,.T.);
#4432=ORIENTED_EDGE('',*,*,#3299,.T.);
#4433=ORIENTED_EDGE('',*,*,#3230,.T.);
#4434=ORIENTED_EDGE('',*,*,#3345,.F.);
#4435=ORIENTED_EDGE('',*,*,#3348,.F.);
#4436=ORIENTED_EDGE('',*,*,#3349,.F.);
#4437=ORIENTED_EDGE('',*,*,#3350,.T.);
#4438=ORIENTED_EDGE('',*,*,#3346,.F.);
#4439=ORIENTED_EDGE('',*,*,#3303,.F.);
#4440=ORIENTED_EDGE('',*,*,#3351,.F.);
#4441=ORIENTED_EDGE('',*,*,#3352,.F.);
#4442=ORIENTED_EDGE('',*,*,#3353,.F.);
#4443=ORIENTED_EDGE('',*,*,#3354,.F.);
#4444=ORIENTED_EDGE('',*,*,#3355,.F.);
#4445=ORIENTED_EDGE('',*,*,#3348,.T.);
#4446=ORIENTED_EDGE('',*,*,#3302,.F.);
#4447=ORIENTED_EDGE('',*,*,#3356,.F.);
#4448=ORIENTED_EDGE('',*,*,#3357,.F.);
#4449=ORIENTED_EDGE('',*,*,#3358,.F.);
#4450=ORIENTED_EDGE('',*,*,#3359,.F.);
#4451=ORIENTED_EDGE('',*,*,#3360,.F.);
#4452=ORIENTED_EDGE('',*,*,#3351,.T.);
#4453=ORIENTED_EDGE('',*,*,#3304,.F.);
#4454=ORIENTED_EDGE('',*,*,#3347,.F.);
#4455=ORIENTED_EDGE('',*,*,#3282,.F.);
#4456=ORIENTED_EDGE('',*,*,#3361,.F.);
#4457=ORIENTED_EDGE('',*,*,#3362,.F.);
#4458=ORIENTED_EDGE('',*,*,#3356,.T.);
#4459=ORIENTED_EDGE('',*,*,#3281,.F.);
#4460=ORIENTED_EDGE('',*,*,#3363,.F.);
#4461=ORIENTED_EDGE('',*,*,#3364,.F.);
#4462=ORIENTED_EDGE('',*,*,#3361,.T.);
#4463=ORIENTED_EDGE('',*,*,#3283,.F.);
#4464=ORIENTED_EDGE('',*,*,#3291,.F.);
#4465=ORIENTED_EDGE('',*,*,#3365,.F.);
#4466=ORIENTED_EDGE('',*,*,#3366,.F.);
#4467=ORIENTED_EDGE('',*,*,#3363,.T.);
#4468=ORIENTED_EDGE('',*,*,#3293,.F.);
#4469=ORIENTED_EDGE('',*,*,#3367,.F.);
#4470=ORIENTED_EDGE('',*,*,#3368,.F.);
#4471=ORIENTED_EDGE('',*,*,#3365,.T.);
#4472=ORIENTED_EDGE('',*,*,#3295,.F.);
#4473=ORIENTED_EDGE('',*,*,#3369,.F.);
#4474=ORIENTED_EDGE('',*,*,#3370,.F.);
#4475=ORIENTED_EDGE('',*,*,#3367,.T.);
#4476=ORIENTED_EDGE('',*,*,#3297,.F.);
#4477=ORIENTED_EDGE('',*,*,#3371,.F.);
#4478=ORIENTED_EDGE('',*,*,#3372,.F.);
#4479=ORIENTED_EDGE('',*,*,#3369,.T.);
#4480=ORIENTED_EDGE('',*,*,#3298,.F.);
#4481=ORIENTED_EDGE('',*,*,#3288,.F.);
#4482=ORIENTED_EDGE('',*,*,#3373,.F.);
#4483=ORIENTED_EDGE('',*,*,#3374,.F.);
#4484=ORIENTED_EDGE('',*,*,#3371,.T.);
#4485=ORIENTED_EDGE('',*,*,#3287,.F.);
#4486=ORIENTED_EDGE('',*,*,#3375,.F.);
#4487=ORIENTED_EDGE('',*,*,#3376,.F.);
#4488=ORIENTED_EDGE('',*,*,#3373,.T.);
#4489=ORIENTED_EDGE('',*,*,#3289,.F.);
#4490=ORIENTED_EDGE('',*,*,#3311,.F.);
#4491=ORIENTED_EDGE('',*,*,#3309,.F.);
#4492=ORIENTED_EDGE('',*,*,#3377,.F.);
#4493=ORIENTED_EDGE('',*,*,#3378,.F.);
#4494=ORIENTED_EDGE('',*,*,#3375,.T.);
#4495=ORIENTED_EDGE('',*,*,#3188,.T.);
#4496=ORIENTED_EDGE('',*,*,#3266,.T.);
#4497=ORIENTED_EDGE('',*,*,#3191,.T.);
#4498=ORIENTED_EDGE('',*,*,#3195,.T.);
#4499=ORIENTED_EDGE('',*,*,#3198,.T.);
#4500=ORIENTED_EDGE('',*,*,#3201,.T.);
#4501=ORIENTED_EDGE('',*,*,#3175,.T.);
#4502=ORIENTED_EDGE('',*,*,#3179,.T.);
#4503=ORIENTED_EDGE('',*,*,#3182,.T.);
#4504=ORIENTED_EDGE('',*,*,#3185,.T.);
#4505=ORIENTED_EDGE('',*,*,#3258,.T.);
#4506=ORIENTED_EDGE('',*,*,#3261,.T.);
#4507=ORIENTED_EDGE('',*,*,#3267,.T.);
#4508=ORIENTED_EDGE('',*,*,#3379,.T.);
#4509=ORIENTED_EDGE('',*,*,#3380,.T.);
#4510=ORIENTED_EDGE('',*,*,#3381,.T.);
#4511=ORIENTED_EDGE('',*,*,#3382,.T.);
#4512=ORIENTED_EDGE('',*,*,#3353,.T.);
#4513=ORIENTED_EDGE('',*,*,#3383,.T.);
#4514=ORIENTED_EDGE('',*,*,#3381,.F.);
#4515=ORIENTED_EDGE('',*,*,#3384,.T.);
#4516=ORIENTED_EDGE('',*,*,#3359,.T.);
#4517=ORIENTED_EDGE('',*,*,#3385,.T.);
#4518=ORIENTED_EDGE('',*,*,#3379,.F.);
#4519=ORIENTED_EDGE('',*,*,#3386,.T.);
#4520=ORIENTED_EDGE('',*,*,#3383,.F.);
#4521=ORIENTED_EDGE('',*,*,#3352,.T.);
#4522=ORIENTED_EDGE('',*,*,#3387,.F.);
#4523=ORIENTED_EDGE('',*,*,#3384,.F.);
#4524=ORIENTED_EDGE('',*,*,#3380,.F.);
#4525=ORIENTED_EDGE('',*,*,#3388,.F.);
#4526=ORIENTED_EDGE('',*,*,#3389,.F.);
#4527=ORIENTED_EDGE('',*,*,#3390,.T.);
#4528=ORIENTED_EDGE('',*,*,#3391,.F.);
#4529=ORIENTED_EDGE('',*,*,#3392,.T.);
#4530=ORIENTED_EDGE('',*,*,#3354,.T.);
#4531=ORIENTED_EDGE('',*,*,#3393,.F.);
#4532=ORIENTED_EDGE('',*,*,#3394,.F.);
#4533=ORIENTED_EDGE('',*,*,#3395,.F.);
#4534=ORIENTED_EDGE('',*,*,#3396,.T.);
#4535=ORIENTED_EDGE('',*,*,#3389,.T.);
#4536=ORIENTED_EDGE('',*,*,#3395,.T.);
#4537=ORIENTED_EDGE('',*,*,#3397,.T.);
#4538=ORIENTED_EDGE('',*,*,#3398,.T.);
#4539=ORIENTED_EDGE('',*,*,#3399,.T.);
#4540=ORIENTED_EDGE('',*,*,#3396,.F.);
#4541=ORIENTED_EDGE('',*,*,#3400,.T.);
#4542=ORIENTED_EDGE('',*,*,#3401,.T.);
#4543=ORIENTED_EDGE('',*,*,#3402,.T.);
#4544=ORIENTED_EDGE('',*,*,#3398,.F.);
#4545=ORIENTED_EDGE('',*,*,#3403,.T.);
#4546=ORIENTED_EDGE('',*,*,#3404,.T.);
#4547=ORIENTED_EDGE('',*,*,#3405,.T.);
#4548=ORIENTED_EDGE('',*,*,#3401,.F.);
#4549=ORIENTED_EDGE('',*,*,#3406,.T.);
#4550=ORIENTED_EDGE('',*,*,#3407,.T.);
#4551=ORIENTED_EDGE('',*,*,#3408,.T.);
#4552=ORIENTED_EDGE('',*,*,#3404,.F.);
#4553=ORIENTED_EDGE('',*,*,#3409,.T.);
#4554=ORIENTED_EDGE('',*,*,#3410,.T.);
#4555=ORIENTED_EDGE('',*,*,#3411,.T.);
#4556=ORIENTED_EDGE('',*,*,#3407,.F.);
#4557=ORIENTED_EDGE('',*,*,#3412,.T.);
#4558=ORIENTED_EDGE('',*,*,#3413,.T.);
#4559=ORIENTED_EDGE('',*,*,#3414,.T.);
#4560=ORIENTED_EDGE('',*,*,#3410,.F.);
#4561=ORIENTED_EDGE('',*,*,#3415,.T.);
#4562=ORIENTED_EDGE('',*,*,#3416,.T.);
#4563=ORIENTED_EDGE('',*,*,#3417,.T.);
#4564=ORIENTED_EDGE('',*,*,#3413,.F.);
#4565=ORIENTED_EDGE('',*,*,#3418,.T.);
#4566=ORIENTED_EDGE('',*,*,#3419,.T.);
#4567=ORIENTED_EDGE('',*,*,#3420,.T.);
#4568=ORIENTED_EDGE('',*,*,#3416,.F.);
#4569=ORIENTED_EDGE('',*,*,#3421,.T.);
#4570=ORIENTED_EDGE('',*,*,#3422,.T.);
#4571=ORIENTED_EDGE('',*,*,#3423,.T.);
#4572=ORIENTED_EDGE('',*,*,#3419,.F.);
#4573=ORIENTED_EDGE('',*,*,#3424,.T.);
#4574=ORIENTED_EDGE('',*,*,#3425,.T.);
#4575=ORIENTED_EDGE('',*,*,#3426,.T.);
#4576=ORIENTED_EDGE('',*,*,#3422,.F.);
#4577=ORIENTED_EDGE('',*,*,#3427,.T.);
#4578=ORIENTED_EDGE('',*,*,#3428,.T.);
#4579=ORIENTED_EDGE('',*,*,#3429,.T.);
#4580=ORIENTED_EDGE('',*,*,#3425,.F.);
#4581=ORIENTED_EDGE('',*,*,#3430,.T.);
#4582=ORIENTED_EDGE('',*,*,#3431,.T.);
#4583=ORIENTED_EDGE('',*,*,#3432,.T.);
#4584=ORIENTED_EDGE('',*,*,#3428,.F.);
#4585=ORIENTED_EDGE('',*,*,#3433,.T.);
#4586=ORIENTED_EDGE('',*,*,#3434,.T.);
#4587=ORIENTED_EDGE('',*,*,#3435,.T.);
#4588=ORIENTED_EDGE('',*,*,#3431,.F.);
#4589=ORIENTED_EDGE('',*,*,#3436,.T.);
#4590=ORIENTED_EDGE('',*,*,#3437,.T.);
#4591=ORIENTED_EDGE('',*,*,#3438,.T.);
#4592=ORIENTED_EDGE('',*,*,#3434,.F.);
#4593=ORIENTED_EDGE('',*,*,#3439,.T.);
#4594=ORIENTED_EDGE('',*,*,#3440,.T.);
#4595=ORIENTED_EDGE('',*,*,#3441,.T.);
#4596=ORIENTED_EDGE('',*,*,#3437,.F.);
#4597=ORIENTED_EDGE('',*,*,#3442,.T.);
#4598=ORIENTED_EDGE('',*,*,#3443,.T.);
#4599=ORIENTED_EDGE('',*,*,#3444,.T.);
#4600=ORIENTED_EDGE('',*,*,#3440,.F.);
#4601=ORIENTED_EDGE('',*,*,#3445,.T.);
#4602=ORIENTED_EDGE('',*,*,#3446,.T.);
#4603=ORIENTED_EDGE('',*,*,#3447,.T.);
#4604=ORIENTED_EDGE('',*,*,#3443,.F.);
#4605=ORIENTED_EDGE('',*,*,#3448,.T.);
#4606=ORIENTED_EDGE('',*,*,#3449,.T.);
#4607=ORIENTED_EDGE('',*,*,#3450,.T.);
#4608=ORIENTED_EDGE('',*,*,#3446,.F.);
#4609=ORIENTED_EDGE('',*,*,#3451,.T.);
#4610=ORIENTED_EDGE('',*,*,#3452,.T.);
#4611=ORIENTED_EDGE('',*,*,#3453,.T.);
#4612=ORIENTED_EDGE('',*,*,#3449,.F.);
#4613=ORIENTED_EDGE('',*,*,#3454,.T.);
#4614=ORIENTED_EDGE('',*,*,#3455,.T.);
#4615=ORIENTED_EDGE('',*,*,#3456,.T.);
#4616=ORIENTED_EDGE('',*,*,#3452,.F.);
#4617=ORIENTED_EDGE('',*,*,#3457,.T.);
#4618=ORIENTED_EDGE('',*,*,#3458,.T.);
#4619=ORIENTED_EDGE('',*,*,#3459,.T.);
#4620=ORIENTED_EDGE('',*,*,#3455,.F.);
#4621=ORIENTED_EDGE('',*,*,#3460,.T.);
#4622=ORIENTED_EDGE('',*,*,#3461,.T.);
#4623=ORIENTED_EDGE('',*,*,#3462,.T.);
#4624=ORIENTED_EDGE('',*,*,#3458,.F.);
#4625=ORIENTED_EDGE('',*,*,#3463,.T.);
#4626=ORIENTED_EDGE('',*,*,#3464,.T.);
#4627=ORIENTED_EDGE('',*,*,#3465,.T.);
#4628=ORIENTED_EDGE('',*,*,#3461,.F.);
#4629=ORIENTED_EDGE('',*,*,#3466,.T.);
#4630=ORIENTED_EDGE('',*,*,#3467,.T.);
#4631=ORIENTED_EDGE('',*,*,#3468,.T.);
#4632=ORIENTED_EDGE('',*,*,#3464,.F.);
#4633=ORIENTED_EDGE('',*,*,#3469,.T.);
#4634=ORIENTED_EDGE('',*,*,#3470,.T.);
#4635=ORIENTED_EDGE('',*,*,#3471,.T.);
#4636=ORIENTED_EDGE('',*,*,#3467,.F.);
#4637=ORIENTED_EDGE('',*,*,#3472,.T.);
#4638=ORIENTED_EDGE('',*,*,#3473,.T.);
#4639=ORIENTED_EDGE('',*,*,#3474,.T.);
#4640=ORIENTED_EDGE('',*,*,#3470,.F.);
#4641=ORIENTED_EDGE('',*,*,#3475,.T.);
#4642=ORIENTED_EDGE('',*,*,#3476,.T.);
#4643=ORIENTED_EDGE('',*,*,#3477,.T.);
#4644=ORIENTED_EDGE('',*,*,#3473,.F.);
#4645=ORIENTED_EDGE('',*,*,#3478,.T.);
#4646=ORIENTED_EDGE('',*,*,#3479,.T.);
#4647=ORIENTED_EDGE('',*,*,#3480,.T.);
#4648=ORIENTED_EDGE('',*,*,#3476,.F.);
#4649=ORIENTED_EDGE('',*,*,#3481,.T.);
#4650=ORIENTED_EDGE('',*,*,#3394,.T.);
#4651=ORIENTED_EDGE('',*,*,#3482,.T.);
#4652=ORIENTED_EDGE('',*,*,#3479,.F.);
#4653=ORIENTED_EDGE('',*,*,#3483,.T.);
#4654=ORIENTED_EDGE('',*,*,#3385,.F.);
#4655=ORIENTED_EDGE('',*,*,#3358,.T.);
#4656=ORIENTED_EDGE('',*,*,#3484,.T.);
#4657=ORIENTED_EDGE('',*,*,#3485,.T.);
#4658=ORIENTED_EDGE('',*,*,#3393,.T.);
#4659=ORIENTED_EDGE('',*,*,#3388,.T.);
#4660=ORIENTED_EDGE('',*,*,#3441,.F.);
#4661=ORIENTED_EDGE('',*,*,#3486,.T.);
#4662=ORIENTED_EDGE('',*,*,#3487,.F.);
#4663=ORIENTED_EDGE('',*,*,#3488,.F.);
#4664=ORIENTED_EDGE('',*,*,#3444,.F.);
#4665=ORIENTED_EDGE('',*,*,#3489,.T.);
#4666=ORIENTED_EDGE('',*,*,#3490,.F.);
#4667=ORIENTED_EDGE('',*,*,#3486,.F.);
#4668=ORIENTED_EDGE('',*,*,#3447,.F.);
#4669=ORIENTED_EDGE('',*,*,#3491,.T.);
#4670=ORIENTED_EDGE('',*,*,#3492,.F.);
#4671=ORIENTED_EDGE('',*,*,#3489,.F.);
#4672=ORIENTED_EDGE('',*,*,#3450,.F.);
#4673=ORIENTED_EDGE('',*,*,#3493,.T.);
#4674=ORIENTED_EDGE('',*,*,#3494,.F.);
#4675=ORIENTED_EDGE('',*,*,#3491,.F.);
#4676=ORIENTED_EDGE('',*,*,#3453,.F.);
#4677=ORIENTED_EDGE('',*,*,#3495,.T.);
#4678=ORIENTED_EDGE('',*,*,#3496,.F.);
#4679=ORIENTED_EDGE('',*,*,#3493,.F.);
#4680=ORIENTED_EDGE('',*,*,#3456,.F.);
#4681=ORIENTED_EDGE('',*,*,#3497,.T.);
#4682=ORIENTED_EDGE('',*,*,#3498,.F.);
#4683=ORIENTED_EDGE('',*,*,#3495,.F.);
#4684=ORIENTED_EDGE('',*,*,#3141,.T.);
#4685=ORIENTED_EDGE('',*,*,#3138,.T.);
#4686=ORIENTED_EDGE('',*,*,#3135,.T.);
#4687=ORIENTED_EDGE('',*,*,#3132,.T.);
#4688=ORIENTED_EDGE('',*,*,#3129,.T.);
#4689=ORIENTED_EDGE('',*,*,#3150,.T.);
#4690=ORIENTED_EDGE('',*,*,#3147,.T.);
#4691=ORIENTED_EDGE('',*,*,#3144,.T.);
#4692=ORIENTED_EDGE('',*,*,#3459,.F.);
#4693=ORIENTED_EDGE('',*,*,#3499,.T.);
#4694=ORIENTED_EDGE('',*,*,#3500,.F.);
#4695=ORIENTED_EDGE('',*,*,#3497,.F.);
#4696=ORIENTED_EDGE('',*,*,#3462,.F.);
#4697=ORIENTED_EDGE('',*,*,#3501,.T.);
#4698=ORIENTED_EDGE('',*,*,#3502,.F.);
#4699=ORIENTED_EDGE('',*,*,#3499,.F.);
#4700=ORIENTED_EDGE('',*,*,#3465,.F.);
#4701=ORIENTED_EDGE('',*,*,#3503,.T.);
#4702=ORIENTED_EDGE('',*,*,#3504,.F.);
#4703=ORIENTED_EDGE('',*,*,#3501,.F.);
#4704=ORIENTED_EDGE('',*,*,#3468,.F.);
#4705=ORIENTED_EDGE('',*,*,#3505,.T.);
#4706=ORIENTED_EDGE('',*,*,#3506,.F.);
#4707=ORIENTED_EDGE('',*,*,#3503,.F.);
#4708=ORIENTED_EDGE('',*,*,#3077,.T.);
#4709=ORIENTED_EDGE('',*,*,#3074,.T.);
#4710=ORIENTED_EDGE('',*,*,#3071,.T.);
#4711=ORIENTED_EDGE('',*,*,#3068,.T.);
#4712=ORIENTED_EDGE('',*,*,#3065,.T.);
#4713=ORIENTED_EDGE('',*,*,#3086,.T.);
#4714=ORIENTED_EDGE('',*,*,#3083,.T.);
#4715=ORIENTED_EDGE('',*,*,#3080,.T.);
#4716=ORIENTED_EDGE('',*,*,#3471,.F.);
#4717=ORIENTED_EDGE('',*,*,#3507,.T.);
#4718=ORIENTED_EDGE('',*,*,#3508,.F.);
#4719=ORIENTED_EDGE('',*,*,#3505,.F.);
#4720=ORIENTED_EDGE('',*,*,#3474,.F.);
#4721=ORIENTED_EDGE('',*,*,#3509,.T.);
#4722=ORIENTED_EDGE('',*,*,#3510,.F.);
#4723=ORIENTED_EDGE('',*,*,#3507,.F.);
#4724=ORIENTED_EDGE('',*,*,#3477,.F.);
#4725=ORIENTED_EDGE('',*,*,#3511,.T.);
#4726=ORIENTED_EDGE('',*,*,#3512,.F.);
#4727=ORIENTED_EDGE('',*,*,#3509,.F.);
#4728=ORIENTED_EDGE('',*,*,#3480,.F.);
#4729=ORIENTED_EDGE('',*,*,#3513,.T.);
#4730=ORIENTED_EDGE('',*,*,#3514,.F.);
#4731=ORIENTED_EDGE('',*,*,#3511,.F.);
#4732=ORIENTED_EDGE('',*,*,#3165,.T.);
#4733=ORIENTED_EDGE('',*,*,#3162,.T.);
#4734=ORIENTED_EDGE('',*,*,#3159,.T.);
#4735=ORIENTED_EDGE('',*,*,#3156,.T.);
#4736=ORIENTED_EDGE('',*,*,#3153,.T.);
#4737=ORIENTED_EDGE('',*,*,#3174,.T.);
#4738=ORIENTED_EDGE('',*,*,#3171,.T.);
#4739=ORIENTED_EDGE('',*,*,#3168,.T.);
#4740=ORIENTED_EDGE('',*,*,#3482,.F.);
#4741=ORIENTED_EDGE('',*,*,#3485,.F.);
#4742=ORIENTED_EDGE('',*,*,#3515,.F.);
#4743=ORIENTED_EDGE('',*,*,#3513,.F.);
#4744=ORIENTED_EDGE('',*,*,#3484,.F.);
#4745=ORIENTED_EDGE('',*,*,#3357,.T.);
#4746=ORIENTED_EDGE('',*,*,#3516,.F.);
#4747=ORIENTED_EDGE('',*,*,#3515,.T.);
#4748=ORIENTED_EDGE('',*,*,#3397,.F.);
#4749=ORIENTED_EDGE('',*,*,#3483,.F.);
#4750=ORIENTED_EDGE('',*,*,#3481,.F.);
#4751=ORIENTED_EDGE('',*,*,#3478,.F.);
#4752=ORIENTED_EDGE('',*,*,#3475,.F.);
#4753=ORIENTED_EDGE('',*,*,#3472,.F.);
#4754=ORIENTED_EDGE('',*,*,#3469,.F.);
#4755=ORIENTED_EDGE('',*,*,#3466,.F.);
#4756=ORIENTED_EDGE('',*,*,#3463,.F.);
#4757=ORIENTED_EDGE('',*,*,#3460,.F.);
#4758=ORIENTED_EDGE('',*,*,#3457,.F.);
#4759=ORIENTED_EDGE('',*,*,#3454,.F.);
#4760=ORIENTED_EDGE('',*,*,#3451,.F.);
#4761=ORIENTED_EDGE('',*,*,#3448,.F.);
#4762=ORIENTED_EDGE('',*,*,#3445,.F.);
#4763=ORIENTED_EDGE('',*,*,#3442,.F.);
#4764=ORIENTED_EDGE('',*,*,#3439,.F.);
#4765=ORIENTED_EDGE('',*,*,#3436,.F.);
#4766=ORIENTED_EDGE('',*,*,#3433,.F.);
#4767=ORIENTED_EDGE('',*,*,#3430,.F.);
#4768=ORIENTED_EDGE('',*,*,#3427,.F.);
#4769=ORIENTED_EDGE('',*,*,#3424,.F.);
#4770=ORIENTED_EDGE('',*,*,#3421,.F.);
#4771=ORIENTED_EDGE('',*,*,#3418,.F.);
#4772=ORIENTED_EDGE('',*,*,#3415,.F.);
#4773=ORIENTED_EDGE('',*,*,#3412,.F.);
#4774=ORIENTED_EDGE('',*,*,#3409,.F.);
#4775=ORIENTED_EDGE('',*,*,#3406,.F.);
#4776=ORIENTED_EDGE('',*,*,#3403,.F.);
#4777=ORIENTED_EDGE('',*,*,#3400,.F.);
#4778=ORIENTED_EDGE('',*,*,#3007,.F.);
#4779=ORIENTED_EDGE('',*,*,#3028,.F.);
#4780=ORIENTED_EDGE('',*,*,#3040,.F.);
#4781=ORIENTED_EDGE('',*,*,#3517,.F.);
#4782=ORIENTED_EDGE('',*,*,#3518,.F.);
#4783=ORIENTED_EDGE('',*,*,#3519,.F.);
#4784=ORIENTED_EDGE('',*,*,#3520,.F.);
#4785=ORIENTED_EDGE('',*,*,#3521,.F.);
#4786=ORIENTED_EDGE('',*,*,#3522,.F.);
#4787=ORIENTED_EDGE('',*,*,#3523,.F.);
#4788=ORIENTED_EDGE('',*,*,#3524,.F.);
#4789=ORIENTED_EDGE('',*,*,#3525,.F.);
#4790=ORIENTED_EDGE('',*,*,#3526,.F.);
#4791=ORIENTED_EDGE('',*,*,#3527,.F.);
#4792=ORIENTED_EDGE('',*,*,#3528,.F.);
#4793=ORIENTED_EDGE('',*,*,#3529,.F.);
#4794=ORIENTED_EDGE('',*,*,#3015,.F.);
#4795=ORIENTED_EDGE('',*,*,#3019,.F.);
#4796=ORIENTED_EDGE('',*,*,#3008,.T.);
#4797=ORIENTED_EDGE('',*,*,#3012,.T.);
#4798=ORIENTED_EDGE('',*,*,#3530,.F.);
#4799=ORIENTED_EDGE('',*,*,#3531,.F.);
#4800=ORIENTED_EDGE('',*,*,#3532,.F.);
#4801=ORIENTED_EDGE('',*,*,#3533,.F.);
#4802=ORIENTED_EDGE('',*,*,#3534,.F.);
#4803=ORIENTED_EDGE('',*,*,#3535,.F.);
#4804=ORIENTED_EDGE('',*,*,#3056,.F.);
#4805=ORIENTED_EDGE('',*,*,#3060,.F.);
#4806=ORIENTED_EDGE('',*,*,#3052,.T.);
#4807=ORIENTED_EDGE('',*,*,#3536,.F.);
#4808=ORIENTED_EDGE('',*,*,#3537,.F.);
#4809=ORIENTED_EDGE('',*,*,#3538,.F.);
#4810=ORIENTED_EDGE('',*,*,#3539,.F.);
#4811=ORIENTED_EDGE('',*,*,#3036,.F.);
#4812=ORIENTED_EDGE('',*,*,#3032,.F.);
#4813=ORIENTED_EDGE('',*,*,#3033,.F.);
#4814=ORIENTED_EDGE('',*,*,#3023,.T.);
#4815=ORIENTED_EDGE('',*,*,#3051,.F.);
#4816=ORIENTED_EDGE('',*,*,#3382,.F.);
#4817=ORIENTED_EDGE('',*,*,#3387,.T.);
#4818=ORIENTED_EDGE('',*,*,#3360,.T.);
#4819=ORIENTED_EDGE('',*,*,#3386,.F.);
#4820=ORIENTED_EDGE('',*,*,#3392,.F.);
#4821=ORIENTED_EDGE('',*,*,#3391,.T.);
#4822=ORIENTED_EDGE('',*,*,#3540,.T.);
#4823=ORIENTED_EDGE('',*,*,#3541,.T.);
#4824=ORIENTED_EDGE('',*,*,#3355,.T.);
#4825=ORIENTED_EDGE('',*,*,#3541,.F.);
#4826=ORIENTED_EDGE('',*,*,#3542,.T.);
#4827=ORIENTED_EDGE('',*,*,#3543,.T.);
#4828=ORIENTED_EDGE('',*,*,#3349,.T.);
#4829=ORIENTED_EDGE('',*,*,#3543,.F.);
#4830=ORIENTED_EDGE('',*,*,#3544,.T.);
#4831=ORIENTED_EDGE('',*,*,#3545,.T.);
#4832=ORIENTED_EDGE('',*,*,#3546,.T.);
#4833=ORIENTED_EDGE('',*,*,#3545,.F.);
#4834=ORIENTED_EDGE('',*,*,#3547,.T.);
#4835=ORIENTED_EDGE('',*,*,#3548,.T.);
#4836=ORIENTED_EDGE('',*,*,#3549,.T.);
#4837=ORIENTED_EDGE('',*,*,#3548,.F.);
#4838=ORIENTED_EDGE('',*,*,#3550,.T.);
#4839=ORIENTED_EDGE('',*,*,#3551,.T.);
#4840=ORIENTED_EDGE('',*,*,#3552,.T.);
#4841=ORIENTED_EDGE('',*,*,#3551,.F.);
#4842=ORIENTED_EDGE('',*,*,#3553,.T.);
#4843=ORIENTED_EDGE('',*,*,#3554,.T.);
#4844=ORIENTED_EDGE('',*,*,#3555,.T.);
#4845=ORIENTED_EDGE('',*,*,#3554,.F.);
#4846=ORIENTED_EDGE('',*,*,#3556,.T.);
#4847=ORIENTED_EDGE('',*,*,#3557,.T.);
#4848=ORIENTED_EDGE('',*,*,#3558,.T.);
#4849=ORIENTED_EDGE('',*,*,#3557,.F.);
#4850=ORIENTED_EDGE('',*,*,#3559,.T.);
#4851=ORIENTED_EDGE('',*,*,#3560,.T.);
#4852=ORIENTED_EDGE('',*,*,#3561,.T.);
#4853=ORIENTED_EDGE('',*,*,#3560,.F.);
#4854=ORIENTED_EDGE('',*,*,#3562,.T.);
#4855=ORIENTED_EDGE('',*,*,#3563,.T.);
#4856=ORIENTED_EDGE('',*,*,#3564,.T.);
#4857=ORIENTED_EDGE('',*,*,#3563,.F.);
#4858=ORIENTED_EDGE('',*,*,#3565,.T.);
#4859=ORIENTED_EDGE('',*,*,#3566,.T.);
#4860=ORIENTED_EDGE('',*,*,#3567,.T.);
#4861=ORIENTED_EDGE('',*,*,#3566,.F.);
#4862=ORIENTED_EDGE('',*,*,#3568,.T.);
#4863=ORIENTED_EDGE('',*,*,#3569,.T.);
#4864=ORIENTED_EDGE('',*,*,#3570,.T.);
#4865=ORIENTED_EDGE('',*,*,#3569,.F.);
#4866=ORIENTED_EDGE('',*,*,#3571,.T.);
#4867=ORIENTED_EDGE('',*,*,#3572,.T.);
#4868=ORIENTED_EDGE('',*,*,#3573,.T.);
#4869=ORIENTED_EDGE('',*,*,#3572,.F.);
#4870=ORIENTED_EDGE('',*,*,#3574,.T.);
#4871=ORIENTED_EDGE('',*,*,#3575,.T.);
#4872=ORIENTED_EDGE('',*,*,#3576,.T.);
#4873=ORIENTED_EDGE('',*,*,#3575,.F.);
#4874=ORIENTED_EDGE('',*,*,#3577,.T.);
#4875=ORIENTED_EDGE('',*,*,#3578,.T.);
#4876=ORIENTED_EDGE('',*,*,#3579,.T.);
#4877=ORIENTED_EDGE('',*,*,#3578,.F.);
#4878=ORIENTED_EDGE('',*,*,#3487,.T.);
#4879=ORIENTED_EDGE('',*,*,#3580,.T.);
#4880=ORIENTED_EDGE('',*,*,#3581,.T.);
#4881=ORIENTED_EDGE('',*,*,#3580,.F.);
#4882=ORIENTED_EDGE('',*,*,#3490,.T.);
#4883=ORIENTED_EDGE('',*,*,#3582,.T.);
#4884=ORIENTED_EDGE('',*,*,#3583,.T.);
#4885=ORIENTED_EDGE('',*,*,#3582,.F.);
#4886=ORIENTED_EDGE('',*,*,#3492,.T.);
#4887=ORIENTED_EDGE('',*,*,#3584,.T.);
#4888=ORIENTED_EDGE('',*,*,#3585,.T.);
#4889=ORIENTED_EDGE('',*,*,#3584,.F.);
#4890=ORIENTED_EDGE('',*,*,#3494,.T.);
#4891=ORIENTED_EDGE('',*,*,#3586,.T.);
#4892=ORIENTED_EDGE('',*,*,#3587,.T.);
#4893=ORIENTED_EDGE('',*,*,#3586,.F.);
#4894=ORIENTED_EDGE('',*,*,#3496,.T.);
#4895=ORIENTED_EDGE('',*,*,#3588,.T.);
#4896=ORIENTED_EDGE('',*,*,#3589,.T.);
#4897=ORIENTED_EDGE('',*,*,#3588,.F.);
#4898=ORIENTED_EDGE('',*,*,#3498,.T.);
#4899=ORIENTED_EDGE('',*,*,#3590,.T.);
#4900=ORIENTED_EDGE('',*,*,#3378,.T.);
#4901=ORIENTED_EDGE('',*,*,#3590,.F.);
#4902=ORIENTED_EDGE('',*,*,#3500,.T.);
#4903=ORIENTED_EDGE('',*,*,#3591,.T.);
#4904=ORIENTED_EDGE('',*,*,#3376,.T.);
#4905=ORIENTED_EDGE('',*,*,#3591,.F.);
#4906=ORIENTED_EDGE('',*,*,#3502,.T.);
#4907=ORIENTED_EDGE('',*,*,#3592,.T.);
#4908=ORIENTED_EDGE('',*,*,#3374,.T.);
#4909=ORIENTED_EDGE('',*,*,#3592,.F.);
#4910=ORIENTED_EDGE('',*,*,#3504,.T.);
#4911=ORIENTED_EDGE('',*,*,#3593,.T.);
#4912=ORIENTED_EDGE('',*,*,#3372,.T.);
#4913=ORIENTED_EDGE('',*,*,#3593,.F.);
#4914=ORIENTED_EDGE('',*,*,#3506,.T.);
#4915=ORIENTED_EDGE('',*,*,#3594,.T.);
#4916=ORIENTED_EDGE('',*,*,#3370,.T.);
#4917=ORIENTED_EDGE('',*,*,#3594,.F.);
#4918=ORIENTED_EDGE('',*,*,#3508,.T.);
#4919=ORIENTED_EDGE('',*,*,#3595,.T.);
#4920=ORIENTED_EDGE('',*,*,#3368,.T.);
#4921=ORIENTED_EDGE('',*,*,#3595,.F.);
#4922=ORIENTED_EDGE('',*,*,#3510,.T.);
#4923=ORIENTED_EDGE('',*,*,#3596,.T.);
#4924=ORIENTED_EDGE('',*,*,#3366,.T.);
#4925=ORIENTED_EDGE('',*,*,#3596,.F.);
#4926=ORIENTED_EDGE('',*,*,#3512,.T.);
#4927=ORIENTED_EDGE('',*,*,#3597,.T.);
#4928=ORIENTED_EDGE('',*,*,#3364,.T.);
#4929=ORIENTED_EDGE('',*,*,#3597,.F.);
#4930=ORIENTED_EDGE('',*,*,#3514,.T.);
#4931=ORIENTED_EDGE('',*,*,#3516,.T.);
#4932=ORIENTED_EDGE('',*,*,#3362,.T.);
#4933=ORIENTED_EDGE('',*,*,#3438,.F.);
#4934=ORIENTED_EDGE('',*,*,#3488,.T.);
#4935=ORIENTED_EDGE('',*,*,#3577,.F.);
#4936=ORIENTED_EDGE('',*,*,#3598,.F.);
#4937=ORIENTED_EDGE('',*,*,#3435,.F.);
#4938=ORIENTED_EDGE('',*,*,#3598,.T.);
#4939=ORIENTED_EDGE('',*,*,#3574,.F.);
#4940=ORIENTED_EDGE('',*,*,#3599,.F.);
#4941=ORIENTED_EDGE('',*,*,#3432,.F.);
#4942=ORIENTED_EDGE('',*,*,#3599,.T.);
#4943=ORIENTED_EDGE('',*,*,#3571,.F.);
#4944=ORIENTED_EDGE('',*,*,#3600,.F.);
#4945=ORIENTED_EDGE('',*,*,#3096,.T.);
#4946=ORIENTED_EDGE('',*,*,#3094,.T.);
#4947=ORIENTED_EDGE('',*,*,#3092,.T.);
#4948=ORIENTED_EDGE('',*,*,#3090,.T.);
#4949=ORIENTED_EDGE('',*,*,#3088,.T.);
#4950=ORIENTED_EDGE('',*,*,#3102,.T.);
#4951=ORIENTED_EDGE('',*,*,#3100,.T.);
#4952=ORIENTED_EDGE('',*,*,#3098,.T.);
#4953=ORIENTED_EDGE('',*,*,#3429,.F.);
#4954=ORIENTED_EDGE('',*,*,#3600,.T.);
#4955=ORIENTED_EDGE('',*,*,#3568,.F.);
#4956=ORIENTED_EDGE('',*,*,#3601,.F.);
#4957=ORIENTED_EDGE('',*,*,#3426,.F.);
#4958=ORIENTED_EDGE('',*,*,#3601,.T.);
#4959=ORIENTED_EDGE('',*,*,#3565,.F.);
#4960=ORIENTED_EDGE('',*,*,#3602,.F.);
#4961=ORIENTED_EDGE('',*,*,#3423,.F.);
#4962=ORIENTED_EDGE('',*,*,#3602,.T.);
#4963=ORIENTED_EDGE('',*,*,#3562,.F.);
#4964=ORIENTED_EDGE('',*,*,#3603,.F.);
#4965=ORIENTED_EDGE('',*,*,#3420,.F.);
#4966=ORIENTED_EDGE('',*,*,#3603,.T.);
#4967=ORIENTED_EDGE('',*,*,#3559,.F.);
#4968=ORIENTED_EDGE('',*,*,#3604,.F.);
#4969=ORIENTED_EDGE('',*,*,#3417,.F.);
#4970=ORIENTED_EDGE('',*,*,#3604,.T.);
#4971=ORIENTED_EDGE('',*,*,#3556,.F.);
#4972=ORIENTED_EDGE('',*,*,#3605,.F.);
#4973=ORIENTED_EDGE('',*,*,#3414,.F.);
#4974=ORIENTED_EDGE('',*,*,#3605,.T.);
#4975=ORIENTED_EDGE('',*,*,#3553,.F.);
#4976=ORIENTED_EDGE('',*,*,#3606,.F.);
#4977=ORIENTED_EDGE('',*,*,#3117,.T.);
#4978=ORIENTED_EDGE('',*,*,#3114,.T.);
#4979=ORIENTED_EDGE('',*,*,#3111,.T.);
#4980=ORIENTED_EDGE('',*,*,#3108,.T.);
#4981=ORIENTED_EDGE('',*,*,#3105,.T.);
#4982=ORIENTED_EDGE('',*,*,#3126,.T.);
#4983=ORIENTED_EDGE('',*,*,#3123,.T.);
#4984=ORIENTED_EDGE('',*,*,#3120,.T.);
#4985=ORIENTED_EDGE('',*,*,#3411,.F.);
#4986=ORIENTED_EDGE('',*,*,#3606,.T.);
#4987=ORIENTED_EDGE('',*,*,#3550,.F.);
#4988=ORIENTED_EDGE('',*,*,#3607,.F.);
#4989=ORIENTED_EDGE('',*,*,#3408,.F.);
#4990=ORIENTED_EDGE('',*,*,#3607,.T.);
#4991=ORIENTED_EDGE('',*,*,#3547,.F.);
#4992=ORIENTED_EDGE('',*,*,#3608,.F.);
#4993=ORIENTED_EDGE('',*,*,#3405,.F.);
#4994=ORIENTED_EDGE('',*,*,#3608,.T.);
#4995=ORIENTED_EDGE('',*,*,#3544,.F.);
#4996=ORIENTED_EDGE('',*,*,#3609,.F.);
#4997=ORIENTED_EDGE('',*,*,#3402,.F.);
#4998=ORIENTED_EDGE('',*,*,#3609,.T.);
#4999=ORIENTED_EDGE('',*,*,#3542,.F.);
#5000=ORIENTED_EDGE('',*,*,#3610,.F.);
#5001=ORIENTED_EDGE('',*,*,#3399,.F.);
#5002=ORIENTED_EDGE('',*,*,#3610,.T.);
#5003=ORIENTED_EDGE('',*,*,#3540,.F.);
#5004=ORIENTED_EDGE('',*,*,#3390,.F.);
#5005=ORIENTED_EDGE('',*,*,#3611,.T.);
#5006=ORIENTED_EDGE('',*,*,#3612,.T.);
#5007=ORIENTED_EDGE('',*,*,#3613,.T.);
#5008=ORIENTED_EDGE('',*,*,#3614,.T.);
#5009=ORIENTED_EDGE('',*,*,#3615,.T.);
#5010=ORIENTED_EDGE('',*,*,#3616,.T.);
#5011=ORIENTED_EDGE('',*,*,#3617,.T.);
#5012=ORIENTED_EDGE('',*,*,#3618,.T.);
#5013=ORIENTED_EDGE('',*,*,#3038,.T.);
#5014=ORIENTED_EDGE('',*,*,#3619,.T.);
#5015=ORIENTED_EDGE('',*,*,#3620,.T.);
#5016=ORIENTED_EDGE('',*,*,#3621,.T.);
#5017=ORIENTED_EDGE('',*,*,#3622,.T.);
#5018=ORIENTED_EDGE('',*,*,#3623,.T.);
#5019=ORIENTED_EDGE('',*,*,#3624,.T.);
#5020=ORIENTED_EDGE('',*,*,#3625,.T.);
#5021=ORIENTED_EDGE('',*,*,#3626,.T.);
#5022=ORIENTED_EDGE('',*,*,#3627,.T.);
#5023=ORIENTED_EDGE('',*,*,#3628,.T.);
#5024=ORIENTED_EDGE('',*,*,#3629,.T.);
#5025=ORIENTED_EDGE('',*,*,#3630,.T.);
#5026=ORIENTED_EDGE('',*,*,#3260,.T.);
#5027=ORIENTED_EDGE('',*,*,#3263,.T.);
#5028=ORIENTED_EDGE('',*,*,#3265,.T.);
#5029=ORIENTED_EDGE('',*,*,#3269,.T.);
#5030=ORIENTED_EDGE('',*,*,#3631,.T.);
#5031=ORIENTED_EDGE('',*,*,#3341,.F.);
#5032=ORIENTED_EDGE('',*,*,#3632,.F.);
#5033=ORIENTED_EDGE('',*,*,#3549,.F.);
#5034=ORIENTED_EDGE('',*,*,#3633,.T.);
#5035=ORIENTED_EDGE('',*,*,#3343,.F.);
#5036=ORIENTED_EDGE('',*,*,#3350,.F.);
#5037=ORIENTED_EDGE('',*,*,#3546,.F.);
#5038=ORIENTED_EDGE('',*,*,#3632,.T.);
#5039=ORIENTED_EDGE('',*,*,#3308,.F.);
#5040=ORIENTED_EDGE('',*,*,#3634,.F.);
#5041=ORIENTED_EDGE('',*,*,#3589,.F.);
#5042=ORIENTED_EDGE('',*,*,#3377,.T.);
#5043=ORIENTED_EDGE('',*,*,#3313,.F.);
#5044=ORIENTED_EDGE('',*,*,#3635,.F.);
#5045=ORIENTED_EDGE('',*,*,#3587,.F.);
#5046=ORIENTED_EDGE('',*,*,#3634,.T.);
#5047=ORIENTED_EDGE('',*,*,#3310,.F.);
#5048=ORIENTED_EDGE('',*,*,#3315,.F.);
#5049=ORIENTED_EDGE('',*,*,#3636,.F.);
#5050=ORIENTED_EDGE('',*,*,#3585,.F.);
#5051=ORIENTED_EDGE('',*,*,#3635,.T.);
#5052=ORIENTED_EDGE('',*,*,#3317,.F.);
#5053=ORIENTED_EDGE('',*,*,#3637,.F.);
#5054=ORIENTED_EDGE('',*,*,#3583,.F.);
#5055=ORIENTED_EDGE('',*,*,#3636,.T.);
#5056=ORIENTED_EDGE('',*,*,#3319,.F.);
#5057=ORIENTED_EDGE('',*,*,#3638,.F.);
#5058=ORIENTED_EDGE('',*,*,#3581,.F.);
#5059=ORIENTED_EDGE('',*,*,#3637,.T.);
#5060=ORIENTED_EDGE('',*,*,#3321,.F.);
#5061=ORIENTED_EDGE('',*,*,#3639,.F.);
#5062=ORIENTED_EDGE('',*,*,#3579,.F.);
#5063=ORIENTED_EDGE('',*,*,#3638,.T.);
#5064=ORIENTED_EDGE('',*,*,#3323,.F.);
#5065=ORIENTED_EDGE('',*,*,#3640,.F.);
#5066=ORIENTED_EDGE('',*,*,#3576,.F.);
#5067=ORIENTED_EDGE('',*,*,#3639,.T.);
#5068=ORIENTED_EDGE('',*,*,#3325,.F.);
#5069=ORIENTED_EDGE('',*,*,#3641,.F.);
#5070=ORIENTED_EDGE('',*,*,#3573,.F.);
#5071=ORIENTED_EDGE('',*,*,#3640,.T.);
#5072=ORIENTED_EDGE('',*,*,#3327,.F.);
#5073=ORIENTED_EDGE('',*,*,#3642,.F.);
#5074=ORIENTED_EDGE('',*,*,#3570,.F.);
#5075=ORIENTED_EDGE('',*,*,#3641,.T.);
#5076=ORIENTED_EDGE('',*,*,#3329,.F.);
#5077=ORIENTED_EDGE('',*,*,#3643,.F.);
#5078=ORIENTED_EDGE('',*,*,#3567,.F.);
#5079=ORIENTED_EDGE('',*,*,#3642,.T.);
#5080=ORIENTED_EDGE('',*,*,#3331,.F.);
#5081=ORIENTED_EDGE('',*,*,#3644,.F.);
#5082=ORIENTED_EDGE('',*,*,#3564,.F.);
#5083=ORIENTED_EDGE('',*,*,#3643,.T.);
#5084=ORIENTED_EDGE('',*,*,#3333,.F.);
#5085=ORIENTED_EDGE('',*,*,#3645,.F.);
#5086=ORIENTED_EDGE('',*,*,#3561,.F.);
#5087=ORIENTED_EDGE('',*,*,#3644,.T.);
#5088=ORIENTED_EDGE('',*,*,#3335,.F.);
#5089=ORIENTED_EDGE('',*,*,#3646,.F.);
#5090=ORIENTED_EDGE('',*,*,#3558,.F.);
#5091=ORIENTED_EDGE('',*,*,#3645,.T.);
#5092=ORIENTED_EDGE('',*,*,#3337,.F.);
#5093=ORIENTED_EDGE('',*,*,#3647,.F.);
#5094=ORIENTED_EDGE('',*,*,#3555,.F.);
#5095=ORIENTED_EDGE('',*,*,#3646,.T.);
#5096=ORIENTED_EDGE('',*,*,#3339,.F.);
#5097=ORIENTED_EDGE('',*,*,#3633,.F.);
#5098=ORIENTED_EDGE('',*,*,#3552,.F.);
#5099=ORIENTED_EDGE('',*,*,#3647,.T.);
#5100=ORIENTED_EDGE('',*,*,#3525,.T.);
#5101=ORIENTED_EDGE('',*,*,#3648,.T.);
#5102=ORIENTED_EDGE('',*,*,#3611,.F.);
#5103=ORIENTED_EDGE('',*,*,#3649,.F.);
#5104=ORIENTED_EDGE('',*,*,#3526,.T.);
#5105=ORIENTED_EDGE('',*,*,#3649,.T.);
#5106=ORIENTED_EDGE('',*,*,#3630,.F.);
#5107=ORIENTED_EDGE('',*,*,#3650,.F.);
#5108=ORIENTED_EDGE('',*,*,#3076,.T.);
#5109=ORIENTED_EDGE('',*,*,#3079,.T.);
#5110=ORIENTED_EDGE('',*,*,#3082,.T.);
#5111=ORIENTED_EDGE('',*,*,#3085,.T.);
#5112=ORIENTED_EDGE('',*,*,#3063,.T.);
#5113=ORIENTED_EDGE('',*,*,#3067,.T.);
#5114=ORIENTED_EDGE('',*,*,#3070,.T.);
#5115=ORIENTED_EDGE('',*,*,#3073,.T.);
#5116=ORIENTED_EDGE('',*,*,#3527,.T.);
#5117=ORIENTED_EDGE('',*,*,#3650,.T.);
#5118=ORIENTED_EDGE('',*,*,#3629,.F.);
#5119=ORIENTED_EDGE('',*,*,#3651,.F.);
#5120=ORIENTED_EDGE('',*,*,#3528,.T.);
#5121=ORIENTED_EDGE('',*,*,#3651,.T.);
#5122=ORIENTED_EDGE('',*,*,#3628,.F.);
#5123=ORIENTED_EDGE('',*,*,#3652,.F.);
#5124=ORIENTED_EDGE('',*,*,#3016,.T.);
#5125=ORIENTED_EDGE('',*,*,#3529,.T.);
#5126=ORIENTED_EDGE('',*,*,#3652,.T.);
#5127=ORIENTED_EDGE('',*,*,#3627,.F.);
#5128=ORIENTED_EDGE('',*,*,#3653,.F.);
#5129=ORIENTED_EDGE('',*,*,#3530,.T.);
#5130=ORIENTED_EDGE('',*,*,#3014,.T.);
#5131=ORIENTED_EDGE('',*,*,#3021,.T.);
#5132=ORIENTED_EDGE('',*,*,#3164,.T.);
#5133=ORIENTED_EDGE('',*,*,#3167,.T.);
#5134=ORIENTED_EDGE('',*,*,#3170,.T.);
#5135=ORIENTED_EDGE('',*,*,#3173,.T.);
#5136=ORIENTED_EDGE('',*,*,#3151,.T.);
#5137=ORIENTED_EDGE('',*,*,#3155,.T.);
#5138=ORIENTED_EDGE('',*,*,#3158,.T.);
#5139=ORIENTED_EDGE('',*,*,#3161,.T.);
#5140=ORIENTED_EDGE('',*,*,#3531,.T.);
#5141=ORIENTED_EDGE('',*,*,#3653,.T.);
#5142=ORIENTED_EDGE('',*,*,#3626,.F.);
#5143=ORIENTED_EDGE('',*,*,#3654,.F.);
#5144=ORIENTED_EDGE('',*,*,#3532,.T.);
#5145=ORIENTED_EDGE('',*,*,#3654,.T.);
#5146=ORIENTED_EDGE('',*,*,#3625,.F.);
#5147=ORIENTED_EDGE('',*,*,#3655,.F.);
#5148=ORIENTED_EDGE('',*,*,#3533,.T.);
#5149=ORIENTED_EDGE('',*,*,#3655,.T.);
#5150=ORIENTED_EDGE('',*,*,#3624,.F.);
#5151=ORIENTED_EDGE('',*,*,#3656,.F.);
#5152=ORIENTED_EDGE('',*,*,#3534,.T.);
#5153=ORIENTED_EDGE('',*,*,#3656,.T.);
#5154=ORIENTED_EDGE('',*,*,#3623,.F.);
#5155=ORIENTED_EDGE('',*,*,#3657,.F.);
#5156=ORIENTED_EDGE('',*,*,#3057,.T.);
#5157=ORIENTED_EDGE('',*,*,#3535,.T.);
#5158=ORIENTED_EDGE('',*,*,#3657,.T.);
#5159=ORIENTED_EDGE('',*,*,#3622,.F.);
#5160=ORIENTED_EDGE('',*,*,#3658,.F.);
#5161=ORIENTED_EDGE('',*,*,#3536,.T.);
#5162=ORIENTED_EDGE('',*,*,#3055,.T.);
#5163=ORIENTED_EDGE('',*,*,#3062,.T.);
#5164=ORIENTED_EDGE('',*,*,#3116,.T.);
#5165=ORIENTED_EDGE('',*,*,#3119,.T.);
#5166=ORIENTED_EDGE('',*,*,#3122,.T.);
#5167=ORIENTED_EDGE('',*,*,#3125,.T.);
#5168=ORIENTED_EDGE('',*,*,#3103,.T.);
#5169=ORIENTED_EDGE('',*,*,#3107,.T.);
#5170=ORIENTED_EDGE('',*,*,#3110,.T.);
#5171=ORIENTED_EDGE('',*,*,#3113,.T.);
#5172=ORIENTED_EDGE('',*,*,#3537,.T.);
#5173=ORIENTED_EDGE('',*,*,#3658,.T.);
#5174=ORIENTED_EDGE('',*,*,#3621,.F.);
#5175=ORIENTED_EDGE('',*,*,#3659,.F.);
#5176=ORIENTED_EDGE('',*,*,#3538,.T.);
#5177=ORIENTED_EDGE('',*,*,#3659,.T.);
#5178=ORIENTED_EDGE('',*,*,#3620,.F.);
#5179=ORIENTED_EDGE('',*,*,#3660,.F.);
#5180=ORIENTED_EDGE('',*,*,#3539,.T.);
#5181=ORIENTED_EDGE('',*,*,#3660,.T.);
#5182=ORIENTED_EDGE('',*,*,#3619,.F.);
#5183=ORIENTED_EDGE('',*,*,#3037,.F.);
#5184=ORIENTED_EDGE('',*,*,#3517,.T.);
#5185=ORIENTED_EDGE('',*,*,#3039,.T.);
#5186=ORIENTED_EDGE('',*,*,#3618,.F.);
#5187=ORIENTED_EDGE('',*,*,#3661,.F.);
#5188=ORIENTED_EDGE('',*,*,#3518,.T.);
#5189=ORIENTED_EDGE('',*,*,#3661,.T.);
#5190=ORIENTED_EDGE('',*,*,#3617,.F.);
#5191=ORIENTED_EDGE('',*,*,#3662,.F.);
#5192=ORIENTED_EDGE('',*,*,#3519,.T.);
#5193=ORIENTED_EDGE('',*,*,#3662,.T.);
#5194=ORIENTED_EDGE('',*,*,#3616,.F.);
#5195=ORIENTED_EDGE('',*,*,#3663,.F.);
#5196=ORIENTED_EDGE('',*,*,#3520,.T.);
#5197=ORIENTED_EDGE('',*,*,#3663,.T.);
#5198=ORIENTED_EDGE('',*,*,#3615,.F.);
#5199=ORIENTED_EDGE('',*,*,#3664,.F.);
#5200=ORIENTED_EDGE('',*,*,#3521,.T.);
#5201=ORIENTED_EDGE('',*,*,#3664,.T.);
#5202=ORIENTED_EDGE('',*,*,#3614,.F.);
#5203=ORIENTED_EDGE('',*,*,#3665,.F.);
#5204=ORIENTED_EDGE('',*,*,#3523,.T.);
#5205=ORIENTED_EDGE('',*,*,#3666,.F.);
#5206=ORIENTED_EDGE('',*,*,#3666,.T.);
#5207=ORIENTED_EDGE('',*,*,#3522,.T.);
#5208=ORIENTED_EDGE('',*,*,#3665,.T.);
#5209=ORIENTED_EDGE('',*,*,#3613,.F.);
#5210=ORIENTED_EDGE('',*,*,#3667,.F.);
#5211=ORIENTED_EDGE('',*,*,#3140,.T.);
#5212=ORIENTED_EDGE('',*,*,#3143,.T.);
#5213=ORIENTED_EDGE('',*,*,#3146,.T.);
#5214=ORIENTED_EDGE('',*,*,#3149,.T.);
#5215=ORIENTED_EDGE('',*,*,#3127,.T.);
#5216=ORIENTED_EDGE('',*,*,#3131,.T.);
#5217=ORIENTED_EDGE('',*,*,#3134,.T.);
#5218=ORIENTED_EDGE('',*,*,#3137,.T.);
#5219=ORIENTED_EDGE('',*,*,#3524,.T.);
#5220=ORIENTED_EDGE('',*,*,#3667,.T.);
#5221=ORIENTED_EDGE('',*,*,#3612,.F.);
#5222=ORIENTED_EDGE('',*,*,#3648,.F.);
#5223=ORIENTED_EDGE('',*,*,#3668,.F.);
#5224=ORIENTED_EDGE('',*,*,#3669,.T.);
#5225=ORIENTED_EDGE('',*,*,#3631,.F.);
#5226=ORIENTED_EDGE('',*,*,#3669,.F.);
#5227=ORIENTED_EDGE('',*,*,#3670,.F.);
#5228=ORIENTED_EDGE('',*,*,#3671,.T.);
#5229=ORIENTED_EDGE('',*,*,#3672,.T.);
#5230=ORIENTED_EDGE('',*,*,#3673,.F.);
#5231=ORIENTED_EDGE('',*,*,#3674,.F.);
#5232=ORIENTED_EDGE('',*,*,#3675,.T.);
#5233=ORIENTED_EDGE('',*,*,#3676,.T.);
#5234=ORIENTED_EDGE('',*,*,#3671,.F.);
#5235=ORIENTED_EDGE('',*,*,#3677,.F.);
#5236=ORIENTED_EDGE('',*,*,#3678,.T.);
#5237=ORIENTED_EDGE('',*,*,#3679,.T.);
#5238=ORIENTED_EDGE('',*,*,#3675,.F.);
#5239=ORIENTED_EDGE('',*,*,#3680,.F.);
#5240=ORIENTED_EDGE('',*,*,#3673,.T.);
#5241=ORIENTED_EDGE('',*,*,#3681,.T.);
#5242=ORIENTED_EDGE('',*,*,#3678,.F.);
#5243=ORIENTED_EDGE('',*,*,#3681,.F.);
#5244=ORIENTED_EDGE('',*,*,#3672,.F.);
#5245=ORIENTED_EDGE('',*,*,#3676,.F.);
#5246=ORIENTED_EDGE('',*,*,#3679,.F.);
#5247=ORIENTED_EDGE('',*,*,#3680,.T.);
#5248=ORIENTED_EDGE('',*,*,#3677,.T.);
#5249=ORIENTED_EDGE('',*,*,#3674,.T.);
#5250=ORIENTED_EDGE('',*,*,#3670,.T.);
#5251=ORIENTED_EDGE('',*,*,#3668,.T.);
#5252=ORIENTED_EDGE('',*,*,#3682,.T.);
#5253=ORIENTED_EDGE('',*,*,#3683,.T.);
#5254=ORIENTED_EDGE('',*,*,#3684,.F.);
#5255=ORIENTED_EDGE('',*,*,#3685,.F.);
#5256=ORIENTED_EDGE('',*,*,#3686,.F.);
#5257=ORIENTED_EDGE('',*,*,#3687,.T.);
#5258=ORIENTED_EDGE('',*,*,#3688,.T.);
#5259=ORIENTED_EDGE('',*,*,#3689,.T.);
#5260=ORIENTED_EDGE('',*,*,#3690,.T.);
#5261=ORIENTED_EDGE('',*,*,#3691,.T.);
#5262=ORIENTED_EDGE('',*,*,#3682,.F.);
#5263=ORIENTED_EDGE('',*,*,#3692,.T.);
#5264=ORIENTED_EDGE('',*,*,#3687,.F.);
#5265=ORIENTED_EDGE('',*,*,#3693,.T.);
#5266=ORIENTED_EDGE('',*,*,#3685,.T.);
#5267=ORIENTED_EDGE('',*,*,#3694,.T.);
#5268=ORIENTED_EDGE('',*,*,#3688,.F.);
#5269=ORIENTED_EDGE('',*,*,#3692,.F.);
#5270=ORIENTED_EDGE('',*,*,#3684,.T.);
#5271=ORIENTED_EDGE('',*,*,#3695,.T.);
#5272=ORIENTED_EDGE('',*,*,#3689,.F.);
#5273=ORIENTED_EDGE('',*,*,#3694,.F.);
#5274=ORIENTED_EDGE('',*,*,#3683,.F.);
#5275=ORIENTED_EDGE('',*,*,#3693,.F.);
#5276=ORIENTED_EDGE('',*,*,#3690,.F.);
#5277=ORIENTED_EDGE('',*,*,#3695,.F.);
#5278=ORIENTED_EDGE('',*,*,#3691,.F.);
#5279=ORIENTED_EDGE('',*,*,#3696,.T.);
#5280=ORIENTED_EDGE('',*,*,#3686,.T.);
#5281=ORIENTED_EDGE('',*,*,#3696,.F.);
#5282=ORIENTED_EDGE('',*,*,#3697,.F.);
#5283=ORIENTED_EDGE('',*,*,#3698,.F.);
#5284=ORIENTED_EDGE('',*,*,#3699,.F.);
#5285=ORIENTED_EDGE('',*,*,#3700,.F.);
#5286=ORIENTED_EDGE('',*,*,#3701,.F.);
#5287=ORIENTED_EDGE('',*,*,#3702,.F.);
#5288=ORIENTED_EDGE('',*,*,#3703,.F.);
#5289=ORIENTED_EDGE('',*,*,#3704,.F.);
#5290=ORIENTED_EDGE('',*,*,#3705,.F.);
#5291=ORIENTED_EDGE('',*,*,#3706,.F.);
#5292=ORIENTED_EDGE('',*,*,#3707,.F.);
#5293=ORIENTED_EDGE('',*,*,#3708,.F.);
#5294=ORIENTED_EDGE('',*,*,#3709,.F.);
#5295=ORIENTED_EDGE('',*,*,#3701,.T.);
#5296=ORIENTED_EDGE('',*,*,#3710,.T.);
#5297=ORIENTED_EDGE('',*,*,#3711,.F.);
#5298=ORIENTED_EDGE('',*,*,#3712,.F.);
#5299=ORIENTED_EDGE('',*,*,#3700,.T.);
#5300=ORIENTED_EDGE('',*,*,#3713,.T.);
#5301=ORIENTED_EDGE('',*,*,#3714,.F.);
#5302=ORIENTED_EDGE('',*,*,#3710,.F.);
#5303=ORIENTED_EDGE('',*,*,#3699,.T.);
#5304=ORIENTED_EDGE('',*,*,#3715,.T.);
#5305=ORIENTED_EDGE('',*,*,#3716,.F.);
#5306=ORIENTED_EDGE('',*,*,#3713,.F.);
#5307=ORIENTED_EDGE('',*,*,#3698,.T.);
#5308=ORIENTED_EDGE('',*,*,#3717,.T.);
#5309=ORIENTED_EDGE('',*,*,#3718,.F.);
#5310=ORIENTED_EDGE('',*,*,#3715,.F.);
#5311=ORIENTED_EDGE('',*,*,#3697,.T.);
#5312=ORIENTED_EDGE('',*,*,#3719,.T.);
#5313=ORIENTED_EDGE('',*,*,#3720,.F.);
#5314=ORIENTED_EDGE('',*,*,#3717,.F.);
#5315=ORIENTED_EDGE('',*,*,#3721,.F.);
#5316=ORIENTED_EDGE('',*,*,#3722,.T.);
#5317=ORIENTED_EDGE('',*,*,#3708,.T.);
#5318=ORIENTED_EDGE('',*,*,#3722,.F.);
#5319=ORIENTED_EDGE('',*,*,#3723,.F.);
#5320=ORIENTED_EDGE('',*,*,#3724,.T.);
#5321=ORIENTED_EDGE('',*,*,#3707,.T.);
#5322=ORIENTED_EDGE('',*,*,#3724,.F.);
#5323=ORIENTED_EDGE('',*,*,#3725,.F.);
#5324=ORIENTED_EDGE('',*,*,#3726,.T.);
#5325=ORIENTED_EDGE('',*,*,#3709,.T.);
#5326=ORIENTED_EDGE('',*,*,#3726,.F.);
#5327=ORIENTED_EDGE('',*,*,#3702,.T.);
#5328=ORIENTED_EDGE('',*,*,#3712,.T.);
#5329=ORIENTED_EDGE('',*,*,#3727,.F.);
#5330=ORIENTED_EDGE('',*,*,#3728,.F.);
#5331=ORIENTED_EDGE('',*,*,#3703,.T.);
#5332=ORIENTED_EDGE('',*,*,#3728,.T.);
#5333=ORIENTED_EDGE('',*,*,#3729,.F.);
#5334=ORIENTED_EDGE('',*,*,#3730,.F.);
#5335=ORIENTED_EDGE('',*,*,#3704,.T.);
#5336=ORIENTED_EDGE('',*,*,#3730,.T.);
#5337=ORIENTED_EDGE('',*,*,#3731,.F.);
#5338=ORIENTED_EDGE('',*,*,#3732,.F.);
#5339=ORIENTED_EDGE('',*,*,#3705,.T.);
#5340=ORIENTED_EDGE('',*,*,#3732,.T.);
#5341=ORIENTED_EDGE('',*,*,#3733,.F.);
#5342=ORIENTED_EDGE('',*,*,#3734,.F.);
#5343=ORIENTED_EDGE('',*,*,#3706,.T.);
#5344=ORIENTED_EDGE('',*,*,#3734,.T.);
#5345=ORIENTED_EDGE('',*,*,#3735,.F.);
#5346=ORIENTED_EDGE('',*,*,#3719,.F.);
#5347=ORIENTED_EDGE('',*,*,#3720,.T.);
#5348=ORIENTED_EDGE('',*,*,#3735,.T.);
#5349=ORIENTED_EDGE('',*,*,#3733,.T.);
#5350=ORIENTED_EDGE('',*,*,#3731,.T.);
#5351=ORIENTED_EDGE('',*,*,#3729,.T.);
#5352=ORIENTED_EDGE('',*,*,#3727,.T.);
#5353=ORIENTED_EDGE('',*,*,#3711,.T.);
#5354=ORIENTED_EDGE('',*,*,#3714,.T.);
#5355=ORIENTED_EDGE('',*,*,#3716,.T.);
#5356=ORIENTED_EDGE('',*,*,#3718,.T.);
#5357=ORIENTED_EDGE('',*,*,#3725,.T.);
#5358=ORIENTED_EDGE('',*,*,#3723,.T.);
#5359=ORIENTED_EDGE('',*,*,#3721,.T.);
#5360=ORIENTED_EDGE('',*,*,#3736,.F.);
#5361=ORIENTED_EDGE('',*,*,#3737,.F.);
#5362=ORIENTED_EDGE('',*,*,#3738,.F.);
#5363=ORIENTED_EDGE('',*,*,#3739,.F.);
#5364=ORIENTED_EDGE('',*,*,#3740,.F.);
#5365=ORIENTED_EDGE('',*,*,#3741,.F.);
#5366=ORIENTED_EDGE('',*,*,#3742,.F.);
#5367=ORIENTED_EDGE('',*,*,#3743,.F.);
#5368=ORIENTED_EDGE('',*,*,#3744,.F.);
#5369=ORIENTED_EDGE('',*,*,#3745,.F.);
#5370=ORIENTED_EDGE('',*,*,#3746,.F.);
#5371=ORIENTED_EDGE('',*,*,#3747,.F.);
#5372=ORIENTED_EDGE('',*,*,#3748,.F.);
#5373=ORIENTED_EDGE('',*,*,#3749,.F.);
#5374=ORIENTED_EDGE('',*,*,#3750,.F.);
#5375=ORIENTED_EDGE('',*,*,#3751,.F.);
#5376=ORIENTED_EDGE('',*,*,#3752,.F.);
#5377=ORIENTED_EDGE('',*,*,#3753,.F.);
#5378=ORIENTED_EDGE('',*,*,#3748,.T.);
#5379=ORIENTED_EDGE('',*,*,#3754,.T.);
#5380=ORIENTED_EDGE('',*,*,#3755,.F.);
#5381=ORIENTED_EDGE('',*,*,#3756,.F.);
#5382=ORIENTED_EDGE('',*,*,#3747,.T.);
#5383=ORIENTED_EDGE('',*,*,#3757,.T.);
#5384=ORIENTED_EDGE('',*,*,#3758,.F.);
#5385=ORIENTED_EDGE('',*,*,#3754,.F.);
#5386=ORIENTED_EDGE('',*,*,#3746,.T.);
#5387=ORIENTED_EDGE('',*,*,#3759,.T.);
#5388=ORIENTED_EDGE('',*,*,#3760,.F.);
#5389=ORIENTED_EDGE('',*,*,#3757,.F.);
#5390=ORIENTED_EDGE('',*,*,#3745,.T.);
#5391=ORIENTED_EDGE('',*,*,#3761,.T.);
#5392=ORIENTED_EDGE('',*,*,#3762,.F.);
#5393=ORIENTED_EDGE('',*,*,#3759,.F.);
#5394=ORIENTED_EDGE('',*,*,#3744,.T.);
#5395=ORIENTED_EDGE('',*,*,#3763,.T.);
#5396=ORIENTED_EDGE('',*,*,#3764,.F.);
#5397=ORIENTED_EDGE('',*,*,#3761,.F.);
#5398=ORIENTED_EDGE('',*,*,#3739,.T.);
#5399=ORIENTED_EDGE('',*,*,#3765,.T.);
#5400=ORIENTED_EDGE('',*,*,#3766,.F.);
#5401=ORIENTED_EDGE('',*,*,#3767,.F.);
#5402=ORIENTED_EDGE('',*,*,#3738,.T.);
#5403=ORIENTED_EDGE('',*,*,#3768,.T.);
#5404=ORIENTED_EDGE('',*,*,#3769,.F.);
#5405=ORIENTED_EDGE('',*,*,#3765,.F.);
#5406=ORIENTED_EDGE('',*,*,#3737,.T.);
#5407=ORIENTED_EDGE('',*,*,#3770,.T.);
#5408=ORIENTED_EDGE('',*,*,#3771,.F.);
#5409=ORIENTED_EDGE('',*,*,#3768,.F.);
#5410=ORIENTED_EDGE('',*,*,#3736,.T.);
#5411=ORIENTED_EDGE('',*,*,#3772,.T.);
#5412=ORIENTED_EDGE('',*,*,#3773,.F.);
#5413=ORIENTED_EDGE('',*,*,#3770,.F.);
#5414=ORIENTED_EDGE('',*,*,#3749,.T.);
#5415=ORIENTED_EDGE('',*,*,#3756,.T.);
#5416=ORIENTED_EDGE('',*,*,#3774,.F.);
#5417=ORIENTED_EDGE('',*,*,#3775,.F.);
#5418=ORIENTED_EDGE('',*,*,#3750,.T.);
#5419=ORIENTED_EDGE('',*,*,#3775,.T.);
#5420=ORIENTED_EDGE('',*,*,#3776,.F.);
#5421=ORIENTED_EDGE('',*,*,#3777,.F.);
#5422=ORIENTED_EDGE('',*,*,#3751,.T.);
#5423=ORIENTED_EDGE('',*,*,#3777,.T.);
#5424=ORIENTED_EDGE('',*,*,#3778,.F.);
#5425=ORIENTED_EDGE('',*,*,#3779,.F.);
#5426=ORIENTED_EDGE('',*,*,#3752,.T.);
#5427=ORIENTED_EDGE('',*,*,#3779,.T.);
#5428=ORIENTED_EDGE('',*,*,#3780,.F.);
#5429=ORIENTED_EDGE('',*,*,#3781,.F.);
#5430=ORIENTED_EDGE('',*,*,#3753,.T.);
#5431=ORIENTED_EDGE('',*,*,#3781,.T.);
#5432=ORIENTED_EDGE('',*,*,#3782,.F.);
#5433=ORIENTED_EDGE('',*,*,#3763,.F.);
#5434=ORIENTED_EDGE('',*,*,#3740,.T.);
#5435=ORIENTED_EDGE('',*,*,#3767,.T.);
#5436=ORIENTED_EDGE('',*,*,#3783,.F.);
#5437=ORIENTED_EDGE('',*,*,#3784,.F.);
#5438=ORIENTED_EDGE('',*,*,#3741,.T.);
#5439=ORIENTED_EDGE('',*,*,#3784,.T.);
#5440=ORIENTED_EDGE('',*,*,#3785,.F.);
#5441=ORIENTED_EDGE('',*,*,#3786,.F.);
#5442=ORIENTED_EDGE('',*,*,#3742,.T.);
#5443=ORIENTED_EDGE('',*,*,#3786,.T.);
#5444=ORIENTED_EDGE('',*,*,#3787,.F.);
#5445=ORIENTED_EDGE('',*,*,#3788,.F.);
#5446=ORIENTED_EDGE('',*,*,#3743,.T.);
#5447=ORIENTED_EDGE('',*,*,#3788,.T.);
#5448=ORIENTED_EDGE('',*,*,#3789,.F.);
#5449=ORIENTED_EDGE('',*,*,#3772,.F.);
#5450=ORIENTED_EDGE('',*,*,#3773,.T.);
#5451=ORIENTED_EDGE('',*,*,#3789,.T.);
#5452=ORIENTED_EDGE('',*,*,#3787,.T.);
#5453=ORIENTED_EDGE('',*,*,#3785,.T.);
#5454=ORIENTED_EDGE('',*,*,#3783,.T.);
#5455=ORIENTED_EDGE('',*,*,#3766,.T.);
#5456=ORIENTED_EDGE('',*,*,#3769,.T.);
#5457=ORIENTED_EDGE('',*,*,#3771,.T.);
#5458=ORIENTED_EDGE('',*,*,#3764,.T.);
#5459=ORIENTED_EDGE('',*,*,#3782,.T.);
#5460=ORIENTED_EDGE('',*,*,#3780,.T.);
#5461=ORIENTED_EDGE('',*,*,#3778,.T.);
#5462=ORIENTED_EDGE('',*,*,#3776,.T.);
#5463=ORIENTED_EDGE('',*,*,#3774,.T.);
#5464=ORIENTED_EDGE('',*,*,#3755,.T.);
#5465=ORIENTED_EDGE('',*,*,#3758,.T.);
#5466=ORIENTED_EDGE('',*,*,#3760,.T.);
#5467=ORIENTED_EDGE('',*,*,#3762,.T.);
#5468=ORIENTED_EDGE('',*,*,#3790,.T.);
#5469=ORIENTED_EDGE('',*,*,#3791,.T.);
#5470=ORIENTED_EDGE('',*,*,#3792,.F.);
#5471=ORIENTED_EDGE('',*,*,#3793,.F.);
#5472=ORIENTED_EDGE('',*,*,#3794,.T.);
#5473=ORIENTED_EDGE('',*,*,#3793,.T.);
#5474=ORIENTED_EDGE('',*,*,#3795,.F.);
#5475=ORIENTED_EDGE('',*,*,#3796,.F.);
#5476=ORIENTED_EDGE('',*,*,#3797,.T.);
#5477=ORIENTED_EDGE('',*,*,#3796,.T.);
#5478=ORIENTED_EDGE('',*,*,#3798,.F.);
#5479=ORIENTED_EDGE('',*,*,#3799,.F.);
#5480=ORIENTED_EDGE('',*,*,#3800,.T.);
#5481=ORIENTED_EDGE('',*,*,#3799,.T.);
#5482=ORIENTED_EDGE('',*,*,#3801,.F.);
#5483=ORIENTED_EDGE('',*,*,#3802,.F.);
#5484=ORIENTED_EDGE('',*,*,#3803,.T.);
#5485=ORIENTED_EDGE('',*,*,#3802,.T.);
#5486=ORIENTED_EDGE('',*,*,#3804,.F.);
#5487=ORIENTED_EDGE('',*,*,#3805,.F.);
#5488=ORIENTED_EDGE('',*,*,#3806,.T.);
#5489=ORIENTED_EDGE('',*,*,#3805,.T.);
#5490=ORIENTED_EDGE('',*,*,#3807,.F.);
#5491=ORIENTED_EDGE('',*,*,#3808,.F.);
#5492=ORIENTED_EDGE('',*,*,#3809,.T.);
#5493=ORIENTED_EDGE('',*,*,#3808,.T.);
#5494=ORIENTED_EDGE('',*,*,#3810,.F.);
#5495=ORIENTED_EDGE('',*,*,#3811,.F.);
#5496=ORIENTED_EDGE('',*,*,#3812,.T.);
#5497=ORIENTED_EDGE('',*,*,#3811,.T.);
#5498=ORIENTED_EDGE('',*,*,#3813,.F.);
#5499=ORIENTED_EDGE('',*,*,#3814,.F.);
#5500=ORIENTED_EDGE('',*,*,#3815,.T.);
#5501=ORIENTED_EDGE('',*,*,#3814,.T.);
#5502=ORIENTED_EDGE('',*,*,#3816,.F.);
#5503=ORIENTED_EDGE('',*,*,#3817,.F.);
#5504=ORIENTED_EDGE('',*,*,#3818,.T.);
#5505=ORIENTED_EDGE('',*,*,#3817,.T.);
#5506=ORIENTED_EDGE('',*,*,#3819,.F.);
#5507=ORIENTED_EDGE('',*,*,#3791,.F.);
#5508=ORIENTED_EDGE('',*,*,#3820,.F.);
#5509=ORIENTED_EDGE('',*,*,#3821,.T.);
#5510=ORIENTED_EDGE('',*,*,#3822,.F.);
#5511=ORIENTED_EDGE('',*,*,#3823,.F.);
#5512=ORIENTED_EDGE('',*,*,#3824,.T.);
#5513=ORIENTED_EDGE('',*,*,#3823,.T.);
#5514=ORIENTED_EDGE('',*,*,#3825,.F.);
#5515=ORIENTED_EDGE('',*,*,#3826,.F.);
#5516=ORIENTED_EDGE('',*,*,#3827,.F.);
#5517=ORIENTED_EDGE('',*,*,#3826,.T.);
#5518=ORIENTED_EDGE('',*,*,#3828,.F.);
#5519=ORIENTED_EDGE('',*,*,#3829,.F.);
#5520=ORIENTED_EDGE('',*,*,#3830,.T.);
#5521=ORIENTED_EDGE('',*,*,#3829,.T.);
#5522=ORIENTED_EDGE('',*,*,#3831,.F.);
#5523=ORIENTED_EDGE('',*,*,#3832,.F.);
#5524=ORIENTED_EDGE('',*,*,#3833,.F.);
#5525=ORIENTED_EDGE('',*,*,#3832,.T.);
#5526=ORIENTED_EDGE('',*,*,#3834,.F.);
#5527=ORIENTED_EDGE('',*,*,#3835,.F.);
#5528=ORIENTED_EDGE('',*,*,#3836,.T.);
#5529=ORIENTED_EDGE('',*,*,#3835,.T.);
#5530=ORIENTED_EDGE('',*,*,#3837,.F.);
#5531=ORIENTED_EDGE('',*,*,#3838,.F.);
#5532=ORIENTED_EDGE('',*,*,#3839,.F.);
#5533=ORIENTED_EDGE('',*,*,#3838,.T.);
#5534=ORIENTED_EDGE('',*,*,#3840,.F.);
#5535=ORIENTED_EDGE('',*,*,#3841,.F.);
#5536=ORIENTED_EDGE('',*,*,#3842,.T.);
#5537=ORIENTED_EDGE('',*,*,#3841,.T.);
#5538=ORIENTED_EDGE('',*,*,#3843,.F.);
#5539=ORIENTED_EDGE('',*,*,#3821,.F.);
#5540=ORIENTED_EDGE('',*,*,#3843,.T.);
#5541=ORIENTED_EDGE('',*,*,#3840,.T.);
#5542=ORIENTED_EDGE('',*,*,#3837,.T.);
#5543=ORIENTED_EDGE('',*,*,#3834,.T.);
#5544=ORIENTED_EDGE('',*,*,#3831,.T.);
#5545=ORIENTED_EDGE('',*,*,#3828,.T.);
#5546=ORIENTED_EDGE('',*,*,#3825,.T.);
#5547=ORIENTED_EDGE('',*,*,#3822,.T.);
#5548=ORIENTED_EDGE('',*,*,#3819,.T.);
#5549=ORIENTED_EDGE('',*,*,#3816,.T.);
#5550=ORIENTED_EDGE('',*,*,#3813,.T.);
#5551=ORIENTED_EDGE('',*,*,#3810,.T.);
#5552=ORIENTED_EDGE('',*,*,#3807,.T.);
#5553=ORIENTED_EDGE('',*,*,#3804,.T.);
#5554=ORIENTED_EDGE('',*,*,#3801,.T.);
#5555=ORIENTED_EDGE('',*,*,#3798,.T.);
#5556=ORIENTED_EDGE('',*,*,#3795,.T.);
#5557=ORIENTED_EDGE('',*,*,#3792,.T.);
#5558=ORIENTED_EDGE('',*,*,#3842,.F.);
#5559=ORIENTED_EDGE('',*,*,#3820,.T.);
#5560=ORIENTED_EDGE('',*,*,#3824,.F.);
#5561=ORIENTED_EDGE('',*,*,#3827,.T.);
#5562=ORIENTED_EDGE('',*,*,#3830,.F.);
#5563=ORIENTED_EDGE('',*,*,#3833,.T.);
#5564=ORIENTED_EDGE('',*,*,#3836,.F.);
#5565=ORIENTED_EDGE('',*,*,#3839,.T.);
#5566=ORIENTED_EDGE('',*,*,#3818,.F.);
#5567=ORIENTED_EDGE('',*,*,#3790,.F.);
#5568=ORIENTED_EDGE('',*,*,#3794,.F.);
#5569=ORIENTED_EDGE('',*,*,#3797,.F.);
#5570=ORIENTED_EDGE('',*,*,#3800,.F.);
#5571=ORIENTED_EDGE('',*,*,#3803,.F.);
#5572=ORIENTED_EDGE('',*,*,#3806,.F.);
#5573=ORIENTED_EDGE('',*,*,#3809,.F.);
#5574=ORIENTED_EDGE('',*,*,#3812,.F.);
#5575=ORIENTED_EDGE('',*,*,#3815,.F.);
#5576=ORIENTED_EDGE('',*,*,#3844,.T.);
#5577=ORIENTED_EDGE('',*,*,#3845,.T.);
#5578=ORIENTED_EDGE('',*,*,#3846,.F.);
#5579=ORIENTED_EDGE('',*,*,#3847,.F.);
#5580=ORIENTED_EDGE('',*,*,#3848,.T.);
#5581=ORIENTED_EDGE('',*,*,#3847,.T.);
#5582=ORIENTED_EDGE('',*,*,#3849,.F.);
#5583=ORIENTED_EDGE('',*,*,#3850,.F.);
#5584=ORIENTED_EDGE('',*,*,#3851,.T.);
#5585=ORIENTED_EDGE('',*,*,#3850,.T.);
#5586=ORIENTED_EDGE('',*,*,#3852,.F.);
#5587=ORIENTED_EDGE('',*,*,#3853,.F.);
#5588=ORIENTED_EDGE('',*,*,#3854,.T.);
#5589=ORIENTED_EDGE('',*,*,#3853,.T.);
#5590=ORIENTED_EDGE('',*,*,#3855,.F.);
#5591=ORIENTED_EDGE('',*,*,#3856,.F.);
#5592=ORIENTED_EDGE('',*,*,#3857,.T.);
#5593=ORIENTED_EDGE('',*,*,#3856,.T.);
#5594=ORIENTED_EDGE('',*,*,#3858,.F.);
#5595=ORIENTED_EDGE('',*,*,#3859,.F.);
#5596=ORIENTED_EDGE('',*,*,#3860,.T.);
#5597=ORIENTED_EDGE('',*,*,#3859,.T.);
#5598=ORIENTED_EDGE('',*,*,#3861,.F.);
#5599=ORIENTED_EDGE('',*,*,#3862,.F.);
#5600=ORIENTED_EDGE('',*,*,#3863,.T.);
#5601=ORIENTED_EDGE('',*,*,#3862,.T.);
#5602=ORIENTED_EDGE('',*,*,#3864,.F.);
#5603=ORIENTED_EDGE('',*,*,#3865,.F.);
#5604=ORIENTED_EDGE('',*,*,#3866,.T.);
#5605=ORIENTED_EDGE('',*,*,#3865,.T.);
#5606=ORIENTED_EDGE('',*,*,#3867,.F.);
#5607=ORIENTED_EDGE('',*,*,#3868,.F.);
#5608=ORIENTED_EDGE('',*,*,#3869,.T.);
#5609=ORIENTED_EDGE('',*,*,#3868,.T.);
#5610=ORIENTED_EDGE('',*,*,#3870,.F.);
#5611=ORIENTED_EDGE('',*,*,#3871,.F.);
#5612=ORIENTED_EDGE('',*,*,#3872,.T.);
#5613=ORIENTED_EDGE('',*,*,#3871,.T.);
#5614=ORIENTED_EDGE('',*,*,#3873,.F.);
#5615=ORIENTED_EDGE('',*,*,#3845,.F.);
#5616=ORIENTED_EDGE('',*,*,#3874,.F.);
#5617=ORIENTED_EDGE('',*,*,#3875,.T.);
#5618=ORIENTED_EDGE('',*,*,#3876,.F.);
#5619=ORIENTED_EDGE('',*,*,#3877,.F.);
#5620=ORIENTED_EDGE('',*,*,#3878,.T.);
#5621=ORIENTED_EDGE('',*,*,#3877,.T.);
#5622=ORIENTED_EDGE('',*,*,#3879,.F.);
#5623=ORIENTED_EDGE('',*,*,#3880,.F.);
#5624=ORIENTED_EDGE('',*,*,#3881,.F.);
#5625=ORIENTED_EDGE('',*,*,#3880,.T.);
#5626=ORIENTED_EDGE('',*,*,#3882,.F.);
#5627=ORIENTED_EDGE('',*,*,#3883,.F.);
#5628=ORIENTED_EDGE('',*,*,#3884,.T.);
#5629=ORIENTED_EDGE('',*,*,#3883,.T.);
#5630=ORIENTED_EDGE('',*,*,#3885,.F.);
#5631=ORIENTED_EDGE('',*,*,#3886,.F.);
#5632=ORIENTED_EDGE('',*,*,#3887,.F.);
#5633=ORIENTED_EDGE('',*,*,#3886,.T.);
#5634=ORIENTED_EDGE('',*,*,#3888,.F.);
#5635=ORIENTED_EDGE('',*,*,#3889,.F.);
#5636=ORIENTED_EDGE('',*,*,#3890,.T.);
#5637=ORIENTED_EDGE('',*,*,#3889,.T.);
#5638=ORIENTED_EDGE('',*,*,#3891,.F.);
#5639=ORIENTED_EDGE('',*,*,#3892,.F.);
#5640=ORIENTED_EDGE('',*,*,#3893,.F.);
#5641=ORIENTED_EDGE('',*,*,#3892,.T.);
#5642=ORIENTED_EDGE('',*,*,#3894,.F.);
#5643=ORIENTED_EDGE('',*,*,#3895,.F.);
#5644=ORIENTED_EDGE('',*,*,#3896,.T.);
#5645=ORIENTED_EDGE('',*,*,#3895,.T.);
#5646=ORIENTED_EDGE('',*,*,#3897,.F.);
#5647=ORIENTED_EDGE('',*,*,#3875,.F.);
#5648=ORIENTED_EDGE('',*,*,#3897,.T.);
#5649=ORIENTED_EDGE('',*,*,#3894,.T.);
#5650=ORIENTED_EDGE('',*,*,#3891,.T.);
#5651=ORIENTED_EDGE('',*,*,#3888,.T.);
#5652=ORIENTED_EDGE('',*,*,#3885,.T.);
#5653=ORIENTED_EDGE('',*,*,#3882,.T.);
#5654=ORIENTED_EDGE('',*,*,#3879,.T.);
#5655=ORIENTED_EDGE('',*,*,#3876,.T.);
#5656=ORIENTED_EDGE('',*,*,#3873,.T.);
#5657=ORIENTED_EDGE('',*,*,#3870,.T.);
#5658=ORIENTED_EDGE('',*,*,#3867,.T.);
#5659=ORIENTED_EDGE('',*,*,#3864,.T.);
#5660=ORIENTED_EDGE('',*,*,#3861,.T.);
#5661=ORIENTED_EDGE('',*,*,#3858,.T.);
#5662=ORIENTED_EDGE('',*,*,#3855,.T.);
#5663=ORIENTED_EDGE('',*,*,#3852,.T.);
#5664=ORIENTED_EDGE('',*,*,#3849,.T.);
#5665=ORIENTED_EDGE('',*,*,#3846,.T.);
#5666=ORIENTED_EDGE('',*,*,#3896,.F.);
#5667=ORIENTED_EDGE('',*,*,#3874,.T.);
#5668=ORIENTED_EDGE('',*,*,#3878,.F.);
#5669=ORIENTED_EDGE('',*,*,#3881,.T.);
#5670=ORIENTED_EDGE('',*,*,#3884,.F.);
#5671=ORIENTED_EDGE('',*,*,#3887,.T.);
#5672=ORIENTED_EDGE('',*,*,#3890,.F.);
#5673=ORIENTED_EDGE('',*,*,#3893,.T.);
#5674=ORIENTED_EDGE('',*,*,#3872,.F.);
#5675=ORIENTED_EDGE('',*,*,#3844,.F.);
#5676=ORIENTED_EDGE('',*,*,#3848,.F.);
#5677=ORIENTED_EDGE('',*,*,#3851,.F.);
#5678=ORIENTED_EDGE('',*,*,#3854,.F.);
#5679=ORIENTED_EDGE('',*,*,#3857,.F.);
#5680=ORIENTED_EDGE('',*,*,#3860,.F.);
#5681=ORIENTED_EDGE('',*,*,#3863,.F.);
#5682=ORIENTED_EDGE('',*,*,#3866,.F.);
#5683=ORIENTED_EDGE('',*,*,#3869,.F.);
#5684=CYLINDRICAL_SURFACE('',#6203,1.6);
#5685=CYLINDRICAL_SURFACE('',#6209,2.50000000000001);
#5686=CYLINDRICAL_SURFACE('',#6214,1.6);
#5687=CYLINDRICAL_SURFACE('',#6218,3.);
#5688=CYLINDRICAL_SURFACE('',#6227,1.6);
#5689=CYLINDRICAL_SURFACE('',#6232,3.);
#5690=CYLINDRICAL_SURFACE('',#6237,0.999999999999996);
#5691=CYLINDRICAL_SURFACE('',#6241,0.999999999999995);
#5692=CYLINDRICAL_SURFACE('',#6245,0.999999999999996);
#5693=CYLINDRICAL_SURFACE('',#6249,0.999999999999997);
#5694=CYLINDRICAL_SURFACE('',#6253,0.999999999999996);
#5695=CYLINDRICAL_SURFACE('',#6256,0.999999999999996);
#5696=CYLINDRICAL_SURFACE('',#6259,0.999999999999996);
#5697=CYLINDRICAL_SURFACE('',#6262,0.999999999999996);
#5698=CYLINDRICAL_SURFACE('',#6265,0.999999999999996);
#5699=CYLINDRICAL_SURFACE('',#6269,0.999999999999996);
#5700=CYLINDRICAL_SURFACE('',#6273,0.999999999999996);
#5701=CYLINDRICAL_SURFACE('',#6277,0.999999999999996);
#5702=CYLINDRICAL_SURFACE('',#6281,0.999999999999996);
#5703=CYLINDRICAL_SURFACE('',#6285,0.999999999999996);
#5704=CYLINDRICAL_SURFACE('',#6289,0.999999999999996);
#5705=CYLINDRICAL_SURFACE('',#6293,0.999999999999988);
#5706=CYLINDRICAL_SURFACE('',#6297,0.999999999999996);
#5707=CYLINDRICAL_SURFACE('',#6301,0.999999999999997);
#5708=CYLINDRICAL_SURFACE('',#6305,0.999999999999988);
#5709=CYLINDRICAL_SURFACE('',#6309,0.999999999999997);
#5710=CYLINDRICAL_SURFACE('',#6313,1.00000000000001);
#5711=CYLINDRICAL_SURFACE('',#6317,1.);
#5712=CYLINDRICAL_SURFACE('',#6322,0.999999999999996);
#5713=CYLINDRICAL_SURFACE('',#6326,0.999999999999996);
#5714=CYLINDRICAL_SURFACE('',#6330,0.999999999999999);
#5715=CYLINDRICAL_SURFACE('',#6334,1.00000000000001);
#5716=CYLINDRICAL_SURFACE('',#6338,0.999999999999988);
#5717=CYLINDRICAL_SURFACE('',#6342,0.999999999999996);
#5718=CYLINDRICAL_SURFACE('',#6360,0.991083364698055);
#5719=CYLINDRICAL_SURFACE('',#6363,1.35);
#5720=CYLINDRICAL_SURFACE('',#6366,1.35);
#5721=CYLINDRICAL_SURFACE('',#6369,1.35);
#5722=CYLINDRICAL_SURFACE('',#6381,0.2);
#5723=CYLINDRICAL_SURFACE('',#6387,0.2);
#5724=CYLINDRICAL_SURFACE('',#6389,0.2);
#5725=CYLINDRICAL_SURFACE('',#6394,0.2);
#5726=CYLINDRICAL_SURFACE('',#6399,0.2);
#5727=CYLINDRICAL_SURFACE('',#6408,0.2);
#5728=CYLINDRICAL_SURFACE('',#6410,0.2);
#5729=CYLINDRICAL_SURFACE('',#6411,0.2);
#5730=CYLINDRICAL_SURFACE('',#6416,0.2);
#5731=CYLINDRICAL_SURFACE('',#6421,0.2);
#5732=CYLINDRICAL_SURFACE('',#6425,0.2);
#5733=CYLINDRICAL_SURFACE('',#6429,0.2);
#5734=CYLINDRICAL_SURFACE('',#6434,0.2);
#5735=CYLINDRICAL_SURFACE('',#6438,0.2);
#5736=CYLINDRICAL_SURFACE('',#6442,0.2);
#5737=CYLINDRICAL_SURFACE('',#6447,0.2);
#5738=CYLINDRICAL_SURFACE('',#6451,0.2);
#5739=CYLINDRICAL_SURFACE('',#6482,0.2);
#5740=CYLINDRICAL_SURFACE('',#6488,0.2);
#5741=CYLINDRICAL_SURFACE('',#6494,0.2);
#5742=CYLINDRICAL_SURFACE('',#6500,0.2);
#5743=CYLINDRICAL_SURFACE('',#6506,0.2);
#5744=CYLINDRICAL_SURFACE('',#6512,0.2);
#5745=CYLINDRICAL_SURFACE('',#6518,0.2);
#5746=CYLINDRICAL_SURFACE('',#6524,0.2);
#5747=CYLINDRICAL_SURFACE('',#6530,0.2);
#5748=CYLINDRICAL_SURFACE('',#6536,0.2);
#5749=CYLINDRICAL_SURFACE('',#6542,0.2);
#5750=CYLINDRICAL_SURFACE('',#6548,0.2);
#5751=CYLINDRICAL_SURFACE('',#6554,0.2);
#5752=CYLINDRICAL_SURFACE('',#6560,0.2);
#5753=CYLINDRICAL_SURFACE('',#6566,0.2);
#5754=CYLINDRICAL_SURFACE('',#6571,0.2);
#5755=CYLINDRICAL_SURFACE('',#6572,29.9999999999999);
#5756=CYLINDRICAL_SURFACE('',#6575,20.);
#5757=CYLINDRICAL_SURFACE('',#6578,1.);
#5758=CYLINDRICAL_SURFACE('',#6581,1.);
#5759=CYLINDRICAL_SURFACE('',#6584,10.0000000000003);
#5760=CYLINDRICAL_SURFACE('',#6587,10.);
#5761=CYLINDRICAL_SURFACE('',#6590,1.);
#5762=CYLINDRICAL_SURFACE('',#6593,0.999999999999996);
#5763=CYLINDRICAL_SURFACE('',#6609,0.2);
#5764=CYLINDRICAL_SURFACE('',#6615,0.2);
#5765=CYLINDRICAL_SURFACE('',#6621,0.2);
#5766=CYLINDRICAL_SURFACE('',#6627,0.2);
#5767=CYLINDRICAL_SURFACE('',#6633,0.2);
#5768=CYLINDRICAL_SURFACE('',#6639,0.2);
#5769=CYLINDRICAL_SURFACE('',#6645,0.2);
#5770=CYLINDRICAL_SURFACE('',#6650,0.2);
#5771=CYLINDRICAL_SURFACE('',#6655,0.2);
#5772=CYLINDRICAL_SURFACE('',#6660,0.2);
#5773=CYLINDRICAL_SURFACE('',#6664,0.2);
#5774=CYLINDRICAL_SURFACE('',#6668,0.2);
#5775=CYLINDRICAL_SURFACE('',#6672,0.2);
#5776=CYLINDRICAL_SURFACE('',#6676,0.2);
#5777=CYLINDRICAL_SURFACE('',#6678,2.00000000000001);
#5778=CYLINDRICAL_SURFACE('',#6680,2.00000000000002);
#5779=CYLINDRICAL_SURFACE('',#6682,20.0000000000002);
#5780=CYLINDRICAL_SURFACE('',#6684,2.00000000000002);
#5781=CYLINDRICAL_SURFACE('',#6686,2.00000000000001);
#5782=CYLINDRICAL_SURFACE('',#6688,30.0000000000001);
#5783=CYLINDRICAL_SURFACE('',#6690,20.);
#5784=CYLINDRICAL_SURFACE('',#6717,12.0000000000003);
#5785=CYLINDRICAL_SURFACE('',#6719,12.);
#5786=CYLINDRICAL_SURFACE('',#6722,22.);
#5787=CYLINDRICAL_SURFACE('',#6724,32.0000000000001);
#5788=CYLINDRICAL_SURFACE('',#6728,22.0000000000003);
#5789=CYLINDRICAL_SURFACE('',#6731,31.9999999999999);
#5790=CYLINDRICAL_SURFACE('',#6733,22.);
#5791=CYLINDRICAL_SURFACE('',#6737,1.00000000000001);
#5792=CYLINDRICAL_SURFACE('',#6752,2.5);
#5793=CYLINDRICAL_SURFACE('',#6755,1.6);
#5794=CYLINDRICAL_SURFACE('',#6765,1.35);
#5795=CYLINDRICAL_SURFACE('',#6768,0.999999999999996);
#5796=CYLINDRICAL_SURFACE('',#6771,0.999999999999996);
#5797=CYLINDRICAL_SURFACE('',#6773,0.991083364698055);
#5798=CYLINDRICAL_SURFACE('',#6775,1.35);
#5799=CYLINDRICAL_SURFACE('',#6777,1.35);
#5800=CYLINDRICAL_SURFACE('',#6780,1.);
#5801=CYLINDRICAL_SURFACE('',#6783,1.00000000000001);
#5802=CYLINDRICAL_SURFACE('',#6797,1.);
#5803=CYLINDRICAL_SURFACE('',#6800,1.00000000000001);
#5804=CYLINDRICAL_SURFACE('',#6803,0.999999999999996);
#5805=CYLINDRICAL_SURFACE('',#6806,0.999999999999999);
#5806=CYLINDRICAL_SURFACE('',#6809,0.999999999999996);
#5807=CYLINDRICAL_SURFACE('',#6812,1.35);
#5808=CYLINDRICAL_SURFACE('',#6815,0.999999999999996);
#5809=CYLINDRICAL_SURFACE('',#6818,1.00000000000001);
#5810=CYLINDRICAL_SURFACE('',#6821,0.999999999999988);
#5811=CYLINDRICAL_SURFACE('',#6826,1.00000000000001);
#5812=CYLINDRICAL_SURFACE('',#6830,1.);
#5813=CYLINDRICAL_SURFACE('',#6834,1.35);
#5814=CYLINDRICAL_SURFACE('',#6838,0.999999999999996);
#5815=CYLINDRICAL_SURFACE('',#6842,0.999999999999996);
#5816=CYLINDRICAL_SURFACE('',#6846,0.999999999999999);
#5817=CYLINDRICAL_SURFACE('',#6850,1.00000000000001);
#5818=CYLINDRICAL_SURFACE('',#6854,0.999999999999988);
#5819=CYLINDRICAL_SURFACE('',#6858,0.999999999999996);
#5820=CYLINDRICAL_SURFACE('',#6864,1.00000000000001);
#5821=CYLINDRICAL_SURFACE('',#6868,1.);
#5822=CYLINDRICAL_SURFACE('',#6872,1.35);
#5823=CYLINDRICAL_SURFACE('',#6876,0.999999999999996);
#5824=CYLINDRICAL_SURFACE('',#6880,0.999999999999996);
#5825=CYLINDRICAL_SURFACE('',#6884,0.999999999999999);
#5826=CYLINDRICAL_SURFACE('',#6888,1.00000000000001);
#5827=CYLINDRICAL_SURFACE('',#6892,0.999999999999988);
#5828=CYLINDRICAL_SURFACE('',#6896,0.999999999999996);
#5829=ADVANCED_FACE('',(#297),#5684,.F.);
#5830=ADVANCED_FACE('',(#298),#154,.T.);
#5831=ADVANCED_FACE('',(#299),#155,.T.);
#5832=ADVANCED_FACE('',(#300),#156,.T.);
#5833=ADVANCED_FACE('',(#301),#5685,.T.);
#5834=ADVANCED_FACE('',(#302,#111),#157,.T.);
#5835=ADVANCED_FACE('',(#303),#158,.T.);
#5836=ADVANCED_FACE('',(#304),#5686,.F.);
#5837=ADVANCED_FACE('',(#305),#159,.T.);
#5838=ADVANCED_FACE('',(#306),#5687,.T.);
#5839=ADVANCED_FACE('',(#307,#112),#160,.T.);
#5840=ADVANCED_FACE('',(#308,#113),#161,.T.);
#5841=ADVANCED_FACE('',(#309),#5688,.F.);
#5842=ADVANCED_FACE('',(#310),#162,.T.);
#5843=ADVANCED_FACE('',(#311),#163,.T.);
#5844=ADVANCED_FACE('',(#312),#5689,.T.);
#5845=ADVANCED_FACE('',(#313,#114),#164,.T.);
#5846=ADVANCED_FACE('',(#314),#165,.F.);
#5847=ADVANCED_FACE('',(#315),#5690,.F.);
#5848=ADVANCED_FACE('',(#316),#166,.F.);
#5849=ADVANCED_FACE('',(#317),#5691,.F.);
#5850=ADVANCED_FACE('',(#318),#167,.F.);
#5851=ADVANCED_FACE('',(#319),#5692,.F.);
#5852=ADVANCED_FACE('',(#320),#168,.F.);
#5853=ADVANCED_FACE('',(#321),#5693,.F.);
#5854=ADVANCED_FACE('',(#322),#169,.F.);
#5855=ADVANCED_FACE('',(#323),#5694,.F.);
#5856=ADVANCED_FACE('',(#324),#170,.F.);
#5857=ADVANCED_FACE('',(#325),#5695,.F.);
#5858=ADVANCED_FACE('',(#326),#171,.F.);
#5859=ADVANCED_FACE('',(#327),#5696,.F.);
#5860=ADVANCED_FACE('',(#328),#172,.F.);
#5861=ADVANCED_FACE('',(#329),#5697,.F.);
#5862=ADVANCED_FACE('',(#330),#173,.F.);
#5863=ADVANCED_FACE('',(#331),#5698,.F.);
#5864=ADVANCED_FACE('',(#332),#174,.F.);
#5865=ADVANCED_FACE('',(#333),#5699,.F.);
#5866=ADVANCED_FACE('',(#334),#175,.F.);
#5867=ADVANCED_FACE('',(#335),#5700,.F.);
#5868=ADVANCED_FACE('',(#336),#176,.F.);
#5869=ADVANCED_FACE('',(#337),#5701,.F.);
#5870=ADVANCED_FACE('',(#338),#177,.F.);
#5871=ADVANCED_FACE('',(#339),#5702,.F.);
#5872=ADVANCED_FACE('',(#340),#178,.F.);
#5873=ADVANCED_FACE('',(#341),#5703,.F.);
#5874=ADVANCED_FACE('',(#342),#179,.F.);
#5875=ADVANCED_FACE('',(#343),#5704,.F.);
#5876=ADVANCED_FACE('',(#344),#180,.F.);
#5877=ADVANCED_FACE('',(#345),#5705,.F.);
#5878=ADVANCED_FACE('',(#346),#181,.F.);
#5879=ADVANCED_FACE('',(#347),#5706,.F.);
#5880=ADVANCED_FACE('',(#348),#182,.F.);
#5881=ADVANCED_FACE('',(#349),#5707,.F.);
#5882=ADVANCED_FACE('',(#350),#183,.F.);
#5883=ADVANCED_FACE('',(#351),#5708,.F.);
#5884=ADVANCED_FACE('',(#352),#184,.F.);
#5885=ADVANCED_FACE('',(#353),#5709,.F.);
#5886=ADVANCED_FACE('',(#354),#185,.T.);
#5887=ADVANCED_FACE('',(#355),#5710,.F.);
#5888=ADVANCED_FACE('',(#356),#186,.T.);
#5889=ADVANCED_FACE('',(#357),#5711,.F.);
#5890=ADVANCED_FACE('',(#358),#187,.T.);
#5891=ADVANCED_FACE('',(#359),#188,.T.);
#5892=ADVANCED_FACE('',(#360),#5712,.F.);
#5893=ADVANCED_FACE('',(#361),#189,.T.);
#5894=ADVANCED_FACE('',(#362),#5713,.F.);
#5895=ADVANCED_FACE('',(#363),#190,.T.);
#5896=ADVANCED_FACE('',(#364),#5714,.T.);
#5897=ADVANCED_FACE('',(#365),#191,.T.);
#5898=ADVANCED_FACE('',(#366),#5715,.T.);
#5899=ADVANCED_FACE('',(#367),#192,.T.);
#5900=ADVANCED_FACE('',(#368),#5716,.T.);
#5901=ADVANCED_FACE('',(#369),#193,.T.);
#5902=ADVANCED_FACE('',(#370),#5717,.T.);
#5903=ADVANCED_FACE('',(#371,#115),#194,.T.);
#5904=ADVANCED_FACE('',(#372,#116,#117),#195,.T.);
#5905=ADVANCED_FACE('',(#373),#5718,.F.);
#5906=ADVANCED_FACE('',(#374),#5719,.F.);
#5907=ADVANCED_FACE('',(#375),#5720,.F.);
#5908=ADVANCED_FACE('',(#376),#5721,.F.);
#5909=ADVANCED_FACE('',(#377),#196,.T.);
#5910=ADVANCED_FACE('',(#378),#197,.T.);
#5911=ADVANCED_FACE('',(#379),#198,.T.);
#5912=ADVANCED_FACE('',(#380),#199,.T.);
#5913=ADVANCED_FACE('',(#381),#200,.T.);
#5914=ADVANCED_FACE('',(#382),#106,.T.);
#5915=ADVANCED_FACE('',(#383),#5722,.T.);
#5916=ADVANCED_FACE('',(#384),#107,.T.);
#5917=ADVANCED_FACE('',(#385),#5723,.T.);
#5918=ADVANCED_FACE('',(#386),#5724,.T.);
#5919=ADVANCED_FACE('',(#387),#64,.T.);
#5920=ADVANCED_FACE('',(#388),#5725,.T.);
#5921=ADVANCED_FACE('',(#389),#65,.T.);
#5922=ADVANCED_FACE('',(#390),#5726,.T.);
#5923=ADVANCED_FACE('',(#391),#108,.T.);
#5924=ADVANCED_FACE('',(#392),#60,.F.);
#5925=ADVANCED_FACE('',(#393),#109,.T.);
#5926=ADVANCED_FACE('',(#394),#5727,.T.);
#5927=ADVANCED_FACE('',(#395),#5728,.T.);
#5928=ADVANCED_FACE('',(#396),#5729,.T.);
#5929=ADVANCED_FACE('',(#397),#66,.T.);
#5930=ADVANCED_FACE('',(#398),#5730,.T.);
#5931=ADVANCED_FACE('',(#399),#67,.T.);
#5932=ADVANCED_FACE('',(#400),#5731,.T.);
#5933=ADVANCED_FACE('',(#401),#41,.F.);
#5934=ADVANCED_FACE('',(#402),#5732,.T.);
#5935=ADVANCED_FACE('',(#403),#42,.F.);
#5936=ADVANCED_FACE('',(#404),#5733,.T.);
#5937=ADVANCED_FACE('',(#405),#68,.T.);
#5938=ADVANCED_FACE('',(#406),#5734,.T.);
#5939=ADVANCED_FACE('',(#407),#43,.F.);
#5940=ADVANCED_FACE('',(#408),#5735,.T.);
#5941=ADVANCED_FACE('',(#409),#44,.F.);
#5942=ADVANCED_FACE('',(#410),#5736,.T.);
#5943=ADVANCED_FACE('',(#411),#69,.T.);
#5944=ADVANCED_FACE('',(#412),#5737,.T.);
#5945=ADVANCED_FACE('',(#413),#70,.T.);
#5946=ADVANCED_FACE('',(#414),#5738,.T.);
#5947=ADVANCED_FACE('',(#415),#201,.T.);
#5948=ADVANCED_FACE('',(#416),#26,.F.);
#5949=ADVANCED_FACE('',(#417),#27,.T.);
#5950=ADVANCED_FACE('',(#418),#202,.T.);
#5951=ADVANCED_FACE('',(#419),#28,.T.);
#5952=ADVANCED_FACE('',(#420),#203,.T.);
#5953=ADVANCED_FACE('',(#421),#29,.F.);
#5954=ADVANCED_FACE('',(#422),#204,.T.);
#5955=ADVANCED_FACE('',(#423),#30,.F.);
#5956=ADVANCED_FACE('',(#424),#205,.T.);
#5957=ADVANCED_FACE('',(#425),#31,.T.);
#5958=ADVANCED_FACE('',(#426),#206,.T.);
#5959=ADVANCED_FACE('',(#427,#118,#119,#120),#207,.T.);
#5960=ADVANCED_FACE('',(#428),#61,.T.);
#5961=ADVANCED_FACE('',(#429),#62,.T.);
#5962=ADVANCED_FACE('',(#430),#63,.T.);
#5963=ADVANCED_FACE('',(#431),#71,.T.);
#5964=ADVANCED_FACE('',(#432),#208,.T.);
#5965=ADVANCED_FACE('',(#433),#110,.T.);
#5966=ADVANCED_FACE('',(#434),#5739,.T.);
#5967=ADVANCED_FACE('',(#435),#72,.T.);
#5968=ADVANCED_FACE('',(#436),#5740,.T.);
#5969=ADVANCED_FACE('',(#437),#73,.T.);
#5970=ADVANCED_FACE('',(#438),#5741,.T.);
#5971=ADVANCED_FACE('',(#439),#74,.T.);
#5972=ADVANCED_FACE('',(#440),#5742,.T.);
#5973=ADVANCED_FACE('',(#441),#75,.T.);
#5974=ADVANCED_FACE('',(#442),#5743,.T.);
#5975=ADVANCED_FACE('',(#443),#76,.T.);
#5976=ADVANCED_FACE('',(#444),#5744,.T.);
#5977=ADVANCED_FACE('',(#445),#77,.T.);
#5978=ADVANCED_FACE('',(#446),#5745,.T.);
#5979=ADVANCED_FACE('',(#447),#78,.T.);
#5980=ADVANCED_FACE('',(#448),#5746,.T.);
#5981=ADVANCED_FACE('',(#449),#79,.T.);
#5982=ADVANCED_FACE('',(#450),#5747,.T.);
#5983=ADVANCED_FACE('',(#451),#80,.T.);
#5984=ADVANCED_FACE('',(#452),#5748,.T.);
#5985=ADVANCED_FACE('',(#453),#81,.T.);
#5986=ADVANCED_FACE('',(#454),#5749,.T.);
#5987=ADVANCED_FACE('',(#455),#82,.T.);
#5988=ADVANCED_FACE('',(#456),#5750,.T.);
#5989=ADVANCED_FACE('',(#457),#83,.T.);
#5990=ADVANCED_FACE('',(#458),#5751,.T.);
#5991=ADVANCED_FACE('',(#459),#84,.T.);
#5992=ADVANCED_FACE('',(#460),#5752,.T.);
#5993=ADVANCED_FACE('',(#461),#85,.T.);
#5994=ADVANCED_FACE('',(#462),#5753,.T.);
#5995=ADVANCED_FACE('',(#463),#86,.T.);
#5996=ADVANCED_FACE('',(#464),#5754,.T.);
#5997=ADVANCED_FACE('',(#465),#5755,.F.);
#5998=ADVANCED_FACE('',(#466),#209,.T.);
#5999=ADVANCED_FACE('',(#467),#5756,.F.);
#6000=ADVANCED_FACE('',(#468),#210,.T.);
#6001=ADVANCED_FACE('',(#469),#5757,.T.);
#6002=ADVANCED_FACE('',(#470,#121),#211,.T.);
#6003=ADVANCED_FACE('',(#471),#5758,.T.);
#6004=ADVANCED_FACE('',(#472),#212,.T.);
#6005=ADVANCED_FACE('',(#473),#5759,.F.);
#6006=ADVANCED_FACE('',(#474,#122),#213,.T.);
#6007=ADVANCED_FACE('',(#475),#5760,.F.);
#6008=ADVANCED_FACE('',(#476),#214,.T.);
#6009=ADVANCED_FACE('',(#477),#5761,.T.);
#6010=ADVANCED_FACE('',(#478,#123),#215,.T.);
#6011=ADVANCED_FACE('',(#479),#5762,.T.);
#6012=ADVANCED_FACE('',(#480),#87,.T.);
#6013=ADVANCED_FACE('',(#481,#124,#125,#126,#127),#216,.F.);
#6014=ADVANCED_FACE('',(#482),#88,.T.);
#6015=ADVANCED_FACE('',(#483),#89,.T.);
#6016=ADVANCED_FACE('',(#484),#5763,.T.);
#6017=ADVANCED_FACE('',(#485),#90,.T.);
#6018=ADVANCED_FACE('',(#486),#5764,.T.);
#6019=ADVANCED_FACE('',(#487),#91,.T.);
#6020=ADVANCED_FACE('',(#488),#5765,.T.);
#6021=ADVANCED_FACE('',(#489),#92,.T.);
#6022=ADVANCED_FACE('',(#490),#5766,.T.);
#6023=ADVANCED_FACE('',(#491),#93,.T.);
#6024=ADVANCED_FACE('',(#492),#5767,.T.);
#6025=ADVANCED_FACE('',(#493),#94,.T.);
#6026=ADVANCED_FACE('',(#494),#5768,.T.);
#6027=ADVANCED_FACE('',(#495),#95,.T.);
#6028=ADVANCED_FACE('',(#496),#5769,.T.);
#6029=ADVANCED_FACE('',(#497),#96,.T.);
#6030=ADVANCED_FACE('',(#498),#5770,.T.);
#6031=ADVANCED_FACE('',(#499),#97,.T.);
#6032=ADVANCED_FACE('',(#500),#5771,.T.);
#6033=ADVANCED_FACE('',(#501),#98,.T.);
#6034=ADVANCED_FACE('',(#502),#5772,.T.);
#6035=ADVANCED_FACE('',(#503),#99,.T.);
#6036=ADVANCED_FACE('',(#504),#5773,.T.);
#6037=ADVANCED_FACE('',(#505),#100,.T.);
#6038=ADVANCED_FACE('',(#506),#5774,.T.);
#6039=ADVANCED_FACE('',(#507),#101,.T.);
#6040=ADVANCED_FACE('',(#508),#5775,.T.);
#6041=ADVANCED_FACE('',(#509),#102,.T.);
#6042=ADVANCED_FACE('',(#510),#5776,.T.);
#6043=ADVANCED_FACE('',(#511),#217,.T.);
#6044=ADVANCED_FACE('',(#512),#5777,.T.);
#6045=ADVANCED_FACE('',(#513,#128),#218,.T.);
#6046=ADVANCED_FACE('',(#514),#5778,.T.);
#6047=ADVANCED_FACE('',(#515),#219,.T.);
#6048=ADVANCED_FACE('',(#516),#5779,.F.);
#6049=ADVANCED_FACE('',(#517),#220,.T.);
#6050=ADVANCED_FACE('',(#518),#5780,.T.);
#6051=ADVANCED_FACE('',(#519,#129),#221,.T.);
#6052=ADVANCED_FACE('',(#520),#5781,.T.);
#6053=ADVANCED_FACE('',(#521),#222,.T.);
#6054=ADVANCED_FACE('',(#522),#5782,.F.);
#6055=ADVANCED_FACE('',(#523),#223,.T.);
#6056=ADVANCED_FACE('',(#524),#5783,.F.);
#6057=ADVANCED_FACE('',(#525,#130,#131,#132,#133,#134),#224,.F.);
#6058=ADVANCED_FACE('',(#526),#225,.T.);
#6059=ADVANCED_FACE('',(#527),#32,.F.);
#6060=ADVANCED_FACE('',(#528),#33,.T.);
#6061=ADVANCED_FACE('',(#529),#226,.T.);
#6062=ADVANCED_FACE('',(#530),#34,.F.);
#6063=ADVANCED_FACE('',(#531),#227,.T.);
#6064=ADVANCED_FACE('',(#532),#35,.F.);
#6065=ADVANCED_FACE('',(#533),#228,.T.);
#6066=ADVANCED_FACE('',(#534),#36,.T.);
#6067=ADVANCED_FACE('',(#535),#229,.T.);
#6068=ADVANCED_FACE('',(#536),#37,.T.);
#6069=ADVANCED_FACE('',(#537),#230,.T.);
#6070=ADVANCED_FACE('',(#538),#38,.F.);
#6071=ADVANCED_FACE('',(#539),#231,.T.);
#6072=ADVANCED_FACE('',(#540),#39,.T.);
#6073=ADVANCED_FACE('',(#541),#232,.T.);
#6074=ADVANCED_FACE('',(#542),#40,.T.);
#6075=ADVANCED_FACE('',(#543),#5784,.T.);
#6076=ADVANCED_FACE('',(#544,#135),#233,.T.);
#6077=ADVANCED_FACE('',(#545),#5785,.T.);
#6078=ADVANCED_FACE('',(#546),#234,.T.);
#6079=ADVANCED_FACE('',(#547,#136),#235,.T.);
#6080=ADVANCED_FACE('',(#548),#5786,.T.);
#6081=ADVANCED_FACE('',(#549),#236,.T.);
#6082=ADVANCED_FACE('',(#550),#5787,.T.);
#6083=ADVANCED_FACE('',(#551),#237,.T.);
#6084=ADVANCED_FACE('',(#552,#137),#238,.T.);
#6085=ADVANCED_FACE('',(#553),#239,.T.);
#6086=ADVANCED_FACE('',(#554),#5788,.T.);
#6087=ADVANCED_FACE('',(#555),#240,.T.);
#6088=ADVANCED_FACE('',(#556),#241,.T.);
#6089=ADVANCED_FACE('',(#557),#5789,.T.);
#6090=ADVANCED_FACE('',(#558),#242,.T.);
#6091=ADVANCED_FACE('',(#559),#5790,.T.);
#6092=ADVANCED_FACE('',(#560),#243,.T.);
#6093=ADVANCED_FACE('',(#561,#138),#244,.T.);
#6094=ADVANCED_FACE('',(#562),#245,.T.);
#6095=ADVANCED_FACE('',(#563),#5791,.F.);
#6096=ADVANCED_FACE('',(#564),#246,.F.);
#6097=ADVANCED_FACE('',(#565),#247,.F.);
#6098=ADVANCED_FACE('',(#566),#248,.F.);
#6099=ADVANCED_FACE('',(#567),#249,.F.);
#6100=ADVANCED_FACE('',(#568),#250,.F.);
#6101=ADVANCED_FACE('',(#569,#139),#251,.T.);
#6102=ADVANCED_FACE('',(#570,#140),#252,.F.);
#6103=ADVANCED_FACE('',(#571,#141),#253,.T.);
#6104=ADVANCED_FACE('',(#572),#254,.T.);
#6105=ADVANCED_FACE('',(#573),#5792,.T.);
#6106=ADVANCED_FACE('',(#574),#255,.T.);
#6107=ADVANCED_FACE('',(#575),#256,.T.);
#6108=ADVANCED_FACE('',(#576),#5793,.F.);
#6109=ADVANCED_FACE('',(#577,#142,#143,#144),#257,.F.);
#6110=ADVANCED_FACE('',(#578),#5794,.F.);
#6111=ADVANCED_FACE('',(#579),#258,.T.);
#6112=ADVANCED_FACE('',(#580),#5795,.T.);
#6113=ADVANCED_FACE('',(#581),#259,.T.);
#6114=ADVANCED_FACE('',(#582),#5796,.T.);
#6115=ADVANCED_FACE('',(#583),#5797,.F.);
#6116=ADVANCED_FACE('',(#584),#5798,.F.);
#6117=ADVANCED_FACE('',(#585),#5799,.F.);
#6118=ADVANCED_FACE('',(#586),#260,.T.);
#6119=ADVANCED_FACE('',(#587),#5800,.T.);
#6120=ADVANCED_FACE('',(#588),#261,.T.);
#6121=ADVANCED_FACE('',(#589),#5801,.T.);
#6122=ADVANCED_FACE('',(#590),#262,.T.);
#6123=ADVANCED_FACE('',(#591,#145,#146,#147),#263,.T.);
#6124=ADVANCED_FACE('',(#592,#148),#264,.F.);
#6125=ADVANCED_FACE('',(#593),#5802,.F.);
#6126=ADVANCED_FACE('',(#594),#265,.T.);
#6127=ADVANCED_FACE('',(#595),#5803,.F.);
#6128=ADVANCED_FACE('',(#596),#266,.T.);
#6129=ADVANCED_FACE('',(#597),#5804,.F.);
#6130=ADVANCED_FACE('',(#598),#267,.T.);
#6131=ADVANCED_FACE('',(#599),#5805,.T.);
#6132=ADVANCED_FACE('',(#600),#268,.T.);
#6133=ADVANCED_FACE('',(#601),#5806,.T.);
#6134=ADVANCED_FACE('',(#602),#269,.T.);
#6135=ADVANCED_FACE('',(#603),#5807,.F.);
#6136=ADVANCED_FACE('',(#604),#270,.T.);
#6137=ADVANCED_FACE('',(#605),#5808,.F.);
#6138=ADVANCED_FACE('',(#606),#271,.T.);
#6139=ADVANCED_FACE('',(#607),#5809,.T.);
#6140=ADVANCED_FACE('',(#608),#272,.T.);
#6141=ADVANCED_FACE('',(#609),#5810,.T.);
#6142=ADVANCED_FACE('',(#610),#273,.T.);
#6143=ADVANCED_FACE('',(#611,#149),#274,.T.);
#6144=ADVANCED_FACE('',(#612),#275,.T.);
#6145=ADVANCED_FACE('',(#613),#5811,.F.);
#6146=ADVANCED_FACE('',(#614),#276,.T.);
#6147=ADVANCED_FACE('',(#615),#5812,.F.);
#6148=ADVANCED_FACE('',(#616),#277,.T.);
#6149=ADVANCED_FACE('',(#617),#5813,.F.);
#6150=ADVANCED_FACE('',(#618),#278,.T.);
#6151=ADVANCED_FACE('',(#619),#5814,.F.);
#6152=ADVANCED_FACE('',(#620),#279,.T.);
#6153=ADVANCED_FACE('',(#621),#5815,.F.);
#6154=ADVANCED_FACE('',(#622),#280,.T.);
#6155=ADVANCED_FACE('',(#623),#5816,.T.);
#6156=ADVANCED_FACE('',(#624),#281,.T.);
#6157=ADVANCED_FACE('',(#625),#5817,.T.);
#6158=ADVANCED_FACE('',(#626),#282,.T.);
#6159=ADVANCED_FACE('',(#627),#5818,.T.);
#6160=ADVANCED_FACE('',(#628),#283,.T.);
#6161=ADVANCED_FACE('',(#629),#5819,.T.);
#6162=ADVANCED_FACE('',(#630,#150),#284,.T.);
#6163=ADVANCED_FACE('',(#631,#151),#285,.F.);
#6164=ADVANCED_FACE('',(#632),#286,.T.);
#6165=ADVANCED_FACE('',(#633),#5820,.F.);
#6166=ADVANCED_FACE('',(#634),#287,.T.);
#6167=ADVANCED_FACE('',(#635),#5821,.F.);
#6168=ADVANCED_FACE('',(#636),#288,.T.);
#6169=ADVANCED_FACE('',(#637),#5822,.F.);
#6170=ADVANCED_FACE('',(#638),#289,.T.);
#6171=ADVANCED_FACE('',(#639),#5823,.F.);
#6172=ADVANCED_FACE('',(#640),#290,.T.);
#6173=ADVANCED_FACE('',(#641),#5824,.F.);
#6174=ADVANCED_FACE('',(#642),#291,.T.);
#6175=ADVANCED_FACE('',(#643),#5825,.T.);
#6176=ADVANCED_FACE('',(#644),#292,.T.);
#6177=ADVANCED_FACE('',(#645),#5826,.T.);
#6178=ADVANCED_FACE('',(#646),#293,.T.);
#6179=ADVANCED_FACE('',(#647),#5827,.T.);
#6180=ADVANCED_FACE('',(#648),#294,.T.);
#6181=ADVANCED_FACE('',(#649),#5828,.T.);
#6182=ADVANCED_FACE('',(#650,#152),#295,.T.);
#6183=ADVANCED_FACE('',(#651,#153),#296,.F.);
#6184=CLOSED_SHELL('',(#5829,#5830,#5831,#5832,#5833,#5834,#5835,#5836,
#5837,#5838,#5839,#5840,#5841,#5842,#5843,#5844,#5845,#5846,#5847,#5848,
#5849,#5850,#5851,#5852,#5853,#5854,#5855,#5856,#5857,#5858,#5859,#5860,
#5861,#5862,#5863,#5864,#5865,#5866,#5867,#5868,#5869,#5870,#5871,#5872,
#5873,#5874,#5875,#5876,#5877,#5878,#5879,#5880,#5881,#5882,#5883,#5884,
#5885,#5886,#5887,#5888,#5889,#5890,#5891,#5892,#5893,#5894,#5895,#5896,
#5897,#5898,#5899,#5900,#5901,#5902,#5903,#5904,#5905,#5906,#5907,#5908,
#5909,#5910,#5911,#5912,#5913,#5914,#5915,#5916,#5917,#5918,#5919,#5920,
#5921,#5922,#5923,#5924,#5925,#5926,#5927,#5928,#5929,#5930,#5931,#5932,
#5933,#5934,#5935,#5936,#5937,#5938,#5939,#5940,#5941,#5942,#5943,#5944,
#5945,#5946,#5947,#5948,#5949,#5950,#5951,#5952,#5953,#5954,#5955,#5956,
#5957,#5958,#5959,#5960,#5961,#5962,#5963,#5964,#5965,#5966,#5967,#5968,
#5969,#5970,#5971,#5972,#5973,#5974,#5975,#5976,#5977,#5978,#5979,#5980,
#5981,#5982,#5983,#5984,#5985,#5986,#5987,#5988,#5989,#5990,#5991,#5992,
#5993,#5994,#5995,#5996,#5997,#5998,#5999,#6000,#6001,#6002,#6003,#6004,
#6005,#6006,#6007,#6008,#6009,#6010,#6011,#6012,#6013,#6014,#6015,#6016,
#6017,#6018,#6019,#6020,#6021,#6022,#6023,#6024,#6025,#6026,#6027,#6028,
#6029,#6030,#6031,#6032,#6033,#6034,#6035,#6036,#6037,#6038,#6039,#6040,
#6041,#6042,#6043,#6044,#6045,#6046,#6047,#6048,#6049,#6050,#6051,#6052,
#6053,#6054,#6055,#6056,#6057,#6058,#6059,#6060,#6061,#6062,#6063,#6064,
#6065,#6066,#6067,#6068,#6069,#6070,#6071,#6072,#6073,#6074,#6075,#6076,
#6077,#6078,#6079,#6080,#6081,#6082,#6083,#6084,#6085,#6086,#6087,#6088,
#6089,#6090,#6091,#6092,#6093,#6094,#6095,#6096,#6097,#6098,#6099,#6100,
#6101));
#6185=CLOSED_SHELL('',(#6102,#6103,#6104,#6105,#6106,#6107,#6108));
#6186=CLOSED_SHELL('',(#6109,#6110,#6111,#6112,#6113,#6114,#6115,#6116,
#6117,#6118,#6119,#6120,#6121,#6122,#6123));
#6187=CLOSED_SHELL('',(#6124,#6125,#6126,#6127,#6128,#6129,#6130,#6131,
#6132,#6133,#6134,#6135,#6136,#6137,#6138,#6139,#6140,#6141,#6142,#6143));
#6188=CLOSED_SHELL('',(#6144,#6145,#6146,#6147,#6148,#6149,#6150,#6151,
#6152,#6153,#6154,#6155,#6156,#6157,#6158,#6159,#6160,#6161,#6162,#6163));
#6189=CLOSED_SHELL('',(#6164,#6165,#6166,#6167,#6168,#6169,#6170,#6171,
#6172,#6173,#6174,#6175,#6176,#6177,#6178,#6179,#6180,#6181,#6182,#6183));
#6190=DERIVED_UNIT_ELEMENT(#6192,1.);
#6191=DERIVED_UNIT_ELEMENT(#10970,-3.);
#6192=(
MASS_UNIT()
NAMED_UNIT(*)
SI_UNIT(.KILO.,.GRAM.)
);
#6193=DERIVED_UNIT((#6190,#6191));
#6194=MEASURE_REPRESENTATION_ITEM('density measure',
POSITIVE_RATIO_MEASURE(7850.),#6193);
#6195=PROPERTY_DEFINITION_REPRESENTATION(#6200,#6197);
#6196=PROPERTY_DEFINITION_REPRESENTATION(#6201,#6198);
#6197=REPRESENTATION('material name',(#6199),#10967);
#6198=REPRESENTATION('density',(#6194),#10967);
#6199=DESCRIPTIVE_REPRESENTATION_ITEM('Steel','Steel');
#6200=PROPERTY_DEFINITION('material property','material name',#10977);
#6201=PROPERTY_DEFINITION('material property','density of part',#10977);
#6202=AXIS2_PLACEMENT_3D('',#8825,#6901,#6902);
#6203=AXIS2_PLACEMENT_3D('',#8826,#6903,#6904);
#6204=AXIS2_PLACEMENT_3D('',#8828,#6905,#6906);
#6205=AXIS2_PLACEMENT_3D('',#8831,#6908,#6909);
#6206=AXIS2_PLACEMENT_3D('',#8832,#6910,#6911);
#6207=AXIS2_PLACEMENT_3D('',#8841,#6916,#6917);
#6208=AXIS2_PLACEMENT_3D('',#8847,#6921,#6922);
#6209=AXIS2_PLACEMENT_3D('',#8856,#6927,#6928);
#6210=AXIS2_PLACEMENT_3D('',#8857,#6929,#6930);
#6211=AXIS2_PLACEMENT_3D('',#8858,#6931,#6932);
#6212=AXIS2_PLACEMENT_3D('',#8859,#6933,#6934);
#6213=AXIS2_PLACEMENT_3D('',#8861,#6936,#6937);
#6214=AXIS2_PLACEMENT_3D('',#8870,#6942,#6943);
#6215=AXIS2_PLACEMENT_3D('',#8872,#6944,#6945);
#6216=AXIS2_PLACEMENT_3D('',#8875,#6947,#6948);
#6217=AXIS2_PLACEMENT_3D('',#8876,#6949,#6950);
#6218=AXIS2_PLACEMENT_3D('',#8885,#6955,#6956);
#6219=AXIS2_PLACEMENT_3D('',#8886,#6957,#6958);
#6220=AXIS2_PLACEMENT_3D('',#8887,#6959,#6960);
#6221=AXIS2_PLACEMENT_3D('',#8888,#6961,#6962);
#6222=AXIS2_PLACEMENT_3D('',#8890,#6964,#6965);
#6223=AXIS2_PLACEMENT_3D('',#8904,#6972,#6973);
#6224=AXIS2_PLACEMENT_3D('',#8908,#6975,#6976);
#6225=AXIS2_PLACEMENT_3D('',#8912,#6978,#6979);
#6226=AXIS2_PLACEMENT_3D('',#8915,#6981,#6982);
#6227=AXIS2_PLACEMENT_3D('',#8916,#6983,#6984);
#6228=AXIS2_PLACEMENT_3D('',#8918,#6985,#6986);
#6229=AXIS2_PLACEMENT_3D('',#8921,#6988,#6989);
#6230=AXIS2_PLACEMENT_3D('',#8922,#6990,#6991);
#6231=AXIS2_PLACEMENT_3D('',#8931,#6996,#6997);
#6232=AXIS2_PLACEMENT_3D('',#8940,#7002,#7003);
#6233=AXIS2_PLACEMENT_3D('',#8941,#7004,#7005);
#6234=AXIS2_PLACEMENT_3D('',#8942,#7006,#7007);
#6235=AXIS2_PLACEMENT_3D('',#8943,#7008,#7009);
#6236=AXIS2_PLACEMENT_3D('',#8945,#7011,#7012);
#6237=AXIS2_PLACEMENT_3D('',#8954,#7017,#7018);
#6238=AXIS2_PLACEMENT_3D('',#8956,#7019,#7020);
#6239=AXIS2_PLACEMENT_3D('',#8958,#7021,#7022);
#6240=AXIS2_PLACEMENT_3D('',#8960,#7024,#7025);
#6241=AXIS2_PLACEMENT_3D('',#8966,#7029,#7030);
#6242=AXIS2_PLACEMENT_3D('',#8968,#7031,#7032);
#6243=AXIS2_PLACEMENT_3D('',#8970,#7033,#7034);
#6244=AXIS2_PLACEMENT_3D('',#8972,#7036,#7037);
#6245=AXIS2_PLACEMENT_3D('',#8978,#7041,#7042);
#6246=AXIS2_PLACEMENT_3D('',#8980,#7043,#7044);
#6247=AXIS2_PLACEMENT_3D('',#8982,#7045,#7046);
#6248=AXIS2_PLACEMENT_3D('',#8984,#7048,#7049);
#6249=AXIS2_PLACEMENT_3D('',#8990,#7053,#7054);
#6250=AXIS2_PLACEMENT_3D('',#8991,#7055,#7056);
#6251=AXIS2_PLACEMENT_3D('',#8992,#7057,#7058);
#6252=AXIS2_PLACEMENT_3D('',#8993,#7059,#7060);
#6253=AXIS2_PLACEMENT_3D('',#8999,#7064,#7065);
#6254=AXIS2_PLACEMENT_3D('',#9001,#7066,#7067);
#6255=AXIS2_PLACEMENT_3D('',#9003,#7069,#7070);
#6256=AXIS2_PLACEMENT_3D('',#9007,#7073,#7074);
#6257=AXIS2_PLACEMENT_3D('',#9009,#7075,#7076);
#6258=AXIS2_PLACEMENT_3D('',#9011,#7078,#7079);
#6259=AXIS2_PLACEMENT_3D('',#9015,#7082,#7083);
#6260=AXIS2_PLACEMENT_3D('',#9017,#7084,#7085);
#6261=AXIS2_PLACEMENT_3D('',#9019,#7087,#7088);
#6262=AXIS2_PLACEMENT_3D('',#9023,#7091,#7092);
#6263=AXIS2_PLACEMENT_3D('',#9024,#7093,#7094);
#6264=AXIS2_PLACEMENT_3D('',#9025,#7095,#7096);
#6265=AXIS2_PLACEMENT_3D('',#9034,#7101,#7102);
#6266=AXIS2_PLACEMENT_3D('',#9036,#7103,#7104);
#6267=AXIS2_PLACEMENT_3D('',#9038,#7105,#7106);
#6268=AXIS2_PLACEMENT_3D('',#9040,#7108,#7109);
#6269=AXIS2_PLACEMENT_3D('',#9046,#7113,#7114);
#6270=AXIS2_PLACEMENT_3D('',#9048,#7115,#7116);
#6271=AXIS2_PLACEMENT_3D('',#9050,#7117,#7118);
#6272=AXIS2_PLACEMENT_3D('',#9052,#7120,#7121);
#6273=AXIS2_PLACEMENT_3D('',#9058,#7125,#7126);
#6274=AXIS2_PLACEMENT_3D('',#9060,#7127,#7128);
#6275=AXIS2_PLACEMENT_3D('',#9062,#7129,#7130);
#6276=AXIS2_PLACEMENT_3D('',#9064,#7132,#7133);
#6277=AXIS2_PLACEMENT_3D('',#9070,#7137,#7138);
#6278=AXIS2_PLACEMENT_3D('',#9071,#7139,#7140);
#6279=AXIS2_PLACEMENT_3D('',#9072,#7141,#7142);
#6280=AXIS2_PLACEMENT_3D('',#9073,#7143,#7144);
#6281=AXIS2_PLACEMENT_3D('',#9082,#7149,#7150);
#6282=AXIS2_PLACEMENT_3D('',#9084,#7151,#7152);
#6283=AXIS2_PLACEMENT_3D('',#9086,#7153,#7154);
#6284=AXIS2_PLACEMENT_3D('',#9088,#7156,#7157);
#6285=AXIS2_PLACEMENT_3D('',#9094,#7161,#7162);
#6286=AXIS2_PLACEMENT_3D('',#9096,#7163,#7164);
#6287=AXIS2_PLACEMENT_3D('',#9098,#7165,#7166);
#6288=AXIS2_PLACEMENT_3D('',#9100,#7168,#7169);
#6289=AXIS2_PLACEMENT_3D('',#9106,#7173,#7174);
#6290=AXIS2_PLACEMENT_3D('',#9108,#7175,#7176);
#6291=AXIS2_PLACEMENT_3D('',#9110,#7177,#7178);
#6292=AXIS2_PLACEMENT_3D('',#9112,#7180,#7181);
#6293=AXIS2_PLACEMENT_3D('',#9118,#7185,#7186);
#6294=AXIS2_PLACEMENT_3D('',#9119,#7187,#7188);
#6295=AXIS2_PLACEMENT_3D('',#9120,#7189,#7190);
#6296=AXIS2_PLACEMENT_3D('',#9121,#7191,#7192);
#6297=AXIS2_PLACEMENT_3D('',#9130,#7197,#7198);
#6298=AXIS2_PLACEMENT_3D('',#9132,#7199,#7200);
#6299=AXIS2_PLACEMENT_3D('',#9134,#7201,#7202);
#6300=AXIS2_PLACEMENT_3D('',#9136,#7204,#7205);
#6301=AXIS2_PLACEMENT_3D('',#9142,#7209,#7210);
#6302=AXIS2_PLACEMENT_3D('',#9144,#7211,#7212);
#6303=AXIS2_PLACEMENT_3D('',#9146,#7213,#7214);
#6304=AXIS2_PLACEMENT_3D('',#9148,#7216,#7217);
#6305=AXIS2_PLACEMENT_3D('',#9154,#7221,#7222);
#6306=AXIS2_PLACEMENT_3D('',#9156,#7223,#7224);
#6307=AXIS2_PLACEMENT_3D('',#9158,#7225,#7226);
#6308=AXIS2_PLACEMENT_3D('',#9160,#7228,#7229);
#6309=AXIS2_PLACEMENT_3D('',#9166,#7233,#7234);
#6310=AXIS2_PLACEMENT_3D('',#9167,#7235,#7236);
#6311=AXIS2_PLACEMENT_3D('',#9168,#7237,#7238);
#6312=AXIS2_PLACEMENT_3D('',#9169,#7239,#7240);
#6313=AXIS2_PLACEMENT_3D('',#9178,#7245,#7246);
#6314=AXIS2_PLACEMENT_3D('',#9180,#7247,#7248);
#6315=AXIS2_PLACEMENT_3D('',#9182,#7249,#7250);
#6316=AXIS2_PLACEMENT_3D('',#9184,#7252,#7253);
#6317=AXIS2_PLACEMENT_3D('',#9190,#7257,#7258);
#6318=AXIS2_PLACEMENT_3D('',#9192,#7259,#7260);
#6319=AXIS2_PLACEMENT_3D('',#9194,#7261,#7262);
#6320=AXIS2_PLACEMENT_3D('',#9196,#7264,#7265);
#6321=AXIS2_PLACEMENT_3D('',#9202,#7269,#7270);
#6322=AXIS2_PLACEMENT_3D('',#9211,#7275,#7276);
#6323=AXIS2_PLACEMENT_3D('',#9213,#7277,#7278);
#6324=AXIS2_PLACEMENT_3D('',#9215,#7279,#7280);
#6325=AXIS2_PLACEMENT_3D('',#9217,#7282,#7283);
#6326=AXIS2_PLACEMENT_3D('',#9223,#7287,#7288);
#6327=AXIS2_PLACEMENT_3D('',#9224,#7289,#7290);
#6328=AXIS2_PLACEMENT_3D('',#9225,#7291,#7292);
#6329=AXIS2_PLACEMENT_3D('',#9226,#7293,#7294);
#6330=AXIS2_PLACEMENT_3D('',#9235,#7299,#7300);
#6331=AXIS2_PLACEMENT_3D('',#9237,#7301,#7302);
#6332=AXIS2_PLACEMENT_3D('',#9239,#7303,#7304);
#6333=AXIS2_PLACEMENT_3D('',#9241,#7306,#7307);
#6334=AXIS2_PLACEMENT_3D('',#9247,#7311,#7312);
#6335=AXIS2_PLACEMENT_3D('',#9249,#7313,#7314);
#6336=AXIS2_PLACEMENT_3D('',#9251,#7315,#7316);
#6337=AXIS2_PLACEMENT_3D('',#9253,#7318,#7319);
#6338=AXIS2_PLACEMENT_3D('',#9259,#7323,#7324);
#6339=AXIS2_PLACEMENT_3D('',#9261,#7325,#7326);
#6340=AXIS2_PLACEMENT_3D('',#9263,#7327,#7328);
#6341=AXIS2_PLACEMENT_3D('',#9265,#7330,#7331);
#6342=AXIS2_PLACEMENT_3D('',#9271,#7335,#7336);
#6343=AXIS2_PLACEMENT_3D('',#9272,#7337,#7338);
#6344=AXIS2_PLACEMENT_3D('',#9273,#7339,#7340);
#6345=AXIS2_PLACEMENT_3D('',#9274,#7341,#7342);
#6346=AXIS2_PLACEMENT_3D('',#9276,#7343,#7344);
#6347=AXIS2_PLACEMENT_3D('',#9277,#7345,#7346);
#6348=AXIS2_PLACEMENT_3D('',#9278,#7347,#7348);
#6349=AXIS2_PLACEMENT_3D('',#9285,#7351,#7352);
#6350=AXIS2_PLACEMENT_3D('',#9289,#7354,#7355);
#6351=AXIS2_PLACEMENT_3D('',#9293,#7357,#7358);
#6352=AXIS2_PLACEMENT_3D('',#9297,#7360,#7361);
#6353=AXIS2_PLACEMENT_3D('',#9301,#7363,#7364);
#6354=AXIS2_PLACEMENT_3D('',#9305,#7366,#7367);
#6355=AXIS2_PLACEMENT_3D('',#9309,#7369,#7370);
#6356=AXIS2_PLACEMENT_3D('',#9313,#7372,#7373);
#6357=AXIS2_PLACEMENT_3D('',#9317,#7375,#7376);
#6358=AXIS2_PLACEMENT_3D('',#9325,#7380,#7381);
#6359=AXIS2_PLACEMENT_3D('',#9328,#7383,#7384);
#6360=AXIS2_PLACEMENT_3D('',#9337,#7389,#7390);
#6361=AXIS2_PLACEMENT_3D('',#9339,#7391,#7392);
#6362=AXIS2_PLACEMENT_3D('',#9342,#7394,#7395);
#6363=AXIS2_PLACEMENT_3D('',#9343,#7396,#7397);
#6364=AXIS2_PLACEMENT_3D('',#9345,#7398,#7399);
#6365=AXIS2_PLACEMENT_3D('',#9348,#7401,#7402);
#6366=AXIS2_PLACEMENT_3D('',#9349,#7403,#7404);
#6367=AXIS2_PLACEMENT_3D('',#9352,#7406,#7407);
#6368=AXIS2_PLACEMENT_3D('',#9353,#7408,#7409);
#6369=AXIS2_PLACEMENT_3D('',#9354,#7410,#7411);
#6370=AXIS2_PLACEMENT_3D('',#9356,#7412,#7413);
#6371=AXIS2_PLACEMENT_3D('',#9359,#7415,#7416);
#6372=AXIS2_PLACEMENT_3D('',#9360,#7417,#7418);
#6373=AXIS2_PLACEMENT_3D('',#9366,#7422,#7423);
#6374=AXIS2_PLACEMENT_3D('',#9370,#7426,#7427);
#6375=AXIS2_PLACEMENT_3D('',#9374,#7430,#7431);
#6376=AXIS2_PLACEMENT_3D('',#9376,#7433,#7434);
#6377=AXIS2_PLACEMENT_3D('',#9377,#7435,#7436);
#6378=AXIS2_PLACEMENT_3D('',#9379,#7437,#7438);
#6379=AXIS2_PLACEMENT_3D('',#9381,#7439,#7440);
#6380=AXIS2_PLACEMENT_3D('',#9382,#7441,#7442);
#6381=AXIS2_PLACEMENT_3D('',#9383,#7443,#7444);
#6382=AXIS2_PLACEMENT_3D('',#9386,#7445,#7446);
#6383=AXIS2_PLACEMENT_3D('',#9389,#7449,#7450);
#6384=AXIS2_PLACEMENT_3D('',#9391,#7451,#7452);
#6385=AXIS2_PLACEMENT_3D('',#9393,#7453,#7454);
#6386=AXIS2_PLACEMENT_3D('',#9394,#7455,#7456);
#6387=AXIS2_PLACEMENT_3D('',#9395,#7457,#7458);
#6388=AXIS2_PLACEMENT_3D('',#9398,#7459,#7460);
#6389=AXIS2_PLACEMENT_3D('',#9401,#7463,#7464);
#6390=AXIS2_PLACEMENT_3D('',#9403,#7465,#7466);
#6391=AXIS2_PLACEMENT_3D('',#9405,#7468,#7469);
#6392=AXIS2_PLACEMENT_3D('',#9407,#7470,#7471);
#6393=AXIS2_PLACEMENT_3D('',#9408,#7472,#7473);
#6394=AXIS2_PLACEMENT_3D('',#9409,#7474,#7475);
#6395=AXIS2_PLACEMENT_3D('',#9411,#7476,#7477);
#6396=AXIS2_PLACEMENT_3D('',#9413,#7479,#7480);
#6397=AXIS2_PLACEMENT_3D('',#9415,#7481,#7482);
#6398=AXIS2_PLACEMENT_3D('',#9416,#7483,#7484);
#6399=AXIS2_PLACEMENT_3D('',#9417,#7485,#7486);
#6400=AXIS2_PLACEMENT_3D('',#9419,#7488,#7489);
#6401=AXIS2_PLACEMENT_3D('',#9421,#7490,#7491);
#6402=AXIS2_PLACEMENT_3D('',#9423,#7492,#7493);
#6403=AXIS2_PLACEMENT_3D('',#9424,#7494,#7495);
#6404=AXIS2_PLACEMENT_3D('',#9495,#7496,#7497);
#6405=AXIS2_PLACEMENT_3D('',#9497,#7498,#7499);
#6406=AXIS2_PLACEMENT_3D('',#9499,#7500,#7501);
#6407=AXIS2_PLACEMENT_3D('',#9500,#7502,#7503);
#6408=AXIS2_PLACEMENT_3D('',#9501,#7504,#7505);
#6409=AXIS2_PLACEMENT_3D('',#9504,#7506,#7507);
#6410=AXIS2_PLACEMENT_3D('',#9507,#7510,#7511);
#6411=AXIS2_PLACEMENT_3D('',#9509,#7513,#7514);
#6412=AXIS2_PLACEMENT_3D('',#9511,#7515,#7516);
#6413=AXIS2_PLACEMENT_3D('',#9513,#7518,#7519);
#6414=AXIS2_PLACEMENT_3D('',#9515,#7520,#7521);
#6415=AXIS2_PLACEMENT_3D('',#9516,#7522,#7523);
#6416=AXIS2_PLACEMENT_3D('',#9517,#7524,#7525);
#6417=AXIS2_PLACEMENT_3D('',#9519,#7526,#7527);
#6418=AXIS2_PLACEMENT_3D('',#9521,#7529,#7530);
#6419=AXIS2_PLACEMENT_3D('',#9523,#7531,#7532);
#6420=AXIS2_PLACEMENT_3D('',#9524,#7533,#7534);
#6421=AXIS2_PLACEMENT_3D('',#9525,#7535,#7536);
#6422=AXIS2_PLACEMENT_3D('',#9527,#7537,#7538);
#6423=AXIS2_PLACEMENT_3D('',#9539,#7540,#7541);
#6424=AXIS2_PLACEMENT_3D('',#9540,#7542,#7543);
#6425=AXIS2_PLACEMENT_3D('',#9541,#7544,#7545);
#6426=AXIS2_PLACEMENT_3D('',#9543,#7546,#7547);
#6427=AXIS2_PLACEMENT_3D('',#9555,#7549,#7550);
#6428=AXIS2_PLACEMENT_3D('',#9556,#7551,#7552);
#6429=AXIS2_PLACEMENT_3D('',#9557,#7553,#7554);
#6430=AXIS2_PLACEMENT_3D('',#9559,#7555,#7556);
#6431=AXIS2_PLACEMENT_3D('',#9561,#7558,#7559);
#6432=AXIS2_PLACEMENT_3D('',#9563,#7560,#7561);
#6433=AXIS2_PLACEMENT_3D('',#9564,#7562,#7563);
#6434=AXIS2_PLACEMENT_3D('',#9565,#7564,#7565);
#6435=AXIS2_PLACEMENT_3D('',#9567,#7566,#7567);
#6436=AXIS2_PLACEMENT_3D('',#9579,#7569,#7570);
#6437=AXIS2_PLACEMENT_3D('',#9580,#7571,#7572);
#6438=AXIS2_PLACEMENT_3D('',#9581,#7573,#7574);
#6439=AXIS2_PLACEMENT_3D('',#9583,#7575,#7576);
#6440=AXIS2_PLACEMENT_3D('',#9595,#7578,#7579);
#6441=AXIS2_PLACEMENT_3D('',#9596,#7580,#7581);
#6442=AXIS2_PLACEMENT_3D('',#9597,#7582,#7583);
#6443=AXIS2_PLACEMENT_3D('',#9599,#7584,#7585);
#6444=AXIS2_PLACEMENT_3D('',#9601,#7587,#7588);
#6445=AXIS2_PLACEMENT_3D('',#9603,#7589,#7590);
#6446=AXIS2_PLACEMENT_3D('',#9604,#7591,#7592);
#6447=AXIS2_PLACEMENT_3D('',#9605,#7593,#7594);
#6448=AXIS2_PLACEMENT_3D('',#9607,#7595,#7596);
#6449=AXIS2_PLACEMENT_3D('',#9609,#7598,#7599);
#6450=AXIS2_PLACEMENT_3D('',#9610,#7600,#7601);
#6451=AXIS2_PLACEMENT_3D('',#9611,#7602,#7603);
#6452=AXIS2_PLACEMENT_3D('',#9613,#7605,#7606);
#6453=AXIS2_PLACEMENT_3D('',#9619,#7610,#7611);
#6454=AXIS2_PLACEMENT_3D('',#9623,#7613,#7614);
#6455=AXIS2_PLACEMENT_3D('',#9637,#7615,#7616);
#6456=AXIS2_PLACEMENT_3D('',#9638,#7617,#7618);
#6457=AXIS2_PLACEMENT_3D('',#9642,#7620,#7621);
#6458=AXIS2_PLACEMENT_3D('',#9657,#7622,#7623);
#6459=AXIS2_PLACEMENT_3D('',#9658,#7624,#7625);
#6460=AXIS2_PLACEMENT_3D('',#9662,#7628,#7629);
#6461=AXIS2_PLACEMENT_3D('',#9665,#7631,#7632);
#6462=AXIS2_PLACEMENT_3D('',#9666,#7633,#7634);
#6463=AXIS2_PLACEMENT_3D('',#9670,#7637,#7638);
#6464=AXIS2_PLACEMENT_3D('',#9673,#7640,#7641);
#6465=AXIS2_PLACEMENT_3D('',#9674,#7642,#7643);
#6466=AXIS2_PLACEMENT_3D('',#9678,#7646,#7647);
#6467=AXIS2_PLACEMENT_3D('',#9681,#7649,#7650);
#6468=AXIS2_PLACEMENT_3D('',#9682,#7651,#7652);
#6469=AXIS2_PLACEMENT_3D('',#9686,#7655,#7656);
#6470=AXIS2_PLACEMENT_3D('',#9689,#7658,#7659);
#6471=AXIS2_PLACEMENT_3D('',#9690,#7660,#7661);
#6472=AXIS2_PLACEMENT_3D('',#9694,#7664,#7665);
#6473=AXIS2_PLACEMENT_3D('',#9732,#7666,#7667);
#6474=AXIS2_PLACEMENT_3D('',#9742,#7668,#7669);
#6475=AXIS2_PLACEMENT_3D('',#9918,#7670,#7671);
#6476=AXIS2_PLACEMENT_3D('',#9919,#7672,#7673);
#6477=AXIS2_PLACEMENT_3D('',#9920,#7674,#7675);
#6478=AXIS2_PLACEMENT_3D('',#9936,#7679,#7680);
#6479=AXIS2_PLACEMENT_3D('',#9938,#7681,#7682);
#6480=AXIS2_PLACEMENT_3D('',#9940,#7683,#7684);
#6481=AXIS2_PLACEMENT_3D('',#9941,#7685,#7686);
#6482=AXIS2_PLACEMENT_3D('',#9942,#7687,#7688);
#6483=AXIS2_PLACEMENT_3D('',#9944,#7689,#7690);
#6484=AXIS2_PLACEMENT_3D('',#9946,#7692,#7693);
#6485=AXIS2_PLACEMENT_3D('',#9949,#7694,#7695);
#6486=AXIS2_PLACEMENT_3D('',#9950,#7696,#7697);
#6487=AXIS2_PLACEMENT_3D('',#9951,#7698,#7699);
#6488=AXIS2_PLACEMENT_3D('',#9952,#7700,#7701);
#6489=AXIS2_PLACEMENT_3D('',#9955,#7702,#7703);
#6490=AXIS2_PLACEMENT_3D('',#9958,#7706,#7707);
#6491=AXIS2_PLACEMENT_3D('',#9961,#7708,#7709);
#6492=AXIS2_PLACEMENT_3D('',#9962,#7710,#7711);
#6493=AXIS2_PLACEMENT_3D('',#9963,#7712,#7713);
#6494=AXIS2_PLACEMENT_3D('',#9964,#7714,#7715);
#6495=AXIS2_PLACEMENT_3D('',#9967,#7716,#7717);
#6496=AXIS2_PLACEMENT_3D('',#9970,#7720,#7721);
#6497=AXIS2_PLACEMENT_3D('',#9973,#7722,#7723);
#6498=AXIS2_PLACEMENT_3D('',#9974,#7724,#7725);
#6499=AXIS2_PLACEMENT_3D('',#9975,#7726,#7727);
#6500=AXIS2_PLACEMENT_3D('',#9976,#7728,#7729);
#6501=AXIS2_PLACEMENT_3D('',#9979,#7730,#7731);
#6502=AXIS2_PLACEMENT_3D('',#9982,#7734,#7735);
#6503=AXIS2_PLACEMENT_3D('',#9985,#7736,#7737);
#6504=AXIS2_PLACEMENT_3D('',#9986,#7738,#7739);
#6505=AXIS2_PLACEMENT_3D('',#9987,#7740,#7741);
#6506=AXIS2_PLACEMENT_3D('',#9988,#7742,#7743);
#6507=AXIS2_PLACEMENT_3D('',#9991,#7744,#7745);
#6508=AXIS2_PLACEMENT_3D('',#9994,#7748,#7749);
#6509=AXIS2_PLACEMENT_3D('',#9997,#7750,#7751);
#6510=AXIS2_PLACEMENT_3D('',#9998,#7752,#7753);
#6511=AXIS2_PLACEMENT_3D('',#9999,#7754,#7755);
#6512=AXIS2_PLACEMENT_3D('',#10000,#7756,#7757);
#6513=AXIS2_PLACEMENT_3D('',#10003,#7758,#7759);
#6514=AXIS2_PLACEMENT_3D('',#10006,#7762,#7763);
#6515=AXIS2_PLACEMENT_3D('',#10009,#7764,#7765);
#6516=AXIS2_PLACEMENT_3D('',#10010,#7766,#7767);
#6517=AXIS2_PLACEMENT_3D('',#10011,#7768,#7769);
#6518=AXIS2_PLACEMENT_3D('',#10012,#7770,#7771);
#6519=AXIS2_PLACEMENT_3D('',#10015,#7772,#7773);
#6520=AXIS2_PLACEMENT_3D('',#10018,#7776,#7777);
#6521=AXIS2_PLACEMENT_3D('',#10021,#7778,#7779);
#6522=AXIS2_PLACEMENT_3D('',#10022,#7780,#7781);
#6523=AXIS2_PLACEMENT_3D('',#10023,#7782,#7783);
#6524=AXIS2_PLACEMENT_3D('',#10024,#7784,#7785);
#6525=AXIS2_PLACEMENT_3D('',#10027,#7786,#7787);
#6526=AXIS2_PLACEMENT_3D('',#10030,#7790,#7791);
#6527=AXIS2_PLACEMENT_3D('',#10033,#7792,#7793);
#6528=AXIS2_PLACEMENT_3D('',#10034,#7794,#7795);
#6529=AXIS2_PLACEMENT_3D('',#10035,#7796,#7797);
#6530=AXIS2_PLACEMENT_3D('',#10036,#7798,#7799);
#6531=AXIS2_PLACEMENT_3D('',#10039,#7800,#7801);
#6532=AXIS2_PLACEMENT_3D('',#10042,#7804,#7805);
#6533=AXIS2_PLACEMENT_3D('',#10045,#7806,#7807);
#6534=AXIS2_PLACEMENT_3D('',#10046,#7808,#7809);
#6535=AXIS2_PLACEMENT_3D('',#10047,#7810,#7811);
#6536=AXIS2_PLACEMENT_3D('',#10048,#7812,#7813);
#6537=AXIS2_PLACEMENT_3D('',#10051,#7814,#7815);
#6538=AXIS2_PLACEMENT_3D('',#10054,#7818,#7819);
#6539=AXIS2_PLACEMENT_3D('',#10057,#7820,#7821);
#6540=AXIS2_PLACEMENT_3D('',#10058,#7822,#7823);
#6541=AXIS2_PLACEMENT_3D('',#10059,#7824,#7825);
#6542=AXIS2_PLACEMENT_3D('',#10060,#7826,#7827);
#6543=AXIS2_PLACEMENT_3D('',#10063,#7828,#7829);
#6544=AXIS2_PLACEMENT_3D('',#10066,#7832,#7833);
#6545=AXIS2_PLACEMENT_3D('',#10069,#7834,#7835);
#6546=AXIS2_PLACEMENT_3D('',#10070,#7836,#7837);
#6547=AXIS2_PLACEMENT_3D('',#10071,#7838,#7839);
#6548=AXIS2_PLACEMENT_3D('',#10072,#7840,#7841);
#6549=AXIS2_PLACEMENT_3D('',#10075,#7842,#7843);
#6550=AXIS2_PLACEMENT_3D('',#10078,#7846,#7847);
#6551=AXIS2_PLACEMENT_3D('',#10081,#7848,#7849);
#6552=AXIS2_PLACEMENT_3D('',#10082,#7850,#7851);
#6553=AXIS2_PLACEMENT_3D('',#10083,#7852,#7853);
#6554=AXIS2_PLACEMENT_3D('',#10084,#7854,#7855);
#6555=AXIS2_PLACEMENT_3D('',#10087,#7856,#7857);
#6556=AXIS2_PLACEMENT_3D('',#10090,#7860,#7861);
#6557=AXIS2_PLACEMENT_3D('',#10093,#7862,#7863);
#6558=AXIS2_PLACEMENT_3D('',#10094,#7864,#7865);
#6559=AXIS2_PLACEMENT_3D('',#10095,#7866,#7867);
#6560=AXIS2_PLACEMENT_3D('',#10096,#7868,#7869);
#6561=AXIS2_PLACEMENT_3D('',#10099,#7870,#7871);
#6562=AXIS2_PLACEMENT_3D('',#10102,#7874,#7875);
#6563=AXIS2_PLACEMENT_3D('',#10105,#7876,#7877);
#6564=AXIS2_PLACEMENT_3D('',#10106,#7878,#7879);
#6565=AXIS2_PLACEMENT_3D('',#10107,#7880,#7881);
#6566=AXIS2_PLACEMENT_3D('',#10108,#7882,#7883);
#6567=AXIS2_PLACEMENT_3D('',#10111,#7884,#7885);
#6568=AXIS2_PLACEMENT_3D('',#10114,#7888,#7889);
#6569=AXIS2_PLACEMENT_3D('',#10115,#7890,#7891);
#6570=AXIS2_PLACEMENT_3D('',#10116,#7892,#7893);
#6571=AXIS2_PLACEMENT_3D('',#10117,#7894,#7895);
#6572=AXIS2_PLACEMENT_3D('',#10128,#7897,#7898);
#6573=AXIS2_PLACEMENT_3D('',#10132,#7900,#7901);
#6574=AXIS2_PLACEMENT_3D('',#10134,#7903,#7904);
#6575=AXIS2_PLACEMENT_3D('',#10138,#7907,#7908);
#6576=AXIS2_PLACEMENT_3D('',#10141,#7910,#7911);
#6577=AXIS2_PLACEMENT_3D('',#10142,#7912,#7913);
#6578=AXIS2_PLACEMENT_3D('',#10146,#7916,#7917);
#6579=AXIS2_PLACEMENT_3D('',#10149,#7919,#7920);
#6580=AXIS2_PLACEMENT_3D('',#10150,#7921,#7922);
#6581=AXIS2_PLACEMENT_3D('',#10154,#7925,#7926);
#6582=AXIS2_PLACEMENT_3D('',#10157,#7928,#7929);
#6583=AXIS2_PLACEMENT_3D('',#10158,#7930,#7931);
#6584=AXIS2_PLACEMENT_3D('',#10162,#7934,#7935);
#6585=AXIS2_PLACEMENT_3D('',#10165,#7937,#7938);
#6586=AXIS2_PLACEMENT_3D('',#10166,#7939,#7940);
#6587=AXIS2_PLACEMENT_3D('',#10170,#7943,#7944);
#6588=AXIS2_PLACEMENT_3D('',#10173,#7946,#7947);
#6589=AXIS2_PLACEMENT_3D('',#10174,#7948,#7949);
#6590=AXIS2_PLACEMENT_3D('',#10178,#7952,#7953);
#6591=AXIS2_PLACEMENT_3D('',#10181,#7955,#7956);
#6592=AXIS2_PLACEMENT_3D('',#10182,#7957,#7958);
#6593=AXIS2_PLACEMENT_3D('',#10186,#7961,#7962);
#6594=AXIS2_PLACEMENT_3D('',#10187,#7963,#7964);
#6595=AXIS2_PLACEMENT_3D('',#10188,#7965,#7966);
#6596=AXIS2_PLACEMENT_3D('',#10189,#7967,#7968);
#6597=AXIS2_PLACEMENT_3D('',#10190,#7969,#7970);
#6598=AXIS2_PLACEMENT_3D('',#10194,#7972,#7973);
#6599=AXIS2_PLACEMENT_3D('',#10198,#7975,#7976);
#6600=AXIS2_PLACEMENT_3D('',#10208,#7981,#7982);
#6601=AXIS2_PLACEMENT_3D('',#10212,#7984,#7985);
#6602=AXIS2_PLACEMENT_3D('',#10219,#7989,#7990);
#6603=AXIS2_PLACEMENT_3D('',#10223,#7992,#7993);
#6604=AXIS2_PLACEMENT_3D('',#10232,#7998,#7999);
#6605=AXIS2_PLACEMENT_3D('',#10234,#8001,#8002);
#6606=AXIS2_PLACEMENT_3D('',#10235,#8003,#8004);
#6607=AXIS2_PLACEMENT_3D('',#10237,#8005,#8006);
#6608=AXIS2_PLACEMENT_3D('',#10238,#8007,#8008);
#6609=AXIS2_PLACEMENT_3D('',#10239,#8009,#8010);
#6610=AXIS2_PLACEMENT_3D('',#10242,#8012,#8013);
#6611=AXIS2_PLACEMENT_3D('',#10243,#8014,#8015);
#6612=AXIS2_PLACEMENT_3D('',#10245,#8016,#8017);
#6613=AXIS2_PLACEMENT_3D('',#10247,#8018,#8019);
#6614=AXIS2_PLACEMENT_3D('',#10248,#8020,#8021);
#6615=AXIS2_PLACEMENT_3D('',#10249,#8022,#8023);
#6616=AXIS2_PLACEMENT_3D('',#10253,#8025,#8026);
#6617=AXIS2_PLACEMENT_3D('',#10255,#8028,#8029);
#6618=AXIS2_PLACEMENT_3D('',#10257,#8030,#8031);
#6619=AXIS2_PLACEMENT_3D('',#10259,#8032,#8033);
#6620=AXIS2_PLACEMENT_3D('',#10260,#8034,#8035);
#6621=AXIS2_PLACEMENT_3D('',#10261,#8036,#8037);
#6622=AXIS2_PLACEMENT_3D('',#10265,#8039,#8040);
#6623=AXIS2_PLACEMENT_3D('',#10267,#8042,#8043);
#6624=AXIS2_PLACEMENT_3D('',#10269,#8044,#8045);
#6625=AXIS2_PLACEMENT_3D('',#10271,#8046,#8047);
#6626=AXIS2_PLACEMENT_3D('',#10272,#8048,#8049);
#6627=AXIS2_PLACEMENT_3D('',#10273,#8050,#8051);
#6628=AXIS2_PLACEMENT_3D('',#10277,#8053,#8054);
#6629=AXIS2_PLACEMENT_3D('',#10279,#8056,#8057);
#6630=AXIS2_PLACEMENT_3D('',#10281,#8058,#8059);
#6631=AXIS2_PLACEMENT_3D('',#10283,#8060,#8061);
#6632=AXIS2_PLACEMENT_3D('',#10284,#8062,#8063);
#6633=AXIS2_PLACEMENT_3D('',#10285,#8064,#8065);
#6634=AXIS2_PLACEMENT_3D('',#10289,#8067,#8068);
#6635=AXIS2_PLACEMENT_3D('',#10291,#8070,#8071);
#6636=AXIS2_PLACEMENT_3D('',#10293,#8072,#8073);
#6637=AXIS2_PLACEMENT_3D('',#10295,#8074,#8075);
#6638=AXIS2_PLACEMENT_3D('',#10296,#8076,#8077);
#6639=AXIS2_PLACEMENT_3D('',#10297,#8078,#8079);
#6640=AXIS2_PLACEMENT_3D('',#10301,#8081,#8082);
#6641=AXIS2_PLACEMENT_3D('',#10303,#8084,#8085);
#6642=AXIS2_PLACEMENT_3D('',#10305,#8086,#8087);
#6643=AXIS2_PLACEMENT_3D('',#10307,#8088,#8089);
#6644=AXIS2_PLACEMENT_3D('',#10308,#8090,#8091);
#6645=AXIS2_PLACEMENT_3D('',#10309,#8092,#8093);
#6646=AXIS2_PLACEMENT_3D('',#10312,#8095,#8096);
#6647=AXIS2_PLACEMENT_3D('',#10314,#8098,#8099);
#6648=AXIS2_PLACEMENT_3D('',#10316,#8100,#8101);
#6649=AXIS2_PLACEMENT_3D('',#10317,#8102,#8103);
#6650=AXIS2_PLACEMENT_3D('',#10318,#8104,#8105);
#6651=AXIS2_PLACEMENT_3D('',#10320,#8106,#8107);
#6652=AXIS2_PLACEMENT_3D('',#10322,#8109,#8110);
#6653=AXIS2_PLACEMENT_3D('',#10324,#8111,#8112);
#6654=AXIS2_PLACEMENT_3D('',#10325,#8113,#8114);
#6655=AXIS2_PLACEMENT_3D('',#10326,#8115,#8116);
#6656=AXIS2_PLACEMENT_3D('',#10328,#8117,#8118);
#6657=AXIS2_PLACEMENT_3D('',#10330,#8120,#8121);
#6658=AXIS2_PLACEMENT_3D('',#10331,#8122,#8123);
#6659=AXIS2_PLACEMENT_3D('',#10332,#8124,#8125);
#6660=AXIS2_PLACEMENT_3D('',#10333,#8126,#8127);
#6661=AXIS2_PLACEMENT_3D('',#10334,#8128,#8129);
#6662=AXIS2_PLACEMENT_3D('',#10335,#8130,#8131);
#6663=AXIS2_PLACEMENT_3D('',#10336,#8132,#8133);
#6664=AXIS2_PLACEMENT_3D('',#10337,#8134,#8135);
#6665=AXIS2_PLACEMENT_3D('',#10338,#8136,#8137);
#6666=AXIS2_PLACEMENT_3D('',#10339,#8138,#8139);
#6667=AXIS2_PLACEMENT_3D('',#10340,#8140,#8141);
#6668=AXIS2_PLACEMENT_3D('',#10341,#8142,#8143);
#6669=AXIS2_PLACEMENT_3D('',#10342,#8144,#8145);
#6670=AXIS2_PLACEMENT_3D('',#10343,#8146,#8147);
#6671=AXIS2_PLACEMENT_3D('',#10344,#8148,#8149);
#6672=AXIS2_PLACEMENT_3D('',#10345,#8150,#8151);
#6673=AXIS2_PLACEMENT_3D('',#10346,#8152,#8153);
#6674=AXIS2_PLACEMENT_3D('',#10347,#8154,#8155);
#6675=AXIS2_PLACEMENT_3D('',#10348,#8156,#8157);
#6676=AXIS2_PLACEMENT_3D('',#10349,#8158,#8159);
#6677=AXIS2_PLACEMENT_3D('',#10350,#8160,#8161);
#6678=AXIS2_PLACEMENT_3D('',#10352,#8163,#8164);
#6679=AXIS2_PLACEMENT_3D('',#10354,#8166,#8167);
#6680=AXIS2_PLACEMENT_3D('',#10356,#8169,#8170);
#6681=AXIS2_PLACEMENT_3D('',#10358,#8172,#8173);
#6682=AXIS2_PLACEMENT_3D('',#10360,#8175,#8176);
#6683=AXIS2_PLACEMENT_3D('',#10362,#8178,#8179);
#6684=AXIS2_PLACEMENT_3D('',#10364,#8181,#8182);
#6685=AXIS2_PLACEMENT_3D('',#10366,#8184,#8185);
#6686=AXIS2_PLACEMENT_3D('',#10368,#8187,#8188);
#6687=AXIS2_PLACEMENT_3D('',#10370,#8190,#8191);
#6688=AXIS2_PLACEMENT_3D('',#10372,#8193,#8194);
#6689=AXIS2_PLACEMENT_3D('',#10374,#8196,#8197);
#6690=AXIS2_PLACEMENT_3D('',#10376,#8199,#8200);
#6691=AXIS2_PLACEMENT_3D('',#10377,#8201,#8202);
#6692=AXIS2_PLACEMENT_3D('',#10380,#8203,#8204);
#6693=AXIS2_PLACEMENT_3D('',#10388,#8208,#8209);
#6694=AXIS2_PLACEMENT_3D('',#10392,#8211,#8212);
#6695=AXIS2_PLACEMENT_3D('',#10397,#8215,#8216);
#6696=AXIS2_PLACEMENT_3D('',#10405,#8220,#8221);
#6697=AXIS2_PLACEMENT_3D('',#10409,#8223,#8224);
#6698=AXIS2_PLACEMENT_3D('',#10415,#8227,#8228);
#6699=AXIS2_PLACEMENT_3D('',#10418,#8230,#8231);
#6700=AXIS2_PLACEMENT_3D('',#10419,#8232,#8233);
#6701=AXIS2_PLACEMENT_3D('',#10422,#8236,#8237);
#6702=AXIS2_PLACEMENT_3D('',#10423,#8238,#8239);
#6703=AXIS2_PLACEMENT_3D('',#10425,#8241,#8242);
#6704=AXIS2_PLACEMENT_3D('',#10427,#8244,#8245);
#6705=AXIS2_PLACEMENT_3D('',#10429,#8247,#8248);
#6706=AXIS2_PLACEMENT_3D('',#10431,#8250,#8251);
#6707=AXIS2_PLACEMENT_3D('',#10433,#8253,#8254);
#6708=AXIS2_PLACEMENT_3D('',#10435,#8256,#8257);
#6709=AXIS2_PLACEMENT_3D('',#10437,#8259,#8260);
#6710=AXIS2_PLACEMENT_3D('',#10439,#8262,#8263);
#6711=AXIS2_PLACEMENT_3D('',#10441,#8265,#8266);
#6712=AXIS2_PLACEMENT_3D('',#10443,#8268,#8269);
#6713=AXIS2_PLACEMENT_3D('',#10445,#8271,#8272);
#6714=AXIS2_PLACEMENT_3D('',#10447,#8274,#8275);
#6715=AXIS2_PLACEMENT_3D('',#10449,#8277,#8278);
#6716=AXIS2_PLACEMENT_3D('',#10451,#8280,#8281);
#6717=AXIS2_PLACEMENT_3D('',#10452,#8282,#8283);
#6718=AXIS2_PLACEMENT_3D('',#10455,#8286,#8287);
#6719=AXIS2_PLACEMENT_3D('',#10457,#8289,#8290);
#6720=AXIS2_PLACEMENT_3D('',#10459,#8292,#8293);
#6721=AXIS2_PLACEMENT_3D('',#10461,#8295,#8296);
#6722=AXIS2_PLACEMENT_3D('',#10463,#8298,#8299);
#6723=AXIS2_PLACEMENT_3D('',#10465,#8301,#8302);
#6724=AXIS2_PLACEMENT_3D('',#10467,#8304,#8305);
#6725=AXIS2_PLACEMENT_3D('',#10469,#8307,#8308);
#6726=AXIS2_PLACEMENT_3D('',#10471,#8310,#8311);
#6727=AXIS2_PLACEMENT_3D('',#10473,#8313,#8314);
#6728=AXIS2_PLACEMENT_3D('',#10475,#8316,#8317);
#6729=AXIS2_PLACEMENT_3D('',#10477,#8319,#8320);
#6730=AXIS2_PLACEMENT_3D('',#10478,#8321,#8322);
#6731=AXIS2_PLACEMENT_3D('',#10480,#8324,#8325);
#6732=AXIS2_PLACEMENT_3D('',#10482,#8327,#8328);
#6733=AXIS2_PLACEMENT_3D('',#10484,#8330,#8331);
#6734=AXIS2_PLACEMENT_3D('',#10486,#8333,#8334);
#6735=AXIS2_PLACEMENT_3D('',#10488,#8336,#8337);
#6736=AXIS2_PLACEMENT_3D('',#10492,#8340,#8341);
#6737=AXIS2_PLACEMENT_3D('',#10493,#8342,#8343);
#6738=AXIS2_PLACEMENT_3D('',#10495,#8344,#8345);
#6739=AXIS2_PLACEMENT_3D('',#10497,#8347,#8348);
#6740=AXIS2_PLACEMENT_3D('',#10506,#8353,#8354);
#6741=AXIS2_PLACEMENT_3D('',#10512,#8358,#8359);
#6742=AXIS2_PLACEMENT_3D('',#10518,#8363,#8364);
#6743=AXIS2_PLACEMENT_3D('',#10521,#8367,#8368);
#6744=AXIS2_PLACEMENT_3D('',#10522,#8369,#8370);
#6745=AXIS2_PLACEMENT_3D('',#10523,#8371,#8372);
#6746=AXIS2_PLACEMENT_3D('',#10531,#8376,#8377);
#6747=AXIS2_PLACEMENT_3D('',#10533,#8378,#8379);
#6748=AXIS2_PLACEMENT_3D('',#10534,#8380,#8381);
#6749=AXIS2_PLACEMENT_3D('',#10539,#8383,#8384);
#6750=AXIS2_PLACEMENT_3D('',#10544,#8387,#8388);
#6751=AXIS2_PLACEMENT_3D('',#10545,#8389,#8390);
#6752=AXIS2_PLACEMENT_3D('',#10548,#8393,#8394);
#6753=AXIS2_PLACEMENT_3D('',#10550,#8396,#8397);
#6754=AXIS2_PLACEMENT_3D('',#10552,#8399,#8400);
#6755=AXIS2_PLACEMENT_3D('',#10553,#8401,#8402);
#6756=AXIS2_PLACEMENT_3D('',#10555,#8404,#8405);
#6757=AXIS2_PLACEMENT_3D('',#10558,#8406,#8407);
#6758=AXIS2_PLACEMENT_3D('',#10562,#8409,#8410);
#6759=AXIS2_PLACEMENT_3D('',#10566,#8412,#8413);
#6760=AXIS2_PLACEMENT_3D('',#10570,#8415,#8416);
#6761=AXIS2_PLACEMENT_3D('',#10574,#8418,#8419);
#6762=AXIS2_PLACEMENT_3D('',#10577,#8421,#8422);
#6763=AXIS2_PLACEMENT_3D('',#10579,#8423,#8424);
#6764=AXIS2_PLACEMENT_3D('',#10581,#8425,#8426);
#6765=AXIS2_PLACEMENT_3D('',#10582,#8427,#8428);
#6766=AXIS2_PLACEMENT_3D('',#10586,#8430,#8431);
#6767=AXIS2_PLACEMENT_3D('',#10588,#8433,#8434);
#6768=AXIS2_PLACEMENT_3D('',#10592,#8437,#8438);
#6769=AXIS2_PLACEMENT_3D('',#10595,#8440,#8441);
#6770=AXIS2_PLACEMENT_3D('',#10596,#8442,#8443);
#6771=AXIS2_PLACEMENT_3D('',#10600,#8446,#8447);
#6772=AXIS2_PLACEMENT_3D('',#10603,#8449,#8450);
#6773=AXIS2_PLACEMENT_3D('',#10604,#8451,#8452);
#6774=AXIS2_PLACEMENT_3D('',#10606,#8453,#8454);
#6775=AXIS2_PLACEMENT_3D('',#10608,#8456,#8457);
#6776=AXIS2_PLACEMENT_3D('',#10610,#8458,#8459);
#6777=AXIS2_PLACEMENT_3D('',#10612,#8461,#8462);
#6778=AXIS2_PLACEMENT_3D('',#10614,#8463,#8464);
#6779=AXIS2_PLACEMENT_3D('',#10616,#8466,#8467);
#6780=AXIS2_PLACEMENT_3D('',#10620,#8470,#8471);
#6781=AXIS2_PLACEMENT_3D('',#10622,#8472,#8473);
#6782=AXIS2_PLACEMENT_3D('',#10624,#8475,#8476);
#6783=AXIS2_PLACEMENT_3D('',#10628,#8479,#8480);
#6784=AXIS2_PLACEMENT_3D('',#10630,#8481,#8482);
#6785=AXIS2_PLACEMENT_3D('',#10632,#8484,#8485);
#6786=AXIS2_PLACEMENT_3D('',#10634,#8487,#8488);
#6787=AXIS2_PLACEMENT_3D('',#10635,#8489,#8490);
#6788=AXIS2_PLACEMENT_3D('',#10638,#8491,#8492);
#6789=AXIS2_PLACEMENT_3D('',#10642,#8494,#8495);
#6790=AXIS2_PLACEMENT_3D('',#10646,#8497,#8498);
#6791=AXIS2_PLACEMENT_3D('',#10650,#8500,#8501);
#6792=AXIS2_PLACEMENT_3D('',#10654,#8503,#8504);
#6793=AXIS2_PLACEMENT_3D('',#10658,#8506,#8507);
#6794=AXIS2_PLACEMENT_3D('',#10662,#8509,#8510);
#6795=AXIS2_PLACEMENT_3D('',#10666,#8512,#8513);
#6796=AXIS2_PLACEMENT_3D('',#10670,#8515,#8516);
#6797=AXIS2_PLACEMENT_3D('',#10672,#8518,#8519);
#6798=AXIS2_PLACEMENT_3D('',#10676,#8521,#8522);
#6799=AXIS2_PLACEMENT_3D('',#10678,#8524,#8525);
#6800=AXIS2_PLACEMENT_3D('',#10682,#8528,#8529);
#6801=AXIS2_PLACEMENT_3D('',#10685,#8531,#8532);
#6802=AXIS2_PLACEMENT_3D('',#10686,#8533,#8534);
#6803=AXIS2_PLACEMENT_3D('',#10690,#8537,#8538);
#6804=AXIS2_PLACEMENT_3D('',#10693,#8540,#8541);
#6805=AXIS2_PLACEMENT_3D('',#10694,#8542,#8543);
#6806=AXIS2_PLACEMENT_3D('',#10700,#8547,#8548);
#6807=AXIS2_PLACEMENT_3D('',#10703,#8550,#8551);
#6808=AXIS2_PLACEMENT_3D('',#10704,#8552,#8553);
#6809=AXIS2_PLACEMENT_3D('',#10708,#8556,#8557);
#6810=AXIS2_PLACEMENT_3D('',#10711,#8559,#8560);
#6811=AXIS2_PLACEMENT_3D('',#10712,#8561,#8562);
#6812=AXIS2_PLACEMENT_3D('',#10716,#8565,#8566);
#6813=AXIS2_PLACEMENT_3D('',#10718,#8567,#8568);
#6814=AXIS2_PLACEMENT_3D('',#10720,#8570,#8571);
#6815=AXIS2_PLACEMENT_3D('',#10724,#8574,#8575);
#6816=AXIS2_PLACEMENT_3D('',#10726,#8576,#8577);
#6817=AXIS2_PLACEMENT_3D('',#10728,#8579,#8580);
#6818=AXIS2_PLACEMENT_3D('',#10730,#8582,#8583);
#6819=AXIS2_PLACEMENT_3D('',#10732,#8584,#8585);
#6820=AXIS2_PLACEMENT_3D('',#10734,#8587,#8588);
#6821=AXIS2_PLACEMENT_3D('',#10738,#8591,#8592);
#6822=AXIS2_PLACEMENT_3D('',#10740,#8593,#8594);
#6823=AXIS2_PLACEMENT_3D('',#10742,#8596,#8597);
#6824=AXIS2_PLACEMENT_3D('',#10744,#8599,#8600);
#6825=AXIS2_PLACEMENT_3D('',#10745,#8601,#8602);
#6826=AXIS2_PLACEMENT_3D('',#10754,#8607,#8608);
#6827=AXIS2_PLACEMENT_3D('',#10756,#8609,#8610);
#6828=AXIS2_PLACEMENT_3D('',#10758,#8611,#8612);
#6829=AXIS2_PLACEMENT_3D('',#10760,#8614,#8615);
#6830=AXIS2_PLACEMENT_3D('',#10766,#8619,#8620);
#6831=AXIS2_PLACEMENT_3D('',#10768,#8621,#8622);
#6832=AXIS2_PLACEMENT_3D('',#10770,#8623,#8624);
#6833=AXIS2_PLACEMENT_3D('',#10772,#8626,#8627);
#6834=AXIS2_PLACEMENT_3D('',#10778,#8631,#8632);
#6835=AXIS2_PLACEMENT_3D('',#10780,#8633,#8634);
#6836=AXIS2_PLACEMENT_3D('',#10782,#8635,#8636);
#6837=AXIS2_PLACEMENT_3D('',#10784,#8638,#8639);
#6838=AXIS2_PLACEMENT_3D('',#10790,#8643,#8644);
#6839=AXIS2_PLACEMENT_3D('',#10792,#8645,#8646);
#6840=AXIS2_PLACEMENT_3D('',#10794,#8647,#8648);
#6841=AXIS2_PLACEMENT_3D('',#10796,#8650,#8651);
#6842=AXIS2_PLACEMENT_3D('',#10802,#8655,#8656);
#6843=AXIS2_PLACEMENT_3D('',#10803,#8657,#8658);
#6844=AXIS2_PLACEMENT_3D('',#10804,#8659,#8660);
#6845=AXIS2_PLACEMENT_3D('',#10805,#8661,#8662);
#6846=AXIS2_PLACEMENT_3D('',#10814,#8667,#8668);
#6847=AXIS2_PLACEMENT_3D('',#10816,#8669,#8670);
#6848=AXIS2_PLACEMENT_3D('',#10818,#8671,#8672);
#6849=AXIS2_PLACEMENT_3D('',#10820,#8674,#8675);
#6850=AXIS2_PLACEMENT_3D('',#10826,#8679,#8680);
#6851=AXIS2_PLACEMENT_3D('',#10828,#8681,#8682);
#6852=AXIS2_PLACEMENT_3D('',#10830,#8683,#8684);
#6853=AXIS2_PLACEMENT_3D('',#10832,#8686,#8687);
#6854=AXIS2_PLACEMENT_3D('',#10838,#8691,#8692);
#6855=AXIS2_PLACEMENT_3D('',#10840,#8693,#8694);
#6856=AXIS2_PLACEMENT_3D('',#10842,#8695,#8696);
#6857=AXIS2_PLACEMENT_3D('',#10844,#8698,#8699);
#6858=AXIS2_PLACEMENT_3D('',#10850,#8703,#8704);
#6859=AXIS2_PLACEMENT_3D('',#10851,#8705,#8706);
#6860=AXIS2_PLACEMENT_3D('',#10852,#8707,#8708);
#6861=AXIS2_PLACEMENT_3D('',#10853,#8709,#8710);
#6862=AXIS2_PLACEMENT_3D('',#10854,#8711,#8712);
#6863=AXIS2_PLACEMENT_3D('',#10855,#8713,#8714);
#6864=AXIS2_PLACEMENT_3D('',#10864,#8719,#8720);
#6865=AXIS2_PLACEMENT_3D('',#10866,#8721,#8722);
#6866=AXIS2_PLACEMENT_3D('',#10868,#8723,#8724);
#6867=AXIS2_PLACEMENT_3D('',#10870,#8726,#8727);
#6868=AXIS2_PLACEMENT_3D('',#10876,#8731,#8732);
#6869=AXIS2_PLACEMENT_3D('',#10878,#8733,#8734);
#6870=AXIS2_PLACEMENT_3D('',#10880,#8735,#8736);
#6871=AXIS2_PLACEMENT_3D('',#10882,#8738,#8739);
#6872=AXIS2_PLACEMENT_3D('',#10888,#8743,#8744);
#6873=AXIS2_PLACEMENT_3D('',#10890,#8745,#8746);
#6874=AXIS2_PLACEMENT_3D('',#10892,#8747,#8748);
#6875=AXIS2_PLACEMENT_3D('',#10894,#8750,#8751);
#6876=AXIS2_PLACEMENT_3D('',#10900,#8755,#8756);
#6877=AXIS2_PLACEMENT_3D('',#10902,#8757,#8758);
#6878=AXIS2_PLACEMENT_3D('',#10904,#8759,#8760);
#6879=AXIS2_PLACEMENT_3D('',#10906,#8762,#8763);
#6880=AXIS2_PLACEMENT_3D('',#10912,#8767,#8768);
#6881=AXIS2_PLACEMENT_3D('',#10913,#8769,#8770);
#6882=AXIS2_PLACEMENT_3D('',#10914,#8771,#8772);
#6883=AXIS2_PLACEMENT_3D('',#10915,#8773,#8774);
#6884=AXIS2_PLACEMENT_3D('',#10924,#8779,#8780);
#6885=AXIS2_PLACEMENT_3D('',#10926,#8781,#8782);
#6886=AXIS2_PLACEMENT_3D('',#10928,#8783,#8784);
#6887=AXIS2_PLACEMENT_3D('',#10930,#8786,#8787);
#6888=AXIS2_PLACEMENT_3D('',#10936,#8791,#8792);
#6889=AXIS2_PLACEMENT_3D('',#10938,#8793,#8794);
#6890=AXIS2_PLACEMENT_3D('',#10940,#8795,#8796);
#6891=AXIS2_PLACEMENT_3D('',#10942,#8798,#8799);
#6892=AXIS2_PLACEMENT_3D('',#10948,#8803,#8804);
#6893=AXIS2_PLACEMENT_3D('',#10950,#8805,#8806);
#6894=AXIS2_PLACEMENT_3D('',#10952,#8807,#8808);
#6895=AXIS2_PLACEMENT_3D('',#10954,#8810,#8811);
#6896=AXIS2_PLACEMENT_3D('',#10960,#8815,#8816);
#6897=AXIS2_PLACEMENT_3D('',#10961,#8817,#8818);
#6898=AXIS2_PLACEMENT_3D('',#10962,#8819,#8820);
#6899=AXIS2_PLACEMENT_3D('',#10963,#8821,#8822);
#6900=AXIS2_PLACEMENT_3D('',#10964,#8823,#8824);
#6901=DIRECTION('axis',(0.,0.,1.));
#6902=DIRECTION('refdir',(1.,0.,0.));
#6903=DIRECTION('center_axis',(0.,0.,1.));
#6904=DIRECTION('ref_axis',(1.,0.,0.));
#6905=DIRECTION('center_axis',(0.,0.,-1.));
#6906=DIRECTION('ref_axis',(1.,0.,0.));
#6907=DIRECTION('',(0.,0.,-1.));
#6908=DIRECTION('center_axis',(0.,0.,-1.));
#6909=DIRECTION('ref_axis',(1.,0.,0.));
#6910=DIRECTION('center_axis',(0.861100088558937,-0.508435480158291,0.));
#6911=DIRECTION('ref_axis',(0.508435480158291,0.861100088558937,0.));
#6912=DIRECTION('',(-0.508435480158291,-0.861100088558937,0.));
#6913=DIRECTION('',(0.,0.,1.));
#6914=DIRECTION('',(0.508435480158291,0.861100088558937,0.));
#6915=DIRECTION('',(0.,0.,1.));
#6916=DIRECTION('center_axis',(0.85877778256463,-0.51234824111475,0.));
#6917=DIRECTION('ref_axis',(0.51234824111475,0.85877778256463,0.));
#6918=DIRECTION('',(-0.51234824111475,-0.85877778256463,0.));
#6919=DIRECTION('',(0.51234824111475,0.85877778256463,0.));
#6920=DIRECTION('',(0.,0.,1.));
#6921=DIRECTION('center_axis',(-0.861100088558937,0.508435480158289,0.));
#6922=DIRECTION('ref_axis',(-0.508435480158289,-0.861100088558937,0.));
#6923=DIRECTION('',(-0.508435480158289,-0.861100088558937,0.));
#6924=DIRECTION('',(0.,0.,-1.));
#6925=DIRECTION('',(-0.508435480158289,-0.861100088558937,0.));
#6926=DIRECTION('',(0.,0.,1.));
#6927=DIRECTION('center_axis',(0.,0.,1.));
#6928=DIRECTION('ref_axis',(0.861100088558936,-0.508435480158291,0.));
#6929=DIRECTION('center_axis',(0.,0.,1.));
#6930=DIRECTION('ref_axis',(0.861100088558936,-0.508435480158291,0.));
#6931=DIRECTION('center_axis',(0.,0.,1.));
#6932=DIRECTION('ref_axis',(0.861100088558936,-0.508435480158291,0.));
#6933=DIRECTION('center_axis',(0.,0.,1.));
#6934=DIRECTION('ref_axis',(1.,0.,0.));
#6935=DIRECTION('',(-0.858777782564579,0.512348241114834,0.));
#6936=DIRECTION('center_axis',(-0.792538637839958,0.60982170142656,0.));
#6937=DIRECTION('ref_axis',(-0.60982170142656,-0.792538637839958,0.));
#6938=DIRECTION('',(0.,0.,1.));
#6939=DIRECTION('',(0.60982170142656,0.792538637839958,0.));
#6940=DIRECTION('',(0.,0.,1.));
#6941=DIRECTION('',(-0.60982170142656,-0.792538637839958,0.));
#6942=DIRECTION('center_axis',(0.,0.,1.));
#6943=DIRECTION('ref_axis',(1.,0.,0.));
#6944=DIRECTION('center_axis',(0.,0.,-1.));
#6945=DIRECTION('ref_axis',(1.,0.,0.));
#6946=DIRECTION('',(0.,0.,-1.));
#6947=DIRECTION('center_axis',(0.,0.,-1.));
#6948=DIRECTION('ref_axis',(1.,0.,0.));
#6949=DIRECTION('center_axis',(0.792538637839957,-0.609821701426561,0.));
#6950=DIRECTION('ref_axis',(0.609821701426561,0.792538637839957,0.));
#6951=DIRECTION('',(0.,0.,-1.));
#6952=DIRECTION('',(0.609821701426561,0.792538637839957,0.));
#6953=DIRECTION('',(0.,0.,1.));
#6954=DIRECTION('',(0.609821701426561,0.792538637839957,0.));
#6955=DIRECTION('center_axis',(0.,0.,1.));
#6956=DIRECTION('ref_axis',(-0.792538637839957,0.609821701426561,0.));
#6957=DIRECTION('center_axis',(0.,0.,1.));
#6958=DIRECTION('ref_axis',(-0.792538637839957,0.609821701426561,0.));
#6959=DIRECTION('center_axis',(0.,0.,1.));
#6960=DIRECTION('ref_axis',(-0.792538637839957,0.609821701426561,0.));
#6961=DIRECTION('center_axis',(0.,0.,1.));
#6962=DIRECTION('ref_axis',(1.,0.,0.));
#6963=DIRECTION('',(0.769483328295506,-0.638666898684494,0.));
#6964=DIRECTION('center_axis',(-0.638666898684494,-0.769483328295506,0.));
#6965=DIRECTION('ref_axis',(0.769483328295506,-0.638666898684494,0.));
#6966=DIRECTION('',(0.769483328295506,-0.638666898684494,0.));
#6967=DIRECTION('',(0.,0.,1.));
#6968=DIRECTION('',(0.769483328295506,-0.638666898684494,0.));
#6969=DIRECTION('',(0.,0.,1.));
#6970=DIRECTION('',(0.769483328295506,-0.638666898684494,0.));
#6971=DIRECTION('',(-0.769483328295506,0.638666898684494,0.));
#6972=DIRECTION('center_axis',(0.638666898684494,0.769483328295506,0.));
#6973=DIRECTION('ref_axis',(0.,0.,-1.));
#6974=DIRECTION('',(0.,0.,1.));
#6975=DIRECTION('center_axis',(0.638666898684494,0.769483328295506,0.));
#6976=DIRECTION('ref_axis',(-0.769483328295506,0.638666898684494,0.));
#6977=DIRECTION('',(0.769483328295506,-0.638666898684494,0.));
#6978=DIRECTION('center_axis',(0.638666898684494,0.769483328295506,0.));
#6979=DIRECTION('ref_axis',(0.,0.,1.));
#6980=DIRECTION('',(0.,0.,-1.));
#6981=DIRECTION('center_axis',(0.638666898684494,0.769483328295506,0.));
#6982=DIRECTION('ref_axis',(0.769483328295506,-0.638666898684494,0.));
#6983=DIRECTION('center_axis',(0.,0.,1.));
#6984=DIRECTION('ref_axis',(1.,0.,0.));
#6985=DIRECTION('center_axis',(0.,0.,-1.));
#6986=DIRECTION('ref_axis',(1.,0.,0.));
#6987=DIRECTION('',(0.,0.,-1.));
#6988=DIRECTION('center_axis',(0.,0.,-1.));
#6989=DIRECTION('ref_axis',(1.,0.,0.));
#6990=DIRECTION('center_axis',(0.792538637839957,0.609821701426561,0.));
#6991=DIRECTION('ref_axis',(-0.609821701426561,0.792538637839957,0.));
#6992=DIRECTION('',(0.609821701426561,-0.792538637839957,0.));
#6993=DIRECTION('',(0.,0.,1.));
#6994=DIRECTION('',(-0.609821701426561,0.792538637839957,0.));
#6995=DIRECTION('',(0.,0.,1.));
#6996=DIRECTION('center_axis',(-0.792538637839958,-0.60982170142656,0.));
#6997=DIRECTION('ref_axis',(0.60982170142656,-0.792538637839958,0.));
#6998=DIRECTION('',(0.60982170142656,-0.792538637839958,0.));
#6999=DIRECTION('',(0.,0.,-1.));
#7000=DIRECTION('',(0.60982170142656,-0.792538637839958,0.));
#7001=DIRECTION('',(0.,0.,1.));
#7002=DIRECTION('center_axis',(0.,0.,1.));
#7003=DIRECTION('ref_axis',(0.792538637839956,0.609821701426562,0.));
#7004=DIRECTION('center_axis',(0.,0.,1.));
#7005=DIRECTION('ref_axis',(0.792538637839956,0.609821701426562,0.));
#7006=DIRECTION('center_axis',(0.,0.,1.));
#7007=DIRECTION('ref_axis',(0.792538637839956,0.609821701426562,0.));
#7008=DIRECTION('center_axis',(0.,0.,1.));
#7009=DIRECTION('ref_axis',(1.,0.,0.));
#7010=DIRECTION('',(-0.769483328295506,-0.638666898684494,0.));
#7011=DIRECTION('center_axis',(0.,0.,1.));
#7012=DIRECTION('ref_axis',(0.,-1.,0.));
#7013=DIRECTION('',(0.,1.,0.));
#7014=DIRECTION('',(1.,0.,0.));
#7015=DIRECTION('',(0.,-1.,0.));
#7016=DIRECTION('',(1.,0.,0.));
#7017=DIRECTION('center_axis',(1.,0.,0.));
#7018=DIRECTION('ref_axis',(0.,-4.99600361081322E-15,1.));
#7019=DIRECTION('center_axis',(-1.,0.,0.));
#7020=DIRECTION('ref_axis',(0.,-4.99600361081322E-15,1.));
#7021=DIRECTION('center_axis',(1.,0.,0.));
#7022=DIRECTION('ref_axis',(0.,-4.99600361081322E-15,1.));
#7023=DIRECTION('',(1.,0.,0.));
#7024=DIRECTION('center_axis',(0.,1.,0.));
#7025=DIRECTION('ref_axis',(0.,0.,1.));
#7026=DIRECTION('',(0.,0.,-1.));
#7027=DIRECTION('',(0.,0.,1.));
#7028=DIRECTION('',(1.,0.,0.));
#7029=DIRECTION('center_axis',(1.,0.,0.));
#7030=DIRECTION('ref_axis',(0.,1.,0.));
#7031=DIRECTION('center_axis',(-1.,0.,0.));
#7032=DIRECTION('ref_axis',(0.,1.,0.));
#7033=DIRECTION('center_axis',(1.,0.,0.));
#7034=DIRECTION('ref_axis',(0.,1.,0.));
#7035=DIRECTION('',(1.,0.,0.));
#7036=DIRECTION('center_axis',(0.,0.,-1.));
#7037=DIRECTION('ref_axis',(0.,1.,0.));
#7038=DIRECTION('',(0.,-1.,0.));
#7039=DIRECTION('',(0.,1.,0.));
#7040=DIRECTION('',(1.,0.,0.));
#7041=DIRECTION('center_axis',(1.,0.,0.));
#7042=DIRECTION('ref_axis',(0.,4.99600361081322E-15,-1.));
#7043=DIRECTION('center_axis',(-1.,0.,0.));
#7044=DIRECTION('ref_axis',(0.,4.99600361081322E-15,-1.));
#7045=DIRECTION('center_axis',(1.,0.,0.));
#7046=DIRECTION('ref_axis',(0.,4.99600361081322E-15,-1.));
#7047=DIRECTION('',(1.,0.,0.));
#7048=DIRECTION('center_axis',(0.,-1.,-2.46716227694479E-16));
#7049=DIRECTION('ref_axis',(0.,2.46716227694479E-16,-1.));
#7050=DIRECTION('',(0.,-2.46716227694479E-16,1.));
#7051=DIRECTION('',(0.,2.46716227694479E-16,-1.));
#7052=DIRECTION('',(1.,0.,0.));
#7053=DIRECTION('center_axis',(1.,0.,0.));
#7054=DIRECTION('ref_axis',(0.,-1.,0.));
#7055=DIRECTION('center_axis',(-1.,0.,0.));
#7056=DIRECTION('ref_axis',(0.,-1.,0.));
#7057=DIRECTION('center_axis',(1.,0.,0.));
#7058=DIRECTION('ref_axis',(0.,-1.,0.));
#7059=DIRECTION('center_axis',(0.,0.,1.));
#7060=DIRECTION('ref_axis',(-0.769483328295507,0.638666898684494,0.));
#7061=DIRECTION('',(-0.638666898684494,-0.769483328295506,0.));
#7062=DIRECTION('',(-0.769483328295507,0.638666898684494,0.));
#7063=DIRECTION('',(-0.638666898684494,-0.769483328295506,0.));
#7064=DIRECTION('center_axis',(-0.638666898684494,-0.769483328295506,0.));
#7065=DIRECTION('ref_axis',(0.,0.,1.));
#7066=DIRECTION('center_axis',(-0.638666898684494,-0.769483328295507,0.));
#7067=DIRECTION('ref_axis',(0.,0.,1.));
#7068=DIRECTION('',(-0.638666898684494,-0.769483328295506,0.));
#7069=DIRECTION('center_axis',(0.769483328295506,-0.638666898684494,0.));
#7070=DIRECTION('ref_axis',(0.,0.,1.));
#7071=DIRECTION('',(0.,0.,1.));
#7072=DIRECTION('',(-0.638666898684494,-0.769483328295506,0.));
#7073=DIRECTION('center_axis',(-0.638666898684494,-0.769483328295506,0.));
#7074=DIRECTION('ref_axis',(0.769483328295506,-0.638666898684494,0.));
#7075=DIRECTION('center_axis',(-0.638666898684494,-0.769483328295507,0.));
#7076=DIRECTION('ref_axis',(0.769483328295506,-0.638666898684494,0.));
#7077=DIRECTION('',(-0.638666898684494,-0.769483328295506,0.));
#7078=DIRECTION('center_axis',(0.,0.,-1.));
#7079=DIRECTION('ref_axis',(0.769483328295507,-0.638666898684494,0.));
#7080=DIRECTION('',(0.769483328295507,-0.638666898684494,0.));
#7081=DIRECTION('',(-0.638666898684494,-0.769483328295506,0.));
#7082=DIRECTION('center_axis',(-0.638666898684494,-0.769483328295506,0.));
#7083=DIRECTION('ref_axis',(0.,0.,-1.));
#7084=DIRECTION('center_axis',(-0.638666898684494,-0.769483328295507,0.));
#7085=DIRECTION('ref_axis',(0.,0.,-1.));
#7086=DIRECTION('',(-0.638666898684494,-0.769483328295506,0.));
#7087=DIRECTION('center_axis',(-0.769483328295506,0.638666898684494,0.));
#7088=DIRECTION('ref_axis',(0.,0.,-1.));
#7089=DIRECTION('',(0.,0.,-1.));
#7090=DIRECTION('',(-0.638666898684494,-0.769483328295506,0.));
#7091=DIRECTION('center_axis',(-0.638666898684494,-0.769483328295506,0.));
#7092=DIRECTION('ref_axis',(-0.769483328295506,0.638666898684494,0.));
#7093=DIRECTION('center_axis',(-0.638666898684494,-0.769483328295507,0.));
#7094=DIRECTION('ref_axis',(-0.769483328295506,0.638666898684494,0.));
#7095=DIRECTION('center_axis',(-0.769483328295506,-0.638666898684494,0.));
#7096=DIRECTION('ref_axis',(0.,0.,1.));
#7097=DIRECTION('',(0.,0.,-1.));
#7098=DIRECTION('',(-0.638666898684494,0.769483328295506,0.));
#7099=DIRECTION('',(0.,0.,1.));
#7100=DIRECTION('',(-0.638666898684494,0.769483328295506,0.));
#7101=DIRECTION('center_axis',(-0.638666898684494,0.769483328295506,0.));
#7102=DIRECTION('ref_axis',(-0.769483328295506,-0.638666898684494,0.));
#7103=DIRECTION('center_axis',(0.638666898684494,-0.769483328295506,0.));
#7104=DIRECTION('ref_axis',(-0.769483328295506,-0.638666898684494,0.));
#7105=DIRECTION('center_axis',(-0.638666898684494,0.769483328295507,0.));
#7106=DIRECTION('ref_axis',(-0.769483328295506,-0.638666898684494,0.));
#7107=DIRECTION('',(-0.638666898684494,0.769483328295506,0.));
#7108=DIRECTION('center_axis',(0.,0.,-1.));
#7109=DIRECTION('ref_axis',(-0.769483328295507,-0.638666898684494,0.));
#7110=DIRECTION('',(0.769483328295506,0.638666898684494,0.));
#7111=DIRECTION('',(-0.769483328295506,-0.638666898684494,0.));
#7112=DIRECTION('',(-0.638666898684494,0.769483328295506,0.));
#7113=DIRECTION('center_axis',(-0.638666898684494,0.769483328295506,0.));
#7114=DIRECTION('ref_axis',(0.,0.,-1.));
#7115=DIRECTION('center_axis',(0.638666898684494,-0.769483328295506,0.));
#7116=DIRECTION('ref_axis',(0.,0.,-1.));
#7117=DIRECTION('center_axis',(-0.638666898684494,0.769483328295507,0.));
#7118=DIRECTION('ref_axis',(0.,0.,-1.));
#7119=DIRECTION('',(-0.638666898684494,0.769483328295506,0.));
#7120=DIRECTION('center_axis',(0.769483328295506,0.638666898684494,0.));
#7121=DIRECTION('ref_axis',(0.,0.,-1.));
#7122=DIRECTION('',(0.,0.,1.));
#7123=DIRECTION('',(0.,0.,-1.));
#7124=DIRECTION('',(-0.638666898684494,0.769483328295506,0.));
#7125=DIRECTION('center_axis',(-0.638666898684494,0.769483328295506,0.));
#7126=DIRECTION('ref_axis',(0.769483328295506,0.638666898684494,0.));
#7127=DIRECTION('center_axis',(0.638666898684494,-0.769483328295506,0.));
#7128=DIRECTION('ref_axis',(0.769483328295506,0.638666898684494,0.));
#7129=DIRECTION('center_axis',(-0.638666898684494,0.769483328295507,0.));
#7130=DIRECTION('ref_axis',(0.769483328295506,0.638666898684494,0.));
#7131=DIRECTION('',(-0.638666898684494,0.769483328295506,0.));
#7132=DIRECTION('center_axis',(0.,0.,1.));
#7133=DIRECTION('ref_axis',(0.769483328295507,0.638666898684494,0.));
#7134=DIRECTION('',(-0.769483328295506,-0.638666898684494,0.));
#7135=DIRECTION('',(0.769483328295506,0.638666898684494,0.));
#7136=DIRECTION('',(-0.638666898684494,0.769483328295506,0.));
#7137=DIRECTION('center_axis',(-0.638666898684494,0.769483328295506,0.));
#7138=DIRECTION('ref_axis',(0.,0.,1.));
#7139=DIRECTION('center_axis',(0.638666898684494,-0.769483328295506,0.));
#7140=DIRECTION('ref_axis',(0.,0.,1.));
#7141=DIRECTION('center_axis',(-0.638666898684494,0.769483328295507,0.));
#7142=DIRECTION('ref_axis',(0.,0.,1.));
#7143=DIRECTION('center_axis',(0.85877778256458,0.512348241114833,0.));
#7144=DIRECTION('ref_axis',(0.,0.,1.));
#7145=DIRECTION('',(0.,0.,-1.));
#7146=DIRECTION('',(0.512348241114833,-0.85877778256458,0.));
#7147=DIRECTION('',(0.,0.,1.));
#7148=DIRECTION('',(0.512348241114833,-0.85877778256458,0.));
#7149=DIRECTION('center_axis',(0.512348241114833,-0.85877778256458,0.));
#7150=DIRECTION('ref_axis',(0.85877778256458,0.512348241114833,0.));
#7151=DIRECTION('center_axis',(-0.512348241114834,0.858777782564579,0.));
#7152=DIRECTION('ref_axis',(0.85877778256458,0.512348241114833,0.));
#7153=DIRECTION('center_axis',(0.512348241114834,-0.858777782564579,0.));
#7154=DIRECTION('ref_axis',(0.85877778256458,0.512348241114833,0.));
#7155=DIRECTION('',(0.512348241114833,-0.85877778256458,0.));
#7156=DIRECTION('center_axis',(0.,0.,-1.));
#7157=DIRECTION('ref_axis',(0.858777782564579,0.512348241114834,0.));
#7158=DIRECTION('',(-0.858777782564579,-0.512348241114834,0.));
#7159=DIRECTION('',(0.858777782564579,0.512348241114834,0.));
#7160=DIRECTION('',(0.512348241114833,-0.85877778256458,0.));
#7161=DIRECTION('center_axis',(0.512348241114833,-0.85877778256458,0.));
#7162=DIRECTION('ref_axis',(0.,0.,-1.));
#7163=DIRECTION('center_axis',(-0.512348241114834,0.858777782564579,0.));
#7164=DIRECTION('ref_axis',(0.,0.,-1.));
#7165=DIRECTION('center_axis',(0.512348241114834,-0.858777782564579,0.));
#7166=DIRECTION('ref_axis',(0.,0.,-1.));
#7167=DIRECTION('',(0.512348241114833,-0.85877778256458,0.));
#7168=DIRECTION('center_axis',(-0.85877778256458,-0.512348241114833,0.));
#7169=DIRECTION('ref_axis',(0.,0.,-1.));
#7170=DIRECTION('',(0.,0.,1.));
#7171=DIRECTION('',(0.,0.,-1.));
#7172=DIRECTION('',(0.512348241114833,-0.85877778256458,0.));
#7173=DIRECTION('center_axis',(0.512348241114833,-0.85877778256458,0.));
#7174=DIRECTION('ref_axis',(-0.85877778256458,-0.512348241114833,0.));
#7175=DIRECTION('center_axis',(-0.512348241114834,0.858777782564579,0.));
#7176=DIRECTION('ref_axis',(-0.85877778256458,-0.512348241114833,0.));
#7177=DIRECTION('center_axis',(0.512348241114834,-0.858777782564579,0.));
#7178=DIRECTION('ref_axis',(-0.85877778256458,-0.512348241114833,0.));
#7179=DIRECTION('',(0.512348241114833,-0.85877778256458,0.));
#7180=DIRECTION('center_axis',(0.,0.,1.));
#7181=DIRECTION('ref_axis',(-0.858777782564579,-0.512348241114834,0.));
#7182=DIRECTION('',(0.858777782564579,0.512348241114834,0.));
#7183=DIRECTION('',(-0.858777782564579,-0.512348241114834,0.));
#7184=DIRECTION('',(0.512348241114833,-0.85877778256458,0.));
#7185=DIRECTION('center_axis',(0.512348241114833,-0.85877778256458,0.));
#7186=DIRECTION('ref_axis',(0.,0.,1.));
#7187=DIRECTION('center_axis',(-0.512348241114834,0.858777782564579,0.));
#7188=DIRECTION('ref_axis',(0.,0.,1.));
#7189=DIRECTION('center_axis',(0.512348241114834,-0.858777782564579,0.));
#7190=DIRECTION('ref_axis',(0.,0.,1.));
#7191=DIRECTION('center_axis',(0.,0.,1.));
#7192=DIRECTION('ref_axis',(0.858777782564579,-0.512348241114834,0.));
#7193=DIRECTION('',(-0.858777782564579,0.512348241114834,0.));
#7194=DIRECTION('',(0.512348241114835,0.858777782564579,0.));
#7195=DIRECTION('',(0.858777782564579,-0.512348241114834,0.));
#7196=DIRECTION('',(0.512348241114835,0.858777782564579,0.));
#7197=DIRECTION('center_axis',(0.512348241114835,0.858777782564578,0.));
#7198=DIRECTION('ref_axis',(0.,0.,1.));
#7199=DIRECTION('center_axis',(-0.512348241114834,-0.858777782564579,0.));
#7200=DIRECTION('ref_axis',(0.,0.,1.));
#7201=DIRECTION('center_axis',(0.512348241114834,0.858777782564579,0.));
#7202=DIRECTION('ref_axis',(0.,0.,1.));
#7203=DIRECTION('',(0.512348241114835,0.858777782564579,0.));
#7204=DIRECTION('center_axis',(-0.858777782564578,0.512348241114835,0.));
#7205=DIRECTION('ref_axis',(0.,0.,1.));
#7206=DIRECTION('',(0.,0.,-1.));
#7207=DIRECTION('',(0.,0.,1.));
#7208=DIRECTION('',(0.512348241114835,0.858777782564579,0.));
#7209=DIRECTION('center_axis',(0.512348241114835,0.858777782564578,0.));
#7210=DIRECTION('ref_axis',(-0.858777782564578,0.512348241114836,0.));
#7211=DIRECTION('center_axis',(-0.512348241114834,-0.858777782564579,0.));
#7212=DIRECTION('ref_axis',(-0.858777782564578,0.512348241114836,0.));
#7213=DIRECTION('center_axis',(0.512348241114834,0.858777782564579,0.));
#7214=DIRECTION('ref_axis',(-0.858777782564578,0.512348241114836,0.));
#7215=DIRECTION('',(0.512348241114835,0.858777782564579,0.));
#7216=DIRECTION('center_axis',(0.,0.,-1.));
#7217=DIRECTION('ref_axis',(-0.858777782564579,0.512348241114834,0.));
#7218=DIRECTION('',(0.858777782564579,-0.512348241114834,0.));
#7219=DIRECTION('',(-0.858777782564579,0.512348241114834,0.));
#7220=DIRECTION('',(0.512348241114835,0.858777782564578,0.));
#7221=DIRECTION('center_axis',(0.512348241114835,0.858777782564578,0.));
#7222=DIRECTION('ref_axis',(0.,0.,-1.));
#7223=DIRECTION('center_axis',(-0.512348241114834,-0.858777782564579,0.));
#7224=DIRECTION('ref_axis',(0.,0.,-1.));
#7225=DIRECTION('center_axis',(0.512348241114834,0.858777782564579,0.));
#7226=DIRECTION('ref_axis',(0.,0.,-1.));
#7227=DIRECTION('',(0.512348241114835,0.858777782564578,0.));
#7228=DIRECTION('center_axis',(0.858777782564578,-0.512348241114835,0.));
#7229=DIRECTION('ref_axis',(0.,0.,-1.));
#7230=DIRECTION('',(0.,0.,1.));
#7231=DIRECTION('',(0.,0.,-1.));
#7232=DIRECTION('',(0.512348241114835,0.858777782564578,0.));
#7233=DIRECTION('center_axis',(0.512348241114835,0.858777782564578,0.));
#7234=DIRECTION('ref_axis',(0.858777782564578,-0.512348241114836,0.));
#7235=DIRECTION('center_axis',(-0.512348241114834,-0.858777782564579,0.));
#7236=DIRECTION('ref_axis',(0.858777782564578,-0.512348241114836,0.));
#7237=DIRECTION('center_axis',(0.512348241114834,0.858777782564579,0.));
#7238=DIRECTION('ref_axis',(0.858777782564578,-0.512348241114836,0.));
#7239=DIRECTION('center_axis',(-1.81260901979617E-16,-1.,0.));
#7240=DIRECTION('ref_axis',(1.,-1.81260901979617E-16,0.));
#7241=DIRECTION('',(-1.,1.81260901979617E-16,0.));
#7242=DIRECTION('',(0.,0.,1.));
#7243=DIRECTION('',(1.,-1.81260901979617E-16,0.));
#7244=DIRECTION('',(0.,0.,1.));
#7245=DIRECTION('center_axis',(0.,0.,1.));
#7246=DIRECTION('ref_axis',(-3.88578058618803E-15,1.,0.));
#7247=DIRECTION('center_axis',(0.,0.,1.));
#7248=DIRECTION('ref_axis',(-3.88578058618803E-15,1.,0.));
#7249=DIRECTION('center_axis',(0.,0.,-1.));
#7250=DIRECTION('ref_axis',(-3.88578058618803E-15,1.,0.));
#7251=DIRECTION('',(0.,0.,1.));
#7252=DIRECTION('center_axis',(1.,1.51556878516713E-16,0.));
#7253=DIRECTION('ref_axis',(-1.51556878516713E-16,1.,0.));
#7254=DIRECTION('',(1.51556878516713E-16,-1.,0.));
#7255=DIRECTION('',(-1.51556878516713E-16,1.,0.));
#7256=DIRECTION('',(0.,0.,1.));
#7257=DIRECTION('center_axis',(0.,0.,1.));
#7258=DIRECTION('ref_axis',(-1.,0.,0.));
#7259=DIRECTION('center_axis',(0.,0.,1.));
#7260=DIRECTION('ref_axis',(-1.,0.,0.));
#7261=DIRECTION('center_axis',(0.,0.,-1.));
#7262=DIRECTION('ref_axis',(-1.,0.,0.));
#7263=DIRECTION('',(0.,0.,1.));
#7264=DIRECTION('center_axis',(0.,1.,0.));
#7265=DIRECTION('ref_axis',(-1.,0.,0.));
#7266=DIRECTION('',(1.,0.,0.));
#7267=DIRECTION('',(-1.,0.,0.));
#7268=DIRECTION('',(0.,0.,1.));
#7269=DIRECTION('center_axis',(-3.75653637900145E-16,1.,0.));
#7270=DIRECTION('ref_axis',(-1.,-3.75653637900145E-16,0.));
#7271=DIRECTION('',(1.,3.75653637900145E-16,0.));
#7272=DIRECTION('',(0.,0.,1.));
#7273=DIRECTION('',(-1.,-3.75653637900145E-16,0.));
#7274=DIRECTION('',(0.,0.,1.));
#7275=DIRECTION('center_axis',(0.,0.,1.));
#7276=DIRECTION('ref_axis',(0.,-1.,0.));
#7277=DIRECTION('center_axis',(0.,0.,1.));
#7278=DIRECTION('ref_axis',(0.,-1.,0.));
#7279=DIRECTION('center_axis',(0.,0.,-1.));
#7280=DIRECTION('ref_axis',(0.,-1.,0.));
#7281=DIRECTION('',(0.,0.,1.));
#7282=DIRECTION('center_axis',(-1.,0.,0.));
#7283=DIRECTION('ref_axis',(0.,-1.,0.));
#7284=DIRECTION('',(0.,1.,0.));
#7285=DIRECTION('',(0.,-1.,0.));
#7286=DIRECTION('',(0.,0.,1.));
#7287=DIRECTION('center_axis',(0.,0.,1.));
#7288=DIRECTION('ref_axis',(1.,-4.44089209850064E-15,0.));
#7289=DIRECTION('center_axis',(0.,0.,1.));
#7290=DIRECTION('ref_axis',(1.,-4.44089209850064E-15,0.));
#7291=DIRECTION('center_axis',(0.,0.,-1.));
#7292=DIRECTION('ref_axis',(1.,-4.44089209850064E-15,0.));
#7293=DIRECTION('center_axis',(0.,-1.,0.));
#7294=DIRECTION('ref_axis',(1.,0.,0.));
#7295=DIRECTION('',(-1.,0.,0.));
#7296=DIRECTION('',(0.,0.,1.));
#7297=DIRECTION('',(1.,0.,0.));
#7298=DIRECTION('',(0.,0.,1.));
#7299=DIRECTION('center_axis',(0.,0.,1.));
#7300=DIRECTION('ref_axis',(-1.,0.,0.));
#7301=DIRECTION('center_axis',(0.,0.,-1.));
#7302=DIRECTION('ref_axis',(-1.,0.,0.));
#7303=DIRECTION('center_axis',(0.,0.,1.));
#7304=DIRECTION('ref_axis',(-1.,0.,0.));
#7305=DIRECTION('',(0.,0.,1.));
#7306=DIRECTION('center_axis',(-1.,0.,0.));
#7307=DIRECTION('ref_axis',(0.,-1.,0.));
#7308=DIRECTION('',(0.,1.,0.));
#7309=DIRECTION('',(0.,-1.,0.));
#7310=DIRECTION('',(0.,0.,1.));
#7311=DIRECTION('center_axis',(0.,0.,1.));
#7312=DIRECTION('ref_axis',(0.,1.,0.));
#7313=DIRECTION('center_axis',(0.,0.,-1.));
#7314=DIRECTION('ref_axis',(0.,1.,0.));
#7315=DIRECTION('center_axis',(0.,0.,1.));
#7316=DIRECTION('ref_axis',(0.,1.,0.));
#7317=DIRECTION('',(0.,0.,1.));
#7318=DIRECTION('center_axis',(1.67580833905684E-16,1.,0.));
#7319=DIRECTION('ref_axis',(-1.,1.67580833905684E-16,0.));
#7320=DIRECTION('',(1.,-1.67580833905684E-16,0.));
#7321=DIRECTION('',(-1.,1.67580833905684E-16,0.));
#7322=DIRECTION('',(0.,0.,1.));
#7323=DIRECTION('center_axis',(0.,0.,1.));
#7324=DIRECTION('ref_axis',(1.,-8.88178419700136E-15,0.));
#7325=DIRECTION('center_axis',(0.,0.,-1.));
#7326=DIRECTION('ref_axis',(1.,-8.88178419700136E-15,0.));
#7327=DIRECTION('center_axis',(0.,0.,1.));
#7328=DIRECTION('ref_axis',(1.,-8.88178419700136E-15,0.));
#7329=DIRECTION('',(0.,0.,1.));
#7330=DIRECTION('center_axis',(1.,0.,0.));
#7331=DIRECTION('ref_axis',(0.,1.,0.));
#7332=DIRECTION('',(0.,-1.,0.));
#7333=DIRECTION('',(0.,1.,0.));
#7334=DIRECTION('',(0.,0.,1.));
#7335=DIRECTION('center_axis',(0.,0.,1.));
#7336=DIRECTION('ref_axis',(0.,-1.,0.));
#7337=DIRECTION('center_axis',(0.,0.,-1.));
#7338=DIRECTION('ref_axis',(0.,-1.,0.));
#7339=DIRECTION('center_axis',(0.,0.,1.));
#7340=DIRECTION('ref_axis',(0.,-1.,0.));
#7341=DIRECTION('center_axis',(0.,0.,1.));
#7342=DIRECTION('ref_axis',(-1.,0.,0.));
#7343=DIRECTION('center_axis',(0.,0.,-1.));
#7344=DIRECTION('ref_axis',(-1.,0.,0.));
#7345=DIRECTION('center_axis',(0.,0.,-1.));
#7346=DIRECTION('ref_axis',(-1.,0.,0.));
#7347=DIRECTION('center_axis',(0.,0.,1.));
#7348=DIRECTION('ref_axis',(1.,0.,0.));
#7349=DIRECTION('',(0.326915938292244,0.945053421395056,0.));
#7350=DIRECTION('',(-0.858777782564579,0.512348241114834,0.));
#7351=DIRECTION('center_axis',(0.,0.,1.));
#7352=DIRECTION('ref_axis',(-0.571371661835674,0.820691430472587,0.));
#7353=DIRECTION('',(-1.,-1.24742472603498E-16,0.));
#7354=DIRECTION('center_axis',(0.,0.,1.));
#7355=DIRECTION('ref_axis',(0.363725558575662,0.931506155663409,0.));
#7356=DIRECTION('',(-0.735407436077648,0.677625193570679,0.));
#7357=DIRECTION('center_axis',(0.,0.,-1.));
#7358=DIRECTION('ref_axis',(-0.0258791188551543,-0.999665079517776,0.));
#7359=DIRECTION('',(-0.769483328295506,-0.638666898684494,0.));
#7360=DIRECTION('center_axis',(0.,0.,-1.));
#7361=DIRECTION('ref_axis',(0.99571257442694,-0.0925011844684943,0.));
#7362=DIRECTION('',(0.638666898684493,-0.769483328295508,0.));
#7363=DIRECTION('center_axis',(0.,0.,1.));
#7364=DIRECTION('ref_axis',(-1.,3.86698099858597E-15,0.));
#7365=DIRECTION('',(-0.638666898684493,-0.769483328295507,0.));
#7366=DIRECTION('center_axis',(0.,0.,-1.));
#7367=DIRECTION('ref_axis',(0.995712574426928,0.0925011844686256,0.));
#7368=DIRECTION('',(0.769483328295507,-0.638666898684494,0.));
#7369=DIRECTION('center_axis',(0.,0.,-1.));
#7370=DIRECTION('ref_axis',(-0.0258791188552023,0.999665079517775,0.));
#7371=DIRECTION('',(0.735407436077647,0.67762519357068,0.));
#7372=DIRECTION('center_axis',(0.,0.,1.));
#7373=DIRECTION('ref_axis',(0.363725558575662,-0.931506155663409,0.));
#7374=DIRECTION('',(1.,0.,0.));
#7375=DIRECTION('center_axis',(0.,0.,1.));
#7376=DIRECTION('ref_axis',(-0.517165556595464,-0.855885381970801,0.));
#7377=DIRECTION('',(0.465079574142604,-0.885268879897703,0.));
#7378=DIRECTION('',(0.858777782564579,0.512348241114834,0.));
#7379=DIRECTION('',(-0.326915938292244,0.945053421395056,0.));
#7380=DIRECTION('center_axis',(0.,0.,1.));
#7381=DIRECTION('ref_axis',(0.986167688934051,0.165750684168943,0.));
#7382=DIRECTION('',(0.,1.,0.));
#7383=DIRECTION('center_axis',(0.,0.,1.));
#7384=DIRECTION('ref_axis',(0.986167688934051,-0.165750684168943,0.));
#7385=DIRECTION('',(0.,-1.,0.));
#7386=DIRECTION('',(-1.,0.,0.));
#7387=DIRECTION('',(0.,1.,0.));
#7388=DIRECTION('',(1.,0.,0.));
#7389=DIRECTION('center_axis',(0.,0.,-1.));
#7390=DIRECTION('ref_axis',(-1.,0.,0.));
#7391=DIRECTION('center_axis',(0.,0.,-1.));
#7392=DIRECTION('ref_axis',(-1.,0.,0.));
#7393=DIRECTION('',(0.,0.,-1.));
#7394=DIRECTION('center_axis',(0.,0.,1.));
#7395=DIRECTION('ref_axis',(-1.,0.,0.));
#7396=DIRECTION('center_axis',(0.,0.,-1.));
#7397=DIRECTION('ref_axis',(-1.,0.,0.));
#7398=DIRECTION('center_axis',(0.,0.,-1.));
#7399=DIRECTION('ref_axis',(-1.,0.,0.));
#7400=DIRECTION('',(0.,0.,-1.));
#7401=DIRECTION('center_axis',(0.,0.,1.));
#7402=DIRECTION('ref_axis',(-1.,0.,0.));
#7403=DIRECTION('center_axis',(0.,0.,-1.));
#7404=DIRECTION('ref_axis',(-1.,0.,0.));
#7405=DIRECTION('',(0.,0.,-1.));
#7406=DIRECTION('center_axis',(0.,0.,1.));
#7407=DIRECTION('ref_axis',(-1.,0.,0.));
#7408=DIRECTION('center_axis',(0.,0.,-1.));
#7409=DIRECTION('ref_axis',(-1.,0.,0.));
#7410=DIRECTION('center_axis',(0.,0.,-1.));
#7411=DIRECTION('ref_axis',(-1.,0.,0.));
#7412=DIRECTION('center_axis',(0.,0.,-1.));
#7413=DIRECTION('ref_axis',(-1.,0.,0.));
#7414=DIRECTION('',(0.,0.,-1.));
#7415=DIRECTION('center_axis',(0.,0.,1.));
#7416=DIRECTION('ref_axis',(-1.,0.,0.));
#7417=DIRECTION('center_axis',(1.,0.,0.));
#7418=DIRECTION('ref_axis',(0.,1.,0.));
#7419=DIRECTION('',(0.,0.,1.));
#7420=DIRECTION('',(0.,1.,0.));
#7421=DIRECTION('',(0.,0.,1.));
#7422=DIRECTION('center_axis',(0.,-1.,0.));
#7423=DIRECTION('ref_axis',(1.,0.,0.));
#7424=DIRECTION('',(1.,0.,0.));
#7425=DIRECTION('',(0.,0.,1.));
#7426=DIRECTION('center_axis',(-1.,0.,0.));
#7427=DIRECTION('ref_axis',(0.,-1.,0.));
#7428=DIRECTION('',(0.,-1.,0.));
#7429=DIRECTION('',(0.,0.,1.));
#7430=DIRECTION('center_axis',(0.,1.,0.));
#7431=DIRECTION('ref_axis',(-1.,0.,0.));
#7432=DIRECTION('',(-1.,0.,0.));
#7433=DIRECTION('center_axis',(0.,0.,1.));
#7434=DIRECTION('ref_axis',(1.,0.,0.));
#7435=DIRECTION('center_axis',(0.141569154381359,-0.974501579759234,-0.174082869847966));
#7436=DIRECTION('ref_axis',(-0.614845226206324,-0.224380638751999,0.756054678422493));
#7437=DIRECTION('center_axis',(-0.326915938292248,-0.945053421395055,-2.09844013586719E-14));
#7438=DIRECTION('ref_axis',(-0.888059726333419,0.307200494830523,0.342020143325644));
#7439=DIRECTION('center_axis',(0.399033784079737,0.1456227543765,0.905298874720833));
#7440=DIRECTION('ref_axis',(-0.481449861448275,-0.806987145170811,0.342020143325654));
#7441=DIRECTION('center_axis',(-0.858777782564511,0.512348241114949,0.));
#7442=DIRECTION('ref_axis',(0.,0.,1.));
#7443=DIRECTION('center_axis',(0.39903378407974,0.145622754376525,0.905298874720828));
#7444=DIRECTION('ref_axis',(-0.85043773467226,-0.310357394009421,0.424775172802266));
#7445=DIRECTION('center_axis',(0.198054894176044,0.0722778380135067,0.977522466762278));
#7446=DIRECTION('ref_axis',(-0.918284574783004,-0.335117311908242,0.210831276083485));
#7447=DIRECTION('',(0.39903378407974,0.145622754376525,0.905298874720828));
#7448=DIRECTION('',(-0.39903378407974,-0.145622754376525,-0.905298874720828));
#7449=DIRECTION('center_axis',(-0.141569154381357,-0.974501579759235,0.174082869847963));
#7450=DIRECTION('ref_axis',(-0.614845226206457,0.224380638752031,0.756054678422375));
#7451=DIRECTION('center_axis',(-0.858777782564577,-0.512348241114837,8.76512056574182E-14));
#7452=DIRECTION('ref_axis',(-0.481449861448224,0.80698714517083,0.342020143325681));
#7453=DIRECTION('center_axis',(0.399033784079692,-0.145622754376439,0.905298874720863));
#7454=DIRECTION('ref_axis',(-0.888059726333419,-0.307200494830523,0.342020143325644));
#7455=DIRECTION('center_axis',(-0.32691593829241,0.945053421394999,0.));
#7456=DIRECTION('ref_axis',(0.,0.,1.));
#7457=DIRECTION('center_axis',(0.39903378407974,-0.145622754376527,0.905298874720828));
#7458=DIRECTION('ref_axis',(-0.85043773467224,0.310357394009414,0.424775172802311));
#7459=DIRECTION('center_axis',(0.198054894170933,-0.0722778380117423,0.977522466763444));
#7460=DIRECTION('ref_axis',(-0.9182845747841,0.335117311908642,0.210831276078079));
#7461=DIRECTION('',(0.39903378407974,-0.145622754376527,0.905298874720828));
#7462=DIRECTION('',(-0.39903378407974,0.145622754376527,-0.905298874720828));
#7463=DIRECTION('center_axis',(0.326915938292244,0.945053421395056,0.));
#7464=DIRECTION('ref_axis',(-0.542060373605135,0.187511278872039,0.819152044288992));
#7465=DIRECTION('center_axis',(-0.326915938292231,-0.945053421395061,0.));
#7466=DIRECTION('ref_axis',(0.,0.,1.));
#7467=DIRECTION('',(-0.326915938292244,-0.945053421395056,0.));
#7468=DIRECTION('center_axis',(0.,0.,1.));
#7469=DIRECTION('ref_axis',(1.,0.,0.));
#7470=DIRECTION('center_axis',(0.,-1.,0.));
#7471=DIRECTION('ref_axis',(0.,0.,1.));
#7472=DIRECTION('center_axis',(0.,0.,-1.));
#7473=DIRECTION('ref_axis',(0.986167688934051,-0.165750684168943,0.));
#7474=DIRECTION('center_axis',(0.,1.,0.));
#7475=DIRECTION('ref_axis',(-0.573576436351014,0.,0.819152044289014));
#7476=DIRECTION('center_axis',(0.,-1.,0.));
#7477=DIRECTION('ref_axis',(0.,0.,1.));
#7478=DIRECTION('',(0.,-1.,0.));
#7479=DIRECTION('center_axis',(0.,0.,1.));
#7480=DIRECTION('ref_axis',(1.,0.,0.));
#7481=DIRECTION('center_axis',(0.326915938292239,-0.945053421395058,0.));
#7482=DIRECTION('ref_axis',(0.,0.,1.));
#7483=DIRECTION('center_axis',(1.25056705788442E-16,-7.44050518713947E-16,
-1.));
#7484=DIRECTION('ref_axis',(0.986167688934051,0.165750684168943,0.));
#7485=DIRECTION('center_axis',(-0.326915938292244,0.945053421395056,0.));
#7486=DIRECTION('ref_axis',(-0.542060373605149,-0.187511278872025,0.819152044288985));
#7487=DIRECTION('',(0.326915938292244,-0.945053421395056,0.));
#7488=DIRECTION('center_axis',(-0.126321622194579,-0.835077339194824,-0.535433175409801));
#7489=DIRECTION('ref_axis',(0.191750736312463,-0.550132563627432,0.812764306278479));
#7490=DIRECTION('center_axis',(0.858777779859035,-0.512348245649761,-1.45085237713832E-8));
#7491=DIRECTION('ref_axis',(-0.481449861448258,-0.806987145170827,0.342020143325642));
#7492=DIRECTION('center_axis',(-0.16226726965529,0.465544552290696,0.870021610668995));
#7493=DIRECTION('ref_axis',(0.878755629126518,-0.332882510561792,0.342020143325704));
#7494=DIRECTION('center_axis',(-0.354246154569909,-0.935152213263933,0.));
#7495=DIRECTION('ref_axis',(0.,0.,1.));
#7496=DIRECTION('center_axis',(0.119387313467488,-0.810295780243184,0.573731137296125));
#7497=DIRECTION('ref_axis',(0.16507773126054,0.586021116104279,0.793302334625184));
#7498=DIRECTION('center_axis',(-0.465079574142578,0.885268879897717,-3.93138357378635E-14));
#7499=DIRECTION('ref_axis',(0.831880633851296,0.437031843900051,0.342020143325634));
#7500=DIRECTION('center_axis',(-0.126835758034642,-0.450263230041922,0.883841453064967));
#7501=DIRECTION('ref_axis',(-0.48144986144825,0.806987145170814,0.342020143325681));
#7502=DIRECTION('center_axis',(0.858777782564585,0.512348241114824,0.));
#7503=DIRECTION('ref_axis',(0.,0.,1.));
#7504=DIRECTION('center_axis',(-0.126835758034619,-0.4502632300419,0.883841453064982));
#7505=DIRECTION('ref_axis',(0.239644968693246,0.850732627290157,0.467786581513407));
#7506=DIRECTION('center_axis',(-0.0633103176116821,-0.224749775178026,0.972357620549834));
#7507=DIRECTION('ref_axis',(0.26364526208546,0.935932966628072,0.233496590464755));
#7508=DIRECTION('',(-0.126835758034619,-0.4502632300419,0.883841453064982));
#7509=DIRECTION('',(0.126835758034619,0.4502632300419,-0.883841453064982));
#7510=DIRECTION('center_axis',(0.858777782564579,0.512348241114834,0.));
#7511=DIRECTION('ref_axis',(-0.293870878309406,0.492574700140814,0.819152044288999));
#7512=DIRECTION('',(-0.858777782564579,-0.512348241114834,0.));
#7513=DIRECTION('center_axis',(0.465079574142604,-0.885268879897703,0.));
#7514=DIRECTION('ref_axis',(0.507769369344232,0.266758684756395,0.81915204428897));
#7515=DIRECTION('center_axis',(-0.465079574142591,0.88526887989771,0.));
#7516=DIRECTION('ref_axis',(0.,0.,1.));
#7517=DIRECTION('',(-0.465079574142604,0.885268879897703,1.89859319002877E-17));
#7518=DIRECTION('center_axis',(0.,0.,1.));
#7519=DIRECTION('ref_axis',(1.,0.,0.));
#7520=DIRECTION('center_axis',(-1.,2.36294933059415E-14,0.));
#7521=DIRECTION('ref_axis',(0.,0.,1.));
#7522=DIRECTION('center_axis',(-3.49155119746161E-16,2.10975681610414E-16,
-1.));
#7523=DIRECTION('ref_axis',(-0.517165556595464,-0.855885381970801,0.));
#7524=DIRECTION('center_axis',(1.,0.,0.));
#7525=DIRECTION('ref_axis',(0.,0.573576436351032,0.819152044289002));
#7526=DIRECTION('center_axis',(-1.,0.,0.));
#7527=DIRECTION('ref_axis',(0.,0.,1.));
#7528=DIRECTION('',(-1.,0.,0.));
#7529=DIRECTION('center_axis',(0.,0.,1.));
#7530=DIRECTION('ref_axis',(1.,0.,0.));
#7531=DIRECTION('center_axis',(-0.735407436077633,-0.677625193570695,0.));
#7532=DIRECTION('ref_axis',(0.,0.,1.));
#7533=DIRECTION('center_axis',(0.,0.,-1.));
#7534=DIRECTION('ref_axis',(0.363725558575662,-0.931506155663409,0.));
#7535=DIRECTION('center_axis',(0.735407436077647,0.67762519357068,0.));
#7536=DIRECTION('ref_axis',(-0.388669843709961,0.421812376451492,0.819152044288983));
#7537=DIRECTION('center_axis',(-0.735407436077611,-0.677625193570719,0.));
#7538=DIRECTION('ref_axis',(0.,0.,1.));
#7539=DIRECTION('',(-0.735407436077647,-0.67762519357068,0.));
#7540=DIRECTION('center_axis',(-0.769483328295528,0.638666898684468,0.));
#7541=DIRECTION('ref_axis',(0.,0.,1.));
#7542=DIRECTION('center_axis',(0.,0.,1.));
#7543=DIRECTION('ref_axis',(-0.0258791188551186,0.999665079517777,0.));
#7544=DIRECTION('center_axis',(0.769483328295507,-0.638666898684494,0.));
#7545=DIRECTION('ref_axis',(0.366324283762802,0.441357505275286,0.819152044288999));
#7546=DIRECTION('center_axis',(-0.769483328295488,0.638666898684517,0.));
#7547=DIRECTION('ref_axis',(0.,0.,1.));
#7548=DIRECTION('',(-0.769483328295507,0.638666898684494,0.));
#7549=DIRECTION('center_axis',(0.638666898684444,0.769483328295548,0.));
#7550=DIRECTION('ref_axis',(0.,0.,1.));
#7551=DIRECTION('center_axis',(0.,0.,1.));
#7552=DIRECTION('ref_axis',(0.99571257442693,0.0925011844686129,0.));
#7553=DIRECTION('center_axis',(-0.638666898684493,-0.769483328295507,0.));
#7554=DIRECTION('ref_axis',(0.44135750527528,-0.366324283762832,0.819152044288989));
#7555=DIRECTION('center_axis',(0.638666898684526,0.76948332829548,0.));
#7556=DIRECTION('ref_axis',(0.,0.,1.));
#7557=DIRECTION('',(0.638666898684493,0.769483328295507,0.));
#7558=DIRECTION('center_axis',(0.,0.,1.));
#7559=DIRECTION('ref_axis',(-1.,3.43024899888576E-15,0.));
#7560=DIRECTION('center_axis',(-0.638666898684465,0.76948332829553,0.));
#7561=DIRECTION('ref_axis',(0.,0.,1.));
#7562=DIRECTION('center_axis',(0.,0.,-1.));
#7563=DIRECTION('ref_axis',(-1.,3.66373598126297E-15,0.));
#7564=DIRECTION('center_axis',(0.638666898684493,-0.769483328295508,0.));
#7565=DIRECTION('ref_axis',(0.441357505275281,0.366324283762826,0.819152044288991));
#7566=DIRECTION('center_axis',(-0.638666898684505,0.769483328295497,0.));
#7567=DIRECTION('ref_axis',(0.,0.,1.));
#7568=DIRECTION('',(-0.638666898684493,0.769483328295508,0.));
#7569=DIRECTION('center_axis',(0.76948332829543,0.638666898684586,0.));
#7570=DIRECTION('ref_axis',(0.,0.,1.));
#7571=DIRECTION('center_axis',(0.,0.,1.));
#7572=DIRECTION('ref_axis',(0.99571257442694,-0.0925011844684971,0.));
#7573=DIRECTION('center_axis',(-0.769483328295507,-0.638666898684494,0.));
#7574=DIRECTION('ref_axis',(0.366324283762798,-0.441357505275307,0.819152044288989));
#7575=DIRECTION('center_axis',(0.769483328295524,0.638666898684473,0.));
#7576=DIRECTION('ref_axis',(0.,0.,1.));
#7577=DIRECTION('',(0.769483328295506,0.638666898684494,0.));
#7578=DIRECTION('center_axis',(0.7354074360777,-0.677625193570623,0.));
#7579=DIRECTION('ref_axis',(0.,0.,1.));
#7580=DIRECTION('center_axis',(0.,0.,1.));
#7581=DIRECTION('ref_axis',(-0.0258791188551186,-0.999665079517777,0.));
#7582=DIRECTION('center_axis',(-0.735407436077648,0.677625193570679,0.));
#7583=DIRECTION('ref_axis',(-0.388669843709961,-0.421812376451492,0.819152044288983));
#7584=DIRECTION('center_axis',(0.735407436077657,-0.67762519357067,0.));
#7585=DIRECTION('ref_axis',(0.,0.,1.));
#7586=DIRECTION('',(0.735407436077648,-0.677625193570679,0.));
#7587=DIRECTION('center_axis',(0.,0.,1.));
#7588=DIRECTION('ref_axis',(1.,0.,0.));
#7589=DIRECTION('center_axis',(1.,2.36294933059421E-14,0.));
#7590=DIRECTION('ref_axis',(0.,0.,1.));
#7591=DIRECTION('center_axis',(2.60400622903662E-16,-1.01678729059638E-16,
-1.));
#7592=DIRECTION('ref_axis',(0.363725558575663,0.931506155663409,0.));
#7593=DIRECTION('center_axis',(-1.,-1.24742472603498E-16,0.));
#7594=DIRECTION('ref_axis',(0.,-0.573576436351061,0.819152044288981));
#7595=DIRECTION('center_axis',(1.,2.36294933059409E-14,0.));
#7596=DIRECTION('ref_axis',(0.,0.,1.));
#7597=DIRECTION('',(1.,1.24742472603498E-16,0.));
#7598=DIRECTION('center_axis',(0.,0.,1.));
#7599=DIRECTION('ref_axis',(1.,0.,0.));
#7600=DIRECTION('center_axis',(0.,0.,-1.));
#7601=DIRECTION('ref_axis',(-0.571371661835674,0.820691430472587,0.));
#7602=DIRECTION('center_axis',(-0.858777782564579,0.512348241114834,0.));
#7603=DIRECTION('ref_axis',(-0.293870878309398,-0.492574700140855,0.819152044288977));
#7604=DIRECTION('',(0.858777782564579,-0.512348241114834,1.89859319002877E-17));
#7605=DIRECTION('center_axis',(1.17219581004096E-16,-0.939692620785908,
0.342020143325669));
#7606=DIRECTION('ref_axis',(1.,1.24742472603498E-16,0.));
#7607=DIRECTION('',(0.,0.342020143325669,0.939692620785908));
#7608=DIRECTION('',(-1.,-1.24742472603498E-16,0.));
#7609=DIRECTION('',(0.,0.342020143325669,0.939692620785908));
#7610=DIRECTION('center_axis',(0.,0.,1.));
#7611=DIRECTION('ref_axis',(-6.66133814775093E-16,1.,0.));
#7612=DIRECTION('',(-0.326001034055303,0.103446141713376,0.939692620785909));
#7613=DIRECTION('center_axis',(0.,0.,1.));
#7614=DIRECTION('ref_axis',(0.953163257828611,-0.302456284321467,0.));
#7615=DIRECTION('center_axis',(0.,0.,1.));
#7616=DIRECTION('ref_axis',(-0.517165556595466,0.8558853819708,0.));
#7617=DIRECTION('center_axis',(0.,0.,-1.));
#7618=DIRECTION('ref_axis',(-0.51234824111485,-0.85877778256457,0.));
#7619=DIRECTION('',(0.175233418858755,0.293719300277634,0.939692620785908));
#7620=DIRECTION('center_axis',(0.,0.,-1.));
#7621=DIRECTION('ref_axis',(-0.140607573009442,-0.990065407138536,0.));
#7622=DIRECTION('center_axis',(0.,0.,-1.));
#7623=DIRECTION('ref_axis',(0.688174480241709,-0.725545232734703,0.));
#7624=DIRECTION('center_axis',(-0.481449861448249,-0.80698714517082,0.342020143325669));
#7625=DIRECTION('ref_axis',(0.858777782564579,-0.512348241114834,0.));
#7626=DIRECTION('',(0.175233418858752,0.293719300277638,0.939692620785908));
#7627=DIRECTION('',(-0.858777782564579,0.512348241114834,1.43317816327783E-16));
#7628=DIRECTION('center_axis',(0.,0.,-1.));
#7629=DIRECTION('ref_axis',(-0.945053421395056,0.326915938292246,0.));
#7630=DIRECTION('',(0.323227306635953,-0.11181183607016,0.939692620785908));
#7631=DIRECTION('center_axis',(0.,0.,-1.));
#7632=DIRECTION('ref_axis',(-0.93939996880534,-0.342823130212251,0.));
#7633=DIRECTION('center_axis',(-0.888059726333409,0.307200494830522,0.342020143325671));
#7634=DIRECTION('ref_axis',(-0.326915938292244,-0.945053421395056,0.));
#7635=DIRECTION('',(0.323227306635953,-0.111811836070159,0.939692620785908));
#7636=DIRECTION('',(0.326915938292244,0.945053421395056,0.));
#7637=DIRECTION('center_axis',(0.,0.,1.));
#7638=DIRECTION('ref_axis',(0.945053421395056,-0.326915938292246,0.));
#7639=DIRECTION('',(0.342020143325669,7.5943727601151E-16,0.939692620785908));
#7640=DIRECTION('center_axis',(-1.47038830199545E-16,-8.74837676167019E-16,
1.));
#7641=DIRECTION('ref_axis',(0.986167688934051,-0.165750684168943,0.));
#7642=DIRECTION('center_axis',(-0.939692620785908,0.,0.342020143325669));
#7643=DIRECTION('ref_axis',(0.,-1.,0.));
#7644=DIRECTION('',(0.342020143325669,2.27831182803453E-15,0.939692620785908));
#7645=DIRECTION('',(0.,1.,0.));
#7646=DIRECTION('center_axis',(0.,0.,1.));
#7647=DIRECTION('ref_axis',(1.,6.88338275267576E-15,0.));
#7648=DIRECTION('',(0.323227306635953,0.111811836070159,0.939692620785908));
#7649=DIRECTION('center_axis',(0.,0.,1.));
#7650=DIRECTION('ref_axis',(0.986167688934051,0.165750684168943,0.));
#7651=DIRECTION('center_axis',(-0.888059726333409,-0.307200494830523,0.342020143325671));
#7652=DIRECTION('ref_axis',(0.326915938292244,-0.945053421395056,0.));
#7653=DIRECTION('',(0.323227306635953,0.11181183607016,0.939692620785908));
#7654=DIRECTION('',(-0.326915938292244,0.945053421395056,1.89859319002878E-17));
#7655=DIRECTION('center_axis',(0.,0.,-1.));
#7656=DIRECTION('ref_axis',(-0.512348241114838,0.858777782564577,0.));
#7657=DIRECTION('',(0.175233418858752,-0.293719300277638,0.939692620785908));
#7658=DIRECTION('center_axis',(0.,0.,-1.));
#7659=DIRECTION('ref_axis',(-0.939399968805342,0.342823130212247,0.));
#7660=DIRECTION('center_axis',(-0.481449861448249,0.80698714517082,0.342020143325671));
#7661=DIRECTION('ref_axis',(-0.858777782564579,-0.512348241114834,0.));
#7662=DIRECTION('',(0.175233418858752,-0.293719300277637,0.939692620785908));
#7663=DIRECTION('',(0.858777782564579,0.512348241114834,0.));
#7664=DIRECTION('center_axis',(0.,0.,1.));
#7665=DIRECTION('ref_axis',(1.,0.,0.));
#7666=DIRECTION('center_axis',(-0.259504660312206,-0.493961491184041,0.829855033426613));
#7667=DIRECTION('ref_axis',(-0.405328568353985,0.83565417219461,0.370662725627828));
#7668=DIRECTION('center_axis',(0.463431910544321,0.882132587982977,0.0841009007543638));
#7669=DIRECTION('ref_axis',(-0.885268879897709,0.465079574142593,0.));
#7670=DIRECTION('center_axis',(0.,0.,-1.));
#7671=DIRECTION('ref_axis',(0.953163257828612,-0.302456284321466,0.));
#7672=DIRECTION('center_axis',(-0.302456284321448,-0.953163257828618,0.));
#7673=DIRECTION('ref_axis',(0.,0.,-1.));
#7674=DIRECTION('center_axis',(0.885268879897702,-0.465079574142607,0.));
#7675=DIRECTION('ref_axis',(0.465079574142607,0.885268879897702,0.));
#7676=DIRECTION('',(0.,0.,1.));
#7677=DIRECTION('',(-0.465079574142607,-0.885268879897702,0.));
#7678=DIRECTION('',(0.,0.,1.));
#7679=DIRECTION('center_axis',(-0.862564793790038,-0.416853166514995,-0.286732303866116));
#7680=DIRECTION('ref_axis',(0.505946614292404,-0.710673528507753,-0.488836536445868));
#7681=DIRECTION('center_axis',(0.,0.,-1.));
#7682=DIRECTION('ref_axis',(0.149732754740617,-0.988726505236805,0.));
#7683=DIRECTION('center_axis',(0.988726505236805,0.149732754740617,0.));
#7684=DIRECTION('ref_axis',(0.,0.,-1.));
#7685=DIRECTION('center_axis',(-0.465079574142628,-0.885268879897691,3.93138357378615E-14));
#7686=DIRECTION('ref_axis',(0.885268879897691,-0.465079574142628,0.));
#7687=DIRECTION('center_axis',(0.465079574142607,0.885268879897702,0.));
#7688=DIRECTION('ref_axis',(0.625979628149088,-0.328860920667578,-0.707106781186549));
#7689=DIRECTION('center_axis',(-0.465079574142662,-0.885268879897673,0.));
#7690=DIRECTION('ref_axis',(0.,0.,-1.));
#7691=DIRECTION('',(0.465079574142607,0.885268879897702,0.));
#7692=DIRECTION('center_axis',(0.,0.,1.));
#7693=DIRECTION('ref_axis',(1.,0.,0.));
#7694=DIRECTION('center_axis',(-1.,-2.22044604925026E-14,0.));
#7695=DIRECTION('ref_axis',(0.,0.,-1.));
#7696=DIRECTION('center_axis',(0.,0.,1.));
#7697=DIRECTION('ref_axis',(-0.517165556595466,0.8558853819708,0.));
#7698=DIRECTION('center_axis',(0.,0.,-1.));
#7699=DIRECTION('ref_axis',(-0.517165556595466,0.8558853819708,0.));
#7700=DIRECTION('center_axis',(-1.,-1.24742472603498E-16,0.));
#7701=DIRECTION('ref_axis',(0.,-0.70710678118654,-0.707106781186555));
#7702=DIRECTION('center_axis',(-1.,2.22044604925031E-14,0.));
#7703=DIRECTION('ref_axis',(0.,0.,-1.));
#7704=DIRECTION('',(-1.,-1.24742472603498E-16,0.));
#7705=DIRECTION('',(1.,1.24742472603498E-16,0.));
#7706=DIRECTION('center_axis',(0.,0.,1.));
#7707=DIRECTION('ref_axis',(1.,0.,0.));
#7708=DIRECTION('center_axis',(-0.735407436077646,0.677625193570681,0.));
#7709=DIRECTION('ref_axis',(0.,0.,-1.));
#7710=DIRECTION('center_axis',(0.,0.,1.));
#7711=DIRECTION('ref_axis',(0.363725558575663,0.931506155663409,0.));
#7712=DIRECTION('center_axis',(0.,0.,-1.));
#7713=DIRECTION('ref_axis',(0.363725558575663,0.931506155663408,0.));
#7714=DIRECTION('center_axis',(-0.735407436077648,0.677625193570679,0.));
#7715=DIRECTION('ref_axis',(-0.479153369476677,-0.520011584985518,-0.707106781186545));
#7716=DIRECTION('center_axis',(-0.735407436077689,0.677625193570635,0.));
#7717=DIRECTION('ref_axis',(0.,0.,-1.));
#7718=DIRECTION('',(-0.735407436077648,0.677625193570679,0.));
#7719=DIRECTION('',(0.735407436077648,-0.677625193570679,0.));
#7720=DIRECTION('center_axis',(0.,0.,1.));
#7721=DIRECTION('ref_axis',(1.,0.,0.));
#7722=DIRECTION('center_axis',(-0.769483328295519,-0.638666898684479,0.));
#7723=DIRECTION('ref_axis',(0.,0.,-1.));
#7724=DIRECTION('center_axis',(0.,0.,-1.));
#7725=DIRECTION('ref_axis',(-0.0258791188551786,-0.999665079517775,0.));
#7726=DIRECTION('center_axis',(0.,0.,1.));
#7727=DIRECTION('ref_axis',(-0.0258791188551786,-0.999665079517775,0.));
#7728=DIRECTION('center_axis',(0.769483328295507,0.638666898684494,0.));
#7729=DIRECTION('ref_axis',(0.451605694979177,-0.544106879447725,-0.707106781186571));
#7730=DIRECTION('center_axis',(-0.769483328295528,-0.638666898684468,0.));
#7731=DIRECTION('ref_axis',(0.,0.,-1.));
#7732=DIRECTION('',(-0.769483328295506,-0.638666898684494,0.));
#7733=DIRECTION('',(0.769483328295506,0.638666898684494,0.));
#7734=DIRECTION('center_axis',(0.,0.,1.));
#7735=DIRECTION('ref_axis',(1.,0.,0.));
#7736=DIRECTION('center_axis',(0.638666898684484,-0.769483328295515,0.));
#7737=DIRECTION('ref_axis',(0.,0.,-1.));
#7738=DIRECTION('center_axis',(0.,0.,-1.));
#7739=DIRECTION('ref_axis',(0.995712574426935,-0.0925011844685552,0.));
#7740=DIRECTION('center_axis',(0.,0.,1.));
#7741=DIRECTION('ref_axis',(0.995712574426935,-0.0925011844685552,0.));
#7742=DIRECTION('center_axis',(-0.638666898684493,0.769483328295508,0.));
#7743=DIRECTION('ref_axis',(0.544106879447765,0.451605694979174,-0.707106781186541));
#7744=DIRECTION('center_axis',(0.63866689868454,-0.769483328295468,0.));
#7745=DIRECTION('ref_axis',(0.,0.,-1.));
#7746=DIRECTION('',(0.638666898684493,-0.769483328295508,0.));
#7747=DIRECTION('',(-0.638666898684493,0.769483328295508,0.));
#7748=DIRECTION('center_axis',(0.,0.,1.));
#7749=DIRECTION('ref_axis',(-1.,4.56335677841536E-15,0.));
#7750=DIRECTION('center_axis',(-0.638666898684477,-0.769483328295521,0.));
#7751=DIRECTION('ref_axis',(0.,0.,-1.));
#7752=DIRECTION('center_axis',(0.,0.,1.));
#7753=DIRECTION('ref_axis',(-1.,4.05231403988177E-15,0.));
#7754=DIRECTION('center_axis',(0.,0.,-1.));
#7755=DIRECTION('ref_axis',(-1.,4.05231403988177E-15,0.));
#7756=DIRECTION('center_axis',(-0.638666898684493,-0.769483328295507,0.));
#7757=DIRECTION('ref_axis',(0.544106879447758,-0.4516056949792,-0.707106781186531));
#7758=DIRECTION('center_axis',(-0.638666898684523,-0.769483328295483,0.));
#7759=DIRECTION('ref_axis',(0.,0.,-1.));
#7760=DIRECTION('',(-0.638666898684493,-0.769483328295507,0.));
#7761=DIRECTION('',(0.638666898684493,0.769483328295507,0.));
#7762=DIRECTION('center_axis',(0.,0.,1.));
#7763=DIRECTION('ref_axis',(1.,0.,0.));
#7764=DIRECTION('center_axis',(0.769483328295519,-0.638666898684479,0.));
#7765=DIRECTION('ref_axis',(0.,0.,-1.));
#7766=DIRECTION('center_axis',(0.,0.,-1.));
#7767=DIRECTION('ref_axis',(0.995712574426935,0.0925011844685574,0.));
#7768=DIRECTION('center_axis',(0.,0.,1.));
#7769=DIRECTION('ref_axis',(0.995712574426935,0.0925011844685573,0.));
#7770=DIRECTION('center_axis',(0.769483328295507,-0.638666898684494,0.));
#7771=DIRECTION('ref_axis',(0.451605694979177,0.544106879447725,-0.707106781186571));
#7772=DIRECTION('center_axis',(0.769483328295519,-0.638666898684479,0.));
#7773=DIRECTION('ref_axis',(0.,0.,-1.));
#7774=DIRECTION('',(0.769483328295507,-0.638666898684494,0.));
#7775=DIRECTION('',(-0.769483328295507,0.638666898684494,0.));
#7776=DIRECTION('center_axis',(0.,0.,1.));
#7777=DIRECTION('ref_axis',(1.,0.,0.));
#7778=DIRECTION('center_axis',(0.735407436077646,0.677625193570681,0.));
#7779=DIRECTION('ref_axis',(0.,0.,-1.));
#7780=DIRECTION('center_axis',(0.,0.,-1.));
#7781=DIRECTION('ref_axis',(-0.0258791188551786,0.999665079517775,0.));
#7782=DIRECTION('center_axis',(0.,0.,1.));
#7783=DIRECTION('ref_axis',(-0.0258791188551786,0.999665079517775,0.));
#7784=DIRECTION('center_axis',(-0.735407436077647,-0.67762519357068,0.));
#7785=DIRECTION('ref_axis',(-0.479153369476677,0.520011584985518,-0.707106781186545));
#7786=DIRECTION('center_axis',(0.735407436077668,0.677625193570657,0.));
#7787=DIRECTION('ref_axis',(0.,0.,-1.));
#7788=DIRECTION('',(0.735407436077647,0.67762519357068,0.));
#7789=DIRECTION('',(-0.735407436077647,-0.67762519357068,0.));
#7790=DIRECTION('center_axis',(0.,0.,1.));
#7791=DIRECTION('ref_axis',(1.,0.,0.));
#7792=DIRECTION('center_axis',(1.,2.22044604925031E-14,0.));
#7793=DIRECTION('ref_axis',(0.,0.,-1.));
#7794=DIRECTION('center_axis',(0.,0.,1.));
#7795=DIRECTION('ref_axis',(0.363725558575662,-0.931506155663409,0.));
#7796=DIRECTION('center_axis',(0.,0.,-1.));
#7797=DIRECTION('ref_axis',(0.363725558575662,-0.931506155663409,0.));
#7798=DIRECTION('center_axis',(1.,0.,0.));
#7799=DIRECTION('ref_axis',(0.,0.707106781186556,-0.707106781186539));
#7800=DIRECTION('center_axis',(1.,-2.22044604925031E-14,0.));
#7801=DIRECTION('ref_axis',(0.,0.,-1.));
#7802=DIRECTION('',(1.,0.,0.));
#7803=DIRECTION('',(-1.,0.,0.));
#7804=DIRECTION('center_axis',(0.,0.,1.));
#7805=DIRECTION('ref_axis',(1.,0.,0.));
#7806=DIRECTION('center_axis',(0.465079574142593,-0.885268879897709,0.));
#7807=DIRECTION('ref_axis',(0.,0.,-1.));
#7808=DIRECTION('center_axis',(0.,0.,1.));
#7809=DIRECTION('ref_axis',(-0.517165556595465,-0.8558853819708,0.));
#7810=DIRECTION('center_axis',(0.,0.,-1.));
#7811=DIRECTION('ref_axis',(-0.517165556595465,-0.8558853819708,0.));
#7812=DIRECTION('center_axis',(0.465079574142604,-0.885268879897703,0.));
#7813=DIRECTION('ref_axis',(0.625979628149088,0.328860920667578,-0.707106781186549));
#7814=DIRECTION('center_axis',(0.465079574142628,-0.885268879897691,0.));
#7815=DIRECTION('ref_axis',(0.,0.,-1.));
#7816=DIRECTION('',(0.465079574142604,-0.885268879897703,0.));
#7817=DIRECTION('',(-0.465079574142604,0.885268879897703,0.));
#7818=DIRECTION('center_axis',(0.,0.,1.));
#7819=DIRECTION('ref_axis',(1.,0.,0.));
#7820=DIRECTION('center_axis',(0.858777782564563,0.512348241114861,0.));
#7821=DIRECTION('ref_axis',(0.,0.,-1.));
#7822=DIRECTION('center_axis',(0.,0.,-1.));
#7823=DIRECTION('ref_axis',(0.271140223014258,0.962539858636399,0.));
#7824=DIRECTION('center_axis',(0.,0.,1.));
#7825=DIRECTION('ref_axis',(0.271140223014258,0.962539858636399,0.));
#7826=DIRECTION('center_axis',(0.858777782564579,0.512348241114834,0.));
#7827=DIRECTION('ref_axis',(-0.36228491562131,0.607247593583767,-0.707106781186537));
#7828=DIRECTION('center_axis',(0.858777782564626,0.512348241114756,0.));
#7829=DIRECTION('ref_axis',(0.,0.,-1.));
#7830=DIRECTION('',(0.858777782564579,0.512348241114834,0.));
#7831=DIRECTION('',(-0.858777782564579,-0.512348241114834,0.));
#7832=DIRECTION('center_axis',(0.,0.,1.));
#7833=DIRECTION('ref_axis',(-0.93939996880534,0.34282313021225,0.));
#7834=DIRECTION('center_axis',(-0.326915938292238,0.945053421395058,0.));
#7835=DIRECTION('ref_axis',(0.,0.,-1.));
#7836=DIRECTION('center_axis',(0.,0.,-1.));
#7837=DIRECTION('ref_axis',(-0.939399968805341,0.34282313021225,0.));
#7838=DIRECTION('center_axis',(0.,0.,1.));
#7839=DIRECTION('ref_axis',(-0.939399968805341,0.34282313021225,0.));
#7840=DIRECTION('center_axis',(0.326915938292244,-0.945053421395056,0.));
#7841=DIRECTION('ref_axis',(-0.668253682851993,-0.23116447684441,-0.707106781186546));
#7842=DIRECTION('center_axis',(-0.326915938292268,0.945053421395048,0.));
#7843=DIRECTION('ref_axis',(0.,0.,-1.));
#7844=DIRECTION('',(-0.326915938292244,0.945053421395056,0.));
#7845=DIRECTION('',(0.326915938292244,-0.945053421395056,0.));
#7846=DIRECTION('center_axis',(0.,0.,1.));
#7847=DIRECTION('ref_axis',(1.,0.,0.));
#7848=DIRECTION('center_axis',(-5.5511151231259E-15,1.,0.));
#7849=DIRECTION('ref_axis',(0.,0.,-1.));
#7850=DIRECTION('center_axis',(0.,0.,1.));
#7851=DIRECTION('ref_axis',(0.986167688934051,0.165750684168943,0.));
#7852=DIRECTION('center_axis',(0.,0.,-1.));
#7853=DIRECTION('ref_axis',(0.986167688934051,0.165750684168943,0.));
#7854=DIRECTION('center_axis',(0.,1.,0.));
#7855=DIRECTION('ref_axis',(-0.70710678118654,0.,-0.707106781186555));
#7856=DIRECTION('center_axis',(5.5511151231259E-15,1.,0.));
#7857=DIRECTION('ref_axis',(0.,0.,-1.));
#7858=DIRECTION('',(0.,1.,0.));
#7859=DIRECTION('',(0.,-1.,0.));
#7860=DIRECTION('center_axis',(0.,0.,1.));
#7861=DIRECTION('ref_axis',(1.,0.,0.));
#7862=DIRECTION('center_axis',(0.326915938292248,0.945053421395055,0.));
#7863=DIRECTION('ref_axis',(0.,0.,-1.));
#7864=DIRECTION('center_axis',(0.,0.,1.));
#7865=DIRECTION('ref_axis',(0.986167688934051,-0.165750684168943,0.));
#7866=DIRECTION('center_axis',(0.,0.,-1.));
#7867=DIRECTION('ref_axis',(0.986167688934051,-0.165750684168943,0.));
#7868=DIRECTION('center_axis',(0.326915938292244,0.945053421395056,0.));
#7869=DIRECTION('ref_axis',(-0.668253682851992,0.231164476844412,-0.707106781186546));
#7870=DIRECTION('center_axis',(0.326915938292218,0.945053421395065,0.));
#7871=DIRECTION('ref_axis',(0.,0.,-1.));
#7872=DIRECTION('',(0.326915938292244,0.945053421395056,0.));
#7873=DIRECTION('',(-0.326915938292244,-0.945053421395056,0.));
#7874=DIRECTION('center_axis',(0.,0.,1.));
#7875=DIRECTION('ref_axis',(-0.939399968805342,-0.342823130212247,0.));
#7876=DIRECTION('center_axis',(-0.858777782564608,0.512348241114786,0.));
#7877=DIRECTION('ref_axis',(0.,0.,-1.));
#7878=DIRECTION('center_axis',(0.,0.,-1.));
#7879=DIRECTION('ref_axis',(-0.939399968805341,-0.34282313021225,0.));
#7880=DIRECTION('center_axis',(0.,0.,1.));
#7881=DIRECTION('ref_axis',(-0.93939996880534,-0.34282313021225,0.));
#7882=DIRECTION('center_axis',(0.858777782564579,-0.512348241114834,0.));
#7883=DIRECTION('ref_axis',(-0.36228491562131,-0.607247593583767,-0.707106781186537));
#7884=DIRECTION('center_axis',(-0.858777782564583,0.512348241114828,0.));
#7885=DIRECTION('ref_axis',(0.,0.,-1.));
#7886=DIRECTION('',(-0.858777782564579,0.512348241114834,0.));
#7887=DIRECTION('',(0.858777782564579,-0.512348241114834,0.));
#7888=DIRECTION('center_axis',(0.,0.,1.));
#7889=DIRECTION('ref_axis',(1.,0.,0.));
#7890=DIRECTION('center_axis',(0.,0.,-1.));
#7891=DIRECTION('ref_axis',(-0.140607573009445,-0.990065407138535,0.));
#7892=DIRECTION('center_axis',(0.,0.,1.));
#7893=DIRECTION('ref_axis',(-0.140607573009445,-0.990065407138535,0.));
#7894=DIRECTION('center_axis',(0.,0.,1.));
#7895=DIRECTION('ref_axis',(0.579964329107471,-0.814641870371835,0.));
#7896=DIRECTION('',(0.,0.,-1.));
#7897=DIRECTION('center_axis',(0.,0.,1.));
#7898=DIRECTION('ref_axis',(0.,-1.,0.));
#7899=DIRECTION('',(0.,0.,1.));
#7900=DIRECTION('center_axis',(0.,0.,-1.));
#7901=DIRECTION('ref_axis',(0.363725558575662,-0.931506155663409,0.));
#7902=DIRECTION('',(0.,0.,1.));
#7903=DIRECTION('center_axis',(0.,1.,0.));
#7904=DIRECTION('ref_axis',(-1.,0.,0.));
#7905=DIRECTION('',(0.,0.,1.));
#7906=DIRECTION('',(-1.,0.,0.));
#7907=DIRECTION('center_axis',(0.,0.,1.));
#7908=DIRECTION('ref_axis',(-0.885268879897702,-0.465079574142606,0.));
#7909=DIRECTION('',(0.,0.,1.));
#7910=DIRECTION('center_axis',(0.,0.,-1.));
#7911=DIRECTION('ref_axis',(-0.517165556595465,-0.8558853819708,0.));
#7912=DIRECTION('center_axis',(0.885268879897703,0.465079574142604,0.));
#7913=DIRECTION('ref_axis',(-0.465079574142604,0.885268879897703,0.));
#7914=DIRECTION('',(0.,0.,1.));
#7915=DIRECTION('',(-0.465079574142604,0.885268879897703,0.));
#7916=DIRECTION('center_axis',(0.,0.,1.));
#7917=DIRECTION('ref_axis',(0.885268879897696,0.465079574142617,0.));
#7918=DIRECTION('',(0.,0.,1.));
#7919=DIRECTION('center_axis',(0.,0.,1.));
#7920=DIRECTION('ref_axis',(0.271140223014258,0.962539858636399,0.));
#7921=DIRECTION('center_axis',(-0.512348241114834,0.858777782564579,0.));
#7922=DIRECTION('ref_axis',(-0.858777782564579,-0.512348241114834,0.));
#7923=DIRECTION('',(0.,0.,1.));
#7924=DIRECTION('',(-0.858777782564579,-0.512348241114834,0.));
#7925=DIRECTION('center_axis',(0.,0.,1.));
#7926=DIRECTION('ref_axis',(-0.512348241114838,0.858777782564577,0.));
#7927=DIRECTION('',(0.,0.,1.));
#7928=DIRECTION('center_axis',(0.,0.,1.));
#7929=DIRECTION('ref_axis',(-0.939399968805341,0.34282313021225,0.));
#7930=DIRECTION('center_axis',(-0.945053421395056,-0.326915938292244,0.));
#7931=DIRECTION('ref_axis',(0.326915938292244,-0.945053421395056,0.));
#7932=DIRECTION('',(0.,0.,1.));
#7933=DIRECTION('',(0.326915938292244,-0.945053421395056,0.));
#7934=DIRECTION('center_axis',(0.,0.,1.));
#7935=DIRECTION('ref_axis',(1.,6.88338275267576E-15,0.));
#7936=DIRECTION('',(0.,0.,1.));
#7937=DIRECTION('center_axis',(0.,0.,-1.));
#7938=DIRECTION('ref_axis',(0.986167688934051,0.165750684168943,0.));
#7939=DIRECTION('center_axis',(-1.,0.,0.));
#7940=DIRECTION('ref_axis',(0.,-1.,0.));
#7941=DIRECTION('',(0.,0.,1.));
#7942=DIRECTION('',(0.,-1.,0.));
#7943=DIRECTION('center_axis',(0.,0.,1.));
#7944=DIRECTION('ref_axis',(0.945053421395056,-0.326915938292246,0.));
#7945=DIRECTION('',(0.,0.,1.));
#7946=DIRECTION('center_axis',(0.,0.,-1.));
#7947=DIRECTION('ref_axis',(0.986167688934051,-0.165750684168943,0.));
#7948=DIRECTION('center_axis',(-0.945053421395056,0.326915938292244,0.));
#7949=DIRECTION('ref_axis',(-0.326915938292244,-0.945053421395056,0.));
#7950=DIRECTION('',(0.,0.,1.));
#7951=DIRECTION('',(-0.326915938292244,-0.945053421395056,0.));
#7952=DIRECTION('center_axis',(0.,0.,1.));
#7953=DIRECTION('ref_axis',(-0.945053421395056,0.326915938292246,0.));
#7954=DIRECTION('',(0.,0.,1.));
#7955=DIRECTION('center_axis',(0.,0.,1.));
#7956=DIRECTION('ref_axis',(-0.939399968805341,-0.34282313021225,0.));
#7957=DIRECTION('center_axis',(-0.512348241114834,-0.858777782564579,0.));
#7958=DIRECTION('ref_axis',(0.858777782564579,-0.512348241114834,0.));
#7959=DIRECTION('',(0.,0.,1.));
#7960=DIRECTION('',(0.858777782564579,-0.512348241114834,-1.6230374822807E-16));
#7961=DIRECTION('center_axis',(0.,0.,1.));
#7962=DIRECTION('ref_axis',(-0.51234824111485,-0.85877778256457,0.));
#7963=DIRECTION('center_axis',(0.,0.,1.));
#7964=DIRECTION('ref_axis',(-0.140607573009445,-0.990065407138535,0.));
#7965=DIRECTION('center_axis',(0.,0.,1.));
#7966=DIRECTION('ref_axis',(1.,0.,0.));
#7967=DIRECTION('center_axis',(-0.858777782564575,0.512348241114841,5.60692880231262E-14));
#7968=DIRECTION('ref_axis',(-0.512348241114841,-0.858777782564575,0.));
#7969=DIRECTION('center_axis',(0.,0.,1.));
#7970=DIRECTION('ref_axis',(1.,0.,0.));
#7971=DIRECTION('',(0.735407436077648,0.677625193570679,0.));
#7972=DIRECTION('center_axis',(0.,0.,1.));
#7973=DIRECTION('ref_axis',(0.,-1.,0.));
#7974=DIRECTION('',(1.,0.,0.));
#7975=DIRECTION('center_axis',(0.,0.,1.));
#7976=DIRECTION('ref_axis',(-0.885268879897702,-0.465079574142606,0.));
#7977=DIRECTION('',(0.465079574142607,-0.885268879897702,0.));
#7978=DIRECTION('',(0.858777782564579,0.512348241114834,0.));
#7979=DIRECTION('',(0.858777782564579,0.512348241114834,0.));
#7980=DIRECTION('',(-0.326915938292244,0.945053421395056,0.));
#7981=DIRECTION('center_axis',(0.,0.,1.));
#7982=DIRECTION('ref_axis',(1.,6.84637531852163E-15,0.));
#7983=DIRECTION('',(0.,1.,0.));
#7984=DIRECTION('center_axis',(0.,0.,1.));
#7985=DIRECTION('ref_axis',(0.945053421395056,-0.326915938292246,0.));
#7986=DIRECTION('',(0.326915938292244,0.945053421395056,0.));
#7987=DIRECTION('',(-0.858777782564579,0.512348241114834,0.));
#7988=DIRECTION('',(-0.858777782564579,0.512348241114834,0.));
#7989=DIRECTION('center_axis',(0.,0.,1.));
#7990=DIRECTION('ref_axis',(-6.05576195250085E-16,1.,0.));
#7991=DIRECTION('',(-1.,-1.24742472603498E-16,0.));
#7992=DIRECTION('center_axis',(0.,0.,1.));
#7993=DIRECTION('ref_axis',(0.677625193570681,0.735407436077646,0.));
#7994=DIRECTION('',(-0.735407436077649,0.677625193570678,0.));
#7995=DIRECTION('',(-0.769483328295506,-0.638666898684494,0.));
#7996=DIRECTION('',(-0.769483328295506,-0.638666898684494,0.));
#7997=DIRECTION('',(0.638666898684491,-0.769483328295509,0.));
#7998=DIRECTION('center_axis',(0.,0.,1.));
#7999=DIRECTION('ref_axis',(-0.769483328295509,0.63866689868449,0.));
#8000=DIRECTION('',(-0.638666898684492,-0.769483328295508,0.));
#8001=DIRECTION('center_axis',(0.,0.,1.));
#8002=DIRECTION('ref_axis',(1.,0.,0.));
#8003=DIRECTION('center_axis',(0.,0.,-1.));
#8004=DIRECTION('ref_axis',(-1.,0.,0.));
#8005=DIRECTION('center_axis',(0.,0.,-1.));
#8006=DIRECTION('ref_axis',(-0.517165556595466,0.8558853819708,0.));
#8007=DIRECTION('center_axis',(-1.,-2.22044604925026E-14,3.91524547690202E-15));
#8008=DIRECTION('ref_axis',(2.22044604925026E-14,-1.,0.));
#8009=DIRECTION('center_axis',(1.,1.24742472603498E-16,0.));
#8010=DIRECTION('ref_axis',(0.,-0.984807753012213,0.173648177666901));
#8011=DIRECTION('',(1.,1.24742472603498E-16,0.));
#8012=DIRECTION('center_axis',(-1.,0.,0.));
#8013=DIRECTION('ref_axis',(0.,-1.,0.));
#8014=DIRECTION('center_axis',(0.,0.,-1.));
#8015=DIRECTION('ref_axis',(-1.,0.,0.));
#8016=DIRECTION('center_axis',(0.,0.,-1.));
#8017=DIRECTION('ref_axis',(0.363725558575663,0.931506155663409,0.));
#8018=DIRECTION('center_axis',(-0.735407436077646,0.677625193570681,-5.25030435552255E-14));
#8019=DIRECTION('ref_axis',(-0.677625193570681,-0.735407436077646,0.));
#8020=DIRECTION('center_axis',(0.,0.,1.));
#8021=DIRECTION('ref_axis',(0.363725558575663,0.931506155663408,0.));
#8022=DIRECTION('center_axis',(0.735407436077648,-0.677625193570679,0.));
#8023=DIRECTION('ref_axis',(-0.667330544264816,-0.724234944672094,0.173648177666898));
#8024=DIRECTION('',(0.735407436077648,-0.677625193570679,0.));
#8025=DIRECTION('center_axis',(-0.735407436077646,0.677625193570681,-5.25030435552255E-14));
#8026=DIRECTION('ref_axis',(-0.677625193570681,-0.735407436077646,0.));
#8027=DIRECTION('',(-0.735407436077648,0.677625193570679,0.));
#8028=DIRECTION('center_axis',(0.,0.,1.));
#8029=DIRECTION('ref_axis',(1.,0.,0.));
#8030=DIRECTION('center_axis',(0.,0.,1.));
#8031=DIRECTION('ref_axis',(-0.0258791188551786,-0.999665079517775,0.));
#8032=DIRECTION('center_axis',(-0.769483328295519,-0.638666898684479,-4.02193126102256E-14));
#8033=DIRECTION('ref_axis',(0.638666898684479,-0.769483328295519,0.));
#8034=DIRECTION('center_axis',(0.,0.,-1.));
#8035=DIRECTION('ref_axis',(-0.0258791188551788,-0.999665079517775,0.));
#8036=DIRECTION('center_axis',(0.769483328295507,0.638666898684494,0.));
#8037=DIRECTION('ref_axis',(0.628964113416749,-0.757793147519063,0.173648177666901));
#8038=DIRECTION('',(0.769483328295507,0.638666898684494,0.));
#8039=DIRECTION('center_axis',(-0.769483328295528,-0.638666898684468,5.72580361790961E-14));
#8040=DIRECTION('ref_axis',(0.638666898684468,-0.769483328295528,0.));
#8041=DIRECTION('',(-0.769483328295507,-0.638666898684494,1.89859319002877E-17));
#8042=DIRECTION('center_axis',(0.,0.,1.));
#8043=DIRECTION('ref_axis',(1.,0.,0.));
#8044=DIRECTION('center_axis',(0.,0.,1.));
#8045=DIRECTION('ref_axis',(0.995712574426935,-0.0925011844685552,0.));
#8046=DIRECTION('center_axis',(0.638666898684484,-0.769483328295515,-3.92286891469222E-14));
#8047=DIRECTION('ref_axis',(0.769483328295515,0.638666898684483,0.));
#8048=DIRECTION('center_axis',(0.,0.,-1.));
#8049=DIRECTION('ref_axis',(0.995712574426935,-0.0925011844685541,0.));
#8050=DIRECTION('center_axis',(-0.638666898684493,0.769483328295508,8.11518741140351E-16));
#8051=DIRECTION('ref_axis',(0.757793147519043,0.62896411341677,0.173648177666907));
#8052=DIRECTION('',(-0.638666898684493,0.769483328295507,8.11518741140351E-16));
#8053=DIRECTION('center_axis',(0.638666898684477,-0.769483328295521,5.01255472432899E-14));
#8054=DIRECTION('ref_axis',(0.769483328295521,0.638666898684477,0.));
#8055=DIRECTION('',(0.638666898684493,-0.769483328295507,-8.11518741140351E-16));
#8056=DIRECTION('center_axis',(0.,0.,-1.));
#8057=DIRECTION('ref_axis',(-1.,0.,0.));
#8058=DIRECTION('center_axis',(0.,0.,-1.));
#8059=DIRECTION('ref_axis',(-1.,4.05231403988177E-15,0.));
#8060=DIRECTION('center_axis',(-0.638666898684477,-0.769483328295521,4.08136866882123E-14));
#8061=DIRECTION('ref_axis',(0.769483328295521,-0.638666898684477,0.));
#8062=DIRECTION('center_axis',(0.,0.,1.));
#8063=DIRECTION('ref_axis',(-1.,4.02455846426614E-15,0.));
#8064=DIRECTION('center_axis',(0.638666898684493,0.769483328295507,-1.6230374822807E-16));
#8065=DIRECTION('ref_axis',(0.757793147519038,-0.628964113416777,0.173648177666906));
#8066=DIRECTION('',(0.638666898684493,0.769483328295507,-1.6230374822807E-16));
#8067=DIRECTION('center_axis',(-0.638666898684484,-0.769483328295515,8.91561116975505E-14));
#8068=DIRECTION('ref_axis',(0.769483328295515,-0.638666898684483,0.));
#8069=DIRECTION('',(-0.638666898684493,-0.769483328295507,1.81289680128358E-16));
#8070=DIRECTION('center_axis',(0.,0.,1.));
#8071=DIRECTION('ref_axis',(1.,0.,0.));
#8072=DIRECTION('center_axis',(0.,0.,1.));
#8073=DIRECTION('ref_axis',(0.995712574426935,0.0925011844685574,0.));
#8074=DIRECTION('center_axis',(0.769483328295519,-0.638666898684479,-5.96355324910319E-14));
#8075=DIRECTION('ref_axis',(0.638666898684479,0.769483328295519,0.));
#8076=DIRECTION('center_axis',(0.,0.,-1.));
#8077=DIRECTION('ref_axis',(0.995712574426935,0.0925011844685563,0.));
#8078=DIRECTION('center_axis',(-0.769483328295507,0.638666898684494,0.));
#8079=DIRECTION('ref_axis',(0.628964113416744,0.757793147519057,0.173648177666945));
#8080=DIRECTION('',(-0.769483328295506,0.638666898684494,0.));
#8081=DIRECTION('center_axis',(0.769483328295519,-0.638666898684479,2.33787137340228E-14));
#8082=DIRECTION('ref_axis',(0.638666898684479,0.769483328295519,0.));
#8083=DIRECTION('',(0.769483328295506,-0.638666898684494,0.));
#8084=DIRECTION('center_axis',(0.,0.,1.));
#8085=DIRECTION('ref_axis',(1.,0.,0.));
#8086=DIRECTION('center_axis',(0.,0.,1.));
#8087=DIRECTION('ref_axis',(-0.0258791188551786,0.999665079517775,0.));
#8088=DIRECTION('center_axis',(0.735407436077646,0.677625193570681,5.25030435552187E-14));
#8089=DIRECTION('ref_axis',(-0.677625193570681,0.735407436077646,0.));
#8090=DIRECTION('center_axis',(0.,0.,-1.));
#8091=DIRECTION('ref_axis',(-0.0258791188551788,0.999665079517775,0.));
#8092=DIRECTION('center_axis',(-0.735407436077647,-0.67762519357068,0.));
#8093=DIRECTION('ref_axis',(-0.667330544264789,0.724234944672109,0.173648177666936));
#8094=DIRECTION('',(-0.735407436077647,-0.67762519357068,0.));
#8095=DIRECTION('center_axis',(0.735407436077646,0.677625193570681,5.25030435552187E-14));
#8096=DIRECTION('ref_axis',(-0.677625193570681,0.735407436077646,0.));
#8097=DIRECTION('',(0.735407436077647,0.67762519357068,0.));
#8098=DIRECTION('center_axis',(0.,0.,-1.));
#8099=DIRECTION('ref_axis',(-1.,0.,0.));
#8100=DIRECTION('center_axis',(1.,2.22044604925031E-14,3.91524547690211E-15));
#8101=DIRECTION('ref_axis',(-2.22044604925031E-14,1.,0.));
#8102=DIRECTION('center_axis',(-1.07641120247707E-16,2.75670388701559E-16,
1.));
#8103=DIRECTION('ref_axis',(0.363725558575662,-0.931506155663409,2.95940490597434E-16));
#8104=DIRECTION('center_axis',(-1.,0.,0.));
#8105=DIRECTION('ref_axis',(0.,0.984807753012213,0.173648177666901));
#8106=DIRECTION('center_axis',(1.,2.22044604925031E-14,-6.10062538143276E-14));
#8107=DIRECTION('ref_axis',(-2.22044604925031E-14,1.,0.));
#8108=DIRECTION('',(1.,0.,0.));
#8109=DIRECTION('center_axis',(0.,0.,-1.));
#8110=DIRECTION('ref_axis',(-1.,0.,0.));
#8111=DIRECTION('center_axis',(0.465079574142593,-0.885268879897709,-6.16167794176347E-14));
#8112=DIRECTION('ref_axis',(0.885268879897709,0.465079574142593,0.));
#8113=DIRECTION('center_axis',(2.29529220332834E-16,3.79860379162286E-16,
1.));
#8114=DIRECTION('ref_axis',(-0.517165556595465,-0.8558853819708,4.43821552703239E-16));
#8115=DIRECTION('center_axis',(-0.465079574142604,0.885268879897703,0.));
#8116=DIRECTION('ref_axis',(0.871819656423686,0.458013970383258,0.173648177666945));
#8117=DIRECTION('center_axis',(0.465079574142611,-0.8852688798977,-3.36811977524061E-15));
#8118=DIRECTION('ref_axis',(0.885268879897699,0.465079574142611,0.));
#8119=DIRECTION('',(0.465079574142604,-0.885268879897703,0.));
#8120=DIRECTION('center_axis',(0.,0.,1.));
#8121=DIRECTION('ref_axis',(1.,0.,0.));
#8122=DIRECTION('center_axis',(0.858777782564563,0.512348241114861,-7.13248893580431E-15));
#8123=DIRECTION('ref_axis',(-0.512348241114861,0.858777782564563,0.));
#8124=DIRECTION('center_axis',(0.,0.,-1.));
#8125=DIRECTION('ref_axis',(0.271140223014256,0.962539858636399,0.));
#8126=DIRECTION('center_axis',(-0.858777782564579,-0.512348241114834,0.));
#8127=DIRECTION('ref_axis',(-0.504564520092052,0.845731018384232,0.173648177666934));
#8128=DIRECTION('center_axis',(0.858777782564569,0.512348241114851,-9.11373586241527E-15));
#8129=DIRECTION('ref_axis',(-0.512348241114851,0.858777782564569,0.));
#8130=DIRECTION('center_axis',(0.,0.,1.));
#8131=DIRECTION('ref_axis',(-0.939399968805342,0.342823130212247,0.));
#8132=DIRECTION('center_axis',(-0.326915938292238,0.945053421395058,8.91561116975532E-15));
#8133=DIRECTION('ref_axis',(-0.945053421395058,-0.326915938292238,0.));
#8134=DIRECTION('center_axis',(0.326915938292244,-0.945053421395056,0.));
#8135=DIRECTION('ref_axis',(-0.930695936400566,-0.321949350613473,0.173648177666904));
#8136=DIRECTION('center_axis',(-0.326915938292228,0.945053421395062,-2.35768384266864E-14));
#8137=DIRECTION('ref_axis',(-0.945053421395062,-0.326915938292228,0.));
#8138=DIRECTION('center_axis',(0.,0.,-1.));
#8139=DIRECTION('ref_axis',(-1.,0.,0.));
#8140=DIRECTION('center_axis',(-5.5511151231259E-15,1.,9.78811369226269E-16));
#8141=DIRECTION('ref_axis',(-1.,-5.5511151231259E-15,0.));
#8142=DIRECTION('center_axis',(0.,-1.,0.));
#8143=DIRECTION('ref_axis',(-0.984807753012206,0.,0.173648177666941));
#8144=DIRECTION('center_axis',(0.,1.,0.));
#8145=DIRECTION('ref_axis',(-1.,0.,0.));
#8146=DIRECTION('center_axis',(0.,0.,-1.));
#8147=DIRECTION('ref_axis',(-1.,0.,0.));
#8148=DIRECTION('center_axis',(0.326915938292248,0.945053421395055,1.99115316124509E-14));
#8149=DIRECTION('ref_axis',(-0.945053421395055,0.326915938292248,0.));
#8150=DIRECTION('center_axis',(-0.326915938292244,-0.945053421395056,0.));
#8151=DIRECTION('ref_axis',(-0.930695936400573,0.321949350613453,0.173648177666905));
#8152=DIRECTION('center_axis',(0.326915938292238,0.945053421395058,-3.24924495964416E-14));
#8153=DIRECTION('ref_axis',(-0.945053421395058,0.326915938292238,0.));
#8154=DIRECTION('center_axis',(0.,0.,1.));
#8155=DIRECTION('ref_axis',(-0.939399968805339,-0.342823130212253,0.));
#8156=DIRECTION('center_axis',(-0.858777782564608,0.512348241114786,2.23880902707168E-14));
#8157=DIRECTION('ref_axis',(-0.512348241114786,-0.858777782564608,0.));
#8158=DIRECTION('center_axis',(0.858777782564579,-0.512348241114834,-1.6230374822807E-16));
#8159=DIRECTION('ref_axis',(-0.504564520092038,-0.845731018384238,0.173648177666945));
#8160=DIRECTION('center_axis',(-0.67762519357068,0.735407436077647,0.));
#8161=DIRECTION('ref_axis',(-0.735407436077647,-0.67762519357068,0.));
#8162=DIRECTION('',(0.,0.,1.));
#8163=DIRECTION('center_axis',(0.,0.,1.));
#8164=DIRECTION('ref_axis',(0.638666898684491,0.769483328295509,0.));
#8165=DIRECTION('',(0.,0.,1.));
#8166=DIRECTION('center_axis',(0.638666898684494,0.769483328295507,0.));
#8167=DIRECTION('ref_axis',(-0.769483328295507,0.638666898684494,0.));
#8168=DIRECTION('',(0.,0.,1.));
#8169=DIRECTION('center_axis',(0.,0.,1.));
#8170=DIRECTION('ref_axis',(0.769483328295512,-0.638666898684487,0.));
#8171=DIRECTION('',(0.,0.,1.));
#8172=DIRECTION('center_axis',(0.769483328295507,-0.638666898684493,0.));
#8173=DIRECTION('ref_axis',(0.638666898684493,0.769483328295507,0.));
#8174=DIRECTION('',(0.,0.,1.));
#8175=DIRECTION('center_axis',(0.,0.,1.));
#8176=DIRECTION('ref_axis',(-0.769483328295509,0.638666898684491,0.));
#8177=DIRECTION('',(0.,0.,1.));
#8178=DIRECTION('center_axis',(0.769483328295508,0.638666898684493,0.));
#8179=DIRECTION('ref_axis',(-0.638666898684493,0.769483328295508,0.));
#8180=DIRECTION('',(0.,0.,1.));
#8181=DIRECTION('center_axis',(0.,0.,1.));
#8182=DIRECTION('ref_axis',(0.638666898684505,-0.769483328295497,0.));
#8183=DIRECTION('',(0.,0.,1.));
#8184=DIRECTION('center_axis',(0.638666898684494,-0.769483328295507,0.));
#8185=DIRECTION('ref_axis',(0.769483328295507,0.638666898684494,0.));
#8186=DIRECTION('',(0.,0.,1.));
#8187=DIRECTION('center_axis',(0.,0.,1.));
#8188=DIRECTION('ref_axis',(-0.677625193570677,-0.73540743607765,0.));
#8189=DIRECTION('',(0.,0.,1.));
#8190=DIRECTION('center_axis',(-0.677625193570679,-0.735407436077648,0.));
#8191=DIRECTION('ref_axis',(0.735407436077648,-0.677625193570679,0.));
#8192=DIRECTION('',(0.,0.,1.));
#8193=DIRECTION('center_axis',(0.,0.,1.));
#8194=DIRECTION('ref_axis',(0.677625193570681,0.735407436077646,0.));
#8195=DIRECTION('',(0.,0.,1.));
#8196=DIRECTION('center_axis',(1.24742472603498E-16,-1.,0.));
#8197=DIRECTION('ref_axis',(1.,1.24742472603498E-16,0.));
#8198=DIRECTION('',(0.,0.,1.));
#8199=DIRECTION('center_axis',(0.,0.,1.));
#8200=DIRECTION('ref_axis',(-6.66133814775093E-16,1.,0.));
#8201=DIRECTION('center_axis',(0.,0.,1.));
#8202=DIRECTION('ref_axis',(-1.,0.,0.));
#8203=DIRECTION('center_axis',(0.,0.,1.));
#8204=DIRECTION('ref_axis',(1.,6.84637531852163E-15,0.));
#8205=DIRECTION('',(-0.326915938292244,0.945053421395056,0.));
#8206=DIRECTION('',(0.858777782564579,0.512348241114834,0.));
#8207=DIRECTION('',(0.465079574142607,-0.885268879897702,0.));
#8208=DIRECTION('center_axis',(0.,0.,1.));
#8209=DIRECTION('ref_axis',(-0.885268879897702,-0.465079574142606,0.));
#8210=DIRECTION('',(1.,0.,0.));
#8211=DIRECTION('center_axis',(0.,0.,1.));
#8212=DIRECTION('ref_axis',(0.,-1.,0.));
#8213=DIRECTION('',(0.735407436077648,0.677625193570679,0.));
#8214=DIRECTION('',(-0.638666898684492,-0.769483328295508,0.));
#8215=DIRECTION('center_axis',(0.,0.,1.));
#8216=DIRECTION('ref_axis',(-0.769483328295509,0.63866689868449,0.));
#8217=DIRECTION('',(0.638666898684491,-0.769483328295509,0.));
#8218=DIRECTION('',(-0.769483328295506,-0.638666898684494,0.));
#8219=DIRECTION('',(-0.735407436077649,0.677625193570678,0.));
#8220=DIRECTION('center_axis',(0.,0.,1.));
#8221=DIRECTION('ref_axis',(0.677625193570681,0.735407436077646,0.));
#8222=DIRECTION('',(-1.,-1.24742472603498E-16,0.));
#8223=DIRECTION('center_axis',(0.,0.,1.));
#8224=DIRECTION('ref_axis',(-6.05576195250085E-16,1.,0.));
#8225=DIRECTION('',(-0.858777782564579,0.512348241114834,0.));
#8226=DIRECTION('',(0.326915938292244,0.945053421395056,0.));
#8227=DIRECTION('center_axis',(0.,0.,1.));
#8228=DIRECTION('ref_axis',(0.945053421395056,-0.326915938292246,0.));
#8229=DIRECTION('',(0.,1.,0.));
#8230=DIRECTION('center_axis',(0.,0.,1.));
#8231=DIRECTION('ref_axis',(-1.,0.,0.));
#8232=DIRECTION('center_axis',(-0.63675939405699,-0.691056940953251,0.342020143325668));
#8233=DIRECTION('ref_axis',(0.735407436077648,-0.677625193570679,0.));
#8234=DIRECTION('',(0.231761465826128,0.251524156690039,0.939692620785909));
#8235=DIRECTION('',(0.231761465826128,0.251524156690039,0.939692620785909));
#8236=DIRECTION('center_axis',(0.,0.,1.));
#8237=DIRECTION('ref_axis',(0.677625193570681,0.735407436077646,0.));
#8238=DIRECTION('center_axis',(0.,0.,-1.));
#8239=DIRECTION('ref_axis',(0.885268879897696,0.465079574142617,0.));
#8240=DIRECTION('',(-0.302779789184365,-0.159066582606099,0.939692620785908));
#8241=DIRECTION('center_axis',(0.831880633851278,0.437031843900057,0.34202014332567));
#8242=DIRECTION('ref_axis',(-0.465079574142604,0.885268879897703,0.));
#8243=DIRECTION('',(-0.302779789184365,-0.159066582606097,0.939692620785909));
#8244=DIRECTION('center_axis',(0.,0.,1.));
#8245=DIRECTION('ref_axis',(-0.885268879897702,-0.465079574142606,0.));
#8246=DIRECTION('',(0.,-0.342020143325669,0.939692620785908));
#8247=DIRECTION('center_axis',(0.,0.939692620785908,0.342020143325669));
#8248=DIRECTION('ref_axis',(-1.,0.,0.));
#8249=DIRECTION('',(0.,-0.342020143325669,0.939692620785908));
#8250=DIRECTION('center_axis',(0.,0.,1.));
#8251=DIRECTION('ref_axis',(1.48029736616688E-16,-1.,0.));
#8252=DIRECTION('',(0.231761465826128,-0.251524156690039,0.939692620785909));
#8253=DIRECTION('center_axis',(-0.636759394056991,0.69105694095325,0.342020143325668));
#8254=DIRECTION('ref_axis',(-0.735407436077647,-0.67762519357068,0.));
#8255=DIRECTION('',(0.231761465826125,-0.251524156690042,0.939692620785909));
#8256=DIRECTION('center_axis',(0.,0.,-1.));
#8257=DIRECTION('ref_axis',(0.638666898684491,0.769483328295509,0.));
#8258=DIRECTION('',(-0.218436944225432,-0.263178798230342,0.939692620785908));
#8259=DIRECTION('center_axis',(0.60015057183404,0.723077805417068,0.342020143325669));
#8260=DIRECTION('ref_axis',(-0.769483328295507,0.638666898684494,0.));
#8261=DIRECTION('',(-0.218436944225432,-0.263178798230338,0.939692620785909));
#8262=DIRECTION('center_axis',(0.,0.,-1.));
#8263=DIRECTION('ref_axis',(0.769483328295512,-0.638666898684487,0.));
#8264=DIRECTION('',(-0.263178798230342,0.218436944225431,0.939692620785909));
#8265=DIRECTION('center_axis',(0.723077805417069,-0.60015057183404,0.342020143325669));
#8266=DIRECTION('ref_axis',(0.638666898684493,0.769483328295507,0.));
#8267=DIRECTION('',(-0.263178798230342,0.21843694422543,0.939692620785909));
#8268=DIRECTION('center_axis',(0.,0.,1.));
#8269=DIRECTION('ref_axis',(-0.769483328295509,0.638666898684491,0.));
#8270=DIRECTION('',(-0.263178798230342,-0.218436944225431,0.939692620785909));
#8271=DIRECTION('center_axis',(0.723077805417069,0.600150571834039,0.342020143325669));
#8272=DIRECTION('ref_axis',(-0.638666898684493,0.769483328295508,0.));
#8273=DIRECTION('',(-0.263178798230342,-0.218436944225429,0.939692620785909));
#8274=DIRECTION('center_axis',(0.,0.,-1.));
#8275=DIRECTION('ref_axis',(0.638666898684505,-0.769483328295497,0.));
#8276=DIRECTION('',(-0.218436944225432,0.263178798230342,0.939692620785908));
#8277=DIRECTION('center_axis',(0.60015057183404,-0.723077805417068,0.342020143325669));
#8278=DIRECTION('ref_axis',(0.769483328295507,0.638666898684494,0.));
#8279=DIRECTION('',(-0.218436944225429,0.263178798230342,0.939692620785909));
#8280=DIRECTION('center_axis',(0.,0.,-1.));
#8281=DIRECTION('ref_axis',(-0.677625193570677,-0.73540743607765,0.));
#8282=DIRECTION('center_axis',(0.,0.,1.));
#8283=DIRECTION('ref_axis',(1.,6.84637531852163E-15,0.));
#8284=DIRECTION('',(0.,0.,1.));
#8285=DIRECTION('',(0.,0.,1.));
#8286=DIRECTION('center_axis',(1.,0.,0.));
#8287=DIRECTION('ref_axis',(0.,1.,0.));
#8288=DIRECTION('',(0.,0.,1.));
#8289=DIRECTION('center_axis',(0.,0.,1.));
#8290=DIRECTION('ref_axis',(0.945053421395056,-0.326915938292246,0.));
#8291=DIRECTION('',(0.,0.,1.));
#8292=DIRECTION('center_axis',(0.945053421395056,-0.326915938292244,0.));
#8293=DIRECTION('ref_axis',(0.326915938292244,0.945053421395056,0.));
#8294=DIRECTION('',(0.,0.,1.));
#8295=DIRECTION('center_axis',(0.512348241114834,0.858777782564579,0.));
#8296=DIRECTION('ref_axis',(-0.858777782564579,0.512348241114834,0.));
#8297=DIRECTION('',(0.,0.,1.));
#8298=DIRECTION('center_axis',(0.,0.,1.));
#8299=DIRECTION('ref_axis',(-6.05576195250085E-16,1.,0.));
#8300=DIRECTION('',(0.,0.,1.));
#8301=DIRECTION('center_axis',(-1.24742472603498E-16,1.,0.));
#8302=DIRECTION('ref_axis',(-1.,-1.24742472603498E-16,0.));
#8303=DIRECTION('',(0.,0.,1.));
#8304=DIRECTION('center_axis',(0.,0.,1.));
#8305=DIRECTION('ref_axis',(0.677625193570681,0.735407436077646,0.));
#8306=DIRECTION('',(0.,0.,1.));
#8307=DIRECTION('center_axis',(0.677625193570678,0.735407436077649,0.));
#8308=DIRECTION('ref_axis',(-0.735407436077649,0.677625193570678,0.));
#8309=DIRECTION('',(0.,0.,1.));
#8310=DIRECTION('center_axis',(-0.638666898684494,0.769483328295506,0.));
#8311=DIRECTION('ref_axis',(-0.769483328295506,-0.638666898684494,0.));
#8312=DIRECTION('',(0.,0.,1.));
#8313=DIRECTION('center_axis',(-0.769483328295509,-0.638666898684491,0.));
#8314=DIRECTION('ref_axis',(0.638666898684491,-0.769483328295509,0.));
#8315=DIRECTION('',(0.,0.,1.));
#8316=DIRECTION('center_axis',(0.,0.,1.));
#8317=DIRECTION('ref_axis',(-0.769483328295509,0.63866689868449,0.));
#8318=DIRECTION('',(0.,0.,1.));
#8319=DIRECTION('center_axis',(-0.769483328295508,0.638666898684492,0.));
#8320=DIRECTION('ref_axis',(-0.638666898684492,-0.769483328295508,0.));
#8321=DIRECTION('center_axis',(0.677625193570679,-0.735407436077648,0.));
#8322=DIRECTION('ref_axis',(0.735407436077648,0.677625193570679,0.));
#8323=DIRECTION('',(0.,0.,1.));
#8324=DIRECTION('center_axis',(0.,0.,1.));
#8325=DIRECTION('ref_axis',(0.,-1.,0.));
#8326=DIRECTION('',(0.,0.,1.));
#8327=DIRECTION('center_axis',(0.,-1.,0.));
#8328=DIRECTION('ref_axis',(1.,0.,0.));
#8329=DIRECTION('',(0.,0.,1.));
#8330=DIRECTION('center_axis',(0.,0.,1.));
#8331=DIRECTION('ref_axis',(-0.885268879897702,-0.465079574142606,0.));
#8332=DIRECTION('',(0.,0.,1.));
#8333=DIRECTION('center_axis',(-0.885268879897702,-0.465079574142607,0.));
#8334=DIRECTION('ref_axis',(0.465079574142607,-0.885268879897702,0.));
#8335=DIRECTION('',(0.,0.,1.));
#8336=DIRECTION('center_axis',(0.512348241114834,-0.858777782564579,0.));
#8337=DIRECTION('ref_axis',(0.858777782564579,0.512348241114834,0.));
#8338=DIRECTION('',(0.,0.,-1.));
#8339=DIRECTION('',(0.,0.,1.));
#8340=DIRECTION('center_axis',(0.945053421395056,0.326915938292244,0.));
#8341=DIRECTION('ref_axis',(-0.326915938292244,0.945053421395056,0.));
#8342=DIRECTION('center_axis',(0.,0.,-1.));
#8343=DIRECTION('ref_axis',(-1.,0.,0.));
#8344=DIRECTION('center_axis',(0.,0.,-1.));
#8345=DIRECTION('ref_axis',(-1.,0.,0.));
#8346=DIRECTION('',(0.,0.,-1.));
#8347=DIRECTION('center_axis',(0.,1.,0.));
#8348=DIRECTION('ref_axis',(-1.,0.,0.));
#8349=DIRECTION('',(-1.,0.,0.));
#8350=DIRECTION('',(0.,0.,1.));
#8351=DIRECTION('',(-1.,0.,0.));
#8352=DIRECTION('',(0.,0.,1.));
#8353=DIRECTION('center_axis',(1.,0.,0.));
#8354=DIRECTION('ref_axis',(0.,1.,0.));
#8355=DIRECTION('',(0.,1.,0.));
#8356=DIRECTION('',(0.,0.,1.));
#8357=DIRECTION('',(0.,1.,0.));
#8358=DIRECTION('center_axis',(0.,-1.,0.));
#8359=DIRECTION('ref_axis',(1.,0.,0.));
#8360=DIRECTION('',(1.,0.,0.));
#8361=DIRECTION('',(0.,0.,1.));
#8362=DIRECTION('',(1.,0.,0.));
#8363=DIRECTION('center_axis',(-1.,0.,0.));
#8364=DIRECTION('ref_axis',(0.,-1.,0.));
#8365=DIRECTION('',(0.,-1.,0.));
#8366=DIRECTION('',(0.,-1.,0.));
#8367=DIRECTION('center_axis',(0.,0.,1.));
#8368=DIRECTION('ref_axis',(1.,0.,0.));
#8369=DIRECTION('center_axis',(0.,0.,1.));
#8370=DIRECTION('ref_axis',(-1.,0.,0.));
#8371=DIRECTION('center_axis',(0.,0.,1.));
#8372=DIRECTION('ref_axis',(1.,0.,0.));
#8373=DIRECTION('',(-0.508435480158289,0.861100088558937,0.));
#8374=DIRECTION('',(0.861100088558937,0.50843548015829,0.));
#8375=DIRECTION('',(-0.508435480158291,0.861100088558937,0.));
#8376=DIRECTION('center_axis',(0.,0.,1.));
#8377=DIRECTION('ref_axis',(-0.861100088558937,-0.50843548015829,0.));
#8378=DIRECTION('center_axis',(0.,0.,-1.));
#8379=DIRECTION('ref_axis',(1.,0.,0.));
#8380=DIRECTION('center_axis',(0.,0.,1.));
#8381=DIRECTION('ref_axis',(1.,0.,0.));
#8382=DIRECTION('',(0.508435480158289,-0.861100088558937,0.));
#8383=DIRECTION('center_axis',(0.,0.,1.));
#8384=DIRECTION('ref_axis',(-0.861100088558937,-0.50843548015829,0.));
#8385=DIRECTION('',(-0.508435480158291,0.861100088558937,0.));
#8386=DIRECTION('',(-0.861100088558937,-0.50843548015829,0.));
#8387=DIRECTION('center_axis',(0.,0.,-1.));
#8388=DIRECTION('ref_axis',(1.,0.,0.));
#8389=DIRECTION('center_axis',(-0.861100088558937,-0.508435480158289,0.));
#8390=DIRECTION('ref_axis',(0.508435480158289,-0.861100088558937,0.));
#8391=DIRECTION('',(0.,0.,1.));
#8392=DIRECTION('',(0.,0.,-1.));
#8393=DIRECTION('center_axis',(0.,0.,1.));
#8394=DIRECTION('ref_axis',(-0.861100088558937,-0.50843548015829,0.));
#8395=DIRECTION('',(0.,0.,1.));
#8396=DIRECTION('center_axis',(0.861100088558937,0.508435480158291,0.));
#8397=DIRECTION('ref_axis',(-0.508435480158291,0.861100088558937,0.));
#8398=DIRECTION('',(0.,0.,1.));
#8399=DIRECTION('center_axis',(-0.50843548015829,0.861100088558937,0.));
#8400=DIRECTION('ref_axis',(-0.861100088558937,-0.50843548015829,0.));
#8401=DIRECTION('center_axis',(0.,0.,1.));
#8402=DIRECTION('ref_axis',(1.,0.,0.));
#8403=DIRECTION('',(0.,0.,-1.));
#8404=DIRECTION('center_axis',(0.,0.,1.));
#8405=DIRECTION('ref_axis',(-1.,0.,0.));
#8406=DIRECTION('center_axis',(0.,0.,1.));
#8407=DIRECTION('ref_axis',(1.,-4.44089209850064E-15,0.));
#8408=DIRECTION('',(0.,1.,0.));
#8409=DIRECTION('center_axis',(0.,0.,1.));
#8410=DIRECTION('ref_axis',(0.,-1.,0.));
#8411=DIRECTION('',(1.,3.75653637900145E-16,0.));
#8412=DIRECTION('center_axis',(0.,0.,-1.));
#8413=DIRECTION('ref_axis',(-1.,0.,0.));
#8414=DIRECTION('',(1.,0.,0.));
#8415=DIRECTION('center_axis',(0.,0.,1.));
#8416=DIRECTION('ref_axis',(-1.,0.,0.));
#8417=DIRECTION('',(1.51556878516713E-16,-1.,0.));
#8418=DIRECTION('center_axis',(0.,0.,1.));
#8419=DIRECTION('ref_axis',(-3.88578058618803E-15,1.,0.));
#8420=DIRECTION('',(-1.,1.81260901979617E-16,0.));
#8421=DIRECTION('center_axis',(0.,0.,-1.));
#8422=DIRECTION('ref_axis',(-1.,0.,0.));
#8423=DIRECTION('center_axis',(0.,0.,-1.));
#8424=DIRECTION('ref_axis',(-1.,0.,0.));
#8425=DIRECTION('center_axis',(0.,0.,-1.));
#8426=DIRECTION('ref_axis',(-1.,0.,0.));
#8427=DIRECTION('center_axis',(0.,0.,1.));
#8428=DIRECTION('ref_axis',(-1.,0.,0.));
#8429=DIRECTION('',(0.,0.,1.));
#8430=DIRECTION('center_axis',(0.,0.,-1.));
#8431=DIRECTION('ref_axis',(-1.,0.,0.));
#8432=DIRECTION('',(0.,0.,1.));
#8433=DIRECTION('center_axis',(3.75653637900145E-16,-1.,0.));
#8434=DIRECTION('ref_axis',(1.,3.75653637900145E-16,0.));
#8435=DIRECTION('',(0.,0.,1.));
#8436=DIRECTION('',(1.,3.75653637900145E-16,0.));
#8437=DIRECTION('center_axis',(0.,0.,1.));
#8438=DIRECTION('ref_axis',(0.,-1.,0.));
#8439=DIRECTION('',(0.,0.,1.));
#8440=DIRECTION('center_axis',(0.,0.,1.));
#8441=DIRECTION('ref_axis',(0.,-1.,0.));
#8442=DIRECTION('center_axis',(1.,0.,0.));
#8443=DIRECTION('ref_axis',(0.,1.,0.));
#8444=DIRECTION('',(0.,0.,1.));
#8445=DIRECTION('',(0.,1.,0.));
#8446=DIRECTION('center_axis',(0.,0.,1.));
#8447=DIRECTION('ref_axis',(1.,-4.44089209850064E-15,0.));
#8448=DIRECTION('',(0.,0.,1.));
#8449=DIRECTION('center_axis',(0.,0.,1.));
#8450=DIRECTION('ref_axis',(1.,-4.44089209850064E-15,0.));
#8451=DIRECTION('center_axis',(0.,0.,1.));
#8452=DIRECTION('ref_axis',(-1.,0.,0.));
#8453=DIRECTION('center_axis',(0.,0.,-1.));
#8454=DIRECTION('ref_axis',(-1.,0.,0.));
#8455=DIRECTION('',(0.,0.,-1.));
#8456=DIRECTION('center_axis',(0.,0.,1.));
#8457=DIRECTION('ref_axis',(-1.,0.,0.));
#8458=DIRECTION('center_axis',(0.,0.,-1.));
#8459=DIRECTION('ref_axis',(-1.,0.,0.));
#8460=DIRECTION('',(0.,0.,-1.));
#8461=DIRECTION('center_axis',(0.,0.,1.));
#8462=DIRECTION('ref_axis',(-1.,0.,0.));
#8463=DIRECTION('center_axis',(0.,0.,-1.));
#8464=DIRECTION('ref_axis',(-1.,0.,0.));
#8465=DIRECTION('',(0.,0.,-1.));
#8466=DIRECTION('center_axis',(0.,-1.,0.));
#8467=DIRECTION('ref_axis',(1.,0.,0.));
#8468=DIRECTION('',(1.,0.,0.));
#8469=DIRECTION('',(0.,0.,1.));
#8470=DIRECTION('center_axis',(0.,0.,1.));
#8471=DIRECTION('ref_axis',(-1.,0.,0.));
#8472=DIRECTION('center_axis',(0.,0.,1.));
#8473=DIRECTION('ref_axis',(-1.,0.,0.));
#8474=DIRECTION('',(0.,0.,1.));
#8475=DIRECTION('center_axis',(-1.,-1.51556878516713E-16,0.));
#8476=DIRECTION('ref_axis',(1.51556878516713E-16,-1.,0.));
#8477=DIRECTION('',(1.51556878516713E-16,-1.,0.));
#8478=DIRECTION('',(0.,0.,1.));
#8479=DIRECTION('center_axis',(0.,0.,1.));
#8480=DIRECTION('ref_axis',(-3.88578058618803E-15,1.,0.));
#8481=DIRECTION('center_axis',(0.,0.,1.));
#8482=DIRECTION('ref_axis',(-3.88578058618803E-15,1.,0.));
#8483=DIRECTION('',(0.,0.,1.));
#8484=DIRECTION('center_axis',(1.81260901979617E-16,1.,0.));
#8485=DIRECTION('ref_axis',(-1.,1.81260901979617E-16,0.));
#8486=DIRECTION('',(-1.,1.81260901979617E-16,0.));
#8487=DIRECTION('center_axis',(0.,0.,1.));
#8488=DIRECTION('ref_axis',(-1.,0.,0.));
#8489=DIRECTION('center_axis',(0.,0.,1.));
#8490=DIRECTION('ref_axis',(-1.,0.,0.));
#8491=DIRECTION('center_axis',(0.,0.,1.));
#8492=DIRECTION('ref_axis',(0.,-1.,0.));
#8493=DIRECTION('',(1.,0.,0.));
#8494=DIRECTION('center_axis',(0.,0.,1.));
#8495=DIRECTION('ref_axis',(-1.,0.,0.));
#8496=DIRECTION('',(0.,-1.,0.));
#8497=DIRECTION('center_axis',(0.,0.,1.));
#8498=DIRECTION('ref_axis',(0.,1.,0.));
#8499=DIRECTION('',(-1.,1.67580833905684E-16,0.));
#8500=DIRECTION('center_axis',(0.,0.,1.));
#8501=DIRECTION('ref_axis',(1.,-8.88178419700136E-15,0.));
#8502=DIRECTION('',(0.,1.,0.));
#8503=DIRECTION('center_axis',(0.,0.,-1.));
#8504=DIRECTION('ref_axis',(1.,-4.44089209850064E-15,0.));
#8505=DIRECTION('',(1.,-1.81260901979617E-16,0.));
#8506=DIRECTION('center_axis',(0.,0.,-1.));
#8507=DIRECTION('ref_axis',(-3.88578058618803E-15,1.,0.));
#8508=DIRECTION('',(-1.51556878516713E-16,1.,0.));
#8509=DIRECTION('center_axis',(0.,0.,-1.));
#8510=DIRECTION('ref_axis',(-1.,0.,0.));
#8511=DIRECTION('',(-1.,0.,0.));
#8512=DIRECTION('center_axis',(0.,0.,-1.));
#8513=DIRECTION('ref_axis',(-1.,0.,0.));
#8514=DIRECTION('',(-1.,-3.75653637900145E-16,0.));
#8515=DIRECTION('center_axis',(0.,0.,-1.));
#8516=DIRECTION('ref_axis',(0.,-1.,0.));
#8517=DIRECTION('',(0.,-1.,0.));
#8518=DIRECTION('center_axis',(0.,0.,1.));
#8519=DIRECTION('ref_axis',(-1.,0.,0.));
#8520=DIRECTION('',(0.,0.,1.));
#8521=DIRECTION('center_axis',(0.,0.,-1.));
#8522=DIRECTION('ref_axis',(-1.,0.,0.));
#8523=DIRECTION('',(0.,0.,1.));
#8524=DIRECTION('center_axis',(1.,1.51556878516713E-16,0.));
#8525=DIRECTION('ref_axis',(-1.51556878516713E-16,1.,0.));
#8526=DIRECTION('',(0.,0.,1.));
#8527=DIRECTION('',(-1.51556878516713E-16,1.,0.));
#8528=DIRECTION('center_axis',(0.,0.,1.));
#8529=DIRECTION('ref_axis',(-3.88578058618803E-15,1.,0.));
#8530=DIRECTION('',(0.,0.,1.));
#8531=DIRECTION('center_axis',(0.,0.,-1.));
#8532=DIRECTION('ref_axis',(-3.88578058618803E-15,1.,0.));
#8533=DIRECTION('center_axis',(-1.81260901979617E-16,-1.,0.));
#8534=DIRECTION('ref_axis',(1.,-1.81260901979617E-16,0.));
#8535=DIRECTION('',(0.,0.,1.));
#8536=DIRECTION('',(1.,-1.81260901979617E-16,0.));
#8537=DIRECTION('center_axis',(0.,0.,1.));
#8538=DIRECTION('ref_axis',(1.,-4.44089209850064E-15,0.));
#8539=DIRECTION('',(0.,0.,1.));
#8540=DIRECTION('center_axis',(0.,0.,-1.));
#8541=DIRECTION('ref_axis',(1.,-4.44089209850064E-15,0.));
#8542=DIRECTION('center_axis',(-1.,0.,0.));
#8543=DIRECTION('ref_axis',(0.,-1.,0.));
#8544=DIRECTION('',(0.,0.,1.));
#8545=DIRECTION('',(0.,-1.,0.));
#8546=DIRECTION('',(0.,0.,1.));
#8547=DIRECTION('center_axis',(0.,0.,1.));
#8548=DIRECTION('ref_axis',(-1.,0.,0.));
#8549=DIRECTION('',(0.,0.,1.));
#8550=DIRECTION('center_axis',(0.,0.,1.));
#8551=DIRECTION('ref_axis',(-1.,0.,0.));
#8552=DIRECTION('center_axis',(0.,-1.,0.));
#8553=DIRECTION('ref_axis',(1.,0.,0.));
#8554=DIRECTION('',(0.,0.,1.));
#8555=DIRECTION('',(1.,0.,0.));
#8556=DIRECTION('center_axis',(0.,0.,1.));
#8557=DIRECTION('ref_axis',(0.,-1.,0.));
#8558=DIRECTION('',(0.,0.,1.));
#8559=DIRECTION('center_axis',(0.,0.,1.));
#8560=DIRECTION('ref_axis',(0.,-1.,0.));
#8561=DIRECTION('center_axis',(0.,1.,0.));
#8562=DIRECTION('ref_axis',(-1.,0.,0.));
#8563=DIRECTION('',(-1.,0.,0.));
#8564=DIRECTION('',(0.,0.,1.));
#8565=DIRECTION('center_axis',(0.,0.,1.));
#8566=DIRECTION('ref_axis',(-3.39190141383284E-15,-1.,0.));
#8567=DIRECTION('center_axis',(0.,0.,-1.));
#8568=DIRECTION('ref_axis',(-1.,0.,0.));
#8569=DIRECTION('',(0.,0.,1.));
#8570=DIRECTION('center_axis',(-3.75653637900145E-16,1.,0.));
#8571=DIRECTION('ref_axis',(-1.,-3.75653637900145E-16,0.));
#8572=DIRECTION('',(-1.,-3.75653637900145E-16,0.));
#8573=DIRECTION('',(0.,0.,1.));
#8574=DIRECTION('center_axis',(0.,0.,1.));
#8575=DIRECTION('ref_axis',(0.,-1.,0.));
#8576=DIRECTION('center_axis',(0.,0.,-1.));
#8577=DIRECTION('ref_axis',(0.,-1.,0.));
#8578=DIRECTION('',(0.,0.,1.));
#8579=DIRECTION('center_axis',(-1.,0.,0.));
#8580=DIRECTION('ref_axis',(0.,-1.,0.));
#8581=DIRECTION('',(0.,-1.,0.));
#8582=DIRECTION('center_axis',(0.,0.,1.));
#8583=DIRECTION('ref_axis',(0.,1.,0.));
#8584=DIRECTION('center_axis',(0.,0.,1.));
#8585=DIRECTION('ref_axis',(0.,1.,0.));
#8586=DIRECTION('',(0.,0.,1.));
#8587=DIRECTION('center_axis',(1.67580833905684E-16,1.,0.));
#8588=DIRECTION('ref_axis',(-1.,1.67580833905684E-16,0.));
#8589=DIRECTION('',(-1.,1.67580833905684E-16,0.));
#8590=DIRECTION('',(0.,0.,1.));
#8591=DIRECTION('center_axis',(0.,0.,1.));
#8592=DIRECTION('ref_axis',(1.,-8.88178419700136E-15,0.));
#8593=DIRECTION('center_axis',(0.,0.,1.));
#8594=DIRECTION('ref_axis',(1.,-8.88178419700136E-15,0.));
#8595=DIRECTION('',(0.,0.,1.));
#8596=DIRECTION('center_axis',(1.,0.,0.));
#8597=DIRECTION('ref_axis',(0.,1.,0.));
#8598=DIRECTION('',(0.,1.,0.));
#8599=DIRECTION('center_axis',(0.,0.,1.));
#8600=DIRECTION('ref_axis',(-1.,0.,0.));
#8601=DIRECTION('center_axis',(-1.81260901979617E-16,-1.,0.));
#8602=DIRECTION('ref_axis',(1.,-1.81260901979617E-16,0.));
#8603=DIRECTION('',(1.,-1.81260901979617E-16,0.));
#8604=DIRECTION('',(0.,0.,1.));
#8605=DIRECTION('',(1.,-1.81260901979617E-16,0.));
#8606=DIRECTION('',(0.,0.,1.));
#8607=DIRECTION('center_axis',(0.,0.,1.));
#8608=DIRECTION('ref_axis',(-3.88578058618803E-15,1.,0.));
#8609=DIRECTION('center_axis',(0.,0.,-1.));
#8610=DIRECTION('ref_axis',(-3.88578058618803E-15,1.,0.));
#8611=DIRECTION('center_axis',(0.,0.,-1.));
#8612=DIRECTION('ref_axis',(-3.88578058618803E-15,1.,0.));
#8613=DIRECTION('',(0.,0.,1.));
#8614=DIRECTION('center_axis',(1.,1.51556878516713E-16,0.));
#8615=DIRECTION('ref_axis',(-1.51556878516713E-16,1.,0.));
#8616=DIRECTION('',(-1.51556878516713E-16,1.,0.));
#8617=DIRECTION('',(-1.51556878516713E-16,1.,0.));
#8618=DIRECTION('',(0.,0.,1.));
#8619=DIRECTION('center_axis',(0.,0.,1.));
#8620=DIRECTION('ref_axis',(-1.,0.,0.));
#8621=DIRECTION('center_axis',(0.,0.,-1.));
#8622=DIRECTION('ref_axis',(-1.,0.,0.));
#8623=DIRECTION('center_axis',(0.,0.,-1.));
#8624=DIRECTION('ref_axis',(-1.,0.,0.));
#8625=DIRECTION('',(0.,0.,1.));
#8626=DIRECTION('center_axis',(0.,1.,0.));
#8627=DIRECTION('ref_axis',(-1.,0.,0.));
#8628=DIRECTION('',(-1.,0.,0.));
#8629=DIRECTION('',(-1.,0.,0.));
#8630=DIRECTION('',(0.,0.,1.));
#8631=DIRECTION('center_axis',(0.,0.,1.));
#8632=DIRECTION('ref_axis',(-1.83758917935762E-15,-1.,0.));
#8633=DIRECTION('center_axis',(0.,0.,-1.));
#8634=DIRECTION('ref_axis',(-1.,0.,0.));
#8635=DIRECTION('center_axis',(0.,0.,-1.));
#8636=DIRECTION('ref_axis',(-1.,0.,0.));
#8637=DIRECTION('',(0.,0.,1.));
#8638=DIRECTION('center_axis',(-3.75653637900145E-16,1.,0.));
#8639=DIRECTION('ref_axis',(-1.,-3.75653637900145E-16,0.));
#8640=DIRECTION('',(-1.,-3.75653637900145E-16,0.));
#8641=DIRECTION('',(-1.,-3.75653637900145E-16,0.));
#8642=DIRECTION('',(0.,0.,1.));
#8643=DIRECTION('center_axis',(0.,0.,1.));
#8644=DIRECTION('ref_axis',(0.,-1.,0.));
#8645=DIRECTION('center_axis',(0.,0.,-1.));
#8646=DIRECTION('ref_axis',(0.,-1.,0.));
#8647=DIRECTION('center_axis',(0.,0.,-1.));
#8648=DIRECTION('ref_axis',(0.,-1.,0.));
#8649=DIRECTION('',(0.,0.,1.));
#8650=DIRECTION('center_axis',(-1.,0.,0.));
#8651=DIRECTION('ref_axis',(0.,-1.,0.));
#8652=DIRECTION('',(0.,-1.,0.));
#8653=DIRECTION('',(0.,-1.,0.));
#8654=DIRECTION('',(0.,0.,1.));
#8655=DIRECTION('center_axis',(0.,0.,1.));
#8656=DIRECTION('ref_axis',(1.,-4.44089209850064E-15,0.));
#8657=DIRECTION('center_axis',(0.,0.,-1.));
#8658=DIRECTION('ref_axis',(1.,-4.44089209850064E-15,0.));
#8659=DIRECTION('center_axis',(0.,0.,-1.));
#8660=DIRECTION('ref_axis',(1.,-4.44089209850064E-15,0.));
#8661=DIRECTION('center_axis',(0.,-1.,0.));
#8662=DIRECTION('ref_axis',(1.,0.,0.));
#8663=DIRECTION('',(-1.,0.,0.));
#8664=DIRECTION('',(0.,0.,1.));
#8665=DIRECTION('',(1.,0.,0.));
#8666=DIRECTION('',(0.,0.,1.));
#8667=DIRECTION('center_axis',(0.,0.,1.));
#8668=DIRECTION('ref_axis',(-1.,0.,0.));
#8669=DIRECTION('center_axis',(0.,0.,1.));
#8670=DIRECTION('ref_axis',(-1.,0.,0.));
#8671=DIRECTION('center_axis',(0.,0.,1.));
#8672=DIRECTION('ref_axis',(-1.,0.,0.));
#8673=DIRECTION('',(0.,0.,1.));
#8674=DIRECTION('center_axis',(-1.,0.,0.));
#8675=DIRECTION('ref_axis',(0.,-1.,0.));
#8676=DIRECTION('',(0.,1.,0.));
#8677=DIRECTION('',(0.,-1.,0.));
#8678=DIRECTION('',(0.,0.,1.));
#8679=DIRECTION('center_axis',(0.,0.,1.));
#8680=DIRECTION('ref_axis',(0.,1.,0.));
#8681=DIRECTION('center_axis',(0.,0.,1.));
#8682=DIRECTION('ref_axis',(0.,1.,0.));
#8683=DIRECTION('center_axis',(0.,0.,1.));
#8684=DIRECTION('ref_axis',(0.,1.,0.));
#8685=DIRECTION('',(0.,0.,1.));
#8686=DIRECTION('center_axis',(1.67580833905684E-16,1.,0.));
#8687=DIRECTION('ref_axis',(-1.,1.67580833905684E-16,0.));
#8688=DIRECTION('',(1.,-1.67580833905684E-16,0.));
#8689=DIRECTION('',(-1.,1.67580833905684E-16,0.));
#8690=DIRECTION('',(0.,0.,1.));
#8691=DIRECTION('center_axis',(0.,0.,1.));
#8692=DIRECTION('ref_axis',(1.,-8.88178419700136E-15,0.));
#8693=DIRECTION('center_axis',(0.,0.,1.));
#8694=DIRECTION('ref_axis',(1.,-8.88178419700136E-15,0.));
#8695=DIRECTION('center_axis',(0.,0.,1.));
#8696=DIRECTION('ref_axis',(1.,-8.88178419700136E-15,0.));
#8697=DIRECTION('',(0.,0.,1.));
#8698=DIRECTION('center_axis',(1.,0.,0.));
#8699=DIRECTION('ref_axis',(0.,1.,0.));
#8700=DIRECTION('',(0.,-1.,0.));
#8701=DIRECTION('',(0.,1.,0.));
#8702=DIRECTION('',(0.,0.,1.));
#8703=DIRECTION('center_axis',(0.,0.,1.));
#8704=DIRECTION('ref_axis',(0.,-1.,0.));
#8705=DIRECTION('center_axis',(0.,0.,1.));
#8706=DIRECTION('ref_axis',(0.,-1.,0.));
#8707=DIRECTION('center_axis',(0.,0.,1.));
#8708=DIRECTION('ref_axis',(0.,-1.,0.));
#8709=DIRECTION('center_axis',(0.,0.,1.));
#8710=DIRECTION('ref_axis',(-1.,0.,0.));
#8711=DIRECTION('center_axis',(0.,0.,1.));
#8712=DIRECTION('ref_axis',(-1.,0.,0.));
#8713=DIRECTION('center_axis',(-1.81260901979617E-16,-1.,0.));
#8714=DIRECTION('ref_axis',(1.,-1.81260901979617E-16,0.));
#8715=DIRECTION('',(1.,-1.81260901979617E-16,0.));
#8716=DIRECTION('',(0.,0.,1.));
#8717=DIRECTION('',(1.,-1.81260901979617E-16,0.));
#8718=DIRECTION('',(0.,0.,1.));
#8719=DIRECTION('center_axis',(0.,0.,1.));
#8720=DIRECTION('ref_axis',(-3.88578058618803E-15,1.,0.));
#8721=DIRECTION('center_axis',(0.,0.,-1.));
#8722=DIRECTION('ref_axis',(-3.88578058618803E-15,1.,0.));
#8723=DIRECTION('center_axis',(0.,0.,-1.));
#8724=DIRECTION('ref_axis',(-3.88578058618803E-15,1.,0.));
#8725=DIRECTION('',(0.,0.,1.));
#8726=DIRECTION('center_axis',(1.,1.51556878516713E-16,0.));
#8727=DIRECTION('ref_axis',(-1.51556878516713E-16,1.,0.));
#8728=DIRECTION('',(-1.51556878516713E-16,1.,0.));
#8729=DIRECTION('',(-1.51556878516713E-16,1.,0.));
#8730=DIRECTION('',(0.,0.,1.));
#8731=DIRECTION('center_axis',(0.,0.,1.));
#8732=DIRECTION('ref_axis',(-1.,0.,0.));
#8733=DIRECTION('center_axis',(0.,0.,-1.));
#8734=DIRECTION('ref_axis',(-1.,0.,0.));
#8735=DIRECTION('center_axis',(0.,0.,-1.));
#8736=DIRECTION('ref_axis',(-1.,0.,0.));
#8737=DIRECTION('',(0.,0.,1.));
#8738=DIRECTION('center_axis',(0.,1.,0.));
#8739=DIRECTION('ref_axis',(-1.,0.,0.));
#8740=DIRECTION('',(-1.,0.,0.));
#8741=DIRECTION('',(-1.,0.,0.));
#8742=DIRECTION('',(0.,0.,1.));
#8743=DIRECTION('center_axis',(0.,0.,1.));
#8744=DIRECTION('ref_axis',(-1.83758917935762E-15,-1.,0.));
#8745=DIRECTION('center_axis',(0.,0.,-1.));
#8746=DIRECTION('ref_axis',(-1.,0.,0.));
#8747=DIRECTION('center_axis',(0.,0.,-1.));
#8748=DIRECTION('ref_axis',(-1.,0.,0.));
#8749=DIRECTION('',(0.,0.,1.));
#8750=DIRECTION('center_axis',(-3.75653637900145E-16,1.,0.));
#8751=DIRECTION('ref_axis',(-1.,-3.75653637900145E-16,0.));
#8752=DIRECTION('',(-1.,-3.75653637900145E-16,0.));
#8753=DIRECTION('',(-1.,-3.75653637900145E-16,0.));
#8754=DIRECTION('',(0.,0.,1.));
#8755=DIRECTION('center_axis',(0.,0.,1.));
#8756=DIRECTION('ref_axis',(0.,-1.,0.));
#8757=DIRECTION('center_axis',(0.,0.,-1.));
#8758=DIRECTION('ref_axis',(0.,-1.,0.));
#8759=DIRECTION('center_axis',(0.,0.,-1.));
#8760=DIRECTION('ref_axis',(0.,-1.,0.));
#8761=DIRECTION('',(0.,0.,1.));
#8762=DIRECTION('center_axis',(-1.,0.,0.));
#8763=DIRECTION('ref_axis',(0.,-1.,0.));
#8764=DIRECTION('',(0.,-1.,0.));
#8765=DIRECTION('',(0.,-1.,0.));
#8766=DIRECTION('',(0.,0.,1.));
#8767=DIRECTION('center_axis',(0.,0.,1.));
#8768=DIRECTION('ref_axis',(1.,-4.44089209850064E-15,0.));
#8769=DIRECTION('center_axis',(0.,0.,-1.));
#8770=DIRECTION('ref_axis',(1.,-4.44089209850064E-15,0.));
#8771=DIRECTION('center_axis',(0.,0.,-1.));
#8772=DIRECTION('ref_axis',(1.,-4.44089209850064E-15,0.));
#8773=DIRECTION('center_axis',(0.,-1.,0.));
#8774=DIRECTION('ref_axis',(1.,0.,0.));
#8775=DIRECTION('',(-1.,0.,0.));
#8776=DIRECTION('',(0.,0.,1.));
#8777=DIRECTION('',(1.,0.,0.));
#8778=DIRECTION('',(0.,0.,1.));
#8779=DIRECTION('center_axis',(0.,0.,1.));
#8780=DIRECTION('ref_axis',(-1.,0.,0.));
#8781=DIRECTION('center_axis',(0.,0.,1.));
#8782=DIRECTION('ref_axis',(-1.,0.,0.));
#8783=DIRECTION('center_axis',(0.,0.,1.));
#8784=DIRECTION('ref_axis',(-1.,0.,0.));
#8785=DIRECTION('',(0.,0.,1.));
#8786=DIRECTION('center_axis',(-1.,0.,0.));
#8787=DIRECTION('ref_axis',(0.,-1.,0.));
#8788=DIRECTION('',(0.,1.,0.));
#8789=DIRECTION('',(0.,-1.,0.));
#8790=DIRECTION('',(0.,0.,1.));
#8791=DIRECTION('center_axis',(0.,0.,1.));
#8792=DIRECTION('ref_axis',(0.,1.,0.));
#8793=DIRECTION('center_axis',(0.,0.,1.));
#8794=DIRECTION('ref_axis',(0.,1.,0.));
#8795=DIRECTION('center_axis',(0.,0.,1.));
#8796=DIRECTION('ref_axis',(0.,1.,0.));
#8797=DIRECTION('',(0.,0.,1.));
#8798=DIRECTION('center_axis',(1.67580833905684E-16,1.,0.));
#8799=DIRECTION('ref_axis',(-1.,1.67580833905684E-16,0.));
#8800=DIRECTION('',(1.,-1.67580833905684E-16,0.));
#8801=DIRECTION('',(-1.,1.67580833905684E-16,0.));
#8802=DIRECTION('',(0.,0.,1.));
#8803=DIRECTION('center_axis',(0.,0.,1.));
#8804=DIRECTION('ref_axis',(1.,-8.88178419700136E-15,0.));
#8805=DIRECTION('center_axis',(0.,0.,1.));
#8806=DIRECTION('ref_axis',(1.,-8.88178419700136E-15,0.));
#8807=DIRECTION('center_axis',(0.,0.,1.));
#8808=DIRECTION('ref_axis',(1.,-8.88178419700136E-15,0.));
#8809=DIRECTION('',(0.,0.,1.));
#8810=DIRECTION('center_axis',(1.,0.,0.));
#8811=DIRECTION('ref_axis',(0.,1.,0.));
#8812=DIRECTION('',(0.,-1.,0.));
#8813=DIRECTION('',(0.,1.,0.));
#8814=DIRECTION('',(0.,0.,1.));
#8815=DIRECTION('center_axis',(0.,0.,1.));
#8816=DIRECTION('ref_axis',(0.,-1.,0.));
#8817=DIRECTION('center_axis',(0.,0.,1.));
#8818=DIRECTION('ref_axis',(0.,-1.,0.));
#8819=DIRECTION('center_axis',(0.,0.,1.));
#8820=DIRECTION('ref_axis',(0.,-1.,0.));
#8821=DIRECTION('center_axis',(0.,0.,1.));
#8822=DIRECTION('ref_axis',(-1.,0.,0.));
#8823=DIRECTION('center_axis',(0.,0.,1.));
#8824=DIRECTION('ref_axis',(-1.,0.,0.));
#8825=CARTESIAN_POINT('',(0.,0.,0.));
#8826=CARTESIAN_POINT('Origin',(-75.,-35.,0.));
#8827=CARTESIAN_POINT('',(-76.6,-35.,10.));
#8828=CARTESIAN_POINT('Origin',(-75.,-35.,10.));
#8829=CARTESIAN_POINT('',(-76.6,-35.,0.));
#8830=CARTESIAN_POINT('',(-76.6,-35.,0.));
#8831=CARTESIAN_POINT('Origin',(-75.,-35.,0.));
#8832=CARTESIAN_POINT('Origin',(-74.7909392776979,-39.4161053623781,0.));
#8833=CARTESIAN_POINT('',(-71.3867169742029,-33.6506223435668,0.));
#8834=CARTESIAN_POINT('',(-74.7909392776979,-39.4161053623781,0.));
#8835=CARTESIAN_POINT('',(-71.3867169742029,-33.6506223435668,0.));
#8836=CARTESIAN_POINT('',(-71.3867169742029,-33.6506223435668,10.));
#8837=CARTESIAN_POINT('',(-71.3867169742029,-33.6506223435668,0.));
#8838=CARTESIAN_POINT('',(-74.7909392776979,-39.4161053623781,10.));
#8839=CARTESIAN_POINT('',(-71.3867169742029,-33.6506223435668,10.));
#8840=CARTESIAN_POINT('',(-74.7909392776979,-39.4161053623781,0.));
#8841=CARTESIAN_POINT('Origin',(-74.8025952554387,-39.4356426495485,0.));
#8842=CARTESIAN_POINT('',(-74.8025952554387,-39.4356426495485,0.));
#8843=CARTESIAN_POINT('',(-74.7909392776979,-39.4161053623781,0.));
#8844=CARTESIAN_POINT('',(-74.8025952554387,-39.4356426495485,10.));
#8845=CARTESIAN_POINT('',(-74.7909392776979,-39.4161053623781,10.));
#8846=CARTESIAN_POINT('',(-74.8025952554387,-39.4356426495485,0.));
#8847=CARTESIAN_POINT('Origin',(-75.6922174169976,-31.1084449427754,0.));
#8848=CARTESIAN_POINT('',(-75.6922174169976,-31.1084449427754,0.));
#8849=CARTESIAN_POINT('',(-79.0964397204926,-36.8739279615867,0.));
#8850=CARTESIAN_POINT('',(-75.6922174169976,-31.1084449427754,0.));
#8851=CARTESIAN_POINT('',(-79.0964397204926,-36.8739279615867,10.));
#8852=CARTESIAN_POINT('',(-79.0964397204926,-36.8739279615867,0.));
#8853=CARTESIAN_POINT('',(-75.6922174169976,-31.1084449427754,10.));
#8854=CARTESIAN_POINT('',(-75.6922174169976,-31.1084449427754,10.));
#8855=CARTESIAN_POINT('',(-75.6922174169976,-31.1084449427754,0.));
#8856=CARTESIAN_POINT('Origin',(-73.5394671956003,-32.3795336431711,0.));
#8857=CARTESIAN_POINT('Origin',(-73.5394671956003,-32.3795336431711,0.));
#8858=CARTESIAN_POINT('Origin',(-73.5394671956003,-32.3795336431711,10.));
#8859=CARTESIAN_POINT('Origin',(-75.0679534580464,-34.6575881463598,10.));
#8860=CARTESIAN_POINT('',(-65.2860160160961,-45.113249515607,10.));
#8861=CARTESIAN_POINT('Origin',(77.5659333929641,42.8534642911507,0.));
#8862=CARTESIAN_POINT('',(77.5437406206232,42.8246220418182,0.));
#8863=CARTESIAN_POINT('',(77.5437406206232,42.8246220418182,10.));
#8864=CARTESIAN_POINT('',(77.5437406206232,42.8246220418182,0.));
#8865=CARTESIAN_POINT('',(70.6256622143997,33.8337244996147,0.));
#8866=CARTESIAN_POINT('',(70.6256622143997,33.8337244996147,0.));
#8867=CARTESIAN_POINT('',(70.6256622143997,33.8337244996147,10.));
#8868=CARTESIAN_POINT('',(70.6256622143997,33.8337244996147,0.));
#8869=CARTESIAN_POINT('',(70.6256622143997,33.8337244996147,10.));
#8870=CARTESIAN_POINT('Origin',(75.,35.,0.));
#8871=CARTESIAN_POINT('',(73.4,35.,10.));
#8872=CARTESIAN_POINT('Origin',(75.,35.,10.));
#8873=CARTESIAN_POINT('',(73.4,35.,0.));
#8874=CARTESIAN_POINT('',(73.4,35.,0.));
#8875=CARTESIAN_POINT('Origin',(75.,35.,0.));
#8876=CARTESIAN_POINT('Origin',(75.3808940414394,30.1747942910553,0.));
#8877=CARTESIAN_POINT('',(82.1637905235639,38.9900062226362,10.));
#8878=CARTESIAN_POINT('',(82.1637905235639,38.9900062226362,0.));
#8879=CARTESIAN_POINT('',(82.1637905235639,38.9900062226362,0.));
#8880=CARTESIAN_POINT('',(75.3808940414394,30.1747942910553,10.));
#8881=CARTESIAN_POINT('',(75.3808940414394,30.1747942910553,10.));
#8882=CARTESIAN_POINT('',(75.3808940414394,30.1747942910553,0.));
#8883=CARTESIAN_POINT('',(75.3808940414394,30.1747942910553,0.));
#8884=CARTESIAN_POINT('',(75.3808940414394,30.1747942910553,0.));
#8885=CARTESIAN_POINT('Origin',(73.0032781279196,32.004259395335,0.));
#8886=CARTESIAN_POINT('Origin',(73.0032781279196,32.004259395335,0.));
#8887=CARTESIAN_POINT('Origin',(73.0032781279196,32.004259395335,10.));
#8888=CARTESIAN_POINT('Origin',(76.1622216739617,35.9288618432428,10.));
#8889=CARTESIAN_POINT('',(73.1665298911285,46.4576826926414,10.));
#8890=CARTESIAN_POINT('Origin',(66.2184461345781,52.2245537104005,0.));
#8891=CARTESIAN_POINT('',(98.5050198874794,25.4268763993272,0.));
#8892=CARTESIAN_POINT('',(66.2184461345781,52.2245537104005,0.));
#8893=CARTESIAN_POINT('',(98.5050198874794,25.4268763993272,57.5));
#8894=CARTESIAN_POINT('',(98.5050198874794,25.4268763993272,0.));
#8895=CARTESIAN_POINT('',(66.2184461345781,52.2245537104005,57.5));
#8896=CARTESIAN_POINT('',(66.2184461345781,52.2245537104005,57.5));
#8897=CARTESIAN_POINT('',(66.2184461345781,52.2245537104005,0.));
#8898=CARTESIAN_POINT('',(66.2184461345781,52.2245537104005,0.));
#8899=CARTESIAN_POINT('',(66.2184461345781,52.2245537104005,0.));
#8900=CARTESIAN_POINT('',(95.4270865742974,27.9815439940651,43.));
#8901=CARTESIAN_POINT('',(77.7289700235008,42.6708826638085,43.));
#8902=CARTESIAN_POINT('',(71.9737080790394,47.4477181871045,43.));
#8903=CARTESIAN_POINT('',(76.9594866952052,43.309549562493,44.));
#8904=CARTESIAN_POINT('Origin',(77.7289700235008,42.6708826638085,44.));
#8905=CARTESIAN_POINT('',(76.9594866952052,43.309549562493,54.));
#8906=CARTESIAN_POINT('',(76.9594866952052,43.309549562493,27.));
#8907=CARTESIAN_POINT('',(77.7289700235008,42.6708826638085,55.));
#8908=CARTESIAN_POINT('Origin',(77.7289700235008,42.6708826638085,54.));
#8909=CARTESIAN_POINT('',(95.4270865742974,27.9815439940651,55.));
#8910=CARTESIAN_POINT('',(80.8227663544377,40.1030488522328,55.));
#8911=CARTESIAN_POINT('',(96.1965699025929,27.3428770953806,54.));
#8912=CARTESIAN_POINT('Origin',(95.4270865742974,27.9815439940651,54.));
#8913=CARTESIAN_POINT('',(96.1965699025929,27.3428770953806,44.));
#8914=CARTESIAN_POINT('',(96.1965699025929,27.3428770953806,22.));
#8915=CARTESIAN_POINT('Origin',(95.4270865742974,27.9815439940651,44.));
#8916=CARTESIAN_POINT('Origin',(75.,-35.,0.));
#8917=CARTESIAN_POINT('',(73.4,-35.,10.));
#8918=CARTESIAN_POINT('Origin',(75.,-35.,10.));
#8919=CARTESIAN_POINT('',(73.4,-35.,0.));
#8920=CARTESIAN_POINT('',(73.4,-35.,0.));
#8921=CARTESIAN_POINT('Origin',(75.,-35.,0.));
#8922=CARTESIAN_POINT('Origin',(82.1637905235639,-38.9900062226362,0.));
#8923=CARTESIAN_POINT('',(75.3808940414394,-30.1747942910553,0.));
#8924=CARTESIAN_POINT('',(82.1637905235639,-38.9900062226362,0.));
#8925=CARTESIAN_POINT('',(75.3808940414394,-30.1747942910553,0.));
#8926=CARTESIAN_POINT('',(75.3808940414394,-30.1747942910553,10.));
#8927=CARTESIAN_POINT('',(75.3808940414394,-30.1747942910553,0.));
#8928=CARTESIAN_POINT('',(82.1637905235639,-38.9900062226362,10.));
#8929=CARTESIAN_POINT('',(75.3808940414394,-30.1747942910553,10.));
#8930=CARTESIAN_POINT('',(82.1637905235639,-38.9900062226362,0.));
#8931=CARTESIAN_POINT('Origin',(70.6256622143997,-33.8337244996147,0.));
#8932=CARTESIAN_POINT('',(70.6256622143997,-33.8337244996147,0.));
#8933=CARTESIAN_POINT('',(77.5437406206232,-42.8246220418182,0.));
#8934=CARTESIAN_POINT('',(70.6256622143997,-33.8337244996147,0.));
#8935=CARTESIAN_POINT('',(77.5437406206232,-42.8246220418182,10.));
#8936=CARTESIAN_POINT('',(77.5437406206232,-42.8246220418182,0.));
#8937=CARTESIAN_POINT('',(70.6256622143997,-33.8337244996147,10.));
#8938=CARTESIAN_POINT('',(70.6256622143997,-33.8337244996147,10.));
#8939=CARTESIAN_POINT('',(70.6256622143997,-33.8337244996147,0.));
#8940=CARTESIAN_POINT('Origin',(73.0032781279196,-32.004259395335,0.));
#8941=CARTESIAN_POINT('Origin',(73.0032781279196,-32.004259395335,0.));
#8942=CARTESIAN_POINT('Origin',(73.0032781279196,-32.004259395335,10.));
#8943=CARTESIAN_POINT('Origin',(76.0835343257418,-35.9144407185766,10.));
#8944=CARTESIAN_POINT('',(89.2900647816644,-33.0752380759658,10.));
#8945=CARTESIAN_POINT('Origin',(-87.2627889225052,4.50000008195639,56.000000834465));
#8946=CARTESIAN_POINT('',(-85.2627889225052,-4.49999991804361,56.000000834465));
#8947=CARTESIAN_POINT('',(-85.2627889225052,4.50000008195639,56.000000834465));
#8948=CARTESIAN_POINT('',(-85.2627889225052,-1.52431121995654,56.000000834465));
#8949=CARTESIAN_POINT('',(-87.2627889225052,-4.49999991804361,56.000000834465));
#8950=CARTESIAN_POINT('',(-87.2627889225052,-4.49999991804361,56.000000834465));
#8951=CARTESIAN_POINT('',(-87.2627889225052,4.50000008195639,56.000000834465));
#8952=CARTESIAN_POINT('',(-87.2627889225052,6.02431130191295,56.000000834465));
#8953=CARTESIAN_POINT('',(-87.2627889225052,4.50000008195639,56.000000834465));
#8954=CARTESIAN_POINT('Origin',(-87.2627889225052,4.50000008195639,55.000000834465));
#8955=CARTESIAN_POINT('',(-85.2627889225052,5.50000008195639,55.000000834465));
#8956=CARTESIAN_POINT('Origin',(-85.2627889225052,4.50000008195639,55.000000834465));
#8957=CARTESIAN_POINT('',(-87.2627889225052,5.50000008195639,55.000000834465));
#8958=CARTESIAN_POINT('Origin',(-87.2627889225052,4.50000008195639,55.000000834465));
#8959=CARTESIAN_POINT('',(-87.2627889225052,5.50000008195639,55.000000834465));
#8960=CARTESIAN_POINT('Origin',(-87.2627889225052,5.50000008195639,46.000000834465));
#8961=CARTESIAN_POINT('',(-85.2627889225052,5.50000008195639,46.000000834465));
#8962=CARTESIAN_POINT('',(-85.2627889225052,5.50000008195639,23.0000004172325));
#8963=CARTESIAN_POINT('',(-87.2627889225052,5.50000008195639,46.000000834465));
#8964=CARTESIAN_POINT('',(-87.2627889225052,5.50000008195639,23.0000004172325));
#8965=CARTESIAN_POINT('',(-87.2627889225052,5.50000008195639,46.000000834465));
#8966=CARTESIAN_POINT('Origin',(-87.2627889225052,4.50000008195639,46.000000834465));
#8967=CARTESIAN_POINT('',(-85.2627889225052,4.50000008195639,45.000000834465));
#8968=CARTESIAN_POINT('Origin',(-85.2627889225052,4.50000008195639,46.000000834465));
#8969=CARTESIAN_POINT('',(-87.2627889225052,4.50000008195639,45.000000834465));
#8970=CARTESIAN_POINT('Origin',(-87.2627889225052,4.50000008195639,46.000000834465));
#8971=CARTESIAN_POINT('',(-87.2627889225052,4.50000008195639,45.000000834465));
#8972=CARTESIAN_POINT('Origin',(-87.2627889225052,-4.49999991804361,45.000000834465));
#8973=CARTESIAN_POINT('',(-85.2627889225052,-4.49999991804361,45.000000834465));
#8974=CARTESIAN_POINT('',(-85.2627889225052,-6.02431121995654,45.000000834465));
#8975=CARTESIAN_POINT('',(-87.2627889225052,-4.49999991804361,45.000000834465));
#8976=CARTESIAN_POINT('',(-87.2627889225052,1.52431130191295,45.000000834465));
#8977=CARTESIAN_POINT('',(-87.2627889225052,-4.49999991804361,45.000000834465));
#8978=CARTESIAN_POINT('Origin',(-87.2627889225052,-4.49999991804362,46.000000834465));
#8979=CARTESIAN_POINT('',(-85.2627889225052,-5.49999991804362,46.000000834465));
#8980=CARTESIAN_POINT('Origin',(-85.2627889225052,-4.49999991804362,46.000000834465));
#8981=CARTESIAN_POINT('',(-87.2627889225052,-5.49999991804362,46.000000834465));
#8982=CARTESIAN_POINT('Origin',(-87.2627889225052,-4.49999991804362,46.000000834465));
#8983=CARTESIAN_POINT('',(-87.2627889225052,-5.49999991804362,46.000000834465));
#8984=CARTESIAN_POINT('Origin',(-87.2627889225052,-5.49999991804362,55.000000834465));
#8985=CARTESIAN_POINT('',(-85.2627889225052,-5.49999991804362,55.000000834465));
#8986=CARTESIAN_POINT('',(-85.2627889225052,-5.49999991804361,27.5000004172325));
#8987=CARTESIAN_POINT('',(-87.2627889225052,-5.49999991804362,55.000000834465));
#8988=CARTESIAN_POINT('',(-87.2627889225052,-5.49999991804361,27.5000004172325));
#8989=CARTESIAN_POINT('',(-87.2627889225052,-5.49999991804362,55.000000834465));
#8990=CARTESIAN_POINT('Origin',(-87.2627889225052,-4.49999991804362,55.000000834465));
#8991=CARTESIAN_POINT('Origin',(-85.2627889225052,-4.49999991804362,55.000000834465));
#8992=CARTESIAN_POINT('Origin',(-87.2627889225052,-4.49999991804362,55.000000834465));
#8993=CARTESIAN_POINT('Origin',(96.7044203716664,29.5205106506561,55.));
#8994=CARTESIAN_POINT('',(79.0063038208697,44.2098493203995,55.));
#8995=CARTESIAN_POINT('',(79.0063038208697,44.2098493203995,55.));
#8996=CARTESIAN_POINT('',(96.7044203716664,29.5205106506561,55.));
#8997=CARTESIAN_POINT('',(98.2433870282574,28.2431768532872,55.));
#8998=CARTESIAN_POINT('',(96.7044203716664,29.5205106506561,55.));
#8999=CARTESIAN_POINT('Origin',(96.7044203716664,29.5205106506561,54.));
#9000=CARTESIAN_POINT('',(97.4739036999619,28.8818437519716,54.));
#9001=CARTESIAN_POINT('Origin',(96.7044203716664,29.5205106506561,54.));
#9002=CARTESIAN_POINT('',(97.4739036999619,28.8818437519716,54.));
#9003=CARTESIAN_POINT('Origin',(97.4739036999619,28.8818437519716,44.));
#9004=CARTESIAN_POINT('',(97.4739036999619,28.8818437519716,44.));
#9005=CARTESIAN_POINT('',(97.4739036999619,28.8818437519716,22.));
#9006=CARTESIAN_POINT('',(97.4739036999619,28.8818437519716,44.));
#9007=CARTESIAN_POINT('Origin',(96.7044203716664,29.5205106506561,44.));
#9008=CARTESIAN_POINT('',(96.7044203716664,29.5205106506561,43.));
#9009=CARTESIAN_POINT('Origin',(96.7044203716664,29.5205106506561,44.));
#9010=CARTESIAN_POINT('',(96.7044203716664,29.5205106506561,43.));
#9011=CARTESIAN_POINT('Origin',(79.0063038208697,44.2098493203995,43.));
#9012=CARTESIAN_POINT('',(79.0063038208697,44.2098493203995,43.));
#9013=CARTESIAN_POINT('',(89.3943287528591,35.5878461881588,43.));
#9014=CARTESIAN_POINT('',(79.0063038208697,44.2098493203995,43.));
#9015=CARTESIAN_POINT('Origin',(79.0063038208697,44.2098493203995,44.));
#9016=CARTESIAN_POINT('',(78.2368204925743,44.848516219084,44.));
#9017=CARTESIAN_POINT('Origin',(79.0063038208698,44.2098493203995,44.));
#9018=CARTESIAN_POINT('',(78.2368204925743,44.848516219084,44.));
#9019=CARTESIAN_POINT('Origin',(78.2368204925743,44.848516219084,54.));
#9020=CARTESIAN_POINT('',(78.2368204925743,44.848516219084,54.));
#9021=CARTESIAN_POINT('',(78.2368204925742,44.848516219084,27.));
#9022=CARTESIAN_POINT('',(78.2368204925743,44.848516219084,54.));
#9023=CARTESIAN_POINT('Origin',(79.0063038208697,44.2098493203995,54.));
#9024=CARTESIAN_POINT('Origin',(79.0063038208698,44.2098493203995,54.));
#9025=CARTESIAN_POINT('Origin',(78.2368204925742,-44.848516219084,44.0000008195639));
#9026=CARTESIAN_POINT('',(76.9594866952052,-43.309549562493,54.0000008195639));
#9027=CARTESIAN_POINT('',(76.9594866952052,-43.309549562493,44.0000008195639));
#9028=CARTESIAN_POINT('',(76.9594866952052,-43.309549562493,22.0000004097819));
#9029=CARTESIAN_POINT('',(78.2368204925742,-44.848516219084,54.0000008195639));
#9030=CARTESIAN_POINT('',(78.2368204925742,-44.848516219084,54.0000008195639));
#9031=CARTESIAN_POINT('',(78.2368204925742,-44.848516219084,44.0000008195639));
#9032=CARTESIAN_POINT('',(78.2368204925742,-44.848516219084,22.0000004097819));
#9033=CARTESIAN_POINT('',(78.2368204925742,-44.848516219084,44.0000008195639));
#9034=CARTESIAN_POINT('Origin',(79.0063038208697,-44.2098493203995,44.0000008195639));
#9035=CARTESIAN_POINT('',(77.7289700235007,-42.6708826638085,43.0000008195639));
#9036=CARTESIAN_POINT('Origin',(77.7289700235008,-42.6708826638085,44.0000008195639));
#9037=CARTESIAN_POINT('',(79.0063038208697,-44.2098493203995,43.0000008195639));
#9038=CARTESIAN_POINT('Origin',(79.0063038208697,-44.2098493203995,44.0000008195639));
#9039=CARTESIAN_POINT('',(79.0063038208697,-44.2098493203995,43.0000008195639));
#9040=CARTESIAN_POINT('Origin',(96.7044203716664,-29.5205106506562,43.0000008195639));
#9041=CARTESIAN_POINT('',(95.4270865742974,-27.9815439940651,43.0000008195639));
#9042=CARTESIAN_POINT('',(96.9660532308884,-26.7042101966961,43.0000008195639));
#9043=CARTESIAN_POINT('',(96.7044203716664,-29.5205106506562,43.0000008195639));
#9044=CARTESIAN_POINT('',(82.1001001518067,-41.6420155088238,43.0000008195639));
#9045=CARTESIAN_POINT('',(96.7044203716664,-29.5205106506562,43.0000008195639));
#9046=CARTESIAN_POINT('Origin',(96.7044203716664,-29.5205106506562,44.0000008195639));
#9047=CARTESIAN_POINT('',(96.1965699025929,-27.3428770953806,44.0000008195639));
#9048=CARTESIAN_POINT('Origin',(95.4270865742974,-27.9815439940651,44.0000008195639));
#9049=CARTESIAN_POINT('',(97.4739036999619,-28.8818437519717,44.0000008195639));
#9050=CARTESIAN_POINT('Origin',(96.7044203716664,-29.5205106506561,44.0000008195639));
#9051=CARTESIAN_POINT('',(97.4739036999619,-28.8818437519717,44.0000008195639));
#9052=CARTESIAN_POINT('Origin',(97.4739036999619,-28.8818437519717,54.0000008195639));
#9053=CARTESIAN_POINT('',(96.1965699025929,-27.3428770953806,54.0000008195639));
#9054=CARTESIAN_POINT('',(96.1965699025929,-27.3428770953806,27.0000004097819));
#9055=CARTESIAN_POINT('',(97.4739036999619,-28.8818437519717,54.0000008195639));
#9056=CARTESIAN_POINT('',(97.4739036999619,-28.8818437519717,27.0000004097819));
#9057=CARTESIAN_POINT('',(97.4739036999619,-28.8818437519717,54.0000008195639));
#9058=CARTESIAN_POINT('Origin',(96.7044203716664,-29.5205106506562,54.0000008195639));
#9059=CARTESIAN_POINT('',(95.4270865742974,-27.9815439940651,55.0000008195639));
#9060=CARTESIAN_POINT('Origin',(95.4270865742974,-27.9815439940651,54.0000008195639));
#9061=CARTESIAN_POINT('',(96.7044203716664,-29.5205106506562,55.0000008195639));
#9062=CARTESIAN_POINT('Origin',(96.7044203716664,-29.5205106506561,54.0000008195639));
#9063=CARTESIAN_POINT('',(96.7044203716664,-29.5205106506562,55.0000008195639));
#9064=CARTESIAN_POINT('Origin',(79.0063038208697,-44.2098493203995,55.0000008195639));
#9065=CARTESIAN_POINT('',(77.7289700235007,-42.6708826638085,55.0000008195639));
#9066=CARTESIAN_POINT('',(88.1169949554901,-34.0488795315678,55.0000008195639));
#9067=CARTESIAN_POINT('',(79.0063038208697,-44.2098493203995,55.0000008195639));
#9068=CARTESIAN_POINT('',(73.2510418764084,-48.9866848436955,55.0000008195639));
#9069=CARTESIAN_POINT('',(79.0063038208697,-44.2098493203995,55.0000008195639));
#9070=CARTESIAN_POINT('Origin',(79.0063038208697,-44.2098493203995,54.0000008195639));
#9071=CARTESIAN_POINT('Origin',(77.7289700235008,-42.6708826638085,54.0000008195639));
#9072=CARTESIAN_POINT('Origin',(79.0063038208697,-44.2098493203995,54.0000008195639));
#9073=CARTESIAN_POINT('Origin',(-78.3038175454198,39.6756988342352,47.));
#9074=CARTESIAN_POINT('',(-77.2791210631901,37.9581432691061,54.));
#9075=CARTESIAN_POINT('',(-77.2791210631901,37.9581432691061,47.));
#9076=CARTESIAN_POINT('',(-77.2791210631901,37.9581432691061,23.5));
#9077=CARTESIAN_POINT('',(-78.3038175454198,39.6756988342352,54.));
#9078=CARTESIAN_POINT('',(-78.3038175454198,39.6756988342352,54.));
#9079=CARTESIAN_POINT('',(-78.3038175454198,39.6756988342352,47.));
#9080=CARTESIAN_POINT('',(-78.3038175454198,39.6756988342352,23.5));
#9081=CARTESIAN_POINT('',(-78.3038175454198,39.6756988342352,47.));
#9082=CARTESIAN_POINT('Origin',(-79.1625953279844,39.1633505931204,47.));
#9083=CARTESIAN_POINT('',(-78.1378988457547,37.4457950279912,46.));
#9084=CARTESIAN_POINT('Origin',(-78.1378988457547,37.4457950279912,47.));
#9085=CARTESIAN_POINT('',(-79.1625953279844,39.1633505931204,46.));
#9086=CARTESIAN_POINT('Origin',(-79.1625953279844,39.1633505931204,47.));
#9087=CARTESIAN_POINT('',(-79.1625953279844,39.1633505931204,46.));
#9088=CARTESIAN_POINT('Origin',(-90.3267065013239,32.5028234586275,46.));
#9089=CARTESIAN_POINT('',(-89.3020100190942,30.7852678934984,46.));
#9090=CARTESIAN_POINT('',(-90.6702290044076,29.9689861908072,46.));
#9091=CARTESIAN_POINT('',(-90.3267065013239,32.5028234586275,46.));
#9092=CARTESIAN_POINT('',(-72.025503132298,43.4213515654026,46.));
#9093=CARTESIAN_POINT('',(-90.3267065013239,32.5028234586275,46.));
#9094=CARTESIAN_POINT('Origin',(-90.3267065013239,32.5028234586275,47.));
#9095=CARTESIAN_POINT('',(-90.1607878016588,30.2729196523836,47.));
#9096=CARTESIAN_POINT('Origin',(-89.3020100190942,30.7852678934984,47.));
#9097=CARTESIAN_POINT('',(-91.1854842838885,31.9904752175127,47.));
#9098=CARTESIAN_POINT('Origin',(-90.3267065013239,32.5028234586276,47.));
#9099=CARTESIAN_POINT('',(-91.1854842838885,31.9904752175127,47.));
#9100=CARTESIAN_POINT('Origin',(-91.1854842838885,31.9904752175127,54.));
#9101=CARTESIAN_POINT('',(-90.1607878016588,30.2729196523836,54.));
#9102=CARTESIAN_POINT('',(-90.1607878016588,30.2729196523836,27.));
#9103=CARTESIAN_POINT('',(-91.1854842838885,31.9904752175127,54.));
#9104=CARTESIAN_POINT('',(-91.1854842838885,31.9904752175127,27.));
#9105=CARTESIAN_POINT('',(-91.1854842838885,31.9904752175127,54.));
#9106=CARTESIAN_POINT('Origin',(-90.3267065013239,32.5028234586275,54.));
#9107=CARTESIAN_POINT('',(-89.3020100190942,30.7852678934984,55.));
#9108=CARTESIAN_POINT('Origin',(-89.3020100190942,30.7852678934984,54.));
#9109=CARTESIAN_POINT('',(-90.3267065013239,32.5028234586275,55.));
#9110=CARTESIAN_POINT('Origin',(-90.3267065013239,32.5028234586276,54.));
#9111=CARTESIAN_POINT('',(-90.3267065013239,32.5028234586275,55.));
#9112=CARTESIAN_POINT('Origin',(-79.1625953279843,39.1633505931204,55.));
#9113=CARTESIAN_POINT('',(-78.1378988457547,37.4457950279912,55.));
#9114=CARTESIAN_POINT('',(-85.0881734177378,33.2992497580536,55.));
#9115=CARTESIAN_POINT('',(-79.1625953279843,39.1633505931204,55.));
#9116=CARTESIAN_POINT('',(-66.4434475456282,46.751615132649,55.));
#9117=CARTESIAN_POINT('',(-79.1625953279843,39.1633505931204,55.));
#9118=CARTESIAN_POINT('Origin',(-79.1625953279843,39.1633505931204,54.));
#9119=CARTESIAN_POINT('Origin',(-78.1378988457547,37.4457950279912,54.));
#9120=CARTESIAN_POINT('Origin',(-79.1625953279844,39.1633505931204,54.));
#9121=CARTESIAN_POINT('Origin',(-90.3267065013239,-32.5028234586275,55.0000008343078));
#9122=CARTESIAN_POINT('',(-78.1378988457547,-37.4457950279912,55.0000008343078));
#9123=CARTESIAN_POINT('',(-89.3020100190943,-30.7852678934984,55.0000008343078));
#9124=CARTESIAN_POINT('',(-71.386716704523,-41.4735614254595,55.0000008343078));
#9125=CARTESIAN_POINT('',(-79.1625953279844,-39.1633505931204,55.0000008343078));
#9126=CARTESIAN_POINT('',(-79.1625953279844,-39.1633505931204,55.0000008343078));
#9127=CARTESIAN_POINT('',(-90.3267065013239,-32.5028234586275,55.0000008343078));
#9128=CARTESIAN_POINT('',(-92.0442620664531,-31.4781269763979,55.0000008343078));
#9129=CARTESIAN_POINT('',(-90.3267065013239,-32.5028234586275,55.0000008343078));
#9130=CARTESIAN_POINT('Origin',(-90.3267065013239,-32.5028234586275,54.0000008343078));
#9131=CARTESIAN_POINT('',(-90.1607878016588,-30.2729196523835,54.0000008343078));
#9132=CARTESIAN_POINT('Origin',(-89.3020100190942,-30.7852678934983,54.0000008343078));
#9133=CARTESIAN_POINT('',(-91.1854842838885,-31.9904752175127,54.0000008343078));
#9134=CARTESIAN_POINT('Origin',(-90.3267065013239,-32.5028234586275,54.0000008343078));
#9135=CARTESIAN_POINT('',(-91.1854842838885,-31.9904752175127,54.0000008343078));
#9136=CARTESIAN_POINT('Origin',(-91.1854842838885,-31.9904752175127,47.0000008343078));
#9137=CARTESIAN_POINT('',(-90.1607878016588,-30.2729196523835,47.0000008343078));
#9138=CARTESIAN_POINT('',(-90.1607878016588,-30.2729196523835,23.5000004171539));
#9139=CARTESIAN_POINT('',(-91.1854842838885,-31.9904752175127,47.0000008343078));
#9140=CARTESIAN_POINT('',(-91.1854842838885,-31.9904752175127,23.5000004171539));
#9141=CARTESIAN_POINT('',(-91.1854842838885,-31.9904752175127,47.0000008343078));
#9142=CARTESIAN_POINT('Origin',(-90.3267065013239,-32.5028234586275,47.0000008343078));
#9143=CARTESIAN_POINT('',(-89.3020100190943,-30.7852678934984,46.0000008343078));
#9144=CARTESIAN_POINT('Origin',(-89.3020100190942,-30.7852678934983,47.0000008343078));
#9145=CARTESIAN_POINT('',(-90.3267065013239,-32.5028234586275,46.0000008343078));
#9146=CARTESIAN_POINT('Origin',(-90.3267065013239,-32.5028234586275,47.0000008343078));
#9147=CARTESIAN_POINT('',(-90.3267065013239,-32.5028234586275,46.0000008343078));
#9148=CARTESIAN_POINT('Origin',(-79.1625953279844,-39.1633505931204,46.0000008343078));
#9149=CARTESIAN_POINT('',(-78.1378988457547,-37.4457950279912,46.0000008343078));
#9150=CARTESIAN_POINT('',(-65.8046611178533,-44.8038249927059,46.0000008343078));
#9151=CARTESIAN_POINT('',(-79.1625953279844,-39.1633505931204,46.0000008343078));
#9152=CARTESIAN_POINT('',(-86.4622064797833,-34.8083905436443,46.0000008343078));
#9153=CARTESIAN_POINT('',(-79.1625953279844,-39.1633505931204,46.0000008343078));
#9154=CARTESIAN_POINT('Origin',(-79.1625953279844,-39.1633505931204,47.0000008343078));
#9155=CARTESIAN_POINT('',(-77.2791210631902,-37.9581432691061,47.0000008343078));
#9156=CARTESIAN_POINT('Origin',(-78.1378988457547,-37.4457950279912,47.0000008343078));
#9157=CARTESIAN_POINT('',(-78.3038175454198,-39.6756988342352,47.0000008343078));
#9158=CARTESIAN_POINT('Origin',(-79.1625953279844,-39.1633505931204,47.0000008343078));
#9159=CARTESIAN_POINT('',(-78.3038175454198,-39.6756988342352,47.0000008343078));
#9160=CARTESIAN_POINT('Origin',(-78.3038175454198,-39.6756988342352,54.0000008343078));
#9161=CARTESIAN_POINT('',(-77.2791210631902,-37.9581432691061,54.0000008343078));
#9162=CARTESIAN_POINT('',(-77.2791210631902,-37.9581432691061,27.0000004171539));
#9163=CARTESIAN_POINT('',(-78.3038175454198,-39.6756988342352,54.0000008343078));
#9164=CARTESIAN_POINT('',(-78.3038175454198,-39.6756988342352,27.0000004171539));
#9165=CARTESIAN_POINT('',(-78.3038175454198,-39.6756988342352,54.0000008343078));
#9166=CARTESIAN_POINT('Origin',(-79.1625953279844,-39.1633505931204,54.0000008343078));
#9167=CARTESIAN_POINT('Origin',(-78.1378988457547,-37.4457950279912,54.0000008343078));
#9168=CARTESIAN_POINT('Origin',(-79.1625953279844,-39.1633505931204,54.0000008343078));
#9169=CARTESIAN_POINT('Origin',(-2.48124457297897,21.29,62.5));
#9170=CARTESIAN_POINT('',(46.518755427021,21.29,62.5));
#9171=CARTESIAN_POINT('',(-2.48124457297897,21.29,62.5));
#9172=CARTESIAN_POINT('',(31.1909755872289,21.29,62.5));
#9173=CARTESIAN_POINT('',(46.518755427021,21.29,83.5));
#9174=CARTESIAN_POINT('',(46.518755427021,21.29,62.5));
#9175=CARTESIAN_POINT('',(-2.48124457297897,21.29,83.5));
#9176=CARTESIAN_POINT('',(-2.48124457297897,21.29,83.5));
#9177=CARTESIAN_POINT('',(-2.48124457297897,21.29,62.5));
#9178=CARTESIAN_POINT('Origin',(-2.48124457297897,20.29,62.5));
#9179=CARTESIAN_POINT('',(-3.48124457297897,20.29,62.5));
#9180=CARTESIAN_POINT('Origin',(-2.48124457297897,20.29,62.5));
#9181=CARTESIAN_POINT('',(-3.48124457297898,20.29,83.5));
#9182=CARTESIAN_POINT('Origin',(-2.48124457297897,20.29,83.5));
#9183=CARTESIAN_POINT('',(-3.48124457297897,20.29,62.5));
#9184=CARTESIAN_POINT('Origin',(-3.48124457297897,-20.,62.5));
#9185=CARTESIAN_POINT('',(-3.48124457297897,-20.,62.5));
#9186=CARTESIAN_POINT('',(-3.48124457297896,-36.8476842912779,62.5));
#9187=CARTESIAN_POINT('',(-3.48124457297897,-20.,83.5));
#9188=CARTESIAN_POINT('',(-3.48124457297897,-20.,83.5));
#9189=CARTESIAN_POINT('',(-3.48124457297897,-20.,62.5));
#9190=CARTESIAN_POINT('Origin',(-2.48124457297897,-20.,62.5));
#9191=CARTESIAN_POINT('',(-2.48124457297897,-21.,62.5));
#9192=CARTESIAN_POINT('Origin',(-2.48124457297897,-20.,62.5));
#9193=CARTESIAN_POINT('',(-2.48124457297896,-21.,83.5));
#9194=CARTESIAN_POINT('Origin',(-2.48124457297897,-20.,83.5));
#9195=CARTESIAN_POINT('',(-2.48124457297897,-21.,62.5));
#9196=CARTESIAN_POINT('Origin',(20.3247922581287,-21.,62.5));
#9197=CARTESIAN_POINT('',(20.3247922581287,-21.,62.5));
#9198=CARTESIAN_POINT('',(42.5939940027827,-21.,62.5));
#9199=CARTESIAN_POINT('',(20.3247922581287,-21.,83.5));
#9200=CARTESIAN_POINT('',(20.3247922581287,-21.,83.5));
#9201=CARTESIAN_POINT('',(20.3247922581287,-21.,62.5));
#9202=CARTESIAN_POINT('Origin',(46.518755427021,-21.,62.5));
#9203=CARTESIAN_POINT('',(22.8752090829758,-21.,62.5));
#9204=CARTESIAN_POINT('',(46.518755427021,-21.,62.5));
#9205=CARTESIAN_POINT('',(55.6909755872289,-21.,62.5));
#9206=CARTESIAN_POINT('',(22.8752090829758,-21.,83.5));
#9207=CARTESIAN_POINT('',(22.8752090829758,-21.,62.5));
#9208=CARTESIAN_POINT('',(46.518755427021,-21.,83.5));
#9209=CARTESIAN_POINT('',(46.518755427021,-21.,83.5));
#9210=CARTESIAN_POINT('',(46.518755427021,-21.,62.5));
#9211=CARTESIAN_POINT('Origin',(46.518755427021,-20.,62.5));
#9212=CARTESIAN_POINT('',(47.518755427021,-20.,62.5));
#9213=CARTESIAN_POINT('Origin',(46.518755427021,-20.,62.5));
#9214=CARTESIAN_POINT('',(47.518755427021,-20.,83.5));
#9215=CARTESIAN_POINT('Origin',(46.518755427021,-20.,83.5));
#9216=CARTESIAN_POINT('',(47.518755427021,-20.,62.5));
#9217=CARTESIAN_POINT('Origin',(47.518755427021,20.29,62.5));
#9218=CARTESIAN_POINT('',(47.518755427021,20.29,62.5));
#9219=CARTESIAN_POINT('',(47.518755427021,-16.7026842912779,62.5));
#9220=CARTESIAN_POINT('',(47.518755427021,20.29,83.5));
#9221=CARTESIAN_POINT('',(47.518755427021,20.29,83.5));
#9222=CARTESIAN_POINT('',(47.518755427021,20.29,62.5));
#9223=CARTESIAN_POINT('Origin',(46.518755427021,20.29,62.5));
#9224=CARTESIAN_POINT('Origin',(46.518755427021,20.29,62.5));
#9225=CARTESIAN_POINT('Origin',(46.518755427021,20.29,83.5));
#9226=CARTESIAN_POINT('Origin',(-4.48124457297897,-23.,62.5));
#9227=CARTESIAN_POINT('',(48.518755427021,-23.,62.5));
#9228=CARTESIAN_POINT('',(-4.48124457297897,-23.,62.5));
#9229=CARTESIAN_POINT('',(30.1909755872289,-23.,62.5));
#9230=CARTESIAN_POINT('',(48.518755427021,-23.,83.5));
#9231=CARTESIAN_POINT('',(48.518755427021,-23.,62.5));
#9232=CARTESIAN_POINT('',(-4.48124457297897,-23.,83.5));
#9233=CARTESIAN_POINT('',(48.518755427021,-23.,83.5));
#9234=CARTESIAN_POINT('',(-4.48124457297897,-23.,62.5));
#9235=CARTESIAN_POINT('Origin',(-4.48124457297897,-22.,62.5));
#9236=CARTESIAN_POINT('',(-5.48124457297897,-22.,62.5));
#9237=CARTESIAN_POINT('Origin',(-4.48124457297897,-22.,62.5));
#9238=CARTESIAN_POINT('',(-5.48124457297897,-22.,83.5));
#9239=CARTESIAN_POINT('Origin',(-4.48124457297897,-22.,83.5));
#9240=CARTESIAN_POINT('',(-5.48124457297897,-22.,62.5));
#9241=CARTESIAN_POINT('Origin',(-5.48124457297897,22.29,62.5));
#9242=CARTESIAN_POINT('',(-5.48124457297897,22.29,62.5));
#9243=CARTESIAN_POINT('',(-5.48124457297897,-15.7026842912779,62.5));
#9244=CARTESIAN_POINT('',(-5.48124457297897,22.29,83.5));
#9245=CARTESIAN_POINT('',(-5.48124457297897,-22.,83.5));
#9246=CARTESIAN_POINT('',(-5.48124457297897,22.29,62.5));
#9247=CARTESIAN_POINT('Origin',(-4.48124457297897,22.29,62.5));
#9248=CARTESIAN_POINT('',(-4.48124457297897,23.29,62.5));
#9249=CARTESIAN_POINT('Origin',(-4.48124457297897,22.29,62.5));
#9250=CARTESIAN_POINT('',(-4.48124457297896,23.29,83.5));
#9251=CARTESIAN_POINT('Origin',(-4.48124457297897,22.29,83.5));
#9252=CARTESIAN_POINT('',(-4.48124457297897,23.29,62.5));
#9253=CARTESIAN_POINT('Origin',(48.518755427021,23.29,62.5));
#9254=CARTESIAN_POINT('',(48.518755427021,23.29,62.5));
#9255=CARTESIAN_POINT('',(56.6909755872289,23.29,62.5));
#9256=CARTESIAN_POINT('',(48.518755427021,23.29,83.5));
#9257=CARTESIAN_POINT('',(-4.48124457297897,23.29,83.5));
#9258=CARTESIAN_POINT('',(48.518755427021,23.29,62.5));
#9259=CARTESIAN_POINT('Origin',(48.518755427021,22.29,62.5));
#9260=CARTESIAN_POINT('',(49.518755427021,22.29,62.5));
#9261=CARTESIAN_POINT('Origin',(48.518755427021,22.29,62.5));
#9262=CARTESIAN_POINT('',(49.518755427021,22.29,83.5));
#9263=CARTESIAN_POINT('Origin',(48.518755427021,22.29,83.5));
#9264=CARTESIAN_POINT('',(49.518755427021,22.29,62.5));
#9265=CARTESIAN_POINT('Origin',(49.518755427021,-22.,62.5));
#9266=CARTESIAN_POINT('',(49.518755427021,-22.,62.5));
#9267=CARTESIAN_POINT('',(49.518755427021,-37.8476842912779,62.5));
#9268=CARTESIAN_POINT('',(49.518755427021,-22.,83.5));
#9269=CARTESIAN_POINT('',(49.518755427021,22.29,83.5));
#9270=CARTESIAN_POINT('',(49.518755427021,-22.,62.5));
#9271=CARTESIAN_POINT('Origin',(48.518755427021,-22.,62.5));
#9272=CARTESIAN_POINT('Origin',(48.518755427021,-22.,62.5));
#9273=CARTESIAN_POINT('Origin',(48.518755427021,-22.,83.5));
#9274=CARTESIAN_POINT('Origin',(22.018755427021,0.145,83.5));
#9275=CARTESIAN_POINT('',(22.9500006705523,-21.4431066518167,83.5));
#9276=CARTESIAN_POINT('Origin',(21.6000006705523,-21.4431066518167,83.5));
#9277=CARTESIAN_POINT('Origin',(21.6000006705523,-21.4431066518167,83.5));
#9278=CARTESIAN_POINT('Origin',(64.8631957474367,-53.6953685825558,62.5));
#9279=CARTESIAN_POINT('',(-92.0870188138113,-29.1704298473927,62.5));
#9280=CARTESIAN_POINT('',(-85.9600514267241,-11.4585020588905,62.5));
#9281=CARTESIAN_POINT('',(-87.6162451637254,-16.2462513678487,62.5));
#9282=CARTESIAN_POINT('',(-53.4509165624192,-52.2207921575576,62.5));
#9283=CARTESIAN_POINT('',(-8.99262186928767,-78.7446840786647,62.5));
#9284=CARTESIAN_POINT('',(-32.9150744366117,-38.040107321027,62.5));
#9285=CARTESIAN_POINT('Origin',(-32.9150744366116,-60.,62.5));
#9286=CARTESIAN_POINT('',(38.2858887287776,-38.040107321027,62.5));
#9287=CARTESIAN_POINT('',(51.5745422381072,-38.040107321027,62.5));
#9288=CARTESIAN_POINT('',(59.9427171918648,-46.4964572676398,62.5));
#9289=CARTESIAN_POINT('Origin',(38.2858887287775,-70.0000000000001,62.5));
#9290=CARTESIAN_POINT('',(66.1912684034035,-52.2540489325249,62.5));
#9291=CARTESIAN_POINT('',(66.1912684034035,-52.254048932525,62.5));
#9292=CARTESIAN_POINT('',(66.244061352913,-52.2554156252734,62.5));
#9293=CARTESIAN_POINT('Origin',(66.2184461345781,-52.2245537104005,62.5));
#9294=CARTESIAN_POINT('',(98.5306351058143,-25.4577383142001,62.5));
#9295=CARTESIAN_POINT('',(81.6247120132245,-39.4895608032721,62.5));
#9296=CARTESIAN_POINT('',(98.5358818023523,-25.4012611809923,62.5));
#9297=CARTESIAN_POINT('Origin',(98.5050198874794,-25.4268763993272,62.5));
#9298=CARTESIAN_POINT('',(89.0936949978241,-14.0250565527239,62.5));
#9299=CARTESIAN_POINT('',(93.8997994226567,-19.8155824694004,62.5));
#9300=CARTESIAN_POINT('',(89.0936949978242,14.0250565527241,62.5));
#9301=CARTESIAN_POINT('Origin',(105.991466305453,1.11022302462516E-14,62.5));
#9302=CARTESIAN_POINT('',(98.5358818023523,25.4012611809923,62.5));
#9303=CARTESIAN_POINT('',(72.2326512972408,-6.28958955150488,62.5));
#9304=CARTESIAN_POINT('',(98.5306351058143,25.4577383142001,62.5));
#9305=CARTESIAN_POINT('Origin',(98.5050198874794,25.4268763993272,62.5));
#9306=CARTESIAN_POINT('',(66.244061352913,52.2554156252734,62.5));
#9307=CARTESIAN_POINT('',(91.8696666644539,30.9863052112924,62.5));
#9308=CARTESIAN_POINT('',(66.1912684034035,52.2540489325249,62.5));
#9309=CARTESIAN_POINT('Origin',(66.2184461345781,52.2245537104005,62.5));
#9310=CARTESIAN_POINT('',(59.9427171918648,46.4964572676398,62.5));
#9311=CARTESIAN_POINT('',(36.3089472203911,24.719633746326,62.5));
#9312=CARTESIAN_POINT('',(38.2858887287776,38.0401073210271,62.5));
#9313=CARTESIAN_POINT('Origin',(38.2858887287776,69.9999999999999,62.5));
#9314=CARTESIAN_POINT('',(-32.9150744366116,38.040107321027,62.5));
#9315=CARTESIAN_POINT('',(15.9740606554126,38.0401073210271,62.5));
#9316=CARTESIAN_POINT('',(-52.3554840311998,49.7869024646459,62.5));
#9317=CARTESIAN_POINT('Origin',(-32.9150744366116,60.,62.5));
#9318=CARTESIAN_POINT('',(-53.5904151546499,52.1375670674139,62.5));
#9319=CARTESIAN_POINT('',(-19.2285722978323,-13.2694553612866,62.5));
#9320=CARTESIAN_POINT('',(-92.0870188138113,29.1704298473927,62.5));
#9321=CARTESIAN_POINT('',(-52.7772068264063,52.6227284969414,62.5));
#9322=CARTESIAN_POINT('',(-85.9600514267241,11.4585020588905,62.5));
#9323=CARTESIAN_POINT('',(-67.8357645067533,-40.9354541781169,62.5));
#9324=CARTESIAN_POINT('',(-85.3028962435322,7.54862252186952,62.5));
#9325=CARTESIAN_POINT('Origin',(-97.2627889225055,7.54862252186944,62.5));
#9326=CARTESIAN_POINT('',(-85.3028962435322,-7.54862252186947,62.5));
#9327=CARTESIAN_POINT('',(-85.3028962435322,-30.6219955522126,62.5));
#9328=CARTESIAN_POINT('Origin',(-97.2627889225052,-7.54862252186945,62.5));
#9329=CARTESIAN_POINT('',(-47.5000008940697,12.5,62.5));
#9330=CARTESIAN_POINT('',(-47.5000008940697,-12.5,62.5));
#9331=CARTESIAN_POINT('',(-47.5000008940697,-33.0976842912779,62.5));
#9332=CARTESIAN_POINT('',(-72.5000008940697,-12.5,62.5));
#9333=CARTESIAN_POINT('',(-3.81840257331647,-12.5,62.5));
#9334=CARTESIAN_POINT('',(-72.5000008940697,12.5,62.5));
#9335=CARTESIAN_POINT('',(-72.5000008940697,-20.5976842912779,62.5));
#9336=CARTESIAN_POINT('',(8.68159742668353,12.5,62.5));
#9337=CARTESIAN_POINT('Origin',(-2.00000002980232,-6.00000008940697,62.5));
#9338=CARTESIAN_POINT('',(-1.00891666510427,-6.00000008940697,62.5));
#9339=CARTESIAN_POINT('Origin',(-2.00000002980232,-6.00000008940697,62.5));
#9340=CARTESIAN_POINT('',(-1.00891666510427,-6.00000008940697,57.5));
#9341=CARTESIAN_POINT('',(-1.00891666510427,-6.00000008940697,62.5));
#9342=CARTESIAN_POINT('Origin',(-2.00000002980232,-6.00000008940697,57.5));
#9343=CARTESIAN_POINT('Origin',(-1.79999932944774,10.5568933481833,62.5));
#9344=CARTESIAN_POINT('',(-0.449999329447743,10.5568933481833,62.5));
#9345=CARTESIAN_POINT('Origin',(-1.79999932944774,10.5568933481833,62.5));
#9346=CARTESIAN_POINT('',(-0.449999329447743,10.5568933481833,57.5));
#9347=CARTESIAN_POINT('',(-0.449999329447743,10.5568933481833,62.5));
#9348=CARTESIAN_POINT('Origin',(-1.79999932944774,10.5568933481833,57.5));
#9349=CARTESIAN_POINT('Origin',(21.6000006705523,-21.4431066518167,62.5));
#9350=CARTESIAN_POINT('',(22.9500006705523,-21.4431066518167,57.5));
#9351=CARTESIAN_POINT('',(22.9500006705523,-21.4431066518167,62.5));
#9352=CARTESIAN_POINT('Origin',(21.6000006705523,-21.4431066518167,57.5));
#9353=CARTESIAN_POINT('Origin',(21.6000006705523,-21.4431066518167,62.5));
#9354=CARTESIAN_POINT('Origin',(45.0000006705523,10.5568933481833,62.5));
#9355=CARTESIAN_POINT('',(46.3500006705522,10.5568933481833,62.5));
#9356=CARTESIAN_POINT('Origin',(45.0000006705523,10.5568933481833,62.5));
#9357=CARTESIAN_POINT('',(46.3500006705522,10.5568933481833,57.5));
#9358=CARTESIAN_POINT('',(46.3500006705522,10.5568933481833,62.5));
#9359=CARTESIAN_POINT('Origin',(45.0000006705523,10.5568933481833,57.5));
#9360=CARTESIAN_POINT('Origin',(-47.5000008940697,-12.5,62.5));
#9361=CARTESIAN_POINT('',(-47.5000008940697,12.5,74.5));
#9362=CARTESIAN_POINT('',(-47.5000008940697,12.5,62.5));
#9363=CARTESIAN_POINT('',(-47.5000008940697,-12.5,74.5));
#9364=CARTESIAN_POINT('',(-47.5000008940697,-12.5,74.5));
#9365=CARTESIAN_POINT('',(-47.5000008940697,-12.5,62.5));
#9366=CARTESIAN_POINT('Origin',(-72.5000008940697,-12.5,62.5));
#9367=CARTESIAN_POINT('',(-72.5000008940697,-12.5,74.5));
#9368=CARTESIAN_POINT('',(-72.5000008940697,-12.5,74.5));
#9369=CARTESIAN_POINT('',(-72.5000008940697,-12.5,62.5));
#9370=CARTESIAN_POINT('Origin',(-72.5000008940697,12.5,62.5));
#9371=CARTESIAN_POINT('',(-72.5000008940697,12.5,74.5));
#9372=CARTESIAN_POINT('',(-72.5000008940697,12.5,74.5));
#9373=CARTESIAN_POINT('',(-72.5000008940697,12.5,62.5));
#9374=CARTESIAN_POINT('Origin',(-47.5000008940697,12.5,62.5));
#9375=CARTESIAN_POINT('',(-47.5000008940697,12.5,74.5));
#9376=CARTESIAN_POINT('Origin',(-60.0000008940697,0.,74.5));
#9377=CARTESIAN_POINT('Origin',(-92.0870188138113,-29.1704298473927,62.3));
#9378=CARTESIAN_POINT('',(-92.264630759078,-29.1089897484266,62.3684040286651));
#9379=CARTESIAN_POINT('Origin',(-92.0870188138113,-29.1704298473927,62.3));
#9380=CARTESIAN_POINT('',(-92.183308786101,-29.3318272764268,62.3684040286651));
#9381=CARTESIAN_POINT('Origin',(-92.0870188138113,-29.1704298473927,62.3));
#9382=CARTESIAN_POINT('Origin',(-92.0870188138113,-29.1704298473927,62.3));
#9383=CARTESIAN_POINT('Origin',(-91.6512110332969,-29.0113868492576,63.2887290476021));
#9384=CARTESIAN_POINT('',(-93.4270813357341,-29.5332126126375,59.7311205680872));
#9385=CARTESIAN_POINT('',(-93.345759362757,-29.7560501406378,59.7311205680872));
#9386=CARTESIAN_POINT('Origin',(-93.2346750033548,-29.5892536715057,59.6962809706547));
#9387=CARTESIAN_POINT('',(-91.7475010055866,-29.1727842782918,63.3571330762673));
#9388=CARTESIAN_POINT('',(-91.8288229785636,-28.9499467502915,63.3571330762673));
#9389=CARTESIAN_POINT('Origin',(-92.0870188138113,29.1704298473927,62.3));
#9390=CARTESIAN_POINT('',(-92.183308786101,29.3318272764268,62.3684040286651));
#9391=CARTESIAN_POINT('Origin',(-92.0870188138113,29.1704298473927,62.3));
#9392=CARTESIAN_POINT('',(-92.264630759078,29.1089897484266,62.3684040286651));
#9393=CARTESIAN_POINT('Origin',(-92.0870188138113,29.1704298473927,62.3));
#9394=CARTESIAN_POINT('Origin',(-92.0870188138113,29.1704298473927,62.3));
#9395=CARTESIAN_POINT('Origin',(-93.1180555041016,29.5466947369673,59.9608588225974));
#9396=CARTESIAN_POINT('',(-93.3457593627571,29.7560501406378,59.7311205680871));
#9397=CARTESIAN_POINT('',(-93.4270813357341,29.5332126126375,59.7311205680871));
#9398=CARTESIAN_POINT('Origin',(-93.2346750033544,29.5892536715056,59.6962809706555));
#9399=CARTESIAN_POINT('',(-93.2956674493683,29.4852546380012,60.0292628512626));
#9400=CARTESIAN_POINT('',(-93.2143454763912,29.7080921660015,60.0292628512626));
#9401=CARTESIAN_POINT('Origin',(-87.6162451637254,-16.2462513678487,62.3));
#9402=CARTESIAN_POINT('',(-86.1376633719908,-11.3970619599244,62.3684040286651));
#9403=CARTESIAN_POINT('Origin',(-85.9600514267241,-11.4585020588905,62.3));
#9404=CARTESIAN_POINT('',(-87.7938571089921,-16.1848112688826,62.3684040286651));
#9405=CARTESIAN_POINT('Origin',(-97.2627889225052,-7.54862252186945,62.3));
#9406=CARTESIAN_POINT('',(-85.4908347676894,-7.54862252186947,62.3684040286651));
#9407=CARTESIAN_POINT('Origin',(-85.3028962435322,-7.54862252186947,62.3));
#9408=CARTESIAN_POINT('Origin',(-97.2627889225052,-7.54862252186945,62.3684040286651));
#9409=CARTESIAN_POINT('Origin',(-85.3028962435322,-30.6219955522126,62.3));
#9410=CARTESIAN_POINT('',(-85.4908347676894,7.54862252186952,62.3684040286651));
#9411=CARTESIAN_POINT('Origin',(-85.3028962435322,7.54862252186952,62.3));
#9412=CARTESIAN_POINT('',(-85.4908347676894,-30.6219955522126,62.3684040286651));
#9413=CARTESIAN_POINT('Origin',(-97.2627889225055,7.54862252186944,62.3));
#9414=CARTESIAN_POINT('',(-86.1376633719908,11.3970619599244,62.3684040286651));
#9415=CARTESIAN_POINT('Origin',(-85.9600514267241,11.4585020588905,62.3));
#9416=CARTESIAN_POINT('Origin',(-97.2627889225055,7.54862252186944,62.3684040286651));
#9417=CARTESIAN_POINT('Origin',(-67.8357645067533,-40.9354541781169,62.3));
#9418=CARTESIAN_POINT('',(-68.01337645202,-40.996894277083,62.3684040286651));
#9419=CARTESIAN_POINT('Origin',(-53.4509165631724,-52.2207921553969,62.300000004038));
#9420=CARTESIAN_POINT('',(-53.5472065354209,-52.3821895845491,62.3684040324826));
#9421=CARTESIAN_POINT('Origin',(-53.4509165649112,-52.2207921560709,62.3));
#9422=CARTESIAN_POINT('',(-53.2751654355961,-52.2873686570358,62.3684040286651));
#9423=CARTESIAN_POINT('Origin',(-53.4509165631724,-52.2207921553969,62.300000004038));
#9424=CARTESIAN_POINT('Origin',(-53.4509165624192,-52.2207921575576,62.3));
#9425=CARTESIAN_POINT('Ctrl Pts',(-52.7490358507584,-53.7139190017653,59.7152065313538));
#9426=CARTESIAN_POINT('Ctrl Pts',(-52.93340117872,-53.2348362714099,60.5957516992951));
#9427=CARTESIAN_POINT('Ctrl Pts',(-53.1083730524652,-52.7594542798528,61.480389685586));
#9428=CARTESIAN_POINT('Ctrl Pts',(-53.2751654373471,-52.2873686575092,62.3684040327032));
#9429=CARTESIAN_POINT('Ctrl Pts',(-52.7714823640684,-53.7599695527442,59.7357701929162));
#9430=CARTESIAN_POINT('Ctrl Pts',(-52.9564595109911,-53.2801770954311,60.6157554178074));
#9431=CARTESIAN_POINT('Ctrl Pts',(-53.1319283268326,-52.8041036059612,61.4999057843445));
#9432=CARTESIAN_POINT('Ctrl Pts',(-53.2992273654297,-52.331329976983,62.3874397546724));
#9433=CARTESIAN_POINT('Ctrl Pts',(-52.859640185312,-53.8376280438105,59.759978161708));
#9434=CARTESIAN_POINT('Ctrl Pts',(-53.0445875709228,-53.3559168403166,60.6392497722013));
#9435=CARTESIAN_POINT('Ctrl Pts',(-53.2200429834761,-52.8780072744157,61.5227143246998));
#9436=CARTESIAN_POINT('Ctrl Pts',(-53.3872333437196,-52.4034992171588,62.4096432340971));
#9437=CARTESIAN_POINT('Ctrl Pts',(-52.9771239878124,-53.83807394866,59.7357701929162));
#9438=CARTESIAN_POINT('Ctrl Pts',(-53.1607939953923,-53.3555112472643,60.6157554178074));
#9439=CARTESIAN_POINT('Ctrl Pts',(-53.3350287332894,-52.8768873820094,61.4999057843445));
#9440=CARTESIAN_POINT('Ctrl Pts',(-53.5010318684723,-52.4016696799474,62.3874397546724));
#9441=CARTESIAN_POINT('Ctrl Pts',(-53.0244817011797,-53.8185356224813,59.7152065313538));
#9442=CARTESIAN_POINT('Ctrl Pts',(-53.2077527090023,-53.3360000725684,60.5957516992951));
#9443=CARTESIAN_POINT('Ctrl Pts',(-53.3815834505601,-52.8573619683403,61.480389685586));
#9444=CARTESIAN_POINT('Ctrl Pts',(-53.547206535462,-52.3821895844311,62.3684040327032));
#9445=CARTESIAN_POINT('',(-53.0277928233021,-53.8098154582834,59.7311205680871));
#9446=CARTESIAN_POINT('',(-52.7523667550553,-53.7052612169467,59.7311205680871));
#9447=CARTESIAN_POINT('Ctrl Pts',(-53.0277928258613,-53.8098154574879,59.7311205663617));
#9448=CARTESIAN_POINT('Ctrl Pts',(-53.0273343462629,-53.8100468312575,59.7312200218059));
#9449=CARTESIAN_POINT('Ctrl Pts',(-53.0268748887942,-53.810276359328,59.7313190853063));
#9450=CARTESIAN_POINT('Ctrl Pts',(-53.0264144646822,-53.8105040407091,59.7314177570388));
#9451=CARTESIAN_POINT('Ctrl Pts',(-53.0145153400662,-53.8163882006744,59.7339678129793));
#9452=CARTESIAN_POINT('Ctrl Pts',(-53.0020111858365,-53.8210233627943,59.7362493720441));
#9453=CARTESIAN_POINT('Ctrl Pts',(-52.9890998498693,-53.8243928784115,59.7382603860451));
#9454=CARTESIAN_POINT('Ctrl Pts',(-52.9859969241942,-53.8252026595641,59.7387436843646));
#9455=CARTESIAN_POINT('Ctrl Pts',(-52.982870437482,-53.825939133908,59.7392112519273));
#9456=CARTESIAN_POINT('Ctrl Pts',(-52.9797230988376,-53.8266016757928,59.7396628511347));
#9457=CARTESIAN_POINT('Ctrl Pts',(-52.9667328536697,-53.829336234253,59.7415267701738));
#9458=CARTESIAN_POINT('Ctrl Pts',(-52.9534766373488,-53.830796097917,59.7431079582163));
#9459=CARTESIAN_POINT('Ctrl Pts',(-52.9401527371797,-53.8309608791254,59.7443885963292));
#9460=CARTESIAN_POINT('Ctrl Pts',(-52.9369491037184,-53.8310004995509,59.7446965163119));
#9461=CARTESIAN_POINT('Ctrl Pts',(-52.9337415631693,-53.8309650418196,59.7449869464856));
#9462=CARTESIAN_POINT('Ctrl Pts',(-52.9305329291633,-53.8308538309571,59.7452594125062));
#9463=CARTESIAN_POINT('Ctrl Pts',(-52.9172953800435,-53.8303950191227,59.7463834990566));
#9464=CARTESIAN_POINT('Ctrl Pts',(-52.9041672327218,-53.8286546633208,59.747193005789));
#9465=CARTESIAN_POINT('Ctrl Pts',(-52.8913424898007,-53.8256319521895,59.747658300314));
#9466=CARTESIAN_POINT('Ctrl Pts',(-52.8830922143402,-53.8236874142269,59.7479576285754));
#9467=CARTESIAN_POINT('Ctrl Pts',(-52.8749673401531,-53.8212112803499,59.7481140484927));
#9468=CARTESIAN_POINT('Ctrl Pts',(-52.8670219961529,-53.8181936969935,59.7481138885113));
#9469=CARTESIAN_POINT('Ctrl Pts',(-52.8639785436782,-53.8170378160735,59.7481138272306));
#9470=CARTESIAN_POINT('Ctrl Pts',(-52.8609614741659,-53.8158024086924,59.7480907384172));
#9471=CARTESIAN_POINT('Ctrl Pts',(-52.8579730906343,-53.8144890580773,59.7480451792275));
#9472=CARTESIAN_POINT('Ctrl Pts',(-52.8458493451472,-53.8091608502271,59.7478603475235));
#9473=CARTESIAN_POINT('Ctrl Pts',(-52.8343428895503,-53.8026178779921,59.7473101087001));
#9474=CARTESIAN_POINT('Ctrl Pts',(-52.8235769686292,-53.7950268004796,59.7464409855152));
#9475=CARTESIAN_POINT('Ctrl Pts',(-52.8136867122532,-53.7880531562073,59.7456425539474));
#9476=CARTESIAN_POINT('Ctrl Pts',(-52.804420711707,-53.7801937144904,59.74457446299));
#9477=CARTESIAN_POINT('Ctrl Pts',(-52.7958911980563,-53.7715486338921,59.7432534904396));
#9478=CARTESIAN_POINT('Ctrl Pts',(-52.7864754071673,-53.7620052678262,59.7417952594297));
#9479=CARTESIAN_POINT('Ctrl Pts',(-52.77806481994,-53.7516149110978,59.7400454993755));
#9480=CARTESIAN_POINT('Ctrl Pts',(-52.7707757086033,-53.7405406440641,59.7380251676694));
#9481=CARTESIAN_POINT('Ctrl Pts',(-52.7637425336014,-53.7298552183012,59.7360757741433));
#9482=CARTESIAN_POINT('Ctrl Pts',(-52.7577524963507,-53.7185318763363,59.7338740259281));
#9483=CARTESIAN_POINT('Ctrl Pts',(-52.7529405967415,-53.7066900031634,59.731417657643));
#9484=CARTESIAN_POINT('Ctrl Pts',(-52.7527473685818,-53.7062144771663,59.7313190189427));
#9485=CARTESIAN_POINT('Ctrl Pts',(-52.7525560862565,-53.7057382120777,59.7312199885654));
#9486=CARTESIAN_POINT('Ctrl Pts',(-52.7523667575549,-53.7052612161966,59.7311205663617));
#9487=CARTESIAN_POINT('Ctrl Pts',(-52.7523667575549,-53.7052612161967,59.7311205663617));
#9488=CARTESIAN_POINT('Ctrl Pts',(-52.9355089927847,-53.2291088535672,60.6064101919539));
#9489=CARTESIAN_POINT('Ctrl Pts',(-53.1093778332044,-52.7566103697509,61.4857392087729));
#9490=CARTESIAN_POINT('Ctrl Pts',(-53.2751654367606,-52.2873686591693,62.3684040295806));
#9491=CARTESIAN_POINT('Ctrl Pts',(-53.5472065354209,-52.3821895845491,62.3684040324826));
#9492=CARTESIAN_POINT('Ctrl Pts',(-53.3825811876792,-52.8544994620315,61.4857392108468));
#9493=CARTESIAN_POINT('Ctrl Pts',(-53.2098467735742,-53.3302334297344,60.606410192986));
#9494=CARTESIAN_POINT('Ctrl Pts',(-53.0277928258613,-53.8098154574879,59.7311205663617));
#9495=CARTESIAN_POINT('Origin',(-53.5904151546498,52.1375670674139,62.3));
#9496=CARTESIAN_POINT('',(-53.4240390278796,52.2249734361939,62.3684040286651));
#9497=CARTESIAN_POINT('Origin',(-53.5904151546499,52.1375670674139,62.3));
#9498=CARTESIAN_POINT('',(-53.6867051269395,52.2989644964481,62.3684040286651));
#9499=CARTESIAN_POINT('Origin',(-53.5904151546498,52.1375670674139,62.3));
#9500=CARTESIAN_POINT('Origin',(-53.5904151546499,52.1375670674139,62.3));
#9501=CARTESIAN_POINT('Origin',(-53.9328224052328,50.9220313460509,64.6860284085865));
#9502=CARTESIAN_POINT('',(-53.0455753953869,53.5685082583931,59.7311205680871));
#9503=CARTESIAN_POINT('',(-53.3082414944468,53.6424993186473,59.7311205680871));
#9504=CARTESIAN_POINT('Origin',(-53.2167093585765,53.4642117095301,59.6958710150954));
#9505=CARTESIAN_POINT('',(-54.0291123775224,51.083428775085,64.7544324372517));
#9506=CARTESIAN_POINT('',(-53.7664462784625,51.0094377148309,64.7544324372517));
#9507=CARTESIAN_POINT('Origin',(-52.7772068264063,52.6227284969414,62.3));
#9508=CARTESIAN_POINT('',(-52.873496798696,52.7841259259756,62.3684040286651));
#9509=CARTESIAN_POINT('Origin',(-19.2285722978323,-13.2694553612866,62.3));
#9510=CARTESIAN_POINT('',(-52.1891079044296,49.874308833426,62.3684040286651));
#9511=CARTESIAN_POINT('Origin',(-52.3554840311998,49.7869024646459,62.3));
#9512=CARTESIAN_POINT('',(-19.0621961710621,-13.1820489925066,62.3684040286651));
#9513=CARTESIAN_POINT('Origin',(-32.9150744366116,60.,62.3));
#9514=CARTESIAN_POINT('',(-32.9150744366116,38.2280458451842,62.3684040286651));
#9515=CARTESIAN_POINT('Origin',(-32.9150744366116,38.040107321027,62.3));
#9516=CARTESIAN_POINT('Origin',(-32.9150744366116,60.,62.3684040286651));
#9517=CARTESIAN_POINT('Origin',(15.9740606554126,38.0401073210271,62.3));
#9518=CARTESIAN_POINT('',(38.2858887287776,38.2280458451842,62.3684040286651));
#9519=CARTESIAN_POINT('Origin',(38.2858887287776,38.0401073210271,62.3));
#9520=CARTESIAN_POINT('',(15.9740606554126,38.2280458451842,62.3684040286651));
#9521=CARTESIAN_POINT('Origin',(38.2858887287776,69.9999999999999,62.3));
#9522=CARTESIAN_POINT('',(59.8153653130534,46.6346686558304,62.3684040286651));
#9523=CARTESIAN_POINT('Origin',(59.9427171918648,46.4964572676398,62.3));
#9524=CARTESIAN_POINT('Origin',(38.2858887287776,69.9999999999999,62.3684040286651));
#9525=CARTESIAN_POINT('Origin',(36.3089472203911,24.719633746326,62.3));
#9526=CARTESIAN_POINT('',(66.0639165245921,52.3922603207156,62.3684040286651));
#9527=CARTESIAN_POINT('Origin',(66.1912684034035,52.2540489325249,62.3));
#9528=CARTESIAN_POINT('',(36.1815953415797,24.8578451345166,62.3684040286651));
#9529=CARTESIAN_POINT('Ctrl Pts',(66.1912684034035,52.2540489325249,62.5));
#9530=CARTESIAN_POINT('Ctrl Pts',(66.2170671713678,52.2778206463778,62.5));
#9531=CARTESIAN_POINT('Ctrl Pts',(66.244061352913,52.2554156252734,62.5));
#9532=CARTESIAN_POINT('Ctrl Pts',(66.0963727496797,52.3570364986043,62.5));
#9533=CARTESIAN_POINT('Ctrl Pts',(66.2122522876509,52.463811179545,62.5));
#9534=CARTESIAN_POINT('Ctrl Pts',(66.3335012282857,52.3631752306732,62.5));
#9535=CARTESIAN_POINT('Ctrl Pts',(66.0639165245921,52.3922603207156,62.3684040286651));
#9536=CARTESIAN_POINT('Ctrl Pts',(66.2106055004319,52.5274236883561,62.3684040286651));
#9537=CARTESIAN_POINT('Ctrl Pts',(66.3640914672798,52.4000311863568,62.3684040286651));
#9538=CARTESIAN_POINT('',(66.3640914672798,52.4000311863568,62.3684040286651));
#9539=CARTESIAN_POINT('Origin',(66.244061352913,52.2554156252734,62.3));
#9540=CARTESIAN_POINT('Origin',(66.2184461345781,52.2245537104005,62.3684040286651));
#9541=CARTESIAN_POINT('Origin',(91.8696666644539,30.9863052112924,62.3));
#9542=CARTESIAN_POINT('',(98.6506652201811,25.6023538752835,62.3684040286651));
#9543=CARTESIAN_POINT('Origin',(98.5306351058143,25.4577383142001,62.3));
#9544=CARTESIAN_POINT('',(91.9896967788207,31.1309207723758,62.3684040286651));
#9545=CARTESIAN_POINT('Ctrl Pts',(98.5306351058143,25.4577383142001,62.5));
#9546=CARTESIAN_POINT('Ctrl Pts',(98.5614970206872,25.4321230958652,62.5));
#9547=CARTESIAN_POINT('Ctrl Pts',(98.5358818023523,25.4012611809923,62.5));
#9548=CARTESIAN_POINT('Ctrl Pts',(98.6200749811871,25.5654979195999,62.5));
#9549=CARTESIAN_POINT('Ctrl Pts',(98.7586965014599,25.4504428258922,62.5));
#9550=CARTESIAN_POINT('Ctrl Pts',(98.6436414077522,25.3118213056195,62.5));
#9551=CARTESIAN_POINT('Ctrl Pts',(98.6506652201811,25.6023538752835,62.3684040286651));
#9552=CARTESIAN_POINT('Ctrl Pts',(98.8261426961375,25.4567085425818,62.3684040286651));
#9553=CARTESIAN_POINT('Ctrl Pts',(98.6804973634358,25.2812310666255,62.3684040286651));
#9554=CARTESIAN_POINT('',(98.6804973634358,25.2812310666255,62.3684040286651));
#9555=CARTESIAN_POINT('Origin',(98.5358818023523,25.4012611809923,62.3));
#9556=CARTESIAN_POINT('Origin',(98.5050198874794,25.4268763993272,62.3684040286651));
#9557=CARTESIAN_POINT('Origin',(72.2326512972408,-6.28958955150488,62.3));
#9558=CARTESIAN_POINT('',(89.2383105589076,13.9050264383573,62.3684040286651));
#9559=CARTESIAN_POINT('Origin',(89.0936949978242,14.0250565527241,62.3));
#9560=CARTESIAN_POINT('',(72.3772668583242,-6.40961966587169,62.3684040286651));
#9561=CARTESIAN_POINT('Origin',(105.991466305453,1.11022302462516E-14,62.3));
#9562=CARTESIAN_POINT('',(89.2383105589075,-13.9050264383571,62.3684040286651));
#9563=CARTESIAN_POINT('Origin',(89.0936949978241,-14.0250565527239,62.3));
#9564=CARTESIAN_POINT('Origin',(105.991466305453,1.47279889653155E-14,62.3684040286651));
#9565=CARTESIAN_POINT('Origin',(93.8997994226567,-19.8155824694004,62.3));
#9566=CARTESIAN_POINT('',(98.6804973634358,-25.2812310666255,62.3684040286651));
#9567=CARTESIAN_POINT('Origin',(98.5358818023523,-25.4012611809923,62.3));
#9568=CARTESIAN_POINT('',(94.0444149837401,-19.6955523550336,62.3684040286651));
#9569=CARTESIAN_POINT('Ctrl Pts',(98.5358818023523,-25.4012611809923,62.5));
#9570=CARTESIAN_POINT('Ctrl Pts',(98.5614970206872,-25.4321230958652,62.5));
#9571=CARTESIAN_POINT('Ctrl Pts',(98.5306351058143,-25.4577383142001,62.5));
#9572=CARTESIAN_POINT('Ctrl Pts',(98.6436414077522,-25.3118213056195,62.5));
#9573=CARTESIAN_POINT('Ctrl Pts',(98.7586965014599,-25.4504428258922,62.5));
#9574=CARTESIAN_POINT('Ctrl Pts',(98.6200749811871,-25.5654979195999,62.5));
#9575=CARTESIAN_POINT('Ctrl Pts',(98.6804973634357,-25.2812310666255,62.3684040286651));
#9576=CARTESIAN_POINT('Ctrl Pts',(98.8261426961374,-25.4567085425818,62.3684040286651));
#9577=CARTESIAN_POINT('Ctrl Pts',(98.6506652201811,-25.6023538752835,62.3684040286651));
#9578=CARTESIAN_POINT('',(98.6506652201811,-25.6023538752835,62.3684040286651));
#9579=CARTESIAN_POINT('Origin',(98.5306351058143,-25.4577383142001,62.3));
#9580=CARTESIAN_POINT('Origin',(98.5050198874794,-25.4268763993272,62.3684040286651));
#9581=CARTESIAN_POINT('Origin',(81.6247120132245,-39.4895608032721,62.3));
#9582=CARTESIAN_POINT('',(66.3640914672798,-52.4000311863568,62.3684040286651));
#9583=CARTESIAN_POINT('Origin',(66.244061352913,-52.2554156252734,62.3));
#9584=CARTESIAN_POINT('',(81.7447421275913,-39.6341763643555,62.3684040286651));
#9585=CARTESIAN_POINT('Ctrl Pts',(66.244061352913,-52.2554156252734,62.5));
#9586=CARTESIAN_POINT('Ctrl Pts',(66.2170671713679,-52.2778206463778,62.5));
#9587=CARTESIAN_POINT('Ctrl Pts',(66.1912684034035,-52.2540489325249,62.5));
#9588=CARTESIAN_POINT('Ctrl Pts',(66.3335012282858,-52.3631752306732,62.5));
#9589=CARTESIAN_POINT('Ctrl Pts',(66.2122522876509,-52.4638111795451,62.5));
#9590=CARTESIAN_POINT('Ctrl Pts',(66.0963727496797,-52.3570364986043,62.5));
#9591=CARTESIAN_POINT('Ctrl Pts',(66.3640914672798,-52.4000311863568,62.3684040286651));
#9592=CARTESIAN_POINT('Ctrl Pts',(66.210605500432,-52.5274236883561,62.3684040286651));
#9593=CARTESIAN_POINT('Ctrl Pts',(66.0639165245921,-52.3922603207156,62.3684040286651));
#9594=CARTESIAN_POINT('',(66.0639165245921,-52.3922603207156,62.3684040286651));
#9595=CARTESIAN_POINT('Origin',(66.1912684034035,-52.2540489325249,62.3));
#9596=CARTESIAN_POINT('Origin',(66.2184461345781,-52.2245537104005,62.3684040286651));
#9597=CARTESIAN_POINT('Origin',(66.1912684034035,-52.254048932525,62.3));
#9598=CARTESIAN_POINT('',(59.8153653130534,-46.6346686558304,62.3684040286651));
#9599=CARTESIAN_POINT('Origin',(59.9427171918648,-46.4964572676398,62.3));
#9600=CARTESIAN_POINT('',(66.0639165245921,-52.3922603207156,62.3684040286651));
#9601=CARTESIAN_POINT('Origin',(38.2858887287775,-70.0000000000001,62.3));
#9602=CARTESIAN_POINT('',(38.2858887287776,-38.2280458451842,62.3684040286651));
#9603=CARTESIAN_POINT('Origin',(38.2858887287776,-38.040107321027,62.3));
#9604=CARTESIAN_POINT('Origin',(38.2858887287775,-70.0000000000001,62.3684040286651));
#9605=CARTESIAN_POINT('Origin',(51.5745422381072,-38.040107321027,62.3));
#9606=CARTESIAN_POINT('',(-32.9150744366117,-38.2280458451842,62.3684040286651));
#9607=CARTESIAN_POINT('Origin',(-32.9150744366117,-38.040107321027,62.3));
#9608=CARTESIAN_POINT('',(51.5745422381072,-38.2280458451842,62.3684040286651));
#9609=CARTESIAN_POINT('Origin',(-32.9150744366116,-60.,62.3));
#9610=CARTESIAN_POINT('Origin',(-32.9150744366116,-60.,62.3684040286651));
#9611=CARTESIAN_POINT('Origin',(-8.99262186928767,-78.7446840786647,62.3));
#9612=CARTESIAN_POINT('',(-9.08891184157732,-78.9060815076989,62.3684040286651));
#9613=CARTESIAN_POINT('Origin',(38.2858887287776,-40.,57.5));
#9614=CARTESIAN_POINT('',(-32.9150744366117,-39.9879385241572,57.5331386325234));
#9615=CARTESIAN_POINT('',(-32.9150744366117,-40.,57.5));
#9616=CARTESIAN_POINT('',(38.2858887287776,-39.9879385241572,57.5331386325235));
#9617=CARTESIAN_POINT('',(2.68540714608296,-39.9879385241572,57.5331386325235));
#9618=CARTESIAN_POINT('',(38.2858887287776,-40.,57.5));
#9619=CARTESIAN_POINT('Origin',(-32.9150744366116,-60.,57.5));
#9620=CARTESIAN_POINT('',(-52.0714551385803,-53.9213270333521,57.7684040286651));
#9621=CARTESIAN_POINT('',(-51.9783395931839,-53.9508743135707,57.5));
#9622=CARTESIAN_POINT('',(-51.5889416356884,-52.5700692825937,57.7684040286651));
#9623=CARTESIAN_POINT('Origin',(-32.9150744366116,-60.,57.7684040286651));
#9624=CARTESIAN_POINT('',(-51.486726931457,-52.3473439903264,57.7377893483501));
#9625=CARTESIAN_POINT('Ctrl Pts',(-51.4867269314575,-52.3473439903272,57.7377893483509));
#9626=CARTESIAN_POINT('Ctrl Pts',(-51.4887448358947,-52.3511850276469,57.738894776736));
#9627=CARTESIAN_POINT('Ctrl Pts',(-51.4907546782732,-52.355093297167,57.7399132264515));
#9628=CARTESIAN_POINT('Ctrl Pts',(-51.5054523905845,-52.3841193599898,57.7469243789633));
#9629=CARTESIAN_POINT('Ctrl Pts',(-51.5248097950499,-52.4222872328472,57.7548968065049));
#9630=CARTESIAN_POINT('Ctrl Pts',(-51.5876462520314,-52.5670813948801,57.7681325234629));
#9631=CARTESIAN_POINT('Ctrl Pts',(-51.5882941378448,-52.5685753021505,57.7682685368269));
#9632=CARTESIAN_POINT('Ctrl Pts',(-51.5889416356884,-52.5700692825937,57.7684040286651));
#9633=CARTESIAN_POINT('',(-50.943541617347,-51.3134025288344,57.5331386325234));
#9634=CARTESIAN_POINT('Ctrl Pts',(-50.943541617347,-51.3134025288344,57.5331386325234));
#9635=CARTESIAN_POINT('Ctrl Pts',(-51.2146297666421,-51.8294129400043,57.5887317795483));
#9636=CARTESIAN_POINT('Ctrl Pts',(-51.486726931457,-52.3473439903263,57.7377893483501));
#9637=CARTESIAN_POINT('Origin',(-32.9150744366116,-60.,57.5331386325234));
#9638=CARTESIAN_POINT('Origin',(-52.9315028510125,-53.6484180292492,57.5));
#9639=CARTESIAN_POINT('',(-53.437671416194,-54.496837684335,57.5331386325235));
#9640=CARTESIAN_POINT('',(-53.4438510921273,-54.5071958118138,57.5));
#9641=CARTESIAN_POINT('',(-52.7089111685034,-54.6109539872226,57.5331386325234));
#9642=CARTESIAN_POINT('Origin',(-52.9315028510125,-53.6484180292492,57.5331386325234));
#9643=CARTESIAN_POINT('',(-52.6459741128444,-54.5513340908279,57.6456524608412));
#9644=CARTESIAN_POINT('Ctrl Pts',(-52.6459741128444,-54.5513340908279,57.6456524608412));
#9645=CARTESIAN_POINT('Ctrl Pts',(-52.6594498095864,-54.5712876261483,57.604545133825));
#9646=CARTESIAN_POINT('Ctrl Pts',(-52.6793091536775,-54.5932147568134,57.562298982234));
#9647=CARTESIAN_POINT('Ctrl Pts',(-52.7089111685034,-54.6109539872226,57.5331386325234));
#9648=CARTESIAN_POINT('',(-52.5422092962126,-54.4624278084472,57.7684040284683));
#9649=CARTESIAN_POINT('Ctrl Pts',(-52.5422092959763,-54.4624278081755,57.7684040286651));
#9650=CARTESIAN_POINT('Ctrl Pts',(-52.542576049446,-54.4626942659234,57.7681783240881));
#9651=CARTESIAN_POINT('Ctrl Pts',(-52.5429426608223,-54.4629604975092,57.7679521037989));
#9652=CARTESIAN_POINT('Ctrl Pts',(-52.5697253329666,-54.4824016538996,57.7513801246748));
#9653=CARTESIAN_POINT('Ctrl Pts',(-52.5923209507745,-54.498314117874,57.7341249565566));
#9654=CARTESIAN_POINT('Ctrl Pts',(-52.6258013664664,-54.5268965562036,57.6924013177561));
#9655=CARTESIAN_POINT('Ctrl Pts',(-52.6376824628508,-54.5390566009007,57.6709459632343));
#9656=CARTESIAN_POINT('Ctrl Pts',(-52.6459741128444,-54.5513340908279,57.6456524608413));
#9657=CARTESIAN_POINT('Origin',(-52.9315028510125,-53.6484180292492,57.7684040286651));
#9658=CARTESIAN_POINT('Origin',(-53.4438510921273,-54.5071958118138,57.5));
#9659=CARTESIAN_POINT('',(-93.7556379556489,-30.4430723666895,57.5331386325234));
#9660=CARTESIAN_POINT('',(-93.7618176315822,-30.4534304941682,57.5));
#9661=CARTESIAN_POINT('',(-73.5966546859215,-42.4699550255122,57.5331386325235));
#9662=CARTESIAN_POINT('Origin',(-93.2494693904674,-29.5946527116036,57.5));
#9663=CARTESIAN_POINT('',(-94.1831240728501,-29.2716798620037,57.5331386325235));
#9664=CARTESIAN_POINT('',(-94.1945228118625,-29.2677367733114,57.5));
#9665=CARTESIAN_POINT('Origin',(-93.2494693904674,-29.5946527116036,57.5331386325234));
#9666=CARTESIAN_POINT('Origin',(-94.1945228118625,-29.2677367733114,57.5));
#9667=CARTESIAN_POINT('',(-87.8008559695423,-10.8217249934843,57.5331386325234));
#9668=CARTESIAN_POINT('',(-87.8122547085546,-10.8177819047919,57.5));
#9669=CARTESIAN_POINT('',(-90.9919900211962,-20.046702427744,57.5331386325235));
#9670=CARTESIAN_POINT('Origin',(-97.2627889225052,-7.54862252186945,57.5));
#9671=CARTESIAN_POINT('',(-87.2507274466624,-7.54862252186948,57.5331386325234));
#9672=CARTESIAN_POINT('',(-87.2627889225052,-7.54862252186948,57.5));
#9673=CARTESIAN_POINT('Origin',(-97.2627889225052,-7.54862252186945,57.5331386325234));
#9674=CARTESIAN_POINT('Origin',(-87.2627889225052,-7.54862252186948,57.5));
#9675=CARTESIAN_POINT('',(-87.2507274466624,7.54862252186951,57.5331386325234));
#9676=CARTESIAN_POINT('',(-87.2627889225052,7.54862252186951,57.5));
#9677=CARTESIAN_POINT('',(-87.2507274466624,1.55431223447522E-14,57.5331386325234));
#9678=CARTESIAN_POINT('Origin',(-97.2627889225055,7.54862252186944,57.5));
#9679=CARTESIAN_POINT('',(-87.8008559695423,10.8217249934843,57.5331386325234));
#9680=CARTESIAN_POINT('',(-87.8122547085546,10.817781904792,57.5));
#9681=CARTESIAN_POINT('Origin',(-97.2627889225055,7.54862252186944,57.5331386325234));
#9682=CARTESIAN_POINT('Origin',(-87.8122547085546,10.817781904792,57.5));
#9683=CARTESIAN_POINT('',(-94.1831240728501,29.2716798620037,57.5331386325234));
#9684=CARTESIAN_POINT('',(-94.1945228118625,29.2677367733114,57.5));
#9685=CARTESIAN_POINT('',(-90.9919900211962,20.046702427744,57.5331386325234));
#9686=CARTESIAN_POINT('Origin',(-93.2494693904674,29.5946527116036,57.5));
#9687=CARTESIAN_POINT('',(-93.7556379556489,30.4430723666895,57.5331386325234));
#9688=CARTESIAN_POINT('',(-93.7618176315822,30.4534304941682,57.5));
#9689=CARTESIAN_POINT('Origin',(-93.2494693904674,29.5946527116036,57.5331386325234));
#9690=CARTESIAN_POINT('Origin',(-93.7618176315822,30.4534304941682,57.5));
#9691=CARTESIAN_POINT('',(-53.7181200873387,54.3295215446989,57.5331386325234));
#9692=CARTESIAN_POINT('',(-53.724299763272,54.3398796721777,57.5));
#9693=CARTESIAN_POINT('',(-73.7368790214938,42.3862969556942,57.5331386325234));
#9694=CARTESIAN_POINT('Origin',(64.8631957474367,-53.6953685825558,62.5));
#9695=CARTESIAN_POINT('Ctrl Pts',(-52.5386748088686,-54.4583002285367,57.6258674548744));
#9696=CARTESIAN_POINT('Ctrl Pts',(-52.5224953790217,-54.4391154439243,57.6003082078492));
#9697=CARTESIAN_POINT('Ctrl Pts',(-52.4755149506738,-54.3831804290689,57.5606926837957));
#9698=CARTESIAN_POINT('Ctrl Pts',(-52.3771352677855,-54.2587056652692,57.5272878442315));
#9699=CARTESIAN_POINT('Ctrl Pts',(-52.2649207533928,-54.0931509158192,57.5151973460116));
#9700=CARTESIAN_POINT('Ctrl Pts',(-52.1968218364768,-53.957817130385,57.516298048526));
#9701=CARTESIAN_POINT('Ctrl Pts',(-52.167987274899,-53.8906956058119,57.5197514785594));
#9702=CARTESIAN_POINT('Ctrl Pts',(-52.5629364670952,-54.4649478248025,57.6143236676404));
#9703=CARTESIAN_POINT('Ctrl Pts',(-52.5474949721001,-54.4431357647211,57.5850887987661));
#9704=CARTESIAN_POINT('Ctrl Pts',(-52.5028125543654,-54.3801440291453,57.5409175973427));
#9705=CARTESIAN_POINT('Ctrl Pts',(-52.4096976896563,-54.2455893180573,57.5072731796653));
#9706=CARTESIAN_POINT('Ctrl Pts',(-52.3018394538013,-54.0743877956415,57.4980127102252));
#9707=CARTESIAN_POINT('Ctrl Pts',(-52.2325144619255,-53.9384412312317,57.4986492033302));
#9708=CARTESIAN_POINT('Ctrl Pts',(-52.2017387461646,-53.8712194665226,57.5014516942637));
#9709=CARTESIAN_POINT('Ctrl Pts',(-52.6012336832107,-54.4851084390616,57.590347343656));
#9710=CARTESIAN_POINT('Ctrl Pts',(-52.5866058913935,-54.4591075990517,57.5529351225866));
#9711=CARTESIAN_POINT('Ctrl Pts',(-52.5446230855536,-54.384571104438,57.4964872770875));
#9712=CARTESIAN_POINT('Ctrl Pts',(-52.4585383412531,-54.2314988264692,57.4537704161963));
#9713=CARTESIAN_POINT('Ctrl Pts',(-52.3572107526266,-54.0475848999892,57.4425102242908));
#9714=CARTESIAN_POINT('Ctrl Pts',(-52.2848960528462,-53.9088426997385,57.4433302806092));
#9715=CARTESIAN_POINT('Ctrl Pts',(-52.2502089453001,-53.840543901193,57.4467878464211));
#9716=CARTESIAN_POINT('Ctrl Pts',(-52.6266511255956,-54.5171649642398,57.5633177627921));
#9717=CARTESIAN_POINT('Ctrl Pts',(-52.6113017857677,-54.487945544555,57.5163102186321));
#9718=CARTESIAN_POINT('Ctrl Pts',(-52.5674401878531,-54.4044615133799,57.4439134289255));
#9719=CARTESIAN_POINT('Ctrl Pts',(-52.4790931976025,-54.2362734270841,57.3843226606151));
#9720=CARTESIAN_POINT('Ctrl Pts',(-52.3764310596758,-54.040840855385,57.3640094820346));
#9721=CARTESIAN_POINT('Ctrl Pts',(-52.3010329178233,-53.8973484780675,57.3658016144816));
#9722=CARTESIAN_POINT('Ctrl Pts',(-52.2636999928843,-53.8262953570218,57.3716766034873));
#9723=CARTESIAN_POINT('Ctrl Pts',(-52.6346628711774,-54.5324151481471,57.5517349097489));
#9724=CARTESIAN_POINT('Ctrl Pts',(-52.6186775642263,-54.5019874631525,57.5006164156984));
#9725=CARTESIAN_POINT('Ctrl Pts',(-52.5730643825767,-54.4151637614194,57.4213853675913));
#9726=CARTESIAN_POINT('Ctrl Pts',(-52.4818314227585,-54.2415038016225,57.3545756884629));
#9727=CARTESIAN_POINT('Ctrl Pts',(-52.3770071534265,-54.0419730790171,57.3303946920231));
#9728=CARTESIAN_POINT('Ctrl Pts',(-52.3004968424186,-53.8963373618358,57.332596097052));
#9729=CARTESIAN_POINT('Ctrl Pts',(-52.2624370912395,-53.8238914511386,57.3395029571188));
#9730=CARTESIAN_POINT('',(-52.5386748088686,-54.4583002285367,57.6258674548744));
#9731=CARTESIAN_POINT('',(-52.6346628712031,-54.5324151481961,57.5517349097116));
#9732=CARTESIAN_POINT('Origin',(-52.4576090951978,-54.6254310629756,57.5517349097489));
#9733=CARTESIAN_POINT('',(-52.2624370912395,-53.8238914511386,57.3395029571188));
#9734=CARTESIAN_POINT('Ctrl Pts',(-52.6346628711774,-54.5324151481471,57.5517349097489));
#9735=CARTESIAN_POINT('Ctrl Pts',(-52.6186775642263,-54.5019874631525,57.5006164156984));
#9736=CARTESIAN_POINT('Ctrl Pts',(-52.5730643825767,-54.4151637614194,57.4213853675913));
#9737=CARTESIAN_POINT('Ctrl Pts',(-52.4818314227585,-54.2415038016225,57.3545756884629));
#9738=CARTESIAN_POINT('Ctrl Pts',(-52.3770071534265,-54.0419730790171,57.3303946920231));
#9739=CARTESIAN_POINT('Ctrl Pts',(-52.3004968424186,-53.8963373618358,57.332596097052));
#9740=CARTESIAN_POINT('Ctrl Pts',(-52.2624370912395,-53.8238914511386,57.3395029571188));
#9741=CARTESIAN_POINT('',(-52.1679872748992,-53.8906956058118,57.5197514785593));
#9742=CARTESIAN_POINT('Origin',(-52.08538331526,-53.9169073659671,57.3395029571188));
#9743=CARTESIAN_POINT('Ctrl Pts',(-52.167987274899,-53.8906956058119,57.5197514785594));
#9744=CARTESIAN_POINT('Ctrl Pts',(-52.1968218364768,-53.957817130385,57.516298048526));
#9745=CARTESIAN_POINT('Ctrl Pts',(-52.2649207533928,-54.0931509158192,57.5151973460116));
#9746=CARTESIAN_POINT('Ctrl Pts',(-52.3771352677855,-54.2587056652692,57.5272878442315));
#9747=CARTESIAN_POINT('Ctrl Pts',(-52.4755149506738,-54.3831804290689,57.5606926837957));
#9748=CARTESIAN_POINT('Ctrl Pts',(-52.5224953790217,-54.4391154439243,57.6003082078492));
#9749=CARTESIAN_POINT('Ctrl Pts',(-52.5386748088686,-54.4583002285367,57.6258674548744));
#9750=CARTESIAN_POINT('Ctrl Pts',(-51.5913714198759,-52.5465325038637,57.8368080573302));
#9751=CARTESIAN_POINT('Ctrl Pts',(-51.569607582446,-52.5051055114628,57.8233267384147));
#9752=CARTESIAN_POINT('Ctrl Pts',(-51.5314701571263,-52.4325117497005,57.7929545715551));
#9753=CARTESIAN_POINT('Ctrl Pts',(-51.4802786945273,-52.3350699111769,57.7476193828808));
#9754=CARTESIAN_POINT('Ctrl Pts',(-51.4801214150136,-52.3347705330312,57.6978742289479));
#9755=CARTESIAN_POINT('Ctrl Pts',(-51.4803056905492,-52.3351212975156,57.6948911482237));
#9756=CARTESIAN_POINT('Ctrl Pts',(-51.4807705819708,-52.3360062082511,57.689702913456));
#9757=CARTESIAN_POINT('Ctrl Pts',(-51.4825874814017,-52.339464636902,57.6796009490312));
#9758=CARTESIAN_POINT('Ctrl Pts',(-51.4886001020342,-52.3509095298376,57.6620783144341));
#9759=CARTESIAN_POINT('Ctrl Pts',(-51.5043695360812,-52.3809263054425,57.6360595612277));
#9760=CARTESIAN_POINT('Ctrl Pts',(-51.5300157102153,-52.4297432415367,57.6096509570778));
#9761=CARTESIAN_POINT('Ctrl Pts',(-51.562086557401,-52.4907894034067,57.5843163650107));
#9762=CARTESIAN_POINT('Ctrl Pts',(-51.6057038863344,-52.5738140427935,57.5557329478576));
#9763=CARTESIAN_POINT('Ctrl Pts',(-51.6492016419262,-52.6566110769196,57.5321636188328));
#9764=CARTESIAN_POINT('Ctrl Pts',(-51.6875603164585,-52.7296259817356,57.5137671463056));
#9765=CARTESIAN_POINT('Ctrl Pts',(-51.7095853976894,-52.7715502460444,57.5037713919847));
#9766=CARTESIAN_POINT('Ctrl Pts',(-51.809486622968,-52.9617100610986,57.4600366398439));
#9767=CARTESIAN_POINT('Ctrl Pts',(-51.9937845972312,-53.3125172569438,57.3981816667709));
#9768=CARTESIAN_POINT('Ctrl Pts',(-52.1721621488392,-53.6520550567131,57.3558855233448));
#9769=CARTESIAN_POINT('Ctrl Pts',(-52.2624370916077,-53.8238914518394,57.339502957052));
#9770=CARTESIAN_POINT('Ctrl Pts',(-51.5931562713754,-52.5499299299722,57.8234866334713));
#9771=CARTESIAN_POINT('Ctrl Pts',(-51.5713678634026,-52.5084577818097,57.8113750484749));
#9772=CARTESIAN_POINT('Ctrl Pts',(-51.5331815697558,-52.4357825074061,57.7840349215552));
#9773=CARTESIAN_POINT('Ctrl Pts',(-51.4819180275731,-52.3382116097133,57.7430784577278));
#9774=CARTESIAN_POINT('Ctrl Pts',(-51.4817599482473,-52.3379120094518,57.69807691502));
#9775=CARTESIAN_POINT('Ctrl Pts',(-51.4819444850438,-52.3382632481325,57.6953783783694));
#9776=CARTESIAN_POINT('Ctrl Pts',(-51.4824099865424,-52.3391493711562,57.6906850361888));
#9777=CARTESIAN_POINT('Ctrl Pts',(-51.4842293427002,-52.3426125045869,57.6815471056145));
#9778=CARTESIAN_POINT('Ctrl Pts',(-51.490249824349,-52.3540730087958,57.6656992955696));
#9779=CARTESIAN_POINT('Ctrl Pts',(-51.5060402874884,-52.3841298485046,57.6421797961744));
#9780=CARTESIAN_POINT('Ctrl Pts',(-51.5317176772386,-52.4330105088819,57.6183382714176));
#9781=CARTESIAN_POINT('Ctrl Pts',(-51.5638277153485,-52.4941307111491,57.5955080262015));
#9782=CARTESIAN_POINT('Ctrl Pts',(-51.6074933250675,-52.5772502991926,57.5698036005163));
#9783=CARTESIAN_POINT('Ctrl Pts',(-51.651031765968,-52.6601326723843,57.5486818554028));
#9784=CARTESIAN_POINT('Ctrl Pts',(-51.689423853992,-52.7332114492095,57.5322578757188));
#9785=CARTESIAN_POINT('Ctrl Pts',(-51.7114679864826,-52.7751686580368,57.5233529635463));
#9786=CARTESIAN_POINT('Ctrl Pts',(-51.8114402358788,-52.9654727564966,57.4844495877738));
#9787=CARTESIAN_POINT('Ctrl Pts',(-51.9957781748058,-53.3163988768325,57.4302925371625));
#9788=CARTESIAN_POINT('Ctrl Pts',(-52.1739708243354,-53.6556216500623,57.3951557225497));
#9789=CARTESIAN_POINT('Ctrl Pts',(-52.2641209604667,-53.8270966596825,57.3824011522247));
#9790=CARTESIAN_POINT('Ctrl Pts',(-51.5940377793533,-52.5570530158828,57.8001748919288));
#9791=CARTESIAN_POINT('Ctrl Pts',(-51.572640393646,-52.5152739924994,57.7904597317955));
#9792=CARTESIAN_POINT('Ctrl Pts',(-51.5351190714013,-52.4420623513165,57.7684288025079));
#9793=CARTESIAN_POINT('Ctrl Pts',(-51.484626066552,-52.3437948505064,57.7351381895074));
#9794=CARTESIAN_POINT('Ctrl Pts',(-51.4844704132805,-52.3434928994552,57.698438490388));
#9795=CARTESIAN_POINT('Ctrl Pts',(-51.4846522372157,-52.3438466325001,57.6962378966894));
#9796=CARTESIAN_POINT('Ctrl Pts',(-51.4851109069034,-52.3447390288109,57.6924106376394));
#9797=CARTESIAN_POINT('Ctrl Pts',(-51.4869034885427,-52.3482267209633,57.6849597803695));
#9798=CARTESIAN_POINT('Ctrl Pts',(-51.4928351672959,-52.3597684471364,57.6720431843041));
#9799=CARTESIAN_POINT('Ctrl Pts',(-51.508388251501,-52.3900394330698,57.6528974386407));
#9800=CARTESIAN_POINT('Ctrl Pts',(-51.5336664804246,-52.4392701387609,57.6335501439198));
#9801=CARTESIAN_POINT('Ctrl Pts',(-51.5652456772565,-52.500834724261,57.6151024439295));
#9802=CARTESIAN_POINT('Ctrl Pts',(-51.6081502283007,-52.5845646290151,57.5944376216444));
#9803=CARTESIAN_POINT('Ctrl Pts',(-51.6508687333931,-52.6680645173149,57.5776022199581));
#9804=CARTESIAN_POINT('Ctrl Pts',(-51.688475989803,-52.7416977337095,57.5646296230297));
#9805=CARTESIAN_POINT('Ctrl Pts',(-51.7100505010221,-52.7839764454177,57.5576318306632));
#9806=CARTESIAN_POINT('Ctrl Pts',(-51.8078482474978,-52.9757397332608,57.527183852033));
#9807=CARTESIAN_POINT('Ctrl Pts',(-51.987332359912,-53.3294575809301,57.4864993341726));
#9808=CARTESIAN_POINT('Ctrl Pts',(-52.1587752229549,-53.6714958212546,57.4638099066866));
#9809=CARTESIAN_POINT('Ctrl Pts',(-52.2447272379286,-53.8444211086588,57.4572492343581));
#9810=CARTESIAN_POINT('Ctrl Pts',(-51.5909668200675,-52.5659669362271,57.7777408071323));
#9811=CARTESIAN_POINT('Ctrl Pts',(-51.5707054375105,-52.5235479696164,57.770164438608));
#9812=CARTESIAN_POINT('Ctrl Pts',(-51.5351254052053,-52.4492270577055,57.7530174739395));
#9813=CARTESIAN_POINT('Ctrl Pts',(-51.486984501056,-52.3495389376263,57.7272039871683));
#9814=CARTESIAN_POINT('Ctrl Pts',(-51.4868346230592,-52.3492330328795,57.6987872723361));
#9815=CARTESIAN_POINT('Ctrl Pts',(-51.4870081092536,-52.3495918431815,57.6970833140386));
#9816=CARTESIAN_POINT('Ctrl Pts',(-51.4874456362668,-52.3504970790402,57.6941197754342));
#9817=CARTESIAN_POINT('Ctrl Pts',(-51.4891556341619,-52.3540349374055,57.6883501391181));
#9818=CARTESIAN_POINT('Ctrl Pts',(-51.4948129027662,-52.3657429891811,57.6783462655028));
#9819=CARTESIAN_POINT('Ctrl Pts',(-51.5096384707552,-52.3964523597366,57.6635102915152));
#9820=CARTESIAN_POINT('Ctrl Pts',(-51.5336997804343,-52.4464052758406,57.6484978216966));
#9821=CARTESIAN_POINT('Ctrl Pts',(-51.563696612963,-52.5088891785948,57.6341574000682));
#9822=CARTESIAN_POINT('Ctrl Pts',(-51.6043632357719,-52.5938917907363,57.6180574399611));
#9823=CARTESIAN_POINT('Ctrl Pts',(-51.6447203756249,-52.678693879862,57.6048904046664));
#9824=CARTESIAN_POINT('Ctrl Pts',(-51.6801337009478,-52.7535024198595,57.5947027154987));
#9825=CARTESIAN_POINT('Ctrl Pts',(-51.7004165711335,-52.7964635006777,57.5891944349662));
#9826=CARTESIAN_POINT('Ctrl Pts',(-51.7922493600412,-52.9913472304481,57.5651799101095));
#9827=CARTESIAN_POINT('Ctrl Pts',(-51.9591519719696,-53.351183767491,57.5324583419187));
#9828=CARTESIAN_POINT('Ctrl Pts',(-52.1155773857058,-53.6997236512808,57.5126360740748));
#9829=CARTESIAN_POINT('Ctrl Pts',(-52.1933008786653,-53.8760885020645,57.5060266403106));
#9830=CARTESIAN_POINT('Ctrl Pts',(-51.5889416356884,-52.5700692825937,57.7684040286651));
#9831=CARTESIAN_POINT('Ctrl Pts',(-51.5692949824584,-52.5273271168679,57.7616633692074));
#9832=CARTESIAN_POINT('Ctrl Pts',(-51.5347719213395,-52.4524435815578,57.7464772857923));
#9833=CARTESIAN_POINT('Ctrl Pts',(-51.4879334876662,-52.3520263818748,57.7238096914672));
#9834=CARTESIAN_POINT('Ctrl Pts',(-51.4877869797277,-52.3517183997959,57.6989371145029));
#9835=CARTESIAN_POINT('Ctrl Pts',(-51.487955839244,-52.3520798193967,57.6974455741407));
#9836=CARTESIAN_POINT('Ctrl Pts',(-51.4883816476725,-52.3529916500287,57.6948514567569));
#9837=CARTESIAN_POINT('Ctrl Pts',(-51.490045861433,-52.3565552773513,57.6898004745445));
#9838=CARTESIAN_POINT('Ctrl Pts',(-51.4955511180811,-52.3683487284505,57.6810391572459));
#9839=CARTESIAN_POINT('Ctrl Pts',(-51.5099742743612,-52.3992829472361,57.6680297806426));
#9840=CARTESIAN_POINT('Ctrl Pts',(-51.533365675935,-52.4496051561567,57.6548254785672));
#9841=CARTESIAN_POINT('Ctrl Pts',(-51.5624970085116,-52.5125569807977,57.6421581825336));
#9842=CARTESIAN_POINT('Ctrl Pts',(-51.6019486283465,-52.5982039907859,57.6278664739566));
#9843=CARTESIAN_POINT('Ctrl Pts',(-51.6410382412836,-52.6836598826957,57.6160818094431));
#9844=CARTESIAN_POINT('Ctrl Pts',(-51.6752881640792,-52.7590529428395,57.606883573179));
#9845=CARTESIAN_POINT('Ctrl Pts',(-51.6948903050345,-52.8023516906689,57.6018856960186));
#9846=CARTESIAN_POINT('Ctrl Pts',(-51.7835953856247,-52.9987736962491,57.5800183199459));
#9847=CARTESIAN_POINT('Ctrl Pts',(-51.9441219457236,-53.3615381214893,57.5490908334007));
#9848=CARTESIAN_POINT('Ctrl Pts',(-52.093702216018,-53.7129214575886,57.5279427616724));
#9849=CARTESIAN_POINT('Ctrl Pts',(-52.1679872752021,-53.8906956065372,57.519751478526));
#9850=CARTESIAN_POINT('Ctrl Pts',(-51.5889416356884,-52.5700692825937,57.7684040286651));
#9851=CARTESIAN_POINT('Ctrl Pts',(-51.5692949824584,-52.5273271168679,57.7616633692074));
#9852=CARTESIAN_POINT('Ctrl Pts',(-51.5347719213395,-52.4524435815578,57.7464772857923));
#9853=CARTESIAN_POINT('Ctrl Pts',(-51.4879334876662,-52.3520263818748,57.7238096914672));
#9854=CARTESIAN_POINT('Ctrl Pts',(-51.4877869797277,-52.3517183997959,57.6989371145029));
#9855=CARTESIAN_POINT('Ctrl Pts',(-51.487955839244,-52.3520798193967,57.6974455741407));
#9856=CARTESIAN_POINT('Ctrl Pts',(-51.4883816476725,-52.3529916500287,57.6948514567569));
#9857=CARTESIAN_POINT('Ctrl Pts',(-51.490045861433,-52.3565552773513,57.6898004745445));
#9858=CARTESIAN_POINT('Ctrl Pts',(-51.4955511180811,-52.3683487284505,57.6810391572459));
#9859=CARTESIAN_POINT('Ctrl Pts',(-51.5099742743612,-52.3992829472361,57.6680297806426));
#9860=CARTESIAN_POINT('Ctrl Pts',(-51.533365675935,-52.4496051561567,57.6548254785672));
#9861=CARTESIAN_POINT('Ctrl Pts',(-51.5624970085116,-52.5125569807977,57.6421581825336));
#9862=CARTESIAN_POINT('Ctrl Pts',(-51.6019486283465,-52.5982039907859,57.6278664739566));
#9863=CARTESIAN_POINT('Ctrl Pts',(-51.6410382412836,-52.6836598826957,57.6160818094431));
#9864=CARTESIAN_POINT('Ctrl Pts',(-51.6752881640792,-52.7590529428395,57.606883573179));
#9865=CARTESIAN_POINT('Ctrl Pts',(-51.6948903050345,-52.8023516906689,57.6018856960186));
#9866=CARTESIAN_POINT('Ctrl Pts',(-51.7835953856247,-52.9987736962491,57.5800183199459));
#9867=CARTESIAN_POINT('Ctrl Pts',(-51.9441219457236,-53.3615381214893,57.5490908334007));
#9868=CARTESIAN_POINT('Ctrl Pts',(-52.093702216018,-53.7129214575886,57.5279427616724));
#9869=CARTESIAN_POINT('Ctrl Pts',(-52.1679872752021,-53.8906956065372,57.519751478526));
#9870=CARTESIAN_POINT('Ctrl Pts',(-52.2624370916077,-53.8238914518394,57.339502957052));
#9871=CARTESIAN_POINT('Ctrl Pts',(-52.1721621488392,-53.6520550567131,57.3558855233448));
#9872=CARTESIAN_POINT('Ctrl Pts',(-51.9937845972312,-53.3125172569438,57.3981816667709));
#9873=CARTESIAN_POINT('Ctrl Pts',(-51.809486622968,-52.9617100610986,57.4600366398439));
#9874=CARTESIAN_POINT('Ctrl Pts',(-51.7095853976894,-52.7715502460444,57.5037713919847));
#9875=CARTESIAN_POINT('Ctrl Pts',(-51.6875603164585,-52.7296259817356,57.5137671463056));
#9876=CARTESIAN_POINT('Ctrl Pts',(-51.6492016419262,-52.6566110769196,57.5321636188328));
#9877=CARTESIAN_POINT('Ctrl Pts',(-51.6057038863344,-52.5738140427935,57.5557329478576));
#9878=CARTESIAN_POINT('Ctrl Pts',(-51.562086557401,-52.4907894034067,57.5843163650107));
#9879=CARTESIAN_POINT('Ctrl Pts',(-51.5300157102153,-52.4297432415367,57.6096509570778));
#9880=CARTESIAN_POINT('Ctrl Pts',(-51.5043695360812,-52.3809263054425,57.6360595612277));
#9881=CARTESIAN_POINT('Ctrl Pts',(-51.4886001020342,-52.3509095298376,57.6620783144341));
#9882=CARTESIAN_POINT('Ctrl Pts',(-51.4825874814017,-52.339464636902,57.6796009490312));
#9883=CARTESIAN_POINT('Ctrl Pts',(-51.4807705819708,-52.3360062082511,57.689702913456));
#9884=CARTESIAN_POINT('Ctrl Pts',(-51.4803056905492,-52.3351212975156,57.6948911482237));
#9885=CARTESIAN_POINT('Ctrl Pts',(-51.4801214150136,-52.3347705330312,57.6978742289479));
#9886=CARTESIAN_POINT('Ctrl Pts',(-51.4801729319021,-52.3348685943119,57.7141682489868));
#9887=CARTESIAN_POINT('Ctrl Pts',(-51.4828018539457,-52.3398726903915,57.7270775639491));
#9888=CARTESIAN_POINT('Ctrl Pts',(-51.4868317936281,-52.3475435931531,57.7376037423279));
#9889=CARTESIAN_POINT('Ctrl Pts',(-52.6346628712089,-54.5324151482071,57.5517349097488));
#9890=CARTESIAN_POINT('Ctrl Pts',(-52.6412193114801,-54.5448951900375,57.5936678365785));
#9891=CARTESIAN_POINT('Ctrl Pts',(-52.6538449939031,-54.5622303122949,57.6927958266301));
#9892=CARTESIAN_POINT('Ctrl Pts',(-52.6428787426762,-54.5474441172912,57.7938359226647));
#9893=CARTESIAN_POINT('Ctrl Pts',(-52.6364207280561,-54.5356870349737,57.8368080573303));
#9894=CARTESIAN_POINT('Ctrl Pts',(-52.615968798187,-54.4968313857317,57.5787615668516));
#9895=CARTESIAN_POINT('Ctrl Pts',(-52.6207974669301,-54.5122869943195,57.6124049906689));
#9896=CARTESIAN_POINT('Ctrl Pts',(-52.6324183972168,-54.5349506727754,57.6940220652715));
#9897=CARTESIAN_POINT('Ctrl Pts',(-52.6222434353754,-54.515554336093,57.7773871815469));
#9898=CARTESIAN_POINT('Ctrl Pts',(-52.617305106606,-54.5008862566918,57.8120196877548));
#9899=CARTESIAN_POINT('Ctrl Pts',(-52.5811327107851,-54.4699335220132,57.6056658272185));
#9900=CARTESIAN_POINT('Ctrl Pts',(-52.5891304586261,-54.4871361074112,57.6311327914214));
#9901=CARTESIAN_POINT('Ctrl Pts',(-52.6053261147196,-54.5120971288809,57.6952480407623));
#9902=CARTESIAN_POINT('Ctrl Pts',(-52.5912356581279,-54.490746209448,57.7609423348716));
#9903=CARTESIAN_POINT('Ctrl Pts',(-52.5832996712864,-54.474443479595,57.7873293850917));
#9904=CARTESIAN_POINT('Ctrl Pts',(-52.5386748088686,-54.4583002285367,57.6258674548744));
#9905=CARTESIAN_POINT('Ctrl Pts',(-52.5519469300433,-54.4740376672864,57.6468339182893));
#9906=CARTESIAN_POINT('Ctrl Pts',(-52.5753805150658,-54.4960488333687,57.6963979133151));
#9907=CARTESIAN_POINT('Ctrl Pts',(-52.5551096081408,-54.4772658668872,57.7469179613324));
#9908=CARTESIAN_POINT('Ctrl Pts',(-52.5422092959763,-54.4624278081755,57.7684040286651));
#9909=CARTESIAN_POINT('Ctrl Pts',(-52.6459257643924,-54.5512648552723,57.6456635651596));
#9910=CARTESIAN_POINT('Ctrl Pts',(-52.6434712335426,-54.5476316794165,57.6123235883449));
#9911=CARTESIAN_POINT('Ctrl Pts',(-52.6391234274908,-54.5409057203288,57.5802632227433));
#9912=CARTESIAN_POINT('Ctrl Pts',(-52.6346628712089,-54.5324151482071,57.5517349097488));
#9913=CARTESIAN_POINT('Ctrl Pts',(-52.5386748088686,-54.4583002285367,57.6258674548744));
#9914=CARTESIAN_POINT('Ctrl Pts',(-52.5519469300433,-54.4740376672864,57.6468339182893));
#9915=CARTESIAN_POINT('Ctrl Pts',(-52.5753805150658,-54.4960488333687,57.6963979133151));
#9916=CARTESIAN_POINT('Ctrl Pts',(-52.5551096081408,-54.4772658668872,57.7469179613324));
#9917=CARTESIAN_POINT('Ctrl Pts',(-52.5422092959763,-54.4624278081755,57.7684040286651));
#9918=CARTESIAN_POINT('Origin',(-32.9150744366116,-60.,57.7));
#9919=CARTESIAN_POINT('Origin',(-52.2505912345374,-53.8644838456546,57.7));
#9920=CARTESIAN_POINT('Origin',(-52.6785154632667,-54.6158876058466,0.));
#9921=CARTESIAN_POINT('',(-52.6346628712405,-54.5324151482672,0.2));
#9922=CARTESIAN_POINT('',(-52.6346628712405,-54.5324151482672,0.));
#9923=CARTESIAN_POINT('',(-50.6204520345657,-50.6984085171479,0.2));
#9924=CARTESIAN_POINT('',(-35.4170750516811,-21.7591102538064,0.2));
#9925=CARTESIAN_POINT('',(-50.6204520345657,-50.6984085171479,57.4647346038583));
#9926=CARTESIAN_POINT('',(-50.6204520345657,-50.6984085171479,0.));
#9927=CARTESIAN_POINT('',(-50.7851168880487,-51.0118444934969,57.5));
#9928=CARTESIAN_POINT('Ctrl Pts',(-50.7851168880487,-51.0118444934969,57.5));
#9929=CARTESIAN_POINT('Ctrl Pts',(-50.7290730656667,-50.905166293413,57.4880930982815));
#9930=CARTESIAN_POINT('Ctrl Pts',(-50.6740642533467,-50.8004582125288,57.4762621405986));
#9931=CARTESIAN_POINT('Ctrl Pts',(-50.6204520345657,-50.6984085171479,57.4647346038583));
#9932=CARTESIAN_POINT('Ctrl Pts',(-50.7851168880487,-51.0118444934969,57.5));
#9933=CARTESIAN_POINT('Ctrl Pts',(-50.8371297717822,-51.110849889311,57.5110505006332));
#9934=CARTESIAN_POINT('Ctrl Pts',(-50.8900335634382,-51.211551109028,57.5221655187374));
#9935=CARTESIAN_POINT('Ctrl Pts',(-50.943541617347,-51.3134025288344,57.5331386325234));
#9936=CARTESIAN_POINT('Origin',(-52.81171664722,-54.4393992334387,0.2));
#9937=CARTESIAN_POINT('',(-52.7817700962719,-54.637144534486,0.2));
#9938=CARTESIAN_POINT('Origin',(-52.81171664722,-54.4393992334387,0.2));
#9939=CARTESIAN_POINT('',(-52.81171664722,-54.4393992334386,0.));
#9940=CARTESIAN_POINT('Origin',(-52.81171664722,-54.4393992334387,0.2));
#9941=CARTESIAN_POINT('Origin',(-52.81171664722,-54.4393992334386,0.2));
#9942=CARTESIAN_POINT('Origin',(-35.5941288276606,-21.6660943389778,0.2));
#9943=CARTESIAN_POINT('',(-50.7975058105453,-50.6053926023194,0.));
#9944=CARTESIAN_POINT('Origin',(-50.7975058105453,-50.6053926023194,0.2));
#9945=CARTESIAN_POINT('',(-35.5941288276606,-21.6660943389778,0.));
#9946=CARTESIAN_POINT('Origin',(-32.9150744366116,-60.,0.2));
#9947=CARTESIAN_POINT('',(-32.9150744366117,-39.8,0.));
#9948=CARTESIAN_POINT('',(-32.9150744366117,-40.,0.2));
#9949=CARTESIAN_POINT('Origin',(-32.9150744366117,-39.8,0.2));
#9950=CARTESIAN_POINT('Origin',(-32.9150744366116,-60.,0.2));
#9951=CARTESIAN_POINT('Origin',(-32.9150744366116,-60.,0.));
#9952=CARTESIAN_POINT('Origin',(-14.8936495940528,-39.8,0.2));
#9953=CARTESIAN_POINT('',(38.2858887287776,-39.8,0.));
#9954=CARTESIAN_POINT('',(38.2858887287776,-40.,0.2));
#9955=CARTESIAN_POINT('Origin',(38.2858887287776,-39.8,0.2));
#9956=CARTESIAN_POINT('',(-14.8936495940528,-40.,0.2));
#9957=CARTESIAN_POINT('',(-14.8936495940528,-39.8,0.));
#9958=CARTESIAN_POINT('Origin',(38.2858887287775,-70.0000000000001,0.2));
#9959=CARTESIAN_POINT('',(58.7501695746121,-47.7906954304551,0.));
#9960=CARTESIAN_POINT('',(58.614644535898,-47.9377769176706,0.2));
#9961=CARTESIAN_POINT('Origin',(58.7501695746121,-47.7906954304551,0.2));
#9962=CARTESIAN_POINT('Origin',(38.2858887287775,-70.0000000000001,0.2));
#9963=CARTESIAN_POINT('Origin',(38.2858887287775,-70.0000000000001,0.));
#9964=CARTESIAN_POINT('Origin',(31.822265556777,-22.9785637094868,0.2));
#9965=CARTESIAN_POINT('',(64.9987207861509,-53.5482870953403,0.));
#9966=CARTESIAN_POINT('',(64.8631957474367,-53.6953685825558,0.2));
#9967=CARTESIAN_POINT('Origin',(64.9987207861509,-53.5482870953403,0.2));
#9968=CARTESIAN_POINT('',(31.6867405180629,-23.1256451967023,0.2));
#9969=CARTESIAN_POINT('',(31.822265556777,-22.9785637094868,0.));
#9970=CARTESIAN_POINT('Origin',(66.2184461345781,-52.2245537104005,0.2));
#9971=CARTESIAN_POINT('',(67.3680465522102,-53.6096237013324,0.));
#9972=CARTESIAN_POINT('',(67.4957799319471,-53.7635203669915,0.2));
#9973=CARTESIAN_POINT('Origin',(67.3680465522102,-53.6096237013324,0.2));
#9974=CARTESIAN_POINT('Origin',(66.2184461345781,-52.2245537104005,0.2));
#9975=CARTESIAN_POINT('Origin',(66.2184461345781,-52.2245537104005,0.));
#9976=CARTESIAN_POINT('Origin',(61.5020614918713,-58.4783587972765,0.2));
#9977=CARTESIAN_POINT('',(99.6546203051115,-26.8119463902591,0.));
#9978=CARTESIAN_POINT('',(99.7823536848484,-26.9658430559182,0.2));
#9979=CARTESIAN_POINT('Origin',(99.6546203051115,-26.8119463902591,0.2));
#9980=CARTESIAN_POINT('',(61.6297948716082,-58.6322554629356,0.2));
#9981=CARTESIAN_POINT('',(61.5020614918713,-58.4783587972765,0.));
#9982=CARTESIAN_POINT('Origin',(98.5050198874794,-25.4268763993272,0.2));
#9983=CARTESIAN_POINT('',(99.8900898784113,-24.2772759816951,0.));
#9984=CARTESIAN_POINT('',(100.04398654407,-24.1495426019582,0.2));
#9985=CARTESIAN_POINT('Origin',(99.8900898784113,-24.2772759816951,0.2));
#9986=CARTESIAN_POINT('Origin',(98.5050198874794,-25.4268763993272,0.2));
#9987=CARTESIAN_POINT('Origin',(98.5050198874794,-25.4268763993272,0.));
#9988=CARTESIAN_POINT('Origin',(74.2107394957143,6.66190693454025,0.2));
#9989=CARTESIAN_POINT('',(90.4479030738831,-12.9010713534267,0.));
#9990=CARTESIAN_POINT('',(90.6017997395422,-12.7733379736898,0.2));
#9991=CARTESIAN_POINT('Origin',(90.4479030738831,-12.9010713534267,0.2));
#9992=CARTESIAN_POINT('',(74.3646361613734,6.78964031427715,0.2));
#9993=CARTESIAN_POINT('',(74.2107394957143,6.66190693454025,0.));
#9994=CARTESIAN_POINT('Origin',(105.991466305453,1.11022302462516E-14,0.2));
#9995=CARTESIAN_POINT('',(90.4479030738832,12.9010713534269,0.));
#9996=CARTESIAN_POINT('',(90.6017997395423,12.77333797369,0.2));
#9997=CARTESIAN_POINT('Origin',(90.4479030738832,12.9010713534269,0.2));
#9998=CARTESIAN_POINT('Origin',(105.991466305453,1.11022302462516E-14,0.2));
#9999=CARTESIAN_POINT('Origin',(105.991466305453,1.11022302462516E-14,0.));
#10000=CARTESIAN_POINT('Origin',(69.4485328762328,-12.3995435760154,0.2));
#10001=CARTESIAN_POINT('',(99.8900898784113,24.2772759816951,0.));
#10002=CARTESIAN_POINT('',(100.04398654407,24.1495426019582,0.2));
#10003=CARTESIAN_POINT('Origin',(99.8900898784113,24.2772759816951,0.2));
#10004=CARTESIAN_POINT('',(69.602429541892,-12.5272769557523,0.2));
#10005=CARTESIAN_POINT('',(69.4485328762328,-12.3995435760154,0.));
#10006=CARTESIAN_POINT('Origin',(98.5050198874794,25.4268763993272,0.2));
#10007=CARTESIAN_POINT('',(99.6546203051115,26.8119463902591,0.));
#10008=CARTESIAN_POINT('',(99.7823536848484,26.9658430559182,0.2));
#10009=CARTESIAN_POINT('Origin',(99.6546203051115,26.8119463902591,0.2));
#10010=CARTESIAN_POINT('Origin',(98.5050198874794,25.4268763993272,0.2));
#10011=CARTESIAN_POINT('Origin',(98.5050198874794,25.4268763993272,0.));
#10012=CARTESIAN_POINT('Origin',(77.6864615855393,45.0453963992628,0.2));
#10013=CARTESIAN_POINT('',(67.3680465522102,53.6096237013324,0.));
#10014=CARTESIAN_POINT('',(67.4957799319471,53.7635203669915,0.2));
#10015=CARTESIAN_POINT('Origin',(67.3680465522102,53.6096237013324,0.2));
#10016=CARTESIAN_POINT('',(77.8141949652762,45.1992930649219,0.2));
#10017=CARTESIAN_POINT('',(77.6864615855393,45.0453963992628,0.));
#10018=CARTESIAN_POINT('Origin',(66.2184461345781,52.2245537104005,0.2));
#10019=CARTESIAN_POINT('',(64.9987207861509,53.5482870953403,0.));
#10020=CARTESIAN_POINT('',(64.8631957474367,53.6953685825558,0.2));
#10021=CARTESIAN_POINT('Origin',(64.9987207861509,53.5482870953403,0.2));
#10022=CARTESIAN_POINT('Origin',(66.2184461345781,52.2245537104005,0.2));
#10023=CARTESIAN_POINT('Origin',(66.2184461345781,52.2245537104005,0.));
#10024=CARTESIAN_POINT('Origin',(34.9048517858983,25.8189457721806,0.2));
#10025=CARTESIAN_POINT('',(58.7501695746121,47.7906954304551,0.));
#10026=CARTESIAN_POINT('',(58.614644535898,47.9377769176706,0.2));
#10027=CARTESIAN_POINT('Origin',(58.7501695746121,47.7906954304551,0.2));
#10028=CARTESIAN_POINT('',(34.7693267471842,25.9660272593961,0.2));
#10029=CARTESIAN_POINT('',(34.9048517858983,25.8189457721806,0.));
#10030=CARTESIAN_POINT('Origin',(38.2858887287776,69.9999999999999,0.2));
#10031=CARTESIAN_POINT('',(38.2858887287776,39.8,0.));
#10032=CARTESIAN_POINT('',(38.2858887287776,40.,0.2));
#10033=CARTESIAN_POINT('Origin',(38.2858887287776,39.8,0.2));
#10034=CARTESIAN_POINT('Origin',(38.2858887287776,69.9999999999999,0.2));
#10035=CARTESIAN_POINT('Origin',(38.2858887287776,69.9999999999999,0.));
#10036=CARTESIAN_POINT('Origin',(20.7068319886418,39.8,0.2));
#10037=CARTESIAN_POINT('',(-32.9150744366116,39.8,0.));
#10038=CARTESIAN_POINT('',(-32.9150744366116,40.,0.2));
#10039=CARTESIAN_POINT('Origin',(-32.9150744366116,39.8,0.2));
#10040=CARTESIAN_POINT('',(20.7068319886418,40.,0.2));
#10041=CARTESIAN_POINT('',(20.7068319886418,39.8,0.));
#10042=CARTESIAN_POINT('Origin',(-32.9150744366116,60.,0.2));
#10043=CARTESIAN_POINT('',(-50.7975058105453,50.6053926023194,0.));
#10044=CARTESIAN_POINT('',(-50.6204520345657,50.6984085171479,0.2));
#10045=CARTESIAN_POINT('Origin',(-50.7975058105453,50.6053926023194,0.2));
#10046=CARTESIAN_POINT('Origin',(-32.9150744366116,60.,0.2));
#10047=CARTESIAN_POINT('Origin',(-32.9150744366116,60.,0.));
#10048=CARTESIAN_POINT('Origin',(-34.5306533731789,19.6417918825144,0.2));
#10049=CARTESIAN_POINT('',(-52.503736418239,53.8531655489272,0.));
#10050=CARTESIAN_POINT('',(-52.3266826422595,53.9461814637557,0.2));
#10051=CARTESIAN_POINT('Origin',(-52.503736418239,53.8531655489272,0.2));
#10052=CARTESIAN_POINT('',(-34.3535995971994,19.7348077973429,0.2));
#10053=CARTESIAN_POINT('',(-34.5306533731789,19.6417918825144,0.));
#10054=CARTESIAN_POINT('Origin',(-53.2119515221572,53.4811018896131,0.2));
#10055=CARTESIAN_POINT('',(-53.621830115049,54.1681241156648,0.));
#10056=CARTESIAN_POINT('',(-53.724299763272,54.3398796721777,0.2));
#10057=CARTESIAN_POINT('Origin',(-53.621830115049,54.1681241156648,0.2));
#10058=CARTESIAN_POINT('Origin',(-53.2119515221572,53.4811018896131,0.2));
#10059=CARTESIAN_POINT('Origin',(-53.2119515221572,53.4811018896131,0.));
#10060=CARTESIAN_POINT('Origin',(-44.6306435405899,59.5322808515349,0.2));
#10061=CARTESIAN_POINT('',(-93.6593479833593,30.2816749376553,0.));
#10062=CARTESIAN_POINT('',(-93.7618176315822,30.4534304941682,0.2));
#10063=CARTESIAN_POINT('Origin',(-93.6593479833593,30.2816749376553,0.2));
#10064=CARTESIAN_POINT('',(-44.7331131888129,59.7040364080478,0.2));
#10065=CARTESIAN_POINT('',(-44.6306435405899,59.5322808515349,0.));
#10066=CARTESIAN_POINT('Origin',(-93.2494693904674,29.5946527116036,0.2));
#10067=CARTESIAN_POINT('',(-94.0055121275834,29.3331199609698,0.));
#10068=CARTESIAN_POINT('',(-94.1945228118625,29.2677367733114,0.2));
#10069=CARTESIAN_POINT('Origin',(-94.0055121275834,29.3331199609698,0.2));
#10070=CARTESIAN_POINT('Origin',(-93.2494693904674,29.5946527116036,0.2));
#10071=CARTESIAN_POINT('Origin',(-93.2494693904674,29.5946527116036,0.));
#10072=CARTESIAN_POINT('Origin',(-84.2707978648416,1.19186423521415,0.2));
#10073=CARTESIAN_POINT('',(-87.6232440242756,10.8831650924504,0.));
#10074=CARTESIAN_POINT('',(-87.8122547085546,10.817781904792,0.2));
#10075=CARTESIAN_POINT('Origin',(-87.6232440242756,10.8831650924504,0.2));
#10076=CARTESIAN_POINT('',(-84.4598085491206,1.1264810475557,0.2));
#10077=CARTESIAN_POINT('',(-84.2707978648416,1.19186423521415,0.));
#10078=CARTESIAN_POINT('Origin',(-97.2627889225055,7.54862252186944,0.2));
#10079=CARTESIAN_POINT('',(-87.0627889225052,7.54862252186951,0.));
#10080=CARTESIAN_POINT('',(-87.2627889225052,7.54862252186951,0.2));
#10081=CARTESIAN_POINT('Origin',(-87.0627889225052,7.54862252186951,0.2));
#10082=CARTESIAN_POINT('Origin',(-97.2627889225055,7.54862252186944,0.2));
#10083=CARTESIAN_POINT('Origin',(-97.2627889225055,7.54862252186944,0.));
#10084=CARTESIAN_POINT('Origin',(-87.0627889225052,3.73248222602572,0.2));
#10085=CARTESIAN_POINT('',(-87.0627889225052,-7.54862252186948,0.));
#10086=CARTESIAN_POINT('',(-87.2627889225052,-7.54862252186948,0.2));
#10087=CARTESIAN_POINT('Origin',(-87.0627889225052,-7.54862252186948,0.2));
#10088=CARTESIAN_POINT('',(-87.2627889225052,3.73248222602572,0.2));
#10089=CARTESIAN_POINT('',(-87.0627889225052,3.73248222602572,0.));
#10090=CARTESIAN_POINT('Origin',(-97.2627889225052,-7.54862252186945,0.2));
#10091=CARTESIAN_POINT('',(-87.6232440242756,-10.8831650924504,0.));
#10092=CARTESIAN_POINT('',(-87.8122547085546,-10.8177819047919,0.2));
#10093=CARTESIAN_POINT('Origin',(-87.6232440242756,-10.8831650924504,0.2));
#10094=CARTESIAN_POINT('Origin',(-97.2627889225052,-7.54862252186945,0.2));
#10095=CARTESIAN_POINT('Origin',(-97.2627889225052,-7.54862252186945,0.));
#10096=CARTESIAN_POINT('Origin',(-81.1055102270066,7.95839600435033,0.2));
#10097=CARTESIAN_POINT('',(-94.0055121275834,-29.3331199609698,0.));
#10098=CARTESIAN_POINT('',(-94.1945228118625,-29.2677367733114,0.2));
#10099=CARTESIAN_POINT('Origin',(-94.0055121275834,-29.3331199609698,0.2));
#10100=CARTESIAN_POINT('',(-81.2945209112857,8.02377919200878,0.2));
#10101=CARTESIAN_POINT('',(-81.1055102270066,7.95839600435033,0.));
#10102=CARTESIAN_POINT('Origin',(-93.2494693904674,-29.5946527116036,0.2));
#10103=CARTESIAN_POINT('',(-93.6593479833593,-30.2816749376553,0.));
#10104=CARTESIAN_POINT('',(-93.7618176315822,-30.4534304941682,0.2));
#10105=CARTESIAN_POINT('Origin',(-93.6593479833593,-30.2816749376553,0.2));
#10106=CARTESIAN_POINT('Origin',(-93.2494693904674,-29.5946527116036,0.2));
#10107=CARTESIAN_POINT('Origin',(-93.2494693904674,-29.5946527116036,0.));
#10108=CARTESIAN_POINT('Origin',(-64.6125934856715,-47.6110165661058,0.2));
#10109=CARTESIAN_POINT('',(-53.3413814439044,-54.3354402553009,0.));
#10110=CARTESIAN_POINT('',(-53.4438510921273,-54.5071958118138,0.2));
#10111=CARTESIAN_POINT('Origin',(-53.3413814439044,-54.3354402553009,0.2));
#10112=CARTESIAN_POINT('',(-64.7150631338944,-47.7827721226187,0.2));
#10113=CARTESIAN_POINT('',(-64.6125934856715,-47.6110165661058,0.));
#10114=CARTESIAN_POINT('Origin',(-52.9315028510125,-53.6484180292492,0.2));
#10115=CARTESIAN_POINT('Origin',(-52.9315028510125,-53.6484180292492,0.2));
#10116=CARTESIAN_POINT('Origin',(-52.9315028510125,-53.6484180292492,0.));
#10117=CARTESIAN_POINT('Origin',(-52.81171664722,-54.4393992334387,0.));
#10118=CARTESIAN_POINT('',(-52.7817700962719,-54.637144534486,57.4647346038583));
#10119=CARTESIAN_POINT('Ctrl Pts',(-52.7089111685034,-54.6109539872225,
57.5331386325235));
#10120=CARTESIAN_POINT('Ctrl Pts',(-52.7200527197848,-54.6176306457695,
57.5221633143368));
#10121=CARTESIAN_POINT('Ctrl Pts',(-52.7317171393489,-54.6231458469773,
57.5109931423399));
#10122=CARTESIAN_POINT('Ctrl Pts',(-52.7559764103546,-54.6319168905983,
57.4882457850614));
#10123=CARTESIAN_POINT('Ctrl Pts',(-52.7686043764146,-54.6351267503546,
57.4766478645314));
#10124=CARTESIAN_POINT('Ctrl Pts',(-52.7815323486052,-54.6371084203122,
57.464949691141));
#10125=CARTESIAN_POINT('Ctrl Pts',(-52.781651214323,-54.6371265310022,57.4648421474985));
#10126=CARTESIAN_POINT('Ctrl Pts',(-52.7817700962719,-54.637144534486,57.4647346038583));
#10127=CARTESIAN_POINT('',(-52.7817700962719,-54.637144534486,0.));
#10128=CARTESIAN_POINT('Origin',(38.2858887287776,69.9999999999999,0.));
#10129=CARTESIAN_POINT('',(38.2858887287776,40.,57.4647346038583));
#10130=CARTESIAN_POINT('',(38.2858887287776,40.,0.));
#10131=CARTESIAN_POINT('',(58.614644535898,47.9377769176706,57.4647346038583));
#10132=CARTESIAN_POINT('Origin',(38.2858887287776,69.9999999999999,57.4647346038583));
#10133=CARTESIAN_POINT('',(58.614644535898,47.9377769176706,0.));
#10134=CARTESIAN_POINT('Origin',(38.2858887287776,40.,0.));
#10135=CARTESIAN_POINT('',(-32.9150744366116,40.,57.4647346038583));
#10136=CARTESIAN_POINT('',(-32.9150744366116,40.,0.));
#10137=CARTESIAN_POINT('',(2.68540714608297,40.,57.4647346038583));
#10138=CARTESIAN_POINT('Origin',(-32.9150744366116,60.,0.));
#10139=CARTESIAN_POINT('',(-50.6204520345657,50.6984085171479,57.4647346038583));
#10140=CARTESIAN_POINT('',(-50.6204520345657,50.6984085171479,0.));
#10141=CARTESIAN_POINT('Origin',(-32.9150744366116,60.,57.4647346038583));
#10142=CARTESIAN_POINT('Origin',(-50.6204520345657,50.6984085171479,0.));
#10143=CARTESIAN_POINT('',(-52.3266826422595,53.9461814637557,57.4647346038583));
#10144=CARTESIAN_POINT('',(-52.3266826422595,53.9461814637557,0.));
#10145=CARTESIAN_POINT('',(-51.4735673384126,52.3222949904518,57.4647346038583));
#10146=CARTESIAN_POINT('Origin',(-53.2119515221572,53.4811018896131,0.));
#10147=CARTESIAN_POINT('',(-53.724299763272,54.3398796721777,57.4647346038583));
#10148=CARTESIAN_POINT('',(-53.724299763272,54.3398796721777,0.));
#10149=CARTESIAN_POINT('Origin',(-53.2119515221572,53.4811018896131,57.4647346038583));
#10150=CARTESIAN_POINT('Origin',(-53.724299763272,54.3398796721777,0.));
#10151=CARTESIAN_POINT('',(-93.7618176315822,30.4534304941682,57.4647346038583));
#10152=CARTESIAN_POINT('',(-93.7618176315822,30.4534304941682,0.));
#10153=CARTESIAN_POINT('',(-73.7430586974271,42.3966550831729,57.4647346038583));
#10154=CARTESIAN_POINT('Origin',(-93.2494693904674,29.5946527116036,0.));
#10155=CARTESIAN_POINT('',(-94.1945228118625,29.2677367733114,57.4647346038583));
#10156=CARTESIAN_POINT('',(-94.1945228118625,29.2677367733114,0.));
#10157=CARTESIAN_POINT('Origin',(-93.2494693904674,29.5946527116036,57.4647346038583));
#10158=CARTESIAN_POINT('Origin',(-94.1945228118625,29.2677367733114,0.));
#10159=CARTESIAN_POINT('',(-87.8122547085546,10.817781904792,57.4647346038583));
#10160=CARTESIAN_POINT('',(-87.8122547085546,10.817781904792,0.));
#10161=CARTESIAN_POINT('',(-91.0033887602086,20.0427593390517,57.4647346038583));
#10162=CARTESIAN_POINT('Origin',(-97.2627889225055,7.54862252186944,0.));
#10163=CARTESIAN_POINT('',(-87.2627889225052,7.54862252186951,57.4647346038583));
#10164=CARTESIAN_POINT('',(-87.2627889225052,7.54862252186951,0.));
#10165=CARTESIAN_POINT('Origin',(-97.2627889225055,7.54862252186944,57.4647346038583));
#10166=CARTESIAN_POINT('Origin',(-87.2627889225052,7.54862252186951,0.));
#10167=CARTESIAN_POINT('',(-87.2627889225052,-7.54862252186948,57.4647346038583));
#10168=CARTESIAN_POINT('',(-87.2627889225052,-7.54862252186948,0.));
#10169=CARTESIAN_POINT('',(-87.2627889225052,1.55431223447522E-14,57.4647346038583));
#10170=CARTESIAN_POINT('Origin',(-97.2627889225052,-7.54862252186945,0.));
#10171=CARTESIAN_POINT('',(-87.8122547085546,-10.8177819047919,57.4647346038583));
#10172=CARTESIAN_POINT('',(-87.8122547085546,-10.8177819047919,0.));
#10173=CARTESIAN_POINT('Origin',(-97.2627889225052,-7.54862252186945,57.4647346038583));
#10174=CARTESIAN_POINT('Origin',(-87.8122547085546,-10.8177819047919,0.));
#10175=CARTESIAN_POINT('',(-94.1945228118625,-29.2677367733114,57.4647346038583));
#10176=CARTESIAN_POINT('',(-94.1945228118625,-29.2677367733114,0.));
#10177=CARTESIAN_POINT('',(-91.0033887602086,-20.0427593390516,57.4647346038583));
#10178=CARTESIAN_POINT('Origin',(-93.2494693904674,-29.5946527116036,0.));
#10179=CARTESIAN_POINT('',(-93.7618176315822,-30.4534304941682,57.4647346038583));
#10180=CARTESIAN_POINT('',(-93.7618176315822,-30.4534304941682,0.));
#10181=CARTESIAN_POINT('Origin',(-93.2494693904674,-29.5946527116036,57.4647346038583));
#10182=CARTESIAN_POINT('Origin',(-93.7618176315822,-30.4534304941682,0.));
#10183=CARTESIAN_POINT('',(-53.4438510921273,-54.5071958118138,57.4647346038584));
#10184=CARTESIAN_POINT('',(-53.4438510921273,-54.5071958118138,0.));
#10185=CARTESIAN_POINT('',(-73.6028343618548,-42.480313152991,57.4647346038584));
#10186=CARTESIAN_POINT('Origin',(-52.9315028510125,-53.6484180292492,0.));
#10187=CARTESIAN_POINT('Origin',(-52.9315028510125,-53.6484180292492,57.4647346038583));
#10188=CARTESIAN_POINT('Origin',(-52.9315028510125,-53.6484180292492,57.4647346038583));
#10189=CARTESIAN_POINT('Origin',(-53.3413814439044,-54.3354402553009,57.4647346038584));
#10190=CARTESIAN_POINT('Origin',(3.12777524850601,-0.0836580698180622,0.));
#10191=CARTESIAN_POINT('',(59.9698949230393,46.4669620455153,0.));
#10192=CARTESIAN_POINT('',(66.2184461345781,52.2245537104005,0.));
#10193=CARTESIAN_POINT('',(38.2858887287776,38.,0.));
#10194=CARTESIAN_POINT('Origin',(38.2858887287776,69.9999999999999,0.));
#10195=CARTESIAN_POINT('',(-32.9150744366116,38.,0.));
#10196=CARTESIAN_POINT('',(-32.9150744366116,38.,0.));
#10197=CARTESIAN_POINT('',(-52.3909897943611,49.7682493688627,0.));
#10198=CARTESIAN_POINT('Origin',(-32.9150744366116,60.,0.));
#10199=CARTESIAN_POINT('',(-53.6062285499783,52.0814299766689,0.));
#10200=CARTESIAN_POINT('',(-53.6062285499783,52.0814299766689,0.));
#10201=CARTESIAN_POINT('',(-79.0964397204926,36.8739279615867,0.));
#10202=CARTESIAN_POINT('',(-92.0384479897209,29.1527044881159,0.));
#10203=CARTESIAN_POINT('',(-92.0384479897209,29.1527044881159,0.));
#10204=CARTESIAN_POINT('',(-92.0384479897209,29.1527044881159,0.));
#10205=CARTESIAN_POINT('',(-85.9221478657645,11.4716137813764,0.));
#10206=CARTESIAN_POINT('',(-92.0384479897209,29.1527044881159,0.));
#10207=CARTESIAN_POINT('',(-85.2627889225052,7.54862252186952,0.));
#10208=CARTESIAN_POINT('Origin',(-97.2627889225055,7.54862252186944,0.));
#10209=CARTESIAN_POINT('',(-85.2627889225052,-7.54862252186948,0.));
#10210=CARTESIAN_POINT('',(-85.2627889225052,-7.54862252186947,0.));
#10211=CARTESIAN_POINT('',(-85.9221478657645,-11.4716137813764,0.));
#10212=CARTESIAN_POINT('Origin',(-97.2627889225052,-7.54862252186945,0.));
#10213=CARTESIAN_POINT('',(-92.0384479897209,-29.1527044881159,0.));
#10214=CARTESIAN_POINT('',(-92.0384479897209,-29.1527044881159,0.));
#10215=CARTESIAN_POINT('',(-92.0384479897209,-29.1527044881159,0.));
#10216=CARTESIAN_POINT('',(-53.4714233899518,-52.1618549574206,0.));
#10217=CARTESIAN_POINT('',(-92.0384479897209,-29.1527044881159,0.));
#10218=CARTESIAN_POINT('',(-32.9150744366117,-38.,0.));
#10219=CARTESIAN_POINT('Origin',(-32.9150744366116,-60.,0.));
#10220=CARTESIAN_POINT('',(38.2858887287776,-38.,0.));
#10221=CARTESIAN_POINT('',(38.2858887287776,-38.,0.));
#10222=CARTESIAN_POINT('',(59.9698949230394,-46.4669620455153,0.));
#10223=CARTESIAN_POINT('Origin',(38.2858887287775,-70.0000000000001,0.));
#10224=CARTESIAN_POINT('',(66.2184461345781,-52.2245537104005,0.));
#10225=CARTESIAN_POINT('',(66.2184461345781,-52.2245537104005,0.));
#10226=CARTESIAN_POINT('',(66.2184461345781,-52.2245537104005,0.));
#10227=CARTESIAN_POINT('',(98.5050198874794,-25.4268763993272,0.));
#10228=CARTESIAN_POINT('',(66.2184461345781,-52.2245537104005,0.));
#10229=CARTESIAN_POINT('',(89.0628330829512,-14.0506717710588,0.));
#10230=CARTESIAN_POINT('',(98.5050198874794,-25.4268763993272,0.));
#10231=CARTESIAN_POINT('',(89.0628330829513,14.050671771059,0.));
#10232=CARTESIAN_POINT('Origin',(105.991466305453,1.11022302462516E-14,
0.));
#10233=CARTESIAN_POINT('',(98.5050198874794,25.4268763993272,0.));
#10234=CARTESIAN_POINT('Origin',(-52.9315028510125,-53.6484180292492,57.7));
#10235=CARTESIAN_POINT('Origin',(-32.9150744366116,-60.,57.4647346038583));
#10236=CARTESIAN_POINT('',(-32.9150744366117,-40.,57.4647346038583));
#10237=CARTESIAN_POINT('Origin',(-32.9150744366116,-60.,57.4647346038583));
#10238=CARTESIAN_POINT('Origin',(-32.9150744366117,-39.8,57.4647346038583));
#10239=CARTESIAN_POINT('Origin',(2.68540714608296,-39.8,57.4647346038583));
#10240=CARTESIAN_POINT('',(38.2858887287776,-40.,57.4647346038583));
#10241=CARTESIAN_POINT('',(2.68540714608296,-40.,57.4647346038583));
#10242=CARTESIAN_POINT('Origin',(38.2858887287776,-39.8,57.4647346038583));
#10243=CARTESIAN_POINT('Origin',(38.2858887287775,-70.0000000000001,57.4647346038583));
#10244=CARTESIAN_POINT('',(58.614644535898,-47.9377769176706,57.4647346038583));
#10245=CARTESIAN_POINT('Origin',(38.2858887287775,-70.0000000000001,57.4647346038583));
#10246=CARTESIAN_POINT('',(58.6228176958007,-47.9289068186458,57.5331386325234));
#10247=CARTESIAN_POINT('Origin',(58.7501695746121,-47.7906954304551,57.4647346038583));
#10248=CARTESIAN_POINT('Origin',(38.2858887287775,-70.0000000000001,57.5331386325234));
#10249=CARTESIAN_POINT('Origin',(61.8744451803815,-50.6694912628977,57.4647346038583));
#10250=CARTESIAN_POINT('',(64.8631957474367,-53.6953685825558,57.4647346038583));
#10251=CARTESIAN_POINT('',(61.7389201416674,-50.8165727501132,57.4647346038583));
#10252=CARTESIAN_POINT('',(64.8713689073395,-53.6864984835309,57.5331386325234));
#10253=CARTESIAN_POINT('Origin',(64.9987207861509,-53.5482870953403,57.4647346038583));
#10254=CARTESIAN_POINT('',(61.7470933015701,-50.8077026510883,57.5331386325234));
#10255=CARTESIAN_POINT('Origin',(66.2184461345781,-52.2245537104005,57.4647346038583));
#10256=CARTESIAN_POINT('',(67.4957799319471,-53.7635203669915,57.4647346038583));
#10257=CARTESIAN_POINT('Origin',(66.2184461345781,-52.2245537104005,57.4647346038583));
#10258=CARTESIAN_POINT('',(67.488076666577,-53.7542392624158,57.5331386325234));
#10259=CARTESIAN_POINT('Origin',(67.3680465522102,-53.6096237013324,57.4647346038583));
#10260=CARTESIAN_POINT('Origin',(66.2184461345781,-52.2245537104005,57.5331386325234));
#10261=CARTESIAN_POINT('Origin',(83.5113334286608,-40.2107850457957,57.4647346038583));
#10262=CARTESIAN_POINT('',(99.7823536848484,-26.9658430559182,57.4647346038583));
#10263=CARTESIAN_POINT('',(83.6390668083977,-40.3646817114548,57.4647346038583));
#10264=CARTESIAN_POINT('',(99.7746504194783,-26.9565619513425,57.5331386325234));
#10265=CARTESIAN_POINT('Origin',(99.6546203051115,-26.8119463902591,57.4647346038583));
#10266=CARTESIAN_POINT('',(83.6313635430277,-40.3554006068792,57.5331386325234));
#10267=CARTESIAN_POINT('Origin',(98.5050198874794,-25.4268763993272,57.4647346038583));
#10268=CARTESIAN_POINT('',(100.04398654407,-24.1495426019582,57.4647346038583));
#10269=CARTESIAN_POINT('Origin',(98.5050198874794,-25.4268763993272,57.4647346038583));
#10270=CARTESIAN_POINT('',(100.034705439495,-24.1572458673283,57.5331386325234));
#10271=CARTESIAN_POINT('Origin',(99.8900898784113,-24.2772759816951,57.4647346038583));
#10272=CARTESIAN_POINT('Origin',(98.5050198874794,-25.4268763993272,57.5331386325234));
#10273=CARTESIAN_POINT('Origin',(95.1689964761472,-18.5891736675609,57.4647346038584));
#10274=CARTESIAN_POINT('',(90.6017997395422,-12.7733379736898,57.4647346038584));
#10275=CARTESIAN_POINT('',(95.3228931418063,-18.461440287824,57.4647346038584));
#10276=CARTESIAN_POINT('',(90.5925186349665,-12.7810412390599,57.5331386325235));
#10277=CARTESIAN_POINT('Origin',(90.4479030738831,-12.9010713534267,57.4647346038584));
#10278=CARTESIAN_POINT('',(95.3136120372306,-18.4691435531941,57.5331386325235));
#10279=CARTESIAN_POINT('Origin',(105.991466305453,1.11022302462516E-14,
57.4647346038583));
#10280=CARTESIAN_POINT('',(90.6017997395423,12.77333797369,57.4647346038583));
#10281=CARTESIAN_POINT('Origin',(105.991466305453,1.11022302462516E-14,
57.4647346038583));
#10282=CARTESIAN_POINT('',(90.5925186349666,12.7810412390601,57.5331386325234));
#10283=CARTESIAN_POINT('Origin',(90.4479030738832,12.9010713534269,57.4647346038583));
#10284=CARTESIAN_POINT('Origin',(105.991466305453,1.16576765317689E-14,
57.5331386325234));
#10285=CARTESIAN_POINT('Origin',(95.1689964761473,18.589173667561,57.4647346038583));
#10286=CARTESIAN_POINT('',(100.04398654407,24.1495426019582,57.4647346038583));
#10287=CARTESIAN_POINT('',(95.3228931418064,18.4614402878241,57.4647346038583));
#10288=CARTESIAN_POINT('',(100.034705439495,24.1572458673283,57.5331386325235));
#10289=CARTESIAN_POINT('Origin',(99.8900898784113,24.2772759816951,57.4647346038583));
#10290=CARTESIAN_POINT('',(95.3136120372307,18.4691435531942,57.5331386325235));
#10291=CARTESIAN_POINT('Origin',(98.5050198874794,25.4268763993272,57.4647346038583));
#10292=CARTESIAN_POINT('',(99.7823536848484,26.9658430559182,57.4647346038583));
#10293=CARTESIAN_POINT('Origin',(98.5050198874794,25.4268763993272,57.4647346038583));
#10294=CARTESIAN_POINT('',(99.7746504194783,26.9565619513425,57.5331386325234));
#10295=CARTESIAN_POINT('Origin',(99.6546203051115,26.8119463902591,57.4647346038583));
#10296=CARTESIAN_POINT('Origin',(98.5050198874794,25.4268763993272,57.5331386325234));
#10297=CARTESIAN_POINT('Origin',(83.5113334286608,40.2107850457957,57.4647346038583));
#10298=CARTESIAN_POINT('',(67.4957799319471,53.7635203669915,57.4647346038583));
#10299=CARTESIAN_POINT('',(83.6390668083977,40.3646817114548,57.4647346038583));
#10300=CARTESIAN_POINT('',(67.488076666577,53.7542392624158,57.5331386325234));
#10301=CARTESIAN_POINT('Origin',(67.3680465522102,53.6096237013324,57.4647346038583));
#10302=CARTESIAN_POINT('',(83.6313635430277,40.3554006068792,57.5331386325234));
#10303=CARTESIAN_POINT('Origin',(66.2184461345781,52.2245537104005,57.4647346038583));
#10304=CARTESIAN_POINT('',(64.8631957474367,53.6953685825558,57.4647346038583));
#10305=CARTESIAN_POINT('Origin',(66.2184461345781,52.2245537104005,57.4647346038583));
#10306=CARTESIAN_POINT('',(64.8713689073395,53.6864984835309,57.5331386325234));
#10307=CARTESIAN_POINT('Origin',(64.9987207861509,53.5482870953403,57.4647346038583));
#10308=CARTESIAN_POINT('Origin',(66.2184461345781,52.2245537104005,57.5331386325234));
#10309=CARTESIAN_POINT('Origin',(61.8744451803815,50.6694912628977,57.4647346038583));
#10310=CARTESIAN_POINT('',(61.7389201416674,50.8165727501132,57.4647346038583));
#10311=CARTESIAN_POINT('',(58.6228176958007,47.9289068186457,57.5331386325234));
#10312=CARTESIAN_POINT('Origin',(58.7501695746121,47.7906954304551,57.4647346038583));
#10313=CARTESIAN_POINT('',(61.7470933015701,50.8077026510883,57.5331386325234));
#10314=CARTESIAN_POINT('Origin',(38.2858887287776,69.9999999999999,57.4647346038583));
#10315=CARTESIAN_POINT('',(38.2858887287776,39.9879385241572,57.5331386325234));
#10316=CARTESIAN_POINT('Origin',(38.2858887287776,39.8,57.4647346038583));
#10317=CARTESIAN_POINT('Origin',(38.2858887287776,69.9999999999999,57.5331386325234));
#10318=CARTESIAN_POINT('Origin',(2.68540714608297,39.8,57.4647346038583));
#10319=CARTESIAN_POINT('',(-32.9150744366116,39.9879385241572,57.5331386325234));
#10320=CARTESIAN_POINT('Origin',(-32.9150744366116,39.8,57.4647346038583));
#10321=CARTESIAN_POINT('',(2.68540714608297,39.9879385241572,57.5331386325234));
#10322=CARTESIAN_POINT('Origin',(-32.9150744366116,60.,57.4647346038583));
#10323=CARTESIAN_POINT('',(-50.631129683775,50.6927989710994,57.5331386325234));
#10324=CARTESIAN_POINT('Origin',(-50.7975058105453,50.6053926023194,57.4647346038583));
#10325=CARTESIAN_POINT('Origin',(-32.9150744366116,60.,57.5331386325234));
#10326=CARTESIAN_POINT('Origin',(-51.6506211143921,52.2292790756233,57.4647346038583));
#10327=CARTESIAN_POINT('',(-52.3373602914688,53.9405719177072,57.5331386325234));
#10328=CARTESIAN_POINT('Origin',(-52.503736418239,53.8531655489272,57.4647346038583));
#10329=CARTESIAN_POINT('',(-51.4842449876219,52.3166854444033,57.5331386325234));
#10330=CARTESIAN_POINT('Origin',(-53.2119515221572,53.4811018896131,57.4647346038583));
#10331=CARTESIAN_POINT('Origin',(-53.621830115049,54.1681241156648,57.4647346038583));
#10332=CARTESIAN_POINT('Origin',(-53.2119515221572,53.4811018896131,57.5331386325234));
#10333=CARTESIAN_POINT('Origin',(-73.6405890492042,42.22489952666,57.4647346038583));
#10334=CARTESIAN_POINT('Origin',(-93.6593479833593,30.2816749376553,57.4647346038583));
#10335=CARTESIAN_POINT('Origin',(-93.2494693904674,29.5946527116036,57.4647346038583));
#10336=CARTESIAN_POINT('Origin',(-94.0055121275834,29.3331199609698,57.4647346038583));
#10337=CARTESIAN_POINT('Origin',(-90.8143780759295,20.1081425267101,57.4647346038583));
#10338=CARTESIAN_POINT('Origin',(-87.6232440242756,10.8831650924504,57.4647346038583));
#10339=CARTESIAN_POINT('Origin',(-97.2627889225055,7.54862252186944,57.4647346038583));
#10340=CARTESIAN_POINT('Origin',(-87.0627889225052,7.54862252186951,57.4647346038583));
#10341=CARTESIAN_POINT('Origin',(-87.0627889225052,1.55431223447522E-14,
57.4647346038583));
#10342=CARTESIAN_POINT('Origin',(-87.0627889225052,-7.54862252186948,57.4647346038583));
#10343=CARTESIAN_POINT('Origin',(-97.2627889225052,-7.54862252186945,57.4647346038583));
#10344=CARTESIAN_POINT('Origin',(-87.6232440242756,-10.8831650924504,57.4647346038583));
#10345=CARTESIAN_POINT('Origin',(-90.8143780759295,-20.1081425267101,57.4647346038583));
#10346=CARTESIAN_POINT('Origin',(-94.0055121275834,-29.3331199609698,57.4647346038583));
#10347=CARTESIAN_POINT('Origin',(-93.2494693904674,-29.5946527116036,57.4647346038583));
#10348=CARTESIAN_POINT('Origin',(-93.6593479833593,-30.2816749376553,57.4647346038583));
#10349=CARTESIAN_POINT('Origin',(-73.5003647136318,-42.3085575964781,57.4647346038584));
#10350=CARTESIAN_POINT('Origin',(64.8631957474367,53.6953685825558,0.));
#10351=CARTESIAN_POINT('',(64.8631957474367,53.6953685825558,0.));
#10352=CARTESIAN_POINT('Origin',(66.2184461345781,52.2245537104005,0.));
#10353=CARTESIAN_POINT('',(67.4957799319471,53.7635203669915,0.));
#10354=CARTESIAN_POINT('Origin',(99.7823536848484,26.9658430559182,0.));
#10355=CARTESIAN_POINT('',(99.7823536848484,26.9658430559182,0.));
#10356=CARTESIAN_POINT('Origin',(98.5050198874794,25.4268763993272,0.));
#10357=CARTESIAN_POINT('',(100.04398654407,24.1495426019582,0.));
#10358=CARTESIAN_POINT('Origin',(90.6017997395423,12.77333797369,0.));
#10359=CARTESIAN_POINT('',(90.6017997395423,12.77333797369,0.));
#10360=CARTESIAN_POINT('Origin',(105.991466305453,1.11022302462516E-14,
0.));
#10361=CARTESIAN_POINT('',(90.6017997395422,-12.7733379736898,0.));
#10362=CARTESIAN_POINT('Origin',(100.04398654407,-24.1495426019582,0.));
#10363=CARTESIAN_POINT('',(100.04398654407,-24.1495426019582,0.));
#10364=CARTESIAN_POINT('Origin',(98.5050198874794,-25.4268763993272,0.));
#10365=CARTESIAN_POINT('',(99.7823536848484,-26.9658430559182,0.));
#10366=CARTESIAN_POINT('Origin',(67.4957799319471,-53.7635203669915,0.));
#10367=CARTESIAN_POINT('',(67.4957799319471,-53.7635203669915,0.));
#10368=CARTESIAN_POINT('Origin',(66.2184461345781,-52.2245537104005,0.));
#10369=CARTESIAN_POINT('',(64.8631957474367,-53.6953685825558,0.));
#10370=CARTESIAN_POINT('Origin',(58.614644535898,-47.9377769176706,0.));
#10371=CARTESIAN_POINT('',(58.614644535898,-47.9377769176706,0.));
#10372=CARTESIAN_POINT('Origin',(38.2858887287775,-70.0000000000001,0.));
#10373=CARTESIAN_POINT('',(38.2858887287776,-40.,0.));
#10374=CARTESIAN_POINT('Origin',(-32.9150744366117,-40.,0.));
#10375=CARTESIAN_POINT('',(-32.9150744366117,-40.,0.));
#10376=CARTESIAN_POINT('Origin',(-32.9150744366116,-60.,0.));
#10377=CARTESIAN_POINT('Origin',(3.12777524850601,-0.0836580698180622,57.5));
#10378=CARTESIAN_POINT('',(-85.2627889225052,7.54862252186952,57.5));
#10379=CARTESIAN_POINT('',(-85.9221478657645,11.4716137813764,57.5));
#10380=CARTESIAN_POINT('Origin',(-97.2627889225055,7.54862252186944,57.5));
#10381=CARTESIAN_POINT('',(-92.0384479897209,29.1527044881159,57.5));
#10382=CARTESIAN_POINT('',(-92.0384479897209,29.1527044881159,57.5));
#10383=CARTESIAN_POINT('',(-53.6062285499783,52.0814299766689,57.5));
#10384=CARTESIAN_POINT('',(-92.0384479897209,29.1527044881159,57.5));
#10385=CARTESIAN_POINT('',(-52.3909897943611,49.7682493688627,57.5));
#10386=CARTESIAN_POINT('',(-53.6062285499783,52.0814299766689,57.5));
#10387=CARTESIAN_POINT('',(-32.9150744366116,38.,57.5));
#10388=CARTESIAN_POINT('Origin',(-32.9150744366116,60.,57.5));
#10389=CARTESIAN_POINT('',(38.2858887287776,38.,57.5));
#10390=CARTESIAN_POINT('',(-32.9150744366116,38.,57.5));
#10391=CARTESIAN_POINT('',(59.9698949230393,46.4669620455153,57.5));
#10392=CARTESIAN_POINT('Origin',(38.2858887287776,69.9999999999999,57.5));
#10393=CARTESIAN_POINT('',(66.2184461345781,52.2245537104005,57.5));
#10394=CARTESIAN_POINT('',(89.0628330829513,14.050671771059,57.5));
#10395=CARTESIAN_POINT('',(98.5050198874794,25.4268763993272,57.5));
#10396=CARTESIAN_POINT('',(89.0628330829512,-14.0506717710588,57.5));
#10397=CARTESIAN_POINT('Origin',(105.991466305453,1.11022302462516E-14,
57.5));
#10398=CARTESIAN_POINT('',(98.5050198874794,-25.4268763993272,57.5));
#10399=CARTESIAN_POINT('',(98.5050198874794,-25.4268763993272,57.5));
#10400=CARTESIAN_POINT('',(66.2184461345781,-52.2245537104005,57.5));
#10401=CARTESIAN_POINT('',(66.2184461345781,-52.2245537104005,57.5));
#10402=CARTESIAN_POINT('',(59.9698949230394,-46.4669620455154,57.5));
#10403=CARTESIAN_POINT('',(66.2184461345781,-52.2245537104005,57.5));
#10404=CARTESIAN_POINT('',(38.2858887287776,-38.,57.5));
#10405=CARTESIAN_POINT('Origin',(38.2858887287775,-70.0000000000001,57.5));
#10406=CARTESIAN_POINT('',(-32.9150744366117,-38.,57.5));
#10407=CARTESIAN_POINT('',(38.2858887287776,-38.,57.5));
#10408=CARTESIAN_POINT('',(-53.4714233899518,-52.1618549574206,57.5));
#10409=CARTESIAN_POINT('Origin',(-32.9150744366116,-60.,57.5));
#10410=CARTESIAN_POINT('',(-92.0384479897209,-29.1527044881159,57.5));
#10411=CARTESIAN_POINT('',(-92.0384479897209,-29.1527044881159,57.5));
#10412=CARTESIAN_POINT('',(-85.9221478657645,-11.4716137813764,57.5));
#10413=CARTESIAN_POINT('',(-92.0384479897209,-29.1527044881159,57.5));
#10414=CARTESIAN_POINT('',(-85.2627889225052,-7.54862252186948,57.5));
#10415=CARTESIAN_POINT('Origin',(-97.2627889225052,-7.54862252186945,57.5));
#10416=CARTESIAN_POINT('',(-85.2627889225052,-7.54862252186947,57.5));
#10417=CARTESIAN_POINT('',(-69.0000010430813,1.22464679914736E-16,57.5));
#10418=CARTESIAN_POINT('Origin',(-70.0000010430813,0.,57.5));
#10419=CARTESIAN_POINT('Origin',(64.8631957474367,-53.6953685825558,57.5));
#10420=CARTESIAN_POINT('',(58.614644535898,-47.9377769176706,57.5));
#10421=CARTESIAN_POINT('',(64.8631957474367,-53.6953685825558,57.5));
#10422=CARTESIAN_POINT('Origin',(38.2858887287775,-70.0000000000001,57.5));
#10423=CARTESIAN_POINT('Origin',(-53.2119515221572,53.4811018896131,57.5));
#10424=CARTESIAN_POINT('',(-52.3266826422595,53.9461814637557,57.5));
#10425=CARTESIAN_POINT('Origin',(-52.3266826422595,53.9461814637557,57.5));
#10426=CARTESIAN_POINT('',(-50.6204520345657,50.6984085171479,57.5));
#10427=CARTESIAN_POINT('Origin',(-32.9150744366116,60.,57.5));
#10428=CARTESIAN_POINT('',(-32.9150744366116,40.,57.5));
#10429=CARTESIAN_POINT('Origin',(-32.9150744366116,40.,57.5));
#10430=CARTESIAN_POINT('',(38.2858887287776,40.,57.5));
#10431=CARTESIAN_POINT('Origin',(38.2858887287776,69.9999999999999,57.5));
#10432=CARTESIAN_POINT('',(58.614644535898,47.9377769176706,57.5));
#10433=CARTESIAN_POINT('Origin',(58.614644535898,47.9377769176706,57.5));
#10434=CARTESIAN_POINT('',(64.8631957474367,53.6953685825558,57.5));
#10435=CARTESIAN_POINT('Origin',(66.2184461345781,52.2245537104005,57.5));
#10436=CARTESIAN_POINT('',(67.4957799319471,53.7635203669915,57.5));
#10437=CARTESIAN_POINT('Origin',(67.4957799319471,53.7635203669915,57.5));
#10438=CARTESIAN_POINT('',(99.7823536848484,26.9658430559182,57.5));
#10439=CARTESIAN_POINT('Origin',(98.5050198874794,25.4268763993272,57.5));
#10440=CARTESIAN_POINT('',(100.04398654407,24.1495426019582,57.5));
#10441=CARTESIAN_POINT('Origin',(100.04398654407,24.1495426019582,57.5));
#10442=CARTESIAN_POINT('',(90.6017997395423,12.77333797369,57.5));
#10443=CARTESIAN_POINT('Origin',(105.991466305453,1.11022302462516E-14,
57.5));
#10444=CARTESIAN_POINT('',(90.6017997395422,-12.7733379736898,57.5));
#10445=CARTESIAN_POINT('Origin',(90.6017997395422,-12.7733379736898,57.5));
#10446=CARTESIAN_POINT('',(100.04398654407,-24.1495426019582,57.5));
#10447=CARTESIAN_POINT('Origin',(98.5050198874794,-25.4268763993272,57.5));
#10448=CARTESIAN_POINT('',(99.7823536848484,-26.9658430559182,57.5));
#10449=CARTESIAN_POINT('Origin',(99.7823536848484,-26.9658430559182,57.5));
#10450=CARTESIAN_POINT('',(67.4957799319471,-53.7635203669915,57.5));
#10451=CARTESIAN_POINT('Origin',(66.2184461345781,-52.2245537104005,57.5));
#10452=CARTESIAN_POINT('Origin',(-97.2627889225055,7.54862252186944,0.));
#10453=CARTESIAN_POINT('',(-85.9221478657645,11.4716137813764,0.));
#10454=CARTESIAN_POINT('',(-85.2627889225052,7.54862252186952,0.));
#10455=CARTESIAN_POINT('Origin',(-85.2627889225052,-7.54862252186947,0.));
#10456=CARTESIAN_POINT('',(-85.2627889225052,-7.54862252186948,0.));
#10457=CARTESIAN_POINT('Origin',(-97.2627889225052,-7.54862252186945,0.));
#10458=CARTESIAN_POINT('',(-85.9221478657645,-11.4716137813764,0.));
#10459=CARTESIAN_POINT('Origin',(-92.0384479897209,-29.1527044881159,0.));
#10460=CARTESIAN_POINT('',(-92.0384479897209,-29.1527044881159,0.));
#10461=CARTESIAN_POINT('Origin',(-53.4714233899518,-52.1618549574206,0.));
#10462=CARTESIAN_POINT('',(-53.4714233899518,-52.1618549574206,0.));
#10463=CARTESIAN_POINT('Origin',(-32.9150744366116,-60.,0.));
#10464=CARTESIAN_POINT('',(-32.9150744366117,-38.,0.));
#10465=CARTESIAN_POINT('Origin',(38.2858887287776,-38.,0.));
#10466=CARTESIAN_POINT('',(38.2858887287776,-38.,0.));
#10467=CARTESIAN_POINT('Origin',(38.2858887287775,-70.0000000000001,0.));
#10468=CARTESIAN_POINT('',(59.9698949230394,-46.4669620455153,0.));
#10469=CARTESIAN_POINT('Origin',(66.2184461345781,-52.2245537104005,0.));
#10470=CARTESIAN_POINT('',(66.2184461345781,-52.2245537104005,0.));
#10471=CARTESIAN_POINT('Origin',(98.5050198874794,-25.4268763993272,0.));
#10472=CARTESIAN_POINT('',(98.5050198874794,-25.4268763993272,0.));
#10473=CARTESIAN_POINT('Origin',(89.0628330829512,-14.0506717710588,0.));
#10474=CARTESIAN_POINT('',(89.0628330829512,-14.0506717710588,0.));
#10475=CARTESIAN_POINT('Origin',(105.991466305453,1.11022302462516E-14,
0.));
#10476=CARTESIAN_POINT('',(89.0628330829513,14.050671771059,0.));
#10477=CARTESIAN_POINT('Origin',(98.5050198874794,25.4268763993272,0.));
#10478=CARTESIAN_POINT('Origin',(59.9698949230393,46.4669620455153,0.));
#10479=CARTESIAN_POINT('',(59.9698949230393,46.4669620455153,0.));
#10480=CARTESIAN_POINT('Origin',(38.2858887287776,69.9999999999999,0.));
#10481=CARTESIAN_POINT('',(38.2858887287776,38.,0.));
#10482=CARTESIAN_POINT('Origin',(-32.9150744366116,38.,0.));
#10483=CARTESIAN_POINT('',(-32.9150744366116,38.,0.));
#10484=CARTESIAN_POINT('Origin',(-32.9150744366116,60.,0.));
#10485=CARTESIAN_POINT('',(-52.3909897943611,49.7682493688627,0.));
#10486=CARTESIAN_POINT('Origin',(-53.6062285499783,52.0814299766689,0.));
#10487=CARTESIAN_POINT('',(-53.6062285499783,52.0814299766689,0.));
#10488=CARTESIAN_POINT('Origin',(-92.0384479897209,29.1527044881159,0.));
#10489=CARTESIAN_POINT('',(-79.0964397204926,36.8739279615867,10.));
#10490=CARTESIAN_POINT('',(-79.0964397204914,36.8739279615874,0.));
#10491=CARTESIAN_POINT('',(-92.0384479897209,29.1527044881159,0.));
#10492=CARTESIAN_POINT('Origin',(-85.9221478657645,11.4716137813764,0.));
#10493=CARTESIAN_POINT('Origin',(-70.0000010430813,0.,62.5));
#10494=CARTESIAN_POINT('',(-69.0000010430813,1.22464679914736E-16,62.5));
#10495=CARTESIAN_POINT('Origin',(-70.0000010430813,0.,62.5));
#10496=CARTESIAN_POINT('',(-69.0000010430813,-1.22464679914736E-16,62.5));
#10497=CARTESIAN_POINT('Origin',(-48.5000008940697,11.5,62.5));
#10498=CARTESIAN_POINT('',(-48.5000008940697,11.5,62.5));
#10499=CARTESIAN_POINT('',(-71.5000008940697,11.5,62.5));
#10500=CARTESIAN_POINT('',(-48.5000008940697,11.5,62.5));
#10501=CARTESIAN_POINT('',(-48.5000008940697,11.5,72.5));
#10502=CARTESIAN_POINT('',(-48.5000008940697,11.5,62.5));
#10503=CARTESIAN_POINT('',(-71.5000008940697,11.5,72.5));
#10504=CARTESIAN_POINT('',(-48.5000008940697,11.5,72.5));
#10505=CARTESIAN_POINT('',(-71.5000008940697,11.5,62.5));
#10506=CARTESIAN_POINT('Origin',(-48.5000008940697,-11.5,62.5));
#10507=CARTESIAN_POINT('',(-48.5000008940697,-11.5,62.5));
#10508=CARTESIAN_POINT('',(-48.5000008940697,-11.5,62.5));
#10509=CARTESIAN_POINT('',(-48.5000008940697,-11.5,72.5));
#10510=CARTESIAN_POINT('',(-48.5000008940697,-11.5,62.5));
#10511=CARTESIAN_POINT('',(-48.5000008940697,-11.5,72.5));
#10512=CARTESIAN_POINT('Origin',(-71.5000008940697,-11.5,62.5));
#10513=CARTESIAN_POINT('',(-71.5000008940697,-11.5,62.5));
#10514=CARTESIAN_POINT('',(-71.5000008940697,-11.5,62.5));
#10515=CARTESIAN_POINT('',(-71.5000008940697,-11.5,72.5));
#10516=CARTESIAN_POINT('',(-71.5000008940697,-11.5,62.5));
#10517=CARTESIAN_POINT('',(-71.5000008940697,-11.5,72.5));
#10518=CARTESIAN_POINT('Origin',(-71.5000008940697,11.5,62.5));
#10519=CARTESIAN_POINT('',(-71.5000008940697,11.5,62.5));
#10520=CARTESIAN_POINT('',(-71.5000008940697,11.5,72.5));
#10521=CARTESIAN_POINT('Origin',(-60.0000008940697,0.,72.5));
#10522=CARTESIAN_POINT('Origin',(-60.0000008940697,0.,62.5));
#10523=CARTESIAN_POINT('Origin',(-75.0679534580464,34.6478195027746,0.));
#10524=CARTESIAN_POINT('',(-75.6922174169976,31.1084449427754,0.));
#10525=CARTESIAN_POINT('',(-79.0964397204926,36.8739279615867,0.));
#10526=CARTESIAN_POINT('',(-75.6922174169976,31.1084449427754,0.));
#10527=CARTESIAN_POINT('',(-74.7909392776979,39.4161053623781,0.));
#10528=CARTESIAN_POINT('',(-92.0734457551416,29.2116708303796,0.));
#10529=CARTESIAN_POINT('',(-71.3867169742029,33.6506223435668,0.));
#10530=CARTESIAN_POINT('',(-71.3867169742029,33.6506223435668,0.));
#10531=CARTESIAN_POINT('Origin',(-73.5394671956003,32.3795336431711,0.));
#10532=CARTESIAN_POINT('',(-76.6,35.,0.));
#10533=CARTESIAN_POINT('Origin',(-75.,35.,0.));
#10534=CARTESIAN_POINT('Origin',(-75.0679534580464,34.6478195027746,10.));
#10535=CARTESIAN_POINT('',(-79.0964397204926,36.8739279615867,10.));
#10536=CARTESIAN_POINT('',(-75.6922174169976,31.1084449427754,10.));
#10537=CARTESIAN_POINT('',(-75.6922174169976,31.1084449427754,10.));
#10538=CARTESIAN_POINT('',(-71.3867169742029,33.6506223435668,10.));
#10539=CARTESIAN_POINT('Origin',(-73.5394671956003,32.3795336431711,10.));
#10540=CARTESIAN_POINT('',(-74.7909392776979,39.4161053623781,10.));
#10541=CARTESIAN_POINT('',(-71.3867169742029,33.6506223435668,10.));
#10542=CARTESIAN_POINT('',(-92.0734457551416,29.2116708303796,10.));
#10543=CARTESIAN_POINT('',(-76.6,35.,10.));
#10544=CARTESIAN_POINT('Origin',(-75.,35.,10.));
#10545=CARTESIAN_POINT('Origin',(-79.0964397204926,36.8739279615867,0.));
#10546=CARTESIAN_POINT('',(-75.6922174169976,31.1084449427754,0.));
#10547=CARTESIAN_POINT('',(-79.0964397204914,36.8739279615874,0.));
#10548=CARTESIAN_POINT('Origin',(-73.5394671956003,32.3795336431711,0.));
#10549=CARTESIAN_POINT('',(-71.3867169742029,33.6506223435668,0.));
#10550=CARTESIAN_POINT('Origin',(-71.3867169742029,33.6506223435668,0.));
#10551=CARTESIAN_POINT('',(-74.7909392776979,39.4161053623781,0.));
#10552=CARTESIAN_POINT('Origin',(-74.7909392776979,39.4161053623781,0.));
#10553=CARTESIAN_POINT('Origin',(-75.,35.,0.));
#10554=CARTESIAN_POINT('',(-76.6,35.,0.));
#10555=CARTESIAN_POINT('Origin',(22.018755427021,0.145,97.5));
#10556=CARTESIAN_POINT('',(47.518755427021,20.29,97.5));
#10557=CARTESIAN_POINT('',(46.518755427021,21.29,97.5));
#10558=CARTESIAN_POINT('Origin',(46.518755427021,20.29,97.5));
#10559=CARTESIAN_POINT('',(47.518755427021,-20.,97.5));
#10560=CARTESIAN_POINT('',(47.518755427021,-9.9275,97.5));
#10561=CARTESIAN_POINT('',(46.518755427021,-21.,97.5));
#10562=CARTESIAN_POINT('Origin',(46.518755427021,-20.,97.5));
#10563=CARTESIAN_POINT('',(22.8752090829758,-21.,97.5));
#10564=CARTESIAN_POINT('',(22.4469822549984,-21.,97.5));
#10565=CARTESIAN_POINT('',(20.3247922581287,-21.,97.5));
#10566=CARTESIAN_POINT('Origin',(21.6000006705523,-21.4431066518167,97.5));
#10567=CARTESIAN_POINT('',(-2.48124457297896,-21.,97.5));
#10568=CARTESIAN_POINT('',(9.76875542702103,-21.,97.5));
#10569=CARTESIAN_POINT('',(-3.48124457297897,-20.,97.5));
#10570=CARTESIAN_POINT('Origin',(-2.48124457297897,-20.,97.5));
#10571=CARTESIAN_POINT('',(-3.48124457297898,20.29,97.5));
#10572=CARTESIAN_POINT('',(-3.48124457297897,10.2175,97.5));
#10573=CARTESIAN_POINT('',(-2.48124457297897,21.29,97.5));
#10574=CARTESIAN_POINT('Origin',(-2.48124457297897,20.29,97.5));
#10575=CARTESIAN_POINT('',(34.268755427021,21.29,97.5));
#10576=CARTESIAN_POINT('',(46.3500006705522,10.5568933481833,97.5));
#10577=CARTESIAN_POINT('Origin',(45.0000006705523,10.5568933481833,97.5));
#10578=CARTESIAN_POINT('',(-1.00891666510427,-6.00000008940697,97.5));
#10579=CARTESIAN_POINT('Origin',(-2.00000002980232,-6.00000008940697,97.5));
#10580=CARTESIAN_POINT('',(-0.449999329447746,10.5568933481833,97.5));
#10581=CARTESIAN_POINT('Origin',(-1.79999932944774,10.5568933481833,97.5));
#10582=CARTESIAN_POINT('Origin',(21.6000006705523,-21.4431066518167,62.5));
#10583=CARTESIAN_POINT('',(22.8752090829758,-21.,100.));
#10584=CARTESIAN_POINT('',(22.8752090829758,-21.,62.5));
#10585=CARTESIAN_POINT('',(20.3247922581287,-21.,100.));
#10586=CARTESIAN_POINT('Origin',(21.6000006705523,-21.4431066518167,100.));
#10587=CARTESIAN_POINT('',(20.3247922581287,-21.,62.5));
#10588=CARTESIAN_POINT('Origin',(22.8752090829758,-21.,62.5));
#10589=CARTESIAN_POINT('',(46.518755427021,-21.,100.));
#10590=CARTESIAN_POINT('',(46.518755427021,-21.,62.5));
#10591=CARTESIAN_POINT('',(46.518755427021,-21.,100.));
#10592=CARTESIAN_POINT('Origin',(46.518755427021,-20.,62.5));
#10593=CARTESIAN_POINT('',(47.518755427021,-20.,100.));
#10594=CARTESIAN_POINT('',(47.518755427021,-20.,62.5));
#10595=CARTESIAN_POINT('Origin',(46.518755427021,-20.,100.));
#10596=CARTESIAN_POINT('Origin',(47.518755427021,-20.,62.5));
#10597=CARTESIAN_POINT('',(47.518755427021,20.29,100.));
#10598=CARTESIAN_POINT('',(47.518755427021,20.29,62.5));
#10599=CARTESIAN_POINT('',(47.518755427021,20.29,100.));
#10600=CARTESIAN_POINT('Origin',(46.518755427021,20.29,62.5));
#10601=CARTESIAN_POINT('',(46.518755427021,21.29,100.));
#10602=CARTESIAN_POINT('',(46.518755427021,21.29,62.5));
#10603=CARTESIAN_POINT('Origin',(46.518755427021,20.29,100.));
#10604=CARTESIAN_POINT('Origin',(-2.00000002980232,-6.00000008940697,62.5));
#10605=CARTESIAN_POINT('',(-1.00891666510427,-6.00000008940697,100.));
#10606=CARTESIAN_POINT('Origin',(-2.00000002980232,-6.00000008940697,100.));
#10607=CARTESIAN_POINT('',(-1.00891666510427,-6.00000008940697,62.5));
#10608=CARTESIAN_POINT('Origin',(45.0000006705523,10.5568933481833,62.5));
#10609=CARTESIAN_POINT('',(46.3500006705522,10.5568933481833,100.));
#10610=CARTESIAN_POINT('Origin',(45.0000006705523,10.5568933481833,100.));
#10611=CARTESIAN_POINT('',(46.3500006705522,10.5568933481833,62.5));
#10612=CARTESIAN_POINT('Origin',(-1.79999932944774,10.5568933481833,62.5));
#10613=CARTESIAN_POINT('',(-0.449999329447743,10.5568933481833,100.));
#10614=CARTESIAN_POINT('Origin',(-1.79999932944774,10.5568933481833,100.));
#10615=CARTESIAN_POINT('',(-0.449999329447743,10.5568933481833,62.5));
#10616=CARTESIAN_POINT('Origin',(-2.48124457297897,-21.,62.5));
#10617=CARTESIAN_POINT('',(-2.48124457297897,-21.,100.));
#10618=CARTESIAN_POINT('',(20.3247922581287,-21.,100.));
#10619=CARTESIAN_POINT('',(-2.48124457297897,-21.,62.5));
#10620=CARTESIAN_POINT('Origin',(-2.48124457297897,-20.,62.5));
#10621=CARTESIAN_POINT('',(-3.48124457297897,-20.,100.));
#10622=CARTESIAN_POINT('Origin',(-2.48124457297897,-20.,100.));
#10623=CARTESIAN_POINT('',(-3.48124457297897,-20.,62.5));
#10624=CARTESIAN_POINT('Origin',(-3.48124457297897,20.29,62.5));
#10625=CARTESIAN_POINT('',(-3.48124457297897,20.29,100.));
#10626=CARTESIAN_POINT('',(-3.48124457297897,-20.,100.));
#10627=CARTESIAN_POINT('',(-3.48124457297897,20.29,62.5));
#10628=CARTESIAN_POINT('Origin',(-2.48124457297897,20.29,62.5));
#10629=CARTESIAN_POINT('',(-2.48124457297897,21.29,100.));
#10630=CARTESIAN_POINT('Origin',(-2.48124457297897,20.29,100.));
#10631=CARTESIAN_POINT('',(-2.48124457297897,21.29,62.5));
#10632=CARTESIAN_POINT('Origin',(46.518755427021,21.29,62.5));
#10633=CARTESIAN_POINT('',(-2.48124457297897,21.29,100.));
#10634=CARTESIAN_POINT('Origin',(22.018755427021,0.145,100.));
#10635=CARTESIAN_POINT('Origin',(22.018755427021,0.145,97.5));
#10636=CARTESIAN_POINT('',(48.518755427021,-23.,97.5));
#10637=CARTESIAN_POINT('',(49.518755427021,-22.,97.5));
#10638=CARTESIAN_POINT('Origin',(48.518755427021,-22.,97.5));
#10639=CARTESIAN_POINT('',(-4.48124457297897,-23.,97.5));
#10640=CARTESIAN_POINT('',(8.76875542702103,-23.,97.5));
#10641=CARTESIAN_POINT('',(-5.48124457297897,-22.,97.5));
#10642=CARTESIAN_POINT('Origin',(-4.48124457297897,-22.,97.5));
#10643=CARTESIAN_POINT('',(-5.48124457297897,22.29,97.5));
#10644=CARTESIAN_POINT('',(-5.48124457297897,11.2175,97.5));
#10645=CARTESIAN_POINT('',(-4.48124457297896,23.29,97.5));
#10646=CARTESIAN_POINT('Origin',(-4.48124457297897,22.29,97.5));
#10647=CARTESIAN_POINT('',(48.518755427021,23.29,97.5));
#10648=CARTESIAN_POINT('',(35.268755427021,23.29,97.5));
#10649=CARTESIAN_POINT('',(49.518755427021,22.29,97.5));
#10650=CARTESIAN_POINT('Origin',(48.518755427021,22.29,97.5));
#10651=CARTESIAN_POINT('',(49.518755427021,-10.9275,97.5));
#10652=CARTESIAN_POINT('',(46.518755427021,21.29,97.5));
#10653=CARTESIAN_POINT('',(47.518755427021,20.29,97.5));
#10654=CARTESIAN_POINT('Origin',(46.518755427021,20.29,97.5));
#10655=CARTESIAN_POINT('',(-2.48124457297897,21.29,97.5));
#10656=CARTESIAN_POINT('',(9.76875542702103,21.29,97.5));
#10657=CARTESIAN_POINT('',(-3.48124457297898,20.29,97.5));
#10658=CARTESIAN_POINT('Origin',(-2.48124457297897,20.29,97.5));
#10659=CARTESIAN_POINT('',(-3.48124457297897,-20.,97.5));
#10660=CARTESIAN_POINT('',(-3.48124457297897,-9.9275,97.5));
#10661=CARTESIAN_POINT('',(-2.48124457297896,-21.,97.5));
#10662=CARTESIAN_POINT('Origin',(-2.48124457297897,-20.,97.5));
#10663=CARTESIAN_POINT('',(20.3247922581287,-21.,97.5));
#10664=CARTESIAN_POINT('',(21.1717738425749,-21.,97.5));
#10665=CARTESIAN_POINT('',(22.8752090829758,-21.,97.5));
#10666=CARTESIAN_POINT('Origin',(21.6000006705523,-21.4431066518167,97.5));
#10667=CARTESIAN_POINT('',(46.518755427021,-21.,97.5));
#10668=CARTESIAN_POINT('',(34.268755427021,-21.,97.5));
#10669=CARTESIAN_POINT('',(47.518755427021,-20.,97.5));
#10670=CARTESIAN_POINT('Origin',(46.518755427021,-20.,97.5));
#10671=CARTESIAN_POINT('',(47.518755427021,10.2175,97.5));
#10672=CARTESIAN_POINT('Origin',(-2.48124457297897,-20.,62.5));
#10673=CARTESIAN_POINT('',(-3.48124457297897,-20.,100.));
#10674=CARTESIAN_POINT('',(-3.48124457297897,-20.,62.5));
#10675=CARTESIAN_POINT('',(-2.48124457297896,-21.,100.));
#10676=CARTESIAN_POINT('Origin',(-2.48124457297897,-20.,100.));
#10677=CARTESIAN_POINT('',(-2.48124457297897,-21.,62.5));
#10678=CARTESIAN_POINT('Origin',(-3.48124457297897,-20.,62.5));
#10679=CARTESIAN_POINT('',(-3.48124457297898,20.29,100.));
#10680=CARTESIAN_POINT('',(-3.48124457297897,20.29,62.5));
#10681=CARTESIAN_POINT('',(-3.48124457297897,-20.,100.));
#10682=CARTESIAN_POINT('Origin',(-2.48124457297897,20.29,62.5));
#10683=CARTESIAN_POINT('',(-2.48124457297897,21.29,100.));
#10684=CARTESIAN_POINT('',(-2.48124457297897,21.29,62.5));
#10685=CARTESIAN_POINT('Origin',(-2.48124457297897,20.29,100.));
#10686=CARTESIAN_POINT('Origin',(-2.48124457297897,21.29,62.5));
#10687=CARTESIAN_POINT('',(46.518755427021,21.29,100.));
#10688=CARTESIAN_POINT('',(46.518755427021,21.29,62.5));
#10689=CARTESIAN_POINT('',(-2.48124457297897,21.29,100.));
#10690=CARTESIAN_POINT('Origin',(46.518755427021,20.29,62.5));
#10691=CARTESIAN_POINT('',(47.518755427021,20.29,100.));
#10692=CARTESIAN_POINT('',(47.518755427021,20.29,62.5));
#10693=CARTESIAN_POINT('Origin',(46.518755427021,20.29,100.));
#10694=CARTESIAN_POINT('Origin',(-5.48124457297897,22.29,62.5));
#10695=CARTESIAN_POINT('',(-5.48124457297897,-22.,100.));
#10696=CARTESIAN_POINT('',(-5.48124457297897,-22.,62.5));
#10697=CARTESIAN_POINT('',(-5.48124457297897,22.29,100.));
#10698=CARTESIAN_POINT('',(-5.48124457297897,-22.,100.));
#10699=CARTESIAN_POINT('',(-5.48124457297897,22.29,62.5));
#10700=CARTESIAN_POINT('Origin',(-4.48124457297897,-22.,62.5));
#10701=CARTESIAN_POINT('',(-4.48124457297897,-23.,100.));
#10702=CARTESIAN_POINT('',(-4.48124457297897,-23.,62.5));
#10703=CARTESIAN_POINT('Origin',(-4.48124457297897,-22.,100.));
#10704=CARTESIAN_POINT('Origin',(-4.48124457297897,-23.,62.5));
#10705=CARTESIAN_POINT('',(48.518755427021,-23.,100.));
#10706=CARTESIAN_POINT('',(48.518755427021,-23.,62.5));
#10707=CARTESIAN_POINT('',(48.518755427021,-23.,100.));
#10708=CARTESIAN_POINT('Origin',(48.518755427021,-22.,62.5));
#10709=CARTESIAN_POINT('',(49.518755427021,-22.,100.));
#10710=CARTESIAN_POINT('',(49.518755427021,-22.,62.5));
#10711=CARTESIAN_POINT('Origin',(48.518755427021,-22.,100.));
#10712=CARTESIAN_POINT('Origin',(20.3247922581287,-21.,62.5));
#10713=CARTESIAN_POINT('',(20.3247922581287,-21.,100.));
#10714=CARTESIAN_POINT('',(20.3247922581287,-21.,100.));
#10715=CARTESIAN_POINT('',(20.3247922581287,-21.,62.5));
#10716=CARTESIAN_POINT('Origin',(21.6000006705523,-21.4431066518167,62.5));
#10717=CARTESIAN_POINT('',(22.8752090829758,-21.,100.));
#10718=CARTESIAN_POINT('Origin',(21.6000006705523,-21.4431066518167,100.));
#10719=CARTESIAN_POINT('',(22.8752090829758,-21.,62.5));
#10720=CARTESIAN_POINT('Origin',(46.518755427021,-21.,62.5));
#10721=CARTESIAN_POINT('',(46.518755427021,-21.,100.));
#10722=CARTESIAN_POINT('',(46.518755427021,-21.,100.));
#10723=CARTESIAN_POINT('',(46.518755427021,-21.,62.5));
#10724=CARTESIAN_POINT('Origin',(46.518755427021,-20.,62.5));
#10725=CARTESIAN_POINT('',(47.518755427021,-20.,100.));
#10726=CARTESIAN_POINT('Origin',(46.518755427021,-20.,100.));
#10727=CARTESIAN_POINT('',(47.518755427021,-20.,62.5));
#10728=CARTESIAN_POINT('Origin',(47.518755427021,20.29,62.5));
#10729=CARTESIAN_POINT('',(47.518755427021,20.29,100.));
#10730=CARTESIAN_POINT('Origin',(-4.48124457297897,22.29,62.5));
#10731=CARTESIAN_POINT('',(-4.48124457297896,23.29,100.));
#10732=CARTESIAN_POINT('Origin',(-4.48124457297897,22.29,100.));
#10733=CARTESIAN_POINT('',(-4.48124457297897,23.29,62.5));
#10734=CARTESIAN_POINT('Origin',(48.518755427021,23.29,62.5));
#10735=CARTESIAN_POINT('',(48.518755427021,23.29,100.));
#10736=CARTESIAN_POINT('',(-4.48124457297897,23.29,100.));
#10737=CARTESIAN_POINT('',(48.518755427021,23.29,62.5));
#10738=CARTESIAN_POINT('Origin',(48.518755427021,22.29,62.5));
#10739=CARTESIAN_POINT('',(49.518755427021,22.29,100.));
#10740=CARTESIAN_POINT('Origin',(48.518755427021,22.29,100.));
#10741=CARTESIAN_POINT('',(49.518755427021,22.29,62.5));
#10742=CARTESIAN_POINT('Origin',(49.518755427021,-22.,62.5));
#10743=CARTESIAN_POINT('',(49.518755427021,22.29,100.));
#10744=CARTESIAN_POINT('Origin',(22.018755427021,0.145,100.));
#10745=CARTESIAN_POINT('Origin',(-2.48124457297897,21.29,62.5));
#10746=CARTESIAN_POINT('',(-2.48124457297897,21.29,62.5));
#10747=CARTESIAN_POINT('',(46.518755427021,21.29,62.5));
#10748=CARTESIAN_POINT('',(-2.48124457297897,21.29,62.5));
#10749=CARTESIAN_POINT('',(46.518755427021,21.29,83.5));
#10750=CARTESIAN_POINT('',(46.518755427021,21.29,62.5));
#10751=CARTESIAN_POINT('',(-2.48124457297897,21.29,83.5));
#10752=CARTESIAN_POINT('',(-2.48124457297897,21.29,83.5));
#10753=CARTESIAN_POINT('',(-2.48124457297897,21.29,62.5));
#10754=CARTESIAN_POINT('Origin',(-2.48124457297897,20.29,62.5));
#10755=CARTESIAN_POINT('',(-3.48124457297897,20.29,62.5));
#10756=CARTESIAN_POINT('Origin',(-2.48124457297897,20.29,62.5));
#10757=CARTESIAN_POINT('',(-3.48124457297898,20.29,83.5));
#10758=CARTESIAN_POINT('Origin',(-2.48124457297897,20.29,83.5));
#10759=CARTESIAN_POINT('',(-3.48124457297897,20.29,62.5));
#10760=CARTESIAN_POINT('Origin',(-3.48124457297897,-20.,62.5));
#10761=CARTESIAN_POINT('',(-3.48124457297897,-20.,62.5));
#10762=CARTESIAN_POINT('',(-3.48124457297897,-20.,62.5));
#10763=CARTESIAN_POINT('',(-3.48124457297897,-20.,83.5));
#10764=CARTESIAN_POINT('',(-3.48124457297897,-20.,83.5));
#10765=CARTESIAN_POINT('',(-3.48124457297897,-20.,62.5));
#10766=CARTESIAN_POINT('Origin',(-2.48124457297897,-20.,62.5));
#10767=CARTESIAN_POINT('',(-2.48124457297897,-21.,62.5));
#10768=CARTESIAN_POINT('Origin',(-2.48124457297897,-20.,62.5));
#10769=CARTESIAN_POINT('',(-2.48124457297896,-21.,83.5));
#10770=CARTESIAN_POINT('Origin',(-2.48124457297897,-20.,83.5));
#10771=CARTESIAN_POINT('',(-2.48124457297897,-21.,62.5));
#10772=CARTESIAN_POINT('Origin',(20.3247922581287,-21.,62.5));
#10773=CARTESIAN_POINT('',(20.3247922581287,-21.,62.5));
#10774=CARTESIAN_POINT('',(20.3247922581287,-21.,62.5));
#10775=CARTESIAN_POINT('',(20.3247922581287,-21.,83.5));
#10776=CARTESIAN_POINT('',(20.3247922581287,-21.,83.5));
#10777=CARTESIAN_POINT('',(20.3247922581287,-21.,62.5));
#10778=CARTESIAN_POINT('Origin',(21.6000006705523,-21.4431066518167,62.5));
#10779=CARTESIAN_POINT('',(22.8752090829758,-21.,62.5));
#10780=CARTESIAN_POINT('Origin',(21.6000006705523,-21.4431066518167,62.5));
#10781=CARTESIAN_POINT('',(22.8752090829758,-21.,83.5));
#10782=CARTESIAN_POINT('Origin',(21.6000006705523,-21.4431066518167,83.5));
#10783=CARTESIAN_POINT('',(22.8752090829758,-21.,62.5));
#10784=CARTESIAN_POINT('Origin',(46.518755427021,-21.,62.5));
#10785=CARTESIAN_POINT('',(46.518755427021,-21.,62.5));
#10786=CARTESIAN_POINT('',(46.518755427021,-21.,62.5));
#10787=CARTESIAN_POINT('',(46.518755427021,-21.,83.5));
#10788=CARTESIAN_POINT('',(46.518755427021,-21.,83.5));
#10789=CARTESIAN_POINT('',(46.518755427021,-21.,62.5));
#10790=CARTESIAN_POINT('Origin',(46.518755427021,-20.,62.5));
#10791=CARTESIAN_POINT('',(47.518755427021,-20.,62.5));
#10792=CARTESIAN_POINT('Origin',(46.518755427021,-20.,62.5));
#10793=CARTESIAN_POINT('',(47.518755427021,-20.,83.5));
#10794=CARTESIAN_POINT('Origin',(46.518755427021,-20.,83.5));
#10795=CARTESIAN_POINT('',(47.518755427021,-20.,62.5));
#10796=CARTESIAN_POINT('Origin',(47.518755427021,20.29,62.5));
#10797=CARTESIAN_POINT('',(47.518755427021,20.29,62.5));
#10798=CARTESIAN_POINT('',(47.518755427021,20.29,62.5));
#10799=CARTESIAN_POINT('',(47.518755427021,20.29,83.5));
#10800=CARTESIAN_POINT('',(47.518755427021,20.29,83.5));
#10801=CARTESIAN_POINT('',(47.518755427021,20.29,62.5));
#10802=CARTESIAN_POINT('Origin',(46.518755427021,20.29,62.5));
#10803=CARTESIAN_POINT('Origin',(46.518755427021,20.29,62.5));
#10804=CARTESIAN_POINT('Origin',(46.518755427021,20.29,83.5));
#10805=CARTESIAN_POINT('Origin',(-4.48124457297897,-23.,62.5));
#10806=CARTESIAN_POINT('',(48.518755427021,-23.,62.5));
#10807=CARTESIAN_POINT('',(-4.48124457297897,-23.,62.5));
#10808=CARTESIAN_POINT('',(48.518755427021,-23.,62.5));
#10809=CARTESIAN_POINT('',(48.518755427021,-23.,83.5));
#10810=CARTESIAN_POINT('',(48.518755427021,-23.,62.5));
#10811=CARTESIAN_POINT('',(-4.48124457297897,-23.,83.5));
#10812=CARTESIAN_POINT('',(48.518755427021,-23.,83.5));
#10813=CARTESIAN_POINT('',(-4.48124457297897,-23.,62.5));
#10814=CARTESIAN_POINT('Origin',(-4.48124457297897,-22.,62.5));
#10815=CARTESIAN_POINT('',(-5.48124457297897,-22.,62.5));
#10816=CARTESIAN_POINT('Origin',(-4.48124457297897,-22.,62.5));
#10817=CARTESIAN_POINT('',(-5.48124457297897,-22.,83.5));
#10818=CARTESIAN_POINT('Origin',(-4.48124457297897,-22.,83.5));
#10819=CARTESIAN_POINT('',(-5.48124457297897,-22.,62.5));
#10820=CARTESIAN_POINT('Origin',(-5.48124457297897,22.29,62.5));
#10821=CARTESIAN_POINT('',(-5.48124457297897,22.29,62.5));
#10822=CARTESIAN_POINT('',(-5.48124457297897,-22.,62.5));
#10823=CARTESIAN_POINT('',(-5.48124457297897,22.29,83.5));
#10824=CARTESIAN_POINT('',(-5.48124457297897,-22.,83.5));
#10825=CARTESIAN_POINT('',(-5.48124457297897,22.29,62.5));
#10826=CARTESIAN_POINT('Origin',(-4.48124457297897,22.29,62.5));
#10827=CARTESIAN_POINT('',(-4.48124457297897,23.29,62.5));
#10828=CARTESIAN_POINT('Origin',(-4.48124457297897,22.29,62.5));
#10829=CARTESIAN_POINT('',(-4.48124457297896,23.29,83.5));
#10830=CARTESIAN_POINT('Origin',(-4.48124457297897,22.29,83.5));
#10831=CARTESIAN_POINT('',(-4.48124457297897,23.29,62.5));
#10832=CARTESIAN_POINT('Origin',(48.518755427021,23.29,62.5));
#10833=CARTESIAN_POINT('',(48.518755427021,23.29,62.5));
#10834=CARTESIAN_POINT('',(-4.48124457297897,23.29,62.5));
#10835=CARTESIAN_POINT('',(48.518755427021,23.29,83.5));
#10836=CARTESIAN_POINT('',(-4.48124457297897,23.29,83.5));
#10837=CARTESIAN_POINT('',(48.518755427021,23.29,62.5));
#10838=CARTESIAN_POINT('Origin',(48.518755427021,22.29,62.5));
#10839=CARTESIAN_POINT('',(49.518755427021,22.29,62.5));
#10840=CARTESIAN_POINT('Origin',(48.518755427021,22.29,62.5));
#10841=CARTESIAN_POINT('',(49.518755427021,22.29,83.5));
#10842=CARTESIAN_POINT('Origin',(48.518755427021,22.29,83.5));
#10843=CARTESIAN_POINT('',(49.518755427021,22.29,62.5));
#10844=CARTESIAN_POINT('Origin',(49.518755427021,-22.,62.5));
#10845=CARTESIAN_POINT('',(49.518755427021,-22.,62.5));
#10846=CARTESIAN_POINT('',(49.518755427021,22.29,62.5));
#10847=CARTESIAN_POINT('',(49.518755427021,-22.,83.5));
#10848=CARTESIAN_POINT('',(49.518755427021,22.29,83.5));
#10849=CARTESIAN_POINT('',(49.518755427021,-22.,62.5));
#10850=CARTESIAN_POINT('Origin',(48.518755427021,-22.,62.5));
#10851=CARTESIAN_POINT('Origin',(48.518755427021,-22.,62.5));
#10852=CARTESIAN_POINT('Origin',(48.518755427021,-22.,83.5));
#10853=CARTESIAN_POINT('Origin',(22.018755427021,0.145,83.5));
#10854=CARTESIAN_POINT('Origin',(22.018755427021,0.145,62.5));
#10855=CARTESIAN_POINT('Origin',(-2.48124457297897,21.29,62.5));
#10856=CARTESIAN_POINT('',(-2.48124457297897,21.29,62.5));
#10857=CARTESIAN_POINT('',(46.518755427021,21.29,62.5));
#10858=CARTESIAN_POINT('',(-2.48124457297897,21.29,62.5));
#10859=CARTESIAN_POINT('',(46.518755427021,21.29,84.5));
#10860=CARTESIAN_POINT('',(46.518755427021,21.29,62.5));
#10861=CARTESIAN_POINT('',(-2.48124457297897,21.29,84.5));
#10862=CARTESIAN_POINT('',(-2.48124457297897,21.29,84.5));
#10863=CARTESIAN_POINT('',(-2.48124457297897,21.29,62.5));
#10864=CARTESIAN_POINT('Origin',(-2.48124457297897,20.29,62.5));
#10865=CARTESIAN_POINT('',(-3.48124457297897,20.29,62.5));
#10866=CARTESIAN_POINT('Origin',(-2.48124457297897,20.29,62.5));
#10867=CARTESIAN_POINT('',(-3.48124457297898,20.29,84.5));
#10868=CARTESIAN_POINT('Origin',(-2.48124457297897,20.29,84.5));
#10869=CARTESIAN_POINT('',(-3.48124457297897,20.29,62.5));
#10870=CARTESIAN_POINT('Origin',(-3.48124457297897,-20.,62.5));
#10871=CARTESIAN_POINT('',(-3.48124457297897,-20.,62.5));
#10872=CARTESIAN_POINT('',(-3.48124457297897,-20.,62.5));
#10873=CARTESIAN_POINT('',(-3.48124457297897,-20.,84.5));
#10874=CARTESIAN_POINT('',(-3.48124457297897,-20.,84.5));
#10875=CARTESIAN_POINT('',(-3.48124457297897,-20.,62.5));
#10876=CARTESIAN_POINT('Origin',(-2.48124457297897,-20.,62.5));
#10877=CARTESIAN_POINT('',(-2.48124457297897,-21.,62.5));
#10878=CARTESIAN_POINT('Origin',(-2.48124457297897,-20.,62.5));
#10879=CARTESIAN_POINT('',(-2.48124457297896,-21.,84.5));
#10880=CARTESIAN_POINT('Origin',(-2.48124457297897,-20.,84.5));
#10881=CARTESIAN_POINT('',(-2.48124457297897,-21.,62.5));
#10882=CARTESIAN_POINT('Origin',(20.3247922581287,-21.,62.5));
#10883=CARTESIAN_POINT('',(20.3247922581287,-21.,62.5));
#10884=CARTESIAN_POINT('',(20.3247922581287,-21.,62.5));
#10885=CARTESIAN_POINT('',(20.3247922581287,-21.,84.5));
#10886=CARTESIAN_POINT('',(20.3247922581287,-21.,84.5));
#10887=CARTESIAN_POINT('',(20.3247922581287,-21.,62.5));
#10888=CARTESIAN_POINT('Origin',(21.6000006705523,-21.4431066518167,62.5));
#10889=CARTESIAN_POINT('',(22.8752090829758,-21.,62.5));
#10890=CARTESIAN_POINT('Origin',(21.6000006705523,-21.4431066518167,62.5));
#10891=CARTESIAN_POINT('',(22.8752090829758,-21.,84.5));
#10892=CARTESIAN_POINT('Origin',(21.6000006705523,-21.4431066518167,84.5));
#10893=CARTESIAN_POINT('',(22.8752090829758,-21.,62.5));
#10894=CARTESIAN_POINT('Origin',(46.518755427021,-21.,62.5));
#10895=CARTESIAN_POINT('',(46.518755427021,-21.,62.5));
#10896=CARTESIAN_POINT('',(46.518755427021,-21.,62.5));
#10897=CARTESIAN_POINT('',(46.518755427021,-21.,84.5));
#10898=CARTESIAN_POINT('',(46.518755427021,-21.,84.5));
#10899=CARTESIAN_POINT('',(46.518755427021,-21.,62.5));
#10900=CARTESIAN_POINT('Origin',(46.518755427021,-20.,62.5));
#10901=CARTESIAN_POINT('',(47.518755427021,-20.,62.5));
#10902=CARTESIAN_POINT('Origin',(46.518755427021,-20.,62.5));
#10903=CARTESIAN_POINT('',(47.518755427021,-20.,84.5));
#10904=CARTESIAN_POINT('Origin',(46.518755427021,-20.,84.5));
#10905=CARTESIAN_POINT('',(47.518755427021,-20.,62.5));
#10906=CARTESIAN_POINT('Origin',(47.518755427021,20.29,62.5));
#10907=CARTESIAN_POINT('',(47.518755427021,20.29,62.5));
#10908=CARTESIAN_POINT('',(47.518755427021,20.29,62.5));
#10909=CARTESIAN_POINT('',(47.518755427021,20.29,84.5));
#10910=CARTESIAN_POINT('',(47.518755427021,20.29,84.5));
#10911=CARTESIAN_POINT('',(47.518755427021,20.29,62.5));
#10912=CARTESIAN_POINT('Origin',(46.518755427021,20.29,62.5));
#10913=CARTESIAN_POINT('Origin',(46.518755427021,20.29,62.5));
#10914=CARTESIAN_POINT('Origin',(46.518755427021,20.29,84.5));
#10915=CARTESIAN_POINT('Origin',(-4.48124457297897,-23.,62.5));
#10916=CARTESIAN_POINT('',(48.518755427021,-23.,62.5));
#10917=CARTESIAN_POINT('',(-4.48124457297897,-23.,62.5));
#10918=CARTESIAN_POINT('',(48.518755427021,-23.,62.5));
#10919=CARTESIAN_POINT('',(48.518755427021,-23.,84.5));
#10920=CARTESIAN_POINT('',(48.518755427021,-23.,62.5));
#10921=CARTESIAN_POINT('',(-4.48124457297897,-23.,84.5));
#10922=CARTESIAN_POINT('',(48.518755427021,-23.,84.5));
#10923=CARTESIAN_POINT('',(-4.48124457297897,-23.,62.5));
#10924=CARTESIAN_POINT('Origin',(-4.48124457297897,-22.,62.5));
#10925=CARTESIAN_POINT('',(-5.48124457297897,-22.,62.5));
#10926=CARTESIAN_POINT('Origin',(-4.48124457297897,-22.,62.5));
#10927=CARTESIAN_POINT('',(-5.48124457297897,-22.,84.5));
#10928=CARTESIAN_POINT('Origin',(-4.48124457297897,-22.,84.5));
#10929=CARTESIAN_POINT('',(-5.48124457297897,-22.,62.5));
#10930=CARTESIAN_POINT('Origin',(-5.48124457297897,22.29,62.5));
#10931=CARTESIAN_POINT('',(-5.48124457297897,22.29,62.5));
#10932=CARTESIAN_POINT('',(-5.48124457297897,-22.,62.5));
#10933=CARTESIAN_POINT('',(-5.48124457297897,22.29,84.5));
#10934=CARTESIAN_POINT('',(-5.48124457297897,-22.,84.5));
#10935=CARTESIAN_POINT('',(-5.48124457297897,22.29,62.5));
#10936=CARTESIAN_POINT('Origin',(-4.48124457297897,22.29,62.5));
#10937=CARTESIAN_POINT('',(-4.48124457297897,23.29,62.5));
#10938=CARTESIAN_POINT('Origin',(-4.48124457297897,22.29,62.5));
#10939=CARTESIAN_POINT('',(-4.48124457297896,23.29,84.5));
#10940=CARTESIAN_POINT('Origin',(-4.48124457297897,22.29,84.5));
#10941=CARTESIAN_POINT('',(-4.48124457297897,23.29,62.5));
#10942=CARTESIAN_POINT('Origin',(48.518755427021,23.29,62.5));
#10943=CARTESIAN_POINT('',(48.518755427021,23.29,62.5));
#10944=CARTESIAN_POINT('',(-4.48124457297897,23.29,62.5));
#10945=CARTESIAN_POINT('',(48.518755427021,23.29,84.5));
#10946=CARTESIAN_POINT('',(-4.48124457297897,23.29,84.5));
#10947=CARTESIAN_POINT('',(48.518755427021,23.29,62.5));
#10948=CARTESIAN_POINT('Origin',(48.518755427021,22.29,62.5));
#10949=CARTESIAN_POINT('',(49.518755427021,22.29,62.5));
#10950=CARTESIAN_POINT('Origin',(48.518755427021,22.29,62.5));
#10951=CARTESIAN_POINT('',(49.518755427021,22.29,84.5));
#10952=CARTESIAN_POINT('Origin',(48.518755427021,22.29,84.5));
#10953=CARTESIAN_POINT('',(49.518755427021,22.29,62.5));
#10954=CARTESIAN_POINT('Origin',(49.518755427021,-22.,62.5));
#10955=CARTESIAN_POINT('',(49.518755427021,-22.,62.5));
#10956=CARTESIAN_POINT('',(49.518755427021,22.29,62.5));
#10957=CARTESIAN_POINT('',(49.518755427021,-22.,84.5));
#10958=CARTESIAN_POINT('',(49.518755427021,22.29,84.5));
#10959=CARTESIAN_POINT('',(49.518755427021,-22.,62.5));
#10960=CARTESIAN_POINT('Origin',(48.518755427021,-22.,62.5));
#10961=CARTESIAN_POINT('Origin',(48.518755427021,-22.,62.5));
#10962=CARTESIAN_POINT('Origin',(48.518755427021,-22.,84.5));
#10963=CARTESIAN_POINT('Origin',(22.018755427021,0.145,84.5));
#10964=CARTESIAN_POINT('Origin',(22.018755427021,0.145,62.5));
#10965=UNCERTAINTY_MEASURE_WITH_UNIT(LENGTH_MEASURE(0.01),#10969,
'DISTANCE_ACCURACY_VALUE',
'Maximum model space distance between geometric entities at asserted c
onnectivities');
#10966=UNCERTAINTY_MEASURE_WITH_UNIT(LENGTH_MEASURE(0.01),#10969,
'DISTANCE_ACCURACY_VALUE',
'Maximum model space distance between geometric entities at asserted c
onnectivities');
#10967=(
GEOMETRIC_REPRESENTATION_CONTEXT(3)
GLOBAL_UNCERTAINTY_ASSIGNED_CONTEXT((#10965))
GLOBAL_UNIT_ASSIGNED_CONTEXT((#10969,#10971,#10972))
REPRESENTATION_CONTEXT('','3D')
);
#10968=(
GEOMETRIC_REPRESENTATION_CONTEXT(3)
GLOBAL_UNCERTAINTY_ASSIGNED_CONTEXT((#10966))
GLOBAL_UNIT_ASSIGNED_CONTEXT((#10969,#10971,#10972))
REPRESENTATION_CONTEXT('','3D')
);
#10969=(
LENGTH_UNIT()
NAMED_UNIT(*)
SI_UNIT(.MILLI.,.METRE.)
);
#10970=(
LENGTH_UNIT()
NAMED_UNIT(*)
SI_UNIT($,.METRE.)
);
#10971=(
NAMED_UNIT(*)
PLANE_ANGLE_UNIT()
SI_UNIT($,.RADIAN.)
);
#10972=(
NAMED_UNIT(*)
SI_UNIT($,.STERADIAN.)
SOLID_ANGLE_UNIT()
);
#10973=SHAPE_DEFINITION_REPRESENTATION(#10974,#10975);
#10974=PRODUCT_DEFINITION_SHAPE('',$,#10977);
#10975=SHAPE_REPRESENTATION('',(#6202),#10967);
#10976=PRODUCT_DEFINITION_CONTEXT('part definition',#10981,'design');
#10977=PRODUCT_DEFINITION('2026-03-28-18-22-14-981',
'Water Resistent cover',#10978,#10976);
#10978=PRODUCT_DEFINITION_FORMATION('',$,#10983);
#10979=PRODUCT_RELATED_PRODUCT_CATEGORY('Water Resistent cover',
'Water Resistent cover',(#10983));
#10980=APPLICATION_PROTOCOL_DEFINITION('international standard',
'automotive_design',2009,#10981);
#10981=APPLICATION_CONTEXT(
'Core Data for Automotive Mechanical Design Process');
#10982=PRODUCT_CONTEXT('part definition',#10981,'mechanical');
#10983=PRODUCT('2026-03-28-18-22-14-981','Water Resistent cover',$,(#10982));
#10984=PRESENTATION_STYLE_ASSIGNMENT((#10985));
#10985=SURFACE_STYLE_USAGE(.BOTH.,#10986);
#10986=SURFACE_SIDE_STYLE('',(#10987));
#10987=SURFACE_STYLE_FILL_AREA(#10988);
#10988=FILL_AREA_STYLE('Steel - Satin',(#10989));
#10989=FILL_AREA_STYLE_COLOUR('Steel - Satin',#10990);
#10990=COLOUR_RGB('Steel - Satin',0.627450980392157,0.627450980392157,0.627450980392157);
ENDSEC;
END-ISO-10303-21;
